"","acc","rmse","f1","auc","sens","spec","fnr","fpr","plr","nlr"
"1",0.833333333333333,0.379300639580893,0.761904761904762,0.905,0.8,0.85,0.2,0.15,5.33333333333333,0.235294117647059
"2",0.766666666666667,0.404477689653052,0.695652173913043,0.806878306878307,0.888888888888889,0.714285714285714,0.111111111111111,0.285714285714286,3.11111111111111,0.155555555555556
"3",0.766666666666667,0.36889587513348,0.695652173913043,0.830687830687831,0.888888888888889,0.714285714285714,0.111111111111111,0.285714285714286,3.11111111111111,0.155555555555556
"4",0.666666666666667,0.491511854288872,0.545454545454545,0.78125,0.428571428571429,0.875,0.571428571428571,0.125,3.42857142857143,0.653061224489796
"5",0.766666666666667,0.378286785702484,0.588235294117647,0.905,0.5,0.9,0.5,0.1,5,0.555555555555556
"6",0.866666666666667,0.339680997624354,0.777777777777778,0.911931818181818,0.875,0.863636363636364,0.125,0.136363636363636,6.41666666666667,0.144736842105263
"7",0.766666666666667,0.333385051635959,0.631578947368421,0.944444444444444,1,0.708333333333333,0,0.291666666666667,3.42857142857143,0
"8",0.766666666666667,0.424523750860527,0.631578947368421,0.87962962962963,0.5,0.944444444444444,0.5,0.0555555555555556,9,0.529411764705882
"9",0.6,0.496961025150754,0.333333333333333,0.703703703703704,0.25,0.833333333333333,0.75,0.166666666666667,1.5,0.9
"10",0.833333333333333,0.439275008429347,0.782608695652174,0.905092592592593,0.75,0.888888888888889,0.25,0.111111111111111,6.75,0.28125
"11",0.8,0.41145204693121,0.7,0.842105263157895,0.636363636363636,0.894736842105263,0.363636363636364,0.105263157894737,6.04545454545455,0.406417112299465
"12",0.8,0.392013128449469,0.666666666666667,0.813664596273292,0.857142857142857,0.782608695652174,0.142857142857143,0.217391304347826,3.94285714285714,0.182539682539683
"13",0.766666666666667,0.439531510826385,0.666666666666667,0.782296650717703,0.636363636363636,0.842105263157895,0.363636363636364,0.157894736842105,4.03030303030303,0.431818181818182
"14",0.866666666666667,0.359538450255646,0.777777777777778,0.863636363636364,0.875,0.863636363636364,0.125,0.136363636363636,6.41666666666667,0.144736842105263
"15",0.766666666666667,0.360516912551219,0.666666666666667,0.903409090909091,0.875,0.727272727272727,0.125,0.272727272727273,3.20833333333333,0.171875
"16",0.733333333333333,0.417856099773782,0.6,0.727513227513227,0.666666666666667,0.761904761904762,0.333333333333333,0.238095238095238,2.8,0.4375
"17",0.833333333333333,0.328855592084738,0.666666666666667,0.878472222222222,0.833333333333333,0.833333333333333,0.166666666666667,0.166666666666667,5,0.2
"18",0.8,0.364749472098671,0.625,0.832298136645963,0.714285714285714,0.826086956521739,0.285714285714286,0.173913043478261,4.10714285714286,0.345864661654135
"19",0.833333333333333,0.392449948583444,0.761904761904762,0.828042328042328,0.888888888888889,0.80952380952381,0.111111111111111,0.19047619047619,4.66666666666667,0.137254901960784
"20",0.7,0.445865816026527,0.526315789473684,0.770334928229665,0.454545454545455,0.842105263157895,0.545454545454545,0.157894736842105,2.87878787878788,0.647727272727273
"21",0.7,0.42524096506092,0.470588235294118,0.7675,0.4,0.85,0.6,0.15,2.66666666666667,0.705882352941177
"22",0.733333333333333,0.461801796283143,0.666666666666667,0.764705882352941,0.615384615384615,0.823529411764706,0.384615384615385,0.176470588235294,3.48717948717949,0.467032967032967
"23",0.833333333333333,0.330783603595719,0.666666666666667,0.861111111111111,0.833333333333333,0.833333333333333,0.166666666666667,0.166666666666667,5,0.2
"24",0.733333333333333,0.434401032102912,0.666666666666667,0.81712962962963,0.666666666666667,0.777777777777778,0.333333333333333,0.222222222222222,3,0.428571428571429
"25",0.8,0.366949191353818,0.666666666666667,0.869565217391304,0.857142857142857,0.782608695652174,0.142857142857143,0.217391304347826,3.94285714285714,0.182539682539683
"26",0.866666666666667,0.375050261223642,0.8,0.894179894179894,0.888888888888889,0.857142857142857,0.111111111111111,0.142857142857143,6.22222222222222,0.12962962962963
"27",0.733333333333333,0.40432320721792,0.636363636363636,0.796296296296296,0.777777777777778,0.714285714285714,0.222222222222222,0.285714285714286,2.72222222222222,0.311111111111111
"28",0.733333333333333,0.374608413630605,0.6,0.832386363636364,0.75,0.727272727272727,0.25,0.272727272727273,2.75,0.34375
"29",0.666666666666667,0.512169501862419,0.545454545454545,0.658730158730159,0.666666666666667,0.666666666666667,0.333333333333333,0.333333333333333,2,0.5
"30",0.8,0.373484445794084,0.727272727272727,0.928571428571429,0.888888888888889,0.761904761904762,0.111111111111111,0.238095238095238,3.73333333333333,0.145833333333333
"31",0.633333333333333,0.50366376396621,0.476190476190476,0.75462962962963,0.416666666666667,0.777777777777778,0.583333333333333,0.222222222222222,1.875,0.75
"32",0.866666666666667,0.380646748354695,0.8,0.878306878306878,0.888888888888889,0.857142857142857,0.111111111111111,0.142857142857143,6.22222222222222,0.12962962962963
"33",0.733333333333333,0.3983942099224,0.555555555555556,0.732954545454546,0.625,0.772727272727273,0.375,0.227272727272727,2.75,0.485294117647059
"34",0.833333333333333,0.382743462268981,0.814814814814815,0.88755980861244,1,0.736842105263158,0,0.263157894736842,3.8,0
"35",0.733333333333333,0.412273836096529,0.555555555555556,0.81055900621118,0.714285714285714,0.739130434782609,0.285714285714286,0.260869565217391,2.73809523809524,0.38655462184874
"36",0.766666666666667,0.359690572755813,0.588235294117647,0.826388888888889,0.833333333333333,0.75,0.166666666666667,0.25,3.33333333333333,0.222222222222222
"37",0.666666666666667,0.434536431932826,0.5,0.76,0.5,0.75,0.5,0.25,2,0.666666666666667
"38",0.666666666666667,0.496160909105294,0.285714285714286,0.582386363636364,0.25,0.818181818181818,0.75,0.181818181818182,1.375,0.916666666666667
"39",0.933333333333333,0.378707640729208,0.909090909090909,0.971291866028708,0.909090909090909,0.947368421052632,0.0909090909090909,0.0526315789473685,17.2727272727273,0.095959595959596
"40",0.833333333333333,0.372316398486508,0.761904761904762,0.849206349206349,0.888888888888889,0.80952380952381,0.111111111111111,0.19047619047619,4.66666666666667,0.137254901960784
"41",0.766666666666667,0.36578986561068,0.631578947368421,0.829545454545455,0.75,0.772727272727273,0.25,0.227272727272727,3.3,0.323529411764706
"42",0.8,0.425679638657321,0.727272727272727,0.793650793650794,0.888888888888889,0.761904761904762,0.111111111111111,0.238095238095238,3.73333333333333,0.145833333333333
"43",0.733333333333333,0.426639334095822,0.636363636363636,0.735795454545454,0.875,0.681818181818182,0.125,0.318181818181818,2.75,0.183333333333333
"44",0.766666666666667,0.422752047340674,0.631578947368421,0.818181818181818,0.545454545454545,0.894736842105263,0.454545454545455,0.105263157894737,5.18181818181818,0.508021390374332
"45",0.766666666666667,0.340447899473954,0.666666666666667,0.934782608695652,1,0.695652173913043,0,0.304347826086957,3.28571428571429,0
"46",0.8,0.401203405733955,0.727272727272727,0.812169312169312,0.888888888888889,0.761904761904762,0.111111111111111,0.238095238095238,3.73333333333333,0.145833333333333
"47",0.766666666666667,0.36980416729371,0.631578947368421,0.860248447204969,0.857142857142857,0.739130434782609,0.142857142857143,0.260869565217391,3.28571428571429,0.19327731092437
"48",0.766666666666667,0.420724067033943,0.461538461538462,0.795454545454545,0.375,0.909090909090909,0.625,0.0909090909090909,4.125,0.6875
"49",0.8,0.369701260431107,0.7,0.812169312169312,0.777777777777778,0.80952380952381,0.222222222222222,0.19047619047619,4.08333333333333,0.274509803921569
"50",0.733333333333333,0.453199574296437,0.6,0.696022727272727,0.75,0.727272727272727,0.25,0.272727272727273,2.75,0.34375
"51",0.766666666666667,0.413944744025986,0.695652173913043,0.815789473684211,0.727272727272727,0.789473684210526,0.272727272727273,0.210526315789474,3.45454545454546,0.345454545454545
"52",0.833333333333333,0.357524384759589,0.666666666666667,0.836805555555556,0.833333333333333,0.833333333333333,0.166666666666667,0.166666666666667,5,0.2
"53",0.766666666666667,0.423820353118889,0.695652173913043,0.814814814814815,0.666666666666667,0.833333333333333,0.333333333333333,0.166666666666667,4,0.4
"54",0.866666666666667,0.39970018472978,0.8,0.8525,0.8,0.9,0.2,0.1,8,0.222222222222222
"55",0.8,0.377012435364168,0.75,0.894179894179894,1,0.714285714285714,0,0.285714285714286,3.5,0
"56",0.8,0.372608278790086,0.75,0.9125,0.9,0.75,0.1,0.25,3.6,0.133333333333333
"57",0.733333333333333,0.450002200039594,0.5,0.704861111111111,0.666666666666667,0.75,0.333333333333333,0.25,2.66666666666667,0.444444444444444
"58",0.666666666666667,0.520444274612857,0.545454545454545,0.879464285714286,0.375,1,0.625,0,Inf,0.625
"59",0.8,0.40835317112537,0.7,0.809659090909091,0.875,0.772727272727273,0.125,0.227272727272727,3.85,0.161764705882353
"60",0.833333333333333,0.371873873264655,0.705882352941177,0.904761904761905,0.666666666666667,0.904761904761905,0.333333333333333,0.0952380952380952,7,0.368421052631579
"61",0.666666666666667,0.430129633391253,0.375,0.8025,0.3,0.85,0.7,0.15,2,0.823529411764706
"62",0.766666666666667,0.389187287749207,0.631578947368421,0.818181818181818,0.75,0.772727272727273,0.25,0.227272727272727,3.3,0.323529411764706
"63",0.8,0.402573614858634,0.571428571428571,0.825396825396825,0.444444444444444,0.952380952380952,0.555555555555556,0.0476190476190477,9.33333333333332,0.583333333333333
"64",0.666666666666667,0.450530445778767,0.545454545454545,0.909722222222222,1,0.583333333333333,0,0.416666666666667,2.4,0
"65",0.733333333333333,0.425956133869143,0.666666666666667,0.8025,0.8,0.7,0.2,0.3,2.66666666666667,0.285714285714286
"66",0.733333333333333,0.428613537633702,0.555555555555556,0.875598086124402,0.454545454545455,0.894736842105263,0.545454545454545,0.105263157894737,4.31818181818182,0.609625668449198
"67",0.766666666666667,0.384859113518465,0.695652173913043,0.87799043062201,0.727272727272727,0.789473684210526,0.272727272727273,0.210526315789474,3.45454545454546,0.345454545454545
"68",0.833333333333333,0.35076839615604,0.705882352941177,0.881987577639752,0.857142857142857,0.826086956521739,0.142857142857143,0.173913043478261,4.92857142857143,0.172932330827068
"69",0.8,0.373569285473719,0.666666666666667,0.786931818181818,0.75,0.818181818181818,0.25,0.181818181818182,4.125,0.305555555555556
"70",0.733333333333333,0.408254161806952,0.6,0.856459330143541,0.545454545454545,0.842105263157895,0.454545454545455,0.157894736842105,3.45454545454545,0.539772727272727
"71",0.866666666666667,0.383157156205904,0.8,0.912698412698413,0.888888888888889,0.857142857142857,0.111111111111111,0.142857142857143,6.22222222222222,0.12962962962963
"72",0.766666666666667,0.450268459887516,0.533333333333333,0.673295454545455,0.5,0.863636363636364,0.5,0.136363636363636,3.66666666666667,0.578947368421053
"73",0.866666666666667,0.378066170355678,0.8,0.892045454545455,1,0.818181818181818,0,0.181818181818182,5.5,0
"74",0.833333333333333,0.417489716677377,0.761904761904762,0.914351851851852,0.666666666666667,0.944444444444444,0.333333333333333,0.0555555555555556,12,0.352941176470588
"75",0.8,0.387710726306644,0.727272727272727,0.85978835978836,0.888888888888889,0.761904761904762,0.111111111111111,0.238095238095238,3.73333333333333,0.145833333333333
"76",0.766666666666667,0.399095493265591,0.588235294117647,0.875,0.5,0.9,0.5,0.1,5,0.555555555555556
"77",0.833333333333333,0.389251598625617,0.736842105263158,0.83,0.7,0.9,0.3,0.1,7,0.333333333333333
"78",0.766666666666667,0.431732454093458,0.666666666666667,0.865740740740741,0.583333333333333,0.888888888888889,0.416666666666667,0.111111111111111,5.25,0.46875
"79",0.733333333333333,0.458995741395007,0.555555555555556,0.821266968325792,0.384615384615385,1,0.615384615384615,0,Inf,0.615384615384615
"80",0.7,0.380252812422649,0.470588235294118,0.739583333333333,0.666666666666667,0.708333333333333,0.333333333333333,0.291666666666667,2.28571428571429,0.470588235294118
"81",0.633333333333333,0.461728226806409,0.266666666666667,0.64021164021164,0.222222222222222,0.80952380952381,0.777777777777778,0.19047619047619,1.16666666666667,0.96078431372549
"82",0.8,0.407754461779247,0.7,0.916267942583732,0.636363636363636,0.894736842105263,0.363636363636364,0.105263157894737,6.04545454545455,0.406417112299465
"83",0.866666666666667,0.357969671074368,0.777777777777778,0.937888198757764,1,0.826086956521739,0,0.173913043478261,5.75,0
"84",0.766666666666667,0.394248380030635,0.631578947368421,0.815340909090909,0.75,0.772727272727273,0.25,0.227272727272727,3.3,0.323529411764706
"85",0.733333333333333,0.363822116437506,0.636363636363636,0.897515527950311,1,0.652173913043478,0,0.347826086956522,2.875,0
"86",0.666666666666667,0.481910067599279,0.583333333333333,0.792410714285714,0.5,0.8125,0.5,0.1875,2.66666666666667,0.615384615384615
"87",0.766666666666667,0.42071023937679,0.666666666666667,0.801435406698565,0.636363636363636,0.842105263157895,0.363636363636364,0.157894736842105,4.03030303030303,0.431818181818182
"88",0.8,0.360391719121761,0.727272727272727,0.899470899470899,0.888888888888889,0.761904761904762,0.111111111111111,0.238095238095238,3.73333333333333,0.145833333333333
"89",0.766666666666667,0.393834936881482,0.588235294117647,0.75,0.625,0.818181818181818,0.375,0.181818181818182,3.4375,0.458333333333333
"90",0.733333333333333,0.397649379080939,0.692307692307692,0.825,0.9,0.65,0.1,0.35,2.57142857142857,0.153846153846154
"91",0.733333333333333,0.442124314078884,0.5,0.799043062200957,0.363636363636364,0.947368421052632,0.636363636363636,0.0526315789473685,6.9090909090909,0.671717171717172
"92",0.8,0.379658705790062,0.727272727272727,0.912698412698413,0.888888888888889,0.761904761904762,0.111111111111111,0.238095238095238,3.73333333333333,0.145833333333333
"93",0.733333333333333,0.439955108010214,0.6,0.847222222222222,0.5,0.888888888888889,0.5,0.111111111111111,4.5,0.5625
"94",0.766666666666667,0.410293910039636,0.666666666666667,0.829545454545455,0.875,0.727272727272727,0.125,0.272727272727273,3.20833333333333,0.171875
"95",0.8,0.417840580226553,0.7,0.898148148148148,0.583333333333333,0.944444444444444,0.416666666666667,0.0555555555555556,10.5,0.441176470588235
"96",0.7,0.429316343394914,0.571428571428571,0.791866028708134,0.545454545454545,0.789473684210526,0.454545454545455,0.210526315789474,2.59090909090909,0.575757575757576
"97",0.7,0.494211448031361,0.608695652173913,0.835555555555556,0.466666666666667,0.933333333333333,0.533333333333333,0.0666666666666667,7,0.571428571428571
"98",0.733333333333333,0.391081453132504,0.636363636363636,0.881987577639752,1,0.652173913043478,0,0.347826086956522,2.875,0
"99",0.8,0.455796784329227,0.7,0.832579185520362,0.538461538461538,1,0.461538461538462,0,Inf,0.461538461538462
"100",0.7,0.442707964672065,0.608695652173913,0.73444976076555,0.636363636363636,0.736842105263158,0.363636363636364,0.263157894736842,2.41818181818182,0.493506493506494
"101",0.666666666666667,0.480262221034828,0.583333333333333,0.708333333333333,0.583333333333333,0.722222222222222,0.416666666666667,0.277777777777778,2.1,0.576923076923077
"102",0.8,0.440937494233305,0.769230769230769,0.868778280542986,0.769230769230769,0.823529411764706,0.230769230769231,0.176470588235294,4.35897435897436,0.28021978021978
"103",0.733333333333333,0.394183161483183,0.666666666666667,0.82,0.8,0.7,0.2,0.3,2.66666666666667,0.285714285714286
"104",0.733333333333333,0.421423139043715,0.636363636363636,0.815789473684211,0.636363636363636,0.789473684210526,0.363636363636364,0.210526315789474,3.02272727272727,0.460606060606061
"105",0.833333333333333,0.365897347776198,0.736842105263158,0.85978835978836,0.777777777777778,0.857142857142857,0.222222222222222,0.142857142857143,5.44444444444444,0.259259259259259
"106",0.8,0.366018707170853,0.7,0.897515527950311,1,0.739130434782609,0,0.260869565217391,3.83333333333333,0
"107",0.833333333333333,0.383660573780819,0.8,0.89,1,0.75,0,0.25,4,0
"108",0.666666666666667,0.415993798931119,0.583333333333333,0.811004784688995,0.636363636363636,0.684210526315789,0.363636363636364,0.315789473684211,2.01515151515152,0.531468531468531
"109",0.833333333333333,0.361636966330865,0.761904761904762,0.939153439153439,0.888888888888889,0.80952380952381,0.111111111111111,0.19047619047619,4.66666666666667,0.137254901960784
"110",0.666666666666667,0.442442447077284,0.5,0.736111111111111,0.833333333333333,0.625,0.166666666666667,0.375,2.22222222222222,0.266666666666667
"111",0.633333333333333,0.495369795176047,0.56,0.687782805429864,0.538461538461538,0.705882352941177,0.461538461538462,0.294117647058823,1.83076923076923,0.653846153846154
"112",0.7,0.41038538699458,0.571428571428571,0.794258373205742,0.545454545454545,0.789473684210526,0.454545454545455,0.210526315789474,2.59090909090909,0.575757575757576
"113",0.733333333333333,0.415187928750863,0.555555555555556,0.7925,0.5,0.85,0.5,0.15,3.33333333333333,0.588235294117647
"114",0.566666666666667,0.445233733528907,0.380952380952381,0.788461538461539,1,0.5,0,0.5,2,0
"115",0.8,0.377591814010228,0.75,0.880952380952381,1,0.714285714285714,0,0.285714285714286,3.5,0
"116",0.7,0.436125646265523,0.666666666666667,0.775,0.9,0.6,0.1,0.4,2.25,0.166666666666667
"117",0.833333333333333,0.365084559780723,0.736842105263158,0.903409090909091,0.875,0.818181818181818,0.125,0.181818181818182,4.8125,0.152777777777778
"118",0.766666666666667,0.409571258281262,0.588235294117647,0.744318181818182,0.625,0.818181818181818,0.375,0.181818181818182,3.4375,0.458333333333333
"119",0.8,0.358729490273659,0.7,0.900621118012422,1,0.739130434782609,0,0.260869565217391,3.83333333333333,0
"120",0.8,0.37438848375034,0.727272727272727,0.814814814814815,0.888888888888889,0.761904761904762,0.111111111111111,0.238095238095238,3.73333333333333,0.145833333333333
"121",0.633333333333333,0.405326203768875,0.476190476190476,0.757763975155279,0.714285714285714,0.608695652173913,0.285714285714286,0.391304347826087,1.82539682539683,0.469387755102041
"122",0.766666666666667,0.40302200076594,0.533333333333333,0.801587301587302,0.444444444444444,0.904761904761905,0.555555555555556,0.0952380952380952,4.66666666666667,0.614035087719298
"123",0.7,0.469532524593782,0.571428571428571,0.696759259259259,0.5,0.833333333333333,0.5,0.166666666666667,3,0.6
"124",0.766666666666667,0.40485299317342,0.666666666666667,0.855,0.7,0.8,0.3,0.2,3.5,0.375
"125",0.766666666666667,0.385641561314262,0.666666666666667,0.775568181818182,0.875,0.727272727272727,0.125,0.272727272727273,3.20833333333333,0.171875
"126",0.8,0.35060223371575,0.625,0.840277777777778,0.833333333333333,0.791666666666667,0.166666666666667,0.208333333333333,4,0.210526315789474
"127",0.733333333333333,0.390357778598028,0.555555555555556,0.798136645962733,0.714285714285714,0.739130434782609,0.285714285714286,0.260869565217391,2.73809523809524,0.38655462184874
"128",0.833333333333333,0.37901330645814,0.705882352941177,0.84375,0.75,0.863636363636364,0.25,0.136363636363636,5.5,0.289473684210526
"129",0.8,0.383906866350568,0.625,0.851851851851852,0.555555555555556,0.904761904761905,0.444444444444444,0.0952380952380952,5.83333333333333,0.491228070175439
"130",0.8,0.445319434251492,0.625,0.744318181818182,0.625,0.863636363636364,0.375,0.136363636363636,4.58333333333333,0.434210526315789
"131",0.733333333333333,0.43801439805025,0.636363636363636,0.748677248677249,0.777777777777778,0.714285714285714,0.222222222222222,0.285714285714286,2.72222222222222,0.311111111111111
"132",0.766666666666667,0.416079191500941,0.666666666666667,0.808612440191388,0.636363636363636,0.842105263157895,0.363636363636364,0.157894736842105,4.03030303030303,0.431818181818182
"133",0.833333333333333,0.381149985217331,0.736842105263158,0.852272727272727,0.875,0.818181818181818,0.125,0.181818181818182,4.8125,0.152777777777778
"134",0.633333333333333,0.403883071244282,0.521739130434783,0.740740740740741,0.666666666666667,0.619047619047619,0.333333333333333,0.380952380952381,1.75,0.538461538461539
"135",0.7,0.454546763469102,0.526315789473684,0.736024844720497,0.714285714285714,0.695652173913043,0.285714285714286,0.304347826086957,2.3469387755102,0.410714285714286
"136",0.766666666666667,0.423469029164085,0.631578947368421,0.851674641148325,0.545454545454545,0.894736842105263,0.454545454545455,0.105263157894737,5.18181818181818,0.508021390374332
"137",0.8,0.379364978929268,0.666666666666667,0.816770186335404,0.857142857142857,0.782608695652174,0.142857142857143,0.217391304347826,3.94285714285714,0.182539682539683
"138",0.8,0.416758650631924,0.7,0.71,0.7,0.85,0.3,0.15,4.66666666666667,0.352941176470588
"139",0.8,0.446022637149067,0.727272727272727,0.877828054298643,0.615384615384615,0.941176470588235,0.384615384615385,0.0588235294117647,10.4615384615385,0.408653846153846
"140",0.833333333333333,0.36259485424094,0.761904761904762,0.891534391534392,0.888888888888889,0.80952380952381,0.111111111111111,0.19047619047619,4.66666666666667,0.137254901960784
"141",0.733333333333333,0.522424815919013,0.692307692307692,0.770089285714286,0.5625,0.928571428571429,0.4375,0.0714285714285714,7.875,0.471153846153846
"142",0.7,0.455759296012029,0.571428571428571,0.759259259259259,0.5,0.833333333333333,0.5,0.166666666666667,3,0.6
"143",0.733333333333333,0.354249072797886,0.5,0.927884615384615,1,0.692307692307692,0,0.307692307692308,3.25,0
"144",0.7,0.507837006313987,0.608695652173913,0.808035714285714,0.5,0.875,0.5,0.125,4,0.571428571428571
"145",0.833333333333333,0.396824225689735,0.736842105263158,0.865,0.7,0.9,0.3,0.1,7,0.333333333333333
"146",0.666666666666667,0.454041002891091,0.583333333333333,0.7275,0.7,0.65,0.3,0.35,2,0.461538461538462
"147",0.666666666666667,0.408051038278044,0.5,0.711180124223602,0.714285714285714,0.652173913043478,0.285714285714286,0.347826086956522,2.05357142857143,0.438095238095238
"148",0.833333333333333,0.379096718785399,0.782608695652174,0.936507936507937,1,0.761904761904762,0,0.238095238095238,4.2,0
"149",0.8,0.366436173869575,0.7,0.892045454545455,0.875,0.772727272727273,0.125,0.227272727272727,3.85,0.161764705882353
"150",0.766666666666667,0.429021613467752,0.695652173913043,0.8075,0.8,0.75,0.2,0.25,3.2,0.266666666666667
"151",0.666666666666667,0.487423815912675,0.583333333333333,0.866666666666667,0.466666666666667,0.866666666666667,0.533333333333333,0.133333333333333,3.5,0.615384615384615
"152",0.8,0.358251488271988,0.7,0.880952380952381,0.777777777777778,0.80952380952381,0.222222222222222,0.19047619047619,4.08333333333333,0.274509803921569
"153",0.8,0.36487562334783,0.7,0.857954545454545,0.875,0.772727272727273,0.125,0.227272727272727,3.85,0.161764705882353
"154",0.733333333333333,0.396840769159995,0.555555555555556,0.745341614906832,0.714285714285714,0.739130434782609,0.285714285714286,0.260869565217391,2.73809523809524,0.38655462184874
"155",0.8,0.424996079454422,0.666666666666667,0.839712918660287,0.545454545454545,0.947368421052632,0.454545454545455,0.0526315789473685,10.3636363636364,0.47979797979798
"156",0.866666666666667,0.351878350799836,0.8,0.985795454545455,1,0.818181818181818,0,0.181818181818182,5.5,0
"157",0.866666666666667,0.393372214343504,0.777777777777778,0.83,0.7,0.95,0.3,0.05,14,0.315789473684211
"158",0.8,0.348921993686965,0.7,0.900568181818182,0.875,0.772727272727273,0.125,0.227272727272727,3.85,0.161764705882353
"159",0.7,0.450301599837394,0.64,0.767195767195767,0.888888888888889,0.619047619047619,0.111111111111111,0.380952380952381,2.33333333333333,0.17948717948718
"160",0.7,0.534786771668683,0.526315789473684,0.810267857142857,0.357142857142857,1,0.642857142857143,0,Inf,0.642857142857143
"161",0.666666666666667,0.467278704372514,0.666666666666667,0.727272727272727,0.909090909090909,0.526315789473684,0.0909090909090909,0.473684210526316,1.91919191919192,0.172727272727273
"162",0.7,0.469524357042435,0.470588235294118,0.851851851851852,0.333333333333333,0.944444444444444,0.666666666666667,0.0555555555555556,6,0.705882352941177
"163",0.8,0.420256982529052,0.727272727272727,0.835978835978836,0.888888888888889,0.761904761904762,0.111111111111111,0.238095238095238,3.73333333333333,0.145833333333333
"164",0.766666666666667,0.439183132549002,0.588235294117647,0.779904306220096,0.454545454545455,0.947368421052632,0.545454545454545,0.0526315789473685,8.63636363636363,0.575757575757576
"165",0.7,0.426912522421842,0.666666666666667,0.794258373205742,0.818181818181818,0.631578947368421,0.181818181818182,0.368421052631579,2.22077922077922,0.287878787878788
"166",0.8,0.362463988458162,0.7,0.84375,0.875,0.772727272727273,0.125,0.227272727272727,3.85,0.161764705882353
"167",0.666666666666667,0.485883538290952,0.583333333333333,0.760180995475113,0.538461538461538,0.764705882352941,0.461538461538462,0.235294117647059,2.28846153846154,0.603550295857988
"168",0.866666666666667,0.379686284380085,0.8,0.899521531100478,0.727272727272727,0.947368421052632,0.272727272727273,0.0526315789473685,13.8181818181818,0.287878787878788
"169",0.733333333333333,0.388800820663122,0.555555555555556,0.798136645962733,0.714285714285714,0.739130434782609,0.285714285714286,0.260869565217391,2.73809523809524,0.38655462184874
"170",0.833333333333333,0.407152569934958,0.761904761904762,0.870813397129187,0.727272727272727,0.894736842105263,0.272727272727273,0.105263157894737,6.90909090909091,0.304812834224599
"171",0.766666666666667,0.409719218858657,0.666666666666667,0.735,0.7,0.8,0.3,0.2,3.5,0.375
"172",0.8,0.386574335558769,0.7,0.863636363636364,0.875,0.772727272727273,0.125,0.227272727272727,3.85,0.161764705882353
"173",0.666666666666667,0.415014491144824,0.545454545454545,0.735795454545455,0.75,0.636363636363636,0.25,0.363636363636364,2.0625,0.392857142857143
"174",0.766666666666667,0.389458654117679,0.666666666666667,0.806878306878307,0.777777777777778,0.761904761904762,0.222222222222222,0.238095238095238,3.26666666666667,0.291666666666667
"175",0.733333333333333,0.446702739428095,0.636363636363636,0.743055555555556,0.583333333333333,0.833333333333333,0.416666666666667,0.166666666666667,3.5,0.5
"176",0.733333333333333,0.451128050726946,0.636363636363636,0.724867724867725,0.777777777777778,0.714285714285714,0.222222222222222,0.285714285714286,2.72222222222222,0.311111111111111
"177",0.766666666666667,0.427703634909837,0.695652173913043,0.80787037037037,0.666666666666667,0.833333333333333,0.333333333333333,0.166666666666667,4,0.4
"178",0.566666666666667,0.491933329673781,0.551724137931034,0.69377990430622,0.727272727272727,0.473684210526316,0.272727272727273,0.526315789473684,1.38181818181818,0.575757575757576
"179",0.833333333333333,0.346883086483101,0.761904761904762,0.891534391534392,0.888888888888889,0.80952380952381,0.111111111111111,0.19047619047619,4.66666666666667,0.137254901960784
"180",0.666666666666667,0.482307450837657,0.583333333333333,0.682539682539683,0.777777777777778,0.619047619047619,0.222222222222222,0.380952380952381,2.04166666666667,0.358974358974359
"181",0.766666666666667,0.372948267047713,0.740740740740741,0.856459330143541,0.909090909090909,0.684210526315789,0.0909090909090909,0.315789473684211,2.87878787878788,0.132867132867133
"182",0.666666666666667,0.482373619524366,0.5,0.773755656108597,0.384615384615385,0.882352941176471,0.615384615384615,0.117647058823529,3.26923076923077,0.697435897435898
"183",0.8,0.379530380720676,0.7,0.852272727272727,0.875,0.772727272727273,0.125,0.227272727272727,3.85,0.161764705882353
"184",0.8,0.442135956053559,0.727272727272727,0.904977375565611,0.615384615384615,0.941176470588235,0.384615384615385,0.0588235294117647,10.4615384615385,0.408653846153846
"185",0.766666666666667,0.416943507195265,0.631578947368421,0.777511961722488,0.545454545454545,0.894736842105263,0.454545454545455,0.105263157894737,5.18181818181818,0.508021390374332
"186",0.6,0.503349880857447,0.25,0.74537037037037,0.166666666666667,0.888888888888889,0.833333333333333,0.111111111111111,1.5,0.9375
"187",0.833333333333333,0.39739125753566,0.705882352941177,0.761363636363636,0.75,0.863636363636364,0.25,0.136363636363636,5.5,0.289473684210526
"188",0.9,0.349271959198014,0.857142857142857,0.965608465608466,1,0.857142857142857,0,0.142857142857143,7,0
"189",0.666666666666667,0.350211783614445,0.545454545454545,0.913194444444444,1,0.583333333333333,0,0.416666666666667,2.4,0
"190",0.733333333333333,0.408887641457256,0.555555555555556,0.727272727272727,0.625,0.772727272727273,0.375,0.227272727272727,2.75,0.485294117647059
"191",0.733333333333333,0.410890510877624,0.6,0.724867724867725,0.666666666666667,0.761904761904762,0.333333333333333,0.238095238095238,2.8,0.4375
"192",0.666666666666667,0.465985244389989,0.615384615384615,0.721719457013575,0.615384615384615,0.705882352941177,0.384615384615385,0.294117647058823,2.09230769230769,0.544871794871795
"193",0.8,0.356490758252624,0.727272727272727,0.954545454545455,1,0.727272727272727,0,0.272727272727273,3.66666666666667,0
"194",0.733333333333333,0.410379890873258,0.5,0.767195767195767,0.444444444444444,0.857142857142857,0.555555555555556,0.142857142857143,3.11111111111111,0.648148148148148
"195",0.833333333333333,0.398926586871562,0.705882352941177,0.905,0.6,0.95,0.4,0.05,12,0.421052631578947
"196",0.8,0.366018447547357,0.7,0.823863636363636,0.875,0.772727272727273,0.125,0.227272727272727,3.85,0.161764705882353
"197",0.733333333333333,0.398492854223531,0.692307692307692,0.83,0.9,0.65,0.1,0.35,2.57142857142857,0.153846153846154
"198",0.766666666666667,0.330271768343549,0.461538461538462,0.824,0.6,0.8,0.4,0.2,3,0.5
"199",0.766666666666667,0.441183832548968,0.631578947368421,0.765,0.6,0.85,0.4,0.15,4,0.470588235294118
"200",0.733333333333333,0.428563709108991,0.666666666666667,0.821266968325792,0.615384615384615,0.823529411764706,0.384615384615385,0.176470588235294,3.48717948717949,0.467032967032967
"201",0.766666666666667,0.424065046837519,0.666666666666667,0.791005291005291,0.777777777777778,0.761904761904762,0.222222222222222,0.238095238095238,3.26666666666667,0.291666666666667
"202",0.8,0.417234288043103,0.769230769230769,0.84688995215311,0.909090909090909,0.736842105263158,0.0909090909090909,0.263157894736842,3.45454545454545,0.123376623376623
"203",0.733333333333333,0.464298075666661,0.666666666666667,0.861607142857143,0.571428571428571,0.875,0.428571428571429,0.125,4.57142857142857,0.489795918367347
"204",0.766666666666667,0.405010377955153,0.533333333333333,0.759259259259259,0.444444444444444,0.904761904761905,0.555555555555556,0.0952380952380952,4.66666666666667,0.614035087719298
"205",0.8,0.395110266406978,0.727272727272727,0.862433862433862,0.888888888888889,0.761904761904762,0.111111111111111,0.238095238095238,3.73333333333333,0.145833333333333
"206",0.8,0.450487536509559,0.727272727272727,0.84841628959276,0.615384615384615,0.941176470588235,0.384615384615385,0.0588235294117647,10.4615384615385,0.408653846153846
"207",0.7,0.410634914703932,0.571428571428571,0.761904761904762,0.666666666666667,0.714285714285714,0.333333333333333,0.285714285714286,2.33333333333333,0.466666666666667
"208",0.666666666666667,0.370078557703207,0.444444444444444,0.768,0.8,0.64,0.2,0.36,2.22222222222222,0.3125
"209",0.766666666666667,0.427614340159069,0.666666666666667,0.835648148148148,0.583333333333333,0.888888888888889,0.416666666666667,0.111111111111111,5.25,0.46875
"210",0.666666666666667,0.46272876353601,0.583333333333333,0.6975,0.7,0.65,0.3,0.35,2,0.461538461538462
"211",0.9,0.315796020987149,0.823529411764706,0.96583850931677,1,0.869565217391304,0,0.130434782608696,7.66666666666667,0
"212",0.733333333333333,0.420087823993681,0.6,0.721590909090909,0.75,0.727272727272727,0.25,0.272727272727273,2.75,0.34375
"213",0.666666666666667,0.493519301376097,0.583333333333333,0.715,0.7,0.65,0.3,0.35,2,0.461538461538462
"214",0.766666666666667,0.391348829378273,0.666666666666667,0.793650793650794,0.777777777777778,0.761904761904762,0.222222222222222,0.238095238095238,3.26666666666667,0.291666666666667
"215",0.633333333333333,0.487979299453542,0.421052631578947,0.675925925925926,0.333333333333333,0.833333333333333,0.666666666666667,0.166666666666667,2,0.8
"216",0.666666666666667,0.448444825934236,0.583333333333333,0.793650793650794,0.777777777777778,0.619047619047619,0.222222222222222,0.380952380952381,2.04166666666667,0.358974358974359
"217",0.766666666666667,0.40927360438112,0.631578947368421,0.81,0.6,0.85,0.4,0.15,4,0.470588235294118
"218",0.8,0.403572602605885,0.571428571428571,0.96,0.4,1,0.6,0,Inf,0.6
"219",0.866666666666667,0.369787965938822,0.75,0.863354037267081,0.857142857142857,0.869565217391304,0.142857142857143,0.130434782608696,6.57142857142857,0.164285714285714
"220",0.733333333333333,0.424435058783994,0.555555555555556,0.837320574162679,0.454545454545455,0.894736842105263,0.545454545454545,0.105263157894737,4.31818181818182,0.609625668449198
"221",0.733333333333333,0.432650253959725,0.666666666666667,0.743386243386243,0.888888888888889,0.666666666666667,0.111111111111111,0.333333333333333,2.66666666666667,0.166666666666667
"222",0.766666666666667,0.356833717773405,0.588235294117647,0.835403726708075,0.714285714285714,0.782608695652174,0.285714285714286,0.217391304347826,3.28571428571429,0.365079365079365
"223",0.766666666666667,0.427946357551853,0.666666666666667,0.87037037037037,0.583333333333333,0.888888888888889,0.416666666666667,0.111111111111111,5.25,0.46875
"224",0.733333333333333,0.437292549455407,0.666666666666667,0.753968253968254,0.888888888888889,0.666666666666667,0.111111111111111,0.333333333333333,2.66666666666667,0.166666666666667
"225",0.866666666666667,0.361862265157265,0.777777777777778,0.900568181818182,0.875,0.863636363636364,0.125,0.136363636363636,6.41666666666667,0.144736842105263
"226",0.8,0.384753879208476,0.666666666666667,0.775568181818182,0.75,0.818181818181818,0.25,0.181818181818182,4.125,0.305555555555556
"227",0.8,0.412881830500293,0.7,0.820574162679426,0.636363636363636,0.894736842105263,0.363636363636364,0.105263157894737,6.04545454545455,0.406417112299465
"228",0.766666666666667,0.453151612109461,0.631578947368421,0.760765550239234,0.545454545454545,0.894736842105263,0.454545454545455,0.105263157894737,5.18181818181818,0.508021390374332
"229",0.866666666666667,0.363432772448843,0.75,0.829545454545455,0.75,0.909090909090909,0.25,0.0909090909090909,8.25,0.275
"230",0.9,0.346963187319103,0.857142857142857,0.968253968253968,1,0.857142857142857,0,0.142857142857143,7,0
"231",0.766666666666667,0.377284384477242,0.72,0.84,0.9,0.7,0.1,0.3,3,0.142857142857143
"232",0.866666666666667,0.360807059423957,0.777777777777778,0.925465838509317,1,0.826086956521739,0,0.173913043478261,5.75,0
"233",0.766666666666667,0.432832655192849,0.666666666666667,0.828703703703704,0.583333333333333,0.888888888888889,0.416666666666667,0.111111111111111,5.25,0.46875
"234",0.766666666666667,0.400745390557818,0.533333333333333,0.817460317460317,0.444444444444444,0.904761904761905,0.555555555555556,0.0952380952380952,4.66666666666667,0.614035087719298
"235",0.866666666666667,0.366832433200224,0.857142857142857,0.912037037037037,1,0.777777777777778,0,0.222222222222222,4.5,0
"236",0.7,0.514668661632454,0.64,0.653846153846154,0.615384615384615,0.764705882352941,0.384615384615385,0.235294117647059,2.61538461538461,0.502958579881657
"237",0.666666666666667,0.438360859671783,0.583333333333333,0.7025,0.7,0.65,0.3,0.35,2,0.461538461538462
"238",0.7,0.463848337784017,0.64,0.7525,0.8,0.65,0.2,0.35,2.28571428571429,0.307692307692308
"239",0.833333333333333,0.420371731345316,0.761904761904762,0.921296296296296,0.666666666666667,0.944444444444444,0.333333333333333,0.0555555555555556,12,0.352941176470588
"240",0.9,0.362714954856426,0.823529411764706,0.833333333333333,0.777777777777778,0.952380952380952,0.222222222222222,0.0476190476190477,16.3333333333333,0.233333333333333
"241",0.766666666666667,0.385635214511073,0.631578947368421,0.815340909090909,0.75,0.772727272727273,0.25,0.227272727272727,3.3,0.323529411764706
"242",0.7,0.415343344999068,0.608695652173913,0.73015873015873,0.777777777777778,0.666666666666667,0.222222222222222,0.333333333333333,2.33333333333333,0.333333333333333
"243",0.833333333333333,0.353181813700702,0.705882352941177,0.829545454545455,0.75,0.863636363636364,0.25,0.136363636363636,5.5,0.289473684210526
"244",0.766666666666667,0.32500749541207,0.588235294117647,0.948,1,0.72,0,0.28,3.57142857142857,0
"245",0.8,0.415981417378503,0.7,0.785714285714286,0.777777777777778,0.80952380952381,0.222222222222222,0.19047619047619,4.08333333333333,0.274509803921569
"246",0.7,0.410835297856813,0.4,0.666666666666667,0.5,0.75,0.5,0.25,2,0.666666666666667
"247",0.633333333333333,0.466804191039936,0.521739130434783,0.6875,0.75,0.590909090909091,0.25,0.409090909090909,1.83333333333333,0.423076923076923
"248",0.733333333333333,0.386479464717558,0.6,0.809659090909091,0.75,0.727272727272727,0.25,0.272727272727273,2.75,0.34375
"249",0.733333333333333,0.392245856631875,0.666666666666667,0.854497354497354,0.888888888888889,0.666666666666667,0.111111111111111,0.333333333333333,2.66666666666667,0.166666666666667
"250",0.766666666666667,0.445100168686852,0.666666666666667,0.893665158371041,0.538461538461538,0.941176470588235,0.461538461538462,0.0588235294117647,9.15384615384615,0.490384615384615
"251",0.833333333333333,0.368731379355336,0.705882352941177,0.872159090909091,0.75,0.863636363636364,0.25,0.136363636363636,5.5,0.289473684210526
"252",0.8,0.367535498111484,0.7,0.872670807453416,1,0.739130434782609,0,0.260869565217391,3.83333333333333,0
"253",0.766666666666667,0.357890275667029,0.631578947368421,0.881987577639752,0.857142857142857,0.739130434782609,0.142857142857143,0.260869565217391,3.28571428571429,0.19327731092437
"254",0.8,0.38851143210328,0.727272727272727,0.888888888888889,0.888888888888889,0.761904761904762,0.111111111111111,0.238095238095238,3.73333333333333,0.145833333333333
"255",0.866666666666667,0.349597844452991,0.75,0.927083333333333,1,0.833333333333333,0,0.166666666666667,6,0
"256",0.766666666666667,0.402467044869335,0.666666666666667,0.812169312169312,0.777777777777778,0.761904761904762,0.222222222222222,0.238095238095238,3.26666666666667,0.291666666666667
"257",0.766666666666667,0.38427492601305,0.666666666666667,0.860795454545455,0.875,0.727272727272727,0.125,0.272727272727273,3.20833333333333,0.171875
"258",0.7,0.475823680759122,0.666666666666667,0.748803827751196,0.818181818181818,0.631578947368421,0.181818181818182,0.368421052631579,2.22077922077922,0.287878787878788
"259",0.866666666666667,0.380503713863887,0.75,0.957671957671958,0.666666666666667,0.952380952380952,0.333333333333333,0.0476190476190477,14,0.35
"260",0.766666666666667,0.373335944488543,0.631578947368421,0.804347826086957,0.857142857142857,0.739130434782609,0.142857142857143,0.260869565217391,3.28571428571429,0.19327731092437
"261",0.666666666666667,0.550710228909359,0.545454545454545,0.763392857142857,0.428571428571429,0.875,0.571428571428571,0.125,3.42857142857143,0.653061224489796
"262",0.733333333333333,0.462008288664382,0.666666666666667,0.779017857142857,0.571428571428571,0.875,0.428571428571429,0.125,4.57142857142857,0.489795918367347
"263",0.633333333333333,0.40379263553714,0.521739130434783,0.755681818181818,0.75,0.590909090909091,0.25,0.409090909090909,1.83333333333333,0.423076923076923
"264",0.833333333333333,0.355555690314445,0.761904761904762,0.900568181818182,1,0.772727272727273,0,0.227272727272727,4.4,0
"265",0.766666666666667,0.393123115642529,0.666666666666667,0.78042328042328,0.777777777777778,0.761904761904762,0.222222222222222,0.238095238095238,3.26666666666667,0.291666666666667
"266",0.7,0.459622492266093,0.608695652173913,0.714285714285714,0.777777777777778,0.666666666666667,0.222222222222222,0.333333333333333,2.33333333333333,0.333333333333333
"267",0.833333333333333,0.423756698281523,0.761904761904762,0.791666666666667,0.666666666666667,0.944444444444444,0.333333333333333,0.0555555555555556,12,0.352941176470588
"268",0.766666666666667,0.385294051929604,0.666666666666667,0.899521531100478,0.636363636363636,0.842105263157895,0.363636363636364,0.157894736842105,4.03030303030303,0.431818181818182
"269",0.866666666666667,0.394491003314293,0.8,0.935,0.8,0.9,0.2,0.1,8,0.222222222222222
"270",0.766666666666667,0.378725662212335,0.695652173913043,0.872159090909091,1,0.681818181818182,0,0.318181818181818,3.14285714285714,0
"271",0.7,0.366931148226571,0.608695652173913,0.875,0.875,0.636363636363636,0.125,0.363636363636364,2.40625,0.196428571428571
"272",0.766666666666667,0.41246541786271,0.666666666666667,0.789772727272727,0.875,0.727272727272727,0.125,0.272727272727273,3.20833333333333,0.171875
"273",0.766666666666667,0.340354511000293,0.588235294117647,0.896,1,0.72,0,0.28,3.57142857142857,0
"274",0.833333333333333,0.394279684912147,0.736842105263158,0.796650717703349,0.636363636363636,0.947368421052632,0.363636363636364,0.0526315789473685,12.0909090909091,0.383838383838384
"275",0.666666666666667,0.486428146378962,0.5,0.746411483253589,0.454545454545455,0.789473684210526,0.545454545454545,0.210526315789474,2.15909090909091,0.690909090909091
"276",0.7,0.410194477562511,0.571428571428571,0.755681818181818,0.75,0.681818181818182,0.25,0.318181818181818,2.35714285714286,0.366666666666667
"277",0.766666666666667,0.426286945455623,0.631578947368421,0.805,0.6,0.85,0.4,0.15,4,0.470588235294118
"278",0.833333333333333,0.375056590003272,0.705882352941177,0.917613636363636,0.75,0.863636363636364,0.25,0.136363636363636,5.5,0.289473684210526
"279",0.766666666666667,0.425513725491459,0.666666666666667,0.803240740740741,0.583333333333333,0.888888888888889,0.416666666666667,0.111111111111111,5.25,0.46875
"280",0.833333333333333,0.400366327782857,0.827586206896552,0.861111111111111,1,0.722222222222222,0,0.277777777777778,3.6,0
"281",0.666666666666667,0.452849869687127,0.5,0.690340909090909,0.625,0.681818181818182,0.375,0.318181818181818,1.96428571428571,0.55
"282",0.766666666666667,0.438434393996662,0.695652173913043,0.823529411764706,0.615384615384615,0.882352941176471,0.384615384615385,0.117647058823529,5.23076923076923,0.435897435897436
"283",0.733333333333333,0.401648904728494,0.636363636363636,0.835227272727273,0.875,0.681818181818182,0.125,0.318181818181818,2.75,0.183333333333333
"284",0.866666666666667,0.385769565675505,0.846153846153846,0.889952153110048,1,0.789473684210526,0,0.210526315789474,4.75,0
"285",0.733333333333333,0.421694725227598,0.555555555555556,0.76,0.5,0.85,0.5,0.15,3.33333333333333,0.588235294117647
"286",0.833333333333333,0.349436885987712,0.705882352941177,0.895833333333333,1,0.791666666666667,0,0.208333333333333,4.8,0
"287",0.733333333333333,0.363570642718701,0.666666666666667,0.903409090909091,1,0.636363636363636,0,0.363636363636364,2.75,0
"288",0.7,0.428364657256594,0.470588235294118,0.7575,0.4,0.85,0.6,0.15,2.66666666666667,0.705882352941177
"289",0.733333333333333,0.419158414619344,0.714285714285714,0.8075,1,0.6,0,0.4,2.5,0
"290",0.7,0.444591855819454,0.608695652173913,0.698412698412698,0.777777777777778,0.666666666666667,0.222222222222222,0.333333333333333,2.33333333333333,0.333333333333333
"291",0.7,0.462075986039298,0.526315789473684,0.698863636363636,0.625,0.727272727272727,0.375,0.272727272727273,2.29166666666667,0.515625
"292",0.866666666666667,0.359825113068523,0.777777777777778,0.860795454545455,0.875,0.863636363636364,0.125,0.136363636363636,6.41666666666667,0.144736842105263
"293",0.833333333333333,0.394371422280327,0.705882352941177,0.847222222222222,1,0.791666666666667,0,0.208333333333333,4.8,0
"294",0.8,0.447953462410748,0.769230769230769,0.877232142857143,0.714285714285714,0.875,0.285714285714286,0.125,5.71428571428571,0.326530612244898
"295",0.766666666666667,0.401740450093776,0.631578947368421,0.840277777777778,1,0.708333333333333,0,0.291666666666667,3.42857142857143,0
"296",0.766666666666667,0.395772236897504,0.631578947368421,0.792613636363636,0.75,0.772727272727273,0.25,0.227272727272727,3.3,0.323529411764706
"297",0.866666666666667,0.341377699129052,0.777777777777778,0.959627329192547,1,0.826086956521739,0,0.173913043478261,5.75,0
"298",0.733333333333333,0.363037672202544,0.6,0.885093167701863,0.857142857142857,0.695652173913043,0.142857142857143,0.304347826086957,2.81632653061224,0.205357142857143
"299",0.8,0.382570537545576,0.7,0.883522727272727,0.875,0.772727272727273,0.125,0.227272727272727,3.85,0.161764705882353
"300",0.733333333333333,0.454052278907092,0.6,0.739234449760766,0.545454545454545,0.842105263157895,0.454545454545455,0.157894736842105,3.45454545454545,0.539772727272727
"301",0.766666666666667,0.451547026502788,0.631578947368421,0.927601809954751,0.461538461538462,1,0.538461538461538,0,Inf,0.538461538461538
"302",0.766666666666667,0.38603231119505,0.666666666666667,0.84375,0.875,0.727272727272727,0.125,0.272727272727273,3.20833333333333,0.171875
"303",0.866666666666667,0.379947489781936,0.75,0.915343915343915,0.666666666666667,0.952380952380952,0.333333333333333,0.0476190476190477,14,0.35
"304",0.766666666666667,0.381164309282989,0.740740740740741,0.8925,1,0.65,0,0.35,2.85714285714286,0
"305",0.8,0.373829455069556,0.727272727272727,0.90625,1,0.727272727272727,0,0.272727272727273,3.66666666666667,0
"306",0.566666666666667,0.517098821846566,0.518518518518518,0.605,0.7,0.5,0.3,0.5,1.4,0.6
"307",0.766666666666667,0.355574592019746,0.631578947368421,0.829192546583851,0.857142857142857,0.739130434782609,0.142857142857143,0.260869565217391,3.28571428571429,0.19327731092437
"308",0.733333333333333,0.377963538327092,0.692307692307692,0.894179894179894,1,0.619047619047619,0,0.380952380952381,2.625,0
"309",0.766666666666667,0.420170398031875,0.72,0.808612440191388,0.818181818181818,0.736842105263158,0.181818181818182,0.263157894736842,3.10909090909091,0.246753246753247
"310",0.7,0.527590799908455,0.608695652173913,0.764444444444444,0.466666666666667,0.933333333333333,0.533333333333333,0.0666666666666667,7,0.571428571428571
"311",0.9,0.348530722079275,0.869565217391304,0.935,1,0.85,0,0.15,6.66666666666667,0
"312",0.9,0.404936865531178,0.842105263157895,0.923444976076555,0.727272727272727,1,0.272727272727273,0,Inf,0.272727272727273
"313",0.733333333333333,0.399328552675179,0.636363636363636,0.815789473684211,0.636363636363636,0.789473684210526,0.363636363636364,0.210526315789474,3.02272727272727,0.460606060606061
"314",0.766666666666667,0.422756066236936,0.72,0.805555555555556,0.75,0.777777777777778,0.25,0.222222222222222,3.375,0.321428571428571
"315",0.666666666666667,0.339166102951549,0.5,0.936,1,0.6,0,0.4,2.5,0
"316",0.8,0.427605907743489,0.7,0.832535885167464,0.636363636363636,0.894736842105263,0.363636363636364,0.105263157894737,6.04545454545455,0.406417112299465
"317",0.8,0.406239197043272,0.625,0.8825,0.5,0.95,0.5,0.05,9.99999999999999,0.526315789473684
"318",0.766666666666667,0.417770644596553,0.695652173913043,0.82010582010582,0.888888888888889,0.714285714285714,0.111111111111111,0.285714285714286,3.11111111111111,0.155555555555556
"319",0.8,0.390907987219263,0.7,0.885,0.7,0.85,0.3,0.15,4.66666666666667,0.352941176470588
"320",0.7,0.360937562666124,0.571428571428571,0.863354037267081,0.857142857142857,0.652173913043478,0.142857142857143,0.347826086956522,2.46428571428571,0.219047619047619
"321",0.766666666666667,0.381856595207719,0.461538461538462,0.833333333333333,0.333333333333333,0.952380952380952,0.666666666666667,0.0476190476190477,6.99999999999999,0.7
"322",0.8,0.35838841280101,0.7,0.894409937888199,1,0.739130434782609,0,0.260869565217391,3.83333333333333,0
"323",0.766666666666667,0.366224961068921,0.666666666666667,0.857954545454545,0.875,0.727272727272727,0.125,0.272727272727273,3.20833333333333,0.171875
"324",0.8,0.374724209021909,0.666666666666667,0.792613636363636,0.75,0.818181818181818,0.25,0.181818181818182,4.125,0.305555555555556
"325",0.666666666666667,0.453100921902059,0.5,0.798611111111111,0.416666666666667,0.833333333333333,0.583333333333333,0.166666666666667,2.5,0.7
"326",0.8,0.37673227950336,0.727272727272727,0.865079365079365,0.888888888888889,0.761904761904762,0.111111111111111,0.238095238095238,3.73333333333333,0.145833333333333
"327",0.833333333333333,0.366178685327779,0.736842105263158,0.881987577639752,1,0.782608695652174,0,0.217391304347826,4.6,0
"328",0.833333333333333,0.403603745303427,0.736842105263158,0.873205741626794,0.636363636363636,0.947368421052632,0.363636363636364,0.0526315789473685,12.0909090909091,0.383838383838384
"329",0.8,0.358997893598108,0.666666666666667,0.916149068322981,0.857142857142857,0.782608695652174,0.142857142857143,0.217391304347826,3.94285714285714,0.182539682539683
"330",0.833333333333333,0.401910028212901,0.761904761904762,0.933014354066986,0.727272727272727,0.894736842105263,0.272727272727273,0.105263157894737,6.90909090909091,0.304812834224599
"331",0.733333333333333,0.3825896953795,0.5,0.753472222222222,0.666666666666667,0.75,0.333333333333333,0.25,2.66666666666667,0.444444444444444
"332",0.766666666666667,0.411772056487468,0.72,0.895833333333333,0.75,0.777777777777778,0.25,0.222222222222222,3.375,0.321428571428571
"333",0.733333333333333,0.390975604132816,0.555555555555556,0.72360248447205,0.714285714285714,0.739130434782609,0.285714285714286,0.260869565217391,2.73809523809524,0.38655462184874
"334",0.733333333333333,0.399778056884598,0.5,0.677018633540373,0.571428571428571,0.782608695652174,0.428571428571429,0.217391304347826,2.62857142857143,0.547619047619048
"335",0.833333333333333,0.371875172454343,0.761904761904762,0.897727272727273,1,0.772727272727273,0,0.227272727272727,4.4,0
"336",0.8,0.418946199942562,0.727272727272727,0.87037037037037,0.666666666666667,0.888888888888889,0.333333333333333,0.111111111111111,6,0.375
"337",0.733333333333333,0.365433764289088,0.555555555555556,0.864583333333333,0.833333333333333,0.708333333333333,0.166666666666667,0.291666666666667,2.85714285714286,0.235294117647059
"338",0.833333333333333,0.365254448880703,0.705882352941177,0.888888888888889,1,0.791666666666667,0,0.208333333333333,4.8,0
"339",0.9,0.362110451076447,0.857142857142857,0.973544973544973,1,0.857142857142857,0,0.142857142857143,7,0
"340",0.833333333333333,0.402350319094201,0.782608695652174,0.928240740740741,0.75,0.888888888888889,0.25,0.111111111111111,6.75,0.28125
"341",0.733333333333333,0.441052591546429,0.6,0.863425925925926,0.5,0.888888888888889,0.5,0.111111111111111,4.5,0.5625
"342",0.666666666666667,0.440817755517183,0.642857142857143,0.764705882352941,0.692307692307692,0.647058823529412,0.307692307692308,0.352941176470588,1.96153846153846,0.475524475524476
"343",0.6,0.452321563471489,0.333333333333333,0.6625,0.3,0.75,0.7,0.25,1.2,0.933333333333333
"344",0.8,0.405409585105454,0.7,0.830143540669856,0.636363636363636,0.894736842105263,0.363636363636364,0.105263157894737,6.04545454545455,0.406417112299465
"345",0.8,0.322142102289127,0.666666666666667,0.958333333333333,1,0.75,0,0.25,4,0
"346",0.733333333333333,0.403754266908222,0.636363636363636,0.880382775119617,0.636363636363636,0.789473684210526,0.363636363636364,0.210526315789474,3.02272727272727,0.460606060606061
"347",0.766666666666667,0.396586270023759,0.666666666666667,0.795454545454546,0.875,0.727272727272727,0.125,0.272727272727273,3.20833333333333,0.171875
"348",0.866666666666667,0.349151639925157,0.777777777777778,0.91304347826087,1,0.826086956521739,0,0.173913043478261,5.75,0
"349",0.833333333333333,0.372277622534161,0.705882352941177,0.883522727272727,0.75,0.863636363636364,0.25,0.136363636363636,5.5,0.289473684210526
"350",0.833333333333333,0.371032743421698,0.782608695652174,0.915343915343915,1,0.761904761904762,0,0.238095238095238,4.2,0
"351",0.766666666666667,0.460877115613756,0.666666666666667,0.793981481481482,0.583333333333333,0.888888888888889,0.416666666666667,0.111111111111111,5.25,0.46875
"352",0.766666666666667,0.386651966572603,0.588235294117647,0.807453416149068,0.714285714285714,0.782608695652174,0.285714285714286,0.217391304347826,3.28571428571429,0.365079365079365
"353",0.8,0.41749141041443,0.666666666666667,0.882775119617225,0.545454545454545,0.947368421052632,0.454545454545455,0.0526315789473685,10.3636363636364,0.47979797979798
"354",0.833333333333333,0.383562753964189,0.8,0.88755980861244,0.909090909090909,0.789473684210526,0.0909090909090909,0.210526315789474,4.31818181818182,0.115151515151515
"355",0.733333333333333,0.439525170238978,0.555555555555556,0.745,0.5,0.85,0.5,0.15,3.33333333333333,0.588235294117647
"356",0.833333333333333,0.372132439882993,0.782608695652174,0.888888888888889,1,0.761904761904762,0,0.238095238095238,4.2,0
"357",0.766666666666667,0.367077424177036,0.588235294117647,0.875,0.833333333333333,0.75,0.166666666666667,0.25,3.33333333333333,0.222222222222222
"358",0.866666666666667,0.363124475936276,0.8,0.955026455026455,0.888888888888889,0.857142857142857,0.111111111111111,0.142857142857143,6.22222222222222,0.12962962962963
"359",0.7,0.44446848319615,0.571428571428571,0.661375661375661,0.666666666666667,0.714285714285714,0.333333333333333,0.285714285714286,2.33333333333333,0.466666666666667
"360",0.766666666666667,0.428899063629039,0.695652173913043,0.902777777777778,0.666666666666667,0.833333333333333,0.333333333333333,0.166666666666667,4,0.4
"361",0.866666666666667,0.3698750967492,0.818181818181818,0.8825,0.9,0.85,0.1,0.15,6,0.117647058823529
"362",0.766666666666667,0.403285438469081,0.695652173913043,0.8175,0.8,0.75,0.2,0.25,3.2,0.266666666666667
"363",0.766666666666667,0.468710187623065,0.695652173913043,0.859375,0.571428571428571,0.9375,0.428571428571429,0.0625,9.14285714285714,0.457142857142857
"364",0.7,0.465730469214949,0.608695652173913,0.794117647058823,0.538461538461538,0.823529411764706,0.461538461538462,0.176470588235294,3.05128205128205,0.56043956043956
"365",0.666666666666667,0.422541876806701,0.583333333333333,0.7175,0.7,0.65,0.3,0.35,2,0.461538461538462
"366",0.866666666666667,0.363013308997666,0.8,0.891534391534392,0.888888888888889,0.857142857142857,0.111111111111111,0.142857142857143,6.22222222222222,0.12962962962963
"367",0.833333333333333,0.378111331692697,0.782608695652174,0.888888888888889,1,0.761904761904762,0,0.238095238095238,4.2,0
"368",0.8,0.425257268943317,0.769230769230769,0.852678571428571,0.714285714285714,0.875,0.285714285714286,0.125,5.71428571428571,0.326530612244898
"369",0.833333333333333,0.389352561607152,0.782608695652174,0.85,0.9,0.8,0.1,0.2,4.5,0.125
"370",0.833333333333333,0.373696410624462,0.761904761904762,0.8575,0.8,0.85,0.2,0.15,5.33333333333333,0.235294117647059
"371",0.766666666666667,0.466767688187993,0.666666666666667,0.855203619909502,0.538461538461538,0.941176470588235,0.461538461538462,0.0588235294117647,9.15384615384615,0.490384615384615
"372",0.7,0.473084904018568,0.666666666666667,0.73,0.9,0.6,0.1,0.4,2.25,0.166666666666667
"373",0.766666666666667,0.405739201947075,0.695652173913043,0.78042328042328,0.888888888888889,0.714285714285714,0.111111111111111,0.285714285714286,3.11111111111111,0.155555555555556
"374",0.8,0.400811237525287,0.769230769230769,0.837320574162679,0.909090909090909,0.736842105263158,0.0909090909090909,0.263157894736842,3.45454545454545,0.123376623376623
"375",0.733333333333333,0.41026623617158,0.6,0.722222222222222,0.666666666666667,0.761904761904762,0.333333333333333,0.238095238095238,2.8,0.4375
"376",0.666666666666667,0.457868196124927,0.545454545454545,0.674641148325359,0.545454545454545,0.736842105263158,0.454545454545455,0.263157894736842,2.07272727272727,0.616883116883117
"377",0.733333333333333,0.424364445310005,0.6,0.801435406698565,0.545454545454545,0.842105263157895,0.454545454545455,0.157894736842105,3.45454545454545,0.539772727272727
"378",0.766666666666667,0.433919688087138,0.695652173913043,0.868055555555556,0.666666666666667,0.833333333333333,0.333333333333333,0.166666666666667,4,0.4
"379",0.666666666666667,0.476582589984705,0.583333333333333,0.730769230769231,0.538461538461538,0.764705882352941,0.461538461538462,0.235294117647059,2.28846153846154,0.603550295857988
"380",0.8,0.335520232959392,0.571428571428571,0.82,0.8,0.8,0.2,0.2,4,0.25
"381",0.7,0.43844054591532,0.571428571428571,0.751196172248804,0.545454545454545,0.789473684210526,0.454545454545455,0.210526315789474,2.59090909090909,0.575757575757576
"382",0.8,0.369193877501335,0.727272727272727,0.873015873015873,0.888888888888889,0.761904761904762,0.111111111111111,0.238095238095238,3.73333333333333,0.145833333333333
"383",0.8,0.38917178051629,0.7,0.89,0.7,0.85,0.3,0.15,4.66666666666667,0.352941176470588
"384",0.666666666666667,0.46552311542543,0.444444444444444,0.7175,0.4,0.8,0.6,0.2,2,0.75
"385",0.766666666666667,0.375523527058108,0.666666666666667,0.875776397515528,1,0.695652173913043,0,0.304347826086957,3.28571428571429,0
"386",0.7,0.45089918112727,0.666666666666667,0.779017857142857,0.642857142857143,0.75,0.357142857142857,0.25,2.57142857142857,0.476190476190476
"387",0.8,0.398740890067222,0.727272727272727,0.817460317460317,0.888888888888889,0.761904761904762,0.111111111111111,0.238095238095238,3.73333333333333,0.145833333333333
"388",0.766666666666667,0.377091099413167,0.695652173913043,0.838624338624339,0.888888888888889,0.714285714285714,0.111111111111111,0.285714285714286,3.11111111111111,0.155555555555556
"389",0.8,0.444232904805916,0.666666666666667,0.755681818181818,0.75,0.818181818181818,0.25,0.181818181818182,4.125,0.305555555555556
"390",0.733333333333333,0.3713703507454,0.636363636363636,0.838624338624339,0.777777777777778,0.714285714285714,0.222222222222222,0.285714285714286,2.72222222222222,0.311111111111111
"391",0.666666666666667,0.466048103669486,0.545454545454545,0.785067873303167,0.461538461538462,0.823529411764706,0.538461538461538,0.176470588235294,2.61538461538461,0.653846153846154
"392",0.966666666666667,0.344269950867585,0.909090909090909,0.913194444444445,0.833333333333333,1,0.166666666666667,0,Inf,0.166666666666667
"393",0.7,0.394319665814048,0.4,0.716,0.6,0.72,0.4,0.28,2.14285714285714,0.555555555555556
"394",0.7,0.517381376580091,0.526315789473684,0.770833333333333,0.416666666666667,0.888888888888889,0.583333333333333,0.111111111111111,3.75,0.65625
"395",0.666666666666667,0.484608659557135,0.583333333333333,0.753393665158371,0.538461538461538,0.764705882352941,0.461538461538462,0.235294117647059,2.28846153846154,0.603550295857988
"396",0.766666666666667,0.409795784208486,0.588235294117647,0.822751322751323,0.555555555555556,0.857142857142857,0.444444444444444,0.142857142857143,3.88888888888889,0.518518518518518
"397",0.8,0.374780887077695,0.727272727272727,0.8775,0.8,0.8,0.2,0.2,4,0.25
"398",0.766666666666667,0.424901881586014,0.631578947368421,0.834928229665072,0.545454545454545,0.894736842105263,0.454545454545455,0.105263157894737,5.18181818181818,0.508021390374332
"399",0.866666666666667,0.356959112393293,0.8,0.941798941798942,0.888888888888889,0.857142857142857,0.111111111111111,0.142857142857143,6.22222222222222,0.12962962962963
"400",0.8,0.456926468920691,0.727272727272727,0.966517857142857,0.571428571428571,1,0.428571428571429,0,Inf,0.428571428571429
"401",0.9,0.372415246880954,0.857142857142857,0.9375,0.9,0.9,0.1,0.1,9,0.111111111111111
"402",0.9,0.349265862335034,0.842105263157895,0.951704545454545,1,0.863636363636364,0,0.136363636363636,7.33333333333333,0
"403",0.8,0.332435108674201,0.571428571428571,0.856,0.8,0.8,0.2,0.2,4,0.25
"404",0.8,0.372369182790953,0.727272727272727,0.923280423280423,0.888888888888889,0.761904761904762,0.111111111111111,0.238095238095238,3.73333333333333,0.145833333333333
"405",0.8,0.386567410743754,0.666666666666667,0.871527777777778,1,0.75,0,0.25,4,0
"406",0.8,0.362904579824888,0.666666666666667,0.894409937888199,0.857142857142857,0.782608695652174,0.142857142857143,0.217391304347826,3.94285714285714,0.182539682539683
"407",0.833333333333333,0.358846727977509,0.705882352941177,0.916666666666667,1,0.791666666666667,0,0.208333333333333,4.8,0
"408",0.633333333333333,0.454648104378003,0.352941176470588,0.732057416267943,0.272727272727273,0.842105263157895,0.727272727272727,0.157894736842105,1.72727272727273,0.863636363636364
"409",0.7,0.448803513575594,0.470588235294118,0.708074534161491,0.571428571428571,0.739130434782609,0.428571428571429,0.260869565217391,2.19047619047619,0.579831932773109
"410",0.733333333333333,0.416997327210358,0.636363636363636,0.796296296296296,0.777777777777778,0.714285714285714,0.222222222222222,0.285714285714286,2.72222222222222,0.311111111111111
"411",0.766666666666667,0.394615018232424,0.631578947368421,0.752840909090909,0.75,0.772727272727273,0.25,0.227272727272727,3.3,0.323529411764706
"412",0.766666666666667,0.371301944137189,0.631578947368421,0.835403726708075,0.857142857142857,0.739130434782609,0.142857142857143,0.260869565217391,3.28571428571429,0.19327731092437
"413",0.833333333333333,0.353002813128465,0.736842105263158,0.911931818181818,0.875,0.818181818181818,0.125,0.181818181818182,4.8125,0.152777777777778
"414",0.766666666666667,0.417382028958686,0.588235294117647,0.777777777777778,0.833333333333333,0.75,0.166666666666667,0.25,3.33333333333333,0.222222222222222
"415",0.866666666666667,0.375891452775425,0.818181818181818,0.944444444444444,1,0.80952380952381,0,0.19047619047619,5.25,0
"416",0.766666666666667,0.45310694622125,0.695652173913043,0.81447963800905,0.615384615384615,0.882352941176471,0.384615384615385,0.117647058823529,5.23076923076923,0.435897435897436
"417",0.733333333333333,0.441142376533419,0.555555555555556,0.753588516746411,0.454545454545455,0.894736842105263,0.545454545454545,0.105263157894737,4.31818181818182,0.609625668449198
"418",0.833333333333333,0.39322609139569,0.782608695652174,0.856459330143541,0.818181818181818,0.842105263157895,0.181818181818182,0.157894736842105,5.18181818181818,0.215909090909091
"419",0.8,0.441767238381026,0.769230769230769,0.779904306220096,0.909090909090909,0.736842105263158,0.0909090909090909,0.263157894736842,3.45454545454545,0.123376623376623
"420",0.733333333333333,0.410321446907335,0.636363636363636,0.817460317460317,0.777777777777778,0.714285714285714,0.222222222222222,0.285714285714286,2.72222222222222,0.311111111111111
"421",0.8,0.417483659699413,0.75,0.835,0.9,0.75,0.1,0.25,3.6,0.133333333333333
"422",0.7,0.462625246846347,0.526315789473684,0.770833333333333,0.416666666666667,0.888888888888889,0.583333333333333,0.111111111111111,3.75,0.65625
"423",0.833333333333333,0.376000271535432,0.705882352941177,0.821022727272727,0.75,0.863636363636364,0.25,0.136363636363636,5.5,0.289473684210526
"424",0.633333333333333,0.400493367059713,0.476190476190476,0.809027777777778,0.833333333333333,0.583333333333333,0.166666666666667,0.416666666666667,2,0.285714285714286
"425",0.833333333333333,0.355855585346268,0.615384615384615,0.888198757763975,0.571428571428571,0.91304347826087,0.428571428571429,0.0869565217391305,6.57142857142857,0.469387755102041
"426",0.833333333333333,0.370378264712409,0.705882352941177,0.860248447204969,0.857142857142857,0.826086956521739,0.142857142857143,0.173913043478261,4.92857142857143,0.172932330827068
"427",0.8,0.387893895617675,0.769230769230769,0.87,1,0.7,0,0.3,3.33333333333333,0
"428",0.833333333333333,0.378443572148452,0.782608695652174,0.91866028708134,0.818181818181818,0.842105263157895,0.181818181818182,0.157894736842105,5.18181818181818,0.215909090909091
"429",0.766666666666667,0.39919668084783,0.695652173913043,0.838068181818182,1,0.681818181818182,0,0.318181818181818,3.14285714285714,0
"430",0.866666666666667,0.381632458994041,0.777777777777778,0.8825,0.7,0.95,0.3,0.05,14,0.315789473684211
"431",0.766666666666667,0.392315860585874,0.695652173913043,0.867724867724868,0.888888888888889,0.714285714285714,0.111111111111111,0.285714285714286,3.11111111111111,0.155555555555556
"432",0.866666666666667,0.382473102355466,0.8,0.867724867724868,0.888888888888889,0.857142857142857,0.111111111111111,0.142857142857143,6.22222222222222,0.12962962962963
"433",0.666666666666667,0.405028567963085,0.285714285714286,0.649305555555556,0.333333333333333,0.75,0.666666666666667,0.25,1.33333333333333,0.888888888888889
"434",0.8,0.437269730482358,0.7,0.787037037037037,0.583333333333333,0.944444444444444,0.416666666666667,0.0555555555555556,10.5,0.441176470588235
"435",0.766666666666667,0.432869791369769,0.666666666666667,0.805555555555556,0.583333333333333,0.888888888888889,0.416666666666667,0.111111111111111,5.25,0.46875
"436",0.766666666666667,0.378779420749321,0.631578947368421,0.773291925465838,0.857142857142857,0.739130434782609,0.142857142857143,0.260869565217391,3.28571428571429,0.19327731092437
"437",0.8,0.430425690968138,0.7,0.900462962962963,0.583333333333333,0.944444444444444,0.416666666666667,0.0555555555555556,10.5,0.441176470588235
"438",0.8,0.43554349338919,0.7,0.748803827751196,0.636363636363636,0.894736842105263,0.363636363636364,0.105263157894737,6.04545454545455,0.406417112299465
"439",0.8,0.400113656814346,0.769230769230769,0.818181818181818,0.909090909090909,0.736842105263158,0.0909090909090909,0.263157894736842,3.45454545454545,0.123376623376623
"440",0.733333333333333,0.396435156976465,0.6,0.769886363636364,0.75,0.727272727272727,0.25,0.272727272727273,2.75,0.34375
"441",0.733333333333333,0.430180015723075,0.6,0.856459330143541,0.545454545454545,0.842105263157895,0.454545454545455,0.157894736842105,3.45454545454545,0.539772727272727
"442",0.8,0.378242832849481,0.7,0.883522727272727,0.875,0.772727272727273,0.125,0.227272727272727,3.85,0.161764705882353
"443",0.7,0.426932728093637,0.571428571428571,0.813397129186603,0.545454545454545,0.789473684210526,0.454545454545455,0.210526315789474,2.59090909090909,0.575757575757576
"444",0.8,0.420675345017077,0.7,0.923444976076555,0.636363636363636,0.894736842105263,0.363636363636364,0.105263157894737,6.04545454545455,0.406417112299465
"445",0.8,0.368672582173415,0.75,0.902116402116402,1,0.714285714285714,0,0.285714285714286,3.5,0
"446",0.8,0.382522354330685,0.727272727272727,0.8725,0.8,0.8,0.2,0.2,4,0.25
"447",0.8,0.373682311239002,0.727272727272727,0.883597883597883,0.888888888888889,0.761904761904762,0.111111111111111,0.238095238095238,3.73333333333333,0.145833333333333
"448",0.766666666666667,0.38481601858863,0.72,0.85,0.9,0.7,0.1,0.3,3,0.142857142857143
"449",0.833333333333333,0.348368889828075,0.666666666666667,0.8125,0.833333333333333,0.833333333333333,0.166666666666667,0.166666666666667,5,0.2
"450",0.766666666666667,0.377361160610645,0.588235294117647,0.744318181818182,0.625,0.818181818181818,0.375,0.181818181818182,3.4375,0.458333333333333
"451",0.733333333333333,0.424352073089427,0.636363636363636,0.796296296296296,0.777777777777778,0.714285714285714,0.222222222222222,0.285714285714286,2.72222222222222,0.311111111111111
"452",0.9,0.356339116967836,0.8,0.835403726708075,0.857142857142857,0.91304347826087,0.142857142857143,0.0869565217391305,9.85714285714285,0.156462585034014
"453",0.7,0.404826153528521,0.526315789473684,0.714285714285714,0.714285714285714,0.695652173913043,0.285714285714286,0.304347826086957,2.3469387755102,0.410714285714286
"454",0.866666666666667,0.298342621152321,0.714285714285714,0.96,1,0.84,0,0.16,6.25,0
"455",0.733333333333333,0.342941319856954,0.555555555555556,0.92,1,0.68,0,0.32,3.125,0
"456",0.8,0.429736853673798,0.727272727272727,0.825396825396825,0.888888888888889,0.761904761904762,0.111111111111111,0.238095238095238,3.73333333333333,0.145833333333333
"457",0.933333333333333,0.373834953196386,0.888888888888889,0.9525,0.8,1,0.2,0,Inf,0.2
"458",0.733333333333333,0.355132346359075,0.6,0.838509316770186,0.857142857142857,0.695652173913043,0.142857142857143,0.304347826086957,2.81632653061224,0.205357142857143
"459",0.8,0.416398360710295,0.7,0.895833333333333,0.583333333333333,0.944444444444444,0.416666666666667,0.0555555555555556,10.5,0.441176470588235
"460",0.866666666666667,0.332403764534587,0.777777777777778,0.950310559006211,1,0.826086956521739,0,0.173913043478261,5.75,0
"461",0.833333333333333,0.392762132398933,0.736842105263158,0.815340909090909,0.875,0.818181818181818,0.125,0.181818181818182,4.8125,0.152777777777778
"462",0.8,0.406139513113827,0.727272727272727,0.854497354497354,0.888888888888889,0.761904761904762,0.111111111111111,0.238095238095238,3.73333333333333,0.145833333333333
"463",0.6,0.519632901002704,0.454545454545455,0.605590062111801,0.714285714285714,0.565217391304348,0.285714285714286,0.434782608695652,1.64285714285714,0.505494505494505
"464",0.633333333333333,0.505593034773509,0.521739130434783,0.723981900452489,0.461538461538462,0.764705882352941,0.538461538461538,0.235294117647059,1.96153846153846,0.70414201183432
"465",0.833333333333333,0.395092967052672,0.705882352941177,0.875,0.6,0.95,0.4,0.05,12,0.421052631578947
"466",0.8,0.414064235878852,0.727272727272727,0.891203703703704,0.666666666666667,0.888888888888889,0.333333333333333,0.111111111111111,6,0.375
"467",0.7,0.405306263994928,0.608695652173913,0.788359788359788,0.777777777777778,0.666666666666667,0.222222222222222,0.333333333333333,2.33333333333333,0.333333333333333
"468",0.8,0.414344017331969,0.7,0.875,0.583333333333333,0.944444444444444,0.416666666666667,0.0555555555555556,10.5,0.441176470588235
"469",0.766666666666667,0.409686323973349,0.588235294117647,0.7425,0.5,0.9,0.5,0.1,5,0.555555555555556
"470",0.9,0.335292979146941,0.857142857142857,0.973544973544973,1,0.857142857142857,0,0.142857142857143,7,0
"471",0.8,0.306167221888838,0.666666666666667,0.979166666666667,1,0.75,0,0.25,4,0
"472",0.9,0.349208359980478,0.823529411764706,0.940340909090909,0.875,0.909090909090909,0.125,0.0909090909090909,9.625,0.1375
"473",0.733333333333333,0.449686838642162,0.666666666666667,0.745,0.8,0.7,0.2,0.3,2.66666666666667,0.285714285714286
"474",0.866666666666667,0.377073182485581,0.8,0.904761904761905,0.888888888888889,0.857142857142857,0.111111111111111,0.142857142857143,6.22222222222222,0.12962962962963
"475",0.733333333333333,0.423659095975821,0.555555555555556,0.7725,0.5,0.85,0.5,0.15,3.33333333333333,0.588235294117647
"476",0.766666666666667,0.389999421323618,0.666666666666667,0.840909090909091,0.875,0.727272727272727,0.125,0.272727272727273,3.20833333333333,0.171875
"477",0.733333333333333,0.369375608874551,0.6,0.829192546583851,0.857142857142857,0.695652173913043,0.142857142857143,0.304347826086957,2.81632653061224,0.205357142857143
"478",0.733333333333333,0.492303515506054,0.714285714285714,0.708333333333333,0.833333333333333,0.666666666666667,0.166666666666667,0.333333333333333,2.5,0.25
"479",0.7,0.409204305254329,0.470588235294118,0.765,0.4,0.85,0.6,0.15,2.66666666666667,0.705882352941177
"480",0.833333333333333,0.400477528294334,0.736842105263158,0.793650793650794,0.777777777777778,0.857142857142857,0.222222222222222,0.142857142857143,5.44444444444444,0.259259259259259
"481",0.833333333333333,0.421271653205986,0.736842105263158,0.889952153110048,0.636363636363636,0.947368421052632,0.363636363636364,0.0526315789473685,12.0909090909091,0.383838383838384
"482",0.8,0.437158876464433,0.727272727272727,0.833333333333333,0.666666666666667,0.888888888888889,0.333333333333333,0.111111111111111,6,0.375
"483",0.733333333333333,0.420733761749027,0.6,0.837320574162679,0.545454545454545,0.842105263157895,0.454545454545455,0.157894736842105,3.45454545454545,0.539772727272727
"484",0.766666666666667,0.377014269606396,0.588235294117647,0.792613636363636,0.625,0.818181818181818,0.375,0.181818181818182,3.4375,0.458333333333333
"485",0.766666666666667,0.380036668575268,0.666666666666667,0.822751322751323,0.777777777777778,0.761904761904762,0.222222222222222,0.238095238095238,3.26666666666667,0.291666666666667
"486",0.733333333333333,0.429393852582408,0.6,0.777511961722488,0.545454545454545,0.842105263157895,0.454545454545455,0.157894736842105,3.45454545454545,0.539772727272727
"487",0.733333333333333,0.455326163903763,0.6,0.835648148148148,0.5,0.888888888888889,0.5,0.111111111111111,4.5,0.5625
"488",0.7,0.444078451904383,0.470588235294118,0.7925,0.4,0.85,0.6,0.15,2.66666666666667,0.705882352941177
"489",0.666666666666667,0.495981235476596,0.642857142857143,0.685,0.9,0.55,0.1,0.45,2,0.181818181818182
"490",0.8,0.446077410776479,0.727272727272727,0.909502262443439,0.615384615384615,0.941176470588235,0.384615384615385,0.0588235294117647,10.4615384615385,0.408653846153846
"491",0.6,0.499232827710386,0.5,0.608465608465608,0.666666666666667,0.571428571428571,0.333333333333333,0.428571428571429,1.55555555555556,0.583333333333333
"492",0.8,0.419975768194765,0.625,0.775,0.5,0.95,0.5,0.05,9.99999999999999,0.526315789473684
"493",0.766666666666667,0.417074253615156,0.631578947368421,0.87799043062201,0.545454545454545,0.894736842105263,0.454545454545455,0.105263157894737,5.18181818181818,0.508021390374332
"494",0.766666666666667,0.403712962171711,0.666666666666667,0.785,0.7,0.8,0.3,0.2,3.5,0.375
"495",0.8,0.391667276281831,0.727272727272727,0.849206349206349,0.888888888888889,0.761904761904762,0.111111111111111,0.238095238095238,3.73333333333333,0.145833333333333
"496",0.8,0.467382794228744,0.727272727272727,0.877232142857143,0.571428571428571,1,0.428571428571429,0,Inf,0.428571428571429
"497",0.9,0.397851093277344,0.842105263157895,0.863636363636364,0.727272727272727,1,0.272727272727273,0,Inf,0.272727272727273
"498",0.8,0.365793015628791,0.625,0.828,1,0.76,0,0.24,4.16666666666667,0
"499",0.766666666666667,0.369609122424975,0.631578947368421,0.829192546583851,0.857142857142857,0.739130434782609,0.142857142857143,0.260869565217391,3.28571428571429,0.19327731092437
"500",0.733333333333333,0.379346458645798,0.6,0.847826086956522,0.857142857142857,0.695652173913043,0.142857142857143,0.304347826086957,2.81632653061224,0.205357142857143
"501",0.733333333333333,0.497225283350812,0.636363636363636,0.841517857142857,0.5,0.9375,0.5,0.0625,8,0.533333333333333
"502",0.833333333333333,0.401740163055763,0.736842105263158,0.880382775119617,0.636363636363636,0.947368421052632,0.363636363636364,0.0526315789473685,12.0909090909091,0.383838383838384
"503",0.766666666666667,0.416260373922069,0.666666666666667,0.807453416149068,1,0.695652173913043,0,0.304347826086957,3.28571428571429,0
"504",0.766666666666667,0.383355584025531,0.666666666666667,0.855113636363636,0.875,0.727272727272727,0.125,0.272727272727273,3.20833333333333,0.171875
"505",0.766666666666667,0.388935537086418,0.631578947368421,0.803977272727273,0.75,0.772727272727273,0.25,0.227272727272727,3.3,0.323529411764706
"506",0.866666666666667,0.387681245331534,0.818181818181818,0.925837320574163,0.818181818181818,0.894736842105263,0.181818181818182,0.105263157894737,7.77272727272727,0.203208556149733
"507",0.733333333333333,0.39819967918728,0.636363636363636,0.783068783068783,0.777777777777778,0.714285714285714,0.222222222222222,0.285714285714286,2.72222222222222,0.311111111111111
"508",0.8,0.386695603183464,0.727272727272727,0.8675,0.8,0.8,0.2,0.2,4,0.25
"509",0.8,0.429453092451732,0.727272727272727,0.905092592592593,0.666666666666667,0.888888888888889,0.333333333333333,0.111111111111111,6,0.375
"510",0.866666666666667,0.379665470335592,0.777777777777778,0.920454545454545,0.875,0.863636363636364,0.125,0.136363636363636,6.41666666666667,0.144736842105263
"511",0.866666666666667,0.371110674783143,0.777777777777778,0.872670807453416,1,0.826086956521739,0,0.173913043478261,5.75,0
"512",0.7,0.405375263316388,0.608695652173913,0.815,0.7,0.7,0.3,0.3,2.33333333333333,0.428571428571429
"513",0.8,0.427677860577376,0.727272727272727,0.920814479638009,0.615384615384615,0.941176470588235,0.384615384615385,0.0588235294117647,10.4615384615385,0.408653846153846
"514",0.7,0.478277936722882,0.526315789473684,0.647727272727273,0.625,0.727272727272727,0.375,0.272727272727273,2.29166666666667,0.515625
"515",0.7,0.404081758761269,0.571428571428571,0.856459330143541,0.545454545454545,0.789473684210526,0.454545454545455,0.210526315789474,2.59090909090909,0.575757575757576
"516",0.866666666666667,0.371362970745163,0.8,0.8975,0.8,0.9,0.2,0.1,8,0.222222222222222
"517",0.7,0.448680422660184,0.470588235294118,0.76,0.4,0.85,0.6,0.15,2.66666666666667,0.705882352941177
"518",0.7,0.349294291097448,0.571428571428571,0.866459627329192,0.857142857142857,0.652173913043478,0.142857142857143,0.347826086956522,2.46428571428571,0.219047619047619
"519",0.766666666666667,0.448668860492969,0.666666666666667,0.800904977375566,0.538461538461538,0.941176470588235,0.461538461538462,0.0588235294117647,9.15384615384615,0.490384615384615
"520",0.833333333333333,0.376036949766081,0.705882352941177,0.875,0.6,0.95,0.4,0.05,12,0.421052631578947
"521",0.733333333333333,0.480269067419752,0.692307692307692,0.792410714285714,0.642857142857143,0.8125,0.357142857142857,0.1875,3.42857142857143,0.439560439560439
"522",0.7,0.479936847714036,0.64,0.772321428571429,0.571428571428571,0.8125,0.428571428571429,0.1875,3.04761904761905,0.527472527472527
"523",0.733333333333333,0.465264505992102,0.6,0.72488038277512,0.545454545454545,0.842105263157895,0.454545454545455,0.157894736842105,3.45454545454545,0.539772727272727
"524",0.866666666666667,0.365039602116146,0.777777777777778,0.835227272727273,0.875,0.863636363636364,0.125,0.136363636363636,6.41666666666667,0.144736842105263
"525",0.7,0.440645404361092,0.608695652173913,0.828703703703704,0.583333333333333,0.777777777777778,0.416666666666667,0.222222222222222,2.625,0.535714285714286
"526",0.666666666666667,0.476049374031621,0.5,0.760765550239235,0.454545454545455,0.789473684210526,0.545454545454545,0.210526315789474,2.15909090909091,0.690909090909091
"527",0.766666666666667,0.420589390184698,0.72,0.8,0.9,0.7,0.1,0.3,3,0.142857142857143
"528",0.833333333333333,0.372116181512271,0.8,0.9175,1,0.75,0,0.25,4,0
"529",0.733333333333333,0.361770312292224,0.6,0.852272727272727,0.75,0.727272727272727,0.25,0.272727272727273,2.75,0.34375
"530",0.766666666666667,0.428869931189304,0.588235294117647,0.851674641148325,0.454545454545455,0.947368421052632,0.545454545454545,0.0526315789473685,8.63636363636363,0.575757575757576
"531",0.833333333333333,0.383444804667896,0.761904761904762,0.872159090909091,1,0.772727272727273,0,0.227272727272727,4.4,0
"532",0.766666666666667,0.415935334241739,0.72,0.825,0.9,0.7,0.1,0.3,3,0.142857142857143
"533",0.8,0.350619153295881,0.7,0.934782608695652,1,0.739130434782609,0,0.260869565217391,3.83333333333333,0
"534",0.733333333333333,0.456694957388818,0.636363636363636,0.841517857142857,0.5,0.9375,0.5,0.0625,8,0.533333333333333
"535",0.833333333333333,0.418909730059547,0.8,0.841628959276018,0.769230769230769,0.882352941176471,0.230769230769231,0.117647058823529,6.53846153846154,0.261538461538461
"536",0.733333333333333,0.504931582500214,0.714285714285714,0.821428571428571,0.625,0.857142857142857,0.375,0.142857142857143,4.375,0.4375
"537",0.766666666666667,0.404443818273914,0.666666666666667,0.818181818181818,0.875,0.727272727272727,0.125,0.272727272727273,3.20833333333333,0.171875
"538",0.8,0.385944874954415,0.666666666666667,0.9275,0.6,0.9,0.4,0.1,6,0.444444444444444
"539",0.833333333333333,0.415992016134153,0.705882352941177,0.89,0.6,0.95,0.4,0.05,12,0.421052631578947
"540",0.733333333333333,0.363517837957097,0.6,0.838509316770186,0.857142857142857,0.695652173913043,0.142857142857143,0.304347826086957,2.81632653061224,0.205357142857143
"541",0.766666666666667,0.40331274589676,0.631578947368421,0.748677248677249,0.666666666666667,0.80952380952381,0.333333333333333,0.19047619047619,3.5,0.411764705882353
"542",0.8,0.361497449640059,0.666666666666667,0.873015873015873,0.666666666666667,0.857142857142857,0.333333333333333,0.142857142857143,4.66666666666667,0.388888888888889
"543",0.7,0.403883362843514,0.571428571428571,0.773291925465838,0.857142857142857,0.652173913043478,0.142857142857143,0.347826086956522,2.46428571428571,0.219047619047619
"544",0.866666666666667,0.390520230926927,0.8,0.85978835978836,0.888888888888889,0.857142857142857,0.111111111111111,0.142857142857143,6.22222222222222,0.12962962962963
"545",0.766666666666667,0.433929516172028,0.631578947368421,0.801242236024845,0.857142857142857,0.739130434782609,0.142857142857143,0.260869565217391,3.28571428571429,0.19327731092437
"546",0.633333333333333,0.440303856177127,0.421052631578947,0.7375,0.4,0.75,0.6,0.25,1.6,0.8
"547",0.866666666666667,0.344577224306255,0.714285714285714,0.916666666666667,0.833333333333333,0.875,0.166666666666667,0.125,6.66666666666667,0.19047619047619
"548",0.733333333333333,0.472948589300085,0.692307692307692,0.772321428571429,0.642857142857143,0.8125,0.357142857142857,0.1875,3.42857142857143,0.439560439560439
"549",0.8,0.384152007959769,0.666666666666667,0.823863636363636,0.75,0.818181818181818,0.25,0.181818181818182,4.125,0.305555555555556
"550",0.9,0.32952837117408,0.823529411764706,0.975155279503106,1,0.869565217391304,0,0.130434782608696,7.66666666666667,0
"551",0.8,0.386312517804944,0.7,0.85,0.7,0.85,0.3,0.15,4.66666666666667,0.352941176470588
"552",0.866666666666667,0.390762791909098,0.777777777777778,0.93,0.7,0.95,0.3,0.05,14,0.315789473684211
"553",0.666666666666667,0.361538715360023,0.545454545454545,0.875,1,0.583333333333333,0,0.416666666666667,2.4,0
"554",0.7,0.431274603625154,0.571428571428571,0.779904306220096,0.545454545454545,0.789473684210526,0.454545454545455,0.210526315789474,2.59090909090909,0.575757575757576
"555",0.8,0.42907637630854,0.75,0.81,0.9,0.75,0.1,0.25,3.6,0.133333333333333
"556",0.8,0.391338337180181,0.666666666666667,0.847826086956522,0.857142857142857,0.782608695652174,0.142857142857143,0.217391304347826,3.94285714285714,0.182539682539683
"557",0.766666666666667,0.379166802898447,0.666666666666667,0.843915343915344,0.777777777777778,0.761904761904762,0.222222222222222,0.238095238095238,3.26666666666667,0.291666666666667
"558",0.766666666666667,0.419909579215083,0.695652173913043,0.837962962962963,0.666666666666667,0.833333333333333,0.333333333333333,0.166666666666667,4,0.4
"559",0.833333333333333,0.40358798910958,0.761904761904762,0.830687830687831,0.888888888888889,0.80952380952381,0.111111111111111,0.19047619047619,4.66666666666667,0.137254901960784
"560",0.9,0.417553285662332,0.842105263157895,0.885167464114833,0.727272727272727,1,0.272727272727273,0,Inf,0.272727272727273
"561",0.8,0.402094539939322,0.7,0.8875,0.7,0.85,0.3,0.15,4.66666666666667,0.352941176470588
"562",0.766666666666667,0.415945591387211,0.588235294117647,0.835,0.5,0.9,0.5,0.1,5,0.555555555555556
"563",0.833333333333333,0.39446568114775,0.761904761904762,0.944976076555024,0.727272727272727,0.894736842105263,0.272727272727273,0.105263157894737,6.90909090909091,0.304812834224599
"564",0.766666666666667,0.41673896069683,0.588235294117647,0.8475,0.5,0.9,0.5,0.1,5,0.555555555555556
"565",0.8,0.360610863439486,0.727272727272727,0.894886363636364,1,0.727272727272727,0,0.272727272727273,3.66666666666667,0
"566",0.633333333333333,0.493809253658983,0.592592592592593,0.6875,0.571428571428571,0.6875,0.428571428571429,0.3125,1.82857142857143,0.623376623376623
"567",0.8,0.389047591544223,0.7,0.846590909090909,0.875,0.772727272727273,0.125,0.227272727272727,3.85,0.161764705882353
"568",0.8,0.429345247745346,0.7,0.777511961722488,0.636363636363636,0.894736842105263,0.363636363636364,0.105263157894737,6.04545454545455,0.406417112299465
"569",0.733333333333333,0.456414198847252,0.666666666666667,0.745,0.8,0.7,0.2,0.3,2.66666666666667,0.285714285714286
"570",0.666666666666667,0.469177562673401,0.5,0.756944444444444,0.416666666666667,0.833333333333333,0.583333333333333,0.166666666666667,2.5,0.7
"571",0.766666666666667,0.366347040158413,0.461538461538462,0.754807692307692,0.75,0.769230769230769,0.25,0.230769230769231,3.25,0.325
"572",0.666666666666667,0.422238822934611,0.5,0.659090909090909,0.625,0.681818181818182,0.375,0.318181818181818,1.96428571428571,0.55
"573",0.8,0.400957543355013,0.666666666666667,0.84,0.6,0.9,0.4,0.1,6,0.444444444444444
"574",0.8,0.390293691635247,0.7,0.865,0.7,0.85,0.3,0.15,4.66666666666667,0.352941176470588
"575",0.766666666666667,0.412368009173328,0.666666666666667,0.798295454545455,0.875,0.727272727272727,0.125,0.272727272727273,3.20833333333333,0.171875
"576",0.933333333333333,0.356720563362362,0.888888888888889,0.954545454545455,1,0.909090909090909,0,0.0909090909090909,11,0
"577",0.866666666666667,0.302756917648505,0.6,0.938271604938272,1,0.851851851851852,0,0.148148148148148,6.75,0
"578",0.766666666666667,0.390816399604788,0.588235294117647,0.732919254658385,0.714285714285714,0.782608695652174,0.285714285714286,0.217391304347826,3.28571428571429,0.365079365079365
"579",0.9,0.338029611319229,0.8,0.9375,1,0.875,0,0.125,8,0
"580",0.6,0.512554794954184,0.454545454545455,0.668981481481482,0.416666666666667,0.722222222222222,0.583333333333333,0.277777777777778,1.5,0.807692307692308
"581",0.8,0.374043801203107,0.785714285714286,0.892344497607655,1,0.684210526315789,0,0.315789473684211,3.16666666666667,0
"582",0.8,0.433137339566439,0.727272727272727,0.861111111111111,0.666666666666667,0.888888888888889,0.333333333333333,0.111111111111111,6,0.375
"583",0.733333333333333,0.475427510391858,0.6,0.693181818181818,0.75,0.727272727272727,0.25,0.272727272727273,2.75,0.34375
"584",0.766666666666667,0.393800847359111,0.695652173913043,0.822751322751323,0.888888888888889,0.714285714285714,0.111111111111111,0.285714285714286,3.11111111111111,0.155555555555556
"585",0.733333333333333,0.413705066452247,0.5,0.732804232804233,0.444444444444444,0.857142857142857,0.555555555555556,0.142857142857143,3.11111111111111,0.648148148148148
"586",0.8,0.394025432002329,0.666666666666667,0.732954545454545,0.75,0.818181818181818,0.25,0.181818181818182,4.125,0.305555555555556
"587",0.766666666666667,0.400681403196785,0.588235294117647,0.833333333333333,0.555555555555556,0.857142857142857,0.444444444444444,0.142857142857143,3.88888888888889,0.518518518518518
"588",0.766666666666667,0.382818527473266,0.533333333333333,0.907407407407407,0.444444444444444,0.904761904761905,0.555555555555556,0.0952380952380952,4.66666666666667,0.614035087719298
"589",0.666666666666667,0.476972303895161,0.545454545454545,0.701058201058201,0.666666666666667,0.666666666666667,0.333333333333333,0.333333333333333,2,0.5
"590",0.766666666666667,0.396809153770454,0.631578947368421,0.789772727272727,0.75,0.772727272727273,0.25,0.227272727272727,3.3,0.323529411764706
"591",0.8,0.381910844558166,0.666666666666667,0.850931677018634,0.857142857142857,0.782608695652174,0.142857142857143,0.217391304347826,3.94285714285714,0.182539682539683
"592",0.7,0.441088778876278,0.4,0.7375,0.3,0.9,0.7,0.1,3,0.777777777777778
"593",0.7,0.481073218095811,0.571428571428571,0.765625,0.428571428571429,0.9375,0.571428571428571,0.0625,6.85714285714286,0.609523809523809
"594",0.766666666666667,0.394025899137909,0.588235294117647,0.732919254658385,0.714285714285714,0.782608695652174,0.285714285714286,0.217391304347826,3.28571428571429,0.365079365079365
"595",0.766666666666667,0.384629020596159,0.588235294117647,0.748447204968944,0.714285714285714,0.782608695652174,0.285714285714286,0.217391304347826,3.28571428571429,0.365079365079365
"596",0.8,0.363838976702505,0.7,0.888198757763975,1,0.739130434782609,0,0.260869565217391,3.83333333333333,0
"597",0.7,0.432345741474016,0.608695652173913,0.777777777777778,0.777777777777778,0.666666666666667,0.222222222222222,0.333333333333333,2.33333333333333,0.333333333333333
"598",0.933333333333333,0.349743910077153,0.9,0.973544973544973,1,0.904761904761905,0,0.0952380952380952,10.5,0
"599",0.733333333333333,0.423362017853322,0.6,0.856459330143541,0.545454545454545,0.842105263157895,0.454545454545455,0.157894736842105,3.45454545454545,0.539772727272727
"600",0.766666666666667,0.369097689976791,0.695652173913043,0.928571428571428,0.888888888888889,0.714285714285714,0.111111111111111,0.285714285714286,3.11111111111111,0.155555555555556
"601",0.766666666666667,0.428372109384668,0.72,0.841628959276018,0.692307692307692,0.823529411764706,0.307692307692308,0.176470588235294,3.92307692307692,0.373626373626374
"602",0.8,0.395400267546867,0.666666666666667,0.87,0.6,0.9,0.4,0.1,6,0.444444444444444
"603",0.833333333333333,0.393958018633674,0.705882352941177,0.851851851851852,0.666666666666667,0.904761904761905,0.333333333333333,0.0952380952380952,7,0.368421052631579
"604",0.9,0.346223124101452,0.823529411764706,0.953416149068323,1,0.869565217391304,0,0.130434782608696,7.66666666666667,0
"605",0.8,0.459979520927313,0.727272727272727,0.832579185520362,0.615384615384615,0.941176470588235,0.384615384615385,0.0588235294117647,10.4615384615385,0.408653846153846
"606",0.833333333333333,0.35508654401067,0.761904761904762,0.894886363636364,1,0.772727272727273,0,0.227272727272727,4.4,0
"607",0.766666666666667,0.408409103863109,0.631578947368421,0.89,0.6,0.85,0.4,0.15,4,0.470588235294118
"608",0.766666666666667,0.399403306683477,0.588235294117647,0.756944444444445,0.833333333333333,0.75,0.166666666666667,0.25,3.33333333333333,0.222222222222222
"609",0.733333333333333,0.429857055821254,0.5,0.77,0.4,0.9,0.6,0.1,4,0.666666666666667
"610",0.566666666666667,0.483134246938597,0.434782608695652,0.739819004524887,0.384615384615385,0.705882352941177,0.615384615384615,0.294117647058823,1.30769230769231,0.871794871794872
"611",0.633333333333333,0.380453995766392,0.352941176470588,0.692,0.6,0.64,0.4,0.36,1.66666666666667,0.625
"612",0.766666666666667,0.413006868745133,0.666666666666667,0.813397129186603,0.636363636363636,0.842105263157895,0.363636363636364,0.157894736842105,4.03030303030303,0.431818181818182
"613",0.733333333333333,0.384669213256217,0.636363636363636,0.801136363636364,0.875,0.681818181818182,0.125,0.318181818181818,2.75,0.183333333333333
"614",0.766666666666667,0.388093486996253,0.588235294117647,0.9225,0.5,0.9,0.5,0.1,5,0.555555555555556
"615",0.7,0.395349023737356,0.307692307692308,0.803977272727273,0.25,0.863636363636364,0.75,0.136363636363636,1.83333333333333,0.868421052631579
"616",0.9,0.348574419749771,0.823529411764706,0.950310559006211,1,0.869565217391304,0,0.130434782608696,7.66666666666667,0
"617",0.933333333333333,0.341524172836432,0.888888888888889,0.957386363636364,1,0.909090909090909,0,0.0909090909090909,11,0
"618",0.666666666666667,0.351625196013691,0.444444444444444,0.828,0.8,0.64,0.2,0.36,2.22222222222222,0.3125
"619",0.833333333333333,0.363432838763888,0.761904761904762,0.911931818181818,1,0.772727272727273,0,0.227272727272727,4.4,0
"620",0.8,0.386472479456399,0.666666666666667,0.87,0.6,0.9,0.4,0.1,6,0.444444444444444
"621",0.566666666666667,0.48954252989715,0.380952380952381,0.736111111111111,0.333333333333333,0.722222222222222,0.666666666666667,0.277777777777778,1.2,0.923076923076923
"622",0.7,0.383086227789416,0.526315789473684,0.720496894409938,0.714285714285714,0.695652173913043,0.285714285714286,0.304347826086957,2.3469387755102,0.410714285714286
"623",0.8,0.439678792937989,0.75,0.8025,0.9,0.75,0.1,0.25,3.6,0.133333333333333
"624",0.8,0.351277614784095,0.571428571428571,0.82,0.8,0.8,0.2,0.2,4,0.25
"625",0.766666666666667,0.446668384747968,0.695652173913043,0.832579185520362,0.615384615384615,0.882352941176471,0.384615384615385,0.117647058823529,5.23076923076923,0.435897435897436
"626",0.833333333333333,0.393353912553325,0.761904761904762,0.940191387559809,0.727272727272727,0.894736842105263,0.272727272727273,0.105263157894737,6.90909090909091,0.304812834224599
"627",0.8,0.360980279029115,0.7,0.880681818181818,0.875,0.772727272727273,0.125,0.227272727272727,3.85,0.161764705882353
"628",0.833333333333333,0.356993087001281,0.736842105263158,0.911931818181818,0.875,0.818181818181818,0.125,0.181818181818182,4.8125,0.152777777777778
"629",0.833333333333333,0.360489902103468,0.705882352941177,0.902777777777778,1,0.791666666666667,0,0.208333333333333,4.8,0
"630",0.733333333333333,0.448660454907557,0.6,0.751196172248804,0.545454545454545,0.842105263157895,0.454545454545455,0.157894736842105,3.45454545454545,0.539772727272727
"631",0.833333333333333,0.406105204657407,0.736842105263158,0.976076555023923,0.636363636363636,0.947368421052632,0.363636363636364,0.0526315789473685,12.0909090909091,0.383838383838384
"632",0.733333333333333,0.448994878485582,0.6,0.880090497737557,0.461538461538462,0.941176470588235,0.538461538461538,0.0588235294117647,7.84615384615384,0.572115384615385
"633",0.8,0.390918702628261,0.75,0.8325,0.9,0.75,0.1,0.25,3.6,0.133333333333333
"634",0.8,0.390507693423155,0.75,0.857142857142857,1,0.714285714285714,0,0.285714285714286,3.5,0
"635",0.833333333333333,0.390751131409499,0.736842105263158,0.87,0.7,0.9,0.3,0.1,7,0.333333333333333
"636",0.833333333333333,0.361167606378915,0.705882352941177,0.871527777777778,1,0.791666666666667,0,0.208333333333333,4.8,0
"637",0.7,0.494595911091183,0.571428571428571,0.787330316742081,0.461538461538462,0.882352941176471,0.538461538461538,0.117647058823529,3.92307692307692,0.61025641025641
"638",0.766666666666667,0.462322876044844,0.666666666666667,0.866515837104072,0.538461538461538,0.941176470588235,0.461538461538462,0.0588235294117647,9.15384615384615,0.490384615384615
"639",0.7,0.405436952574728,0.526315789473684,0.681818181818182,0.625,0.727272727272727,0.375,0.272727272727273,2.29166666666667,0.515625
"640",0.8,0.396255815060353,0.7,0.803977272727273,0.875,0.772727272727273,0.125,0.227272727272727,3.85,0.161764705882353
"641",0.8,0.377630307751171,0.625,0.8125,0.625,0.863636363636364,0.375,0.136363636363636,4.58333333333333,0.434210526315789
"642",0.833333333333333,0.354710669494771,0.545454545454545,0.876,0.6,0.88,0.4,0.12,5,0.454545454545455
"643",0.766666666666667,0.348385402169273,0.631578947368421,0.913194444444444,1,0.708333333333333,0,0.291666666666667,3.42857142857143,0
"644",0.8,0.387308908728217,0.666666666666667,0.913875598086124,0.545454545454545,0.947368421052632,0.454545454545455,0.0526315789473685,10.3636363636364,0.47979797979798
"645",0.9,0.3484263097288,0.823529411764706,0.940993788819876,1,0.869565217391304,0,0.130434782608696,7.66666666666667,0
"646",0.766666666666667,0.422913460881755,0.533333333333333,0.72360248447205,0.571428571428571,0.826086956521739,0.428571428571429,0.173913043478261,3.28571428571429,0.518796992481203
"647",0.766666666666667,0.36390586285834,0.631578947368421,0.847826086956522,0.857142857142857,0.739130434782609,0.142857142857143,0.260869565217391,3.28571428571429,0.19327731092437
"648",0.833333333333333,0.38358060743719,0.736842105263158,0.865079365079365,0.777777777777778,0.857142857142857,0.222222222222222,0.142857142857143,5.44444444444444,0.259259259259259
"649",0.7,0.496880578926989,0.526315789473684,0.627840909090909,0.625,0.727272727272727,0.375,0.272727272727273,2.29166666666667,0.515625
"650",0.666666666666667,0.463292350374748,0.583333333333333,0.727272727272727,0.875,0.590909090909091,0.125,0.409090909090909,2.13888888888889,0.211538461538462
"651",0.8,0.370078037063716,0.666666666666667,0.888198757763975,0.857142857142857,0.782608695652174,0.142857142857143,0.217391304347826,3.94285714285714,0.182539682539683
"652",0.833333333333333,0.347306108594225,0.705882352941177,0.940993788819876,0.857142857142857,0.826086956521739,0.142857142857143,0.173913043478261,4.92857142857143,0.172932330827068
"653",0.833333333333333,0.337392868416754,0.705882352941177,0.923611111111111,1,0.791666666666667,0,0.208333333333333,4.8,0
"654",0.733333333333333,0.436843292143635,0.5,0.724,0.8,0.72,0.2,0.28,2.85714285714286,0.277777777777778
"655",0.7,0.508038705434171,0.571428571428571,0.650793650793651,0.666666666666667,0.714285714285714,0.333333333333333,0.285714285714286,2.33333333333333,0.466666666666667
"656",0.666666666666667,0.443837520742058,0.5,0.7625,0.5,0.75,0.5,0.25,2,0.666666666666667
"657",0.733333333333333,0.408115945401107,0.5,0.80952380952381,0.444444444444444,0.857142857142857,0.555555555555556,0.142857142857143,3.11111111111111,0.648148148148148
"658",0.8,0.409840382186933,0.727272727272727,0.791866028708134,0.727272727272727,0.842105263157895,0.272727272727273,0.157894736842105,4.6060606060606,0.323863636363636
"659",0.833333333333333,0.352298904352765,0.666666666666667,0.815972222222222,0.833333333333333,0.833333333333333,0.166666666666667,0.166666666666667,5,0.2
"660",0.833333333333333,0.351682498754161,0.705882352941177,0.900621118012422,0.857142857142857,0.826086956521739,0.142857142857143,0.173913043478261,4.92857142857143,0.172932330827068
"661",0.733333333333333,0.471550500674453,0.692307692307692,0.727272727272727,0.818181818181818,0.684210526315789,0.181818181818182,0.315789473684211,2.59090909090909,0.265734265734266
"662",0.7,0.453495913591821,0.571428571428571,0.770334928229665,0.545454545454545,0.789473684210526,0.454545454545455,0.210526315789474,2.59090909090909,0.575757575757576
"663",0.633333333333333,0.505184147327574,0.421052631578947,0.684210526315789,0.363636363636364,0.789473684210526,0.636363636363636,0.210526315789474,1.72727272727273,0.806060606060606
"664",0.833333333333333,0.365873503074852,0.761904761904762,0.9075,0.8,0.85,0.2,0.15,5.33333333333333,0.235294117647059
"665",0.8,0.41431369604444,0.75,0.8,0.9,0.75,0.1,0.25,3.6,0.133333333333333
"666",0.7,0.381602046652015,0.4,0.711805555555555,0.5,0.75,0.5,0.25,2,0.666666666666667
"667",0.733333333333333,0.373943154322047,0.555555555555556,0.807453416149068,0.714285714285714,0.739130434782609,0.285714285714286,0.260869565217391,2.73809523809524,0.38655462184874
"668",0.766666666666667,0.408488498849905,0.72,0.8325,0.9,0.7,0.1,0.3,3,0.142857142857143
"669",0.833333333333333,0.380669037232517,0.761904761904762,0.838624338624339,0.888888888888889,0.80952380952381,0.111111111111111,0.19047619047619,4.66666666666667,0.137254901960784
"670",0.733333333333333,0.4365392972629,0.692307692307692,0.8710407239819,0.692307692307692,0.764705882352941,0.307692307692308,0.235294117647059,2.94230769230769,0.402366863905326
"671",0.8,0.361559209680492,0.7,0.877840909090909,0.875,0.772727272727273,0.125,0.227272727272727,3.85,0.161764705882353
"672",0.733333333333333,0.471533256511492,0.555555555555556,0.82579185520362,0.384615384615385,1,0.615384615384615,0,Inf,0.615384615384615
"673",0.766666666666667,0.39701840037851,0.666666666666667,0.788359788359788,0.777777777777778,0.761904761904762,0.222222222222222,0.238095238095238,3.26666666666667,0.291666666666667
"674",0.766666666666667,0.399921806096299,0.758620689655172,0.84688995215311,1,0.631578947368421,0,0.368421052631579,2.71428571428571,0
"675",0.866666666666667,0.357657020092894,0.777777777777778,0.897727272727273,0.875,0.863636363636364,0.125,0.136363636363636,6.41666666666667,0.144736842105263
"676",0.8,0.391496006991897,0.727272727272727,0.817460317460317,0.888888888888889,0.761904761904762,0.111111111111111,0.238095238095238,3.73333333333333,0.145833333333333
"677",0.8,0.376387407486418,0.727272727272727,0.869318181818182,1,0.727272727272727,0,0.272727272727273,3.66666666666667,0
"678",0.8,0.39729324555197,0.727272727272727,0.855113636363636,1,0.727272727272727,0,0.272727272727273,3.66666666666667,0
"679",0.733333333333333,0.465427443857707,0.692307692307692,0.8,0.6,0.866666666666667,0.4,0.133333333333333,4.5,0.461538461538462
"680",0.733333333333333,0.405369340263255,0.5,0.846560846560847,0.444444444444444,0.857142857142857,0.555555555555556,0.142857142857143,3.11111111111111,0.648148148148148
"681",0.866666666666667,0.384963056661592,0.818181818181818,0.937799043062201,0.818181818181818,0.894736842105263,0.181818181818182,0.105263157894737,7.77272727272727,0.203208556149733
"682",0.666666666666667,0.502353068099052,0.5,0.700956937799043,0.454545454545455,0.789473684210526,0.545454545454545,0.210526315789474,2.15909090909091,0.690909090909091
"683",0.766666666666667,0.400787186284383,0.631578947368421,0.785714285714286,0.857142857142857,0.739130434782609,0.142857142857143,0.260869565217391,3.28571428571429,0.19327731092437
"684",0.833333333333333,0.358169141777067,0.761904761904762,0.900568181818182,1,0.772727272727273,0,0.227272727272727,4.4,0
"685",0.7,0.417821569773387,0.526315789473684,0.744318181818182,0.625,0.727272727272727,0.375,0.272727272727273,2.29166666666667,0.515625
"686",0.733333333333333,0.39803306711922,0.636363636363636,0.814814814814815,0.777777777777778,0.714285714285714,0.222222222222222,0.285714285714286,2.72222222222222,0.311111111111111
"687",0.666666666666667,0.478467950273578,0.615384615384615,0.747767857142857,0.571428571428571,0.75,0.428571428571429,0.25,2.28571428571429,0.571428571428572
"688",0.8,0.415300078371365,0.666666666666667,0.868421052631579,0.545454545454545,0.947368421052632,0.454545454545455,0.0526315789473685,10.3636363636364,0.47979797979798
"689",0.733333333333333,0.452891492394457,0.666666666666667,0.870535714285714,0.571428571428571,0.875,0.428571428571429,0.125,4.57142857142857,0.489795918367347
"690",0.833333333333333,0.396426236574194,0.736842105263158,0.87,0.7,0.9,0.3,0.1,7,0.333333333333333
"691",0.8,0.455433219232379,0.7,0.803240740740741,0.583333333333333,0.944444444444444,0.416666666666667,0.0555555555555556,10.5,0.441176470588235
"692",0.733333333333333,0.461131255305921,0.555555555555556,0.843891402714932,0.384615384615385,1,0.615384615384615,0,Inf,0.615384615384615
"693",0.833333333333333,0.402512645382482,0.8,0.886574074074074,0.833333333333333,0.833333333333333,0.166666666666667,0.166666666666667,5,0.2
"694",0.7,0.454747609758013,0.526315789473684,0.7775,0.5,0.8,0.5,0.2,2.5,0.625
"695",0.866666666666667,0.37268664591252,0.818181818181818,0.917989417989418,1,0.80952380952381,0,0.19047619047619,5.25,0
"696",0.766666666666667,0.385414311531183,0.363636363636364,0.829545454545455,0.25,0.954545454545455,0.75,0.0454545454545454,5.50000000000001,0.785714285714286
"697",0.733333333333333,0.437841414475032,0.692307692307692,0.852941176470588,0.692307692307692,0.764705882352941,0.307692307692308,0.235294117647059,2.94230769230769,0.402366863905326
"698",0.833333333333333,0.409816206407166,0.761904761904762,0.804232804232804,0.888888888888889,0.80952380952381,0.111111111111111,0.19047619047619,4.66666666666667,0.137254901960784
"699",0.766666666666667,0.390662286008247,0.588235294117647,0.836805555555556,0.833333333333333,0.75,0.166666666666667,0.25,3.33333333333333,0.222222222222222
"700",0.8,0.436894356697411,0.727272727272727,0.793981481481482,0.666666666666667,0.888888888888889,0.333333333333333,0.111111111111111,6,0.375
"701",0.733333333333333,0.371222923861392,0.636363636363636,0.869565217391304,1,0.652173913043478,0,0.347826086956522,2.875,0
"702",0.766666666666667,0.378488735216056,0.666666666666667,0.775132275132275,0.777777777777778,0.761904761904762,0.222222222222222,0.238095238095238,3.26666666666667,0.291666666666667
"703",0.8,0.385897181445236,0.7,0.849431818181818,0.875,0.772727272727273,0.125,0.227272727272727,3.85,0.161764705882353
"704",0.7,0.445281211412776,0.526315789473684,0.753588516746411,0.454545454545455,0.842105263157895,0.545454545454545,0.157894736842105,2.87878787878788,0.647727272727273
"705",0.733333333333333,0.407981851570088,0.5,0.78042328042328,0.444444444444444,0.857142857142857,0.555555555555556,0.142857142857143,3.11111111111111,0.648148148148148
"706",0.8,0.406124338367963,0.727272727272727,0.82010582010582,0.888888888888889,0.761904761904762,0.111111111111111,0.238095238095238,3.73333333333333,0.145833333333333
"707",0.666666666666667,0.483912177810759,0.375,0.690972222222222,0.5,0.708333333333333,0.5,0.291666666666667,1.71428571428571,0.705882352941176
"708",0.7,0.413637463456106,0.526315789473684,0.8125,0.5,0.8,0.5,0.2,2.5,0.625
"709",0.766666666666667,0.422424301396934,0.588235294117647,0.8075,0.5,0.9,0.5,0.1,5,0.555555555555556
"710",0.866666666666667,0.429453160815949,0.833333333333333,0.907239819004525,0.769230769230769,0.941176470588235,0.230769230769231,0.0588235294117647,13.0769230769231,0.245192307692308
"711",0.766666666666667,0.355767509276346,0.588235294117647,0.868055555555556,0.833333333333333,0.75,0.166666666666667,0.25,3.33333333333333,0.222222222222222
"712",0.733333333333333,0.379825290644415,0.5,0.732954545454545,0.5,0.818181818181818,0.5,0.181818181818182,2.75,0.611111111111111
"713",0.733333333333333,0.428852339751731,0.6,0.760869565217391,0.857142857142857,0.695652173913043,0.142857142857143,0.304347826086957,2.81632653061224,0.205357142857143
"714",0.733333333333333,0.406904113391052,0.5,0.743386243386243,0.444444444444444,0.857142857142857,0.555555555555556,0.142857142857143,3.11111111111111,0.648148148148148
"715",0.833333333333333,0.331768271913558,0.736842105263158,0.923295454545455,0.875,0.818181818181818,0.125,0.181818181818182,4.8125,0.152777777777778
"716",0.833333333333333,0.302968516844591,0.545454545454545,0.969135802469136,1,0.814814814814815,0,0.185185185185185,5.4,0
"717",0.8,0.394854745448113,0.727272727272727,0.82010582010582,0.888888888888889,0.761904761904762,0.111111111111111,0.238095238095238,3.73333333333333,0.145833333333333
"718",0.866666666666667,0.402930091334695,0.777777777777778,0.930622009569378,0.636363636363636,1,0.363636363636364,0,Inf,0.363636363636364
"719",0.8,0.410166457476681,0.666666666666667,0.83,0.6,0.9,0.4,0.1,6,0.444444444444444
"720",0.733333333333333,0.4283362133669,0.636363636363636,0.798611111111111,0.583333333333333,0.833333333333333,0.416666666666667,0.166666666666667,3.5,0.5
"721",0.7,0.438346760543123,0.571428571428571,0.8125,0.5,0.833333333333333,0.5,0.166666666666667,3,0.6
"722",0.866666666666667,0.328293273076546,0.75,0.923611111111111,1,0.833333333333333,0,0.166666666666667,6,0
"723",0.733333333333333,0.434041436701538,0.6,0.858851674641148,0.545454545454545,0.842105263157895,0.454545454545455,0.157894736842105,3.45454545454545,0.539772727272727
"724",0.766666666666667,0.363883165367675,0.666666666666667,0.877840909090909,0.875,0.727272727272727,0.125,0.272727272727273,3.20833333333333,0.171875
"725",0.8,0.386311033627537,0.75,0.8325,0.9,0.75,0.1,0.25,3.6,0.133333333333333
"726",0.766666666666667,0.393968226925719,0.588235294117647,0.875,0.5,0.9,0.5,0.1,5,0.555555555555556
"727",0.7,0.453957513525238,0.608695652173913,0.722222222222222,0.583333333333333,0.777777777777778,0.416666666666667,0.222222222222222,2.625,0.535714285714286
"728",0.8,0.417634092181686,0.75,0.907407407407407,0.75,0.833333333333333,0.25,0.166666666666667,4.5,0.3
"729",0.666666666666667,0.494323240714829,0.583333333333333,0.685,0.7,0.65,0.3,0.35,2,0.461538461538462
"730",0.8,0.388192947912962,0.7,0.849206349206349,0.777777777777778,0.80952380952381,0.222222222222222,0.19047619047619,4.08333333333333,0.274509803921569
"731",0.8,0.387806737995236,0.727272727272727,0.873015873015873,0.888888888888889,0.761904761904762,0.111111111111111,0.238095238095238,3.73333333333333,0.145833333333333
"732",0.866666666666667,0.365195866301529,0.8,0.909090909090909,1,0.818181818181818,0,0.181818181818182,5.5,0
"733",0.7,0.496454776048695,0.608695652173913,0.6225,0.7,0.7,0.3,0.3,2.33333333333333,0.428571428571429
"734",0.666666666666667,0.385628531669017,0.583333333333333,0.812169312169312,0.777777777777778,0.619047619047619,0.222222222222222,0.380952380952381,2.04166666666667,0.358974358974359
"735",0.733333333333333,0.451038659310847,0.636363636363636,0.7725,0.7,0.75,0.3,0.25,2.8,0.4
"736",0.8,0.389693695113088,0.666666666666667,0.826704545454545,0.75,0.818181818181818,0.25,0.181818181818182,4.125,0.305555555555556
"737",0.733333333333333,0.392979299488465,0.6,0.764204545454545,0.75,0.727272727272727,0.25,0.272727272727273,2.75,0.34375
"738",0.8,0.364015476819326,0.769230769230769,0.925,1,0.7,0,0.3,3.33333333333333,0
"739",0.733333333333333,0.392549154777572,0.666666666666667,0.889952153110048,0.727272727272727,0.736842105263158,0.272727272727273,0.263157894736842,2.76363636363636,0.37012987012987
"740",0.766666666666667,0.457276314217171,0.72,0.895089285714286,0.642857142857143,0.875,0.357142857142857,0.125,5.14285714285714,0.408163265306122
"741",0.7,0.437959294072084,0.526315789473684,0.822966507177033,0.454545454545455,0.842105263157895,0.545454545454545,0.157894736842105,2.87878787878788,0.647727272727273
"742",0.833333333333333,0.415117469831365,0.736842105263158,0.870813397129187,0.636363636363636,0.947368421052632,0.363636363636364,0.0526315789473685,12.0909090909091,0.383838383838384
"743",0.633333333333333,0.460873839452082,0.352941176470588,0.642857142857143,0.428571428571429,0.695652173913043,0.571428571428571,0.304347826086957,1.40816326530612,0.821428571428571
"744",0.666666666666667,0.462921384164404,0.5,0.679425837320574,0.454545454545455,0.789473684210526,0.545454545454545,0.210526315789474,2.15909090909091,0.690909090909091
"745",0.933333333333333,0.344038885488338,0.888888888888889,0.988636363636364,1,0.909090909090909,0,0.0909090909090909,11,0
"746",0.8,0.379826099576305,0.727272727272727,0.877840909090909,1,0.727272727272727,0,0.272727272727273,3.66666666666667,0
"747",0.866666666666667,0.39335093534269,0.818181818181818,0.961722488038278,0.818181818181818,0.894736842105263,0.181818181818182,0.105263157894737,7.77272727272727,0.203208556149733
"748",0.666666666666667,0.334700563987597,0.444444444444444,0.947115384615385,1,0.615384615384615,0,0.384615384615385,2.6,0
"749",0.8,0.416034822388138,0.666666666666667,0.904306220095694,0.545454545454545,0.947368421052632,0.454545454545455,0.0526315789473685,10.3636363636364,0.47979797979798
"750",0.8,0.403125846625468,0.7,0.801136363636364,0.875,0.772727272727273,0.125,0.227272727272727,3.85,0.161764705882353
"751",0.7,0.501468690781104,0.608695652173913,0.783482142857143,0.5,0.875,0.5,0.125,4,0.571428571428571
"752",0.766666666666667,0.399083333200089,0.695652173913043,0.854066985645933,0.727272727272727,0.789473684210526,0.272727272727273,0.210526315789474,3.45454545454546,0.345454545454545
"753",0.833333333333333,0.350295179467766,0.666666666666667,0.863354037267081,0.714285714285714,0.869565217391304,0.285714285714286,0.130434782608696,5.47619047619048,0.328571428571429
"754",0.8,0.425325816804609,0.666666666666667,0.803827751196172,0.545454545454545,0.947368421052632,0.454545454545455,0.0526315789473685,10.3636363636364,0.47979797979798
"755",0.8,0.37716624862047,0.727272727272727,0.891534391534392,0.888888888888889,0.761904761904762,0.111111111111111,0.238095238095238,3.73333333333333,0.145833333333333
"756",0.7,0.423169734443746,0.4,0.638888888888889,0.5,0.75,0.5,0.25,2,0.666666666666667
"757",0.733333333333333,0.415413051044521,0.636363636363636,0.71957671957672,0.777777777777778,0.714285714285714,0.222222222222222,0.285714285714286,2.72222222222222,0.311111111111111
"758",0.9,0.338163169024131,0.857142857142857,0.981481481481482,1,0.857142857142857,0,0.142857142857143,7,0
"759",0.833333333333333,0.374218215339628,0.736842105263158,0.828042328042328,0.777777777777778,0.857142857142857,0.222222222222222,0.142857142857143,5.44444444444444,0.259259259259259
"760",0.766666666666667,0.373363779049991,0.461538461538462,0.690972222222222,0.5,0.833333333333333,0.5,0.166666666666667,3,0.6
"761",0.866666666666667,0.385004586466889,0.8,0.935,0.8,0.9,0.2,0.1,8,0.222222222222222
"762",0.766666666666667,0.408700648470561,0.758620689655172,0.834928229665072,1,0.631578947368421,0,0.368421052631579,2.71428571428571,0
"763",0.766666666666667,0.40258078275768,0.631578947368421,0.795,0.6,0.85,0.4,0.15,4,0.470588235294118
"764",0.666666666666667,0.398708358785964,0.545454545454545,0.788819875776398,0.857142857142857,0.608695652173913,0.142857142857143,0.391304347826087,2.19047619047619,0.23469387755102
"765",0.766666666666667,0.395297278790535,0.588235294117647,0.701863354037267,0.714285714285714,0.782608695652174,0.285714285714286,0.217391304347826,3.28571428571429,0.365079365079365
"766",0.766666666666667,0.421845795106726,0.666666666666667,0.782407407407407,0.583333333333333,0.888888888888889,0.416666666666667,0.111111111111111,5.25,0.46875
"767",0.633333333333333,0.467610409675583,0.352941176470588,0.6875,0.3,0.8,0.7,0.2,1.5,0.875
"768",0.833333333333333,0.344553599163785,0.666666666666667,0.913194444444444,0.833333333333333,0.833333333333333,0.166666666666667,0.166666666666667,5,0.2
"769",0.733333333333333,0.400923856346419,0.555555555555556,0.798941798941799,0.555555555555556,0.80952380952381,0.444444444444444,0.19047619047619,2.91666666666667,0.549019607843137
"770",0.866666666666667,0.365584498863575,0.8,0.925,0.8,0.9,0.2,0.1,8,0.222222222222222
"771",0.8,0.348075814612115,0.666666666666667,0.847826086956522,0.857142857142857,0.782608695652174,0.142857142857143,0.217391304347826,3.94285714285714,0.182539682539683
"772",0.833333333333333,0.370632326048948,0.705882352941177,0.95,0.6,0.95,0.4,0.05,12,0.421052631578947
"773",0.8,0.444841167544982,0.75,0.911764705882353,0.692307692307692,0.882352941176471,0.307692307692308,0.117647058823529,5.88461538461538,0.348717948717949
"774",0.733333333333333,0.417209318413219,0.5,0.753968253968254,0.444444444444444,0.857142857142857,0.555555555555556,0.142857142857143,3.11111111111111,0.648148148148148
"775",0.766666666666667,0.444990437389236,0.695652173913043,0.809954751131222,0.615384615384615,0.882352941176471,0.384615384615385,0.117647058823529,5.23076923076923,0.435897435897436
"776",0.733333333333333,0.375462369997096,0.555555555555556,0.81055900621118,0.714285714285714,0.739130434782609,0.285714285714286,0.260869565217391,2.73809523809524,0.38655462184874
"777",0.633333333333333,0.431573101683607,0.476190476190476,0.666666666666667,0.555555555555556,0.666666666666667,0.444444444444444,0.333333333333333,1.66666666666667,0.666666666666667
"778",0.733333333333333,0.437442806329004,0.555555555555556,0.861244019138756,0.454545454545455,0.894736842105263,0.545454545454545,0.105263157894737,4.31818181818182,0.609625668449198
"779",0.866666666666667,0.315134711182426,0.75,0.972222222222222,1,0.833333333333333,0,0.166666666666667,6,0
"780",0.733333333333333,0.368737641238104,0.636363636363636,0.860795454545455,0.875,0.681818181818182,0.125,0.318181818181818,2.75,0.183333333333333
"781",0.733333333333333,0.428826030894913,0.636363636363636,0.778409090909091,0.875,0.681818181818182,0.125,0.318181818181818,2.75,0.183333333333333
"782",0.866666666666667,0.361106686506909,0.666666666666667,0.796,0.8,0.88,0.2,0.12,6.66666666666667,0.227272727272727
"783",0.8,0.364059149358342,0.727272727272727,0.91005291005291,0.888888888888889,0.761904761904762,0.111111111111111,0.238095238095238,3.73333333333333,0.145833333333333
"784",0.8,0.414541705409351,0.7,0.923444976076555,0.636363636363636,0.894736842105263,0.363636363636364,0.105263157894737,6.04545454545455,0.406417112299465
"785",0.866666666666667,0.392512867227665,0.8,0.8125,0.8,0.9,0.2,0.1,8,0.222222222222222
"786",0.833333333333333,0.378524755679072,0.705882352941177,0.915,0.6,0.95,0.4,0.05,12,0.421052631578947
"787",0.666666666666667,0.424309274189918,0.545454545454545,0.673295454545455,0.75,0.636363636363636,0.25,0.363636363636364,2.0625,0.392857142857143
"788",0.733333333333333,0.354491093537762,0.5,0.82,0.8,0.72,0.2,0.28,2.85714285714286,0.277777777777778
"789",0.766666666666667,0.423061408214535,0.72,0.8075,0.9,0.7,0.1,0.3,3,0.142857142857143
"790",0.833333333333333,0.365380781551729,0.666666666666667,0.757763975155279,0.714285714285714,0.869565217391304,0.285714285714286,0.130434782608696,5.47619047619048,0.328571428571429
"791",0.8,0.347267318128475,0.7,0.894886363636364,0.875,0.772727272727273,0.125,0.227272727272727,3.85,0.161764705882353
"792",0.833333333333333,0.336270834401808,0.666666666666667,0.878472222222222,0.833333333333333,0.833333333333333,0.166666666666667,0.166666666666667,5,0.2
"793",0.866666666666667,0.357565103133915,0.75,0.838509316770186,0.857142857142857,0.869565217391304,0.142857142857143,0.130434782608696,6.57142857142857,0.164285714285714
"794",0.866666666666667,0.374319544934154,0.714285714285714,0.902116402116402,0.555555555555556,1,0.444444444444444,0,Inf,0.444444444444444
"795",0.766666666666667,0.432664722834648,0.695652173913043,0.837962962962963,0.666666666666667,0.833333333333333,0.333333333333333,0.166666666666667,4,0.4
"796",0.9,0.378809204088463,0.857142857142857,0.931216931216931,1,0.857142857142857,0,0.142857142857143,7,0
"797",0.733333333333333,0.427162778795026,0.666666666666667,0.837320574162679,0.727272727272727,0.736842105263158,0.272727272727273,0.263157894736842,2.76363636363636,0.37012987012987
"798",0.733333333333333,0.439441833481185,0.6,0.847222222222222,0.5,0.888888888888889,0.5,0.111111111111111,4.5,0.5625
"799",0.7,0.40336908074857,0.571428571428571,0.75,0.75,0.681818181818182,0.25,0.318181818181818,2.35714285714286,0.366666666666667
"800",0.8,0.407100030421437,0.625,0.772486772486772,0.555555555555556,0.904761904761905,0.444444444444444,0.0952380952380952,5.83333333333333,0.491228070175439
"801",0.8,0.397805458310915,0.625,0.883597883597884,0.555555555555556,0.904761904761905,0.444444444444444,0.0952380952380952,5.83333333333333,0.491228070175439
"802",0.9,0.377280719381483,0.857142857142857,0.936507936507937,1,0.857142857142857,0,0.142857142857143,7,0
"803",0.766666666666667,0.449068981657814,0.740740740740741,0.819196428571429,0.714285714285714,0.8125,0.285714285714286,0.1875,3.80952380952381,0.351648351648352
"804",0.866666666666667,0.413460642136355,0.75,0.803977272727273,0.75,0.909090909090909,0.25,0.0909090909090909,8.25,0.275
"805",0.833333333333333,0.38062379997396,0.705882352941177,0.925,0.6,0.95,0.4,0.05,12,0.421052631578947
"806",0.866666666666667,0.369257050214626,0.8,0.891534391534392,0.888888888888889,0.857142857142857,0.111111111111111,0.142857142857143,6.22222222222222,0.12962962962963
"807",0.733333333333333,0.454324606354671,0.666666666666667,0.76,0.8,0.7,0.2,0.3,2.66666666666667,0.285714285714286
"808",0.766666666666667,0.418882431060487,0.533333333333333,0.748677248677249,0.444444444444444,0.904761904761905,0.555555555555556,0.0952380952380952,4.66666666666667,0.614035087719298
"809",0.733333333333333,0.424410593137159,0.666666666666667,0.804232804232804,0.888888888888889,0.666666666666667,0.111111111111111,0.333333333333333,2.66666666666667,0.166666666666667
"810",0.833333333333333,0.387440003827101,0.736842105263158,0.896825396825397,0.777777777777778,0.857142857142857,0.222222222222222,0.142857142857143,5.44444444444444,0.259259259259259
"811",0.8,0.395767274617546,0.666666666666667,0.8,0.6,0.9,0.4,0.1,6,0.444444444444444
"812",0.8,0.43081794948658,0.7,0.851674641148325,0.636363636363636,0.894736842105263,0.363636363636364,0.105263157894737,6.04545454545455,0.406417112299465
"813",0.9,0.358016658518474,0.823529411764706,0.9375,0.875,0.909090909090909,0.125,0.0909090909090909,9.625,0.1375
"814",0.833333333333333,0.392706558295803,0.782608695652174,0.862433862433862,1,0.761904761904762,0,0.238095238095238,4.2,0
"815",0.766666666666667,0.461733308837022,0.631578947368421,0.83710407239819,0.461538461538462,1,0.538461538461538,0,Inf,0.538461538461538
"816",0.733333333333333,0.40831798445847,0.636363636363636,0.825396825396825,0.777777777777778,0.714285714285714,0.222222222222222,0.285714285714286,2.72222222222222,0.311111111111111
"817",0.733333333333333,0.436805767868304,0.555555555555556,0.8175,0.5,0.85,0.5,0.15,3.33333333333333,0.588235294117647
"818",0.8,0.389701306790343,0.727272727272727,0.833333333333333,0.888888888888889,0.761904761904762,0.111111111111111,0.238095238095238,3.73333333333333,0.145833333333333
"819",0.666666666666667,0.500516428410117,0.5,0.69683257918552,0.384615384615385,0.882352941176471,0.615384615384615,0.117647058823529,3.26923076923077,0.697435897435898
"820",0.8,0.41669244408753,0.727272727272727,0.819444444444444,0.666666666666667,0.888888888888889,0.333333333333333,0.111111111111111,6,0.375
"821",0.766666666666667,0.385596186138409,0.588235294117647,0.801242236024845,0.714285714285714,0.782608695652174,0.285714285714286,0.217391304347826,3.28571428571429,0.365079365079365
"822",0.766666666666667,0.36654094407313,0.588235294117647,0.815972222222222,0.833333333333333,0.75,0.166666666666667,0.25,3.33333333333333,0.222222222222222
"823",0.8,0.392702832236783,0.727272727272727,0.82,0.8,0.8,0.2,0.2,4,0.25
"824",0.766666666666667,0.347122249194744,0.631578947368421,0.883522727272727,0.75,0.772727272727273,0.25,0.227272727272727,3.3,0.323529411764706
"825",0.733333333333333,0.43905617445955,0.636363636363636,0.795454545454545,0.875,0.681818181818182,0.125,0.318181818181818,2.75,0.183333333333333
"826",0.6,0.463396621048739,0.454545454545455,0.674641148325359,0.454545454545455,0.684210526315789,0.545454545454545,0.315789473684211,1.43939393939394,0.797202797202797
"827",0.8,0.43236627089898,0.666666666666667,0.889952153110048,0.545454545454545,0.947368421052632,0.454545454545455,0.0526315789473685,10.3636363636364,0.47979797979798
"828",0.733333333333333,0.429507418270895,0.5,0.759259259259259,0.444444444444444,0.857142857142857,0.555555555555556,0.142857142857143,3.11111111111111,0.648148148148148
"829",0.866666666666667,0.371351359881309,0.818181818181818,0.917989417989418,1,0.80952380952381,0,0.19047619047619,5.25,0
"830",0.866666666666667,0.366451032888846,0.777777777777778,0.926136363636364,0.875,0.863636363636364,0.125,0.136363636363636,6.41666666666667,0.144736842105263
"831",0.766666666666667,0.415137088723933,0.631578947368421,0.785,0.6,0.85,0.4,0.15,4,0.470588235294118
"832",0.8,0.414294642546735,0.727272727272727,0.84688995215311,0.727272727272727,0.842105263157895,0.272727272727273,0.157894736842105,4.6060606060606,0.323863636363636
"833",0.833333333333333,0.336864953410482,0.736842105263158,0.962732919254658,1,0.782608695652174,0,0.217391304347826,4.6,0
"834",0.833333333333333,0.432235646115291,0.782608695652174,0.920814479638009,0.692307692307692,0.941176470588235,0.307692307692308,0.0588235294117647,11.7692307692308,0.326923076923077
"835",0.8,0.391035027296362,0.7,0.9275,0.7,0.85,0.3,0.15,4.66666666666667,0.352941176470588
"836",0.733333333333333,0.404243052049312,0.636363636363636,0.843915343915344,0.777777777777778,0.714285714285714,0.222222222222222,0.285714285714286,2.72222222222222,0.311111111111111
"837",0.833333333333333,0.327973046528119,0.666666666666667,0.913194444444445,0.833333333333333,0.833333333333333,0.166666666666667,0.166666666666667,5,0.2
"838",0.733333333333333,0.382293737515937,0.636363636363636,0.854497354497354,0.777777777777778,0.714285714285714,0.222222222222222,0.285714285714286,2.72222222222222,0.311111111111111
"839",0.833333333333333,0.419937110151303,0.761904761904762,0.960648148148148,0.666666666666667,0.944444444444444,0.333333333333333,0.0555555555555556,12,0.352941176470588
"840",0.9,0.37331533644398,0.842105263157895,0.841269841269841,0.888888888888889,0.904761904761905,0.111111111111111,0.0952380952380952,9.33333333333333,0.12280701754386
"841",0.7,0.431014929524253,0.608695652173913,0.751322751322751,0.777777777777778,0.666666666666667,0.222222222222222,0.333333333333333,2.33333333333333,0.333333333333333
"842",0.733333333333333,0.383784369495253,0.666666666666667,0.849206349206349,0.888888888888889,0.666666666666667,0.111111111111111,0.333333333333333,2.66666666666667,0.166666666666667
"843",0.733333333333333,0.466307971598082,0.636363636363636,0.74,0.7,0.75,0.3,0.25,2.8,0.4
"844",0.866666666666667,0.376075707602278,0.714285714285714,0.989417989417989,0.555555555555556,1,0.444444444444444,0,Inf,0.444444444444444
"845",0.766666666666667,0.393821181685362,0.533333333333333,0.668,0.8,0.76,0.2,0.24,3.33333333333333,0.263157894736842
"846",0.8,0.351002405968468,0.625,0.802083333333333,0.833333333333333,0.791666666666667,0.166666666666667,0.208333333333333,4,0.210526315789474
"847",0.733333333333333,0.381118320233112,0.6,0.81055900621118,0.857142857142857,0.695652173913043,0.142857142857143,0.304347826086957,2.81632653061224,0.205357142857143
"848",0.9,0.367112121471471,0.823529411764706,0.928977272727273,0.875,0.909090909090909,0.125,0.0909090909090909,9.625,0.1375
"849",0.666666666666667,0.441940322808366,0.5,0.77511961722488,0.454545454545455,0.789473684210526,0.545454545454545,0.210526315789474,2.15909090909091,0.690909090909091
"850",0.8,0.377279291311275,0.666666666666667,0.801242236024845,0.857142857142857,0.782608695652174,0.142857142857143,0.217391304347826,3.94285714285714,0.182539682539683
"851",0.7,0.476825379749043,0.571428571428571,0.661931818181818,0.75,0.681818181818182,0.25,0.318181818181818,2.35714285714286,0.366666666666667
"852",0.833333333333333,0.391017164099002,0.736842105263158,0.815340909090909,0.875,0.818181818181818,0.125,0.181818181818182,4.8125,0.152777777777778
"853",0.733333333333333,0.351036138294711,0.6,0.927083333333333,1,0.666666666666667,0,0.333333333333333,3,0
"854",0.8,0.381027799219988,0.75,0.873015873015873,1,0.714285714285714,0,0.285714285714286,3.5,0
"855",0.833333333333333,0.381998718725165,0.761904761904762,0.875661375661376,0.888888888888889,0.80952380952381,0.111111111111111,0.19047619047619,4.66666666666667,0.137254901960784
"856",0.833333333333333,0.358811194038215,0.8,0.8975,1,0.75,0,0.25,4,0
"857",0.866666666666667,0.359947462808829,0.8,0.835,0.8,0.9,0.2,0.1,8,0.222222222222222
"858",0.8,0.358230565346343,0.75,0.941798941798942,1,0.714285714285714,0,0.285714285714286,3.5,0
"859",0.866666666666667,0.365953350471383,0.818181818181818,0.920634920634921,1,0.80952380952381,0,0.19047619047619,5.25,0
"860",0.8,0.415260702806375,0.727272727272727,0.835978835978836,0.888888888888889,0.761904761904762,0.111111111111111,0.238095238095238,3.73333333333333,0.145833333333333
"861",0.766666666666667,0.448659788579083,0.695652173913043,0.789772727272727,1,0.681818181818182,0,0.318181818181818,3.14285714285714,0
"862",0.866666666666667,0.36520950251302,0.818181818181818,0.941798941798942,1,0.80952380952381,0,0.19047619047619,5.25,0
"863",0.833333333333333,0.388229172481747,0.761904761904762,0.899470899470899,0.888888888888889,0.80952380952381,0.111111111111111,0.19047619047619,4.66666666666667,0.137254901960784
"864",0.7,0.452294208143514,0.666666666666667,0.736842105263158,0.818181818181818,0.631578947368421,0.181818181818182,0.368421052631579,2.22077922077922,0.287878787878788
"865",0.733333333333333,0.413066197980114,0.692307692307692,0.7825,0.9,0.65,0.1,0.35,2.57142857142857,0.153846153846154
"866",0.8,0.414220342278188,0.666666666666667,0.779503105590062,0.857142857142857,0.782608695652174,0.142857142857143,0.217391304347826,3.94285714285714,0.182539682539683
"867",0.833333333333333,0.402300688216577,0.761904761904762,0.88755980861244,0.727272727272727,0.894736842105263,0.272727272727273,0.105263157894737,6.90909090909091,0.304812834224599
"868",0.7,0.440130910030494,0.64,0.807692307692308,0.615384615384615,0.764705882352941,0.384615384615385,0.235294117647059,2.61538461538461,0.502958579881657
"869",0.733333333333333,0.468689922020768,0.428571428571429,0.65625,0.375,0.863636363636364,0.625,0.136363636363636,2.75,0.723684210526316
"870",0.733333333333333,0.416141508052028,0.555555555555556,0.835,0.5,0.85,0.5,0.15,3.33333333333333,0.588235294117647
"871",0.833333333333333,0.368255473457898,0.761904761904762,0.899470899470899,0.888888888888889,0.80952380952381,0.111111111111111,0.19047619047619,4.66666666666667,0.137254901960784
"872",0.8,0.375872544879833,0.727272727272727,0.896825396825397,0.888888888888889,0.761904761904762,0.111111111111111,0.238095238095238,3.73333333333333,0.145833333333333
"873",0.8,0.348810741858144,0.625,0.87888198757764,0.714285714285714,0.826086956521739,0.285714285714286,0.173913043478261,4.10714285714286,0.345864661654135
"874",0.7,0.423522296750388,0.608695652173913,0.710227272727273,0.875,0.636363636363636,0.125,0.363636363636364,2.40625,0.196428571428571
"875",0.766666666666667,0.37046291810246,0.666666666666667,0.835227272727273,0.875,0.727272727272727,0.125,0.272727272727273,3.20833333333333,0.171875
"876",0.8,0.379393622996669,0.75,0.8275,0.9,0.75,0.1,0.25,3.6,0.133333333333333
"877",0.866666666666667,0.384506247016859,0.8,0.9325,0.8,0.9,0.2,0.1,8,0.222222222222222
"878",0.833333333333333,0.42122804391325,0.814814814814815,0.877828054298643,0.846153846153846,0.823529411764706,0.153846153846154,0.176470588235294,4.79487179487179,0.186813186813187
"879",0.866666666666667,0.36657669435531,0.777777777777778,0.862433862433862,0.777777777777778,0.904761904761905,0.222222222222222,0.0952380952380952,8.16666666666667,0.245614035087719
"880",0.733333333333333,0.413539246824023,0.666666666666667,0.775,0.8,0.7,0.2,0.3,2.66666666666667,0.285714285714286
"881",0.766666666666667,0.381745903009471,0.666666666666667,0.849431818181818,0.875,0.727272727272727,0.125,0.272727272727273,3.20833333333333,0.171875
"882",0.866666666666667,0.374553204138895,0.857142857142857,0.921296296296296,1,0.777777777777778,0,0.222222222222222,4.5,0
"883",0.733333333333333,0.366408106787097,0.555555555555556,0.770186335403727,0.714285714285714,0.739130434782609,0.285714285714286,0.260869565217391,2.73809523809524,0.38655462184874
"884",0.666666666666667,0.409640211268665,0.545454545454545,0.706349206349206,0.666666666666667,0.666666666666667,0.333333333333333,0.333333333333333,2,0.5
"885",0.8,0.369921770027065,0.625,0.857954545454545,0.625,0.863636363636364,0.375,0.136363636363636,4.58333333333333,0.434210526315789
"886",0.766666666666667,0.409281509810212,0.588235294117647,0.8125,0.5,0.9,0.5,0.1,5,0.555555555555556
"887",0.833333333333333,0.384146068576315,0.761904761904762,0.892344497607656,0.727272727272727,0.894736842105263,0.272727272727273,0.105263157894737,6.90909090909091,0.304812834224599
"888",0.766666666666667,0.368581035660508,0.72,0.870813397129187,0.818181818181818,0.736842105263158,0.181818181818182,0.263157894736842,3.10909090909091,0.246753246753247
"889",0.833333333333333,0.374579243425459,0.8,0.889952153110048,0.909090909090909,0.789473684210526,0.0909090909090909,0.210526315789474,4.31818181818182,0.115151515151515
"890",0.833333333333333,0.321502691630779,0.761904761904762,0.9375,1,0.772727272727273,0,0.227272727272727,4.4,0
"891",0.833333333333333,0.390689836997056,0.761904761904762,0.8975,0.8,0.85,0.2,0.15,5.33333333333333,0.235294117647059
"892",0.766666666666667,0.409823815485277,0.631578947368421,0.81,0.6,0.85,0.4,0.15,4,0.470588235294118
"893",0.766666666666667,0.395564563880192,0.666666666666667,0.84688995215311,0.636363636363636,0.842105263157895,0.363636363636364,0.157894736842105,4.03030303030303,0.431818181818182
"894",0.733333333333333,0.457905362067824,0.555555555555556,0.777777777777778,0.833333333333333,0.708333333333333,0.166666666666667,0.291666666666667,2.85714285714286,0.235294117647059
"895",0.766666666666667,0.397084631463026,0.631578947368421,0.775568181818182,0.75,0.772727272727273,0.25,0.227272727272727,3.3,0.323529411764706
"896",0.733333333333333,0.414589333753995,0.636363636363636,0.793650793650794,0.777777777777778,0.714285714285714,0.222222222222222,0.285714285714286,2.72222222222222,0.311111111111111
"897",0.8,0.409773647714699,0.785714285714286,0.849537037037037,0.916666666666667,0.722222222222222,0.0833333333333334,0.277777777777778,3.3,0.115384615384615
"898",0.733333333333333,0.438598582604577,0.666666666666667,0.788359788359788,0.888888888888889,0.666666666666667,0.111111111111111,0.333333333333333,2.66666666666667,0.166666666666667
"899",0.633333333333333,0.519095513599667,0.352941176470588,0.687782805429864,0.230769230769231,0.941176470588235,0.769230769230769,0.0588235294117647,3.92307692307692,0.817307692307692
"900",0.9,0.351056201438367,0.823529411764706,0.926136363636364,0.875,0.909090909090909,0.125,0.0909090909090909,9.625,0.1375
"901",0.7,0.426268847091913,0.64,0.763888888888889,0.666666666666667,0.722222222222222,0.333333333333333,0.277777777777778,2.4,0.461538461538462
"902",0.8,0.369009853885243,0.7,0.830687830687831,0.777777777777778,0.80952380952381,0.222222222222222,0.19047619047619,4.08333333333333,0.274509803921569
"903",0.8,0.353060695018583,0.625,0.833333333333333,0.833333333333333,0.791666666666667,0.166666666666667,0.208333333333333,4,0.210526315789474
"904",0.733333333333333,0.357983068984026,0.555555555555556,0.854166666666667,0.833333333333333,0.708333333333333,0.166666666666667,0.291666666666667,2.85714285714286,0.235294117647059
"905",0.733333333333333,0.384738450595311,0.692307692307692,0.857142857142857,1,0.619047619047619,0,0.380952380952381,2.625,0
"906",0.8,0.366464165705551,0.625,0.804347826086956,0.714285714285714,0.826086956521739,0.285714285714286,0.173913043478261,4.10714285714286,0.345864661654135
"907",0.8,0.364595541491608,0.666666666666667,0.87888198757764,0.857142857142857,0.782608695652174,0.142857142857143,0.217391304347826,3.94285714285714,0.182539682539683
"908",0.866666666666667,0.378405143915963,0.8,0.85978835978836,0.888888888888889,0.857142857142857,0.111111111111111,0.142857142857143,6.22222222222222,0.12962962962963
"909",0.733333333333333,0.440778489402584,0.6,0.758373205741627,0.545454545454545,0.842105263157895,0.454545454545455,0.157894736842105,3.45454545454545,0.539772727272727
"910",0.7,0.40944717330327,0.666666666666667,0.796296296296296,1,0.571428571428571,0,0.428571428571429,2.33333333333333,0
"911",0.766666666666667,0.369180791331183,0.533333333333333,0.760869565217391,0.571428571428571,0.826086956521739,0.428571428571429,0.173913043478261,3.28571428571429,0.518796992481203
"912",0.766666666666667,0.384606972418326,0.666666666666667,0.830687830687831,0.777777777777778,0.761904761904762,0.222222222222222,0.238095238095238,3.26666666666667,0.291666666666667
"913",0.833333333333333,0.393669868108393,0.666666666666667,0.763975155279503,0.714285714285714,0.869565217391304,0.285714285714286,0.130434782608696,5.47619047619048,0.328571428571429
"914",0.966666666666667,0.348821723646767,0.952380952380952,0.95,1,0.95,0,0.05,20,0
"915",0.866666666666667,0.407372033549639,0.833333333333333,0.865,1,0.8,0,0.2,5,0
"916",0.8,0.455191660057199,0.727272727272727,0.866515837104072,0.615384615384615,0.941176470588235,0.384615384615385,0.0588235294117647,10.4615384615385,0.408653846153846
"917",0.833333333333333,0.406718046348085,0.705882352941177,0.865,0.6,0.95,0.4,0.05,12,0.421052631578947
"918",0.766666666666667,0.382059576438235,0.631578947368421,0.9125,0.6,0.85,0.4,0.15,4,0.470588235294118
"919",0.833333333333333,0.382150714951117,0.761904761904762,0.92,0.8,0.85,0.2,0.15,5.33333333333333,0.235294117647059
"920",0.733333333333333,0.428263115587356,0.5,0.74,0.4,0.9,0.6,0.1,4,0.666666666666667
"921",0.833333333333333,0.38145815861209,0.761904761904762,0.897727272727273,1,0.772727272727273,0,0.227272727272727,4.4,0
"922",0.833333333333333,0.382197580231747,0.761904761904762,0.889204545454545,1,0.772727272727273,0,0.227272727272727,4.4,0
"923",0.766666666666667,0.37268532941489,0.695652173913043,0.854497354497354,0.888888888888889,0.714285714285714,0.111111111111111,0.285714285714286,3.11111111111111,0.155555555555556
"924",0.833333333333333,0.365096799084842,0.761904761904762,0.923295454545455,1,0.772727272727273,0,0.227272727272727,4.4,0
"925",0.8,0.344777374853326,0.666666666666667,0.916149068322981,0.857142857142857,0.782608695652174,0.142857142857143,0.217391304347826,3.94285714285714,0.182539682539683
"926",0.933333333333333,0.356735849379907,0.888888888888889,0.988636363636364,1,0.909090909090909,0,0.0909090909090909,11,0
"927",0.733333333333333,0.393517220321506,0.666666666666667,0.8225,0.8,0.7,0.2,0.3,2.66666666666667,0.285714285714286
"928",0.833333333333333,0.393811865817421,0.666666666666667,0.760416666666667,0.833333333333333,0.833333333333333,0.166666666666667,0.166666666666667,5,0.2
"929",0.766666666666667,0.390189920785809,0.666666666666667,0.843915343915344,0.777777777777778,0.761904761904762,0.222222222222222,0.238095238095238,3.26666666666667,0.291666666666667
"930",0.8,0.395940442571732,0.727272727272727,0.851851851851852,0.888888888888889,0.761904761904762,0.111111111111111,0.238095238095238,3.73333333333333,0.145833333333333
"931",0.7,0.455566900820766,0.307692307692308,0.721590909090909,0.25,0.863636363636364,0.75,0.136363636363636,1.83333333333333,0.868421052631579
"932",0.766666666666667,0.36660393789716,0.695652173913043,0.880681818181818,1,0.681818181818182,0,0.318181818181818,3.14285714285714,0
"933",0.833333333333333,0.352431591230974,0.761904761904762,0.9375,1,0.772727272727273,0,0.227272727272727,4.4,0
"934",0.8,0.400106040411041,0.571428571428571,0.854497354497354,0.444444444444444,0.952380952380952,0.555555555555556,0.0476190476190477,9.33333333333332,0.583333333333333
"935",0.8,0.383083578278334,0.7,0.872159090909091,0.875,0.772727272727273,0.125,0.227272727272727,3.85,0.161764705882353
"936",0.733333333333333,0.490031139126635,0.666666666666667,0.8,0.533333333333333,0.933333333333333,0.466666666666667,0.0666666666666667,8,0.5
"937",0.8,0.428407633908878,0.75,0.835648148148148,0.75,0.833333333333333,0.25,0.166666666666667,4.5,0.3
"938",0.666666666666667,0.432898052921942,0.444444444444444,0.724,0.8,0.64,0.2,0.36,2.22222222222222,0.3125
"939",0.666666666666667,0.457964494493992,0.5,0.698757763975155,0.714285714285714,0.652173913043478,0.285714285714286,0.347826086956522,2.05357142857143,0.438095238095238
"940",0.866666666666667,0.355264537621313,0.8,0.875661375661376,0.888888888888889,0.857142857142857,0.111111111111111,0.142857142857143,6.22222222222222,0.12962962962963
"941",0.766666666666667,0.358176147924768,0.631578947368421,0.857954545454545,0.75,0.772727272727273,0.25,0.227272727272727,3.3,0.323529411764706
"942",0.8,0.374004926937707,0.7,0.873015873015873,0.777777777777778,0.80952380952381,0.222222222222222,0.19047619047619,4.08333333333333,0.274509803921569
"943",0.766666666666667,0.392740435648422,0.631578947368421,0.803977272727273,0.75,0.772727272727273,0.25,0.227272727272727,3.3,0.323529411764706
"944",0.9,0.374495801645009,0.842105263157895,0.93,0.8,0.95,0.2,0.05,16,0.210526315789474
"945",0.766666666666667,0.38847768632259,0.588235294117647,0.876,1,0.72,0,0.28,3.57142857142857,0
"946",0.7,0.471781259910417,0.526315789473684,0.705741626794258,0.454545454545455,0.842105263157895,0.545454545454545,0.157894736842105,2.87878787878788,0.647727272727273
"947",0.9,0.346412274771966,0.823529411764706,0.883522727272727,0.875,0.909090909090909,0.125,0.0909090909090909,9.625,0.1375
"948",0.766666666666667,0.419718264009571,0.72,0.80952380952381,1,0.666666666666667,0,0.333333333333333,3,0
"949",0.733333333333333,0.448940258082324,0.6,0.746411483253589,0.545454545454545,0.842105263157895,0.454545454545455,0.157894736842105,3.45454545454545,0.539772727272727
"950",0.766666666666667,0.397078317007035,0.695652173913043,0.804232804232804,0.888888888888889,0.714285714285714,0.111111111111111,0.285714285714286,3.11111111111111,0.155555555555556
"951",0.733333333333333,0.407819806260024,0.666666666666667,0.793650793650794,0.888888888888889,0.666666666666667,0.111111111111111,0.333333333333333,2.66666666666667,0.166666666666667
"952",0.766666666666667,0.392013332174836,0.631578947368421,0.847222222222222,1,0.708333333333333,0,0.291666666666667,3.42857142857143,0
"953",0.9,0.379679302017533,0.842105263157895,0.900568181818182,1,0.863636363636364,0,0.136363636363636,7.33333333333333,0
"954",0.833333333333333,0.347363057011282,0.705882352941177,0.928571428571429,0.857142857142857,0.826086956521739,0.142857142857143,0.173913043478261,4.92857142857143,0.172932330827068
"955",0.7,0.384416893389281,0.64,0.875661375661376,0.888888888888889,0.619047619047619,0.111111111111111,0.380952380952381,2.33333333333333,0.17948717948718
"956",0.8,0.387884686684016,0.727272727272727,0.873015873015873,0.888888888888889,0.761904761904762,0.111111111111111,0.238095238095238,3.73333333333333,0.145833333333333
"957",0.733333333333333,0.407179434099395,0.666666666666667,0.818181818181818,0.727272727272727,0.736842105263158,0.272727272727273,0.263157894736842,2.76363636363636,0.37012987012987
"958",0.8,0.370646504676747,0.769230769230769,0.8875,1,0.7,0,0.3,3.33333333333333,0
"959",0.733333333333333,0.437638430481225,0.666666666666667,0.789351851851852,0.666666666666667,0.777777777777778,0.333333333333333,0.222222222222222,3,0.428571428571429
"960",0.7,0.423150663636029,0.571428571428571,0.698412698412698,0.666666666666667,0.714285714285714,0.333333333333333,0.285714285714286,2.33333333333333,0.466666666666667
"961",0.833333333333333,0.427332044002824,0.761904761904762,0.916666666666667,0.666666666666667,0.944444444444444,0.333333333333333,0.0555555555555556,12,0.352941176470588
"962",0.733333333333333,0.465604416935817,0.692307692307692,0.792410714285714,0.642857142857143,0.8125,0.357142857142857,0.1875,3.42857142857143,0.439560439560439
"963",0.833333333333333,0.393431801375093,0.761904761904762,0.873205741626794,0.727272727272727,0.894736842105263,0.272727272727273,0.105263157894737,6.90909090909091,0.304812834224599
"964",0.866666666666667,0.322611428900225,0.714285714285714,0.888888888888889,0.833333333333333,0.875,0.166666666666667,0.125,6.66666666666667,0.19047619047619
"965",0.633333333333333,0.518521776680488,0.476190476190476,0.671945701357466,0.384615384615385,0.823529411764706,0.615384615384615,0.176470588235294,2.17948717948718,0.747252747252747
"966",0.8,0.379680682298033,0.727272727272727,0.851851851851852,0.888888888888889,0.761904761904762,0.111111111111111,0.238095238095238,3.73333333333333,0.145833333333333
"967",0.866666666666667,0.407866374875458,0.818181818181818,0.886574074074074,0.75,0.944444444444444,0.25,0.0555555555555556,13.5,0.264705882352941
"968",0.8,0.443693356919081,0.727272727272727,0.920814479638009,0.615384615384615,0.941176470588235,0.384615384615385,0.0588235294117647,10.4615384615385,0.408653846153846
"969",0.8,0.453189315458156,0.727272727272727,0.834841628959276,0.615384615384615,0.941176470588235,0.384615384615385,0.0588235294117647,10.4615384615385,0.408653846153846
"970",0.8,0.396001691223456,0.666666666666667,0.845,0.6,0.9,0.4,0.1,6,0.444444444444444
"971",0.633333333333333,0.511455074113649,0.521739130434783,0.773333333333333,0.4,0.866666666666667,0.6,0.133333333333333,3,0.692307692307692
"972",0.633333333333333,0.465107697170853,0.421052631578947,0.846153846153846,1,0.576923076923077,0,0.423076923076923,2.36363636363636,0
"973",0.666666666666667,0.473777637844365,0.545454545454545,0.710526315789474,0.545454545454545,0.736842105263158,0.454545454545455,0.263157894736842,2.07272727272727,0.616883116883117
"974",0.766666666666667,0.442248527454226,0.588235294117647,0.73,0.5,0.9,0.5,0.1,5,0.555555555555556
"975",0.7,0.427499559665869,0.64,0.826388888888889,0.666666666666667,0.722222222222222,0.333333333333333,0.277777777777778,2.4,0.461538461538462
"976",0.866666666666667,0.354082358860048,0.714285714285714,0.866459627329193,0.714285714285714,0.91304347826087,0.285714285714286,0.0869565217391305,8.21428571428571,0.312925170068027
"977",0.833333333333333,0.398232230077825,0.666666666666667,0.885,0.5,1,0.5,0,Inf,0.5
"978",0.8,0.404132198139898,0.727272727272727,0.835978835978836,0.888888888888889,0.761904761904762,0.111111111111111,0.238095238095238,3.73333333333333,0.145833333333333
"979",0.7,0.432773855238519,0.526315789473684,0.713068181818182,0.625,0.727272727272727,0.375,0.272727272727273,2.29166666666667,0.515625
"980",0.8,0.460018619468346,0.727272727272727,0.843891402714932,0.615384615384615,0.941176470588235,0.384615384615385,0.0588235294117647,10.4615384615385,0.408653846153846
"981",0.766666666666667,0.39249150156561,0.588235294117647,0.82010582010582,0.555555555555556,0.857142857142857,0.444444444444444,0.142857142857143,3.88888888888889,0.518518518518518
"982",0.866666666666667,0.399456155198694,0.777777777777778,0.8675,0.7,0.95,0.3,0.05,14,0.315789473684211
"983",0.733333333333333,0.446951712306078,0.636363636363636,0.727513227513227,0.777777777777778,0.714285714285714,0.222222222222222,0.285714285714286,2.72222222222222,0.311111111111111
"984",0.7,0.457651528824332,0.571428571428571,0.777777777777778,0.5,0.833333333333333,0.5,0.166666666666667,3,0.6
"985",0.733333333333333,0.462017213552628,0.636363636363636,0.80316742081448,0.538461538461538,0.882352941176471,0.461538461538462,0.117647058823529,4.57692307692308,0.523076923076923
"986",0.666666666666667,0.425850688033536,0.615384615384615,0.7425,0.8,0.6,0.2,0.4,2,0.333333333333333
"987",0.8,0.324207646701756,0.666666666666667,0.906832298136646,0.857142857142857,0.782608695652174,0.142857142857143,0.217391304347826,3.94285714285714,0.182539682539683
"988",0.866666666666667,0.354717681890552,0.714285714285714,0.760869565217391,0.714285714285714,0.91304347826087,0.285714285714286,0.0869565217391305,8.21428571428571,0.312925170068027
"989",0.833333333333333,0.407635143992246,0.705882352941177,0.925837320574163,0.545454545454545,1,0.454545454545455,0,Inf,0.454545454545455
"990",0.7,0.471452094574186,0.470588235294118,0.729166666666667,0.666666666666667,0.708333333333333,0.333333333333333,0.291666666666667,2.28571428571429,0.470588235294118
"991",0.833333333333333,0.387003573713045,0.705882352941177,0.832386363636364,0.75,0.863636363636364,0.25,0.136363636363636,5.5,0.289473684210526
"992",0.733333333333333,0.463017095284406,0.6,0.868778280542986,0.461538461538462,0.941176470588235,0.538461538461538,0.0588235294117647,7.84615384615384,0.572115384615385
"993",0.8,0.379893402016974,0.625,0.821022727272727,0.625,0.863636363636364,0.375,0.136363636363636,4.58333333333333,0.434210526315789
"994",0.733333333333333,0.410496405523463,0.666666666666667,0.801587301587302,0.888888888888889,0.666666666666667,0.111111111111111,0.333333333333333,2.66666666666667,0.166666666666667
"995",0.766666666666667,0.364168446738803,0.695652173913043,0.878306878306878,0.888888888888889,0.714285714285714,0.111111111111111,0.285714285714286,3.11111111111111,0.155555555555556
"996",0.733333333333333,0.472109048190342,0.666666666666667,0.798642533936652,0.615384615384615,0.823529411764706,0.384615384615385,0.176470588235294,3.48717948717949,0.467032967032967
"997",0.866666666666667,0.341820083740898,0.777777777777778,0.872159090909091,0.875,0.863636363636364,0.125,0.136363636363636,6.41666666666667,0.144736842105263
"998",0.666666666666667,0.456578009322891,0.545454545454545,0.766203703703704,0.5,0.777777777777778,0.5,0.222222222222222,2.25,0.642857142857143
"999",0.9,0.406331686613293,0.869565217391304,0.8825,1,0.85,0,0.15,6.66666666666667,0
"1000",0.766666666666667,0.414645351933747,0.631578947368421,0.8025,0.6,0.85,0.4,0.15,4,0.470588235294118
"1001",0.733333333333333,0.442910578501981,0.428571428571429,0.7525,0.3,0.95,0.7,0.05,5.99999999999999,0.736842105263158
"1002",0.766666666666667,0.414099126545517,0.72,0.82,0.9,0.7,0.1,0.3,3,0.142857142857143
"1003",0.766666666666667,0.41658351273443,0.588235294117647,0.835,0.5,0.9,0.5,0.1,5,0.555555555555556
"1004",0.766666666666667,0.377263193512596,0.631578947368421,0.826704545454545,0.75,0.772727272727273,0.25,0.227272727272727,3.3,0.323529411764706
"1005",0.766666666666667,0.374142124105087,0.695652173913043,0.897727272727273,1,0.681818181818182,0,0.318181818181818,3.14285714285714,0
"1006",0.7,0.46521337281389,0.526315789473684,0.864253393665158,0.384615384615385,0.941176470588235,0.615384615384615,0.0588235294117647,6.53846153846154,0.653846153846154
"1007",0.733333333333333,0.337900710057769,0.6,0.947916666666667,1,0.666666666666667,0,0.333333333333333,3,0
"1008",0.833333333333333,0.396952664710309,0.705882352941177,0.8275,0.6,0.95,0.4,0.05,12,0.421052631578947
"1009",0.766666666666667,0.434868731172049,0.695652173913043,0.833333333333333,0.666666666666667,0.833333333333333,0.333333333333333,0.166666666666667,4,0.4
"1010",0.7,0.523106082245902,0.526315789473684,0.630681818181818,0.625,0.727272727272727,0.375,0.272727272727273,2.29166666666667,0.515625
"1011",0.9,0.306339008049739,0.857142857142857,0.952380952380952,1,0.857142857142857,0,0.142857142857143,7,0
"1012",0.766666666666667,0.376797669125591,0.666666666666667,0.823863636363636,0.875,0.727272727272727,0.125,0.272727272727273,3.20833333333333,0.171875
"1013",0.6,0.567135649535654,0.454545454545455,0.744444444444444,0.333333333333333,0.866666666666667,0.666666666666667,0.133333333333333,2.5,0.769230769230769
"1014",0.766666666666667,0.393877925624346,0.631578947368421,0.89,0.6,0.85,0.4,0.15,4,0.470588235294118
"1015",0.8,0.388326618520756,0.7,0.9175,0.7,0.85,0.3,0.15,4.66666666666667,0.352941176470588
"1016",0.833333333333333,0.382451383371243,0.705882352941177,0.944444444444444,0.666666666666667,0.904761904761905,0.333333333333333,0.0952380952380952,7,0.368421052631579
"1017",0.733333333333333,0.459781253331709,0.666666666666667,0.816742081447964,0.615384615384615,0.823529411764706,0.384615384615385,0.176470588235294,3.48717948717949,0.467032967032967
"1018",0.8,0.41218502198096,0.7,0.818181818181818,0.636363636363636,0.894736842105263,0.363636363636364,0.105263157894737,6.04545454545455,0.406417112299465
"1019",0.666666666666667,0.45842901242138,0.545454545454545,0.680124223602484,0.857142857142857,0.608695652173913,0.142857142857143,0.391304347826087,2.19047619047619,0.23469387755102
"1020",0.8,0.386952594649937,0.571428571428571,0.812169312169312,0.444444444444444,0.952380952380952,0.555555555555556,0.0476190476190477,9.33333333333332,0.583333333333333
"1021",0.666666666666667,0.396942490631264,0.444444444444444,0.743055555555556,0.666666666666667,0.666666666666667,0.333333333333333,0.333333333333333,2,0.5
"1022",0.866666666666667,0.332266632396491,0.75,0.923611111111111,1,0.833333333333333,0,0.166666666666667,6,0
"1023",0.866666666666667,0.362038368799248,0.777777777777778,0.917613636363636,0.875,0.863636363636364,0.125,0.136363636363636,6.41666666666667,0.144736842105263
"1024",0.766666666666667,0.441669524785889,0.461538461538462,0.761904761904762,0.333333333333333,0.952380952380952,0.666666666666667,0.0476190476190477,6.99999999999999,0.7
"1025",0.733333333333333,0.399517029960978,0.692307692307692,0.825396825396825,1,0.619047619047619,0,0.380952380952381,2.625,0
"1026",0.733333333333333,0.339018182167334,0.6,0.944444444444445,1,0.666666666666667,0,0.333333333333333,3,0
"1027",0.833333333333333,0.40472479830961,0.8,0.891203703703704,0.833333333333333,0.833333333333333,0.166666666666667,0.166666666666667,5,0.2
"1028",0.866666666666667,0.366806764961256,0.714285714285714,0.847826086956522,0.714285714285714,0.91304347826087,0.285714285714286,0.0869565217391305,8.21428571428571,0.312925170068027
"1029",0.8,0.354491854930312,0.666666666666667,0.897515527950311,0.857142857142857,0.782608695652174,0.142857142857143,0.217391304347826,3.94285714285714,0.182539682539683
"1030",0.766666666666667,0.46681158899327,0.666666666666667,0.789592760180995,0.538461538461538,0.941176470588235,0.461538461538462,0.0588235294117647,9.15384615384615,0.490384615384615
"1031",0.833333333333333,0.386280480486574,0.705882352941177,0.801136363636364,0.75,0.863636363636364,0.25,0.136363636363636,5.5,0.289473684210526
"1032",0.766666666666667,0.454256169553651,0.695652173913043,0.868778280542986,0.615384615384615,0.882352941176471,0.384615384615385,0.117647058823529,5.23076923076923,0.435897435897436
"1033",0.633333333333333,0.556717509016408,0.521739130434783,0.765625,0.375,0.928571428571429,0.625,0.0714285714285714,5.25,0.673076923076923
"1034",0.733333333333333,0.425777496548761,0.6,0.75,0.6,0.8,0.4,0.2,3,0.5
"1035",0.7,0.416582826453037,0.64,0.756613756613757,0.888888888888889,0.619047619047619,0.111111111111111,0.380952380952381,2.33333333333333,0.17948717948718
"1036",0.766666666666667,0.402647645882603,0.695652173913043,0.866028708133971,0.727272727272727,0.789473684210526,0.272727272727273,0.210526315789474,3.45454545454546,0.345454545454545
"1037",0.8,0.398182147239383,0.727272727272727,0.868055555555556,0.666666666666667,0.888888888888889,0.333333333333333,0.111111111111111,6,0.375
"1038",0.766666666666667,0.380201096265595,0.72,0.8875,0.9,0.7,0.1,0.3,3,0.142857142857143
"1039",0.866666666666667,0.352548374856494,0.777777777777778,0.889204545454545,0.875,0.863636363636364,0.125,0.136363636363636,6.41666666666667,0.144736842105263
"1040",0.766666666666667,0.387220626739997,0.631578947368421,0.836805555555556,1,0.708333333333333,0,0.291666666666667,3.42857142857143,0
"1041",0.866666666666667,0.362782612792778,0.8,0.886243386243386,0.888888888888889,0.857142857142857,0.111111111111111,0.142857142857143,6.22222222222222,0.12962962962963
"1042",0.766666666666667,0.426036992127257,0.631578947368421,0.87799043062201,0.545454545454545,0.894736842105263,0.454545454545455,0.105263157894737,5.18181818181818,0.508021390374332
"1043",0.766666666666667,0.378246771734977,0.631578947368421,0.801136363636364,0.75,0.772727272727273,0.25,0.227272727272727,3.3,0.323529411764706
"1044",0.8,0.394047757469502,0.727272727272727,0.85978835978836,0.888888888888889,0.761904761904762,0.111111111111111,0.238095238095238,3.73333333333333,0.145833333333333
"1045",0.833333333333333,0.401730787868749,0.705882352941177,0.89,0.6,0.95,0.4,0.05,12,0.421052631578947
"1046",0.8,0.424159953996979,0.571428571428571,0.7675,0.4,1,0.6,0,Inf,0.6
"1047",0.7,0.457255689811394,0.526315789473684,0.696022727272727,0.625,0.727272727272727,0.375,0.272727272727273,2.29166666666667,0.515625
"1048",0.7,0.335228032219387,0.64,0.96875,1,0.590909090909091,0,0.409090909090909,2.44444444444444,0
"1049",0.766666666666667,0.397065001484954,0.588235294117647,0.791666666666667,0.833333333333333,0.75,0.166666666666667,0.25,3.33333333333333,0.222222222222222
"1050",0.866666666666667,0.368200496778686,0.777777777777778,0.855113636363636,0.875,0.863636363636364,0.125,0.136363636363636,6.41666666666667,0.144736842105263
"1051",0.9,0.360914074408412,0.8,0.863354037267081,0.857142857142857,0.91304347826087,0.142857142857143,0.0869565217391305,9.85714285714285,0.156462585034014
"1052",0.866666666666667,0.393417343755697,0.846153846153846,0.885167464114832,1,0.789473684210526,0,0.210526315789474,4.75,0
"1053",0.9,0.384656660854587,0.869565217391304,0.9075,1,0.85,0,0.15,6.66666666666667,0
"1054",0.833333333333333,0.407988949954619,0.782608695652174,0.962962962962963,0.75,0.888888888888889,0.25,0.111111111111111,6.75,0.28125
"1055",0.833333333333333,0.44217604393681,0.736842105263158,0.741626794258373,0.636363636363636,0.947368421052632,0.363636363636364,0.0526315789473685,12.0909090909091,0.383838383838384
"1056",0.833333333333333,0.4189321424066,0.761904761904762,0.949074074074074,0.666666666666667,0.944444444444444,0.333333333333333,0.0555555555555556,12,0.352941176470588
"1057",0.833333333333333,0.378405912898643,0.736842105263158,0.806818181818182,0.875,0.818181818181818,0.125,0.181818181818182,4.8125,0.152777777777778
"1058",0.633333333333333,0.426431361465107,0.352941176470588,0.727513227513227,0.333333333333333,0.761904761904762,0.666666666666667,0.238095238095238,1.4,0.875
"1059",0.8,0.404310143656874,0.727272727272727,0.822751322751323,0.888888888888889,0.761904761904762,0.111111111111111,0.238095238095238,3.73333333333333,0.145833333333333
"1060",0.833333333333333,0.365570225227476,0.782608695652174,0.920634920634921,1,0.761904761904762,0,0.238095238095238,4.2,0
"1061",0.833333333333333,0.381302156142866,0.705882352941177,0.854166666666667,1,0.791666666666667,0,0.208333333333333,4.8,0
"1062",0.8,0.370574642109306,0.625,0.822981366459627,0.714285714285714,0.826086956521739,0.285714285714286,0.173913043478261,4.10714285714286,0.345864661654135
"1063",0.766666666666667,0.368777590722505,0.588235294117647,0.795138888888889,0.833333333333333,0.75,0.166666666666667,0.25,3.33333333333333,0.222222222222222
"1064",0.733333333333333,0.417687689791591,0.555555555555556,0.75,0.5,0.85,0.5,0.15,3.33333333333333,0.588235294117647
"1065",0.8,0.428284508604645,0.7,0.819444444444445,0.583333333333333,0.944444444444444,0.416666666666667,0.0555555555555556,10.5,0.441176470588235
"1066",0.8,0.406535619434421,0.785714285714286,0.813397129186603,1,0.684210526315789,0,0.315789473684211,3.16666666666667,0
"1067",0.833333333333333,0.369979457650485,0.782608695652174,0.925925925925926,1,0.761904761904762,0,0.238095238095238,4.2,0
"1068",0.766666666666667,0.366046321970112,0.631578947368421,0.80952380952381,0.666666666666667,0.80952380952381,0.333333333333333,0.19047619047619,3.5,0.411764705882353
"1069",0.766666666666667,0.398560180113879,0.631578947368421,0.821022727272727,0.75,0.772727272727273,0.25,0.227272727272727,3.3,0.323529411764706
"1070",0.766666666666667,0.394405865170224,0.588235294117647,0.835978835978836,0.555555555555556,0.857142857142857,0.444444444444444,0.142857142857143,3.88888888888889,0.518518518518518
"1071",0.6,0.376657298185117,0.4,0.8,0.8,0.56,0.2,0.44,1.81818181818182,0.357142857142857
"1072",0.8,0.395514155860989,0.666666666666667,0.835227272727273,0.75,0.818181818181818,0.25,0.181818181818182,4.125,0.305555555555556
"1073",0.7,0.431914413950132,0.571428571428571,0.80622009569378,0.545454545454545,0.789473684210526,0.454545454545455,0.210526315789474,2.59090909090909,0.575757575757576
"1074",0.733333333333333,0.417952030171804,0.666666666666667,0.8025,0.8,0.7,0.2,0.3,2.66666666666667,0.285714285714286
"1075",0.733333333333333,0.479765242743213,0.6,0.834841628959276,0.461538461538462,0.941176470588235,0.538461538461538,0.0588235294117647,7.84615384615384,0.572115384615385
"1076",0.8,0.392074053636333,0.727272727272727,0.825396825396825,0.888888888888889,0.761904761904762,0.111111111111111,0.238095238095238,3.73333333333333,0.145833333333333
"1077",0.7,0.481109616725465,0.526315789473684,0.686602870813397,0.454545454545455,0.842105263157895,0.545454545454545,0.157894736842105,2.87878787878788,0.647727272727273
"1078",0.766666666666667,0.389642725188824,0.588235294117647,0.816770186335404,0.714285714285714,0.782608695652174,0.285714285714286,0.217391304347826,3.28571428571429,0.365079365079365
"1079",0.766666666666667,0.393492991567641,0.695652173913043,0.835978835978836,0.888888888888889,0.714285714285714,0.111111111111111,0.285714285714286,3.11111111111111,0.155555555555556
"1080",0.766666666666667,0.35300260493414,0.72,0.947089947089947,1,0.666666666666667,0,0.333333333333333,3,0
"1081",0.833333333333333,0.412115688903861,0.761904761904762,0.775,0.8,0.85,0.2,0.15,5.33333333333333,0.235294117647059
"1082",0.766666666666667,0.402731592204691,0.695652173913043,0.87037037037037,0.666666666666667,0.833333333333333,0.333333333333333,0.166666666666667,4,0.4
"1083",0.833333333333333,0.422207352032557,0.782608695652174,0.925925925925926,0.75,0.888888888888889,0.25,0.111111111111111,6.75,0.28125
"1084",0.666666666666667,0.447244001519506,0.615384615384615,0.775568181818182,1,0.545454545454545,0,0.454545454545455,2.2,0
"1085",0.8,0.440743733627876,0.727272727272727,0.902777777777778,0.666666666666667,0.888888888888889,0.333333333333333,0.111111111111111,6,0.375
"1086",0.733333333333333,0.387417458139233,0.555555555555556,0.784722222222222,0.833333333333333,0.708333333333333,0.166666666666667,0.291666666666667,2.85714285714286,0.235294117647059
"1087",0.8,0.373397782187543,0.5,0.72360248447205,0.428571428571429,0.91304347826087,0.571428571428571,0.0869565217391305,4.92857142857143,0.625850340136054
"1088",0.833333333333333,0.33919637305774,0.666666666666667,0.871527777777778,0.833333333333333,0.833333333333333,0.166666666666667,0.166666666666667,5,0.2
"1089",0.9,0.374811351157909,0.842105263157895,0.9525,0.8,0.95,0.2,0.05,16,0.210526315789474
"1090",0.666666666666667,0.484565720591137,0.5,0.729665071770335,0.454545454545455,0.789473684210526,0.545454545454545,0.210526315789474,2.15909090909091,0.690909090909091
"1091",0.766666666666667,0.416990463646504,0.631578947368421,0.916267942583732,0.545454545454545,0.894736842105263,0.454545454545455,0.105263157894737,5.18181818181818,0.508021390374332
"1092",0.7,0.437706605140915,0.470588235294118,0.765,0.4,0.85,0.6,0.15,2.66666666666667,0.705882352941177
"1093",0.566666666666667,0.463797681385038,0.48,0.832298136645963,0.857142857142857,0.478260869565217,0.142857142857143,0.521739130434783,1.64285714285714,0.298701298701299
"1094",0.866666666666667,0.355745683855407,0.777777777777778,0.860795454545455,0.875,0.863636363636364,0.125,0.136363636363636,6.41666666666667,0.144736842105263
"1095",0.766666666666667,0.408338257233644,0.631578947368421,0.81,0.6,0.85,0.4,0.15,4,0.470588235294118
"1096",0.766666666666667,0.394885922973508,0.631578947368421,0.772727272727273,0.75,0.772727272727273,0.25,0.227272727272727,3.3,0.323529411764706
"1097",0.833333333333333,0.330312609901047,0.782608695652174,0.928571428571428,1,0.761904761904762,0,0.238095238095238,4.2,0
"1098",0.8,0.354294818153876,0.666666666666667,0.826086956521739,0.857142857142857,0.782608695652174,0.142857142857143,0.217391304347826,3.94285714285714,0.182539682539683
"1099",0.766666666666667,0.404473900398287,0.666666666666667,0.751322751322751,0.777777777777778,0.761904761904762,0.222222222222222,0.238095238095238,3.26666666666667,0.291666666666667
"1100",0.9,0.373084228991825,0.823529411764706,0.973544973544973,0.777777777777778,0.952380952380952,0.222222222222222,0.0476190476190477,16.3333333333333,0.233333333333333
"1101",0.7,0.446508351999741,0.526315789473684,0.76555023923445,0.454545454545455,0.842105263157895,0.545454545454545,0.157894736842105,2.87878787878788,0.647727272727273
"1102",0.8,0.39729452718342,0.625,0.739583333333333,0.833333333333333,0.791666666666667,0.166666666666667,0.208333333333333,4,0.210526315789474
"1103",0.766666666666667,0.40904737119766,0.588235294117647,0.727272727272727,0.625,0.818181818181818,0.375,0.181818181818182,3.4375,0.458333333333333
"1104",0.8,0.486438174268928,0.75,0.868888888888889,0.6,1,0.4,0,Inf,0.4
"1105",0.7,0.426612364913591,0.571428571428571,0.796650717703349,0.545454545454545,0.789473684210526,0.454545454545455,0.210526315789474,2.59090909090909,0.575757575757576
"1106",0.633333333333333,0.473303162316241,0.521739130434783,0.689814814814815,0.5,0.722222222222222,0.5,0.277777777777778,1.8,0.692307692307692
"1107",0.733333333333333,0.436943078348476,0.636363636363636,0.732954545454545,0.875,0.681818181818182,0.125,0.318181818181818,2.75,0.183333333333333
"1108",0.666666666666667,0.530382124523938,0.583333333333333,0.825892857142857,0.4375,0.928571428571429,0.5625,0.0714285714285714,6.125,0.605769230769231
"1109",0.833333333333333,0.408318532136762,0.666666666666667,0.804232804232804,0.555555555555556,0.952380952380952,0.444444444444444,0.0476190476190477,11.6666666666667,0.466666666666667
"1110",0.833333333333333,0.367500013323689,0.761904761904762,0.8575,0.8,0.85,0.2,0.15,5.33333333333333,0.235294117647059
"1111",0.733333333333333,0.380652594442667,0.636363636363636,0.873015873015873,0.777777777777778,0.714285714285714,0.222222222222222,0.285714285714286,2.72222222222222,0.311111111111111
"1112",0.8,0.383558307494046,0.7,0.909090909090909,0.636363636363636,0.894736842105263,0.363636363636364,0.105263157894737,6.04545454545455,0.406417112299465
"1113",0.766666666666667,0.366517407925439,0.740740740740741,0.93,1,0.65,0,0.35,2.85714285714286,0
"1114",0.666666666666667,0.492446411708905,0.583333333333333,0.751131221719457,0.538461538461538,0.764705882352941,0.461538461538462,0.235294117647059,2.28846153846154,0.603550295857988
"1115",0.866666666666667,0.365964312715248,0.777777777777778,0.885093167701863,1,0.826086956521739,0,0.173913043478261,5.75,0
"1116",0.9,0.361276531063364,0.869565217391304,0.94,1,0.85,0,0.15,6.66666666666667,0
"1117",0.733333333333333,0.385751346549307,0.6,0.85,0.6,0.8,0.4,0.2,3,0.5
"1118",0.833333333333333,0.352857473511385,0.736842105263158,0.886243386243386,0.777777777777778,0.857142857142857,0.222222222222222,0.142857142857143,5.44444444444444,0.259259259259259
"1119",0.733333333333333,0.396207136358858,0.636363636363636,0.873205741626794,0.636363636363636,0.789473684210526,0.363636363636364,0.210526315789474,3.02272727272727,0.460606060606061
"1120",0.833333333333333,0.434894580160709,0.736842105263158,0.837320574162679,0.636363636363636,0.947368421052632,0.363636363636364,0.0526315789473685,12.0909090909091,0.383838383838384
"1121",0.733333333333333,0.475366104317224,0.666666666666667,0.832589285714286,0.571428571428571,0.875,0.428571428571429,0.125,4.57142857142857,0.489795918367347
"1122",0.833333333333333,0.345906213701292,0.736842105263158,0.934782608695652,1,0.782608695652174,0,0.217391304347826,4.6,0
"1123",0.733333333333333,0.393139210940225,0.6,0.78125,0.75,0.727272727272727,0.25,0.272727272727273,2.75,0.34375
"1124",0.7,0.444900937662098,0.608695652173913,0.720095693779904,0.636363636363636,0.736842105263158,0.363636363636364,0.263157894736842,2.41818181818182,0.493506493506494
"1125",0.666666666666667,0.453562985493918,0.545454545454545,0.779503105590062,0.857142857142857,0.608695652173913,0.142857142857143,0.391304347826087,2.19047619047619,0.23469387755102
"1126",0.8,0.357217379752015,0.727272727272727,0.90625,1,0.727272727272727,0,0.272727272727273,3.66666666666667,0
"1127",0.833333333333333,0.357982259317891,0.736842105263158,0.883522727272727,0.875,0.818181818181818,0.125,0.181818181818182,4.8125,0.152777777777778
"1128",0.766666666666667,0.410018833553203,0.666666666666667,0.818181818181818,0.636363636363636,0.842105263157895,0.363636363636364,0.157894736842105,4.03030303030303,0.431818181818182
"1129",0.733333333333333,0.409623334235157,0.6,0.863636363636364,0.545454545454545,0.842105263157895,0.454545454545455,0.157894736842105,3.45454545454545,0.539772727272727
"1130",0.866666666666667,0.375639130345408,0.777777777777778,0.880681818181818,0.875,0.863636363636364,0.125,0.136363636363636,6.41666666666667,0.144736842105263
"1131",0.8,0.432797944644103,0.7,0.861111111111111,0.583333333333333,0.944444444444444,0.416666666666667,0.0555555555555556,10.5,0.441176470588235
"1132",0.8,0.38350379711903,0.666666666666667,0.816770186335404,0.857142857142857,0.782608695652174,0.142857142857143,0.217391304347826,3.94285714285714,0.182539682539683
"1133",0.833333333333333,0.395209085925624,0.736842105263158,0.865,0.7,0.9,0.3,0.1,7,0.333333333333333
"1134",0.8,0.422717165151225,0.7,0.900462962962963,0.583333333333333,0.944444444444444,0.416666666666667,0.0555555555555556,10.5,0.441176470588235
"1135",0.666666666666667,0.52845836114071,0.375,0.615,0.3,0.85,0.7,0.15,2,0.823529411764706
"1136",0.766666666666667,0.349101552804493,0.631578947368421,0.881944444444444,1,0.708333333333333,0,0.291666666666667,3.42857142857143,0
"1137",0.8,0.445370080429817,0.666666666666667,0.888888888888889,0.5,1,0.5,0,Inf,0.5
"1138",0.766666666666667,0.401081151223332,0.588235294117647,0.8525,0.5,0.9,0.5,0.1,5,0.555555555555556
"1139",0.8,0.353045297460252,0.7,0.91304347826087,1,0.739130434782609,0,0.260869565217391,3.83333333333333,0
"1140",0.766666666666667,0.44544390046256,0.666666666666667,0.898190045248869,0.538461538461538,0.941176470588235,0.461538461538462,0.0588235294117647,9.15384615384615,0.490384615384615
"1141",0.833333333333333,0.389766264224184,0.761904761904762,0.862433862433862,0.888888888888889,0.80952380952381,0.111111111111111,0.19047619047619,4.66666666666667,0.137254901960784
"1142",0.733333333333333,0.388460706102375,0.555555555555556,0.751552795031056,0.714285714285714,0.739130434782609,0.285714285714286,0.260869565217391,2.73809523809524,0.38655462184874
"1143",0.733333333333333,0.418768197712041,0.666666666666667,0.772486772486772,0.888888888888889,0.666666666666667,0.111111111111111,0.333333333333333,2.66666666666667,0.166666666666667
"1144",0.733333333333333,0.417049290689166,0.5,0.7725,0.4,0.9,0.6,0.1,4,0.666666666666667
"1145",0.733333333333333,0.498898927899461,0.666666666666667,0.837777777777778,0.533333333333333,0.933333333333333,0.466666666666667,0.0666666666666667,8,0.5
"1146",0.766666666666667,0.399983632300495,0.695652173913043,0.814814814814815,0.888888888888889,0.714285714285714,0.111111111111111,0.285714285714286,3.11111111111111,0.155555555555556
"1147",0.766666666666667,0.379015471828093,0.631578947368421,0.777777777777778,0.666666666666667,0.80952380952381,0.333333333333333,0.19047619047619,3.5,0.411764705882353
"1148",0.766666666666667,0.357390727174131,0.666666666666667,0.923295454545455,0.875,0.727272727272727,0.125,0.272727272727273,3.20833333333333,0.171875
"1149",0.733333333333333,0.41293939423706,0.666666666666667,0.851851851851852,0.666666666666667,0.777777777777778,0.333333333333333,0.222222222222222,3,0.428571428571429
"1150",0.733333333333333,0.405053785627368,0.5,0.838624338624339,0.444444444444444,0.857142857142857,0.555555555555556,0.142857142857143,3.11111111111111,0.648148148148148
"1151",0.8,0.397335530392251,0.75,0.8125,0.9,0.75,0.1,0.25,3.6,0.133333333333333
"1152",0.833333333333333,0.382274917301394,0.761904761904762,0.865079365079365,0.888888888888889,0.80952380952381,0.111111111111111,0.19047619047619,4.66666666666667,0.137254901960784
"1153",0.733333333333333,0.421178484920402,0.6,0.785714285714286,0.857142857142857,0.695652173913043,0.142857142857143,0.304347826086957,2.81632653061224,0.205357142857143
"1154",0.9,0.386473822500126,0.823529411764706,0.8775,0.7,1,0.3,0,Inf,0.3
"1155",0.766666666666667,0.405499956492165,0.72,0.84,0.9,0.7,0.1,0.3,3,0.142857142857143
"1156",0.7,0.403084433228549,0.666666666666667,0.76555023923445,0.818181818181818,0.631578947368421,0.181818181818182,0.368421052631579,2.22077922077922,0.287878787878788
"1157",0.766666666666667,0.370673325145523,0.631578947368421,0.857142857142857,0.857142857142857,0.739130434782609,0.142857142857143,0.260869565217391,3.28571428571429,0.19327731092437
"1158",0.8,0.367538015662402,0.666666666666667,0.84472049689441,0.857142857142857,0.782608695652174,0.142857142857143,0.217391304347826,3.94285714285714,0.182539682539683
"1159",0.866666666666667,0.346038933716423,0.75,0.900568181818182,0.75,0.909090909090909,0.25,0.0909090909090909,8.25,0.275
"1160",0.9,0.378795806115756,0.842105263157895,0.91866028708134,0.727272727272727,1,0.272727272727273,0,Inf,0.272727272727273
"1161",0.766666666666667,0.35038447264388,0.666666666666667,0.919254658385093,1,0.695652173913043,0,0.304347826086957,3.28571428571429,0
"1162",0.733333333333333,0.439438566506084,0.6,0.818181818181818,0.545454545454545,0.842105263157895,0.454545454545455,0.157894736842105,3.45454545454545,0.539772727272727
"1163",0.766666666666667,0.389306676733414,0.72,0.8675,0.9,0.7,0.1,0.3,3,0.142857142857143
"1164",0.8,0.395081626863833,0.625,0.9,0.5,0.95,0.5,0.05,9.99999999999999,0.526315789473684
"1165",0.733333333333333,0.408466538490031,0.636363636363636,0.80952380952381,0.777777777777778,0.714285714285714,0.222222222222222,0.285714285714286,2.72222222222222,0.311111111111111
"1166",0.666666666666667,0.52504110223051,0.642857142857143,0.738839285714286,0.5625,0.785714285714286,0.4375,0.214285714285714,2.625,0.556818181818182
"1167",0.733333333333333,0.417968070486331,0.555555555555556,0.795,0.5,0.85,0.5,0.15,3.33333333333333,0.588235294117647
"1168",0.8,0.398135647149919,0.7,0.845,0.7,0.85,0.3,0.15,4.66666666666667,0.352941176470588
"1169",0.833333333333333,0.391915066967648,0.761904761904762,0.830687830687831,0.888888888888889,0.80952380952381,0.111111111111111,0.19047619047619,4.66666666666667,0.137254901960784
"1170",0.766666666666667,0.497792078086822,0.695652173913043,0.7225,0.8,0.75,0.2,0.25,3.2,0.266666666666667
"1171",0.766666666666667,0.395802129825526,0.588235294117647,0.87,0.5,0.9,0.5,0.1,5,0.555555555555556
"1172",0.733333333333333,0.429217931154295,0.6,0.870813397129187,0.545454545454545,0.842105263157895,0.454545454545455,0.157894736842105,3.45454545454545,0.539772727272727
"1173",0.766666666666667,0.388825104715305,0.72,0.875,0.9,0.7,0.1,0.3,3,0.142857142857143
"1174",0.766666666666667,0.468147439517426,0.666666666666667,0.935267857142857,0.5,1,0.5,0,Inf,0.5
"1175",0.7,0.424954977312581,0.571428571428571,0.787081339712919,0.545454545454545,0.789473684210526,0.454545454545455,0.210526315789474,2.59090909090909,0.575757575757576
"1176",0.8,0.413797195639763,0.625,0.86,0.5,0.95,0.5,0.05,9.99999999999999,0.526315789473684
"1177",0.766666666666667,0.395431640212179,0.588235294117647,0.801242236024845,0.714285714285714,0.782608695652174,0.285714285714286,0.217391304347826,3.28571428571429,0.365079365079365
"1178",0.666666666666667,0.464569980856568,0.5,0.83710407239819,0.384615384615385,0.882352941176471,0.615384615384615,0.117647058823529,3.26923076923077,0.697435897435898
"1179",0.8,0.382121483195433,0.625,0.851851851851852,0.555555555555556,0.904761904761905,0.444444444444444,0.0952380952380952,5.83333333333333,0.491228070175439
"1180",0.766666666666667,0.369316788702137,0.666666666666667,0.875661375661376,0.777777777777778,0.761904761904762,0.222222222222222,0.238095238095238,3.26666666666667,0.291666666666667
"1181",0.766666666666667,0.484214878128138,0.695652173913043,0.913333333333333,0.533333333333333,1,0.466666666666667,0,Inf,0.466666666666667
"1182",0.8,0.366341101725911,0.666666666666667,0.789772727272727,0.75,0.818181818181818,0.25,0.181818181818182,4.125,0.305555555555556
"1183",0.7,0.452777232366093,0.608695652173913,0.787037037037037,0.583333333333333,0.777777777777778,0.416666666666667,0.222222222222222,2.625,0.535714285714286
"1184",0.633333333333333,0.421069773915439,0.521739130434783,0.7125,0.6,0.65,0.4,0.35,1.71428571428571,0.615384615384615
"1185",0.7,0.464184774258501,0.571428571428571,0.711640211640212,0.666666666666667,0.714285714285714,0.333333333333333,0.285714285714286,2.33333333333333,0.466666666666667
"1186",0.733333333333333,0.463738796697897,0.75,0.748868778280543,0.923076923076923,0.588235294117647,0.0769230769230769,0.411764705882353,2.24175824175824,0.130769230769231
"1187",0.733333333333333,0.463291726532901,0.555555555555556,0.715277777777778,0.833333333333333,0.708333333333333,0.166666666666667,0.291666666666667,2.85714285714286,0.235294117647059
"1188",0.8,0.397493199477951,0.666666666666667,0.95933014354067,0.545454545454545,0.947368421052632,0.454545454545455,0.0526315789473685,10.3636363636364,0.47979797979798
"1189",0.766666666666667,0.406545166628904,0.695652173913043,0.87037037037037,0.666666666666667,0.833333333333333,0.333333333333333,0.166666666666667,4,0.4
"1190",0.733333333333333,0.403231334810887,0.5,0.770833333333333,0.666666666666667,0.75,0.333333333333333,0.25,2.66666666666667,0.444444444444444
"1191",0.733333333333333,0.409910204571751,0.666666666666667,0.826704545454545,1,0.636363636363636,0,0.363636363636364,2.75,0
"1192",0.633333333333333,0.448955807135875,0.421052631578947,0.73444976076555,0.363636363636364,0.789473684210526,0.636363636363636,0.210526315789474,1.72727272727273,0.806060606060606
"1193",0.7,0.497415666388513,0.470588235294118,0.670807453416149,0.571428571428571,0.739130434782609,0.428571428571429,0.260869565217391,2.19047619047619,0.579831932773109
"1194",0.666666666666667,0.44141341502502,0.444444444444444,0.8,0.4,0.8,0.6,0.2,2,0.75
"1195",0.7,0.431843416341658,0.608695652173913,0.796296296296296,0.777777777777778,0.666666666666667,0.222222222222222,0.333333333333333,2.33333333333333,0.333333333333333
"1196",0.8,0.400618332643793,0.666666666666667,0.845,0.6,0.9,0.4,0.1,6,0.444444444444444
"1197",0.766666666666667,0.374734650084481,0.588235294117647,0.829192546583851,0.714285714285714,0.782608695652174,0.285714285714286,0.217391304347826,3.28571428571429,0.365079365079365
"1198",0.766666666666667,0.455726626258747,0.72,0.807692307692308,0.692307692307692,0.823529411764706,0.307692307692308,0.176470588235294,3.92307692307692,0.373626373626374
"1199",0.7,0.444253960922496,0.470588235294118,0.78,0.4,0.85,0.6,0.15,2.66666666666667,0.705882352941177
"1200",0.833333333333333,0.384213693058292,0.782608695652174,0.880382775119617,0.818181818181818,0.842105263157895,0.181818181818182,0.157894736842105,5.18181818181818,0.215909090909091
"1201",0.766666666666667,0.380538925262877,0.631578947368421,0.795454545454545,0.75,0.772727272727273,0.25,0.227272727272727,3.3,0.323529411764706
"1202",0.7,0.46383661076078,0.571428571428571,0.807692307692308,0.461538461538462,0.882352941176471,0.538461538461538,0.117647058823529,3.92307692307692,0.61025641025641
"1203",0.866666666666667,0.390559545069132,0.8,0.897129186602871,0.727272727272727,0.947368421052632,0.272727272727273,0.0526315789473685,13.8181818181818,0.287878787878788
"1204",0.7,0.412566245517374,0.526315789473684,0.76,0.5,0.8,0.5,0.2,2.5,0.625
"1205",0.666666666666667,0.435826616079842,0.545454545454545,0.744318181818182,0.75,0.636363636363636,0.25,0.363636363636364,2.0625,0.392857142857143
"1206",0.766666666666667,0.446005153773526,0.666666666666667,0.748677248677249,0.777777777777778,0.761904761904762,0.222222222222222,0.238095238095238,3.26666666666667,0.291666666666667
"1207",0.8,0.397202399767664,0.769230769230769,0.8625,1,0.7,0,0.3,3.33333333333333,0
"1208",0.8,0.33904375892513,0.7,0.928571428571429,1,0.739130434782609,0,0.260869565217391,3.83333333333333,0
"1209",0.733333333333333,0.412786700399451,0.636363636363636,0.796296296296296,0.777777777777778,0.714285714285714,0.222222222222222,0.285714285714286,2.72222222222222,0.311111111111111
"1210",0.866666666666667,0.405966462111499,0.777777777777778,0.8575,0.7,0.95,0.3,0.05,14,0.315789473684211
"1211",0.9,0.34242776475477,0.857142857142857,0.981481481481482,1,0.857142857142857,0,0.142857142857143,7,0
"1212",0.866666666666667,0.342812579778616,0.714285714285714,0.854166666666667,0.833333333333333,0.875,0.166666666666667,0.125,6.66666666666667,0.19047619047619
"1213",0.7,0.445387917308835,0.64,0.809954751131222,0.615384615384615,0.764705882352941,0.384615384615385,0.235294117647059,2.61538461538461,0.502958579881657
"1214",0.833333333333333,0.347057055982911,0.705882352941177,0.877840909090909,0.75,0.863636363636364,0.25,0.136363636363636,5.5,0.289473684210526
"1215",0.733333333333333,0.446756879486547,0.6,0.708133971291866,0.545454545454545,0.842105263157895,0.454545454545455,0.157894736842105,3.45454545454545,0.539772727272727
"1216",0.733333333333333,0.406343931726965,0.5,0.65625,0.666666666666667,0.75,0.333333333333333,0.25,2.66666666666667,0.444444444444444
"1217",0.8,0.415412568928122,0.727272727272727,0.835978835978836,0.888888888888889,0.761904761904762,0.111111111111111,0.238095238095238,3.73333333333333,0.145833333333333
"1218",0.666666666666667,0.456525049744703,0.545454545454545,0.741477272727273,0.75,0.636363636363636,0.25,0.363636363636364,2.0625,0.392857142857143
"1219",0.8,0.367548422863661,0.625,0.770833333333333,0.833333333333333,0.791666666666667,0.166666666666667,0.208333333333333,4,0.210526315789474
"1220",0.833333333333333,0.405853800354383,0.761904761904762,0.813397129186603,0.727272727272727,0.894736842105263,0.272727272727273,0.105263157894737,6.90909090909091,0.304812834224599
"1221",0.666666666666667,0.43980764540279,0.615384615384615,0.77,0.8,0.6,0.2,0.4,2,0.333333333333333
"1222",0.766666666666667,0.400251972757531,0.631578947368421,0.84,0.6,0.85,0.4,0.15,4,0.470588235294118
"1223",0.7,0.44137865417508,0.571428571428571,0.842592592592593,0.5,0.833333333333333,0.5,0.166666666666667,3,0.6
"1224",0.733333333333333,0.39456610452037,0.555555555555556,0.730113636363636,0.625,0.772727272727273,0.375,0.227272727272727,2.75,0.485294117647059
"1225",0.766666666666667,0.411799457032307,0.631578947368421,0.823863636363636,0.75,0.772727272727273,0.25,0.227272727272727,3.3,0.323529411764706
"1226",0.633333333333333,0.509845752909813,0.352941176470588,0.565217391304348,0.428571428571429,0.695652173913043,0.571428571428571,0.304347826086957,1.40816326530612,0.821428571428571
"1227",0.8,0.359410881029544,0.666666666666667,0.892361111111111,1,0.75,0,0.25,4,0
"1228",0.8,0.3958309693687,0.625,0.825396825396825,0.555555555555556,0.904761904761905,0.444444444444444,0.0952380952380952,5.83333333333333,0.491228070175439
"1229",0.9,0.382414075470666,0.842105263157895,0.9375,0.8,0.95,0.2,0.05,16,0.210526315789474
"1230",0.766666666666667,0.434060616002477,0.666666666666667,0.814814814814815,0.583333333333333,0.888888888888889,0.416666666666667,0.111111111111111,5.25,0.46875
"1231",0.766666666666667,0.420693729216339,0.588235294117647,0.855,0.5,0.9,0.5,0.1,5,0.555555555555556
"1232",0.733333333333333,0.454693780698774,0.666666666666667,0.782805429864253,0.615384615384615,0.823529411764706,0.384615384615385,0.176470588235294,3.48717948717949,0.467032967032967
"1233",0.733333333333333,0.339944168944504,0.555555555555556,0.881944444444445,0.833333333333333,0.708333333333333,0.166666666666667,0.291666666666667,2.85714285714286,0.235294117647059
"1234",0.833333333333333,0.359389500057805,0.736842105263158,0.937888198757764,1,0.782608695652174,0,0.217391304347826,4.6,0
"1235",0.733333333333333,0.450074067434308,0.555555555555556,0.724431818181818,0.625,0.772727272727273,0.375,0.227272727272727,2.75,0.485294117647059
"1236",0.733333333333333,0.347895007382043,0.555555555555556,0.908,1,0.68,0,0.32,3.125,0
"1237",0.733333333333333,0.465288584936571,0.666666666666667,0.816964285714286,0.571428571428571,0.875,0.428571428571429,0.125,4.57142857142857,0.489795918367347
"1238",0.766666666666667,0.401544392763705,0.631578947368421,0.779503105590062,0.857142857142857,0.739130434782609,0.142857142857143,0.260869565217391,3.28571428571429,0.19327731092437
"1239",0.766666666666667,0.398853070259112,0.631578947368421,0.747159090909091,0.75,0.772727272727273,0.25,0.227272727272727,3.3,0.323529411764706
"1240",0.666666666666667,0.417658075352995,0.5,0.827751196172249,0.454545454545455,0.789473684210526,0.545454545454545,0.210526315789474,2.15909090909091,0.690909090909091
"1241",0.833333333333333,0.373860968634364,0.736842105263158,0.886363636363636,0.875,0.818181818181818,0.125,0.181818181818182,4.8125,0.152777777777778
"1242",0.833333333333333,0.333587972720679,0.761904761904762,0.954545454545455,1,0.772727272727273,0,0.227272727272727,4.4,0
"1243",0.8,0.348646161532575,0.666666666666667,0.872670807453416,0.857142857142857,0.782608695652174,0.142857142857143,0.217391304347826,3.94285714285714,0.182539682539683
"1244",0.7,0.389902451833903,0.470588235294118,0.729813664596273,0.571428571428571,0.739130434782609,0.428571428571429,0.260869565217391,2.19047619047619,0.579831932773109
"1245",0.766666666666667,0.453103835799002,0.666666666666667,0.755681818181818,0.875,0.727272727272727,0.125,0.272727272727273,3.20833333333333,0.171875
"1246",0.7,0.444012923299444,0.571428571428571,0.782407407407407,0.5,0.833333333333333,0.5,0.166666666666667,3,0.6
"1247",0.766666666666667,0.368021029937726,0.666666666666667,0.852272727272727,0.875,0.727272727272727,0.125,0.272727272727273,3.20833333333333,0.171875
"1248",0.766666666666667,0.36312631522356,0.588235294117647,0.860248447204969,0.714285714285714,0.782608695652174,0.285714285714286,0.217391304347826,3.28571428571429,0.365079365079365
"1249",0.733333333333333,0.433332250921096,0.6,0.81712962962963,0.5,0.888888888888889,0.5,0.111111111111111,4.5,0.5625
"1250",0.8,0.41263807306502,0.727272727272727,0.825358851674641,0.727272727272727,0.842105263157895,0.272727272727273,0.157894736842105,4.6060606060606,0.323863636363636
"1251",0.633333333333333,0.440754486907786,0.421052631578947,0.71,0.4,0.75,0.6,0.25,1.6,0.8
"1252",0.8,0.393928106911123,0.625,0.878306878306878,0.555555555555556,0.904761904761905,0.444444444444444,0.0952380952380952,5.83333333333333,0.491228070175439
"1253",0.766666666666667,0.435546265954517,0.666666666666667,0.938914027149321,0.538461538461538,0.941176470588235,0.461538461538462,0.0588235294117647,9.15384615384615,0.490384615384615
"1254",0.866666666666667,0.383225408455162,0.777777777777778,0.88,0.7,0.95,0.3,0.05,14,0.315789473684211
"1255",0.833333333333333,0.343301284751542,0.761904761904762,0.926136363636364,1,0.772727272727273,0,0.227272727272727,4.4,0
"1256",0.733333333333333,0.446251615250252,0.636363636363636,0.763888888888889,0.583333333333333,0.833333333333333,0.416666666666667,0.166666666666667,3.5,0.5
"1257",0.766666666666667,0.355044834623684,0.666666666666667,0.866477272727273,0.875,0.727272727272727,0.125,0.272727272727273,3.20833333333333,0.171875
"1258",0.7,0.466145484343483,0.689655172413793,0.733796296296296,0.833333333333333,0.611111111111111,0.166666666666667,0.388888888888889,2.14285714285714,0.272727272727273
"1259",0.8,0.34458609370312,0.7,0.928571428571429,1,0.739130434782609,0,0.260869565217391,3.83333333333333,0
"1260",0.733333333333333,0.417555591765082,0.636363636363636,0.777777777777778,0.777777777777778,0.714285714285714,0.222222222222222,0.285714285714286,2.72222222222222,0.311111111111111
"1261",0.866666666666667,0.375693539047625,0.818181818181818,0.964114832535885,0.818181818181818,0.894736842105263,0.181818181818182,0.105263157894737,7.77272727272727,0.203208556149733
"1262",0.8,0.357420081631615,0.625,0.84472049689441,0.714285714285714,0.826086956521739,0.285714285714286,0.173913043478261,4.10714285714286,0.345864661654135
"1263",0.766666666666667,0.413693505234426,0.631578947368421,0.7925,0.6,0.85,0.4,0.15,4,0.470588235294118
"1264",0.8,0.355597890769556,0.625,0.795138888888889,0.833333333333333,0.791666666666667,0.166666666666667,0.208333333333333,4,0.210526315789474
"1265",0.666666666666667,0.529521264699515,0.615384615384615,0.645933014354067,0.727272727272727,0.631578947368421,0.272727272727273,0.368421052631579,1.97402597402597,0.431818181818182
"1266",0.733333333333333,0.388568568983663,0.5,0.857142857142857,0.444444444444444,0.857142857142857,0.555555555555556,0.142857142857143,3.11111111111111,0.648148148148148
"1267",0.733333333333333,0.463031540814924,0.666666666666667,0.854910714285714,0.571428571428571,0.875,0.428571428571429,0.125,4.57142857142857,0.489795918367347
"1268",0.766666666666667,0.404999361696565,0.72,0.7825,0.9,0.7,0.1,0.3,3,0.142857142857143
"1269",0.8,0.370792152602806,0.7,0.838068181818182,0.875,0.772727272727273,0.125,0.227272727272727,3.85,0.161764705882353
"1270",0.8,0.366715008780824,0.666666666666667,0.841614906832298,0.857142857142857,0.782608695652174,0.142857142857143,0.217391304347826,3.94285714285714,0.182539682539683
"1271",0.833333333333333,0.405966343565087,0.761904761904762,0.822966507177034,0.727272727272727,0.894736842105263,0.272727272727273,0.105263157894737,6.90909090909091,0.304812834224599
"1272",0.833333333333333,0.373828385661563,0.782608695652174,0.902116402116402,1,0.761904761904762,0,0.238095238095238,4.2,0
"1273",0.733333333333333,0.390895617134138,0.6,0.803977272727273,0.75,0.727272727272727,0.25,0.272727272727273,2.75,0.34375
"1274",0.666666666666667,0.371275899779653,0.583333333333333,0.881987577639752,1,0.565217391304348,0,0.434782608695652,2.3,0
"1275",0.866666666666667,0.441696560337033,0.818181818181818,0.972850678733032,0.692307692307692,1,0.307692307692308,0,Inf,0.307692307692308
"1276",0.733333333333333,0.391762392815541,0.666666666666667,0.832386363636364,1,0.636363636363636,0,0.363636363636364,2.75,0
"1277",0.8,0.376890101653072,0.727272727272727,0.872159090909091,1,0.727272727272727,0,0.272727272727273,3.66666666666667,0
"1278",0.8,0.403172285208625,0.75,0.822966507177033,0.818181818181818,0.789473684210526,0.181818181818182,0.210526315789474,3.88636363636364,0.23030303030303
"1279",0.766666666666667,0.393966345811796,0.695652173913043,0.829545454545455,1,0.681818181818182,0,0.318181818181818,3.14285714285714,0
"1280",0.666666666666667,0.424672994810752,0.615384615384615,0.835648148148148,0.666666666666667,0.666666666666667,0.333333333333333,0.333333333333333,2,0.5
"1281",0.733333333333333,0.421836306825786,0.5,0.775,0.4,0.9,0.6,0.1,4,0.666666666666667
"1282",0.8,0.396827187630133,0.7,0.841269841269841,0.777777777777778,0.80952380952381,0.222222222222222,0.19047619047619,4.08333333333333,0.274509803921569
"1283",0.766666666666667,0.419797333009413,0.72,0.889140271493213,0.692307692307692,0.823529411764706,0.307692307692308,0.176470588235294,3.92307692307692,0.373626373626374
"1284",0.733333333333333,0.467197880329112,0.6,0.880090497737557,0.461538461538462,0.941176470588235,0.538461538461538,0.0588235294117647,7.84615384615384,0.572115384615385
"1285",0.733333333333333,0.428226506721335,0.636363636363636,0.738095238095238,0.777777777777778,0.714285714285714,0.222222222222222,0.285714285714286,2.72222222222222,0.311111111111111
"1286",0.833333333333333,0.353270127277489,0.705882352941177,0.928571428571429,0.857142857142857,0.826086956521739,0.142857142857143,0.173913043478261,4.92857142857143,0.172932330827068
"1287",0.733333333333333,0.452449697343157,0.555555555555556,0.680555555555556,0.833333333333333,0.708333333333333,0.166666666666667,0.291666666666667,2.85714285714286,0.235294117647059
"1288",0.733333333333333,0.376838209757524,0.5,0.736024844720497,0.571428571428571,0.782608695652174,0.428571428571429,0.217391304347826,2.62857142857143,0.547619047619048
"1289",0.633333333333333,0.432666176186915,0.476190476190476,0.753588516746411,0.454545454545455,0.736842105263158,0.545454545454545,0.263157894736842,1.72727272727273,0.74025974025974
"1290",0.733333333333333,0.36716078934636,0.666666666666667,0.878306878306878,0.888888888888889,0.666666666666667,0.111111111111111,0.333333333333333,2.66666666666667,0.166666666666667
"1291",0.833333333333333,0.373336603364953,0.761904761904762,0.8675,0.8,0.85,0.2,0.15,5.33333333333333,0.235294117647059
"1292",0.833333333333333,0.396182643299091,0.705882352941177,0.8075,0.6,0.95,0.4,0.05,12,0.421052631578947
"1293",0.733333333333333,0.391314960572858,0.6,0.75,0.75,0.727272727272727,0.25,0.272727272727273,2.75,0.34375
"1294",0.733333333333333,0.411109714068716,0.555555555555556,0.81,0.5,0.85,0.5,0.15,3.33333333333333,0.588235294117647
"1295",0.8,0.43695621823809,0.769230769230769,0.809954751131222,0.769230769230769,0.823529411764706,0.230769230769231,0.176470588235294,4.35897435897436,0.28021978021978
"1296",0.833333333333333,0.373729575795156,0.8,0.9525,1,0.75,0,0.25,4,0
"1297",0.733333333333333,0.380344034705692,0.6,0.888888888888889,1,0.666666666666667,0,0.333333333333333,3,0
"1298",0.766666666666667,0.376142857936461,0.631578947368421,0.801242236024845,0.857142857142857,0.739130434782609,0.142857142857143,0.260869565217391,3.28571428571429,0.19327731092437
"1299",0.833333333333333,0.448192642012381,0.761904761904762,0.893665158371041,0.615384615384615,1,0.384615384615385,0,Inf,0.384615384615385
"1300",0.866666666666667,0.351689285570778,0.777777777777778,0.937888198757764,1,0.826086956521739,0,0.173913043478261,5.75,0
"1301",0.866666666666667,0.413321802276357,0.818181818181818,0.914351851851852,0.75,0.944444444444444,0.25,0.0555555555555556,13.5,0.264705882352941
"1302",0.666666666666667,0.527008265655459,0.615384615384615,0.711111111111111,0.533333333333333,0.8,0.466666666666667,0.2,2.66666666666667,0.583333333333333
"1303",0.866666666666667,0.335385950847579,0.75,0.928571428571429,0.857142857142857,0.869565217391304,0.142857142857143,0.130434782608696,6.57142857142857,0.164285714285714
"1304",0.733333333333333,0.446870933828235,0.555555555555556,0.796650717703349,0.454545454545455,0.894736842105263,0.545454545454545,0.105263157894737,4.31818181818182,0.609625668449198
"1305",0.666666666666667,0.482074904748601,0.545454545454545,0.769230769230769,0.461538461538462,0.823529411764706,0.538461538461538,0.176470588235294,2.61538461538461,0.653846153846154
"1306",0.766666666666667,0.416461563394364,0.588235294117647,0.76984126984127,0.555555555555556,0.857142857142857,0.444444444444444,0.142857142857143,3.88888888888889,0.518518518518518
"1307",0.866666666666667,0.434324283979709,0.833333333333333,0.920814479638009,0.769230769230769,0.941176470588235,0.230769230769231,0.0588235294117647,13.0769230769231,0.245192307692308
"1308",0.9,0.361481759208575,0.88,0.925837320574163,1,0.842105263157895,0,0.157894736842105,6.33333333333333,0
"1309",0.766666666666667,0.406755938800017,0.666666666666667,0.740740740740741,0.777777777777778,0.761904761904762,0.222222222222222,0.238095238095238,3.26666666666667,0.291666666666667
"1310",0.9,0.408939238243933,0.857142857142857,0.939814814814815,0.75,1,0.25,0,Inf,0.25
"1311",0.666666666666667,0.433043418922608,0.615384615384615,0.767195767195767,0.888888888888889,0.571428571428571,0.111111111111111,0.428571428571429,2.07407407407407,0.194444444444445
"1312",0.833333333333333,0.381996446262868,0.666666666666667,0.878306878306878,0.555555555555556,0.952380952380952,0.444444444444444,0.0476190476190477,11.6666666666667,0.466666666666667
"1313",0.766666666666667,0.383822232549458,0.533333333333333,0.684027777777778,0.666666666666667,0.791666666666667,0.333333333333333,0.208333333333333,3.2,0.421052631578947
"1314",0.7,0.45157115100287,0.571428571428571,0.693121693121693,0.666666666666667,0.714285714285714,0.333333333333333,0.285714285714286,2.33333333333333,0.466666666666667
"1315",0.733333333333333,0.407355392121003,0.6,0.84688995215311,0.545454545454545,0.842105263157895,0.454545454545455,0.157894736842105,3.45454545454545,0.539772727272727
"1316",0.766666666666667,0.446959959647685,0.588235294117647,0.918981481481482,0.416666666666667,1,0.583333333333333,0,Inf,0.583333333333333
"1317",0.733333333333333,0.455198787612227,0.636363636363636,0.828054298642534,0.538461538461538,0.882352941176471,0.461538461538462,0.117647058823529,4.57692307692308,0.523076923076923
"1318",0.766666666666667,0.416909390502481,0.588235294117647,0.8225,0.5,0.9,0.5,0.1,5,0.555555555555556
"1319",0.833333333333333,0.366735401324714,0.736842105263158,0.883522727272727,0.875,0.818181818181818,0.125,0.181818181818182,4.8125,0.152777777777778
"1320",0.733333333333333,0.40410630293465,0.428571428571429,0.621527777777778,0.5,0.791666666666667,0.5,0.208333333333333,2.4,0.631578947368421
"1321",0.633333333333333,0.372469851629831,0.476190476190476,0.791925465838509,0.714285714285714,0.608695652173913,0.285714285714286,0.391304347826087,1.82539682539683,0.469387755102041
"1322",0.733333333333333,0.406982266210874,0.6,0.793650793650794,0.666666666666667,0.761904761904762,0.333333333333333,0.238095238095238,2.8,0.4375
"1323",0.8,0.397785714353216,0.7,0.8825,0.7,0.85,0.3,0.15,4.66666666666667,0.352941176470588
"1324",0.833333333333333,0.416526210126991,0.761904761904762,0.972222222222222,0.666666666666667,0.944444444444444,0.333333333333333,0.0555555555555556,12,0.352941176470588
"1325",0.866666666666667,0.357085024256634,0.8,0.915343915343915,0.888888888888889,0.857142857142857,0.111111111111111,0.142857142857143,6.22222222222222,0.12962962962963
"1326",0.833333333333333,0.380901762413137,0.705882352941177,0.812169312169312,0.666666666666667,0.904761904761905,0.333333333333333,0.0952380952380952,7,0.368421052631579
"1327",0.9,0.373291812318204,0.842105263157895,0.903409090909091,1,0.863636363636364,0,0.136363636363636,7.33333333333333,0
"1328",0.766666666666667,0.421739728961695,0.631578947368421,0.868421052631579,0.545454545454545,0.894736842105263,0.454545454545455,0.105263157894737,5.18181818181818,0.508021390374332
"1329",0.766666666666667,0.407466396816009,0.631578947368421,0.87,0.6,0.85,0.4,0.15,4,0.470588235294118
"1330",0.7,0.416720636243193,0.307692307692308,0.82010582010582,0.222222222222222,0.904761904761905,0.777777777777778,0.0952380952380952,2.33333333333333,0.859649122807018
"1331",0.9,0.348650059347845,0.842105263157895,0.981481481481482,0.888888888888889,0.904761904761905,0.111111111111111,0.0952380952380952,9.33333333333333,0.12280701754386
"1332",0.833333333333333,0.380991868927803,0.705882352941177,0.84472049689441,0.857142857142857,0.826086956521739,0.142857142857143,0.173913043478261,4.92857142857143,0.172932330827068
"1333",0.9,0.33072166412029,0.823529411764706,0.972049689440994,1,0.869565217391304,0,0.130434782608696,7.66666666666667,0
"1334",0.8,0.379084539605399,0.625,0.8475,0.5,0.95,0.5,0.05,9.99999999999999,0.526315789473684
"1335",0.8,0.442462670483252,0.727272727272727,0.819004524886878,0.615384615384615,0.941176470588235,0.384615384615385,0.0588235294117647,10.4615384615385,0.408653846153846
"1336",0.733333333333333,0.438268470998485,0.636363636363636,0.793981481481482,0.583333333333333,0.833333333333333,0.416666666666667,0.166666666666667,3.5,0.5
"1337",0.866666666666667,0.410598246989756,0.8,0.912037037037037,0.666666666666667,1,0.333333333333333,0,Inf,0.333333333333333
"1338",0.7,0.43197250122681,0.526315789473684,0.73,0.5,0.8,0.5,0.2,2.5,0.625
"1339",0.833333333333333,0.409567496272076,0.736842105263158,0.855,0.7,0.9,0.3,0.1,7,0.333333333333333
"1340",0.8,0.430052936767343,0.571428571428571,0.76984126984127,0.444444444444444,0.952380952380952,0.555555555555556,0.0476190476190477,9.33333333333332,0.583333333333333
"1341",0.666666666666667,0.353629693370925,0.583333333333333,0.916149068322981,1,0.565217391304348,0,0.434782608695652,2.3,0
"1342",0.833333333333333,0.360233318245365,0.736842105263158,0.888198757763975,1,0.782608695652174,0,0.217391304347826,4.6,0
"1343",0.8,0.425081670707436,0.75,0.87037037037037,0.75,0.833333333333333,0.25,0.166666666666667,4.5,0.3
"1344",0.866666666666667,0.362573131088107,0.846153846153846,0.904306220095694,1,0.789473684210526,0,0.210526315789474,4.75,0
"1345",0.8,0.387701523079373,0.7,0.913875598086124,0.636363636363636,0.894736842105263,0.363636363636364,0.105263157894737,6.04545454545455,0.406417112299465
"1346",0.733333333333333,0.32711460295948,0.2,0.705357142857143,0.5,0.75,0.5,0.25,2,0.666666666666667
"1347",0.833333333333333,0.373643661456888,0.761904761904762,0.889204545454545,1,0.772727272727273,0,0.227272727272727,4.4,0
"1348",0.8,0.460742033801534,0.727272727272727,0.944196428571429,0.571428571428571,1,0.428571428571429,0,Inf,0.428571428571429
"1349",0.8,0.399386701729801,0.7,0.83,0.7,0.85,0.3,0.15,4.66666666666667,0.352941176470588
"1350",0.766666666666667,0.404139284373121,0.588235294117647,0.806878306878307,0.555555555555556,0.857142857142857,0.444444444444444,0.142857142857143,3.88888888888889,0.518518518518518
"1351",0.766666666666667,0.394710271662412,0.666666666666667,0.822751322751323,0.777777777777778,0.761904761904762,0.222222222222222,0.238095238095238,3.26666666666667,0.291666666666667
"1352",0.8,0.427310071264136,0.7,0.822751322751323,0.777777777777778,0.80952380952381,0.222222222222222,0.19047619047619,4.08333333333333,0.274509803921569
"1353",0.7,0.457965679897305,0.666666666666667,0.755,0.9,0.6,0.1,0.4,2.25,0.166666666666667
"1354",0.666666666666667,0.479943881131786,0.545454545454545,0.71957671957672,0.666666666666667,0.666666666666667,0.333333333333333,0.333333333333333,2,0.5
"1355",0.766666666666667,0.422294353575215,0.695652173913043,0.849537037037037,0.666666666666667,0.833333333333333,0.333333333333333,0.166666666666667,4,0.4
"1356",0.8,0.388232462613055,0.769230769230769,0.895,1,0.7,0,0.3,3.33333333333333,0
"1357",0.733333333333333,0.505590904562134,0.692307692307692,0.824444444444445,0.6,0.866666666666667,0.4,0.133333333333333,4.5,0.461538461538462
"1358",0.8,0.393828640741197,0.7,0.935406698564593,0.636363636363636,0.894736842105263,0.363636363636364,0.105263157894737,6.04545454545455,0.406417112299465
"1359",0.766666666666667,0.372817260592923,0.588235294117647,0.779503105590062,0.714285714285714,0.782608695652174,0.285714285714286,0.217391304347826,3.28571428571429,0.365079365079365
"1360",0.833333333333333,0.340303821768288,0.705882352941177,0.916149068322981,0.857142857142857,0.826086956521739,0.142857142857143,0.173913043478261,4.92857142857143,0.172932330827068
"1361",0.8,0.421676013076348,0.727272727272727,0.858796296296296,0.666666666666667,0.888888888888889,0.333333333333333,0.111111111111111,6,0.375
"1362",0.8,0.365867954678244,0.727272727272727,0.855,0.8,0.8,0.2,0.2,4,0.25
"1363",0.766666666666667,0.351025973088692,0.631578947368421,0.916149068322981,0.857142857142857,0.739130434782609,0.142857142857143,0.260869565217391,3.28571428571429,0.19327731092437
"1364",0.766666666666667,0.410155985884157,0.666666666666667,0.761904761904762,0.777777777777778,0.761904761904762,0.222222222222222,0.238095238095238,3.26666666666667,0.291666666666667
"1365",0.7,0.372952326123582,0.608695652173913,0.833333333333333,0.777777777777778,0.666666666666667,0.222222222222222,0.333333333333333,2.33333333333333,0.333333333333333
"1366",0.8,0.423792527486144,0.7,0.844497607655502,0.636363636363636,0.894736842105263,0.363636363636364,0.105263157894737,6.04545454545455,0.406417112299465
"1367",0.733333333333333,0.47020154500531,0.5,0.767942583732057,0.363636363636364,0.947368421052632,0.636363636363636,0.0526315789473685,6.9090909090909,0.671717171717172
"1368",0.766666666666667,0.435501861645327,0.72,0.7775,0.9,0.7,0.1,0.3,3,0.142857142857143
"1369",0.833333333333333,0.413471018423394,0.736842105263158,0.873205741626794,0.636363636363636,0.947368421052632,0.363636363636364,0.0526315789473685,12.0909090909091,0.383838383838384
"1370",0.8,0.359846848465152,0.727272727272727,0.912698412698413,0.888888888888889,0.761904761904762,0.111111111111111,0.238095238095238,3.73333333333333,0.145833333333333
"1371",0.833333333333333,0.351067308313742,0.736842105263158,0.923295454545455,0.875,0.818181818181818,0.125,0.181818181818182,4.8125,0.152777777777778
"1372",0.8,0.351230961659734,0.7,0.928977272727273,0.875,0.772727272727273,0.125,0.227272727272727,3.85,0.161764705882353
"1373",0.833333333333333,0.387047181810035,0.761904761904762,0.857142857142857,0.888888888888889,0.80952380952381,0.111111111111111,0.19047619047619,4.66666666666667,0.137254901960784
"1374",0.7,0.462812851241618,0.526315789473684,0.782296650717703,0.454545454545455,0.842105263157895,0.545454545454545,0.157894736842105,2.87878787878788,0.647727272727273
"1375",0.733333333333333,0.39491496314687,0.555555555555556,0.775568181818182,0.625,0.772727272727273,0.375,0.227272727272727,2.75,0.485294117647059
"1376",0.8,0.407711275919553,0.7,0.897129186602871,0.636363636363636,0.894736842105263,0.363636363636364,0.105263157894737,6.04545454545455,0.406417112299465
"1377",0.8,0.425795099854647,0.7,0.813664596273292,1,0.739130434782609,0,0.260869565217391,3.83333333333333,0
"1378",0.8,0.394203292337597,0.666666666666667,0.845,0.6,0.9,0.4,0.1,6,0.444444444444444
"1379",0.766666666666667,0.419564105814033,0.533333333333333,0.82,0.4,0.95,0.6,0.05,7.99999999999999,0.631578947368421
"1380",0.9,0.362038070929255,0.869565217391304,0.9625,1,0.85,0,0.15,6.66666666666667,0
"1381",0.8,0.398967410150095,0.7,0.777777777777778,0.777777777777778,0.80952380952381,0.222222222222222,0.19047619047619,4.08333333333333,0.274509803921569
"1382",0.733333333333333,0.391266043010813,0.555555555555556,0.757763975155279,0.714285714285714,0.739130434782609,0.285714285714286,0.260869565217391,2.73809523809524,0.38655462184874
"1383",0.633333333333333,0.471187856983311,0.421052631578947,0.692546583850932,0.571428571428571,0.652173913043478,0.428571428571429,0.347826086956522,1.64285714285714,0.657142857142857
"1384",0.833333333333333,0.393021917172711,0.8,0.844497607655502,0.909090909090909,0.789473684210526,0.0909090909090909,0.210526315789474,4.31818181818182,0.115151515151515
"1385",0.833333333333333,0.351458940038868,0.705882352941177,0.866459627329193,0.857142857142857,0.826086956521739,0.142857142857143,0.173913043478261,4.92857142857143,0.172932330827068
"1386",0.766666666666667,0.404490504817059,0.588235294117647,0.88,0.5,0.9,0.5,0.1,5,0.555555555555556
"1387",0.733333333333333,0.448059824473082,0.5,0.8125,0.4,0.9,0.6,0.1,4,0.666666666666667
"1388",0.766666666666667,0.406575317596391,0.631578947368421,0.86,0.6,0.85,0.4,0.15,4,0.470588235294118
"1389",0.733333333333333,0.412292622777778,0.714285714285714,0.852941176470588,0.769230769230769,0.705882352941177,0.230769230769231,0.294117647058823,2.61538461538462,0.326923076923077
"1390",0.866666666666667,0.346993671817055,0.75,0.927083333333333,1,0.833333333333333,0,0.166666666666667,6,0
"1391",0.733333333333333,0.493198309550094,0.636363636363636,0.757918552036199,0.538461538461538,0.882352941176471,0.461538461538462,0.117647058823529,4.57692307692308,0.523076923076923
"1392",0.7,0.408251590641484,0.526315789473684,0.77639751552795,0.714285714285714,0.695652173913043,0.285714285714286,0.304347826086957,2.3469387755102,0.410714285714286
"1393",0.733333333333333,0.467239366953467,0.636363636363636,0.919642857142857,0.5,0.9375,0.5,0.0625,8,0.533333333333333
"1394",0.8,0.352467729948415,0.7,0.880681818181818,0.875,0.772727272727273,0.125,0.227272727272727,3.85,0.161764705882353
"1395",0.833333333333333,0.378357688541575,0.705882352941177,0.886363636363636,0.75,0.863636363636364,0.25,0.136363636363636,5.5,0.289473684210526
"1396",0.766666666666667,0.404347289606198,0.695652173913043,0.77,0.8,0.75,0.2,0.25,3.2,0.266666666666667
"1397",0.766666666666667,0.4154897673172,0.695652173913043,0.791866028708134,0.727272727272727,0.789473684210526,0.272727272727273,0.210526315789474,3.45454545454546,0.345454545454545
"1398",0.733333333333333,0.446595451570895,0.666666666666667,0.75,0.8,0.7,0.2,0.3,2.66666666666667,0.285714285714286
"1399",0.766666666666667,0.426747553609701,0.695652173913043,0.7825,0.8,0.75,0.2,0.25,3.2,0.266666666666667
"1400",0.8,0.373901811127287,0.7,0.902116402116402,0.777777777777778,0.80952380952381,0.222222222222222,0.19047619047619,4.08333333333333,0.274509803921569
"1401",0.733333333333333,0.424791669164519,0.6,0.885167464114833,0.545454545454545,0.842105263157895,0.454545454545455,0.157894736842105,3.45454545454545,0.539772727272727
"1402",0.8,0.353872378568836,0.727272727272727,0.911931818181818,1,0.727272727272727,0,0.272727272727273,3.66666666666667,0
"1403",0.666666666666667,0.491862540597719,0.615384615384615,0.826666666666667,0.533333333333333,0.8,0.466666666666667,0.2,2.66666666666667,0.583333333333333
"1404",0.8,0.394305327690406,0.75,0.794258373205742,0.818181818181818,0.789473684210526,0.181818181818182,0.210526315789474,3.88636363636364,0.23030303030303
"1405",0.833333333333333,0.378745350955033,0.736842105263158,0.809523809523809,0.777777777777778,0.857142857142857,0.222222222222222,0.142857142857143,5.44444444444444,0.259259259259259
"1406",0.666666666666667,0.406385230956785,0.545454545454545,0.767045454545454,0.75,0.636363636363636,0.25,0.363636363636364,2.0625,0.392857142857143
"1407",0.8,0.366391949872075,0.7,0.891304347826087,1,0.739130434782609,0,0.260869565217391,3.83333333333333,0
"1408",0.866666666666667,0.371590513156479,0.75,0.91005291005291,0.666666666666667,0.952380952380952,0.333333333333333,0.0476190476190477,14,0.35
"1409",0.833333333333333,0.462704399244846,0.8,0.90625,0.714285714285714,0.9375,0.285714285714286,0.0625,11.4285714285714,0.304761904761905
"1410",0.7,0.446343371284132,0.608695652173913,0.763888888888889,0.583333333333333,0.777777777777778,0.416666666666667,0.222222222222222,2.625,0.535714285714286
"1411",0.766666666666667,0.365935938896204,0.631578947368421,0.860248447204969,0.857142857142857,0.739130434782609,0.142857142857143,0.260869565217391,3.28571428571429,0.19327731092437
"1412",0.666666666666667,0.327832170726296,0.583333333333333,0.987577639751553,1,0.565217391304348,0,0.434782608695652,2.3,0
"1413",0.733333333333333,0.399932545923997,0.636363636363636,0.798941798941799,0.777777777777778,0.714285714285714,0.222222222222222,0.285714285714286,2.72222222222222,0.311111111111111
"1414",0.8,0.410498305584802,0.7,0.837320574162679,0.636363636363636,0.894736842105263,0.363636363636364,0.105263157894737,6.04545454545455,0.406417112299465
"1415",0.766666666666667,0.427271091956727,0.72,0.821759259259259,0.75,0.777777777777778,0.25,0.222222222222222,3.375,0.321428571428571
"1416",0.9,0.369063871481309,0.842105263157895,0.945,0.8,0.95,0.2,0.05,16,0.210526315789474
"1417",0.866666666666667,0.358765161417593,0.8,0.900568181818182,1,0.818181818181818,0,0.181818181818182,5.5,0
"1418",0.766666666666667,0.404022615905879,0.666666666666667,0.825,0.7,0.8,0.3,0.2,3.5,0.375
"1419",0.766666666666667,0.375499398707564,0.631578947368421,0.792613636363636,0.75,0.772727272727273,0.25,0.227272727272727,3.3,0.323529411764706
"1420",0.833333333333333,0.368266787952857,0.736842105263158,0.860795454545455,0.875,0.818181818181818,0.125,0.181818181818182,4.8125,0.152777777777778
"1421",0.7,0.466384539703062,0.571428571428571,0.756944444444444,0.5,0.833333333333333,0.5,0.166666666666667,3,0.6
"1422",0.733333333333333,0.438694712483509,0.666666666666667,0.787037037037037,0.666666666666667,0.777777777777778,0.333333333333333,0.222222222222222,3,0.428571428571429
"1423",0.766666666666667,0.363687831638008,0.588235294117647,0.864583333333333,0.833333333333333,0.75,0.166666666666667,0.25,3.33333333333333,0.222222222222222
"1424",0.666666666666667,0.425124396909848,0.5,0.693181818181818,0.625,0.681818181818182,0.375,0.318181818181818,1.96428571428571,0.55
"1425",0.733333333333333,0.374830460140435,0.6,0.832298136645963,0.857142857142857,0.695652173913043,0.142857142857143,0.304347826086957,2.81632653061224,0.205357142857143
"1426",0.8,0.474917232612897,0.727272727272727,0.908482142857143,0.571428571428571,1,0.428571428571429,0,Inf,0.428571428571429
"1427",0.8,0.422886312639393,0.75,0.831018518518518,0.75,0.833333333333333,0.25,0.166666666666667,4.5,0.3
"1428",0.8,0.387989689716719,0.7,0.822751322751323,0.777777777777778,0.80952380952381,0.222222222222222,0.19047619047619,4.08333333333333,0.274509803921569
"1429",0.866666666666667,0.351680194100922,0.818181818181818,0.957671957671958,1,0.80952380952381,0,0.19047619047619,5.25,0
"1430",0.833333333333333,0.369429729316601,0.761904761904762,0.933862433862434,0.888888888888889,0.80952380952381,0.111111111111111,0.19047619047619,4.66666666666667,0.137254901960784
"1431",0.8,0.404134713351975,0.7,0.793650793650794,0.777777777777778,0.80952380952381,0.222222222222222,0.19047619047619,4.08333333333333,0.274509803921569
"1432",0.733333333333333,0.472813740097534,0.636363636363636,0.832589285714286,0.5,0.9375,0.5,0.0625,8,0.533333333333333
"1433",0.866666666666667,0.376735918372964,0.8,0.843915343915344,0.888888888888889,0.857142857142857,0.111111111111111,0.142857142857143,6.22222222222222,0.12962962962963
"1434",0.666666666666667,0.444515991664656,0.5,0.803827751196172,0.454545454545455,0.789473684210526,0.545454545454545,0.210526315789474,2.15909090909091,0.690909090909091
"1435",0.833333333333333,0.419200272243144,0.782608695652174,0.888888888888889,0.75,0.888888888888889,0.25,0.111111111111111,6.75,0.28125
"1436",0.7,0.429015294158751,0.470588235294118,0.788359788359788,0.444444444444444,0.80952380952381,0.555555555555556,0.19047619047619,2.33333333333333,0.686274509803922
"1437",0.8,0.36369789318367,0.7,0.866459627329193,1,0.739130434782609,0,0.260869565217391,3.83333333333333,0
"1438",0.633333333333333,0.501831861665485,0.352941176470588,0.76555023923445,0.272727272727273,0.842105263157895,0.727272727272727,0.157894736842105,1.72727272727273,0.863636363636364
"1439",0.733333333333333,0.422278923949426,0.5,0.767195767195767,0.444444444444444,0.857142857142857,0.555555555555556,0.142857142857143,3.11111111111111,0.648148148148148
"1440",0.733333333333333,0.456489859237735,0.6,0.898190045248869,0.461538461538462,0.941176470588235,0.538461538461538,0.0588235294117647,7.84615384615384,0.572115384615385
"1441",0.933333333333333,0.374937486908605,0.9,0.9675,0.9,0.95,0.1,0.05,18,0.105263157894737
"1442",0.733333333333333,0.516533312075574,0.6,0.870535714285714,0.428571428571429,1,0.571428571428571,0,Inf,0.571428571428571
"1443",0.9,0.333167320858896,0.823529411764706,0.956521739130435,1,0.869565217391304,0,0.130434782608696,7.66666666666667,0
"1444",0.733333333333333,0.409611604996049,0.555555555555556,0.805,0.5,0.85,0.5,0.15,3.33333333333333,0.588235294117647
"1445",0.633333333333333,0.505917040843283,0.56,0.648148148148148,0.777777777777778,0.571428571428571,0.222222222222222,0.428571428571429,1.81481481481481,0.388888888888889
"1446",0.8,0.476885344727677,0.727272727272727,0.841517857142857,0.571428571428571,1,0.428571428571429,0,Inf,0.428571428571429
"1447",0.733333333333333,0.361934964557318,0.636363636363636,0.857954545454545,0.875,0.681818181818182,0.125,0.318181818181818,2.75,0.183333333333333
"1448",0.766666666666667,0.3819585415057,0.72,0.88,0.9,0.7,0.1,0.3,3,0.142857142857143
"1449",0.766666666666667,0.456742552203133,0.666666666666667,0.798611111111111,0.583333333333333,0.888888888888889,0.416666666666667,0.111111111111111,5.25,0.46875
"1450",0.733333333333333,0.378023111342802,0.555555555555556,0.801242236024845,0.714285714285714,0.739130434782609,0.285714285714286,0.260869565217391,2.73809523809524,0.38655462184874
"1451",0.8,0.416142266239209,0.666666666666667,0.7975,0.6,0.9,0.4,0.1,6,0.444444444444444
"1452",0.766666666666667,0.428858158896738,0.666666666666667,0.844907407407407,0.583333333333333,0.888888888888889,0.416666666666667,0.111111111111111,5.25,0.46875
"1453",0.8,0.422018215554113,0.727272727272727,0.833333333333333,0.666666666666667,0.888888888888889,0.333333333333333,0.111111111111111,6,0.375
"1454",0.8,0.335457383158429,0.625,0.936,1,0.76,0,0.24,4.16666666666667,0
"1455",0.833333333333333,0.38084873086907,0.761904761904762,0.912698412698413,0.888888888888889,0.80952380952381,0.111111111111111,0.19047619047619,4.66666666666667,0.137254901960784
"1456",0.833333333333333,0.383288014111195,0.782608695652174,0.913875598086124,0.818181818181818,0.842105263157895,0.181818181818182,0.157894736842105,5.18181818181818,0.215909090909091
"1457",0.8,0.416541095265782,0.7,0.858851674641148,0.636363636363636,0.894736842105263,0.363636363636364,0.105263157894737,6.04545454545455,0.406417112299465
"1458",0.7,0.418755441878117,0.608695652173913,0.793650793650794,0.777777777777778,0.666666666666667,0.222222222222222,0.333333333333333,2.33333333333333,0.333333333333333
"1459",0.766666666666667,0.440411964874855,0.666666666666667,0.782296650717703,0.636363636363636,0.842105263157895,0.363636363636364,0.157894736842105,4.03030303030303,0.431818181818182
"1460",0.733333333333333,0.451402551830746,0.666666666666667,0.785,0.8,0.7,0.2,0.3,2.66666666666667,0.285714285714286
"1461",0.633333333333333,0.459649252206076,0.521739130434783,0.701388888888889,0.5,0.722222222222222,0.5,0.277777777777778,1.8,0.692307692307692
"1462",0.833333333333333,0.36027827965395,0.705882352941177,0.899305555555556,1,0.791666666666667,0,0.208333333333333,4.8,0
"1463",0.8,0.403080110838627,0.75,0.877314814814815,0.75,0.833333333333333,0.25,0.166666666666667,4.5,0.3
"1464",0.8,0.377574396511366,0.727272727272727,0.920634920634921,0.888888888888889,0.761904761904762,0.111111111111111,0.238095238095238,3.73333333333333,0.145833333333333
"1465",0.733333333333333,0.382759974234274,0.666666666666667,0.900568181818182,1,0.636363636363636,0,0.363636363636364,2.75,0
"1466",0.866666666666667,0.398312168642395,0.8,0.923444976076555,0.727272727272727,0.947368421052632,0.272727272727273,0.0526315789473685,13.8181818181818,0.287878787878788
"1467",0.766666666666667,0.40844234002432,0.631578947368421,0.856459330143541,0.545454545454545,0.894736842105263,0.454545454545455,0.105263157894737,5.18181818181818,0.508021390374332
"1468",0.866666666666667,0.386800737433256,0.777777777777778,0.862433862433862,0.777777777777778,0.904761904761905,0.222222222222222,0.0952380952380952,8.16666666666667,0.245614035087719
"1469",0.733333333333333,0.424184897918027,0.5,0.8525,0.4,0.9,0.6,0.1,4,0.666666666666667
"1470",0.866666666666667,0.361796114531514,0.777777777777778,0.880952380952381,0.777777777777778,0.904761904761905,0.222222222222222,0.0952380952380952,8.16666666666667,0.245614035087719
"1471",0.833333333333333,0.352905690191816,0.705882352941177,0.857142857142857,0.857142857142857,0.826086956521739,0.142857142857143,0.173913043478261,4.92857142857143,0.172932330827068
"1472",0.833333333333333,0.364307139024244,0.705882352941177,0.838068181818182,0.75,0.863636363636364,0.25,0.136363636363636,5.5,0.289473684210526
"1473",0.8,0.399528848892437,0.7,0.8575,0.7,0.85,0.3,0.15,4.66666666666667,0.352941176470588
"1474",0.766666666666667,0.434534181666678,0.666666666666667,0.893518518518518,0.583333333333333,0.888888888888889,0.416666666666667,0.111111111111111,5.25,0.46875
"1475",0.733333333333333,0.428537833725987,0.555555555555556,0.735,0.5,0.85,0.5,0.15,3.33333333333333,0.588235294117647
"1476",0.8,0.382087231841994,0.727272727272727,0.862433862433862,0.888888888888889,0.761904761904762,0.111111111111111,0.238095238095238,3.73333333333333,0.145833333333333
"1477",0.833333333333333,0.424731062829877,0.8,0.921296296296296,0.833333333333333,0.833333333333333,0.166666666666667,0.166666666666667,5,0.2
"1478",0.766666666666667,0.392072895716038,0.72,0.851851851851852,1,0.666666666666667,0,0.333333333333333,3,0
"1479",0.666666666666667,0.390277097065309,0.5,0.828,1,0.6,0,0.4,2.5,0
"1480",0.733333333333333,0.430646803309503,0.636363636363636,0.805555555555556,0.583333333333333,0.833333333333333,0.416666666666667,0.166666666666667,3.5,0.5
"1481",0.766666666666667,0.457556949906902,0.631578947368421,0.839366515837104,0.461538461538462,1,0.538461538461538,0,Inf,0.538461538461538
"1482",0.766666666666667,0.428635131438007,0.695652173913043,0.7775,0.8,0.75,0.2,0.25,3.2,0.266666666666667
"1483",0.8,0.372870240951716,0.7,0.872670807453416,1,0.739130434782609,0,0.260869565217391,3.83333333333333,0
"1484",0.833333333333333,0.380681937202573,0.736842105263158,0.9225,0.7,0.9,0.3,0.1,7,0.333333333333333
"1485",0.866666666666667,0.395659532238812,0.818181818181818,0.916666666666667,0.75,0.944444444444444,0.25,0.0555555555555556,13.5,0.264705882352941
"1486",0.7,0.394965978855791,0.64,0.817460317460317,0.888888888888889,0.619047619047619,0.111111111111111,0.380952380952381,2.33333333333333,0.17948717948718
"1487",0.766666666666667,0.412732002676767,0.631578947368421,0.88755980861244,0.545454545454545,0.894736842105263,0.454545454545455,0.105263157894737,5.18181818181818,0.508021390374332
"1488",0.733333333333333,0.428658478603881,0.666666666666667,0.80952380952381,0.888888888888889,0.666666666666667,0.111111111111111,0.333333333333333,2.66666666666667,0.166666666666667
"1489",0.633333333333333,0.492764044446773,0.421052631578947,0.73,0.4,0.75,0.6,0.25,1.6,0.8
"1490",0.833333333333333,0.350347577342871,0.736842105263158,0.903726708074534,1,0.782608695652174,0,0.217391304347826,4.6,0
"1491",0.8,0.434213065560384,0.7,0.745,0.7,0.85,0.3,0.15,4.66666666666667,0.352941176470588
"1492",0.9,0.341271694669489,0.823529411764706,0.920454545454545,0.875,0.909090909090909,0.125,0.0909090909090909,9.625,0.1375
"1493",0.8,0.392232833776884,0.666666666666667,0.841614906832298,0.857142857142857,0.782608695652174,0.142857142857143,0.217391304347826,3.94285714285714,0.182539682539683
"1494",0.766666666666667,0.35443588277516,0.631578947368421,0.860248447204969,0.857142857142857,0.739130434782609,0.142857142857143,0.260869565217391,3.28571428571429,0.19327731092437
"1495",0.766666666666667,0.414725232952026,0.666666666666667,0.856459330143541,0.636363636363636,0.842105263157895,0.363636363636364,0.157894736842105,4.03030303030303,0.431818181818182
"1496",0.633333333333333,0.477283317043136,0.352941176470588,0.7175,0.3,0.8,0.7,0.2,1.5,0.875
"1497",0.833333333333333,0.380177885129221,0.761904761904762,0.841269841269841,0.888888888888889,0.80952380952381,0.111111111111111,0.19047619047619,4.66666666666667,0.137254901960784
"1498",0.633333333333333,0.409738382534499,0.476190476190476,0.782608695652174,0.714285714285714,0.608695652173913,0.285714285714286,0.391304347826087,1.82539682539683,0.469387755102041
"1499",0.733333333333333,0.408651135435648,0.6,0.758522727272727,0.75,0.727272727272727,0.25,0.272727272727273,2.75,0.34375
"1500",0.733333333333333,0.396166961940215,0.666666666666667,0.796296296296296,0.888888888888889,0.666666666666667,0.111111111111111,0.333333333333333,2.66666666666667,0.166666666666667
"1501",0.766666666666667,0.400830717195187,0.695652173913043,0.777777777777778,0.888888888888889,0.714285714285714,0.111111111111111,0.285714285714286,3.11111111111111,0.155555555555556
"1502",0.8,0.372980070221097,0.727272727272727,0.923280423280423,0.888888888888889,0.761904761904762,0.111111111111111,0.238095238095238,3.73333333333333,0.145833333333333
"1503",0.7,0.452733931773889,0.571428571428571,0.758522727272727,0.75,0.681818181818182,0.25,0.318181818181818,2.35714285714286,0.366666666666667
"1504",0.866666666666667,0.362166382203585,0.777777777777778,0.880681818181818,0.875,0.863636363636364,0.125,0.136363636363636,6.41666666666667,0.144736842105263
"1505",0.733333333333333,0.396703438173426,0.555555555555556,0.774305555555556,0.833333333333333,0.708333333333333,0.166666666666667,0.291666666666667,2.85714285714286,0.235294117647059
"1506",0.766666666666667,0.422356139253022,0.588235294117647,0.8225,0.5,0.9,0.5,0.1,5,0.555555555555556
"1507",0.8,0.399904173166368,0.7,0.925,0.7,0.85,0.3,0.15,4.66666666666667,0.352941176470588
"1508",0.766666666666667,0.440105408693473,0.666666666666667,0.861111111111111,0.583333333333333,0.888888888888889,0.416666666666667,0.111111111111111,5.25,0.46875
"1509",0.766666666666667,0.406682797630503,0.631578947368421,0.85,0.6,0.85,0.4,0.15,4,0.470588235294118
"1510",0.8,0.410568078441885,0.727272727272727,0.882775119617225,0.727272727272727,0.842105263157895,0.272727272727273,0.157894736842105,4.6060606060606,0.323863636363636
"1511",0.7,0.47819713060296,0.526315789473684,0.705741626794258,0.454545454545455,0.842105263157895,0.545454545454545,0.157894736842105,2.87878787878788,0.647727272727273
"1512",0.766666666666667,0.408871414877475,0.695652173913043,0.7825,0.8,0.75,0.2,0.25,3.2,0.266666666666667
"1513",0.8,0.392954667360637,0.769230769230769,0.88,1,0.7,0,0.3,3.33333333333333,0
"1514",0.866666666666667,0.388503698253283,0.8,0.9225,0.8,0.9,0.2,0.1,8,0.222222222222222
"1515",0.833333333333333,0.356068161577872,0.761904761904762,0.87037037037037,0.888888888888889,0.80952380952381,0.111111111111111,0.19047619047619,4.66666666666667,0.137254901960784
"1516",0.8,0.386863612299046,0.666666666666667,0.925,0.6,0.9,0.4,0.1,6,0.444444444444444
"1517",0.766666666666667,0.364894922096747,0.588235294117647,0.763975155279503,0.714285714285714,0.782608695652174,0.285714285714286,0.217391304347826,3.28571428571429,0.365079365079365
"1518",0.666666666666667,0.438074756732307,0.5,0.708074534161491,0.714285714285714,0.652173913043478,0.285714285714286,0.347826086956522,2.05357142857143,0.438095238095238
"1519",0.8,0.379603929147515,0.7,0.8775,0.7,0.85,0.3,0.15,4.66666666666667,0.352941176470588
"1520",0.8,0.379649579100963,0.571428571428571,0.825396825396825,0.444444444444444,0.952380952380952,0.555555555555556,0.0476190476190477,9.33333333333332,0.583333333333333
"1521",0.8,0.374422923097167,0.727272727272727,0.880681818181818,1,0.727272727272727,0,0.272727272727273,3.66666666666667,0
"1522",0.666666666666667,0.436306885649212,0.375,0.764550264550265,0.333333333333333,0.80952380952381,0.666666666666667,0.19047619047619,1.75,0.823529411764706
"1523",0.766666666666667,0.378568478234326,0.695652173913043,0.84,0.8,0.75,0.2,0.25,3.2,0.266666666666667
"1524",0.833333333333333,0.404230138639532,0.736842105263158,0.85,0.7,0.9,0.3,0.1,7,0.333333333333333
"1525",0.7,0.438046677563023,0.608695652173913,0.826388888888889,0.583333333333333,0.777777777777778,0.416666666666667,0.222222222222222,2.625,0.535714285714286
"1526",0.766666666666667,0.376819816503382,0.72,0.8625,0.9,0.7,0.1,0.3,3,0.142857142857143
"1527",0.7,0.440885285282138,0.608695652173913,0.840277777777778,0.583333333333333,0.777777777777778,0.416666666666667,0.222222222222222,2.625,0.535714285714286
"1528",0.733333333333333,0.383015656053289,0.666666666666667,0.8725,0.8,0.7,0.2,0.3,2.66666666666667,0.285714285714286
"1529",0.866666666666667,0.373428240415132,0.777777777777778,0.869565217391304,1,0.826086956521739,0,0.173913043478261,5.75,0
"1530",0.766666666666667,0.396639696269626,0.72,0.85978835978836,1,0.666666666666667,0,0.333333333333333,3,0
"1531",0.733333333333333,0.446820245852948,0.6,0.693181818181818,0.75,0.727272727272727,0.25,0.272727272727273,2.75,0.34375
"1532",0.833333333333333,0.438415938992567,0.782608695652174,0.904977375565611,0.692307692307692,0.941176470588235,0.307692307692308,0.0588235294117647,11.7692307692308,0.326923076923077
"1533",0.666666666666667,0.468760394136305,0.583333333333333,0.745,0.7,0.65,0.3,0.35,2,0.461538461538462
"1534",0.666666666666667,0.476998653744361,0.5,0.74537037037037,0.416666666666667,0.833333333333333,0.583333333333333,0.166666666666667,2.5,0.7
"1535",0.8,0.394075227594742,0.75,0.8575,0.9,0.75,0.1,0.25,3.6,0.133333333333333
"1536",0.633333333333333,0.482993230177837,0.56,0.742081447963801,0.538461538461538,0.705882352941177,0.461538461538462,0.294117647058823,1.83076923076923,0.653846153846154
"1537",0.833333333333333,0.422066688129578,0.705882352941177,0.7975,0.6,0.95,0.4,0.05,12,0.421052631578947
"1538",0.766666666666667,0.419920898938826,0.695652173913043,0.7475,0.8,0.75,0.2,0.25,3.2,0.266666666666667
"1539",0.966666666666667,0.351802141364229,0.947368421052632,0.976190476190476,1,0.952380952380952,0,0.0476190476190477,21,0
"1540",0.7,0.418691508882353,0.4,0.716931216931217,0.333333333333333,0.857142857142857,0.666666666666667,0.142857142857143,2.33333333333333,0.777777777777778
"1541",0.733333333333333,0.369715390042733,0.6,0.818181818181818,0.75,0.727272727272727,0.25,0.272727272727273,2.75,0.34375
"1542",0.8,0.399567749583819,0.666666666666667,0.806818181818182,0.75,0.818181818181818,0.25,0.181818181818182,4.125,0.305555555555556
"1543",0.666666666666667,0.400989846068534,0.5,0.741477272727273,0.625,0.681818181818182,0.375,0.318181818181818,1.96428571428571,0.55
"1544",0.733333333333333,0.458248565609852,0.6,0.773291925465838,0.857142857142857,0.695652173913043,0.142857142857143,0.304347826086957,2.81632653061224,0.205357142857143
"1545",0.766666666666667,0.461880698743942,0.695652173913043,0.7325,0.8,0.75,0.2,0.25,3.2,0.266666666666667
"1546",0.733333333333333,0.387674556349898,0.6,0.819875776397515,0.857142857142857,0.695652173913043,0.142857142857143,0.304347826086957,2.81632653061224,0.205357142857143
"1547",0.766666666666667,0.384888148712001,0.631578947368421,0.789772727272727,0.75,0.772727272727273,0.25,0.227272727272727,3.3,0.323529411764706
"1548",0.766666666666667,0.411092351355329,0.72,0.844907407407407,0.75,0.777777777777778,0.25,0.222222222222222,3.375,0.321428571428571
"1549",0.866666666666667,0.440512628697122,0.846153846153846,0.868303571428572,0.785714285714286,0.9375,0.214285714285714,0.0625,12.5714285714286,0.228571428571429
"1550",0.7,0.500221898332341,0.666666666666667,0.748888888888889,0.6,0.8,0.4,0.2,3,0.5
"1551",0.866666666666667,0.345719708253782,0.8,0.865079365079365,0.888888888888889,0.857142857142857,0.111111111111111,0.142857142857143,6.22222222222222,0.12962962962963
"1552",0.7,0.509802770280409,0.64,0.826666666666667,0.533333333333333,0.866666666666667,0.466666666666667,0.133333333333333,4,0.538461538461538
"1553",0.866666666666667,0.379559412418766,0.75,0.878306878306878,0.666666666666667,0.952380952380952,0.333333333333333,0.0476190476190477,14,0.35
"1554",0.833333333333333,0.355122413169803,0.705882352941177,0.814814814814815,0.666666666666667,0.904761904761905,0.333333333333333,0.0952380952380952,7,0.368421052631579
"1555",0.7,0.33090175734916,0.608695652173913,0.981366459627329,1,0.608695652173913,0,0.391304347826087,2.55555555555556,0
"1556",0.666666666666667,0.498087168864027,0.5,0.861607142857143,0.357142857142857,0.9375,0.642857142857143,0.0625,5.71428571428571,0.685714285714286
"1557",0.8,0.332670714870229,0.571428571428571,0.913461538461539,1,0.769230769230769,0,0.230769230769231,4.33333333333333,0
"1558",0.833333333333333,0.410434276255336,0.736842105263158,0.855,0.7,0.9,0.3,0.1,7,0.333333333333333
"1559",0.733333333333333,0.395953813200174,0.5,0.752,0.8,0.72,0.2,0.28,2.85714285714286,0.277777777777778
"1560",0.8,0.407404887486075,0.769230769230769,0.832579185520362,0.769230769230769,0.823529411764706,0.230769230769231,0.176470588235294,4.35897435897436,0.28021978021978
"1561",0.766666666666667,0.460215529601884,0.740740740740741,0.770334928229665,0.909090909090909,0.684210526315789,0.0909090909090909,0.315789473684211,2.87878787878788,0.132867132867133
"1562",0.733333333333333,0.425153848872136,0.5,0.830687830687831,0.444444444444444,0.857142857142857,0.555555555555556,0.142857142857143,3.11111111111111,0.648148148148148
"1563",0.8,0.388530331562416,0.7,0.789772727272727,0.875,0.772727272727273,0.125,0.227272727272727,3.85,0.161764705882353
"1564",0.766666666666667,0.415045296318801,0.588235294117647,0.8125,0.5,0.9,0.5,0.1,5,0.555555555555556
"1565",0.766666666666667,0.412127793986765,0.666666666666667,0.784090909090909,0.875,0.727272727272727,0.125,0.272727272727273,3.20833333333333,0.171875
"1566",0.766666666666667,0.410777197893602,0.695652173913043,0.841269841269841,0.888888888888889,0.714285714285714,0.111111111111111,0.285714285714286,3.11111111111111,0.155555555555556
"1567",0.766666666666667,0.410040420856953,0.72,0.811004784688995,0.818181818181818,0.736842105263158,0.181818181818182,0.263157894736842,3.10909090909091,0.246753246753247
"1568",0.766666666666667,0.43163615078917,0.666666666666667,0.842105263157895,0.636363636363636,0.842105263157895,0.363636363636364,0.157894736842105,4.03030303030303,0.431818181818182
"1569",0.7,0.426989539290335,0.571428571428571,0.775568181818182,0.75,0.681818181818182,0.25,0.318181818181818,2.35714285714286,0.366666666666667
"1570",0.833333333333333,0.384282408047111,0.782608695652174,0.862433862433862,1,0.761904761904762,0,0.238095238095238,4.2,0
"1571",0.866666666666667,0.345980605127424,0.8,0.954545454545455,1,0.818181818181818,0,0.181818181818182,5.5,0
"1572",0.733333333333333,0.444858001144796,0.636363636363636,0.71957671957672,0.777777777777778,0.714285714285714,0.222222222222222,0.285714285714286,2.72222222222222,0.311111111111111
"1573",0.666666666666667,0.40020625256157,0.545454545454545,0.743386243386243,0.666666666666667,0.666666666666667,0.333333333333333,0.333333333333333,2,0.5
"1574",0.766666666666667,0.330404241758697,0.533333333333333,0.942307692307692,1,0.730769230769231,0,0.269230769230769,3.71428571428571,0
"1575",0.8,0.349785325602819,0.7,0.940993788819876,1,0.739130434782609,0,0.260869565217391,3.83333333333333,0
"1576",0.9,0.388123008736312,0.823529411764706,0.985,0.7,1,0.3,0,Inf,0.3
"1577",0.733333333333333,0.441051683892059,0.636363636363636,0.773148148148148,0.583333333333333,0.833333333333333,0.416666666666667,0.166666666666667,3.5,0.5
"1578",0.866666666666667,0.380261312381706,0.714285714285714,0.850931677018634,0.714285714285714,0.91304347826087,0.285714285714286,0.0869565217391305,8.21428571428571,0.312925170068027
"1579",0.766666666666667,0.394008456316832,0.631578947368421,0.84375,1,0.708333333333333,0,0.291666666666667,3.42857142857143,0
"1580",0.833333333333333,0.35466895157568,0.761904761904762,0.946022727272727,1,0.772727272727273,0,0.227272727272727,4.4,0
"1581",0.7,0.371591420924971,0.4,0.820987654320988,1,0.666666666666667,0,0.333333333333333,3,0
"1582",0.733333333333333,0.44053255155488,0.6,0.676136363636364,0.75,0.727272727272727,0.25,0.272727272727273,2.75,0.34375
"1583",0.9,0.413875960457613,0.857142857142857,0.986111111111111,0.75,1,0.25,0,Inf,0.25
"1584",0.733333333333333,0.435944405841181,0.636363636363636,0.858796296296296,0.583333333333333,0.833333333333333,0.416666666666667,0.166666666666667,3.5,0.5
"1585",0.733333333333333,0.35791691138757,0.5,0.822981366459627,0.571428571428571,0.782608695652174,0.428571428571429,0.217391304347826,2.62857142857143,0.547619047619048
"1586",0.766666666666667,0.397056815459613,0.588235294117647,0.87,0.5,0.9,0.5,0.1,5,0.555555555555556
"1587",0.7,0.439411065735786,0.526315789473684,0.784688995215311,0.454545454545455,0.842105263157895,0.545454545454545,0.157894736842105,2.87878787878788,0.647727272727273
"1588",0.733333333333333,0.412881912336336,0.636363636363636,0.834928229665072,0.636363636363636,0.789473684210526,0.363636363636364,0.210526315789474,3.02272727272727,0.460606060606061
"1589",0.7,0.352509712046215,0.4,0.752,0.6,0.72,0.4,0.28,2.14285714285714,0.555555555555556
"1590",0.833333333333333,0.336242355122974,0.736842105263158,0.922360248447205,1,0.782608695652174,0,0.217391304347826,4.6,0
"1591",0.766666666666667,0.417507714829693,0.631578947368421,0.704545454545455,0.75,0.772727272727273,0.25,0.227272727272727,3.3,0.323529411764706
"1592",0.8,0.436015355394188,0.7,0.885167464114832,0.636363636363636,0.894736842105263,0.363636363636364,0.105263157894737,6.04545454545455,0.406417112299465
"1593",0.7,0.420497830861978,0.571428571428571,0.788819875776397,0.857142857142857,0.652173913043478,0.142857142857143,0.347826086956522,2.46428571428571,0.219047619047619
"1594",0.766666666666667,0.413298088339906,0.588235294117647,0.8425,0.5,0.9,0.5,0.1,5,0.555555555555556
"1595",0.733333333333333,0.440076993425063,0.6,0.730113636363636,0.75,0.727272727272727,0.25,0.272727272727273,2.75,0.34375
"1596",0.733333333333333,0.407706315027614,0.636363636363636,0.796296296296296,0.777777777777778,0.714285714285714,0.222222222222222,0.285714285714286,2.72222222222222,0.311111111111111
"1597",0.8,0.440882635873946,0.727272727272727,0.777777777777778,0.666666666666667,0.888888888888889,0.333333333333333,0.111111111111111,6,0.375
"1598",0.866666666666667,0.369825207289227,0.75,0.857142857142857,0.666666666666667,0.952380952380952,0.333333333333333,0.0476190476190477,14,0.35
"1599",0.633333333333333,0.364606673843279,0.352941176470588,0.774038461538462,0.75,0.615384615384615,0.25,0.384615384615385,1.95,0.40625
"1600",0.833333333333333,0.392655984299724,0.782608695652174,0.915343915343915,1,0.761904761904762,0,0.238095238095238,4.2,0
"1601",0.766666666666667,0.449284029997659,0.695652173913043,0.761574074074074,0.666666666666667,0.833333333333333,0.333333333333333,0.166666666666667,4,0.4
"1602",0.733333333333333,0.415051354265747,0.6,0.832535885167464,0.545454545454545,0.842105263157895,0.454545454545455,0.157894736842105,3.45454545454545,0.539772727272727
"1603",0.733333333333333,0.404003361996808,0.6,0.746031746031746,0.666666666666667,0.761904761904762,0.333333333333333,0.238095238095238,2.8,0.4375
"1604",0.7,0.451093706023684,0.526315789473684,0.6875,0.625,0.727272727272727,0.375,0.272727272727273,2.29166666666667,0.515625
"1605",0.7,0.416591617161646,0.64,0.793650793650794,0.888888888888889,0.619047619047619,0.111111111111111,0.380952380952381,2.33333333333333,0.17948717948718
"1606",0.733333333333333,0.390108183079381,0.636363636363636,0.838624338624339,0.777777777777778,0.714285714285714,0.222222222222222,0.285714285714286,2.72222222222222,0.311111111111111
"1607",0.766666666666667,0.440919329634172,0.631578947368421,0.766203703703704,0.5,0.944444444444444,0.5,0.0555555555555556,9,0.529411764705882
"1608",0.8,0.379791576644216,0.666666666666667,0.82,0.6,0.9,0.4,0.1,6,0.444444444444444
"1609",0.833333333333333,0.387739305281265,0.705882352941177,0.838068181818182,0.75,0.863636363636364,0.25,0.136363636363636,5.5,0.289473684210526
"1610",0.9,0.362407576372303,0.869565217391304,0.9125,1,0.85,0,0.15,6.66666666666667,0
"1611",0.866666666666667,0.353478520920536,0.8,0.928977272727273,1,0.818181818181818,0,0.181818181818182,5.5,0
"1612",0.766666666666667,0.434224972209393,0.740740740740741,0.77511961722488,0.909090909090909,0.684210526315789,0.0909090909090909,0.315789473684211,2.87878787878788,0.132867132867133
"1613",0.9,0.363847541803448,0.857142857142857,0.9125,0.9,0.9,0.1,0.1,9,0.111111111111111
"1614",0.833333333333333,0.420258131385575,0.761904761904762,0.814814814814815,0.888888888888889,0.80952380952381,0.111111111111111,0.19047619047619,4.66666666666667,0.137254901960784
"1615",0.733333333333333,0.377701491213111,0.692307692307692,0.891534391534392,1,0.619047619047619,0,0.380952380952381,2.625,0
"1616",0.666666666666667,0.421380026692123,0.615384615384615,0.745,0.8,0.6,0.2,0.4,2,0.333333333333333
"1617",0.8,0.381835814751472,0.625,0.809027777777778,0.833333333333333,0.791666666666667,0.166666666666667,0.208333333333333,4,0.210526315789474
"1618",0.833333333333333,0.36610569494804,0.736842105263158,0.90625,0.875,0.818181818181818,0.125,0.181818181818182,4.8125,0.152777777777778
"1619",0.733333333333333,0.393353311777634,0.6,0.835403726708075,0.857142857142857,0.695652173913043,0.142857142857143,0.304347826086957,2.81632653061224,0.205357142857143
"1620",0.733333333333333,0.393898364288062,0.555555555555556,0.75,0.833333333333333,0.708333333333333,0.166666666666667,0.291666666666667,2.85714285714286,0.235294117647059
"1621",0.9,0.404527971187812,0.823529411764706,0.945,0.7,1,0.3,0,Inf,0.3
"1622",0.766666666666667,0.370077304641906,0.631578947368421,0.807453416149068,0.857142857142857,0.739130434782609,0.142857142857143,0.260869565217391,3.28571428571429,0.19327731092437
"1623",0.9,0.306704976531345,0.88,0.937799043062201,1,0.842105263157895,0,0.157894736842105,6.33333333333333,0
"1624",0.8,0.392973724948295,0.666666666666667,0.855113636363636,0.75,0.818181818181818,0.25,0.181818181818182,4.125,0.305555555555556
"1625",0.833333333333333,0.343794084392213,0.705882352941177,0.835403726708075,0.857142857142857,0.826086956521739,0.142857142857143,0.173913043478261,4.92857142857143,0.172932330827068
"1626",0.833333333333333,0.386397398253657,0.761904761904762,0.915,0.8,0.85,0.2,0.15,5.33333333333333,0.235294117647059
"1627",0.766666666666667,0.415171167842261,0.72,0.8375,0.9,0.7,0.1,0.3,3,0.142857142857143
"1628",0.733333333333333,0.4137834274804,0.5,0.783068783068783,0.444444444444444,0.857142857142857,0.555555555555556,0.142857142857143,3.11111111111111,0.648148148148148
"1629",0.733333333333333,0.420017829523977,0.636363636363636,0.769886363636364,0.875,0.681818181818182,0.125,0.318181818181818,2.75,0.183333333333333
"1630",0.7,0.431092865143225,0.470588235294118,0.75,0.4,0.85,0.6,0.15,2.66666666666667,0.705882352941177
"1631",0.633333333333333,0.39956462928931,0.476190476190476,0.8,1,0.56,0,0.44,2.27272727272727,0
"1632",0.766666666666667,0.391777370638666,0.666666666666667,0.806878306878307,0.777777777777778,0.761904761904762,0.222222222222222,0.238095238095238,3.26666666666667,0.291666666666667
"1633",0.766666666666667,0.461760041701965,0.695652173913043,0.881696428571429,0.571428571428571,0.9375,0.428571428571429,0.0625,9.14285714285714,0.457142857142857
"1634",0.8,0.374894005223446,0.727272727272727,0.891534391534392,0.888888888888889,0.761904761904762,0.111111111111111,0.238095238095238,3.73333333333333,0.145833333333333
"1635",0.833333333333333,0.404948065465319,0.705882352941177,0.94,0.6,0.95,0.4,0.05,12,0.421052631578947
"1636",0.733333333333333,0.429852075001518,0.5,0.845,0.4,0.9,0.6,0.1,4,0.666666666666667
"1637",0.7,0.464813384961381,0.571428571428571,0.8710407239819,0.461538461538462,0.882352941176471,0.538461538461538,0.117647058823529,3.92307692307692,0.61025641025641
"1638",0.7,0.383215184571499,0.571428571428571,0.823863636363636,0.75,0.681818181818182,0.25,0.318181818181818,2.35714285714286,0.366666666666667
"1639",0.866666666666667,0.388342209495027,0.777777777777778,0.9425,0.7,0.95,0.3,0.05,14,0.315789473684211
"1640",0.833333333333333,0.403342244715055,0.736842105263158,0.91,0.7,0.9,0.3,0.1,7,0.333333333333333
"1641",0.766666666666667,0.375474891829849,0.695652173913043,0.878306878306878,0.888888888888889,0.714285714285714,0.111111111111111,0.285714285714286,3.11111111111111,0.155555555555556
"1642",0.733333333333333,0.446833313446607,0.5,0.7725,0.4,0.9,0.6,0.1,4,0.666666666666667
"1643",0.833333333333333,0.384124483663323,0.761904761904762,0.838624338624339,0.888888888888889,0.80952380952381,0.111111111111111,0.19047619047619,4.66666666666667,0.137254901960784
"1644",0.766666666666667,0.435361686602468,0.666666666666667,0.865740740740741,0.583333333333333,0.888888888888889,0.416666666666667,0.111111111111111,5.25,0.46875
"1645",0.7,0.35371086158969,0.470588235294118,0.875,1,0.653846153846154,0,0.346153846153846,2.88888888888889,0
"1646",0.8,0.380334207663233,0.625,0.871527777777778,0.833333333333333,0.791666666666667,0.166666666666667,0.208333333333333,4,0.210526315789474
"1647",0.633333333333333,0.513384959552474,0.620689655172414,0.713333333333333,0.6,0.666666666666667,0.4,0.333333333333333,1.8,0.6
"1648",0.766666666666667,0.425444067208927,0.666666666666667,0.832535885167464,0.636363636363636,0.842105263157895,0.363636363636364,0.157894736842105,4.03030303030303,0.431818181818182
"1649",0.866666666666667,0.390652327706471,0.818181818181818,0.937799043062201,0.818181818181818,0.894736842105263,0.181818181818182,0.105263157894737,7.77272727272727,0.203208556149733
"1650",0.733333333333333,0.426884921144598,0.5,0.865,0.4,0.9,0.6,0.1,4,0.666666666666667
"1651",0.8,0.375049076736332,0.75,0.930622009569378,0.818181818181818,0.789473684210526,0.181818181818182,0.210526315789474,3.88636363636364,0.23030303030303
"1652",0.833333333333333,0.405894226971174,0.705882352941177,0.9025,0.6,0.95,0.4,0.05,12,0.421052631578947
"1653",0.8,0.398175137096999,0.7,0.85,0.7,0.85,0.3,0.15,4.66666666666667,0.352941176470588
"1654",0.633333333333333,0.450987626165463,0.476190476190476,0.768518518518518,0.416666666666667,0.777777777777778,0.583333333333333,0.222222222222222,1.875,0.75
"1655",0.766666666666667,0.400422110660775,0.588235294117647,0.774305555555556,0.833333333333333,0.75,0.166666666666667,0.25,3.33333333333333,0.222222222222222
"1656",0.9,0.382404802639092,0.823529411764706,0.9125,0.7,1,0.3,0,Inf,0.3
"1657",0.8,0.368419927832197,0.571428571428571,0.722222222222222,0.666666666666667,0.833333333333333,0.333333333333333,0.166666666666667,4,0.4
"1658",0.833333333333333,0.391458604043515,0.736842105263158,0.905,0.7,0.9,0.3,0.1,7,0.333333333333333
"1659",0.733333333333333,0.396590523900718,0.555555555555556,0.8625,0.5,0.85,0.5,0.15,3.33333333333333,0.588235294117647
"1660",0.766666666666667,0.421210283803926,0.588235294117647,0.775,0.5,0.9,0.5,0.1,5,0.555555555555556
"1661",0.766666666666667,0.4193437812629,0.666666666666667,0.813397129186603,0.636363636363636,0.842105263157895,0.363636363636364,0.157894736842105,4.03030303030303,0.431818181818182
"1662",0.833333333333333,0.42088150566989,0.761904761904762,0.909502262443439,0.615384615384615,1,0.384615384615385,0,Inf,0.384615384615385
"1663",0.9,0.38482284190369,0.823529411764706,0.9225,0.7,1,0.3,0,Inf,0.3
"1664",0.766666666666667,0.41159266149915,0.631578947368421,0.937799043062201,0.545454545454545,0.894736842105263,0.454545454545455,0.105263157894737,5.18181818181818,0.508021390374332
"1665",0.733333333333333,0.455650600407781,0.555555555555556,0.784688995215311,0.454545454545455,0.894736842105263,0.545454545454545,0.105263157894737,4.31818181818182,0.609625668449198
"1666",0.7,0.393344289183153,0.608695652173913,0.788359788359788,0.777777777777778,0.666666666666667,0.222222222222222,0.333333333333333,2.33333333333333,0.333333333333333
"1667",0.8,0.405030966771079,0.666666666666667,0.843915343915344,0.666666666666667,0.857142857142857,0.333333333333333,0.142857142857143,4.66666666666667,0.388888888888889
"1668",0.8,0.40924311996688,0.7,0.937799043062201,0.636363636363636,0.894736842105263,0.363636363636364,0.105263157894737,6.04545454545455,0.406417112299465
"1669",0.8,0.438115635915355,0.727272727272727,0.80622009569378,0.727272727272727,0.842105263157895,0.272727272727273,0.157894736842105,4.6060606060606,0.323863636363636
"1670",0.666666666666667,0.392796589763777,0.545454545454545,0.752840909090909,0.75,0.636363636363636,0.25,0.363636363636364,2.0625,0.392857142857143
"1671",0.766666666666667,0.395660624613978,0.666666666666667,0.84375,0.875,0.727272727272727,0.125,0.272727272727273,3.20833333333333,0.171875
"1672",0.733333333333333,0.420665390447374,0.666666666666667,0.779904306220096,0.727272727272727,0.736842105263158,0.272727272727273,0.263157894736842,2.76363636363636,0.37012987012987
"1673",0.766666666666667,0.40941409067391,0.72,0.856459330143541,0.818181818181818,0.736842105263158,0.181818181818182,0.263157894736842,3.10909090909091,0.246753246753247
"1674",0.833333333333333,0.378480425527369,0.736842105263158,0.925,0.7,0.9,0.3,0.1,7,0.333333333333333
"1675",0.8,0.391980290909657,0.666666666666667,0.741477272727273,0.75,0.818181818181818,0.25,0.181818181818182,4.125,0.305555555555556
"1676",0.833333333333333,0.351446336402723,0.705882352941177,0.897515527950311,0.857142857142857,0.826086956521739,0.142857142857143,0.173913043478261,4.92857142857143,0.172932330827068
"1677",0.666666666666667,0.398719937023649,0.545454545454545,0.784090909090909,0.75,0.636363636363636,0.25,0.363636363636364,2.0625,0.392857142857143
"1678",0.8,0.377865987405044,0.75,0.875,0.9,0.75,0.1,0.25,3.6,0.133333333333333
"1679",0.666666666666667,0.443553401000326,0.5,0.736842105263158,0.454545454545455,0.789473684210526,0.545454545454545,0.210526315789474,2.15909090909091,0.690909090909091
"1680",0.766666666666667,0.412044690721714,0.533333333333333,0.7975,0.4,0.95,0.6,0.05,7.99999999999999,0.631578947368421
"1681",0.8,0.386006481427125,0.727272727272727,0.830687830687831,0.888888888888889,0.761904761904762,0.111111111111111,0.238095238095238,3.73333333333333,0.145833333333333
"1682",0.666666666666667,0.508675687277496,0.583333333333333,0.685,0.7,0.65,0.3,0.35,2,0.461538461538462
"1683",0.733333333333333,0.435534269106641,0.428571428571429,0.735449735449735,0.333333333333333,0.904761904761905,0.666666666666667,0.0952380952380952,3.5,0.736842105263158
"1684",0.733333333333333,0.428689832547095,0.5,0.772486772486772,0.444444444444444,0.857142857142857,0.555555555555556,0.142857142857143,3.11111111111111,0.648148148148148
"1685",0.766666666666667,0.388279673137491,0.533333333333333,0.735795454545455,0.5,0.863636363636364,0.5,0.136363636363636,3.66666666666667,0.578947368421053
"1686",0.8,0.424701238941151,0.769230769230769,0.828703703703704,0.833333333333333,0.777777777777778,0.166666666666667,0.222222222222222,3.75,0.214285714285714
"1687",0.9,0.36513787710047,0.857142857142857,0.957671957671958,1,0.857142857142857,0,0.142857142857143,7,0
"1688",0.866666666666667,0.388013924723209,0.818181818181818,0.915343915343915,1,0.80952380952381,0,0.19047619047619,5.25,0
"1689",0.8,0.39306025497718,0.7,0.8675,0.7,0.85,0.3,0.15,4.66666666666667,0.352941176470588
"1690",0.8,0.379221356291504,0.625,0.804347826086957,0.714285714285714,0.826086956521739,0.285714285714286,0.173913043478261,4.10714285714286,0.345864661654135
"1691",0.7,0.453829501669587,0.571428571428571,0.789351851851852,0.5,0.833333333333333,0.5,0.166666666666667,3,0.6
"1692",0.733333333333333,0.401027293095683,0.714285714285714,0.828703703703704,0.833333333333333,0.666666666666667,0.166666666666667,0.333333333333333,2.5,0.25
"1693",0.766666666666667,0.431512437480696,0.72,0.87037037037037,0.75,0.777777777777778,0.25,0.222222222222222,3.375,0.321428571428571
"1694",0.9,0.374163559320493,0.842105263157895,0.9875,0.8,0.95,0.2,0.05,16,0.210526315789474
"1695",0.833333333333333,0.451607078520865,0.761904761904762,0.936651583710407,0.615384615384615,1,0.384615384615385,0,Inf,0.384615384615385
"1696",0.733333333333333,0.398777440453841,0.555555555555556,0.721590909090909,0.625,0.772727272727273,0.375,0.227272727272727,2.75,0.485294117647059
"1697",0.833333333333333,0.326851276953479,0.705882352941177,0.944444444444444,1,0.791666666666667,0,0.208333333333333,4.8,0
"1698",0.733333333333333,0.471867818215985,0.555555555555556,0.69377990430622,0.454545454545455,0.894736842105263,0.545454545454545,0.105263157894737,4.31818181818182,0.609625668449198
"1699",0.866666666666667,0.357470612826957,0.777777777777778,0.840909090909091,0.875,0.863636363636364,0.125,0.136363636363636,6.41666666666667,0.144736842105263
"1700",0.8,0.457677460966362,0.727272727272727,0.898190045248869,0.615384615384615,0.941176470588235,0.384615384615385,0.0588235294117647,10.4615384615385,0.408653846153846
"1701",0.833333333333333,0.34688785534544,0.761904761904762,0.87037037037037,0.888888888888889,0.80952380952381,0.111111111111111,0.19047619047619,4.66666666666667,0.137254901960784
"1702",0.766666666666667,0.406639888470873,0.758620689655172,0.832535885167464,1,0.631578947368421,0,0.368421052631579,2.71428571428571,0
"1703",0.8,0.457407236945537,0.75,0.926339285714286,0.642857142857143,0.9375,0.357142857142857,0.0625,10.2857142857143,0.380952380952381
"1704",0.6,0.462634164704328,0.5,0.71957671957672,0.666666666666667,0.571428571428571,0.333333333333333,0.428571428571429,1.55555555555556,0.583333333333333
"1705",0.733333333333333,0.483472600629463,0.6,0.785067873303167,0.461538461538462,0.941176470588235,0.538461538461538,0.0588235294117647,7.84615384615384,0.572115384615385
"1706",0.8,0.42535641715757,0.727272727272727,0.833333333333333,0.666666666666667,0.888888888888889,0.333333333333333,0.111111111111111,6,0.375
"1707",0.7,0.47370276805293,0.64,0.801339285714286,0.571428571428571,0.8125,0.428571428571429,0.1875,3.04761904761905,0.527472527472527
"1708",0.833333333333333,0.390359383068246,0.761904761904762,0.937799043062201,0.727272727272727,0.894736842105263,0.272727272727273,0.105263157894737,6.90909090909091,0.304812834224599
"1709",0.833333333333333,0.377498235459196,0.736842105263158,0.886363636363636,0.875,0.818181818181818,0.125,0.181818181818182,4.8125,0.152777777777778
"1710",0.733333333333333,0.415968041792632,0.666666666666667,0.785714285714286,0.888888888888889,0.666666666666667,0.111111111111111,0.333333333333333,2.66666666666667,0.166666666666667
"1711",0.733333333333333,0.394507578296008,0.636363636363636,0.783068783068783,0.777777777777778,0.714285714285714,0.222222222222222,0.285714285714286,2.72222222222222,0.311111111111111
"1712",0.833333333333333,0.411151924233029,0.736842105263158,0.8325,0.7,0.9,0.3,0.1,7,0.333333333333333
"1713",0.8,0.431733291108159,0.7,0.880382775119617,0.636363636363636,0.894736842105263,0.363636363636364,0.105263157894737,6.04545454545455,0.406417112299465
"1714",0.9,0.363264363116547,0.857142857142857,0.9175,0.9,0.9,0.1,0.1,9,0.111111111111111
"1715",0.833333333333333,0.392547729332774,0.761904761904762,0.8625,0.8,0.85,0.2,0.15,5.33333333333333,0.235294117647059
"1716",0.866666666666667,0.376410364270007,0.714285714285714,0.833333333333333,0.555555555555556,1,0.444444444444444,0,Inf,0.444444444444444
"1717",0.766666666666667,0.377319210502192,0.666666666666667,0.82010582010582,0.777777777777778,0.761904761904762,0.222222222222222,0.238095238095238,3.26666666666667,0.291666666666667
"1718",0.7,0.440949283769642,0.571428571428571,0.751196172248804,0.545454545454545,0.789473684210526,0.454545454545455,0.210526315789474,2.59090909090909,0.575757575757576
"1719",0.8,0.398249113194704,0.666666666666667,0.89,0.6,0.9,0.4,0.1,6,0.444444444444444
"1720",0.766666666666667,0.405715959139709,0.631578947368421,0.82,0.6,0.85,0.4,0.15,4,0.470588235294118
"1721",0.733333333333333,0.450555177706806,0.636363636363636,0.898190045248869,0.538461538461538,0.882352941176471,0.461538461538462,0.117647058823529,4.57692307692308,0.523076923076923
"1722",0.766666666666667,0.419068946685468,0.695652173913043,0.82010582010582,0.888888888888889,0.714285714285714,0.111111111111111,0.285714285714286,3.11111111111111,0.155555555555556
"1723",0.7,0.445213069445717,0.526315789473684,0.868055555555555,0.416666666666667,0.888888888888889,0.583333333333333,0.111111111111111,3.75,0.65625
"1724",0.733333333333333,0.420603155909388,0.636363636363636,0.77511961722488,0.636363636363636,0.789473684210526,0.363636363636364,0.210526315789474,3.02272727272727,0.460606060606061
"1725",0.8,0.401334648095854,0.571428571428571,0.704861111111111,0.666666666666667,0.833333333333333,0.333333333333333,0.166666666666667,4,0.4
"1726",0.666666666666667,0.357972739763178,0.583333333333333,0.919254658385093,1,0.565217391304348,0,0.434782608695652,2.3,0
"1727",0.766666666666667,0.394664528445112,0.588235294117647,0.707386363636364,0.625,0.818181818181818,0.375,0.181818181818182,3.4375,0.458333333333333
"1728",0.833333333333333,0.377480465908675,0.736842105263158,0.841269841269841,0.777777777777778,0.857142857142857,0.222222222222222,0.142857142857143,5.44444444444444,0.259259259259259
"1729",0.866666666666667,0.391100865882529,0.818181818181818,0.880952380952381,1,0.80952380952381,0,0.19047619047619,5.25,0
"1730",0.7,0.42007031516087,0.526315789473684,0.856459330143541,0.454545454545455,0.842105263157895,0.545454545454545,0.157894736842105,2.87878787878788,0.647727272727273
"1731",0.866666666666667,0.39144359981683,0.818181818181818,0.897129186602871,0.818181818181818,0.894736842105263,0.181818181818182,0.105263157894737,7.77272727272727,0.203208556149733
"1732",0.7,0.38874797009033,0.470588235294118,0.708074534161491,0.571428571428571,0.739130434782609,0.428571428571429,0.260869565217391,2.19047619047619,0.579831932773109
"1733",0.7,0.493491466740765,0.526315789473684,0.67989417989418,0.555555555555556,0.761904761904762,0.444444444444444,0.238095238095238,2.33333333333333,0.583333333333333
"1734",0.733333333333333,0.427566974002139,0.6,0.813397129186603,0.545454545454545,0.842105263157895,0.454545454545455,0.157894736842105,3.45454545454545,0.539772727272727
"1735",0.8,0.3466509271923,0.666666666666667,0.906832298136646,0.857142857142857,0.782608695652174,0.142857142857143,0.217391304347826,3.94285714285714,0.182539682539683
"1736",0.7,0.421531208765767,0.608695652173913,0.791866028708134,0.636363636363636,0.736842105263158,0.363636363636364,0.263157894736842,2.41818181818182,0.493506493506494
"1737",0.766666666666667,0.391508486069822,0.695652173913043,0.86,0.8,0.75,0.2,0.25,3.2,0.266666666666667
"1738",0.766666666666667,0.375704350358218,0.695652173913043,0.863636363636364,1,0.681818181818182,0,0.318181818181818,3.14285714285714,0
"1739",0.766666666666667,0.455659649054262,0.72,0.845982142857143,0.642857142857143,0.875,0.357142857142857,0.125,5.14285714285714,0.408163265306122
"1740",0.9,0.385167993457395,0.842105263157895,0.97,0.8,0.95,0.2,0.05,16,0.210526315789474
"1741",0.7,0.46492871751312,0.526315789473684,0.681818181818182,0.625,0.727272727272727,0.375,0.272727272727273,2.29166666666667,0.515625
"1742",0.833333333333333,0.368822395139099,0.736842105263158,0.851851851851852,0.777777777777778,0.857142857142857,0.222222222222222,0.142857142857143,5.44444444444444,0.259259259259259
"1743",0.8,0.366619531325354,0.7,0.846590909090909,0.875,0.772727272727273,0.125,0.227272727272727,3.85,0.161764705882353
"1744",0.633333333333333,0.473925054932392,0.476190476190476,0.807692307692308,0.384615384615385,0.823529411764706,0.615384615384615,0.176470588235294,2.17948717948718,0.747252747252747
"1745",0.8,0.399907298369484,0.666666666666667,0.885,0.6,0.9,0.4,0.1,6,0.444444444444444
"1746",0.8,0.377033633721953,0.727272727272727,0.878306878306878,0.888888888888889,0.761904761904762,0.111111111111111,0.238095238095238,3.73333333333333,0.145833333333333
"1747",0.9,0.408822812841496,0.88,0.949074074074074,0.916666666666667,0.888888888888889,0.0833333333333334,0.111111111111111,8.25,0.09375
"1748",0.766666666666667,0.390441353007751,0.666666666666667,0.812169312169312,0.777777777777778,0.761904761904762,0.222222222222222,0.238095238095238,3.26666666666667,0.291666666666667
"1749",0.8,0.37939684410985,0.769230769230769,0.8710407239819,0.769230769230769,0.823529411764706,0.230769230769231,0.176470588235294,4.35897435897436,0.28021978021978
"1750",0.766666666666667,0.414643642633194,0.588235294117647,0.742236024844721,0.714285714285714,0.782608695652174,0.285714285714286,0.217391304347826,3.28571428571429,0.365079365079365
"1751",0.733333333333333,0.487515892300391,0.6,0.803240740740741,0.5,0.888888888888889,0.5,0.111111111111111,4.5,0.5625
"1752",0.766666666666667,0.380696060958833,0.666666666666667,0.826704545454546,0.875,0.727272727272727,0.125,0.272727272727273,3.20833333333333,0.171875
"1753",0.666666666666667,0.398563325043266,0.545454545454545,0.795031055900621,0.857142857142857,0.608695652173913,0.142857142857143,0.391304347826087,2.19047619047619,0.23469387755102
"1754",0.733333333333333,0.428170869753718,0.555555555555556,0.75,0.625,0.772727272727273,0.375,0.227272727272727,2.75,0.485294117647059
"1755",0.766666666666667,0.362764024370965,0.72,0.8775,0.9,0.7,0.1,0.3,3,0.142857142857143
"1756",0.733333333333333,0.438415413960936,0.636363636363636,0.744019138755981,0.636363636363636,0.789473684210526,0.363636363636364,0.210526315789474,3.02272727272727,0.460606060606061
"1757",0.766666666666667,0.385394168903203,0.666666666666667,0.814814814814815,0.777777777777778,0.761904761904762,0.222222222222222,0.238095238095238,3.26666666666667,0.291666666666667
"1758",0.8,0.410884184641825,0.727272727272727,0.858796296296296,0.666666666666667,0.888888888888889,0.333333333333333,0.111111111111111,6,0.375
"1759",0.766666666666667,0.384889386320903,0.631578947368421,0.84375,0.75,0.772727272727273,0.25,0.227272727272727,3.3,0.323529411764706
"1760",0.766666666666667,0.399220111087388,0.695652173913043,0.899521531100478,0.727272727272727,0.789473684210526,0.272727272727273,0.210526315789474,3.45454545454546,0.345454545454545
"1761",0.833333333333333,0.42107143044933,0.761904761904762,0.858851674641148,0.727272727272727,0.894736842105263,0.272727272727273,0.105263157894737,6.90909090909091,0.304812834224599
"1762",0.866666666666667,0.380698535047525,0.8,0.883522727272727,1,0.818181818181818,0,0.181818181818182,5.5,0
"1763",0.766666666666667,0.41187591997993,0.631578947368421,0.827751196172249,0.545454545454545,0.894736842105263,0.454545454545455,0.105263157894737,5.18181818181818,0.508021390374332
"1764",0.8,0.355846580395306,0.727272727272727,0.903409090909091,1,0.727272727272727,0,0.272727272727273,3.66666666666667,0
"1765",0.733333333333333,0.43488618260141,0.555555555555556,0.736111111111111,0.833333333333333,0.708333333333333,0.166666666666667,0.291666666666667,2.85714285714286,0.235294117647059
"1766",0.7,0.414490499940703,0.526315789473684,0.722222222222222,0.833333333333333,0.666666666666667,0.166666666666667,0.333333333333333,2.5,0.25
"1767",0.666666666666667,0.438918523193001,0.5,0.732954545454545,0.625,0.681818181818182,0.375,0.318181818181818,1.96428571428571,0.55
"1768",0.8,0.379848175103502,0.7,0.872670807453416,1,0.739130434782609,0,0.260869565217391,3.83333333333333,0
"1769",0.733333333333333,0.438358107509063,0.6,0.763157894736842,0.545454545454545,0.842105263157895,0.454545454545455,0.157894736842105,3.45454545454545,0.539772727272727
"1770",0.7,0.432664199310055,0.571428571428571,0.789592760180996,0.461538461538462,0.882352941176471,0.538461538461538,0.117647058823529,3.92307692307692,0.61025641025641
"1771",0.833333333333333,0.345820801724787,0.705882352941177,0.91304347826087,0.857142857142857,0.826086956521739,0.142857142857143,0.173913043478261,4.92857142857143,0.172932330827068
"1772",0.7,0.460162119593647,0.666666666666667,0.74,0.9,0.6,0.1,0.4,2.25,0.166666666666667
"1773",0.733333333333333,0.45880168878883,0.428571428571429,0.710227272727273,0.375,0.863636363636364,0.625,0.136363636363636,2.75,0.723684210526316
"1774",0.766666666666667,0.395722347012894,0.666666666666667,0.772727272727273,0.875,0.727272727272727,0.125,0.272727272727273,3.20833333333333,0.171875
"1775",0.766666666666667,0.438594898771498,0.588235294117647,0.76,0.5,0.9,0.5,0.1,5,0.555555555555556
"1776",0.633333333333333,0.502289231098827,0.56,0.705357142857143,0.4375,0.857142857142857,0.5625,0.142857142857143,3.0625,0.65625
"1777",0.8,0.41488547214232,0.75,0.8710407239819,0.692307692307692,0.882352941176471,0.307692307692308,0.117647058823529,5.88461538461538,0.348717948717949
"1778",0.8,0.367974241387759,0.625,0.875776397515528,0.714285714285714,0.826086956521739,0.285714285714286,0.173913043478261,4.10714285714286,0.345864661654135
"1779",0.8,0.352287947268844,0.666666666666667,0.891304347826087,0.857142857142857,0.782608695652174,0.142857142857143,0.217391304347826,3.94285714285714,0.182539682539683
"1780",0.8,0.35528288217205,0.666666666666667,0.894409937888199,0.857142857142857,0.782608695652174,0.142857142857143,0.217391304347826,3.94285714285714,0.182539682539683
"1781",0.733333333333333,0.391668846124186,0.666666666666667,0.838624338624339,0.888888888888889,0.666666666666667,0.111111111111111,0.333333333333333,2.66666666666667,0.166666666666667
"1782",0.833333333333333,0.386079374541872,0.666666666666667,0.791925465838509,0.714285714285714,0.869565217391304,0.285714285714286,0.130434782608696,5.47619047619048,0.328571428571429
"1783",0.733333333333333,0.422474372117159,0.555555555555556,0.8575,0.5,0.85,0.5,0.15,3.33333333333333,0.588235294117647
"1784",0.7,0.470745797532548,0.666666666666667,0.770089285714286,0.642857142857143,0.75,0.357142857142857,0.25,2.57142857142857,0.476190476190476
"1785",0.7,0.427925579892238,0.571428571428571,0.79,0.6,0.75,0.4,0.25,2.4,0.533333333333333
"1786",0.733333333333333,0.406042486807481,0.5,0.845,0.4,0.9,0.6,0.1,4,0.666666666666667
"1787",0.766666666666667,0.38357656370359,0.631578947368421,0.801242236024845,0.857142857142857,0.739130434782609,0.142857142857143,0.260869565217391,3.28571428571429,0.19327731092437
"1788",0.7,0.469263805073575,0.689655172413793,0.743055555555556,0.833333333333333,0.611111111111111,0.166666666666667,0.388888888888889,2.14285714285714,0.272727272727273
"1789",0.733333333333333,0.367991489699406,0.5,0.776,0.8,0.72,0.2,0.28,2.85714285714286,0.277777777777778
"1790",0.766666666666667,0.361790827634395,0.588235294117647,0.838509316770186,0.714285714285714,0.782608695652174,0.285714285714286,0.217391304347826,3.28571428571429,0.365079365079365
"1791",0.866666666666667,0.424542114980754,0.8,0.854066985645933,0.727272727272727,0.947368421052632,0.272727272727273,0.0526315789473685,13.8181818181818,0.287878787878788
"1792",0.766666666666667,0.423371733214836,0.695652173913043,0.863425925925926,0.666666666666667,0.833333333333333,0.333333333333333,0.166666666666667,4,0.4
"1793",0.766666666666667,0.361796812094857,0.631578947368421,0.872670807453416,0.857142857142857,0.739130434782609,0.142857142857143,0.260869565217391,3.28571428571429,0.19327731092437
"1794",0.733333333333333,0.392232107288338,0.6,0.761363636363636,0.75,0.727272727272727,0.25,0.272727272727273,2.75,0.34375
"1795",0.766666666666667,0.3619637076194,0.695652173913043,0.902116402116402,0.888888888888889,0.714285714285714,0.111111111111111,0.285714285714286,3.11111111111111,0.155555555555556
"1796",0.733333333333333,0.464775635199305,0.636363636363636,0.773755656108597,0.538461538461538,0.882352941176471,0.461538461538462,0.117647058823529,4.57692307692308,0.523076923076923
"1797",0.733333333333333,0.434669324448444,0.5,0.714285714285714,0.444444444444444,0.857142857142857,0.555555555555556,0.142857142857143,3.11111111111111,0.648148148148148
"1798",0.733333333333333,0.4626506885081,0.666666666666667,0.78125,0.571428571428571,0.875,0.428571428571429,0.125,4.57142857142857,0.489795918367347
"1799",0.766666666666667,0.393032737660126,0.631578947368421,0.786931818181818,0.75,0.772727272727273,0.25,0.227272727272727,3.3,0.323529411764706
"1800",0.7,0.486141027976531,0.608695652173913,0.866666666666667,0.466666666666667,0.933333333333333,0.533333333333333,0.0666666666666667,7,0.571428571428571
"1801",0.766666666666667,0.35683262085423,0.588235294117647,0.836805555555556,0.833333333333333,0.75,0.166666666666667,0.25,3.33333333333333,0.222222222222222
"1802",0.733333333333333,0.398518157856408,0.5,0.770186335403727,0.571428571428571,0.782608695652174,0.428571428571429,0.217391304347826,2.62857142857143,0.547619047619048
"1803",0.8,0.373100870895091,0.727272727272727,0.89,0.8,0.8,0.2,0.2,4,0.25
"1804",0.7,0.398825724056597,0.470588235294118,0.704861111111111,0.666666666666667,0.708333333333333,0.333333333333333,0.291666666666667,2.28571428571429,0.470588235294118
"1805",0.766666666666667,0.373077852201254,0.631578947368421,0.821022727272727,0.75,0.772727272727273,0.25,0.227272727272727,3.3,0.323529411764706
"1806",0.9,0.356585983494283,0.842105263157895,0.934659090909091,1,0.863636363636364,0,0.136363636363636,7.33333333333333,0
"1807",0.766666666666667,0.365068250954545,0.666666666666667,0.835227272727273,0.875,0.727272727272727,0.125,0.272727272727273,3.20833333333333,0.171875
"1808",0.8,0.433173939820686,0.7,0.791005291005291,0.777777777777778,0.80952380952381,0.222222222222222,0.19047619047619,4.08333333333333,0.274509803921569
"1809",0.666666666666667,0.420942939573205,0.375,0.775132275132275,0.333333333333333,0.80952380952381,0.666666666666667,0.19047619047619,1.75,0.823529411764706
"1810",0.833333333333333,0.397246410083363,0.761904761904762,0.855,0.8,0.85,0.2,0.15,5.33333333333333,0.235294117647059
"1811",0.766666666666667,0.456662682398136,0.695652173913043,0.872767857142857,0.571428571428571,0.9375,0.428571428571429,0.0625,9.14285714285714,0.457142857142857
"1812",0.7,0.458748218079784,0.64,0.796380090497738,0.615384615384615,0.764705882352941,0.384615384615385,0.235294117647059,2.61538461538461,0.502958579881657
"1813",0.833333333333333,0.418607348404291,0.761904761904762,0.818181818181818,0.727272727272727,0.894736842105263,0.272727272727273,0.105263157894737,6.90909090909091,0.304812834224599
"1814",0.8,0.377751703019929,0.75,0.875661375661376,1,0.714285714285714,0,0.285714285714286,3.5,0
"1815",0.8,0.395562874283322,0.769230769230769,0.8675,1,0.7,0,0.3,3.33333333333333,0
"1816",0.733333333333333,0.422910482331704,0.666666666666667,0.748677248677249,0.888888888888889,0.666666666666667,0.111111111111111,0.333333333333333,2.66666666666667,0.166666666666667
"1817",0.766666666666667,0.397933716759926,0.666666666666667,0.803977272727273,0.875,0.727272727272727,0.125,0.272727272727273,3.20833333333333,0.171875
"1818",0.733333333333333,0.391615287155453,0.692307692307692,0.875,0.9,0.65,0.1,0.35,2.57142857142857,0.153846153846154
"1819",0.766666666666667,0.440776839544439,0.72,0.814814814814815,0.75,0.777777777777778,0.25,0.222222222222222,3.375,0.321428571428571
"1820",0.7,0.386479416505342,0.64,0.8475,0.8,0.65,0.2,0.35,2.28571428571429,0.307692307692308
"1821",0.733333333333333,0.452127573879444,0.6,0.779503105590062,0.857142857142857,0.695652173913043,0.142857142857143,0.304347826086957,2.81632653061224,0.205357142857143
"1822",0.733333333333333,0.383356333227577,0.636363636363636,0.840909090909091,0.875,0.681818181818182,0.125,0.318181818181818,2.75,0.183333333333333
"1823",0.766666666666667,0.422729355222168,0.666666666666667,0.863425925925926,0.583333333333333,0.888888888888889,0.416666666666667,0.111111111111111,5.25,0.46875
"1824",0.766666666666667,0.356782677534282,0.695652173913043,0.928977272727273,1,0.681818181818182,0,0.318181818181818,3.14285714285714,0
"1825",0.866666666666667,0.408912268110517,0.8,0.885167464114832,0.727272727272727,0.947368421052632,0.272727272727273,0.0526315789473685,13.8181818181818,0.287878787878788
"1826",0.833333333333333,0.362799579977455,0.705882352941177,0.857638888888889,1,0.791666666666667,0,0.208333333333333,4.8,0
"1827",0.833333333333333,0.357077550021063,0.761904761904762,0.909090909090909,1,0.772727272727273,0,0.227272727272727,4.4,0
"1828",0.7,0.473764297122025,0.571428571428571,0.733796296296296,0.5,0.833333333333333,0.5,0.166666666666667,3,0.6
"1829",0.8,0.391955934271878,0.7,0.881944444444444,0.583333333333333,0.944444444444444,0.416666666666667,0.0555555555555556,10.5,0.441176470588235
"1830",0.7,0.440211939806735,0.526315789473684,0.7075,0.5,0.8,0.5,0.2,2.5,0.625
"1831",0.566666666666667,0.490724424870322,0.380952380952381,0.711180124223603,0.571428571428571,0.565217391304348,0.428571428571429,0.434782608695652,1.31428571428571,0.758241758241758
"1832",0.833333333333333,0.346083674797026,0.666666666666667,0.896,1,0.8,0,0.2,5,0
"1833",0.866666666666667,0.354189957362452,0.777777777777778,0.943181818181818,0.875,0.863636363636364,0.125,0.136363636363636,6.41666666666667,0.144736842105263
"1834",0.7,0.44393061202975,0.571428571428571,0.819444444444444,0.5,0.833333333333333,0.5,0.166666666666667,3,0.6
"1835",0.866666666666667,0.350559794503008,0.777777777777778,0.940340909090909,0.875,0.863636363636364,0.125,0.136363636363636,6.41666666666667,0.144736842105263
"1836",0.866666666666667,0.370975870582498,0.777777777777778,0.84375,0.875,0.863636363636364,0.125,0.136363636363636,6.41666666666667,0.144736842105263
"1837",0.766666666666667,0.422276867307601,0.631578947368421,0.714285714285714,0.666666666666667,0.80952380952381,0.333333333333333,0.19047619047619,3.5,0.411764705882353
"1838",0.8,0.407834261063612,0.7,0.801587301587302,0.777777777777778,0.80952380952381,0.222222222222222,0.19047619047619,4.08333333333333,0.274509803921569
"1839",0.8,0.425279359172886,0.7,0.811004784688995,0.636363636363636,0.894736842105263,0.363636363636364,0.105263157894737,6.04545454545455,0.406417112299465
"1840",0.733333333333333,0.43931271385202,0.636363636363636,0.761363636363636,0.875,0.681818181818182,0.125,0.318181818181818,2.75,0.183333333333333
"1841",0.733333333333333,0.407874715989161,0.636363636363636,0.821022727272727,0.875,0.681818181818182,0.125,0.318181818181818,2.75,0.183333333333333
"1842",0.7,0.475854771286041,0.608695652173913,0.719907407407407,0.583333333333333,0.777777777777778,0.416666666666667,0.222222222222222,2.625,0.535714285714286
"1843",0.8,0.42195879017014,0.7,0.880382775119617,0.636363636363636,0.894736842105263,0.363636363636364,0.105263157894737,6.04545454545455,0.406417112299465
"1844",0.766666666666667,0.425304187363682,0.631578947368421,0.863636363636364,0.545454545454545,0.894736842105263,0.454545454545455,0.105263157894737,5.18181818181818,0.508021390374332
"1845",0.7,0.460158721678453,0.470588235294118,0.775,0.4,0.85,0.6,0.15,2.66666666666667,0.705882352941177
"1846",0.8,0.407546668142623,0.666666666666667,0.8225,0.6,0.9,0.4,0.1,6,0.444444444444444
"1847",0.666666666666667,0.48241197023576,0.545454545454545,0.790178571428571,0.428571428571429,0.875,0.571428571428571,0.125,3.42857142857143,0.653061224489796
"1848",0.766666666666667,0.379725329679228,0.695652173913043,0.867724867724868,0.888888888888889,0.714285714285714,0.111111111111111,0.285714285714286,3.11111111111111,0.155555555555556
"1849",0.833333333333333,0.392448713393059,0.615384615384615,0.796296296296296,0.444444444444444,1,0.555555555555556,0,Inf,0.555555555555556
"1850",0.766666666666667,0.317492141076982,0.588235294117647,0.976,1,0.72,0,0.28,3.57142857142857,0
"1851",0.733333333333333,0.422659028340812,0.555555555555556,0.834928229665072,0.454545454545455,0.894736842105263,0.545454545454545,0.105263157894737,4.31818181818182,0.609625668449198
"1852",0.8,0.408925589045278,0.727272727272727,0.897129186602871,0.727272727272727,0.842105263157895,0.272727272727273,0.157894736842105,4.6060606060606,0.323863636363636
"1853",0.7,0.450013418120294,0.526315789473684,0.76555023923445,0.454545454545455,0.842105263157895,0.545454545454545,0.157894736842105,2.87878787878788,0.647727272727273
"1854",0.866666666666667,0.368963734004474,0.8,0.931216931216931,0.888888888888889,0.857142857142857,0.111111111111111,0.142857142857143,6.22222222222222,0.12962962962963
"1855",0.766666666666667,0.390465942739832,0.666666666666667,0.819875776397516,1,0.695652173913043,0,0.304347826086957,3.28571428571429,0
"1856",0.766666666666667,0.407921851274754,0.666666666666667,0.873205741626794,0.636363636363636,0.842105263157895,0.363636363636364,0.157894736842105,4.03030303030303,0.431818181818182
"1857",0.8,0.367607359619706,0.7,0.883597883597884,0.777777777777778,0.80952380952381,0.222222222222222,0.19047619047619,4.08333333333333,0.274509803921569
"1858",0.766666666666667,0.407725482373686,0.666666666666667,0.832535885167464,0.636363636363636,0.842105263157895,0.363636363636364,0.157894736842105,4.03030303030303,0.431818181818182
"1859",0.8,0.433460248069376,0.75,0.7925,0.9,0.75,0.1,0.25,3.6,0.133333333333333
"1860",0.9,0.350439790421227,0.823529411764706,0.928977272727273,0.875,0.909090909090909,0.125,0.0909090909090909,9.625,0.1375
"1861",0.8,0.339826819841589,0.7,0.948863636363636,0.875,0.772727272727273,0.125,0.227272727272727,3.85,0.161764705882353
"1862",0.9,0.346194038200165,0.823529411764706,0.937888198757764,1,0.869565217391304,0,0.130434782608696,7.66666666666667,0
"1863",0.766666666666667,0.385365193804525,0.588235294117647,0.8775,0.5,0.9,0.5,0.1,5,0.555555555555556
"1864",0.966666666666667,0.332801931392508,0.933333333333333,0.978260869565217,1,0.956521739130435,0,0.0434782608695652,23,0
"1865",0.933333333333333,0.354949509225846,0.875,0.946022727272727,0.875,0.954545454545455,0.125,0.0454545454545454,19.25,0.130952380952381
"1866",0.733333333333333,0.424428709306909,0.666666666666667,0.8125,1,0.636363636363636,0,0.363636363636364,2.75,0
"1867",0.766666666666667,0.383699813157635,0.533333333333333,0.692,0.8,0.76,0.2,0.24,3.33333333333333,0.263157894736842
"1868",0.7,0.426055187204192,0.526315789473684,0.8,0.5,0.8,0.5,0.2,2.5,0.625
"1869",0.766666666666667,0.36110325335792,0.588235294117647,0.88,1,0.72,0,0.28,3.57142857142857,0
"1870",0.633333333333333,0.454404215336508,0.521739130434783,0.724537037037037,0.5,0.722222222222222,0.5,0.277777777777778,1.8,0.692307692307692
"1871",0.766666666666667,0.506431808685599,0.695652173913043,0.915555555555556,0.533333333333333,1,0.466666666666667,0,Inf,0.466666666666667
"1872",0.666666666666667,0.467339684642687,0.642857142857143,0.725446428571429,0.642857142857143,0.6875,0.357142857142857,0.3125,2.05714285714286,0.519480519480519
"1873",0.8,0.384139889024206,0.769230769230769,0.8975,1,0.7,0,0.3,3.33333333333333,0
"1874",0.8,0.392394687271192,0.727272727272727,0.911483253588517,0.727272727272727,0.842105263157895,0.272727272727273,0.157894736842105,4.6060606060606,0.323863636363636
"1875",0.866666666666667,0.42403329060272,0.833333333333333,0.854166666666667,0.833333333333333,0.888888888888889,0.166666666666667,0.111111111111111,7.5,0.1875
"1876",0.733333333333333,0.416338790242008,0.666666666666667,0.888888888888889,0.666666666666667,0.777777777777778,0.333333333333333,0.222222222222222,3,0.428571428571429
"1877",0.8,0.404700914595877,0.75,0.85,0.9,0.75,0.1,0.25,3.6,0.133333333333333
"1878",0.866666666666667,0.400372333390512,0.818181818181818,0.892344497607655,0.818181818181818,0.894736842105263,0.181818181818182,0.105263157894737,7.77272727272727,0.203208556149733
"1879",0.733333333333333,0.375582530600118,0.692307692307692,0.923280423280423,1,0.619047619047619,0,0.380952380952381,2.625,0
"1880",0.7,0.352705351548073,0.470588235294118,0.812,0.8,0.68,0.2,0.32,2.5,0.294117647058823
"1881",0.8,0.419084075743026,0.7,0.760765550239234,0.636363636363636,0.894736842105263,0.363636363636364,0.105263157894737,6.04545454545455,0.406417112299465
"1882",0.666666666666667,0.479297700075456,0.545454545454545,0.773755656108597,0.461538461538462,0.823529411764706,0.538461538461538,0.176470588235294,2.61538461538461,0.653846153846154
"1883",0.866666666666667,0.411644262080827,0.846153846153846,0.859375,0.785714285714286,0.9375,0.214285714285714,0.0625,12.5714285714286,0.228571428571429
"1884",0.866666666666667,0.351021741232098,0.777777777777778,0.903409090909091,0.875,0.863636363636364,0.125,0.136363636363636,6.41666666666667,0.144736842105263
"1885",0.833333333333333,0.403575963776571,0.761904761904762,0.822751322751323,0.888888888888889,0.80952380952381,0.111111111111111,0.19047619047619,4.66666666666667,0.137254901960784
"1886",0.766666666666667,0.41666117098254,0.740740740740741,0.782296650717703,0.909090909090909,0.684210526315789,0.0909090909090909,0.315789473684211,2.87878787878788,0.132867132867133
"1887",0.8,0.390161308541693,0.666666666666667,0.7875,0.6,0.9,0.4,0.1,6,0.444444444444444
"1888",0.766666666666667,0.380114825955319,0.666666666666667,0.855113636363636,0.875,0.727272727272727,0.125,0.272727272727273,3.20833333333333,0.171875
"1889",0.7,0.392117106764244,0.608695652173913,0.835978835978836,0.777777777777778,0.666666666666667,0.222222222222222,0.333333333333333,2.33333333333333,0.333333333333333
"1890",0.866666666666667,0.347201635673393,0.714285714285714,0.896,1,0.84,0,0.16,6.25,0
"1891",0.766666666666667,0.407394751650622,0.72,0.815,0.9,0.7,0.1,0.3,3,0.142857142857143
"1892",0.733333333333333,0.386612247590688,0.636363636363636,0.830687830687831,0.777777777777778,0.714285714285714,0.222222222222222,0.285714285714286,2.72222222222222,0.311111111111111
"1893",0.7,0.389633611083883,0.608695652173913,0.796296296296296,0.777777777777778,0.666666666666667,0.222222222222222,0.333333333333333,2.33333333333333,0.333333333333333
"1894",0.766666666666667,0.365130278360981,0.588235294117647,0.784722222222222,0.833333333333333,0.75,0.166666666666667,0.25,3.33333333333333,0.222222222222222
"1895",0.833333333333333,0.391402483070189,0.761904761904762,0.85,0.8,0.85,0.2,0.15,5.33333333333333,0.235294117647059
"1896",0.833333333333333,0.474279831232126,0.782608695652174,0.881696428571429,0.642857142857143,1,0.357142857142857,0,Inf,0.357142857142857
"1897",0.733333333333333,0.463083064771625,0.428571428571429,0.704545454545455,0.375,0.863636363636364,0.625,0.136363636363636,2.75,0.723684210526316
"1898",0.8,0.399205070685224,0.7,0.8825,0.7,0.85,0.3,0.15,4.66666666666667,0.352941176470588
"1899",0.733333333333333,0.453413995021779,0.6,0.784722222222222,0.5,0.888888888888889,0.5,0.111111111111111,4.5,0.5625
"1900",0.833333333333333,0.409189008311496,0.736842105263158,0.889952153110048,0.636363636363636,0.947368421052632,0.363636363636364,0.0526315789473685,12.0909090909091,0.383838383838384
"1901",0.866666666666667,0.364627355898895,0.8,0.882775119617225,0.727272727272727,0.947368421052632,0.272727272727273,0.0526315789473685,13.8181818181818,0.287878787878788
"1902",0.8,0.406837220758558,0.625,0.878306878306878,0.555555555555556,0.904761904761905,0.444444444444444,0.0952380952380952,5.83333333333333,0.491228070175439
"1903",0.766666666666667,0.39006040444889,0.666666666666667,0.85978835978836,0.777777777777778,0.761904761904762,0.222222222222222,0.238095238095238,3.26666666666667,0.291666666666667
"1904",0.766666666666667,0.376443711536737,0.461538461538462,0.744,0.6,0.8,0.4,0.2,3,0.5
"1905",0.7,0.4540010459426,0.666666666666667,0.765,0.9,0.6,0.1,0.4,2.25,0.166666666666667
"1906",0.766666666666667,0.353517877123467,0.533333333333333,0.736111111111111,0.666666666666667,0.791666666666667,0.333333333333333,0.208333333333333,3.2,0.421052631578947
"1907",0.766666666666667,0.377100524825177,0.631578947368421,0.795454545454545,0.75,0.772727272727273,0.25,0.227272727272727,3.3,0.323529411764706
"1908",0.933333333333333,0.358353958597783,0.9,0.933862433862434,1,0.904761904761905,0,0.0952380952380952,10.5,0
"1909",0.733333333333333,0.379878887588127,0.5,0.714285714285714,0.571428571428571,0.782608695652174,0.428571428571429,0.217391304347826,2.62857142857143,0.547619047619048
"1910",0.866666666666667,0.340455984068416,0.777777777777778,0.90625,0.875,0.863636363636364,0.125,0.136363636363636,6.41666666666667,0.144736842105263
"1911",0.8,0.378713841259223,0.666666666666667,0.809659090909091,0.75,0.818181818181818,0.25,0.181818181818182,4.125,0.305555555555556
"1912",0.8,0.416510896522226,0.7,0.854166666666667,0.583333333333333,0.944444444444444,0.416666666666667,0.0555555555555556,10.5,0.441176470588235
"1913",0.733333333333333,0.405945016569593,0.636363636363636,0.804232804232804,0.777777777777778,0.714285714285714,0.222222222222222,0.285714285714286,2.72222222222222,0.311111111111111
"1914",0.7,0.394936393061298,0.526315789473684,0.784722222222222,0.833333333333333,0.666666666666667,0.166666666666667,0.333333333333333,2.5,0.25
"1915",0.833333333333333,0.369922638923375,0.761904761904762,0.931216931216931,0.888888888888889,0.80952380952381,0.111111111111111,0.19047619047619,4.66666666666667,0.137254901960784
"1916",0.7,0.455621290465174,0.571428571428571,0.721590909090909,0.75,0.681818181818182,0.25,0.318181818181818,2.35714285714286,0.366666666666667
"1917",0.6,0.4087874767677,0.4,0.68944099378882,0.571428571428571,0.608695652173913,0.428571428571429,0.391304347826087,1.46031746031746,0.704081632653061
"1918",0.733333333333333,0.381165076471466,0.636363636363636,0.823863636363636,0.875,0.681818181818182,0.125,0.318181818181818,2.75,0.183333333333333
"1919",0.733333333333333,0.436848644214433,0.6,0.73444976076555,0.545454545454545,0.842105263157895,0.454545454545455,0.157894736842105,3.45454545454545,0.539772727272727
"1920",0.866666666666667,0.370024483211187,0.777777777777778,0.872670807453416,1,0.826086956521739,0,0.173913043478261,5.75,0
"1921",0.8,0.405506039469736,0.727272727272727,0.833333333333333,0.888888888888889,0.761904761904762,0.111111111111111,0.238095238095238,3.73333333333333,0.145833333333333
"1922",0.8,0.397076124859582,0.727272727272727,0.844907407407407,0.666666666666667,0.888888888888889,0.333333333333333,0.111111111111111,6,0.375
"1923",0.633333333333333,0.494881834386507,0.476190476190476,0.768518518518519,0.416666666666667,0.777777777777778,0.583333333333333,0.222222222222222,1.875,0.75
"1924",0.866666666666667,0.359210003541592,0.777777777777778,0.903726708074534,1,0.826086956521739,0,0.173913043478261,5.75,0
"1925",0.766666666666667,0.39773580673023,0.666666666666667,0.796296296296296,0.777777777777778,0.761904761904762,0.222222222222222,0.238095238095238,3.26666666666667,0.291666666666667
"1926",0.766666666666667,0.400793436863818,0.695652173913043,0.830687830687831,0.888888888888889,0.714285714285714,0.111111111111111,0.285714285714286,3.11111111111111,0.155555555555556
"1927",0.766666666666667,0.41858659271191,0.588235294117647,0.8375,0.5,0.9,0.5,0.1,5,0.555555555555556
"1928",0.733333333333333,0.404038484660393,0.6,0.792613636363636,0.75,0.727272727272727,0.25,0.272727272727273,2.75,0.34375
"1929",0.9,0.359579607403039,0.857142857142857,0.947089947089947,1,0.857142857142857,0,0.142857142857143,7,0
"1930",0.666666666666667,0.400615433812419,0.5,0.701863354037267,0.714285714285714,0.652173913043478,0.285714285714286,0.347826086956522,2.05357142857143,0.438095238095238
"1931",0.7,0.408232024582846,0.666666666666667,0.8075,0.9,0.6,0.1,0.4,2.25,0.166666666666667
"1932",0.866666666666667,0.360051316161478,0.777777777777778,0.872159090909091,0.875,0.863636363636364,0.125,0.136363636363636,6.41666666666667,0.144736842105263
"1933",0.733333333333333,0.404488580445507,0.666666666666667,0.795,0.8,0.7,0.2,0.3,2.66666666666667,0.285714285714286
"1934",0.733333333333333,0.323993297161611,0.6,0.961805555555556,1,0.666666666666667,0,0.333333333333333,3,0
"1935",0.733333333333333,0.346136945735562,0.5,0.899038461538462,1,0.692307692307692,0,0.307692307692308,3.25,0
"1936",0.733333333333333,0.429271144820929,0.555555555555556,0.76,0.5,0.85,0.5,0.15,3.33333333333333,0.588235294117647
"1937",0.866666666666667,0.35455577747594,0.75,0.826086956521739,0.857142857142857,0.869565217391304,0.142857142857143,0.130434782608696,6.57142857142857,0.164285714285714
"1938",0.766666666666667,0.443479879387343,0.695652173913043,0.839366515837104,0.615384615384615,0.882352941176471,0.384615384615385,0.117647058823529,5.23076923076923,0.435897435897436
"1939",0.733333333333333,0.359866886200493,0.555555555555556,0.847222222222222,0.833333333333333,0.708333333333333,0.166666666666667,0.291666666666667,2.85714285714286,0.235294117647059
"1940",0.833333333333333,0.396898702622641,0.736842105263158,0.892344497607655,0.636363636363636,0.947368421052632,0.363636363636364,0.0526315789473685,12.0909090909091,0.383838383838384
"1941",0.733333333333333,0.378360606988072,0.666666666666667,0.8275,0.8,0.7,0.2,0.3,2.66666666666667,0.285714285714286
"1942",0.933333333333333,0.352612388389143,0.9,0.931216931216931,1,0.904761904761905,0,0.0952380952380952,10.5,0
"1943",0.766666666666667,0.351689803920106,0.631578947368421,0.84375,0.75,0.772727272727273,0.25,0.227272727272727,3.3,0.323529411764706
"1944",0.766666666666667,0.410784220009018,0.588235294117647,0.795,0.5,0.9,0.5,0.1,5,0.555555555555556
"1945",0.833333333333333,0.365819280955133,0.761904761904762,0.875661375661376,0.888888888888889,0.80952380952381,0.111111111111111,0.19047619047619,4.66666666666667,0.137254901960784
"1946",0.8,0.410205648786314,0.727272727272727,0.923444976076555,0.727272727272727,0.842105263157895,0.272727272727273,0.157894736842105,4.6060606060606,0.323863636363636
"1947",0.766666666666667,0.443813298940484,0.631578947368421,0.77,0.6,0.85,0.4,0.15,4,0.470588235294118
"1948",0.833333333333333,0.380519051297719,0.666666666666667,0.830687830687831,0.555555555555556,0.952380952380952,0.444444444444444,0.0476190476190477,11.6666666666667,0.466666666666667
"1949",0.833333333333333,0.370540614396199,0.736842105263158,0.863636363636364,0.875,0.818181818181818,0.125,0.181818181818182,4.8125,0.152777777777778
"1950",0.833333333333333,0.374969222477213,0.782608695652174,0.891534391534392,1,0.761904761904762,0,0.238095238095238,4.2,0
"1951",0.733333333333333,0.386307852735066,0.6,0.835403726708075,0.857142857142857,0.695652173913043,0.142857142857143,0.304347826086957,2.81632653061224,0.205357142857143
"1952",0.766666666666667,0.425544785268881,0.588235294117647,0.875598086124402,0.454545454545455,0.947368421052632,0.545454545454545,0.0526315789473685,8.63636363636363,0.575757575757576
"1953",0.833333333333333,0.394082679728763,0.736842105263158,0.803977272727273,0.875,0.818181818181818,0.125,0.181818181818182,4.8125,0.152777777777778
"1954",0.833333333333333,0.36337576824889,0.666666666666667,0.770186335403727,0.714285714285714,0.869565217391304,0.285714285714286,0.130434782608696,5.47619047619048,0.328571428571429
"1955",0.8,0.394053281567478,0.7,0.8225,0.7,0.85,0.3,0.15,4.66666666666667,0.352941176470588
"1956",0.833333333333333,0.41728479908717,0.736842105263158,0.765,0.7,0.9,0.3,0.1,7,0.333333333333333
"1957",0.866666666666667,0.327212514476029,0.777777777777778,0.944099378881988,1,0.826086956521739,0,0.173913043478261,5.75,0
"1958",0.866666666666667,0.381815080398732,0.714285714285714,0.904761904761905,0.555555555555556,1,0.444444444444444,0,Inf,0.444444444444444
"1959",0.733333333333333,0.40090101821244,0.636363636363636,0.792613636363636,0.875,0.681818181818182,0.125,0.318181818181818,2.75,0.183333333333333
"1960",0.833333333333333,0.419445801739152,0.782608695652174,0.7975,0.9,0.8,0.1,0.2,4.5,0.125
"1961",0.733333333333333,0.416060473186807,0.6,0.849282296650718,0.545454545454545,0.842105263157895,0.454545454545455,0.157894736842105,3.45454545454545,0.539772727272727
"1962",0.6,0.36258615815455,0.454545454545455,0.861111111111111,0.833333333333333,0.541666666666667,0.166666666666667,0.458333333333333,1.81818181818182,0.307692307692308
"1963",0.7,0.413356195757572,0.571428571428571,0.738636363636364,0.75,0.681818181818182,0.25,0.318181818181818,2.35714285714286,0.366666666666667
"1964",0.833333333333333,0.390689809029071,0.782608695652174,0.8275,0.9,0.8,0.1,0.2,4.5,0.125
"1965",0.766666666666667,0.429423937004233,0.588235294117647,0.795,0.5,0.9,0.5,0.1,5,0.555555555555556
"1966",0.733333333333333,0.42332522930224,0.6,0.839712918660287,0.545454545454545,0.842105263157895,0.454545454545455,0.157894736842105,3.45454545454545,0.539772727272727
"1967",0.866666666666667,0.350981857346282,0.714285714285714,0.888198757763975,0.714285714285714,0.91304347826087,0.285714285714286,0.0869565217391305,8.21428571428571,0.312925170068027
"1968",0.733333333333333,0.403400413710428,0.6,0.767045454545455,0.75,0.727272727272727,0.25,0.272727272727273,2.75,0.34375
"1969",0.7,0.410480336880298,0.608695652173913,0.87037037037037,0.583333333333333,0.777777777777778,0.416666666666667,0.222222222222222,2.625,0.535714285714286
"1970",0.766666666666667,0.421160589402954,0.631578947368421,0.811004784688995,0.545454545454545,0.894736842105263,0.454545454545455,0.105263157894737,5.18181818181818,0.508021390374332
"1971",0.766666666666667,0.384275777859808,0.666666666666667,0.833333333333333,0.777777777777778,0.761904761904762,0.222222222222222,0.238095238095238,3.26666666666667,0.291666666666667
"1972",0.866666666666667,0.382279650319803,0.75,0.865079365079365,0.666666666666667,0.952380952380952,0.333333333333333,0.0476190476190477,14,0.35
"1973",0.733333333333333,0.33019449190187,0.6,0.961805555555556,1,0.666666666666667,0,0.333333333333333,3,0
"1974",0.9,0.330330133335815,0.727272727272727,0.944,0.8,0.92,0.2,0.08,10,0.217391304347826
"1975",0.9,0.307473744274457,0.8,0.9375,1,0.875,0,0.125,8,0
"1976",0.666666666666667,0.479890042803568,0.545454545454545,0.805803571428571,0.428571428571429,0.875,0.571428571428571,0.125,3.42857142857143,0.653061224489796
"1977",0.9,0.353193155810494,0.842105263157895,0.963068181818182,1,0.863636363636364,0,0.136363636363636,7.33333333333333,0
"1978",0.666666666666667,0.46441581620079,0.444444444444444,0.688995215311005,0.363636363636364,0.842105263157895,0.636363636363636,0.157894736842105,2.3030303030303,0.755681818181818
"1979",0.866666666666667,0.35737083184968,0.714285714285714,0.841614906832298,0.714285714285714,0.91304347826087,0.285714285714286,0.0869565217391305,8.21428571428571,0.312925170068027
"1980",0.766666666666667,0.411275328938289,0.666666666666667,0.831018518518518,0.583333333333333,0.888888888888889,0.416666666666667,0.111111111111111,5.25,0.46875
"1981",0.733333333333333,0.482301982300747,0.6,0.707386363636364,0.75,0.727272727272727,0.25,0.272727272727273,2.75,0.34375
"1982",0.766666666666667,0.374737210874452,0.666666666666667,0.801136363636364,0.875,0.727272727272727,0.125,0.272727272727273,3.20833333333333,0.171875
"1983",0.766666666666667,0.406625499407015,0.631578947368421,0.82,0.6,0.85,0.4,0.15,4,0.470588235294118
"1984",0.866666666666667,0.328268552962976,0.75,0.930555555555556,1,0.833333333333333,0,0.166666666666667,6,0
"1985",0.8,0.411642700002392,0.727272727272727,0.806878306878307,0.888888888888889,0.761904761904762,0.111111111111111,0.238095238095238,3.73333333333333,0.145833333333333
"1986",0.666666666666667,0.494536784566935,0.545454545454545,0.764705882352941,0.461538461538462,0.823529411764706,0.538461538461538,0.176470588235294,2.61538461538461,0.653846153846154
"1987",0.7,0.474033239872541,0.64,0.7375,0.8,0.65,0.2,0.35,2.28571428571429,0.307692307692308
"1988",0.7,0.41034297568541,0.571428571428571,0.769886363636364,0.75,0.681818181818182,0.25,0.318181818181818,2.35714285714286,0.366666666666667
"1989",0.766666666666667,0.391176156370856,0.666666666666667,0.812169312169312,0.777777777777778,0.761904761904762,0.222222222222222,0.238095238095238,3.26666666666667,0.291666666666667
"1990",0.766666666666667,0.419831706813387,0.695652173913043,0.842592592592593,0.666666666666667,0.833333333333333,0.333333333333333,0.166666666666667,4,0.4
"1991",0.766666666666667,0.393521956933692,0.666666666666667,0.823863636363636,0.875,0.727272727272727,0.125,0.272727272727273,3.20833333333333,0.171875
"1992",0.833333333333333,0.355743703130851,0.736842105263158,0.897727272727273,0.875,0.818181818181818,0.125,0.181818181818182,4.8125,0.152777777777778
"1993",0.733333333333333,0.395555730140383,0.666666666666667,0.814814814814815,0.888888888888889,0.666666666666667,0.111111111111111,0.333333333333333,2.66666666666667,0.166666666666667
"1994",0.8,0.395113105436179,0.75,0.854497354497354,1,0.714285714285714,0,0.285714285714286,3.5,0
"1995",0.766666666666667,0.400851211725412,0.695652173913043,0.817460317460317,0.888888888888889,0.714285714285714,0.111111111111111,0.285714285714286,3.11111111111111,0.155555555555556
"1996",0.8,0.419641963127619,0.769230769230769,0.830316742081448,0.769230769230769,0.823529411764706,0.230769230769231,0.176470588235294,4.35897435897436,0.28021978021978
"1997",0.9,0.351588270166539,0.8,0.8125,0.75,0.954545454545455,0.25,0.0454545454545454,16.5,0.261904761904762
"1998",0.733333333333333,0.394002396193758,0.6,0.792613636363636,0.75,0.727272727272727,0.25,0.272727272727273,2.75,0.34375
"1999",0.866666666666667,0.391292247602846,0.8,0.8475,0.8,0.9,0.2,0.1,8,0.222222222222222
"2000",0.8,0.384554701122579,0.666666666666667,0.77639751552795,0.857142857142857,0.782608695652174,0.142857142857143,0.217391304347826,3.94285714285714,0.182539682539683
"2001",0.7,0.359151418199977,0.526315789473684,0.896,1,0.64,0,0.36,2.77777777777778,0
"2002",0.933333333333333,0.360289805646633,0.888888888888889,0.896825396825397,0.888888888888889,0.952380952380952,0.111111111111111,0.0476190476190477,18.6666666666666,0.116666666666667
"2003",0.833333333333333,0.341547326892307,0.705882352941177,0.916666666666667,1,0.791666666666667,0,0.208333333333333,4.8,0
"2004",0.733333333333333,0.419437352748957,0.636363636363636,0.803240740740741,0.583333333333333,0.833333333333333,0.416666666666667,0.166666666666667,3.5,0.5
"2005",0.7,0.45157005500205,0.608695652173913,0.743386243386243,0.777777777777778,0.666666666666667,0.222222222222222,0.333333333333333,2.33333333333333,0.333333333333333
"2006",0.8,0.419699459453394,0.666666666666667,0.880382775119617,0.545454545454545,0.947368421052632,0.454545454545455,0.0526315789473685,10.3636363636364,0.47979797979798
"2007",0.733333333333333,0.423052048149627,0.6,0.815789473684211,0.545454545454545,0.842105263157895,0.454545454545455,0.157894736842105,3.45454545454545,0.539772727272727
"2008",0.766666666666667,0.389406068370005,0.666666666666667,0.849431818181818,0.875,0.727272727272727,0.125,0.272727272727273,3.20833333333333,0.171875
"2009",0.666666666666667,0.409262843591797,0.545454545454545,0.738636363636364,0.75,0.636363636363636,0.25,0.363636363636364,2.0625,0.392857142857143
"2010",0.733333333333333,0.356852285827153,0.6,0.868055555555556,1,0.666666666666667,0,0.333333333333333,3,0
"2011",0.733333333333333,0.442763026619047,0.666666666666667,0.875565610859729,0.615384615384615,0.823529411764706,0.384615384615385,0.176470588235294,3.48717948717949,0.467032967032967
"2012",0.7,0.43433618401469,0.571428571428571,0.74,0.6,0.75,0.4,0.25,2.4,0.533333333333333
"2013",0.733333333333333,0.394633649871477,0.666666666666667,0.7775,0.8,0.7,0.2,0.3,2.66666666666667,0.285714285714286
"2014",0.7,0.445777325351329,0.64,0.787946428571429,0.571428571428571,0.8125,0.428571428571429,0.1875,3.04761904761905,0.527472527472527
"2015",0.833333333333333,0.407449607228093,0.782608695652174,0.847222222222222,0.75,0.888888888888889,0.25,0.111111111111111,6.75,0.28125
"2016",0.766666666666667,0.385180698302441,0.533333333333333,0.899470899470899,0.444444444444444,0.904761904761905,0.555555555555556,0.0952380952380952,4.66666666666667,0.614035087719298
"2017",0.733333333333333,0.453151614493154,0.555555555555556,0.76,0.5,0.85,0.5,0.15,3.33333333333333,0.588235294117647
"2018",0.666666666666667,0.505532021551265,0.545454545454545,0.696759259259259,0.5,0.777777777777778,0.5,0.222222222222222,2.25,0.642857142857143
"2019",0.733333333333333,0.399930113816525,0.636363636363636,0.758522727272727,0.875,0.681818181818182,0.125,0.318181818181818,2.75,0.183333333333333
"2020",0.733333333333333,0.402780168560112,0.692307692307692,0.815,0.9,0.65,0.1,0.35,2.57142857142857,0.153846153846154
"2021",0.8,0.345294995325488,0.7,0.883522727272727,0.875,0.772727272727273,0.125,0.227272727272727,3.85,0.161764705882353
"2022",0.666666666666667,0.461058137504388,0.375,0.7275,0.3,0.85,0.7,0.15,2,0.823529411764706
"2023",0.766666666666667,0.421857890464057,0.588235294117647,0.775,0.5,0.9,0.5,0.1,5,0.555555555555556
"2024",0.666666666666667,0.422309735911538,0.666666666666667,0.789351851851852,0.833333333333333,0.555555555555556,0.166666666666667,0.444444444444444,1.875,0.3
"2025",0.833333333333333,0.359125700642345,0.736842105263158,0.880681818181818,0.875,0.818181818181818,0.125,0.181818181818182,4.8125,0.152777777777778
"2026",0.8,0.43014734477376,0.769230769230769,0.828054298642534,0.769230769230769,0.823529411764706,0.230769230769231,0.176470588235294,4.35897435897436,0.28021978021978
"2027",0.766666666666667,0.367535121602794,0.631578947368421,0.826086956521739,0.857142857142857,0.739130434782609,0.142857142857143,0.260869565217391,3.28571428571429,0.19327731092437
"2028",0.833333333333333,0.328829620856903,0.705882352941177,0.944099378881988,0.857142857142857,0.826086956521739,0.142857142857143,0.173913043478261,4.92857142857143,0.172932330827068
"2029",0.7,0.41018575849831,0.64,0.7925,0.8,0.65,0.2,0.35,2.28571428571429,0.307692307692308
"2030",0.733333333333333,0.389996404575412,0.428571428571429,0.753472222222222,0.5,0.791666666666667,0.5,0.208333333333333,2.4,0.631578947368421
"2031",0.833333333333333,0.385172331683995,0.705882352941177,0.8175,0.6,0.95,0.4,0.05,12,0.421052631578947
"2032",0.733333333333333,0.399345960787364,0.666666666666667,0.838624338624339,0.888888888888889,0.666666666666667,0.111111111111111,0.333333333333333,2.66666666666667,0.166666666666667
"2033",0.8,0.339296232019505,0.666666666666667,0.903726708074534,0.857142857142857,0.782608695652174,0.142857142857143,0.217391304347826,3.94285714285714,0.182539682539683
"2034",0.866666666666667,0.360403344064653,0.777777777777778,0.923295454545455,0.875,0.863636363636364,0.125,0.136363636363636,6.41666666666667,0.144736842105263
"2035",0.733333333333333,0.4437826118762,0.666666666666667,0.789592760180995,0.615384615384615,0.823529411764706,0.384615384615385,0.176470588235294,3.48717948717949,0.467032967032967
"2036",0.833333333333333,0.328667435734724,0.736842105263158,0.972049689440994,1,0.782608695652174,0,0.217391304347826,4.6,0
"2037",0.8,0.390445643912827,0.666666666666667,0.861111111111111,1,0.75,0,0.25,4,0
"2038",0.733333333333333,0.401879851313284,0.5,0.756,0.8,0.72,0.2,0.28,2.85714285714286,0.277777777777778
"2039",0.766666666666667,0.406405290008648,0.533333333333333,0.851851851851852,0.444444444444444,0.904761904761905,0.555555555555556,0.0952380952380952,4.66666666666667,0.614035087719298
"2040",0.7,0.351755634193125,0.470588235294118,0.824,0.8,0.68,0.2,0.32,2.5,0.294117647058823
"2041",0.833333333333333,0.415358560817758,0.705882352941177,0.82,0.6,0.95,0.4,0.05,12,0.421052631578947
"2042",0.7,0.394965568093567,0.64,0.79,0.8,0.65,0.2,0.35,2.28571428571429,0.307692307692308
"2043",0.8,0.418362880093381,0.666666666666667,0.775132275132275,0.666666666666667,0.857142857142857,0.333333333333333,0.142857142857143,4.66666666666667,0.388888888888889
"2044",0.833333333333333,0.391806632213524,0.666666666666667,0.936507936507937,0.555555555555556,0.952380952380952,0.444444444444444,0.0476190476190477,11.6666666666667,0.466666666666667
"2045",0.766666666666667,0.413280563991585,0.631578947368421,0.82,0.6,0.85,0.4,0.15,4,0.470588235294118
"2046",0.733333333333333,0.402024287992574,0.333333333333333,0.690972222222222,0.333333333333333,0.833333333333333,0.666666666666667,0.166666666666667,2,0.8
"2047",0.8,0.402504582050078,0.7,0.8225,0.7,0.85,0.3,0.15,4.66666666666667,0.352941176470588
"2048",0.766666666666667,0.388427740796584,0.666666666666667,0.775132275132275,0.777777777777778,0.761904761904762,0.222222222222222,0.238095238095238,3.26666666666667,0.291666666666667
"2049",0.8,0.401066275404026,0.769230769230769,0.830143540669856,0.909090909090909,0.736842105263158,0.0909090909090909,0.263157894736842,3.45454545454545,0.123376623376623
"2050",0.866666666666667,0.395526122324476,0.8,0.833333333333333,0.888888888888889,0.857142857142857,0.111111111111111,0.142857142857143,6.22222222222222,0.12962962962963
"2051",0.766666666666667,0.370028146947842,0.666666666666667,0.875,0.875,0.727272727272727,0.125,0.272727272727273,3.20833333333333,0.171875
"2052",0.766666666666667,0.457527272755623,0.666666666666667,0.866515837104072,0.538461538461538,0.941176470588235,0.461538461538462,0.0588235294117647,9.15384615384615,0.490384615384615
"2053",0.7,0.423508946087032,0.608695652173913,0.7325,0.7,0.7,0.3,0.3,2.33333333333333,0.428571428571429
"2054",0.666666666666667,0.420380538330385,0.5,0.684659090909091,0.625,0.681818181818182,0.375,0.318181818181818,1.96428571428571,0.55
"2055",0.666666666666667,0.39370842383602,0.5,0.744318181818182,0.625,0.681818181818182,0.375,0.318181818181818,1.96428571428571,0.55
"2056",0.866666666666667,0.340800424381737,0.8,0.957386363636364,1,0.818181818181818,0,0.181818181818182,5.5,0
"2057",0.8,0.346495462096114,0.666666666666667,0.91304347826087,0.857142857142857,0.782608695652174,0.142857142857143,0.217391304347826,3.94285714285714,0.182539682539683
"2058",0.8,0.395708722681852,0.727272727272727,0.880382775119617,0.727272727272727,0.842105263157895,0.272727272727273,0.157894736842105,4.6060606060606,0.323863636363636
"2059",0.7,0.419841563433826,0.526315789473684,0.837320574162679,0.454545454545455,0.842105263157895,0.545454545454545,0.157894736842105,2.87878787878788,0.647727272727273
"2060",0.8,0.376092553457013,0.75,0.8425,0.9,0.75,0.1,0.25,3.6,0.133333333333333
"2061",0.733333333333333,0.40302923553383,0.555555555555556,0.754658385093168,0.714285714285714,0.739130434782609,0.285714285714286,0.260869565217391,2.73809523809524,0.38655462184874
"2062",0.7,0.469406829684568,0.470588235294118,0.6825,0.4,0.85,0.6,0.15,2.66666666666667,0.705882352941177
"2063",0.666666666666667,0.419092081647414,0.583333333333333,0.71957671957672,0.777777777777778,0.619047619047619,0.222222222222222,0.380952380952381,2.04166666666667,0.358974358974359
"2064",0.666666666666667,0.466572828251687,0.545454545454545,0.812217194570136,0.461538461538462,0.823529411764706,0.538461538461538,0.176470588235294,2.61538461538461,0.653846153846154
"2065",0.833333333333333,0.393366586168944,0.782608695652174,0.913875598086124,0.818181818181818,0.842105263157895,0.181818181818182,0.157894736842105,5.18181818181818,0.215909090909091
"2066",0.8,0.465064370942738,0.75,0.877232142857143,0.642857142857143,0.9375,0.357142857142857,0.0625,10.2857142857143,0.380952380952381
"2067",0.8,0.339102632815727,0.7,0.919254658385093,1,0.739130434782609,0,0.260869565217391,3.83333333333333,0
"2068",0.733333333333333,0.416279574384784,0.5,0.763888888888889,0.666666666666667,0.75,0.333333333333333,0.25,2.66666666666667,0.444444444444444
"2069",0.8,0.38188575173603,0.666666666666667,0.8525,0.6,0.9,0.4,0.1,6,0.444444444444444
"2070",0.866666666666667,0.390775973623734,0.777777777777778,0.875,0.7,0.95,0.3,0.05,14,0.315789473684211
"2071",0.833333333333333,0.357072637647863,0.736842105263158,0.903409090909091,0.875,0.818181818181818,0.125,0.181818181818182,4.8125,0.152777777777778
"2072",0.833333333333333,0.409216035759144,0.8,0.923611111111111,0.833333333333333,0.833333333333333,0.166666666666667,0.166666666666667,5,0.2
"2073",0.8,0.420300100299734,0.7,0.837320574162679,0.636363636363636,0.894736842105263,0.363636363636364,0.105263157894737,6.04545454545455,0.406417112299465
"2074",0.733333333333333,0.328770118852559,0.6,0.993055555555556,1,0.666666666666667,0,0.333333333333333,3,0
"2075",0.733333333333333,0.388533042635757,0.636363636363636,0.806818181818182,0.875,0.681818181818182,0.125,0.318181818181818,2.75,0.183333333333333
"2076",0.833333333333333,0.355965919966931,0.736842105263158,0.866477272727273,0.875,0.818181818181818,0.125,0.181818181818182,4.8125,0.152777777777778
"2077",0.766666666666667,0.395176487044247,0.666666666666667,0.852272727272727,0.875,0.727272727272727,0.125,0.272727272727273,3.20833333333333,0.171875
"2078",0.766666666666667,0.402449309331946,0.72,0.7975,0.9,0.7,0.1,0.3,3,0.142857142857143
"2079",0.766666666666667,0.378800742979625,0.631578947368421,0.829192546583851,0.857142857142857,0.739130434782609,0.142857142857143,0.260869565217391,3.28571428571429,0.19327731092437
"2080",0.766666666666667,0.389823489079297,0.631578947368421,0.8825,0.6,0.85,0.4,0.15,4,0.470588235294118
"2081",0.7,0.437855655485881,0.470588235294118,0.803827751196172,0.363636363636364,0.894736842105263,0.636363636363636,0.105263157894737,3.45454545454546,0.711229946524064
"2082",0.8,0.404255185620352,0.7,0.785714285714286,0.777777777777778,0.80952380952381,0.222222222222222,0.19047619047619,4.08333333333333,0.274509803921569
"2083",0.733333333333333,0.42377902282768,0.5,0.664596273291925,0.571428571428571,0.782608695652174,0.428571428571429,0.217391304347826,2.62857142857143,0.547619047619048
"2084",0.733333333333333,0.42607761286678,0.555555555555556,0.8175,0.5,0.85,0.5,0.15,3.33333333333333,0.588235294117647
"2085",0.766666666666667,0.408482100961128,0.631578947368421,0.7875,0.6,0.85,0.4,0.15,4,0.470588235294118
"2086",0.866666666666667,0.351820009825646,0.8,0.9375,1,0.818181818181818,0,0.181818181818182,5.5,0
"2087",0.766666666666667,0.419203945135982,0.72,0.854166666666667,0.75,0.777777777777778,0.25,0.222222222222222,3.375,0.321428571428571
"2088",0.733333333333333,0.368409829720634,0.5,0.753472222222222,0.666666666666667,0.75,0.333333333333333,0.25,2.66666666666667,0.444444444444444
"2089",0.833333333333333,0.424614682325871,0.761904761904762,0.888888888888889,0.666666666666667,0.944444444444444,0.333333333333333,0.0555555555555556,12,0.352941176470588
"2090",0.833333333333333,0.454037241506192,0.782608695652174,0.933035714285714,0.642857142857143,1,0.357142857142857,0,Inf,0.357142857142857
"2091",0.8,0.386676947357526,0.625,0.928571428571429,0.555555555555556,0.904761904761905,0.444444444444444,0.0952380952380952,5.83333333333333,0.491228070175439
"2092",0.7,0.482851633551318,0.571428571428571,0.799107142857143,0.428571428571429,0.9375,0.571428571428571,0.0625,6.85714285714286,0.609523809523809
"2093",0.833333333333333,0.39064991462567,0.782608695652174,0.8425,0.9,0.8,0.1,0.2,4.5,0.125
"2094",0.8,0.349198904696311,0.75,0.912698412698413,1,0.714285714285714,0,0.285714285714286,3.5,0
"2095",0.766666666666667,0.370943619585983,0.461538461538462,0.704,0.6,0.8,0.4,0.2,3,0.5
"2096",0.8,0.376814257304511,0.727272727272727,0.855,0.8,0.8,0.2,0.2,4,0.25
"2097",0.866666666666667,0.350181067008005,0.818181818181818,0.928571428571429,1,0.80952380952381,0,0.19047619047619,5.25,0
"2098",0.866666666666667,0.356712755521709,0.8,0.931818181818182,1,0.818181818181818,0,0.181818181818182,5.5,0
"2099",0.733333333333333,0.376153774718047,0.6,0.798941798941799,0.666666666666667,0.761904761904762,0.333333333333333,0.238095238095238,2.8,0.4375
"2100",0.8,0.344280241809241,0.625,0.888888888888889,0.833333333333333,0.791666666666667,0.166666666666667,0.208333333333333,4,0.210526315789474
"2101",0.866666666666667,0.374599006024705,0.777777777777778,0.894409937888199,1,0.826086956521739,0,0.173913043478261,5.75,0
"2102",0.866666666666667,0.39169434801337,0.75,0.825396825396825,0.666666666666667,0.952380952380952,0.333333333333333,0.0476190476190477,14,0.35
"2103",0.7,0.49825365841272,0.64,0.705882352941177,0.615384615384615,0.764705882352941,0.384615384615385,0.235294117647059,2.61538461538461,0.502958579881657
"2104",0.666666666666667,0.341770528238634,0.545454545454545,0.920138888888889,1,0.583333333333333,0,0.416666666666667,2.4,0
"2105",0.6,0.488235852521929,0.571428571428571,0.6925,0.8,0.5,0.2,0.5,1.6,0.4
"2106",0.766666666666667,0.393388132146405,0.666666666666667,0.889952153110048,0.636363636363636,0.842105263157895,0.363636363636364,0.157894736842105,4.03030303030303,0.431818181818182
"2107",0.833333333333333,0.392372591947454,0.761904761904762,0.814814814814815,0.888888888888889,0.80952380952381,0.111111111111111,0.19047619047619,4.66666666666667,0.137254901960784
"2108",0.733333333333333,0.407507289835327,0.692307692307692,0.7975,0.9,0.65,0.1,0.35,2.57142857142857,0.153846153846154
"2109",0.766666666666667,0.384738451403056,0.72,0.855,0.9,0.7,0.1,0.3,3,0.142857142857143
"2110",0.8,0.41773247165557,0.769230769230769,0.87962962962963,0.833333333333333,0.777777777777778,0.166666666666667,0.222222222222222,3.75,0.214285714285714
"2111",0.833333333333333,0.371336491247141,0.736842105263158,0.894886363636364,0.875,0.818181818181818,0.125,0.181818181818182,4.8125,0.152777777777778
"2112",0.766666666666667,0.447700748533881,0.72,0.812217194570136,0.692307692307692,0.823529411764706,0.307692307692308,0.176470588235294,3.92307692307692,0.373626373626374
"2113",0.7,0.381416015848706,0.470588235294118,0.788194444444444,0.666666666666667,0.708333333333333,0.333333333333333,0.291666666666667,2.28571428571429,0.470588235294118
"2114",0.766666666666667,0.39119894493888,0.631578947368421,0.816770186335404,0.857142857142857,0.739130434782609,0.142857142857143,0.260869565217391,3.28571428571429,0.19327731092437
"2115",0.8,0.41179357354258,0.666666666666667,0.8725,0.6,0.9,0.4,0.1,6,0.444444444444444
"2116",0.833333333333333,0.403929076839949,0.8,0.80622009569378,0.909090909090909,0.789473684210526,0.0909090909090909,0.210526315789474,4.31818181818182,0.115151515151515
"2117",0.766666666666667,0.383171499217722,0.695652173913043,0.838624338624339,0.888888888888889,0.714285714285714,0.111111111111111,0.285714285714286,3.11111111111111,0.155555555555556
"2118",0.733333333333333,0.428088213236566,0.555555555555556,0.894736842105263,0.454545454545455,0.894736842105263,0.545454545454545,0.105263157894737,4.31818181818182,0.609625668449198
"2119",0.866666666666667,0.378832746675569,0.818181818181818,0.882775119617225,0.818181818181818,0.894736842105263,0.181818181818182,0.105263157894737,7.77272727272727,0.203208556149733
"2120",0.7,0.468863329302012,0.526315789473684,0.708133971291866,0.454545454545455,0.842105263157895,0.545454545454545,0.157894736842105,2.87878787878788,0.647727272727273
"2121",0.666666666666667,0.449699901469245,0.5,0.751196172248804,0.454545454545455,0.789473684210526,0.545454545454545,0.210526315789474,2.15909090909091,0.690909090909091
"2122",0.666666666666667,0.533479703199997,0.545454545454545,0.712669683257918,0.461538461538462,0.823529411764706,0.538461538461538,0.176470588235294,2.61538461538461,0.653846153846154
"2123",0.833333333333333,0.327713282221414,0.666666666666667,0.875,0.833333333333333,0.833333333333333,0.166666666666667,0.166666666666667,5,0.2
"2124",0.666666666666667,0.45751195971901,0.5,0.74,0.5,0.75,0.5,0.25,2,0.666666666666667
"2125",0.766666666666667,0.355799632296512,0.695652173913043,0.934659090909091,1,0.681818181818182,0,0.318181818181818,3.14285714285714,0
"2126",0.8,0.430669784989992,0.727272727272727,0.886574074074074,0.666666666666667,0.888888888888889,0.333333333333333,0.111111111111111,6,0.375
"2127",0.733333333333333,0.410301732892106,0.666666666666667,0.84375,1,0.636363636363636,0,0.363636363636364,2.75,0
"2128",0.833333333333333,0.410316178557588,0.782608695652174,0.875,0.75,0.888888888888889,0.25,0.111111111111111,6.75,0.28125
"2129",0.8,0.379308219765931,0.571428571428571,0.872,0.8,0.8,0.2,0.2,4,0.25
"2130",0.733333333333333,0.422801826871954,0.666666666666667,0.740740740740741,0.888888888888889,0.666666666666667,0.111111111111111,0.333333333333333,2.66666666666667,0.166666666666667
"2131",0.633333333333333,0.449840877965274,0.476190476190476,0.767045454545455,0.625,0.636363636363636,0.375,0.363636363636364,1.71875,0.589285714285714
"2132",0.766666666666667,0.496437920693845,0.72,0.88,0.6,0.933333333333333,0.4,0.0666666666666667,9,0.428571428571429
"2133",0.766666666666667,0.413519693605458,0.695652173913043,0.81,0.8,0.75,0.2,0.25,3.2,0.266666666666667
"2134",0.8,0.425130015609016,0.727272727272727,0.865740740740741,0.666666666666667,0.888888888888889,0.333333333333333,0.111111111111111,6,0.375
"2135",0.7,0.470506198158839,0.571428571428571,0.738636363636364,0.75,0.681818181818182,0.25,0.318181818181818,2.35714285714286,0.366666666666667
"2136",0.733333333333333,0.423291385070137,0.6,0.827751196172249,0.545454545454545,0.842105263157895,0.454545454545455,0.157894736842105,3.45454545454545,0.539772727272727
"2137",0.733333333333333,0.495523586684124,0.666666666666667,0.842222222222222,0.533333333333333,0.933333333333333,0.466666666666667,0.0666666666666667,8,0.5
"2138",0.8,0.353412639448178,0.666666666666667,0.885416666666667,1,0.75,0,0.25,4,0
"2139",0.7,0.340529021120201,0.526315789473684,0.888888888888889,0.833333333333333,0.666666666666667,0.166666666666667,0.333333333333333,2.5,0.25
"2140",0.7,0.475409263735121,0.608695652173913,0.7325,0.7,0.7,0.3,0.3,2.33333333333333,0.428571428571429
"2141",0.766666666666667,0.406191312964461,0.740740740740741,0.834928229665072,0.909090909090909,0.684210526315789,0.0909090909090909,0.315789473684211,2.87878787878788,0.132867132867133
"2142",0.766666666666667,0.394414393554814,0.588235294117647,0.802083333333333,0.833333333333333,0.75,0.166666666666667,0.25,3.33333333333333,0.222222222222222
"2143",0.766666666666667,0.436779294171665,0.588235294117647,0.680124223602484,0.714285714285714,0.782608695652174,0.285714285714286,0.217391304347826,3.28571428571429,0.365079365079365
"2144",0.833333333333333,0.343168476774198,0.666666666666667,0.868055555555556,0.833333333333333,0.833333333333333,0.166666666666667,0.166666666666667,5,0.2
"2145",0.766666666666667,0.409697194757888,0.588235294117647,0.855,0.5,0.9,0.5,0.1,5,0.555555555555556
"2146",0.733333333333333,0.427097405556595,0.692307692307692,0.808612440191388,0.818181818181818,0.684210526315789,0.181818181818182,0.315789473684211,2.59090909090909,0.265734265734266
"2147",0.833333333333333,0.423732386690364,0.761904761904762,0.784722222222222,0.666666666666667,0.944444444444444,0.333333333333333,0.0555555555555556,12,0.352941176470588
"2148",0.8,0.419103829472615,0.7,0.844907407407407,0.583333333333333,0.944444444444444,0.416666666666667,0.0555555555555556,10.5,0.441176470588235
"2149",0.766666666666667,0.382074808719282,0.588235294117647,0.763888888888889,0.833333333333333,0.75,0.166666666666667,0.25,3.33333333333333,0.222222222222222
"2150",0.9,0.377312423759848,0.8,0.925925925925926,0.666666666666667,1,0.333333333333333,0,Inf,0.333333333333333
"2151",0.7,0.485009405279592,0.571428571428571,0.908482142857143,0.428571428571429,0.9375,0.571428571428571,0.0625,6.85714285714286,0.609523809523809
"2152",0.8,0.383104043822236,0.666666666666667,0.806818181818182,0.75,0.818181818181818,0.25,0.181818181818182,4.125,0.305555555555556
"2153",0.733333333333333,0.371294008058497,0.5,0.673913043478261,0.571428571428571,0.782608695652174,0.428571428571429,0.217391304347826,2.62857142857143,0.547619047619048
"2154",0.766666666666667,0.397811058115919,0.631578947368421,0.8825,0.6,0.85,0.4,0.15,4,0.470588235294118
"2155",0.8,0.361423344694559,0.625,0.868055555555556,0.833333333333333,0.791666666666667,0.166666666666667,0.208333333333333,4,0.210526315789474
"2156",0.666666666666667,0.482189773025882,0.444444444444444,0.741626794258373,0.363636363636364,0.842105263157895,0.636363636363636,0.157894736842105,2.3030303030303,0.755681818181818
"2157",0.8,0.447427725193191,0.727272727272727,0.902714932126697,0.615384615384615,0.941176470588235,0.384615384615385,0.0588235294117647,10.4615384615385,0.408653846153846
"2158",0.8,0.352201576498744,0.666666666666667,0.841614906832298,0.857142857142857,0.782608695652174,0.142857142857143,0.217391304347826,3.94285714285714,0.182539682539683
"2159",0.8,0.410676251864046,0.727272727272727,0.844497607655502,0.727272727272727,0.842105263157895,0.272727272727273,0.157894736842105,4.6060606060606,0.323863636363636
"2160",0.7,0.39661247955605,0.608695652173913,0.795454545454545,0.875,0.636363636363636,0.125,0.363636363636364,2.40625,0.196428571428571
"2161",0.8,0.393976011006228,0.7,0.791005291005291,0.777777777777778,0.80952380952381,0.222222222222222,0.19047619047619,4.08333333333333,0.274509803921569
"2162",0.8,0.426065983085438,0.666666666666667,0.830143540669857,0.545454545454545,0.947368421052632,0.454545454545455,0.0526315789473685,10.3636363636364,0.47979797979798
"2163",0.566666666666667,0.456496312313914,0.48,0.616402116402116,0.666666666666667,0.523809523809524,0.333333333333333,0.476190476190476,1.4,0.636363636363636
"2164",0.8,0.399124686837009,0.769230769230769,0.8775,1,0.7,0,0.3,3.33333333333333,0
"2165",0.933333333333333,0.351960478905583,0.857142857142857,0.909937888198758,0.857142857142857,0.956521739130435,0.142857142857143,0.0434782608695652,19.7142857142857,0.149350649350649
"2166",0.833333333333333,0.341692138864803,0.736842105263158,0.894886363636364,0.875,0.818181818181818,0.125,0.181818181818182,4.8125,0.152777777777778
"2167",0.7,0.449778101647787,0.571428571428571,0.784090909090909,0.75,0.681818181818182,0.25,0.318181818181818,2.35714285714286,0.366666666666667
"2168",0.833333333333333,0.375685364114214,0.782608695652174,0.905,0.9,0.8,0.1,0.2,4.5,0.125
"2169",0.8,0.394231186780538,0.7,0.849206349206349,0.777777777777778,0.80952380952381,0.222222222222222,0.19047619047619,4.08333333333333,0.274509803921569
"2170",0.8,0.359979831672138,0.666666666666667,0.854037267080745,0.857142857142857,0.782608695652174,0.142857142857143,0.217391304347826,3.94285714285714,0.182539682539683
"2171",0.766666666666667,0.391265400460755,0.631578947368421,0.78125,0.75,0.772727272727273,0.25,0.227272727272727,3.3,0.323529411764706
"2172",0.8,0.435354353776964,0.75,0.78,0.9,0.75,0.1,0.25,3.6,0.133333333333333
"2173",0.7,0.473832372947426,0.689655172413793,0.720095693779904,0.909090909090909,0.578947368421053,0.0909090909090909,0.421052631578947,2.15909090909091,0.15702479338843
"2174",0.7,0.425341802113904,0.571428571428571,0.787081339712919,0.545454545454545,0.789473684210526,0.454545454545455,0.210526315789474,2.59090909090909,0.575757575757576
"2175",0.8,0.399683476059494,0.666666666666667,0.855,0.6,0.9,0.4,0.1,6,0.444444444444444
"2176",0.8,0.343804091335699,0.625,0.90625,0.833333333333333,0.791666666666667,0.166666666666667,0.208333333333333,4,0.210526315789474
"2177",0.866666666666667,0.388807309600791,0.818181818181818,0.915343915343915,1,0.80952380952381,0,0.19047619047619,5.25,0
"2178",0.666666666666667,0.475497233163596,0.444444444444444,0.701863354037267,0.571428571428571,0.695652173913043,0.428571428571429,0.304347826086957,1.87755102040816,0.616071428571429
"2179",0.766666666666667,0.35530512262958,0.533333333333333,0.815972222222222,0.666666666666667,0.791666666666667,0.333333333333333,0.208333333333333,3.2,0.421052631578947
"2180",0.766666666666667,0.411950182422306,0.588235294117647,0.826388888888889,0.833333333333333,0.75,0.166666666666667,0.25,3.33333333333333,0.222222222222222
"2181",0.733333333333333,0.435744093882648,0.428571428571429,0.706730769230769,0.75,0.730769230769231,0.25,0.269230769230769,2.78571428571429,0.342105263157895
"2182",0.8,0.392722795877833,0.7,0.894736842105263,0.636363636363636,0.894736842105263,0.363636363636364,0.105263157894737,6.04545454545455,0.406417112299465
"2183",0.766666666666667,0.435578104488823,0.631578947368421,0.787081339712919,0.545454545454545,0.894736842105263,0.454545454545455,0.105263157894737,5.18181818181818,0.508021390374332
"2184",0.8,0.405830427698745,0.666666666666667,0.818181818181818,0.545454545454545,0.947368421052632,0.454545454545455,0.0526315789473685,10.3636363636364,0.47979797979798
"2185",0.833333333333333,0.397977225700669,0.615384615384615,0.87037037037037,0.444444444444444,1,0.555555555555556,0,Inf,0.555555555555556
"2186",0.833333333333333,0.405441981003233,0.761904761904762,0.904306220095694,0.727272727272727,0.894736842105263,0.272727272727273,0.105263157894737,6.90909090909091,0.304812834224599
"2187",0.9,0.340894621809998,0.842105263157895,0.963068181818182,1,0.863636363636364,0,0.136363636363636,7.33333333333333,0
"2188",0.766666666666667,0.433498451814888,0.695652173913043,0.79,0.8,0.75,0.2,0.25,3.2,0.266666666666667
"2189",0.733333333333333,0.4142695622316,0.6,0.755,0.6,0.8,0.4,0.2,3,0.5
"2190",0.733333333333333,0.472211760972115,0.6,0.777777777777778,0.5,0.888888888888889,0.5,0.111111111111111,4.5,0.5625
"2191",0.766666666666667,0.362591965023964,0.631578947368421,0.869318181818182,0.75,0.772727272727273,0.25,0.227272727272727,3.3,0.323529411764706
"2192",0.866666666666667,0.387130917871952,0.75,0.803977272727273,0.75,0.909090909090909,0.25,0.0909090909090909,8.25,0.275
"2193",0.7,0.361627921831054,0.571428571428571,0.877840909090909,0.75,0.681818181818182,0.25,0.318181818181818,2.35714285714286,0.366666666666667
"2194",0.766666666666667,0.415514813539512,0.695652173913043,0.791005291005291,0.888888888888889,0.714285714285714,0.111111111111111,0.285714285714286,3.11111111111111,0.155555555555556
"2195",0.8,0.387844503012629,0.7,0.863636363636364,0.875,0.772727272727273,0.125,0.227272727272727,3.85,0.161764705882353
"2196",0.733333333333333,0.363193088149282,0.428571428571429,0.656,0.6,0.76,0.4,0.24,2.5,0.526315789473684
"2197",0.733333333333333,0.424259626200485,0.714285714285714,0.7975,1,0.6,0,0.4,2.5,0
"2198",0.8,0.379259411366947,0.625,0.840277777777778,0.833333333333333,0.791666666666667,0.166666666666667,0.208333333333333,4,0.210526315789474
"2199",0.733333333333333,0.362914820299935,0.555555555555556,0.84375,0.833333333333333,0.708333333333333,0.166666666666667,0.291666666666667,2.85714285714286,0.235294117647059
"2200",0.8,0.335755106940126,0.625,0.885416666666667,0.833333333333333,0.791666666666667,0.166666666666667,0.208333333333333,4,0.210526315789474
"2201",0.666666666666667,0.413270383106165,0.615384615384615,0.7725,0.8,0.6,0.2,0.4,2,0.333333333333333
"2202",0.666666666666667,0.405312533084118,0.444444444444444,0.692546583850932,0.571428571428571,0.695652173913043,0.428571428571429,0.304347826086957,1.87755102040816,0.616071428571429
"2203",0.766666666666667,0.428061222221046,0.666666666666667,0.784090909090909,0.875,0.727272727272727,0.125,0.272727272727273,3.20833333333333,0.171875
"2204",0.766666666666667,0.39384962420128,0.695652173913043,0.828042328042328,0.888888888888889,0.714285714285714,0.111111111111111,0.285714285714286,3.11111111111111,0.155555555555556
"2205",0.633333333333333,0.444679023186013,0.421052631578947,0.6575,0.4,0.75,0.6,0.25,1.6,0.8
"2206",0.833333333333333,0.371045921046506,0.736842105263158,0.900568181818182,0.875,0.818181818181818,0.125,0.181818181818182,4.8125,0.152777777777778
"2207",0.766666666666667,0.430585360863744,0.588235294117647,0.7175,0.5,0.9,0.5,0.1,5,0.555555555555556
"2208",0.8,0.395383583429121,0.7,0.786931818181818,0.875,0.772727272727273,0.125,0.227272727272727,3.85,0.161764705882353
"2209",0.9,0.354001643899523,0.823529411764706,0.90625,0.875,0.909090909090909,0.125,0.0909090909090909,9.625,0.1375
"2210",0.766666666666667,0.342101205844216,0.666666666666667,0.857954545454545,0.875,0.727272727272727,0.125,0.272727272727273,3.20833333333333,0.171875
"2211",0.766666666666667,0.460621660441013,0.631578947368421,0.803240740740741,0.5,0.944444444444444,0.5,0.0555555555555556,9,0.529411764705882
"2212",0.833333333333333,0.372163772697142,0.782608695652174,0.9375,0.9,0.8,0.1,0.2,4.5,0.125
"2213",0.7,0.470488322218618,0.608695652173913,0.854910714285714,0.5,0.875,0.5,0.125,4,0.571428571428571
"2214",0.8,0.415275196236461,0.727272727272727,0.7475,0.8,0.8,0.2,0.2,4,0.25
"2215",0.8,0.385439550469929,0.666666666666667,0.832386363636364,0.75,0.818181818181818,0.25,0.181818181818182,4.125,0.305555555555556
"2216",0.866666666666667,0.404795401797834,0.777777777777778,0.980861244019139,0.636363636363636,1,0.363636363636364,0,Inf,0.363636363636364
"2217",0.733333333333333,0.369265082344753,0.6,0.801242236024845,0.857142857142857,0.695652173913043,0.142857142857143,0.304347826086957,2.81632653061224,0.205357142857143
"2218",0.833333333333333,0.340310853861599,0.736842105263158,0.926136363636364,0.875,0.818181818181818,0.125,0.181818181818182,4.8125,0.152777777777778
"2219",0.8,0.342721634691354,0.666666666666667,0.885093167701863,0.857142857142857,0.782608695652174,0.142857142857143,0.217391304347826,3.94285714285714,0.182539682539683
"2220",0.866666666666667,0.434867838142323,0.818181818181818,0.967592592592593,0.75,0.944444444444444,0.25,0.0555555555555556,13.5,0.264705882352941
"2221",0.8,0.394356195725407,0.666666666666667,0.77639751552795,0.857142857142857,0.782608695652174,0.142857142857143,0.217391304347826,3.94285714285714,0.182539682539683
"2222",0.766666666666667,0.391903849511516,0.533333333333333,0.804232804232804,0.444444444444444,0.904761904761905,0.555555555555556,0.0952380952380952,4.66666666666667,0.614035087719298
"2223",0.766666666666667,0.403107082734798,0.461538461538462,0.815340909090909,0.375,0.909090909090909,0.625,0.0909090909090909,4.125,0.6875
"2224",0.833333333333333,0.344098287950866,0.705882352941177,0.922360248447205,0.857142857142857,0.826086956521739,0.142857142857143,0.173913043478261,4.92857142857143,0.172932330827068
"2225",0.833333333333333,0.383728375515794,0.705882352941177,0.8825,0.6,0.95,0.4,0.05,12,0.421052631578947
"2226",0.866666666666667,0.357160897363548,0.8,0.946022727272727,1,0.818181818181818,0,0.181818181818182,5.5,0
"2227",0.8,0.389435767165519,0.666666666666667,0.821022727272727,0.75,0.818181818181818,0.25,0.181818181818182,4.125,0.305555555555556
"2228",0.733333333333333,0.433087016038649,0.5,0.677018633540373,0.571428571428571,0.782608695652174,0.428571428571429,0.217391304347826,2.62857142857143,0.547619047619048
"2229",0.733333333333333,0.382589221862144,0.692307692307692,0.8725,0.9,0.65,0.1,0.35,2.57142857142857,0.153846153846154
"2230",0.833333333333333,0.411610753880683,0.761904761904762,0.91866028708134,0.727272727272727,0.894736842105263,0.272727272727273,0.105263157894737,6.90909090909091,0.304812834224599
"2231",0.7,0.494067135335757,0.526315789473684,0.839366515837104,0.384615384615385,0.941176470588235,0.615384615384615,0.0588235294117647,6.53846153846154,0.653846153846154
"2232",0.7,0.435290492594791,0.470588235294118,0.717391304347826,0.571428571428571,0.739130434782609,0.428571428571429,0.260869565217391,2.19047619047619,0.579831932773109
"2233",0.733333333333333,0.45917522981942,0.692307692307692,0.787946428571428,0.642857142857143,0.8125,0.357142857142857,0.1875,3.42857142857143,0.439560439560439
"2234",0.833333333333333,0.395158050779519,0.761904761904762,0.865079365079365,0.888888888888889,0.80952380952381,0.111111111111111,0.19047619047619,4.66666666666667,0.137254901960784
"2235",0.866666666666667,0.378145323832888,0.818181818181818,0.865,0.9,0.85,0.1,0.15,6,0.117647058823529
"2236",0.833333333333333,0.422088325381597,0.782608695652174,0.907239819004525,0.692307692307692,0.941176470588235,0.307692307692308,0.0588235294117647,11.7692307692308,0.326923076923077
"2237",0.766666666666667,0.44868999147294,0.533333333333333,0.7525,0.4,0.95,0.6,0.05,7.99999999999999,0.631578947368421
"2238",0.733333333333333,0.419128589942916,0.636363636363636,0.752840909090909,0.875,0.681818181818182,0.125,0.318181818181818,2.75,0.183333333333333
"2239",0.666666666666667,0.434467357331082,0.545454545454545,0.701704545454546,0.75,0.636363636363636,0.25,0.363636363636364,2.0625,0.392857142857143
"2240",0.866666666666667,0.379861321717955,0.8,0.935,0.8,0.9,0.2,0.1,8,0.222222222222222
"2241",0.833333333333333,0.381078609780396,0.736842105263158,0.91,0.7,0.9,0.3,0.1,7,0.333333333333333
"2242",0.766666666666667,0.360262498636794,0.588235294117647,0.857638888888889,0.833333333333333,0.75,0.166666666666667,0.25,3.33333333333333,0.222222222222222
"2243",0.866666666666667,0.377197553564132,0.8,0.933014354066986,0.727272727272727,0.947368421052632,0.272727272727273,0.0526315789473685,13.8181818181818,0.287878787878788
"2244",0.666666666666667,0.353403328075778,0.5,0.9,1,0.6,0,0.4,2.5,0
"2245",0.733333333333333,0.449774162999329,0.636363636363636,0.75462962962963,0.583333333333333,0.833333333333333,0.416666666666667,0.166666666666667,3.5,0.5
"2246",0.766666666666667,0.390221380999949,0.666666666666667,0.872670807453416,1,0.695652173913043,0,0.304347826086957,3.28571428571429,0
"2247",0.766666666666667,0.407221897027534,0.631578947368421,0.78125,0.75,0.772727272727273,0.25,0.227272727272727,3.3,0.323529411764706
"2248",0.833333333333333,0.34864657464367,0.761904761904762,0.948863636363636,1,0.772727272727273,0,0.227272727272727,4.4,0
"2249",0.566666666666667,0.542931804951536,0.518518518518518,0.691964285714286,0.4375,0.714285714285714,0.5625,0.285714285714286,1.53125,0.7875
"2250",0.866666666666667,0.36914592559887,0.75,0.965608465608466,0.666666666666667,0.952380952380952,0.333333333333333,0.0476190476190477,14,0.35
"2251",0.666666666666667,0.471622288073569,0.5,0.766203703703704,0.416666666666667,0.833333333333333,0.583333333333333,0.166666666666667,2.5,0.7
"2252",0.833333333333333,0.428934131794674,0.705882352941177,0.937799043062201,0.545454545454545,1,0.454545454545455,0,Inf,0.454545454545455
"2253",0.7,0.4702088148533,0.526315789473684,0.784722222222222,0.416666666666667,0.888888888888889,0.583333333333333,0.111111111111111,3.75,0.65625
"2254",0.8,0.43021959873562,0.727272727272727,0.831018518518518,0.666666666666667,0.888888888888889,0.333333333333333,0.111111111111111,6,0.375
"2255",0.766666666666667,0.393749848986193,0.666666666666667,0.792613636363636,0.875,0.727272727272727,0.125,0.272727272727273,3.20833333333333,0.171875
"2256",0.866666666666667,0.366253053353126,0.8,0.920454545454546,1,0.818181818181818,0,0.181818181818182,5.5,0
"2257",0.8,0.432031507824765,0.7,0.969907407407407,0.583333333333333,0.944444444444444,0.416666666666667,0.0555555555555556,10.5,0.441176470588235
"2258",0.766666666666667,0.396011178148006,0.533333333333333,0.917989417989418,0.444444444444444,0.904761904761905,0.555555555555556,0.0952380952380952,4.66666666666667,0.614035087719298
"2259",0.8,0.384508791041634,0.7,0.857142857142857,1,0.739130434782609,0,0.260869565217391,3.83333333333333,0
"2260",0.733333333333333,0.477843159814408,0.555555555555556,0.770833333333333,0.416666666666667,0.944444444444444,0.583333333333333,0.0555555555555556,7.5,0.617647058823529
"2261",0.733333333333333,0.430612402025915,0.666666666666667,0.8,0.8,0.7,0.2,0.3,2.66666666666667,0.285714285714286
"2262",0.833333333333333,0.391827659452495,0.761904761904762,0.854497354497354,0.888888888888889,0.80952380952381,0.111111111111111,0.19047619047619,4.66666666666667,0.137254901960784
"2263",0.866666666666667,0.413595457248886,0.8,0.949760765550239,0.727272727272727,0.947368421052632,0.272727272727273,0.0526315789473685,13.8181818181818,0.287878787878788
"2264",0.7,0.40121948090353,0.64,0.84,0.8,0.65,0.2,0.35,2.28571428571429,0.307692307692308
"2265",0.766666666666667,0.427904355647132,0.533333333333333,0.738095238095238,0.444444444444444,0.904761904761905,0.555555555555556,0.0952380952380952,4.66666666666667,0.614035087719298
"2266",0.766666666666667,0.4012517676172,0.695652173913043,0.812169312169312,0.888888888888889,0.714285714285714,0.111111111111111,0.285714285714286,3.11111111111111,0.155555555555556
"2267",0.866666666666667,0.341810491389876,0.714285714285714,0.920138888888889,0.833333333333333,0.875,0.166666666666667,0.125,6.66666666666667,0.19047619047619
"2268",0.766666666666667,0.404098600918842,0.588235294117647,0.855,0.5,0.9,0.5,0.1,5,0.555555555555556
"2269",0.866666666666667,0.361105686210414,0.818181818181818,0.941798941798942,1,0.80952380952381,0,0.19047619047619,5.25,0
"2270",0.833333333333333,0.374046825549786,0.761904761904762,0.888888888888889,0.888888888888889,0.80952380952381,0.111111111111111,0.19047619047619,4.66666666666667,0.137254901960784
"2271",0.833333333333333,0.424868243267785,0.782608695652174,0.868055555555556,0.75,0.888888888888889,0.25,0.111111111111111,6.75,0.28125
"2272",0.766666666666667,0.45249033752408,0.695652173913043,0.837962962962963,0.666666666666667,0.833333333333333,0.333333333333333,0.166666666666667,4,0.4
"2273",0.733333333333333,0.428036134874054,0.6,0.84688995215311,0.545454545454545,0.842105263157895,0.454545454545455,0.157894736842105,3.45454545454545,0.539772727272727
"2274",0.666666666666667,0.46013854184951,0.615384615384615,0.757918552036199,0.615384615384615,0.705882352941177,0.384615384615385,0.294117647058823,2.09230769230769,0.544871794871795
"2275",0.766666666666667,0.412659718378048,0.631578947368421,0.87962962962963,0.5,0.944444444444444,0.5,0.0555555555555556,9,0.529411764705882
"2276",0.8,0.402021662025629,0.666666666666667,0.773291925465838,0.857142857142857,0.782608695652174,0.142857142857143,0.217391304347826,3.94285714285714,0.182539682539683
"2277",0.7,0.376039685300581,0.526315789473684,0.856,1,0.64,0,0.36,2.77777777777778,0
"2278",0.8,0.359939514385925,0.571428571428571,0.829861111111111,0.666666666666667,0.833333333333333,0.333333333333333,0.166666666666667,4,0.4
"2279",0.7,0.46672741674229,0.608695652173913,0.794117647058823,0.538461538461538,0.823529411764706,0.461538461538462,0.176470588235294,3.05128205128205,0.56043956043956
"2280",0.8,0.356081984456385,0.666666666666667,0.909722222222222,1,0.75,0,0.25,4,0
"2281",0.733333333333333,0.433769220965825,0.666666666666667,0.798642533936652,0.615384615384615,0.823529411764706,0.384615384615385,0.176470588235294,3.48717948717949,0.467032967032967
"2282",0.7,0.434249276556876,0.571428571428571,0.751196172248804,0.545454545454545,0.789473684210526,0.454545454545455,0.210526315789474,2.59090909090909,0.575757575757576
"2283",0.7,0.442481688482078,0.64,0.798642533936652,0.615384615384615,0.764705882352941,0.384615384615385,0.235294117647059,2.61538461538461,0.502958579881657
"2284",0.866666666666667,0.379188579022413,0.777777777777778,0.93,0.7,0.95,0.3,0.05,14,0.315789473684211
"2285",0.766666666666667,0.409994155611162,0.666666666666667,0.873205741626794,0.636363636363636,0.842105263157895,0.363636363636364,0.157894736842105,4.03030303030303,0.431818181818182
"2286",0.933333333333333,0.365476048254264,0.9,0.925,0.9,0.95,0.1,0.05,18,0.105263157894737
"2287",0.6,0.495822544815339,0.454545454545455,0.748,1,0.52,0,0.48,2.08333333333333,0
"2288",0.733333333333333,0.378338819796078,0.555555555555556,0.788819875776397,0.714285714285714,0.739130434782609,0.285714285714286,0.260869565217391,2.73809523809524,0.38655462184874
"2289",0.7,0.396521779252497,0.470588235294118,0.724431818181818,0.5,0.772727272727273,0.5,0.227272727272727,2.2,0.647058823529412
"2290",0.666666666666667,0.560619598976196,0.583333333333333,0.893665158371041,0.411764705882353,1,0.588235294117647,0,Inf,0.588235294117647
"2291",0.733333333333333,0.41635228963468,0.666666666666667,0.759259259259259,0.888888888888889,0.666666666666667,0.111111111111111,0.333333333333333,2.66666666666667,0.166666666666667
"2292",0.833333333333333,0.47722384815463,0.782608695652174,0.939732142857143,0.642857142857143,1,0.357142857142857,0,Inf,0.357142857142857
"2293",0.733333333333333,0.453283026685665,0.636363636363636,0.828125,0.5,0.9375,0.5,0.0625,8,0.533333333333333
"2294",0.766666666666667,0.422703224741304,0.666666666666667,0.812169312169312,0.777777777777778,0.761904761904762,0.222222222222222,0.238095238095238,3.26666666666667,0.291666666666667
"2295",0.8,0.461357682974798,0.75,0.901785714285714,0.642857142857143,0.9375,0.357142857142857,0.0625,10.2857142857143,0.380952380952381
"2296",0.733333333333333,0.462024319645396,0.666666666666667,0.819004524886878,0.615384615384615,0.823529411764706,0.384615384615385,0.176470588235294,3.48717948717949,0.467032967032967
"2297",0.733333333333333,0.431322416004551,0.666666666666667,0.837962962962963,0.666666666666667,0.777777777777778,0.333333333333333,0.222222222222222,3,0.428571428571429
"2298",0.733333333333333,0.471128482163697,0.636363636363636,0.823660714285714,0.5,0.9375,0.5,0.0625,8,0.533333333333333
"2299",0.733333333333333,0.471412358006421,0.636363636363636,0.783482142857143,0.5,0.9375,0.5,0.0625,8,0.533333333333333
"2300",0.766666666666667,0.411447835279095,0.363636363636364,0.769886363636364,0.25,0.954545454545455,0.75,0.0454545454545454,5.50000000000001,0.785714285714286
"2301",0.8,0.395819775301792,0.727272727272727,0.886243386243386,0.888888888888889,0.761904761904762,0.111111111111111,0.238095238095238,3.73333333333333,0.145833333333333
"2302",0.7,0.426420742892149,0.608695652173913,0.7025,0.7,0.7,0.3,0.3,2.33333333333333,0.428571428571429
"2303",0.733333333333333,0.41711187227347,0.666666666666667,0.820574162679426,0.727272727272727,0.736842105263158,0.272727272727273,0.263157894736842,2.76363636363636,0.37012987012987
"2304",0.833333333333333,0.411900693581973,0.705882352941177,0.835,0.6,0.95,0.4,0.05,12,0.421052631578947
"2305",0.866666666666667,0.417499312087841,0.818181818181818,0.962962962962963,0.75,0.944444444444444,0.25,0.0555555555555556,13.5,0.264705882352941
"2306",0.733333333333333,0.424541249671898,0.428571428571429,0.644230769230769,0.75,0.730769230769231,0.25,0.269230769230769,2.78571428571429,0.342105263157895
"2307",0.766666666666667,0.44559366726628,0.631578947368421,0.954751131221719,0.461538461538462,1,0.538461538461538,0,Inf,0.538461538461538
"2308",0.9,0.417695672004686,0.857142857142857,0.983796296296296,0.75,1,0.25,0,Inf,0.25
"2309",0.9,0.355747047979721,0.857142857142857,0.965608465608466,1,0.857142857142857,0,0.142857142857143,7,0
"2310",0.733333333333333,0.389761966796544,0.6,0.798295454545455,0.75,0.727272727272727,0.25,0.272727272727273,2.75,0.34375
"2311",0.766666666666667,0.405056453409785,0.588235294117647,0.84,0.5,0.9,0.5,0.1,5,0.555555555555556
"2312",0.8,0.350109456780536,0.625,0.84375,0.833333333333333,0.791666666666667,0.166666666666667,0.208333333333333,4,0.210526315789474
"2313",0.733333333333333,0.382873106749313,0.555555555555556,0.741477272727273,0.625,0.772727272727273,0.375,0.227272727272727,2.75,0.485294117647059
"2314",0.733333333333333,0.416312544953038,0.6,0.789772727272727,0.75,0.727272727272727,0.25,0.272727272727273,2.75,0.34375
"2315",0.8,0.436086921596225,0.666666666666667,0.801435406698565,0.545454545454545,0.947368421052632,0.454545454545455,0.0526315789473685,10.3636363636364,0.47979797979798
"2316",0.766666666666667,0.414777883337531,0.740740740740741,0.80622009569378,0.909090909090909,0.684210526315789,0.0909090909090909,0.315789473684211,2.87878787878788,0.132867132867133
"2317",0.766666666666667,0.408189809093304,0.72,0.856481481481482,0.75,0.777777777777778,0.25,0.222222222222222,3.375,0.321428571428571
"2318",0.8,0.389086708467524,0.7,0.921052631578947,0.636363636363636,0.894736842105263,0.363636363636364,0.105263157894737,6.04545454545455,0.406417112299465
"2319",0.833333333333333,0.361947051309326,0.782608695652174,0.952380952380952,1,0.761904761904762,0,0.238095238095238,4.2,0
"2320",0.833333333333333,0.352045708606902,0.705882352941177,0.902777777777778,1,0.791666666666667,0,0.208333333333333,4.8,0
"2321",0.833333333333333,0.373331297493016,0.705882352941177,0.86,0.6,0.95,0.4,0.05,12,0.421052631578947
"2322",0.766666666666667,0.379698473269265,0.631578947368421,0.821022727272727,0.75,0.772727272727273,0.25,0.227272727272727,3.3,0.323529411764706
"2323",0.833333333333333,0.431619993376505,0.814814814814815,0.891402714932127,0.846153846153846,0.823529411764706,0.153846153846154,0.176470588235294,4.79487179487179,0.186813186813187
"2324",0.7,0.399088661877798,0.571428571428571,0.76984126984127,0.666666666666667,0.714285714285714,0.333333333333333,0.285714285714286,2.33333333333333,0.466666666666667
"2325",0.866666666666667,0.395568933960626,0.75,0.875661375661376,0.666666666666667,0.952380952380952,0.333333333333333,0.0476190476190477,14,0.35
"2326",0.866666666666667,0.402822468311646,0.777777777777778,0.935406698564593,0.636363636363636,1,0.363636363636364,0,Inf,0.363636363636364
"2327",0.733333333333333,0.381826152499062,0.6,0.822981366459627,0.857142857142857,0.695652173913043,0.142857142857143,0.304347826086957,2.81632653061224,0.205357142857143
"2328",0.666666666666667,0.443475036073458,0.545454545454545,0.868778280542986,0.461538461538462,0.823529411764706,0.538461538461538,0.176470588235294,2.61538461538461,0.653846153846154
"2329",0.766666666666667,0.434108002711258,0.695652173913043,0.8025,0.8,0.75,0.2,0.25,3.2,0.266666666666667
"2330",0.8,0.368578094623744,0.625,0.841614906832298,0.714285714285714,0.826086956521739,0.285714285714286,0.173913043478261,4.10714285714286,0.345864661654135
"2331",0.8,0.417847521137166,0.666666666666667,0.815,0.6,0.9,0.4,0.1,6,0.444444444444444
"2332",0.7,0.335227634944357,0.4,0.925925925925926,1,0.666666666666667,0,0.333333333333333,3,0
"2333",0.733333333333333,0.438838505805288,0.6,0.791666666666667,0.5,0.888888888888889,0.5,0.111111111111111,4.5,0.5625
"2334",0.766666666666667,0.387270373700856,0.72,0.880952380952381,1,0.666666666666667,0,0.333333333333333,3,0
"2335",0.933333333333333,0.394471823254652,0.9,0.904306220095694,0.818181818181818,1,0.181818181818182,0,Inf,0.181818181818182
"2336",0.766666666666667,0.375493950421165,0.695652173913043,0.894179894179894,0.888888888888889,0.714285714285714,0.111111111111111,0.285714285714286,3.11111111111111,0.155555555555556
"2337",0.8,0.411859342479207,0.7,0.793650793650794,0.777777777777778,0.80952380952381,0.222222222222222,0.19047619047619,4.08333333333333,0.274509803921569
"2338",0.7,0.412242761650628,0.608695652173913,0.748677248677249,0.777777777777778,0.666666666666667,0.222222222222222,0.333333333333333,2.33333333333333,0.333333333333333
"2339",0.7,0.403892317755147,0.666666666666667,0.8225,0.9,0.6,0.1,0.4,2.25,0.166666666666667
"2340",0.766666666666667,0.431194360775702,0.666666666666667,0.830143540669856,0.636363636363636,0.842105263157895,0.363636363636364,0.157894736842105,4.03030303030303,0.431818181818182
"2341",0.733333333333333,0.405423478485245,0.666666666666667,0.81,0.8,0.7,0.2,0.3,2.66666666666667,0.285714285714286
"2342",0.8,0.388838102473589,0.7,0.895,0.7,0.85,0.3,0.15,4.66666666666667,0.352941176470588
"2343",0.8,0.443235889209429,0.75,0.7575,0.9,0.75,0.1,0.25,3.6,0.133333333333333
"2344",0.9,0.369728994631505,0.842105263157895,0.9825,0.8,0.95,0.2,0.05,16,0.210526315789474
"2345",0.8,0.377916911636327,0.727272727272727,0.875661375661376,0.888888888888889,0.761904761904762,0.111111111111111,0.238095238095238,3.73333333333333,0.145833333333333
"2346",0.866666666666667,0.332322552506584,0.75,0.866459627329193,0.857142857142857,0.869565217391304,0.142857142857143,0.130434782608696,6.57142857142857,0.164285714285714
"2347",0.766666666666667,0.363168857137937,0.666666666666667,0.916149068322981,1,0.695652173913043,0,0.304347826086957,3.28571428571429,0
"2348",0.8,0.406723260326119,0.7,0.889952153110048,0.636363636363636,0.894736842105263,0.363636363636364,0.105263157894737,6.04545454545455,0.406417112299465
"2349",0.733333333333333,0.450001879092892,0.555555555555556,0.741626794258373,0.454545454545455,0.894736842105263,0.545454545454545,0.105263157894737,4.31818181818182,0.609625668449198
"2350",0.7,0.424673000799056,0.526315789473684,0.765,0.5,0.8,0.5,0.2,2.5,0.625
"2351",0.733333333333333,0.437704647949171,0.555555555555556,0.7225,0.5,0.85,0.5,0.15,3.33333333333333,0.588235294117647
"2352",0.733333333333333,0.417346127050525,0.666666666666667,0.8125,1,0.636363636363636,0,0.363636363636364,2.75,0
"2353",0.8,0.387362744166941,0.785714285714286,0.861244019138756,1,0.684210526315789,0,0.315789473684211,3.16666666666667,0
"2354",0.633333333333333,0.463948908914429,0.266666666666667,0.555555555555556,0.333333333333333,0.708333333333333,0.666666666666667,0.291666666666667,1.14285714285714,0.941176470588235
"2355",0.733333333333333,0.384815139807073,0.692307692307692,0.845,0.9,0.65,0.1,0.35,2.57142857142857,0.153846153846154
"2356",0.666666666666667,0.348280689381047,0.375,0.876543209876543,1,0.62962962962963,0,0.37037037037037,2.7,0
"2357",0.8,0.357403797059809,0.7,0.852272727272727,0.875,0.772727272727273,0.125,0.227272727272727,3.85,0.161764705882353
"2358",0.8,0.401953573350103,0.666666666666667,0.85,0.6,0.9,0.4,0.1,6,0.444444444444444
"2359",0.766666666666667,0.410908112990327,0.666666666666667,0.84,0.7,0.8,0.3,0.2,3.5,0.375
"2360",0.866666666666667,0.367534040354966,0.8,0.920454545454545,1,0.818181818181818,0,0.181818181818182,5.5,0
"2361",0.733333333333333,0.39746574056939,0.636363636363636,0.82010582010582,0.777777777777778,0.714285714285714,0.222222222222222,0.285714285714286,2.72222222222222,0.311111111111111
"2362",0.766666666666667,0.431871632617249,0.666666666666667,0.821759259259259,0.583333333333333,0.888888888888889,0.416666666666667,0.111111111111111,5.25,0.46875
"2363",0.8,0.403005219130722,0.7,0.842105263157895,0.636363636363636,0.894736842105263,0.363636363636364,0.105263157894737,6.04545454545455,0.406417112299465
"2364",0.8,0.347042044642542,0.666666666666667,0.863354037267081,0.857142857142857,0.782608695652174,0.142857142857143,0.217391304347826,3.94285714285714,0.182539682539683
"2365",0.733333333333333,0.402315760276982,0.666666666666667,0.815,0.8,0.7,0.2,0.3,2.66666666666667,0.285714285714286
"2366",0.7,0.380579584597614,0.608695652173913,0.857142857142857,1,0.608695652173913,0,0.391304347826087,2.55555555555556,0
"2367",0.833333333333333,0.390354140624401,0.761904761904762,0.852272727272727,1,0.772727272727273,0,0.227272727272727,4.4,0
"2368",0.7,0.449989531818938,0.64,0.755980861244019,0.727272727272727,0.684210526315789,0.272727272727273,0.315789473684211,2.3030303030303,0.398601398601399
"2369",0.766666666666667,0.408908861574724,0.695652173913043,0.835227272727273,1,0.681818181818182,0,0.318181818181818,3.14285714285714,0
"2370",0.9,0.333207467701161,0.8,0.87888198757764,0.857142857142857,0.91304347826087,0.142857142857143,0.0869565217391305,9.85714285714285,0.156462585034014
"2371",0.8,0.398183005337372,0.727272727272727,0.846560846560847,0.888888888888889,0.761904761904762,0.111111111111111,0.238095238095238,3.73333333333333,0.145833333333333
"2372",0.766666666666667,0.393067743100288,0.631578947368421,0.9075,0.6,0.85,0.4,0.15,4,0.470588235294118
"2373",0.8,0.428861283701493,0.571428571428571,0.8225,0.4,1,0.6,0,Inf,0.6
"2374",0.7,0.4348179878139,0.526315789473684,0.842105263157895,0.454545454545455,0.842105263157895,0.545454545454545,0.157894736842105,2.87878787878788,0.647727272727273
"2375",0.766666666666667,0.408423139958346,0.695652173913043,0.85,0.8,0.75,0.2,0.25,3.2,0.266666666666667
"2376",0.8,0.434882534739121,0.785714285714286,0.817777777777778,0.733333333333333,0.866666666666667,0.266666666666667,0.133333333333333,5.5,0.307692307692308
"2377",0.666666666666667,0.49930341904375,0.5,0.667613636363636,0.625,0.681818181818182,0.375,0.318181818181818,1.96428571428571,0.55
"2378",0.733333333333333,0.37892631452471,0.636363636363636,0.822751322751323,0.777777777777778,0.714285714285714,0.222222222222222,0.285714285714286,2.72222222222222,0.311111111111111
"2379",0.833333333333333,0.394983702459727,0.736842105263158,0.911483253588517,0.636363636363636,0.947368421052632,0.363636363636364,0.0526315789473685,12.0909090909091,0.383838383838384
"2380",0.8,0.353592681703856,0.666666666666667,0.891304347826087,0.857142857142857,0.782608695652174,0.142857142857143,0.217391304347826,3.94285714285714,0.182539682539683
"2381",0.7,0.464171567448057,0.608695652173913,0.763888888888889,0.583333333333333,0.777777777777778,0.416666666666667,0.222222222222222,2.625,0.535714285714286
"2382",0.9,0.402994834088521,0.869565217391304,0.944444444444444,0.833333333333333,0.944444444444444,0.166666666666667,0.0555555555555556,15,0.176470588235294
"2383",0.766666666666667,0.374328250089749,0.666666666666667,0.846590909090909,0.875,0.727272727272727,0.125,0.272727272727273,3.20833333333333,0.171875
"2384",0.8,0.402880268926317,0.727272727272727,0.87799043062201,0.727272727272727,0.842105263157895,0.272727272727273,0.157894736842105,4.6060606060606,0.323863636363636
"2385",0.8,0.337384564018932,0.7,0.959627329192547,1,0.739130434782609,0,0.260869565217391,3.83333333333333,0
"2386",0.8,0.36638383838236,0.7,0.907407407407407,0.777777777777778,0.80952380952381,0.222222222222222,0.19047619047619,4.08333333333333,0.274509803921569
"2387",0.766666666666667,0.426484389656369,0.695652173913043,0.835648148148148,0.666666666666667,0.833333333333333,0.333333333333333,0.166666666666667,4,0.4
"2388",0.866666666666667,0.384184749403351,0.75,0.869318181818182,0.75,0.909090909090909,0.25,0.0909090909090909,8.25,0.275
"2389",0.8,0.399202447268464,0.666666666666667,0.9175,0.6,0.9,0.4,0.1,6,0.444444444444444
"2390",0.633333333333333,0.474377669940379,0.421052631578947,0.842592592592593,0.333333333333333,0.833333333333333,0.666666666666667,0.166666666666667,2,0.8
"2391",0.833333333333333,0.388392335299544,0.782608695652174,0.83,0.9,0.8,0.1,0.2,4.5,0.125
"2392",0.7,0.403957964281506,0.470588235294118,0.704861111111111,0.666666666666667,0.708333333333333,0.333333333333333,0.291666666666667,2.28571428571429,0.470588235294118
"2393",0.733333333333333,0.444745405943543,0.555555555555556,0.7525,0.5,0.85,0.5,0.15,3.33333333333333,0.588235294117647
"2394",0.7,0.450310747438821,0.571428571428571,0.716931216931217,0.666666666666667,0.714285714285714,0.333333333333333,0.285714285714286,2.33333333333333,0.466666666666667
"2395",0.8,0.376082618347728,0.666666666666667,0.857954545454545,0.75,0.818181818181818,0.25,0.181818181818182,4.125,0.305555555555556
"2396",0.833333333333333,0.401050651324676,0.814814814814815,0.854066985645933,1,0.736842105263158,0,0.263157894736842,3.8,0
"2397",0.7,0.360586033186515,0.571428571428571,0.895833333333333,1,0.625,0,0.375,2.66666666666667,0
"2398",0.8,0.406916979966317,0.785714285714286,0.844907407407407,0.916666666666667,0.722222222222222,0.0833333333333334,0.277777777777778,3.3,0.115384615384615
"2399",0.733333333333333,0.398095831430509,0.692307692307692,0.803827751196172,0.818181818181818,0.684210526315789,0.181818181818182,0.315789473684211,2.59090909090909,0.265734265734266
"2400",0.766666666666667,0.383153737769196,0.666666666666667,0.8125,0.875,0.727272727272727,0.125,0.272727272727273,3.20833333333333,0.171875
"2401",0.733333333333333,0.459611623616566,0.636363636363636,0.752314814814815,0.583333333333333,0.833333333333333,0.416666666666667,0.166666666666667,3.5,0.5
"2402",0.666666666666667,0.497514957460826,0.444444444444444,0.729665071770335,0.363636363636364,0.842105263157895,0.636363636363636,0.157894736842105,2.3030303030303,0.755681818181818
"2403",0.833333333333333,0.388608329470943,0.705882352941177,0.855,0.6,0.95,0.4,0.05,12,0.421052631578947
"2404",0.7,0.397107105470576,0.571428571428571,0.778409090909091,0.75,0.681818181818182,0.25,0.318181818181818,2.35714285714286,0.366666666666667
"2405",0.8,0.434724894045113,0.727272727272727,0.891402714932127,0.615384615384615,0.941176470588235,0.384615384615385,0.0588235294117647,10.4615384615385,0.408653846153846
"2406",0.833333333333333,0.401699160537417,0.736842105263158,0.8625,0.7,0.9,0.3,0.1,7,0.333333333333333
"2407",0.733333333333333,0.4498156800082,0.636363636363636,0.893665158371041,0.538461538461538,0.882352941176471,0.461538461538462,0.117647058823529,4.57692307692308,0.523076923076923
"2408",0.766666666666667,0.374982428040995,0.695652173913043,0.830687830687831,0.888888888888889,0.714285714285714,0.111111111111111,0.285714285714286,3.11111111111111,0.155555555555556
"2409",0.8,0.367307006798809,0.666666666666667,0.788819875776397,0.857142857142857,0.782608695652174,0.142857142857143,0.217391304347826,3.94285714285714,0.182539682539683
"2410",0.733333333333333,0.451796919314098,0.6,0.84841628959276,0.461538461538462,0.941176470588235,0.538461538461538,0.0588235294117647,7.84615384615384,0.572115384615385
"2411",0.833333333333333,0.379375940600464,0.736842105263158,0.875,0.875,0.818181818181818,0.125,0.181818181818182,4.8125,0.152777777777778
"2412",0.9,0.339790118547562,0.769230769230769,0.936,1,0.88,0,0.12,8.33333333333333,0
"2413",0.866666666666667,0.375588090712322,0.777777777777778,0.909090909090909,0.875,0.863636363636364,0.125,0.136363636363636,6.41666666666667,0.144736842105263
"2414",0.766666666666667,0.434397096946145,0.695652173913043,0.805555555555556,0.666666666666667,0.833333333333333,0.333333333333333,0.166666666666667,4,0.4
"2415",0.8,0.410083348611682,0.7,0.801136363636364,0.875,0.772727272727273,0.125,0.227272727272727,3.85,0.161764705882353
"2416",0.733333333333333,0.442549106347984,0.666666666666667,0.828703703703704,0.666666666666667,0.777777777777778,0.333333333333333,0.222222222222222,3,0.428571428571429
"2417",0.7,0.386003215926681,0.526315789473684,0.779503105590062,0.714285714285714,0.695652173913043,0.285714285714286,0.304347826086957,2.3469387755102,0.410714285714286
"2418",0.8,0.358716747281577,0.7,0.880681818181818,0.875,0.772727272727273,0.125,0.227272727272727,3.85,0.161764705882353
"2419",0.766666666666667,0.399065505357674,0.533333333333333,0.798941798941799,0.444444444444444,0.904761904761905,0.555555555555556,0.0952380952380952,4.66666666666667,0.614035087719298
"2420",0.733333333333333,0.440523433317584,0.636363636363636,0.687830687830688,0.777777777777778,0.714285714285714,0.222222222222222,0.285714285714286,2.72222222222222,0.311111111111111
"2421",0.566666666666667,0.416403765719545,0.235294117647059,0.740740740740741,0.666666666666667,0.555555555555556,0.333333333333333,0.444444444444444,1.5,0.6
"2422",0.833333333333333,0.420792291900248,0.782608695652174,0.893518518518518,0.75,0.888888888888889,0.25,0.111111111111111,6.75,0.28125
"2423",0.8,0.359888877252364,0.727272727272727,0.917613636363636,1,0.727272727272727,0,0.272727272727273,3.66666666666667,0
"2424",0.733333333333333,0.359087355249743,0.555555555555556,0.928,1,0.68,0,0.32,3.125,0
"2425",0.666666666666667,0.371998548623094,0.5,0.84,1,0.6,0,0.4,2.5,0
"2426",0.8,0.390696782236213,0.7,0.87,0.7,0.85,0.3,0.15,4.66666666666667,0.352941176470588
"2427",0.833333333333333,0.378919533230295,0.8,0.9075,1,0.75,0,0.25,4,0
"2428",0.766666666666667,0.396144806556457,0.666666666666667,0.806878306878307,0.777777777777778,0.761904761904762,0.222222222222222,0.238095238095238,3.26666666666667,0.291666666666667
"2429",0.733333333333333,0.426031636850259,0.5,0.722222222222222,0.666666666666667,0.75,0.333333333333333,0.25,2.66666666666667,0.444444444444444
"2430",0.8,0.402565163411247,0.666666666666667,0.86,0.6,0.9,0.4,0.1,6,0.444444444444444
"2431",0.8,0.35861997398591,0.7,0.872159090909091,0.875,0.772727272727273,0.125,0.227272727272727,3.85,0.161764705882353
"2432",0.766666666666667,0.389837776246708,0.631578947368421,0.847826086956522,0.857142857142857,0.739130434782609,0.142857142857143,0.260869565217391,3.28571428571429,0.19327731092437
"2433",0.8,0.441740176035467,0.727272727272727,0.840277777777778,0.666666666666667,0.888888888888889,0.333333333333333,0.111111111111111,6,0.375
"2434",0.733333333333333,0.375124795765188,0.636363636363636,0.860248447204969,1,0.652173913043478,0,0.347826086956522,2.875,0
"2435",0.8,0.394098831317452,0.727272727272727,0.841269841269841,0.888888888888889,0.761904761904762,0.111111111111111,0.238095238095238,3.73333333333333,0.145833333333333
"2436",0.9,0.336388791010381,0.823529411764706,0.93167701863354,1,0.869565217391304,0,0.130434782608696,7.66666666666667,0
"2437",0.866666666666667,0.380348187339575,0.714285714285714,0.989417989417989,0.555555555555556,1,0.444444444444444,0,Inf,0.444444444444444
"2438",0.666666666666667,0.485419552404588,0.5,0.622159090909091,0.625,0.681818181818182,0.375,0.318181818181818,1.96428571428571,0.55
"2439",0.8,0.399059939902975,0.727272727272727,0.857142857142857,0.888888888888889,0.761904761904762,0.111111111111111,0.238095238095238,3.73333333333333,0.145833333333333
"2440",0.7,0.441376455942246,0.64,0.7725,0.8,0.65,0.2,0.35,2.28571428571429,0.307692307692308
"2441",0.766666666666667,0.434431506491631,0.631578947368421,0.818181818181818,0.545454545454545,0.894736842105263,0.454545454545455,0.105263157894737,5.18181818181818,0.508021390374332
"2442",0.7,0.467592138906301,0.571428571428571,0.773148148148148,0.5,0.833333333333333,0.5,0.166666666666667,3,0.6
"2443",0.9,0.345610157393012,0.8,0.930555555555555,1,0.875,0,0.125,8,0
"2444",0.7,0.472510315097038,0.64,0.78042328042328,0.888888888888889,0.619047619047619,0.111111111111111,0.380952380952381,2.33333333333333,0.17948717948718
"2445",0.866666666666667,0.359672799728128,0.75,0.857954545454545,0.75,0.909090909090909,0.25,0.0909090909090909,8.25,0.275
"2446",0.9,0.353949591293759,0.823529411764706,0.916149068322981,1,0.869565217391304,0,0.130434782608696,7.66666666666667,0
"2447",0.8,0.385186875236879,0.7,0.85978835978836,0.777777777777778,0.80952380952381,0.222222222222222,0.19047619047619,4.08333333333333,0.274509803921569
"2448",0.7,0.425822482803788,0.608695652173913,0.826086956521739,1,0.608695652173913,0,0.391304347826087,2.55555555555556,0
"2449",0.8,0.359318321472662,0.75,0.931216931216931,1,0.714285714285714,0,0.285714285714286,3.5,0
"2450",0.8,0.392048609005399,0.666666666666667,0.92,0.6,0.9,0.4,0.1,6,0.444444444444444
"2451",0.6,0.492226402508192,0.454545454545455,0.650462962962963,0.416666666666667,0.722222222222222,0.583333333333333,0.277777777777778,1.5,0.807692307692308
"2452",0.8,0.405890840426883,0.785714285714286,0.861244019138756,1,0.684210526315789,0,0.315789473684211,3.16666666666667,0
"2453",0.833333333333333,0.374998315932946,0.666666666666667,0.753472222222222,0.833333333333333,0.833333333333333,0.166666666666667,0.166666666666667,5,0.2
"2454",0.733333333333333,0.422458668227697,0.555555555555556,0.76555023923445,0.454545454545455,0.894736842105263,0.545454545454545,0.105263157894737,4.31818181818182,0.609625668449198
"2455",0.733333333333333,0.455647963033757,0.6,0.7325,0.6,0.8,0.4,0.2,3,0.5
"2456",0.9,0.319412118559387,0.8,0.866459627329193,0.857142857142857,0.91304347826087,0.142857142857143,0.0869565217391305,9.85714285714285,0.156462585034014
"2457",0.766666666666667,0.414886548293567,0.631578947368421,0.795,0.6,0.85,0.4,0.15,4,0.470588235294118
"2458",0.733333333333333,0.458435994241683,0.6,0.784722222222222,0.5,0.888888888888889,0.5,0.111111111111111,4.5,0.5625
"2459",0.733333333333333,0.448025614095598,0.6,0.767942583732057,0.545454545454545,0.842105263157895,0.454545454545455,0.157894736842105,3.45454545454545,0.539772727272727
"2460",0.7,0.455716274720161,0.64,0.72,0.8,0.65,0.2,0.35,2.28571428571429,0.307692307692308
"2461",0.7,0.414151697244937,0.64,0.795454545454545,1,0.590909090909091,0,0.409090909090909,2.44444444444444,0
"2462",0.8,0.410425859619282,0.75,0.844497607655502,0.818181818181818,0.789473684210526,0.181818181818182,0.210526315789474,3.88636363636364,0.23030303030303
"2463",0.766666666666667,0.383421495601982,0.533333333333333,0.804232804232804,0.444444444444444,0.904761904761905,0.555555555555556,0.0952380952380952,4.66666666666667,0.614035087719298
"2464",0.766666666666667,0.391821323432514,0.695652173913043,0.852272727272727,1,0.681818181818182,0,0.318181818181818,3.14285714285714,0
"2465",0.8,0.367740561824283,0.625,0.798136645962733,0.714285714285714,0.826086956521739,0.285714285714286,0.173913043478261,4.10714285714286,0.345864661654135
"2466",0.766666666666667,0.371892834509304,0.666666666666667,0.85978835978836,0.777777777777778,0.761904761904762,0.222222222222222,0.238095238095238,3.26666666666667,0.291666666666667
"2467",0.8,0.391477644677441,0.5,0.775568181818182,0.375,0.954545454545455,0.625,0.0454545454545454,8.25000000000001,0.654761904761905
"2468",0.7,0.459825745894938,0.571428571428571,0.826388888888889,0.5,0.833333333333333,0.5,0.166666666666667,3,0.6
"2469",0.833333333333333,0.341660887102303,0.736842105263158,0.900568181818182,0.875,0.818181818181818,0.125,0.181818181818182,4.8125,0.152777777777778
"2470",0.766666666666667,0.423720792460855,0.666666666666667,0.7275,0.7,0.8,0.3,0.2,3.5,0.375
"2471",0.7,0.445966361537501,0.608695652173913,0.75462962962963,0.583333333333333,0.777777777777778,0.416666666666667,0.222222222222222,2.625,0.535714285714286
"2472",0.766666666666667,0.351917736059644,0.666666666666667,0.906832298136646,1,0.695652173913043,0,0.304347826086957,3.28571428571429,0
"2473",0.7,0.454226425050904,0.4,0.765,0.3,0.9,0.7,0.1,3,0.777777777777778
"2474",0.766666666666667,0.435472463672962,0.631578947368421,0.740740740740741,0.666666666666667,0.80952380952381,0.333333333333333,0.19047619047619,3.5,0.411764705882353
"2475",0.8,0.375057889738385,0.5,0.754807692307692,0.75,0.807692307692308,0.25,0.192307692307692,3.9,0.30952380952381
"2476",0.8,0.409890133625553,0.727272727272727,0.8225,0.8,0.8,0.2,0.2,4,0.25
"2477",0.866666666666667,0.365517998429106,0.818181818181818,0.955026455026455,1,0.80952380952381,0,0.19047619047619,5.25,0
"2478",0.866666666666667,0.368453433892937,0.8,0.878306878306878,0.888888888888889,0.857142857142857,0.111111111111111,0.142857142857143,6.22222222222222,0.12962962962963
"2479",0.733333333333333,0.505602028645402,0.6,0.805803571428571,0.428571428571429,1,0.571428571428571,0,Inf,0.571428571428571
"2480",0.8,0.372033594801754,0.7,0.846590909090909,0.875,0.772727272727273,0.125,0.227272727272727,3.85,0.161764705882353
"2481",0.833333333333333,0.365018349648716,0.705882352941177,0.832298136645963,0.857142857142857,0.826086956521739,0.142857142857143,0.173913043478261,4.92857142857143,0.172932330827068
"2482",0.666666666666667,0.434489531226263,0.615384615384615,0.801587301587302,0.888888888888889,0.571428571428571,0.111111111111111,0.428571428571429,2.07407407407407,0.194444444444445
"2483",0.666666666666667,0.444124675460254,0.375,0.584,0.6,0.68,0.4,0.32,1.875,0.588235294117647
"2484",0.766666666666667,0.384173812413666,0.666666666666667,0.7775,0.7,0.8,0.3,0.2,3.5,0.375
"2485",0.733333333333333,0.388959555273286,0.666666666666667,0.817460317460317,0.888888888888889,0.666666666666667,0.111111111111111,0.333333333333333,2.66666666666667,0.166666666666667
"2486",0.866666666666667,0.342168431092586,0.714285714285714,0.902777777777778,0.833333333333333,0.875,0.166666666666667,0.125,6.66666666666667,0.19047619047619
"2487",0.733333333333333,0.343432687934476,0.6,0.920138888888889,1,0.666666666666667,0,0.333333333333333,3,0
"2488",0.766666666666667,0.401062560463004,0.666666666666667,0.817460317460317,0.777777777777778,0.761904761904762,0.222222222222222,0.238095238095238,3.26666666666667,0.291666666666667
"2489",0.833333333333333,0.375380241361127,0.782608695652174,0.8925,0.9,0.8,0.1,0.2,4.5,0.125
"2490",0.733333333333333,0.395685288112621,0.6,0.849282296650718,0.545454545454545,0.842105263157895,0.454545454545455,0.157894736842105,3.45454545454545,0.539772727272727
"2491",0.733333333333333,0.395138117335134,0.692307692307692,0.84,0.9,0.65,0.1,0.35,2.57142857142857,0.153846153846154
"2492",0.766666666666667,0.380861107147637,0.695652173913043,0.863636363636364,1,0.681818181818182,0,0.318181818181818,3.14285714285714,0
"2493",0.766666666666667,0.412284558581819,0.666666666666667,0.772486772486772,0.777777777777778,0.761904761904762,0.222222222222222,0.238095238095238,3.26666666666667,0.291666666666667
"2494",0.833333333333333,0.365504763739035,0.761904761904762,0.896825396825397,0.888888888888889,0.80952380952381,0.111111111111111,0.19047619047619,4.66666666666667,0.137254901960784
"2495",0.766666666666667,0.445436057619441,0.72,0.809954751131222,0.692307692307692,0.823529411764706,0.307692307692308,0.176470588235294,3.92307692307692,0.373626373626374
"2496",0.833333333333333,0.374157687760165,0.761904761904762,0.912698412698413,0.888888888888889,0.80952380952381,0.111111111111111,0.19047619047619,4.66666666666667,0.137254901960784
"2497",0.666666666666667,0.471174429008519,0.583333333333333,0.775,0.7,0.65,0.3,0.35,2,0.461538461538462
"2498",0.633333333333333,0.451017762734401,0.352941176470588,0.7,0.3,0.8,0.7,0.2,1.5,0.875
"2499",0.833333333333333,0.357059661538815,0.761904761904762,0.923280423280423,0.888888888888889,0.80952380952381,0.111111111111111,0.19047619047619,4.66666666666667,0.137254901960784
"2500",0.766666666666667,0.380389141459285,0.588235294117647,0.763888888888889,0.833333333333333,0.75,0.166666666666667,0.25,3.33333333333333,0.222222222222222
"2501",0.766666666666667,0.416844316836566,0.695652173913043,0.835648148148148,0.666666666666667,0.833333333333333,0.333333333333333,0.166666666666667,4,0.4
"2502",0.733333333333333,0.464708875398454,0.636363636363636,0.73015873015873,0.777777777777778,0.714285714285714,0.222222222222222,0.285714285714286,2.72222222222222,0.311111111111111
"2503",0.766666666666667,0.431198970458913,0.695652173913043,0.907239819004525,0.615384615384615,0.882352941176471,0.384615384615385,0.117647058823529,5.23076923076923,0.435897435897436
"2504",0.8,0.372419489869169,0.75,0.8725,0.9,0.75,0.1,0.25,3.6,0.133333333333333
"2505",0.8,0.424474527080642,0.727272727272727,0.907407407407407,0.666666666666667,0.888888888888889,0.333333333333333,0.111111111111111,6,0.375
"2506",0.7,0.437170844858328,0.689655172413793,0.784722222222222,0.833333333333333,0.611111111111111,0.166666666666667,0.388888888888889,2.14285714285714,0.272727272727273
"2507",0.8,0.388787274558784,0.7,0.854497354497354,0.777777777777778,0.80952380952381,0.222222222222222,0.19047619047619,4.08333333333333,0.274509803921569
"2508",0.8,0.458633266281837,0.7,0.84841628959276,0.538461538461538,1,0.461538461538462,0,Inf,0.461538461538462
"2509",0.7,0.420601083029806,0.608695652173913,0.818181818181818,0.636363636363636,0.736842105263158,0.363636363636364,0.263157894736842,2.41818181818182,0.493506493506494
"2510",0.833333333333333,0.368909436625974,0.782608695652174,0.8475,0.9,0.8,0.1,0.2,4.5,0.125
"2511",0.833333333333333,0.383452284308651,0.705882352941177,0.912698412698413,0.666666666666667,0.904761904761905,0.333333333333333,0.0952380952380952,7,0.368421052631579
"2512",0.733333333333333,0.404273157996146,0.5,0.8975,0.4,0.9,0.6,0.1,4,0.666666666666667
"2513",0.733333333333333,0.444389351831258,0.6,0.814814814814815,0.5,0.888888888888889,0.5,0.111111111111111,4.5,0.5625
"2514",0.733333333333333,0.454972749727496,0.555555555555556,0.76555023923445,0.454545454545455,0.894736842105263,0.545454545454545,0.105263157894737,4.31818181818182,0.609625668449198
"2515",0.666666666666667,0.361442366662754,0.444444444444444,0.816,0.8,0.64,0.2,0.36,2.22222222222222,0.3125
"2516",0.8,0.358864844709662,0.7,0.886243386243386,0.777777777777778,0.80952380952381,0.222222222222222,0.19047619047619,4.08333333333333,0.274509803921569
"2517",0.733333333333333,0.450061684400868,0.555555555555556,0.795,0.5,0.85,0.5,0.15,3.33333333333333,0.588235294117647
"2518",0.8,0.384288018442086,0.727272727272727,0.822751322751323,0.888888888888889,0.761904761904762,0.111111111111111,0.238095238095238,3.73333333333333,0.145833333333333
"2519",0.8,0.358695839430083,0.666666666666667,0.84375,0.75,0.818181818181818,0.25,0.181818181818182,4.125,0.305555555555556
"2520",0.8,0.368193442930955,0.727272727272727,0.873015873015873,0.888888888888889,0.761904761904762,0.111111111111111,0.238095238095238,3.73333333333333,0.145833333333333
"2521",0.733333333333333,0.446345863267647,0.555555555555556,0.732919254658385,0.714285714285714,0.739130434782609,0.285714285714286,0.260869565217391,2.73809523809524,0.38655462184874
"2522",0.8,0.343890790700619,0.625,0.909722222222222,0.833333333333333,0.791666666666667,0.166666666666667,0.208333333333333,4,0.210526315789474
"2523",0.833333333333333,0.341831893961466,0.705882352941177,0.87888198757764,0.857142857142857,0.826086956521739,0.142857142857143,0.173913043478261,4.92857142857143,0.172932330827068
"2524",0.7,0.453059063324714,0.526315789473684,0.736842105263158,0.454545454545455,0.842105263157895,0.545454545454545,0.157894736842105,2.87878787878788,0.647727272727273
"2525",0.833333333333333,0.427837941556854,0.782608695652174,0.909502262443439,0.692307692307692,0.941176470588235,0.307692307692308,0.0588235294117647,11.7692307692308,0.326923076923077
"2526",0.8,0.40225200455684,0.7,0.8775,0.7,0.85,0.3,0.15,4.66666666666667,0.352941176470588
"2527",0.766666666666667,0.380889399960894,0.666666666666667,0.814814814814815,0.777777777777778,0.761904761904762,0.222222222222222,0.238095238095238,3.26666666666667,0.291666666666667
"2528",0.833333333333333,0.352930308469865,0.705882352941177,0.925465838509317,0.857142857142857,0.826086956521739,0.142857142857143,0.173913043478261,4.92857142857143,0.172932330827068
"2529",0.7,0.374961281739377,0.571428571428571,0.860248447204969,0.857142857142857,0.652173913043478,0.142857142857143,0.347826086956522,2.46428571428571,0.219047619047619
"2530",0.833333333333333,0.353931177542659,0.761904761904762,0.886243386243386,0.888888888888889,0.80952380952381,0.111111111111111,0.19047619047619,4.66666666666667,0.137254901960784
"2531",0.8,0.400810176895281,0.75,0.851674641148325,0.818181818181818,0.789473684210526,0.181818181818182,0.210526315789474,3.88636363636364,0.23030303030303
"2532",0.8,0.398315375267139,0.727272727272727,0.8275,0.8,0.8,0.2,0.2,4,0.25
"2533",0.9,0.40067308004489,0.842105263157895,0.944976076555024,0.727272727272727,1,0.272727272727273,0,Inf,0.272727272727273
"2534",0.666666666666667,0.353036197431589,0.5,0.90625,0.833333333333333,0.625,0.166666666666667,0.375,2.22222222222222,0.266666666666667
"2535",0.833333333333333,0.381726913737506,0.761904761904762,0.857142857142857,0.888888888888889,0.80952380952381,0.111111111111111,0.19047619047619,4.66666666666667,0.137254901960784
"2536",0.833333333333333,0.369041326254635,0.8,0.885,1,0.75,0,0.25,4,0
"2537",0.766666666666667,0.436850639199949,0.695652173913043,0.805555555555556,0.666666666666667,0.833333333333333,0.333333333333333,0.166666666666667,4,0.4
"2538",0.8,0.394817396841821,0.666666666666667,0.8625,0.6,0.9,0.4,0.1,6,0.444444444444444
"2539",0.733333333333333,0.423059869221167,0.636363636363636,0.866028708133971,0.636363636363636,0.789473684210526,0.363636363636364,0.210526315789474,3.02272727272727,0.460606060606061
"2540",0.8,0.375548251939343,0.727272727272727,0.878306878306878,0.888888888888889,0.761904761904762,0.111111111111111,0.238095238095238,3.73333333333333,0.145833333333333
"2541",0.766666666666667,0.420168846411994,0.666666666666667,0.794258373205742,0.636363636363636,0.842105263157895,0.363636363636364,0.157894736842105,4.03030303030303,0.431818181818182
"2542",0.866666666666667,0.351400155059043,0.8,0.896825396825397,0.888888888888889,0.857142857142857,0.111111111111111,0.142857142857143,6.22222222222222,0.12962962962963
"2543",0.9,0.352886280435626,0.823529411764706,0.90625,0.875,0.909090909090909,0.125,0.0909090909090909,9.625,0.1375
"2544",0.7,0.486103316605692,0.571428571428571,0.799107142857143,0.428571428571429,0.9375,0.571428571428571,0.0625,6.85714285714286,0.609523809523809
"2545",0.9,0.34102034264559,0.842105263157895,1,1,0.863636363636364,0,0.136363636363636,7.33333333333333,0
"2546",0.766666666666667,0.404088744533798,0.695652173913043,0.814814814814815,0.888888888888889,0.714285714285714,0.111111111111111,0.285714285714286,3.11111111111111,0.155555555555556
"2547",0.733333333333333,0.390776320315163,0.666666666666667,0.85,0.8,0.7,0.2,0.3,2.66666666666667,0.285714285714286
"2548",0.766666666666667,0.383981409460955,0.588235294117647,0.788359788359788,0.555555555555556,0.857142857142857,0.444444444444444,0.142857142857143,3.88888888888889,0.518518518518518
"2549",0.8,0.377968556214271,0.666666666666667,0.819875776397516,0.857142857142857,0.782608695652174,0.142857142857143,0.217391304347826,3.94285714285714,0.182539682539683
"2550",0.833333333333333,0.355248386646169,0.705882352941177,0.899305555555555,1,0.791666666666667,0,0.208333333333333,4.8,0
"2551",0.8,0.372205217571315,0.75,0.912698412698413,1,0.714285714285714,0,0.285714285714286,3.5,0
"2552",0.833333333333333,0.408119570109259,0.736842105263158,0.784090909090909,0.875,0.818181818181818,0.125,0.181818181818182,4.8125,0.152777777777778
"2553",0.833333333333333,0.373774275391097,0.8,0.945,1,0.75,0,0.25,4,0
"2554",0.666666666666667,0.412147591817601,0.375,0.767361111111111,0.5,0.708333333333333,0.5,0.291666666666667,1.71428571428571,0.705882352941176
"2555",0.866666666666667,0.340417711322806,0.75,0.947204968944099,0.857142857142857,0.869565217391304,0.142857142857143,0.130434782608696,6.57142857142857,0.164285714285714
"2556",0.7,0.469122743217382,0.64,0.81447963800905,0.615384615384615,0.764705882352941,0.384615384615385,0.235294117647059,2.61538461538461,0.502958579881657
"2557",0.933333333333333,0.335379393258733,0.857142857142857,0.937888198757764,0.857142857142857,0.956521739130435,0.142857142857143,0.0434782608695652,19.7142857142857,0.149350649350649
"2558",0.933333333333333,0.337527091702957,0.875,0.975155279503106,1,0.91304347826087,0,0.0869565217391305,11.5,0
"2559",0.733333333333333,0.410504258287067,0.636363636363636,0.777777777777778,0.777777777777778,0.714285714285714,0.222222222222222,0.285714285714286,2.72222222222222,0.311111111111111
"2560",0.8,0.367264519797932,0.666666666666667,0.832298136645963,0.857142857142857,0.782608695652174,0.142857142857143,0.217391304347826,3.94285714285714,0.182539682539683
"2561",0.766666666666667,0.378897988118237,0.588235294117647,0.795031055900621,0.714285714285714,0.782608695652174,0.285714285714286,0.217391304347826,3.28571428571429,0.365079365079365
"2562",0.866666666666667,0.413202944377549,0.818181818181818,0.974537037037037,0.75,0.944444444444444,0.25,0.0555555555555556,13.5,0.264705882352941
"2563",0.8,0.366352172226105,0.666666666666667,0.857954545454545,0.75,0.818181818181818,0.25,0.181818181818182,4.125,0.305555555555556
"2564",0.766666666666667,0.369732996159921,0.695652173913043,0.857142857142857,0.888888888888889,0.714285714285714,0.111111111111111,0.285714285714286,3.11111111111111,0.155555555555556
"2565",0.7,0.481538760301812,0.571428571428571,0.744343891402715,0.461538461538462,0.882352941176471,0.538461538461538,0.117647058823529,3.92307692307692,0.61025641025641
"2566",0.833333333333333,0.414854324821,0.736842105263158,0.923611111111111,0.583333333333333,1,0.416666666666667,0,Inf,0.416666666666667
"2567",0.833333333333333,0.37644790089,0.736842105263158,0.889204545454545,0.875,0.818181818181818,0.125,0.181818181818182,4.8125,0.152777777777778
"2568",0.7,0.439692306359127,0.571428571428571,0.767942583732057,0.545454545454545,0.789473684210526,0.454545454545455,0.210526315789474,2.59090909090909,0.575757575757576
"2569",0.733333333333333,0.369050841098267,0.636363636363636,0.891304347826087,1,0.652173913043478,0,0.347826086956522,2.875,0
"2570",0.766666666666667,0.399940451895282,0.588235294117647,0.9175,0.5,0.9,0.5,0.1,5,0.555555555555556
"2571",0.9,0.416367900657222,0.857142857142857,0.907407407407407,0.75,1,0.25,0,Inf,0.25
"2572",0.766666666666667,0.399184691276635,0.631578947368421,0.747159090909091,0.75,0.772727272727273,0.25,0.227272727272727,3.3,0.323529411764706
"2573",0.733333333333333,0.429861163519916,0.555555555555556,0.805,0.5,0.85,0.5,0.15,3.33333333333333,0.588235294117647
"2574",0.833333333333333,0.370276242905613,0.736842105263158,0.881987577639752,1,0.782608695652174,0,0.217391304347826,4.6,0
"2575",0.866666666666667,0.366305388633702,0.818181818181818,0.936507936507937,1,0.80952380952381,0,0.19047619047619,5.25,0
"2576",0.666666666666667,0.413068014661046,0.615384615384615,0.7825,0.8,0.6,0.2,0.4,2,0.333333333333333
"2577",0.766666666666667,0.432584234439275,0.533333333333333,0.658730158730159,0.444444444444444,0.904761904761905,0.555555555555556,0.0952380952380952,4.66666666666667,0.614035087719298
"2578",0.666666666666667,0.482393934656764,0.545454545454545,0.766968325791855,0.461538461538462,0.823529411764706,0.538461538461538,0.176470588235294,2.61538461538461,0.653846153846154
"2579",0.833333333333333,0.386199755342411,0.761904761904762,0.846560846560847,0.888888888888889,0.80952380952381,0.111111111111111,0.19047619047619,4.66666666666667,0.137254901960784
"2580",0.633333333333333,0.445924188456683,0.421052631578947,0.6975,0.4,0.75,0.6,0.25,1.6,0.8
"2581",0.733333333333333,0.404760981862647,0.6,0.8325,0.6,0.8,0.4,0.2,3,0.5
"2582",0.733333333333333,0.379997936523848,0.636363636363636,0.84375,0.875,0.681818181818182,0.125,0.318181818181818,2.75,0.183333333333333
"2583",0.866666666666667,0.374141580996143,0.75,0.830687830687831,0.666666666666667,0.952380952380952,0.333333333333333,0.0476190476190477,14,0.35
"2584",0.766666666666667,0.486521694220569,0.72,0.810267857142857,0.642857142857143,0.875,0.357142857142857,0.125,5.14285714285714,0.408163265306122
"2585",0.666666666666667,0.440694003730114,0.444444444444444,0.705,0.4,0.8,0.6,0.2,2,0.75
"2586",0.866666666666667,0.337924143259637,0.777777777777778,0.875,0.875,0.863636363636364,0.125,0.136363636363636,6.41666666666667,0.144736842105263
"2587",0.733333333333333,0.383211102248061,0.636363636363636,0.796296296296296,0.777777777777778,0.714285714285714,0.222222222222222,0.285714285714286,2.72222222222222,0.311111111111111
"2588",0.8,0.393076796698275,0.727272727272727,0.861244019138756,0.727272727272727,0.842105263157895,0.272727272727273,0.157894736842105,4.6060606060606,0.323863636363636
"2589",0.766666666666667,0.418159944594417,0.631578947368421,0.787081339712919,0.545454545454545,0.894736842105263,0.454545454545455,0.105263157894737,5.18181818181818,0.508021390374332
"2590",0.8,0.35596448829806,0.571428571428571,0.756944444444444,0.666666666666667,0.833333333333333,0.333333333333333,0.166666666666667,4,0.4
"2591",0.8,0.416798334467821,0.666666666666667,0.816770186335404,0.857142857142857,0.782608695652174,0.142857142857143,0.217391304347826,3.94285714285714,0.182539682539683
"2592",0.7,0.399900564096246,0.608695652173913,0.783068783068783,0.777777777777778,0.666666666666667,0.222222222222222,0.333333333333333,2.33333333333333,0.333333333333333
"2593",0.733333333333333,0.417851696684075,0.636363636363636,0.870813397129187,0.636363636363636,0.789473684210526,0.363636363636364,0.210526315789474,3.02272727272727,0.460606060606061
"2594",0.866666666666667,0.379840900831633,0.714285714285714,0.962962962962963,0.555555555555556,1,0.444444444444444,0,Inf,0.444444444444444
"2595",0.766666666666667,0.414107856273437,0.631578947368421,0.84688995215311,0.545454545454545,0.894736842105263,0.454545454545455,0.105263157894737,5.18181818181818,0.508021390374332
"2596",0.8,0.410557501493277,0.7,0.8425,0.7,0.85,0.3,0.15,4.66666666666667,0.352941176470588
"2597",0.766666666666667,0.42098751235988,0.588235294117647,0.775,0.5,0.9,0.5,0.1,5,0.555555555555556
"2598",0.733333333333333,0.413320111297728,0.6,0.769886363636364,0.75,0.727272727272727,0.25,0.272727272727273,2.75,0.34375
"2599",0.766666666666667,0.338995436015804,0.631578947368421,0.872670807453416,0.857142857142857,0.739130434782609,0.142857142857143,0.260869565217391,3.28571428571429,0.19327731092437
"2600",0.933333333333333,0.331171864260516,0.875,0.993788819875776,1,0.91304347826087,0,0.0869565217391305,11.5,0
"2601",0.866666666666667,0.35066253528862,0.777777777777778,0.951704545454545,0.875,0.863636363636364,0.125,0.136363636363636,6.41666666666667,0.144736842105263
"2602",0.766666666666667,0.41503633445674,0.695652173913043,0.8175,0.8,0.75,0.2,0.25,3.2,0.266666666666667
"2603",0.666666666666667,0.41745597863203,0.5,0.7825,0.5,0.75,0.5,0.25,2,0.666666666666667
"2604",0.766666666666667,0.38057110870742,0.588235294117647,0.867724867724868,0.555555555555556,0.857142857142857,0.444444444444444,0.142857142857143,3.88888888888889,0.518518518518518
"2605",0.833333333333333,0.376013145241054,0.736842105263158,0.91005291005291,0.777777777777778,0.857142857142857,0.222222222222222,0.142857142857143,5.44444444444444,0.259259259259259
"2606",0.666666666666667,0.470684295597189,0.583333333333333,0.735294117647059,0.538461538461538,0.764705882352941,0.461538461538462,0.235294117647059,2.28846153846154,0.603550295857988
"2607",0.766666666666667,0.4502760763212,0.666666666666667,0.893665158371041,0.538461538461538,0.941176470588235,0.461538461538462,0.0588235294117647,9.15384615384615,0.490384615384615
"2608",0.766666666666667,0.432945802295966,0.666666666666667,0.875,0.583333333333333,0.888888888888889,0.416666666666667,0.111111111111111,5.25,0.46875
"2609",0.833333333333333,0.398772102126774,0.705882352941177,0.855,0.6,0.95,0.4,0.05,12,0.421052631578947
"2610",0.833333333333333,0.391517637716352,0.705882352941177,0.801136363636364,0.75,0.863636363636364,0.25,0.136363636363636,5.5,0.289473684210526
"2611",0.8,0.365997529537955,0.727272727272727,0.838624338624339,0.888888888888889,0.761904761904762,0.111111111111111,0.238095238095238,3.73333333333333,0.145833333333333
"2612",0.733333333333333,0.475014193683329,0.6,0.775462962962963,0.5,0.888888888888889,0.5,0.111111111111111,4.5,0.5625
"2613",0.866666666666667,0.339434046385407,0.75,0.944444444444444,1,0.833333333333333,0,0.166666666666667,6,0
"2614",0.733333333333333,0.456122310318499,0.666666666666667,0.791855203619909,0.615384615384615,0.823529411764706,0.384615384615385,0.176470588235294,3.48717948717949,0.467032967032967
"2615",0.866666666666667,0.374551891394892,0.818181818181818,0.928571428571429,1,0.80952380952381,0,0.19047619047619,5.25,0
"2616",0.733333333333333,0.382387589389198,0.6,0.840909090909091,0.75,0.727272727272727,0.25,0.272727272727273,2.75,0.34375
"2617",0.766666666666667,0.405460011143983,0.588235294117647,0.721590909090909,0.625,0.818181818181818,0.375,0.181818181818182,3.4375,0.458333333333333
"2618",0.7,0.441555678314127,0.571428571428571,0.746411483253589,0.545454545454545,0.789473684210526,0.454545454545455,0.210526315789474,2.59090909090909,0.575757575757576
"2619",0.866666666666667,0.371708465412914,0.777777777777778,0.821022727272727,0.875,0.863636363636364,0.125,0.136363636363636,6.41666666666667,0.144736842105263
"2620",0.733333333333333,0.395702148688301,0.636363636363636,0.767045454545454,0.875,0.681818181818182,0.125,0.318181818181818,2.75,0.183333333333333
"2621",0.833333333333333,0.358666630806564,0.761904761904762,0.923295454545455,1,0.772727272727273,0,0.227272727272727,4.4,0
"2622",0.766666666666667,0.410827285212078,0.588235294117647,0.71875,0.625,0.818181818181818,0.375,0.181818181818182,3.4375,0.458333333333333
"2623",0.7,0.402207267390472,0.64,0.76984126984127,0.888888888888889,0.619047619047619,0.111111111111111,0.380952380952381,2.33333333333333,0.17948717948718
"2624",0.866666666666667,0.341127735131307,0.777777777777778,0.90625,0.875,0.863636363636364,0.125,0.136363636363636,6.41666666666667,0.144736842105263
"2625",0.766666666666667,0.398767661604456,0.631578947368421,0.784090909090909,0.75,0.772727272727273,0.25,0.227272727272727,3.3,0.323529411764706
"2626",0.733333333333333,0.380576487570313,0.6,0.816770186335404,0.857142857142857,0.695652173913043,0.142857142857143,0.304347826086957,2.81632653061224,0.205357142857143
"2627",0.766666666666667,0.457090735071608,0.666666666666667,0.839366515837104,0.538461538461538,0.941176470588235,0.461538461538462,0.0588235294117647,9.15384615384615,0.490384615384615
"2628",0.833333333333333,0.398068927180982,0.761904761904762,0.849206349206349,0.888888888888889,0.80952380952381,0.111111111111111,0.19047619047619,4.66666666666667,0.137254901960784
"2629",0.766666666666667,0.455952858783269,0.72,0.845982142857143,0.642857142857143,0.875,0.357142857142857,0.125,5.14285714285714,0.408163265306122
"2630",0.733333333333333,0.393459564781088,0.6,0.829192546583851,0.857142857142857,0.695652173913043,0.142857142857143,0.304347826086957,2.81632653061224,0.205357142857143
"2631",0.733333333333333,0.449568149526763,0.6,0.784688995215311,0.545454545454545,0.842105263157895,0.454545454545455,0.157894736842105,3.45454545454545,0.539772727272727
"2632",0.733333333333333,0.402058946268012,0.555555555555556,0.86,0.5,0.85,0.5,0.15,3.33333333333333,0.588235294117647
"2633",0.833333333333333,0.385917513056761,0.736842105263158,0.913875598086124,0.636363636363636,0.947368421052632,0.363636363636364,0.0526315789473685,12.0909090909091,0.383838383838384
"2634",0.733333333333333,0.431853798891953,0.555555555555556,0.743055555555556,0.833333333333333,0.708333333333333,0.166666666666667,0.291666666666667,2.85714285714286,0.235294117647059
"2635",0.766666666666667,0.4474700278659,0.666666666666667,0.803240740740741,0.583333333333333,0.888888888888889,0.416666666666667,0.111111111111111,5.25,0.46875
"2636",0.733333333333333,0.428882726724691,0.6,0.807453416149068,0.857142857142857,0.695652173913043,0.142857142857143,0.304347826086957,2.81632653061224,0.205357142857143
"2637",0.833333333333333,0.386078205813708,0.761904761904762,0.9,0.8,0.85,0.2,0.15,5.33333333333333,0.235294117647059
"2638",0.733333333333333,0.409896131891793,0.636363636363636,0.839712918660287,0.636363636363636,0.789473684210526,0.363636363636364,0.210526315789474,3.02272727272727,0.460606060606061
"2639",0.8,0.346007309424742,0.666666666666667,0.916149068322981,0.857142857142857,0.782608695652174,0.142857142857143,0.217391304347826,3.94285714285714,0.182539682539683
"2640",0.733333333333333,0.347226237132748,0.5,0.884615384615385,1,0.692307692307692,0,0.307692307692308,3.25,0
"2641",0.8,0.396617233925926,0.727272727272727,0.849206349206349,0.888888888888889,0.761904761904762,0.111111111111111,0.238095238095238,3.73333333333333,0.145833333333333
"2642",0.833333333333333,0.398631235635974,0.761904761904762,0.901913875598086,0.727272727272727,0.894736842105263,0.272727272727273,0.105263157894737,6.90909090909091,0.304812834224599
"2643",0.7,0.436332616117997,0.666666666666667,0.760765550239234,0.818181818181818,0.631578947368421,0.181818181818182,0.368421052631579,2.22077922077922,0.287878787878788
"2644",0.7,0.383264829896385,0.571428571428571,0.801136363636364,0.75,0.681818181818182,0.25,0.318181818181818,2.35714285714286,0.366666666666667
"2645",0.9,0.374231621313499,0.842105263157895,0.98,0.8,0.95,0.2,0.05,16,0.210526315789474
"2646",0.733333333333333,0.435234232413937,0.636363636363636,0.721590909090909,0.875,0.681818181818182,0.125,0.318181818181818,2.75,0.183333333333333
"2647",0.8,0.401442307426242,0.7,0.8925,0.7,0.85,0.3,0.15,4.66666666666667,0.352941176470588
"2648",0.866666666666667,0.341925484211963,0.75,0.923611111111111,1,0.833333333333333,0,0.166666666666667,6,0
"2649",0.833333333333333,0.406026818655177,0.761904761904762,0.832535885167464,0.727272727272727,0.894736842105263,0.272727272727273,0.105263157894737,6.90909090909091,0.304812834224599
"2650",0.666666666666667,0.430585053780102,0.545454545454545,0.727513227513228,0.666666666666667,0.666666666666667,0.333333333333333,0.333333333333333,2,0.5
"2651",0.7,0.35587877722404,0.470588235294118,0.812,0.8,0.68,0.2,0.32,2.5,0.294117647058823
"2652",0.866666666666667,0.389786819336049,0.818181818181818,0.949760765550239,0.818181818181818,0.894736842105263,0.181818181818182,0.105263157894737,7.77272727272727,0.203208556149733
"2653",0.766666666666667,0.373741337776991,0.588235294117647,0.785714285714286,0.714285714285714,0.782608695652174,0.285714285714286,0.217391304347826,3.28571428571429,0.365079365079365
"2654",0.833333333333333,0.391570766445871,0.8,0.827751196172249,0.909090909090909,0.789473684210526,0.0909090909090909,0.210526315789474,4.31818181818182,0.115151515151515
"2655",0.766666666666667,0.40142665176469,0.588235294117647,0.8275,0.5,0.9,0.5,0.1,5,0.555555555555556
"2656",0.666666666666667,0.48486956311455,0.375,0.800925925925926,0.25,0.944444444444444,0.75,0.0555555555555556,4.5,0.794117647058824
"2657",0.733333333333333,0.451517417511,0.555555555555556,0.680124223602484,0.714285714285714,0.739130434782609,0.285714285714286,0.260869565217391,2.73809523809524,0.38655462184874
"2658",0.8,0.372733513305851,0.7,0.877840909090909,0.875,0.772727272727273,0.125,0.227272727272727,3.85,0.161764705882353
"2659",0.833333333333333,0.413447051067394,0.736842105263158,0.899521531100478,0.636363636363636,0.947368421052632,0.363636363636364,0.0526315789473685,12.0909090909091,0.383838383838384
"2660",0.666666666666667,0.437639964312069,0.5,0.826388888888889,0.416666666666667,0.833333333333333,0.583333333333333,0.166666666666667,2.5,0.7
"2661",0.633333333333333,0.403870893657285,0.421052631578947,0.701863354037267,0.571428571428571,0.652173913043478,0.428571428571429,0.347826086956522,1.64285714285714,0.657142857142857
"2662",0.833333333333333,0.348990945695921,0.666666666666667,0.909722222222222,0.833333333333333,0.833333333333333,0.166666666666667,0.166666666666667,5,0.2
"2663",0.9,0.366448185230356,0.842105263157895,0.851851851851852,0.888888888888889,0.904761904761905,0.111111111111111,0.0952380952380952,9.33333333333333,0.12280701754386
"2664",0.8,0.420126060664478,0.666666666666667,0.863636363636364,0.545454545454545,0.947368421052632,0.454545454545455,0.0526315789473685,10.3636363636364,0.47979797979798
"2665",0.666666666666667,0.425329181527564,0.615384615384615,0.7925,0.8,0.6,0.2,0.4,2,0.333333333333333
"2666",0.933333333333333,0.349809211140415,0.888888888888889,0.965909090909091,1,0.909090909090909,0,0.0909090909090909,11,0
"2667",0.8,0.39144454075639,0.666666666666667,0.841614906832298,0.857142857142857,0.782608695652174,0.142857142857143,0.217391304347826,3.94285714285714,0.182539682539683
"2668",0.733333333333333,0.402220946641667,0.555555555555556,0.832535885167464,0.454545454545455,0.894736842105263,0.545454545454545,0.105263157894737,4.31818181818182,0.609625668449198
"2669",0.8,0.388202409169958,0.666666666666667,0.801242236024845,0.857142857142857,0.782608695652174,0.142857142857143,0.217391304347826,3.94285714285714,0.182539682539683
"2670",0.733333333333333,0.400152313057294,0.428571428571429,0.825396825396825,0.333333333333333,0.904761904761905,0.666666666666667,0.0952380952380952,3.5,0.736842105263158
"2671",0.733333333333333,0.454340338561692,0.555555555555556,0.824074074074074,0.416666666666667,0.944444444444444,0.583333333333333,0.0555555555555556,7.5,0.617647058823529
"2672",0.733333333333333,0.460969741751746,0.666666666666667,0.789592760180995,0.615384615384615,0.823529411764706,0.384615384615385,0.176470588235294,3.48717948717949,0.467032967032967
"2673",0.8,0.389149350433587,0.7,0.875598086124402,0.636363636363636,0.894736842105263,0.363636363636364,0.105263157894737,6.04545454545455,0.406417112299465
"2674",0.833333333333333,0.440711088146014,0.782608695652174,0.841628959276018,0.692307692307692,0.941176470588235,0.307692307692308,0.0588235294117647,11.7692307692308,0.326923076923077
"2675",0.7,0.415804712884068,0.571428571428571,0.743386243386243,0.666666666666667,0.714285714285714,0.333333333333333,0.285714285714286,2.33333333333333,0.466666666666667
"2676",0.866666666666667,0.455253953150177,0.833333333333333,0.959821428571429,0.714285714285714,1,0.285714285714286,0,Inf,0.285714285714286
"2677",0.766666666666667,0.381245588461809,0.695652173913043,0.883597883597884,0.888888888888889,0.714285714285714,0.111111111111111,0.285714285714286,3.11111111111111,0.155555555555556
"2678",0.866666666666667,0.389344745744443,0.818181818181818,0.921052631578947,0.818181818181818,0.894736842105263,0.181818181818182,0.105263157894737,7.77272727272727,0.203208556149733
"2679",0.733333333333333,0.429616924423527,0.555555555555556,0.842105263157895,0.454545454545455,0.894736842105263,0.545454545454545,0.105263157894737,4.31818181818182,0.609625668449198
"2680",0.733333333333333,0.374389818917834,0.5,0.767361111111111,0.666666666666667,0.75,0.333333333333333,0.25,2.66666666666667,0.444444444444444
"2681",0.766666666666667,0.395265422930807,0.588235294117647,0.87037037037037,0.555555555555556,0.857142857142857,0.444444444444444,0.142857142857143,3.88888888888889,0.518518518518518
"2682",0.833333333333333,0.323919809027857,0.666666666666667,0.892361111111111,0.833333333333333,0.833333333333333,0.166666666666667,0.166666666666667,5,0.2
"2683",0.766666666666667,0.451876936144606,0.695652173913043,0.83710407239819,0.615384615384615,0.882352941176471,0.384615384615385,0.117647058823529,5.23076923076923,0.435897435897436
"2684",0.766666666666667,0.433128434059523,0.695652173913043,0.773148148148148,0.666666666666667,0.833333333333333,0.333333333333333,0.166666666666667,4,0.4
"2685",0.833333333333333,0.356682078030293,0.705882352941177,0.850931677018633,0.857142857142857,0.826086956521739,0.142857142857143,0.173913043478261,4.92857142857143,0.172932330827068
"2686",0.633333333333333,0.479929874077,0.476190476190476,0.748803827751196,0.454545454545455,0.736842105263158,0.545454545454545,0.263157894736842,1.72727272727273,0.74025974025974
"2687",0.8,0.394833315369048,0.571428571428571,0.801587301587302,0.444444444444444,0.952380952380952,0.555555555555556,0.0476190476190477,9.33333333333332,0.583333333333333
"2688",0.666666666666667,0.468956819429767,0.545454545454545,0.763975155279503,0.857142857142857,0.608695652173913,0.142857142857143,0.391304347826087,2.19047619047619,0.23469387755102
"2689",0.7,0.412957159063807,0.526315789473684,0.825358851674641,0.454545454545455,0.842105263157895,0.545454545454545,0.157894736842105,2.87878787878788,0.647727272727273
"2690",0.7,0.416278901206372,0.608695652173913,0.808612440191388,0.636363636363636,0.736842105263158,0.363636363636364,0.263157894736842,2.41818181818182,0.493506493506494
"2691",0.766666666666667,0.41562440021962,0.72,0.841269841269841,1,0.666666666666667,0,0.333333333333333,3,0
"2692",0.833333333333333,0.373520969884157,0.736842105263158,0.866477272727273,0.875,0.818181818181818,0.125,0.181818181818182,4.8125,0.152777777777778
"2693",0.7,0.367668674370533,0.526315789473684,0.844,1,0.64,0,0.36,2.77777777777778,0
"2694",0.8,0.359093003625763,0.75,0.904761904761905,1,0.714285714285714,0,0.285714285714286,3.5,0
"2695",0.8,0.397165665068054,0.727272727272727,0.822966507177033,0.727272727272727,0.842105263157895,0.272727272727273,0.157894736842105,4.6060606060606,0.323863636363636
"2696",0.7,0.420730588856474,0.526315789473684,0.740740740740741,0.555555555555556,0.761904761904762,0.444444444444444,0.238095238095238,2.33333333333333,0.583333333333333
"2697",0.9,0.343101318797587,0.823529411764706,0.948863636363636,0.875,0.909090909090909,0.125,0.0909090909090909,9.625,0.1375
"2698",0.766666666666667,0.42615804674425,0.72,0.79,0.9,0.7,0.1,0.3,3,0.142857142857143
"2699",0.733333333333333,0.450153552792059,0.555555555555556,0.808612440191388,0.454545454545455,0.894736842105263,0.545454545454545,0.105263157894737,4.31818181818182,0.609625668449198
"2700",0.7,0.452497364404459,0.666666666666667,0.75,0.9,0.6,0.1,0.4,2.25,0.166666666666667
"2701",0.8,0.357938954216349,0.666666666666667,0.860248447204969,0.857142857142857,0.782608695652174,0.142857142857143,0.217391304347826,3.94285714285714,0.182539682539683
"2702",0.7,0.452468494983988,0.571428571428571,0.748677248677249,0.666666666666667,0.714285714285714,0.333333333333333,0.285714285714286,2.33333333333333,0.466666666666667
"2703",0.8,0.469104626627576,0.727272727272727,0.921875,0.571428571428571,1,0.428571428571429,0,Inf,0.428571428571429
"2704",0.766666666666667,0.417767334933929,0.631578947368421,0.904306220095694,0.545454545454545,0.894736842105263,0.454545454545455,0.105263157894737,5.18181818181818,0.508021390374332
"2705",0.733333333333333,0.388812424337933,0.636363636363636,0.786931818181818,0.875,0.681818181818182,0.125,0.318181818181818,2.75,0.183333333333333
"2706",0.8,0.347969799823005,0.571428571428571,0.918269230769231,1,0.769230769230769,0,0.230769230769231,4.33333333333333,0
"2707",0.8,0.419377902147156,0.785714285714286,0.81712962962963,0.916666666666667,0.722222222222222,0.0833333333333334,0.277777777777778,3.3,0.115384615384615
"2708",0.833333333333333,0.392482789541203,0.761904761904762,0.875,0.8,0.85,0.2,0.15,5.33333333333333,0.235294117647059
"2709",0.8,0.397008300404728,0.666666666666667,0.82,0.6,0.9,0.4,0.1,6,0.444444444444444
"2710",0.733333333333333,0.425300704069539,0.666666666666667,0.803240740740741,0.666666666666667,0.777777777777778,0.333333333333333,0.222222222222222,3,0.428571428571429
"2711",0.7,0.424713800308616,0.571428571428571,0.704968944099379,0.857142857142857,0.652173913043478,0.142857142857143,0.347826086956522,2.46428571428571,0.219047619047619
"2712",0.7,0.446303997154291,0.526315789473684,0.808612440191388,0.454545454545455,0.842105263157895,0.545454545454545,0.157894736842105,2.87878787878788,0.647727272727273
"2713",0.8,0.436065881741123,0.666666666666667,0.827751196172249,0.545454545454545,0.947368421052632,0.454545454545455,0.0526315789473685,10.3636363636364,0.47979797979798
"2714",0.833333333333333,0.372630516824043,0.736842105263158,0.880681818181818,0.875,0.818181818181818,0.125,0.181818181818182,4.8125,0.152777777777778
"2715",0.766666666666667,0.415641439291049,0.631578947368421,0.8525,0.6,0.85,0.4,0.15,4,0.470588235294118
"2716",0.9,0.371538961105219,0.823529411764706,0.981481481481482,0.777777777777778,0.952380952380952,0.222222222222222,0.0476190476190477,16.3333333333333,0.233333333333333
"2717",0.8,0.395582107724518,0.666666666666667,0.8125,0.6,0.9,0.4,0.1,6,0.444444444444444
"2718",0.733333333333333,0.497258336215847,0.6,0.946428571428571,0.428571428571429,1,0.571428571428571,0,Inf,0.571428571428571
"2719",0.8,0.40947542431334,0.7,0.740740740740741,0.777777777777778,0.80952380952381,0.222222222222222,0.19047619047619,4.08333333333333,0.274509803921569
"2720",0.833333333333333,0.377593642558519,0.761904761904762,0.857142857142857,0.888888888888889,0.80952380952381,0.111111111111111,0.19047619047619,4.66666666666667,0.137254901960784
"2721",0.8,0.349896253797452,0.571428571428571,0.804,0.8,0.8,0.2,0.2,4,0.25
"2722",0.8,0.313269099392494,0.7,0.990683229813665,1,0.739130434782609,0,0.260869565217391,3.83333333333333,0
"2723",0.733333333333333,0.411018757134948,0.636363636363636,0.87037037037037,0.583333333333333,0.833333333333333,0.416666666666667,0.166666666666667,3.5,0.5
"2724",0.7,0.404602944582201,0.526315789473684,0.735795454545455,0.625,0.727272727272727,0.375,0.272727272727273,2.29166666666667,0.515625
"2725",0.733333333333333,0.43725069912421,0.636363636363636,0.828703703703704,0.583333333333333,0.833333333333333,0.416666666666667,0.166666666666667,3.5,0.5
"2726",0.766666666666667,0.439643707969244,0.631578947368421,0.834928229665072,0.545454545454545,0.894736842105263,0.454545454545455,0.105263157894737,5.18181818181818,0.508021390374332
"2727",0.733333333333333,0.395268245785898,0.555555555555556,0.736024844720497,0.714285714285714,0.739130434782609,0.285714285714286,0.260869565217391,2.73809523809524,0.38655462184874
"2728",0.733333333333333,0.375319928544932,0.692307692307692,0.880952380952381,1,0.619047619047619,0,0.380952380952381,2.625,0
"2729",0.866666666666667,0.402990362700652,0.8,0.983253588516746,0.727272727272727,0.947368421052632,0.272727272727273,0.0526315789473685,13.8181818181818,0.287878787878788
"2730",0.733333333333333,0.44477789337784,0.636363636363636,0.773148148148148,0.583333333333333,0.833333333333333,0.416666666666667,0.166666666666667,3.5,0.5
"2731",0.8,0.436618555604009,0.75,0.857466063348416,0.692307692307692,0.882352941176471,0.307692307692308,0.117647058823529,5.88461538461538,0.348717948717949
"2732",0.766666666666667,0.407796928324651,0.695652173913043,0.822966507177033,0.727272727272727,0.789473684210526,0.272727272727273,0.210526315789474,3.45454545454546,0.345454545454545
"2733",0.766666666666667,0.410378789974297,0.695652173913043,0.900462962962963,0.666666666666667,0.833333333333333,0.333333333333333,0.166666666666667,4,0.4
"2734",0.7,0.431257409925257,0.526315789473684,0.670454545454545,0.625,0.727272727272727,0.375,0.272727272727273,2.29166666666667,0.515625
"2735",0.866666666666667,0.350500155249334,0.8,0.977272727272727,1,0.818181818181818,0,0.181818181818182,5.5,0
"2736",0.766666666666667,0.399153019604968,0.588235294117647,0.875,0.5,0.9,0.5,0.1,5,0.555555555555556
"2737",0.833333333333333,0.422918402921952,0.761904761904762,0.912037037037037,0.666666666666667,0.944444444444444,0.333333333333333,0.0555555555555556,12,0.352941176470588
"2738",0.866666666666667,0.389960801661144,0.8,0.8475,0.8,0.9,0.2,0.1,8,0.222222222222222
"2739",0.833333333333333,0.340650924519741,0.705882352941177,0.872670807453416,0.857142857142857,0.826086956521739,0.142857142857143,0.173913043478261,4.92857142857143,0.172932330827068
"2740",0.733333333333333,0.472614961062604,0.692307692307692,0.810267857142857,0.642857142857143,0.8125,0.357142857142857,0.1875,3.42857142857143,0.439560439560439
"2741",0.833333333333333,0.401196612084206,0.761904761904762,0.798941798941799,0.888888888888889,0.80952380952381,0.111111111111111,0.19047619047619,4.66666666666667,0.137254901960784
"2742",0.866666666666667,0.364763685844019,0.8,0.883522727272727,1,0.818181818181818,0,0.181818181818182,5.5,0
"2743",0.766666666666667,0.372653685327836,0.631578947368421,0.795031055900621,0.857142857142857,0.739130434782609,0.142857142857143,0.260869565217391,3.28571428571429,0.19327731092437
"2744",0.833333333333333,0.380108235600569,0.761904761904762,0.923280423280423,0.888888888888889,0.80952380952381,0.111111111111111,0.19047619047619,4.66666666666667,0.137254901960784
"2745",0.766666666666667,0.418702036340832,0.666666666666667,0.913875598086124,0.636363636363636,0.842105263157895,0.363636363636364,0.157894736842105,4.03030303030303,0.431818181818182
"2746",0.933333333333333,0.327310931742707,0.888888888888889,0.960227272727273,1,0.909090909090909,0,0.0909090909090909,11,0
"2747",0.7,0.460534223021524,0.470588235294118,0.7775,0.4,0.85,0.6,0.15,2.66666666666667,0.705882352941177
"2748",0.633333333333333,0.387604947645595,0.521739130434783,0.743386243386243,0.666666666666667,0.619047619047619,0.333333333333333,0.380952380952381,1.75,0.538461538461539
"2749",0.766666666666667,0.441805398593575,0.588235294117647,0.832535885167464,0.454545454545455,0.947368421052632,0.545454545454545,0.0526315789473685,8.63636363636363,0.575757575757576
"2750",0.7,0.40270576316554,0.666666666666667,0.7975,0.9,0.6,0.1,0.4,2.25,0.166666666666667
"2751",0.833333333333333,0.388977990681256,0.761904761904762,0.906698564593301,0.727272727272727,0.894736842105263,0.272727272727273,0.105263157894737,6.90909090909091,0.304812834224599
"2752",0.733333333333333,0.327854324063147,0.6,0.958333333333333,1,0.666666666666667,0,0.333333333333333,3,0
"2753",0.766666666666667,0.359862749352637,0.695652173913043,0.900568181818182,1,0.681818181818182,0,0.318181818181818,3.14285714285714,0
"2754",0.8,0.421678704242461,0.75,0.815789473684211,0.818181818181818,0.789473684210526,0.181818181818182,0.210526315789474,3.88636363636364,0.23030303030303
"2755",0.733333333333333,0.429531696248716,0.6,0.881944444444444,0.5,0.888888888888889,0.5,0.111111111111111,4.5,0.5625
"2756",0.8,0.416518162326707,0.727272727272727,0.861244019138756,0.727272727272727,0.842105263157895,0.272727272727273,0.157894736842105,4.6060606060606,0.323863636363636
"2757",0.766666666666667,0.436074239488847,0.461538461538462,0.704545454545455,0.375,0.909090909090909,0.625,0.0909090909090909,4.125,0.6875
"2758",0.766666666666667,0.433943819709642,0.758620689655172,0.799043062200957,1,0.631578947368421,0,0.368421052631579,2.71428571428571,0
"2759",0.766666666666667,0.442891152169457,0.588235294117647,0.837320574162679,0.454545454545455,0.947368421052632,0.545454545454545,0.0526315789473685,8.63636363636363,0.575757575757576
"2760",0.766666666666667,0.453024938897247,0.695652173913043,0.834841628959276,0.615384615384615,0.882352941176471,0.384615384615385,0.117647058823529,5.23076923076923,0.435897435897436
"2761",0.733333333333333,0.368253936036423,0.6,0.835227272727273,0.75,0.727272727272727,0.25,0.272727272727273,2.75,0.34375
"2762",0.733333333333333,0.398243343514258,0.666666666666667,0.85978835978836,0.888888888888889,0.666666666666667,0.111111111111111,0.333333333333333,2.66666666666667,0.166666666666667
"2763",0.8,0.385719408329365,0.769230769230769,0.8825,1,0.7,0,0.3,3.33333333333333,0
"2764",0.833333333333333,0.394752760064222,0.736842105263158,0.9225,0.7,0.9,0.3,0.1,7,0.333333333333333
"2765",0.8,0.360440664169774,0.666666666666667,0.854037267080745,0.857142857142857,0.782608695652174,0.142857142857143,0.217391304347826,3.94285714285714,0.182539682539683
"2766",0.766666666666667,0.435987879511462,0.631578947368421,0.827751196172249,0.545454545454545,0.894736842105263,0.454545454545455,0.105263157894737,5.18181818181818,0.508021390374332
"2767",0.733333333333333,0.366287939878215,0.6,0.863354037267081,0.857142857142857,0.695652173913043,0.142857142857143,0.304347826086957,2.81632653061224,0.205357142857143
"2768",0.8,0.383813117031119,0.666666666666667,0.9175,0.6,0.9,0.4,0.1,6,0.444444444444444
"2769",0.766666666666667,0.421479243337463,0.588235294117647,0.935406698564593,0.454545454545455,0.947368421052632,0.545454545454545,0.0526315789473685,8.63636363636363,0.575757575757576
"2770",0.766666666666667,0.403887962296207,0.631578947368421,0.8225,0.6,0.85,0.4,0.15,4,0.470588235294118
"2771",0.7,0.403765738859024,0.571428571428571,0.832386363636364,0.75,0.681818181818182,0.25,0.318181818181818,2.35714285714286,0.366666666666667
"2772",0.833333333333333,0.431245032810592,0.782608695652174,0.904977375565611,0.692307692307692,0.941176470588235,0.307692307692308,0.0588235294117647,11.7692307692308,0.326923076923077
"2773",0.766666666666667,0.388229596949063,0.533333333333333,0.8,0.8,0.76,0.2,0.24,3.33333333333333,0.263157894736842
"2774",0.866666666666667,0.370605239404925,0.818181818181818,0.986772486772487,1,0.80952380952381,0,0.19047619047619,5.25,0
"2775",0.7,0.366344325567765,0.571428571428571,0.84472049689441,0.857142857142857,0.652173913043478,0.142857142857143,0.347826086956522,2.46428571428571,0.219047619047619
"2776",0.8,0.388850764925326,0.625,0.825396825396825,0.555555555555556,0.904761904761905,0.444444444444444,0.0952380952380952,5.83333333333333,0.491228070175439
"2777",0.766666666666667,0.388699776649457,0.72,0.865,0.9,0.7,0.1,0.3,3,0.142857142857143
"2778",0.733333333333333,0.425401464674335,0.6,0.732954545454545,0.75,0.727272727272727,0.25,0.272727272727273,2.75,0.34375
"2779",0.7,0.418417489014558,0.571428571428571,0.772727272727273,0.75,0.681818181818182,0.25,0.318181818181818,2.35714285714286,0.366666666666667
"2780",0.633333333333333,0.475815526492973,0.592592592592593,0.727678571428571,0.571428571428571,0.6875,0.428571428571429,0.3125,1.82857142857143,0.623376623376623
"2781",0.866666666666667,0.336032324597273,0.8,0.946022727272727,1,0.818181818181818,0,0.181818181818182,5.5,0
"2782",0.9,0.309149229441062,0.8,0.951388888888889,1,0.875,0,0.125,8,0
"2783",0.733333333333333,0.39311768608515,0.636363636363636,0.80952380952381,0.777777777777778,0.714285714285714,0.222222222222222,0.285714285714286,2.72222222222222,0.311111111111111
"2784",0.666666666666667,0.433544978286801,0.5,0.789473684210526,0.454545454545455,0.789473684210526,0.545454545454545,0.210526315789474,2.15909090909091,0.690909090909091
"2785",0.7,0.383017884215336,0.470588235294118,0.71875,0.666666666666667,0.708333333333333,0.333333333333333,0.291666666666667,2.28571428571429,0.470588235294118
"2786",0.766666666666667,0.414091535265762,0.666666666666667,0.854066985645933,0.636363636363636,0.842105263157895,0.363636363636364,0.157894736842105,4.03030303030303,0.431818181818182
"2787",0.8,0.431929623451007,0.7,0.872685185185185,0.583333333333333,0.944444444444444,0.416666666666667,0.0555555555555556,10.5,0.441176470588235
"2788",0.866666666666667,0.330481617106787,0.8,0.931818181818182,1,0.818181818181818,0,0.181818181818182,5.5,0
"2789",0.766666666666667,0.37386563303868,0.666666666666667,0.869565217391304,1,0.695652173913043,0,0.304347826086957,3.28571428571429,0
"2790",0.733333333333333,0.420944375303485,0.666666666666667,0.826388888888889,0.666666666666667,0.777777777777778,0.333333333333333,0.222222222222222,3,0.428571428571429
"2791",0.866666666666667,0.371486981821404,0.8,0.87037037037037,0.888888888888889,0.857142857142857,0.111111111111111,0.142857142857143,6.22222222222222,0.12962962962963
"2792",0.666666666666667,0.504113141237917,0.5,0.688995215311005,0.454545454545455,0.789473684210526,0.545454545454545,0.210526315789474,2.15909090909091,0.690909090909091
"2793",0.7,0.453809276422457,0.526315789473684,0.684659090909091,0.625,0.727272727272727,0.375,0.272727272727273,2.29166666666667,0.515625
"2794",0.733333333333333,0.390278603962289,0.636363636363636,0.84375,0.875,0.681818181818182,0.125,0.318181818181818,2.75,0.183333333333333
"2795",0.8,0.416715825561377,0.625,0.875,0.5,0.95,0.5,0.05,9.99999999999999,0.526315789473684
"2796",0.766666666666667,0.477273840105211,0.631578947368421,0.791855203619909,0.461538461538462,1,0.538461538461538,0,Inf,0.538461538461538
"2797",0.733333333333333,0.435497370987311,0.555555555555556,0.8375,0.5,0.85,0.5,0.15,3.33333333333333,0.588235294117647
"2798",0.733333333333333,0.362318770126078,0.692307692307692,0.902116402116402,1,0.619047619047619,0,0.380952380952381,2.625,0
"2799",0.766666666666667,0.412202106589545,0.72,0.854166666666667,0.75,0.777777777777778,0.25,0.222222222222222,3.375,0.321428571428571
"2800",0.833333333333333,0.399558091789642,0.736842105263158,0.9275,0.7,0.9,0.3,0.1,7,0.333333333333333
"2801",0.7,0.466292468946675,0.571428571428571,0.771493212669683,0.461538461538462,0.882352941176471,0.538461538461538,0.117647058823529,3.92307692307692,0.61025641025641
"2802",0.766666666666667,0.401929751115808,0.631578947368421,0.85,0.6,0.85,0.4,0.15,4,0.470588235294118
"2803",0.766666666666667,0.399038961897353,0.363636363636364,0.840909090909091,0.25,0.954545454545455,0.75,0.0454545454545454,5.50000000000001,0.785714285714286
"2804",0.733333333333333,0.427289279792462,0.6,0.7775,0.6,0.8,0.4,0.2,3,0.5
"2805",0.733333333333333,0.390867857747076,0.6,0.764204545454545,0.75,0.727272727272727,0.25,0.272727272727273,2.75,0.34375
"2806",0.7,0.458716577178393,0.64,0.80316742081448,0.615384615384615,0.764705882352941,0.384615384615385,0.235294117647059,2.61538461538461,0.502958579881657
"2807",0.766666666666667,0.396248827889723,0.588235294117647,0.8425,0.5,0.9,0.5,0.1,5,0.555555555555556
"2808",0.766666666666667,0.371082347059358,0.588235294117647,0.832298136645963,0.714285714285714,0.782608695652174,0.285714285714286,0.217391304347826,3.28571428571429,0.365079365079365
"2809",0.8,0.359274790131116,0.666666666666667,0.878472222222222,1,0.75,0,0.25,4,0
"2810",0.8,0.406578889893562,0.666666666666667,0.7975,0.6,0.9,0.4,0.1,6,0.444444444444444
"2811",0.766666666666667,0.368471218390354,0.631578947368421,0.84472049689441,0.857142857142857,0.739130434782609,0.142857142857143,0.260869565217391,3.28571428571429,0.19327731092437
"2812",0.733333333333333,0.398035119215285,0.636363636363636,0.842105263157895,0.636363636363636,0.789473684210526,0.363636363636364,0.210526315789474,3.02272727272727,0.460606060606061
"2813",0.733333333333333,0.402297094243956,0.692307692307692,0.865079365079365,1,0.619047619047619,0,0.380952380952381,2.625,0
"2814",0.833333333333333,0.365373804823766,0.782608695652174,0.8825,0.9,0.8,0.1,0.2,4.5,0.125
"2815",0.766666666666667,0.337368912371035,0.666666666666667,0.944099378881988,1,0.695652173913043,0,0.304347826086957,3.28571428571429,0
"2816",0.933333333333333,0.350284213785445,0.888888888888889,0.988636363636364,1,0.909090909090909,0,0.0909090909090909,11,0
"2817",0.7,0.470620820331632,0.608695652173913,0.805429864253394,0.538461538461538,0.823529411764706,0.461538461538462,0.176470588235294,3.05128205128205,0.56043956043956
"2818",0.8,0.401932549580024,0.769230769230769,0.835,1,0.7,0,0.3,3.33333333333333,0
"2819",0.7,0.433249750094503,0.526315789473684,0.81,0.5,0.8,0.5,0.2,2.5,0.625
"2820",0.666666666666667,0.445250450646991,0.583333333333333,0.798611111111111,0.583333333333333,0.722222222222222,0.416666666666667,0.277777777777778,2.1,0.576923076923077
"2821",0.633333333333333,0.49075307795998,0.476190476190476,0.658385093167702,0.714285714285714,0.608695652173913,0.285714285714286,0.391304347826087,1.82539682539683,0.469387755102041
"2822",0.8,0.378589324465127,0.727272727272727,0.849206349206349,0.888888888888889,0.761904761904762,0.111111111111111,0.238095238095238,3.73333333333333,0.145833333333333
"2823",0.766666666666667,0.424468028240022,0.666666666666667,0.783068783068783,0.777777777777778,0.761904761904762,0.222222222222222,0.238095238095238,3.26666666666667,0.291666666666667
"2824",0.666666666666667,0.46170822944687,0.545454545454545,0.707386363636364,0.75,0.636363636363636,0.25,0.363636363636364,2.0625,0.392857142857143
"2825",0.766666666666667,0.404804403335567,0.666666666666667,0.792613636363636,0.875,0.727272727272727,0.125,0.272727272727273,3.20833333333333,0.171875
"2826",0.733333333333333,0.413488517587843,0.666666666666667,0.840277777777778,0.666666666666667,0.777777777777778,0.333333333333333,0.222222222222222,3,0.428571428571429
"2827",0.666666666666667,0.413606278592403,0.444444444444444,0.80952380952381,0.444444444444444,0.761904761904762,0.555555555555556,0.238095238095238,1.86666666666667,0.729166666666667
"2828",0.733333333333333,0.45255484592768,0.666666666666667,0.73,0.8,0.7,0.2,0.3,2.66666666666667,0.285714285714286
"2829",0.766666666666667,0.431828799936627,0.666666666666667,0.889140271493213,0.538461538461538,0.941176470588235,0.461538461538462,0.0588235294117647,9.15384615384615,0.490384615384615
"2830",0.8,0.378204499055231,0.7,0.828042328042328,0.777777777777778,0.80952380952381,0.222222222222222,0.19047619047619,4.08333333333333,0.274509803921569
"2831",0.8,0.404594030796065,0.625,0.835978835978836,0.555555555555556,0.904761904761905,0.444444444444444,0.0952380952380952,5.83333333333333,0.491228070175439
"2832",0.8,0.367048149127275,0.7,0.869565217391304,1,0.739130434782609,0,0.260869565217391,3.83333333333333,0
"2833",0.7,0.443646375130522,0.526315789473684,0.868055555555555,0.416666666666667,0.888888888888889,0.583333333333333,0.111111111111111,3.75,0.65625
"2834",0.766666666666667,0.38397844946639,0.740740740740741,0.9275,1,0.65,0,0.35,2.85714285714286,0
"2835",0.8,0.384313725353629,0.571428571428571,0.862433862433862,0.444444444444444,0.952380952380952,0.555555555555556,0.0476190476190477,9.33333333333332,0.583333333333333
"2836",0.7,0.441316859773009,0.4,0.7625,0.3,0.9,0.7,0.1,3,0.777777777777778
"2837",0.766666666666667,0.442424176324398,0.666666666666667,0.898148148148148,0.583333333333333,0.888888888888889,0.416666666666667,0.111111111111111,5.25,0.46875
"2838",0.766666666666667,0.414983399500783,0.588235294117647,0.851674641148325,0.454545454545455,0.947368421052632,0.545454545454545,0.0526315789473685,8.63636363636363,0.575757575757576
"2839",0.933333333333333,0.365684610251551,0.909090909090909,0.9875,1,0.9,0,0.1,10,0
"2840",0.666666666666667,0.440220072379174,0.5,0.659090909090909,0.625,0.681818181818182,0.375,0.318181818181818,1.96428571428571,0.55
"2841",0.7,0.429392988816204,0.608695652173913,0.722222222222222,0.777777777777778,0.666666666666667,0.222222222222222,0.333333333333333,2.33333333333333,0.333333333333333
"2842",0.833333333333333,0.404517620130665,0.736842105263158,0.7975,0.7,0.9,0.3,0.1,7,0.333333333333333
"2843",0.8,0.339761403233701,0.666666666666667,0.934027777777778,1,0.75,0,0.25,4,0
"2844",0.766666666666667,0.395886004010972,0.631578947368421,0.840277777777778,1,0.708333333333333,0,0.291666666666667,3.42857142857143,0
"2845",0.766666666666667,0.479938011482455,0.695652173913043,0.794642857142857,0.571428571428571,0.9375,0.428571428571429,0.0625,9.14285714285714,0.457142857142857
"2846",0.8,0.362742827833787,0.666666666666667,0.798136645962733,0.857142857142857,0.782608695652174,0.142857142857143,0.217391304347826,3.94285714285714,0.182539682539683
"2847",0.8,0.360241066385104,0.625,0.791925465838509,0.714285714285714,0.826086956521739,0.285714285714286,0.173913043478261,4.10714285714286,0.345864661654135
"2848",0.733333333333333,0.405649002384558,0.5,0.695652173913043,0.571428571428571,0.782608695652174,0.428571428571429,0.217391304347826,2.62857142857143,0.547619047619048
"2849",0.866666666666667,0.375343580336883,0.75,0.8825,0.6,1,0.4,0,Inf,0.4
"2850",0.633333333333333,0.527975057670004,0.521739130434783,0.668981481481482,0.5,0.722222222222222,0.5,0.277777777777778,1.8,0.692307692307692
"2851",0.833333333333333,0.399408406355027,0.8,0.863636363636364,0.909090909090909,0.789473684210526,0.0909090909090909,0.210526315789474,4.31818181818182,0.115151515151515
"2852",0.8,0.387477060773227,0.7,0.860795454545455,0.875,0.772727272727273,0.125,0.227272727272727,3.85,0.161764705882353
"2853",0.7,0.399183583340426,0.571428571428571,0.779503105590062,0.857142857142857,0.652173913043478,0.142857142857143,0.347826086956522,2.46428571428571,0.219047619047619
"2854",0.833333333333333,0.387610705210983,0.782608695652174,0.9,0.9,0.8,0.1,0.2,4.5,0.125
"2855",0.733333333333333,0.402664047737115,0.636363636363636,0.759259259259259,0.777777777777778,0.714285714285714,0.222222222222222,0.285714285714286,2.72222222222222,0.311111111111111
"2856",0.766666666666667,0.431550839340613,0.631578947368421,0.747159090909091,0.75,0.772727272727273,0.25,0.227272727272727,3.3,0.323529411764706
"2857",0.833333333333333,0.362471427660004,0.666666666666667,0.864583333333333,0.833333333333333,0.833333333333333,0.166666666666667,0.166666666666667,5,0.2
"2858",0.733333333333333,0.389402821881304,0.636363636363636,0.830143540669856,0.636363636363636,0.789473684210526,0.363636363636364,0.210526315789474,3.02272727272727,0.460606060606061
"2859",0.766666666666667,0.47986667633048,0.666666666666667,0.90625,0.5,1,0.5,0,Inf,0.5
"2860",0.666666666666667,0.500428696840259,0.545454545454545,0.714932126696833,0.461538461538462,0.823529411764706,0.538461538461538,0.176470588235294,2.61538461538461,0.653846153846154
"2861",0.733333333333333,0.414321974661374,0.666666666666667,0.8075,0.8,0.7,0.2,0.3,2.66666666666667,0.285714285714286
"2862",0.766666666666667,0.433448908866996,0.666666666666667,0.844497607655502,0.636363636363636,0.842105263157895,0.363636363636364,0.157894736842105,4.03030303030303,0.431818181818182
"2863",0.8,0.399618744396772,0.7,0.796296296296296,0.777777777777778,0.80952380952381,0.222222222222222,0.19047619047619,4.08333333333333,0.274509803921569
"2864",0.8,0.402116004219215,0.666666666666667,0.8,0.6,0.9,0.4,0.1,6,0.444444444444444
"2865",0.766666666666667,0.382240064650622,0.695652173913043,0.849431818181818,1,0.681818181818182,0,0.318181818181818,3.14285714285714,0
"2866",0.766666666666667,0.427000756485219,0.631578947368421,0.870813397129187,0.545454545454545,0.894736842105263,0.454545454545455,0.105263157894737,5.18181818181818,0.508021390374332
"2867",0.766666666666667,0.408985631801815,0.533333333333333,0.785714285714286,0.444444444444444,0.904761904761905,0.555555555555556,0.0952380952380952,4.66666666666667,0.614035087719298
"2868",0.9,0.378196466751336,0.823529411764706,0.941798941798942,0.777777777777778,0.952380952380952,0.222222222222222,0.0476190476190477,16.3333333333333,0.233333333333333
"2869",0.733333333333333,0.409581496564694,0.6,0.849282296650718,0.545454545454545,0.842105263157895,0.454545454545455,0.157894736842105,3.45454545454545,0.539772727272727
"2870",0.8,0.39028508571114,0.727272727272727,0.846590909090909,1,0.727272727272727,0,0.272727272727273,3.66666666666667,0
"2871",0.8,0.426781628211792,0.727272727272727,0.912037037037037,0.666666666666667,0.888888888888889,0.333333333333333,0.111111111111111,6,0.375
"2872",0.733333333333333,0.42460167031483,0.636363636363636,0.785714285714286,0.777777777777778,0.714285714285714,0.222222222222222,0.285714285714286,2.72222222222222,0.311111111111111
"2873",0.833333333333333,0.390548813459215,0.666666666666667,0.751552795031056,0.714285714285714,0.869565217391304,0.285714285714286,0.130434782608696,5.47619047619048,0.328571428571429
"2874",0.8,0.485942872955735,0.727272727272727,0.948660714285714,0.571428571428571,1,0.428571428571429,0,Inf,0.428571428571429
"2875",0.8,0.417002391414851,0.727272727272727,0.949074074074074,0.666666666666667,0.888888888888889,0.333333333333333,0.111111111111111,6,0.375
"2876",0.733333333333333,0.36944667927691,0.555555555555556,0.832298136645963,0.714285714285714,0.739130434782609,0.285714285714286,0.260869565217391,2.73809523809524,0.38655462184874
"2877",0.666666666666667,0.423247459060053,0.583333333333333,0.740740740740741,0.777777777777778,0.619047619047619,0.222222222222222,0.380952380952381,2.04166666666667,0.358974358974359
"2878",0.666666666666667,0.456397193029852,0.583333333333333,0.828054298642534,0.538461538461538,0.764705882352941,0.461538461538462,0.235294117647059,2.28846153846154,0.603550295857988
"2879",0.766666666666667,0.409651712475582,0.588235294117647,0.805,0.5,0.9,0.5,0.1,5,0.555555555555556
"2880",0.733333333333333,0.478680271632292,0.666666666666667,0.791855203619909,0.615384615384615,0.823529411764706,0.384615384615385,0.176470588235294,3.48717948717949,0.467032967032967
"2881",0.733333333333333,0.411061352587169,0.666666666666667,0.7725,0.8,0.7,0.2,0.3,2.66666666666667,0.285714285714286
"2882",0.833333333333333,0.422352410969185,0.782608695652174,0.907407407407407,0.75,0.888888888888889,0.25,0.111111111111111,6.75,0.28125
"2883",0.8,0.379161410618569,0.7,0.866477272727273,0.875,0.772727272727273,0.125,0.227272727272727,3.85,0.161764705882353
"2884",0.8,0.372111402538533,0.571428571428571,0.715277777777778,0.666666666666667,0.833333333333333,0.333333333333333,0.166666666666667,4,0.4
"2885",0.633333333333333,0.490389931755333,0.421052631578947,0.763888888888889,0.333333333333333,0.833333333333333,0.666666666666667,0.166666666666667,2,0.8
"2886",0.866666666666667,0.322943789280434,0.8,0.931818181818182,1,0.818181818181818,0,0.181818181818182,5.5,0
"2887",0.766666666666667,0.43633336001701,0.631578947368421,0.831018518518519,0.5,0.944444444444444,0.5,0.0555555555555556,9,0.529411764705882
"2888",0.766666666666667,0.486856411781334,0.666666666666667,0.82579185520362,0.538461538461538,0.941176470588235,0.461538461538462,0.0588235294117647,9.15384615384615,0.490384615384615
"2889",0.8,0.358795118136895,0.571428571428571,0.757763975155279,0.571428571428571,0.869565217391304,0.428571428571429,0.130434782608696,4.38095238095238,0.492857142857143
"2890",0.766666666666667,0.389952090713899,0.533333333333333,0.836,0.8,0.76,0.2,0.24,3.33333333333333,0.263157894736842
"2891",0.7,0.407767990033712,0.571428571428571,0.730113636363636,0.75,0.681818181818182,0.25,0.318181818181818,2.35714285714286,0.366666666666667
"2892",0.8,0.427256465468276,0.75,0.839366515837104,0.692307692307692,0.882352941176471,0.307692307692308,0.117647058823529,5.88461538461538,0.348717948717949
"2893",0.8,0.371827486490105,0.727272727272727,0.87037037037037,0.888888888888889,0.761904761904762,0.111111111111111,0.238095238095238,3.73333333333333,0.145833333333333
"2894",0.766666666666667,0.354992522384806,0.533333333333333,0.872,0.8,0.76,0.2,0.24,3.33333333333333,0.263157894736842
"2895",0.7,0.469803673117379,0.64,0.79,0.8,0.65,0.2,0.35,2.28571428571429,0.307692307692308
"2896",0.666666666666667,0.34958069795513,0.545454545454545,0.913194444444444,1,0.583333333333333,0,0.416666666666667,2.4,0
"2897",0.833333333333333,0.379498503585979,0.8,0.863636363636364,0.909090909090909,0.789473684210526,0.0909090909090909,0.210526315789474,4.31818181818182,0.115151515151515
"2898",0.8,0.386421937042249,0.625,0.841269841269841,0.555555555555556,0.904761904761905,0.444444444444444,0.0952380952380952,5.83333333333333,0.491228070175439
"2899",0.833333333333333,0.395135344260415,0.736842105263158,0.865,0.7,0.9,0.3,0.1,7,0.333333333333333
"2900",0.833333333333333,0.412404865063937,0.761904761904762,0.889952153110048,0.727272727272727,0.894736842105263,0.272727272727273,0.105263157894737,6.90909090909091,0.304812834224599
"2901",0.8,0.418493646051807,0.571428571428571,0.701058201058201,0.444444444444444,0.952380952380952,0.555555555555556,0.0476190476190477,9.33333333333332,0.583333333333333
"2902",0.833333333333333,0.424446025979133,0.761904761904762,0.858796296296296,0.666666666666667,0.944444444444444,0.333333333333333,0.0555555555555556,12,0.352941176470588
"2903",0.866666666666667,0.380234631886277,0.833333333333333,0.884259259259259,0.833333333333333,0.888888888888889,0.166666666666667,0.111111111111111,7.5,0.1875
"2904",0.8,0.360071822415642,0.7,0.833333333333333,0.777777777777778,0.80952380952381,0.222222222222222,0.19047619047619,4.08333333333333,0.274509803921569
"2905",0.733333333333333,0.399277085086274,0.555555555555556,0.715909090909091,0.625,0.772727272727273,0.375,0.227272727272727,2.75,0.485294117647059
"2906",0.7,0.485714818236488,0.608695652173913,0.695767195767196,0.777777777777778,0.666666666666667,0.222222222222222,0.333333333333333,2.33333333333333,0.333333333333333
"2907",0.833333333333333,0.421997722943196,0.761904761904762,0.844907407407407,0.666666666666667,0.944444444444444,0.333333333333333,0.0555555555555556,12,0.352941176470588
"2908",0.766666666666667,0.390757519374375,0.695652173913043,0.835978835978836,0.888888888888889,0.714285714285714,0.111111111111111,0.285714285714286,3.11111111111111,0.155555555555556
"2909",0.766666666666667,0.434171840694386,0.666666666666667,0.837320574162679,0.636363636363636,0.842105263157895,0.363636363636364,0.157894736842105,4.03030303030303,0.431818181818182
"2910",0.766666666666667,0.429405289783636,0.533333333333333,0.8675,0.4,0.95,0.6,0.05,7.99999999999999,0.631578947368421
"2911",0.8,0.416616197367936,0.666666666666667,0.904306220095694,0.545454545454545,0.947368421052632,0.454545454545455,0.0526315789473685,10.3636363636364,0.47979797979798
"2912",0.8,0.405616800343019,0.666666666666667,0.8725,0.6,0.9,0.4,0.1,6,0.444444444444444
"2913",0.766666666666667,0.356471231621573,0.631578947368421,0.891304347826087,0.857142857142857,0.739130434782609,0.142857142857143,0.260869565217391,3.28571428571429,0.19327731092437
"2914",0.7,0.419443234739712,0.571428571428571,0.7875,0.6,0.75,0.4,0.25,2.4,0.533333333333333
"2915",0.8,0.377058840336693,0.75,0.902116402116402,1,0.714285714285714,0,0.285714285714286,3.5,0
"2916",0.9,0.35122791466015,0.842105263157895,0.915343915343915,0.888888888888889,0.904761904761905,0.111111111111111,0.0952380952380952,9.33333333333333,0.12280701754386
"2917",0.833333333333333,0.402459787854789,0.666666666666667,0.814814814814815,0.555555555555556,0.952380952380952,0.444444444444444,0.0476190476190477,11.6666666666667,0.466666666666667
"2918",0.733333333333333,0.446379856440407,0.5,0.741626794258373,0.363636363636364,0.947368421052632,0.636363636363636,0.0526315789473685,6.9090909090909,0.671717171717172
"2919",0.833333333333333,0.411406798502144,0.761904761904762,0.91866028708134,0.727272727272727,0.894736842105263,0.272727272727273,0.105263157894737,6.90909090909091,0.304812834224599
"2920",0.7,0.344380898579909,0.526315789473684,0.888,1,0.64,0,0.36,2.77777777777778,0
"2921",0.733333333333333,0.442299000093613,0.636363636363636,0.787037037037037,0.583333333333333,0.833333333333333,0.416666666666667,0.166666666666667,3.5,0.5
"2922",0.733333333333333,0.381335019174961,0.6,0.806818181818182,0.75,0.727272727272727,0.25,0.272727272727273,2.75,0.34375
"2923",0.666666666666667,0.486853875745352,0.583333333333333,0.642045454545454,0.875,0.590909090909091,0.125,0.409090909090909,2.13888888888889,0.211538461538462
"2924",0.8,0.358484344419411,0.727272727272727,0.883597883597884,0.888888888888889,0.761904761904762,0.111111111111111,0.238095238095238,3.73333333333333,0.145833333333333
"2925",0.766666666666667,0.423634983291309,0.695652173913043,0.800925925925926,0.666666666666667,0.833333333333333,0.333333333333333,0.166666666666667,4,0.4
"2926",0.8,0.364890165262488,0.625,0.875,0.833333333333333,0.791666666666667,0.166666666666667,0.208333333333333,4,0.210526315789474
"2927",0.833333333333333,0.402066979634836,0.705882352941177,0.9175,0.6,0.95,0.4,0.05,12,0.421052631578947
"2928",0.733333333333333,0.339255316469426,0.5,0.918269230769231,1,0.692307692307692,0,0.307692307692308,3.25,0
"2929",0.766666666666667,0.400294608730398,0.461538461538462,0.902116402116402,0.333333333333333,0.952380952380952,0.666666666666667,0.0476190476190477,6.99999999999999,0.7
"2930",0.766666666666667,0.392278407603495,0.631578947368421,0.8625,0.6,0.85,0.4,0.15,4,0.470588235294118
"2931",0.766666666666667,0.404585292560368,0.72,0.84841628959276,0.692307692307692,0.823529411764706,0.307692307692308,0.176470588235294,3.92307692307692,0.373626373626374
"2932",0.7,0.325911442571454,0.526315789473684,1,1,0.64,0,0.36,2.77777777777778,0
"2933",0.866666666666667,0.343541619525723,0.777777777777778,0.943181818181818,0.875,0.863636363636364,0.125,0.136363636363636,6.41666666666667,0.144736842105263
"2934",0.833333333333333,0.402528869713232,0.761904761904762,0.82010582010582,0.888888888888889,0.80952380952381,0.111111111111111,0.19047619047619,4.66666666666667,0.137254901960784
"2935",0.733333333333333,0.417133262119126,0.555555555555556,0.785,0.5,0.85,0.5,0.15,3.33333333333333,0.588235294117647
"2936",0.7,0.423112181125813,0.571428571428571,0.678977272727273,0.75,0.681818181818182,0.25,0.318181818181818,2.35714285714286,0.366666666666667
"2937",0.666666666666667,0.443195106074042,0.444444444444444,0.6875,0.4,0.8,0.6,0.2,2,0.75
"2938",0.833333333333333,0.385570022818908,0.705882352941177,0.784090909090909,0.75,0.863636363636364,0.25,0.136363636363636,5.5,0.289473684210526
"2939",0.8,0.370898734579948,0.666666666666667,0.803977272727273,0.75,0.818181818181818,0.25,0.181818181818182,4.125,0.305555555555556
"2940",0.866666666666667,0.397704929015895,0.833333333333333,0.91866028708134,0.909090909090909,0.842105263157895,0.0909090909090909,0.157894736842105,5.75757575757576,0.107954545454545
"2941",0.733333333333333,0.348183472981581,0.555555555555556,0.904,1,0.68,0,0.32,3.125,0
"2942",0.866666666666667,0.344869040674041,0.777777777777778,0.911931818181818,0.875,0.863636363636364,0.125,0.136363636363636,6.41666666666667,0.144736842105263
"2943",0.8,0.430966362242471,0.625,0.795,0.5,0.95,0.5,0.05,9.99999999999999,0.526315789473684
"2944",0.8,0.384940305022477,0.625,0.819444444444445,0.833333333333333,0.791666666666667,0.166666666666667,0.208333333333333,4,0.210526315789474
"2945",0.666666666666667,0.483281773177366,0.5,0.763888888888889,0.416666666666667,0.833333333333333,0.583333333333333,0.166666666666667,2.5,0.7
"2946",0.733333333333333,0.423310430292811,0.666666666666667,0.767195767195767,0.888888888888889,0.666666666666667,0.111111111111111,0.333333333333333,2.66666666666667,0.166666666666667
"2947",0.8,0.347776277940811,0.75,0.96031746031746,1,0.714285714285714,0,0.285714285714286,3.5,0
"2948",0.8,0.439679206901672,0.727272727272727,0.844907407407407,0.666666666666667,0.888888888888889,0.333333333333333,0.111111111111111,6,0.375
"2949",0.666666666666667,0.460898729958343,0.545454545454545,0.761574074074074,0.5,0.777777777777778,0.5,0.222222222222222,2.25,0.642857142857143
"2950",0.733333333333333,0.465089966386182,0.6,0.752840909090909,0.75,0.727272727272727,0.25,0.272727272727273,2.75,0.34375
"2951",0.833333333333333,0.363630204471974,0.814814814814815,0.909090909090909,1,0.736842105263158,0,0.263157894736842,3.8,0
"2952",0.8,0.384369328616668,0.7,0.888888888888889,0.777777777777778,0.80952380952381,0.222222222222222,0.19047619047619,4.08333333333333,0.274509803921569
"2953",0.766666666666667,0.412222699046474,0.695652173913043,0.868055555555556,0.666666666666667,0.833333333333333,0.333333333333333,0.166666666666667,4,0.4
"2954",0.8,0.349842106442459,0.7,0.925465838509317,1,0.739130434782609,0,0.260869565217391,3.83333333333333,0
"2955",0.833333333333333,0.399952332274504,0.761904761904762,0.944976076555024,0.727272727272727,0.894736842105263,0.272727272727273,0.105263157894737,6.90909090909091,0.304812834224599
"2956",0.7,0.376375897027631,0.526315789473684,0.789772727272727,0.625,0.727272727272727,0.375,0.272727272727273,2.29166666666667,0.515625
"2957",0.833333333333333,0.386288045783642,0.782608695652174,0.873015873015873,1,0.761904761904762,0,0.238095238095238,4.2,0
"2958",0.8,0.385897079710002,0.75,0.862433862433862,1,0.714285714285714,0,0.285714285714286,3.5,0
"2959",0.7,0.442669270631842,0.571428571428571,0.850694444444444,1,0.625,0,0.375,2.66666666666667,0
"2960",0.666666666666667,0.46203720369912,0.5,0.741626794258373,0.454545454545455,0.789473684210526,0.545454545454545,0.210526315789474,2.15909090909091,0.690909090909091
"2961",0.7,0.448579260830618,0.608695652173913,0.761904761904762,0.777777777777778,0.666666666666667,0.222222222222222,0.333333333333333,2.33333333333333,0.333333333333333
"2962",0.666666666666667,0.481646651110314,0.615384615384615,0.688995215311005,0.727272727272727,0.631578947368421,0.272727272727273,0.368421052631579,1.97402597402597,0.431818181818182
"2963",0.766666666666667,0.397006875181503,0.72,0.8275,0.9,0.7,0.1,0.3,3,0.142857142857143
"2964",0.8,0.399402468854755,0.7,0.8625,0.7,0.85,0.3,0.15,4.66666666666667,0.352941176470588
"2965",0.733333333333333,0.440427067249171,0.6,0.789473684210526,0.545454545454545,0.842105263157895,0.454545454545455,0.157894736842105,3.45454545454545,0.539772727272727
"2966",0.866666666666667,0.362499309281522,0.8,0.902116402116402,0.888888888888889,0.857142857142857,0.111111111111111,0.142857142857143,6.22222222222222,0.12962962962963
"2967",0.766666666666667,0.382592482405505,0.72,0.86,0.9,0.7,0.1,0.3,3,0.142857142857143
"2968",0.766666666666667,0.406627019978973,0.631578947368421,0.83,0.6,0.85,0.4,0.15,4,0.470588235294118
"2969",0.866666666666667,0.341840845379738,0.777777777777778,0.869318181818182,0.875,0.863636363636364,0.125,0.136363636363636,6.41666666666667,0.144736842105263
"2970",0.733333333333333,0.343448413755624,0.555555555555556,0.904,1,0.68,0,0.32,3.125,0
"2971",0.766666666666667,0.436660029204382,0.631578947368421,0.775568181818182,0.75,0.772727272727273,0.25,0.227272727272727,3.3,0.323529411764706
"2972",0.7,0.385939423444833,0.571428571428571,0.786931818181818,0.75,0.681818181818182,0.25,0.318181818181818,2.35714285714286,0.366666666666667
"2973",0.866666666666667,0.294806969618674,0.666666666666667,0.995192307692308,1,0.846153846153846,0,0.153846153846154,6.5,0
"2974",0.766666666666667,0.410563291825737,0.631578947368421,0.815789473684211,0.545454545454545,0.894736842105263,0.454545454545455,0.105263157894737,5.18181818181818,0.508021390374332
"2975",0.7,0.42081047503537,0.64,0.795,0.8,0.65,0.2,0.35,2.28571428571429,0.307692307692308
"2976",0.866666666666667,0.369975365425288,0.818181818181818,0.920634920634921,1,0.80952380952381,0,0.19047619047619,5.25,0
"2977",0.8,0.401279980739836,0.666666666666667,0.747159090909091,0.75,0.818181818181818,0.25,0.181818181818182,4.125,0.305555555555556
"2978",0.7,0.436062448942328,0.470588235294118,0.825,0.4,0.85,0.6,0.15,2.66666666666667,0.705882352941177
"2979",0.666666666666667,0.44694707968845,0.545454545454545,0.779904306220096,0.545454545454545,0.736842105263158,0.454545454545455,0.263157894736842,2.07272727272727,0.616883116883117
"2980",0.8,0.361539828721499,0.625,0.779503105590062,0.714285714285714,0.826086956521739,0.285714285714286,0.173913043478261,4.10714285714286,0.345864661654135
"2981",0.833333333333333,0.40412176064673,0.782608695652174,0.865,0.9,0.8,0.1,0.2,4.5,0.125
"2982",0.833333333333333,0.379824134005153,0.666666666666667,0.920634920634921,0.555555555555556,0.952380952380952,0.444444444444444,0.0476190476190477,11.6666666666667,0.466666666666667
"2983",0.8,0.394264618841163,0.7,0.916267942583732,0.636363636363636,0.894736842105263,0.363636363636364,0.105263157894737,6.04545454545455,0.406417112299465
"2984",0.733333333333333,0.396941985310501,0.555555555555556,0.775568181818182,0.625,0.772727272727273,0.375,0.227272727272727,2.75,0.485294117647059
"2985",0.666666666666667,0.487917616403263,0.583333333333333,0.698863636363636,0.875,0.590909090909091,0.125,0.409090909090909,2.13888888888889,0.211538461538462
"2986",0.9,0.362417620356514,0.857142857142857,0.9425,0.9,0.9,0.1,0.1,9,0.111111111111111
"2987",0.766666666666667,0.338036623457851,0.631578947368421,0.919254658385093,0.857142857142857,0.739130434782609,0.142857142857143,0.260869565217391,3.28571428571429,0.19327731092437
"2988",0.666666666666667,0.447809925865369,0.615384615384615,0.834841628959276,0.615384615384615,0.705882352941177,0.384615384615385,0.294117647058823,2.09230769230769,0.544871794871795
"2989",0.8,0.373639913486446,0.666666666666667,0.813664596273292,0.857142857142857,0.782608695652174,0.142857142857143,0.217391304347826,3.94285714285714,0.182539682539683
"2990",0.566666666666667,0.527823178489276,0.434782608695652,0.636574074074074,0.416666666666667,0.666666666666667,0.583333333333333,0.333333333333333,1.25,0.875
"2991",0.733333333333333,0.356506213872154,0.555555555555556,0.836805555555556,0.833333333333333,0.708333333333333,0.166666666666667,0.291666666666667,2.85714285714286,0.235294117647059
"2992",0.766666666666667,0.368144307942309,0.72,0.891534391534392,1,0.666666666666667,0,0.333333333333333,3,0
"2993",0.766666666666667,0.34782849950497,0.666666666666667,0.931818181818182,0.875,0.727272727272727,0.125,0.272727272727273,3.20833333333333,0.171875
"2994",0.733333333333333,0.377185556247815,0.6,0.801242236024845,0.857142857142857,0.695652173913043,0.142857142857143,0.304347826086957,2.81632653061224,0.205357142857143
"2995",0.866666666666667,0.366399395204374,0.714285714285714,0.939153439153439,0.555555555555556,1,0.444444444444444,0,Inf,0.444444444444444
"2996",0.8,0.414505908065593,0.666666666666667,0.854066985645933,0.545454545454545,0.947368421052632,0.454545454545455,0.0526315789473685,10.3636363636364,0.47979797979798
"2997",0.766666666666667,0.393119420243228,0.666666666666667,0.815340909090909,0.875,0.727272727272727,0.125,0.272727272727273,3.20833333333333,0.171875
"2998",0.9,0.366339083381823,0.823529411764706,0.843915343915344,0.777777777777778,0.952380952380952,0.222222222222222,0.0476190476190477,16.3333333333333,0.233333333333333
"2999",0.8,0.367037320354395,0.7,0.903409090909091,0.875,0.772727272727273,0.125,0.227272727272727,3.85,0.161764705882353
"3000",0.833333333333333,0.353265764601425,0.545454545454545,0.688,0.6,0.88,0.4,0.12,5,0.454545454545455
"3001",0.833333333333333,0.38604002202575,0.814814814814815,0.856481481481481,0.916666666666667,0.777777777777778,0.0833333333333334,0.222222222222222,4.125,0.107142857142857
"3002",0.833333333333333,0.34053195479165,0.736842105263158,0.91304347826087,1,0.782608695652174,0,0.217391304347826,4.6,0
"3003",0.866666666666667,0.383641020751795,0.777777777777778,0.860795454545455,0.875,0.863636363636364,0.125,0.136363636363636,6.41666666666667,0.144736842105263
"3004",0.666666666666667,0.491184715712969,0.583333333333333,0.819196428571429,0.5,0.8125,0.5,0.1875,2.66666666666667,0.615384615384615
"3005",0.833333333333333,0.384934779578051,0.705882352941177,0.758522727272727,0.75,0.863636363636364,0.25,0.136363636363636,5.5,0.289473684210526
"3006",0.7,0.360273277805915,0.571428571428571,0.869565217391304,0.857142857142857,0.652173913043478,0.142857142857143,0.347826086956522,2.46428571428571,0.219047619047619
"3007",0.633333333333333,0.450611911255994,0.521739130434783,0.741626794258373,0.545454545454545,0.684210526315789,0.454545454545455,0.315789473684211,1.72727272727273,0.664335664335664
"3008",0.833333333333333,0.366449585565296,0.761904761904762,0.894179894179894,0.888888888888889,0.80952380952381,0.111111111111111,0.19047619047619,4.66666666666667,0.137254901960784
"3009",0.8,0.363901301155624,0.666666666666667,0.888198757763975,0.857142857142857,0.782608695652174,0.142857142857143,0.217391304347826,3.94285714285714,0.182539682539683
"3010",0.7,0.462641955408776,0.571428571428571,0.805555555555556,0.5,0.833333333333333,0.5,0.166666666666667,3,0.6
"3011",0.833333333333333,0.365127323147962,0.736842105263158,0.891304347826087,1,0.782608695652174,0,0.217391304347826,4.6,0
"3012",0.8,0.363053991377464,0.625,0.84472049689441,0.714285714285714,0.826086956521739,0.285714285714286,0.173913043478261,4.10714285714286,0.345864661654135
"3013",0.866666666666667,0.371892790698456,0.8,0.940340909090909,1,0.818181818181818,0,0.181818181818182,5.5,0
"3014",0.833333333333333,0.331951009847525,0.705882352941177,0.914772727272727,0.75,0.863636363636364,0.25,0.136363636363636,5.5,0.289473684210526
"3015",0.833333333333333,0.452083374642642,0.761904761904762,0.8125,0.666666666666667,0.944444444444444,0.333333333333333,0.0555555555555556,12,0.352941176470588
"3016",0.9,0.35610337964717,0.842105263157895,0.96031746031746,0.888888888888889,0.904761904761905,0.111111111111111,0.0952380952380952,9.33333333333333,0.12280701754386
"3017",0.766666666666667,0.432814224437147,0.695652173913043,0.84841628959276,0.615384615384615,0.882352941176471,0.384615384615385,0.117647058823529,5.23076923076923,0.435897435897436
"3018",0.766666666666667,0.380507260680135,0.631578947368421,0.880681818181818,0.75,0.772727272727273,0.25,0.227272727272727,3.3,0.323529411764706
"3019",0.833333333333333,0.364454228446009,0.736842105263158,0.909090909090909,0.875,0.818181818181818,0.125,0.181818181818182,4.8125,0.152777777777778
"3020",0.666666666666667,0.460527065470397,0.583333333333333,0.791855203619909,0.538461538461538,0.764705882352941,0.461538461538462,0.235294117647059,2.28846153846154,0.603550295857988
"3021",0.833333333333333,0.391319486067208,0.736842105263158,0.942583732057416,0.636363636363636,0.947368421052632,0.363636363636364,0.0526315789473685,12.0909090909091,0.383838383838384
"3022",0.733333333333333,0.353870517339703,0.6,0.91304347826087,0.857142857142857,0.695652173913043,0.142857142857143,0.304347826086957,2.81632653061224,0.205357142857143
"3023",0.766666666666667,0.386930314688665,0.631578947368421,0.812169312169312,0.666666666666667,0.80952380952381,0.333333333333333,0.19047619047619,3.5,0.411764705882353
"3024",0.8,0.432055894773248,0.727272727272727,0.858796296296296,0.666666666666667,0.888888888888889,0.333333333333333,0.111111111111111,6,0.375
"3025",0.833333333333333,0.359837182593126,0.736842105263158,0.857954545454545,0.875,0.818181818181818,0.125,0.181818181818182,4.8125,0.152777777777778
"3026",0.766666666666667,0.392696603594669,0.695652173913043,0.8175,0.8,0.75,0.2,0.25,3.2,0.266666666666667
"3027",0.733333333333333,0.412058421283353,0.5,0.817460317460317,0.444444444444444,0.857142857142857,0.555555555555556,0.142857142857143,3.11111111111111,0.648148148148148
"3028",0.8,0.37749458866227,0.727272727272727,0.9025,0.8,0.8,0.2,0.2,4,0.25
"3029",0.833333333333333,0.366592357540544,0.736842105263158,0.897727272727273,0.875,0.818181818181818,0.125,0.181818181818182,4.8125,0.152777777777778
"3030",0.866666666666667,0.362623167674283,0.777777777777778,0.957386363636364,0.875,0.863636363636364,0.125,0.136363636363636,6.41666666666667,0.144736842105263
"3031",0.766666666666667,0.387602923666423,0.588235294117647,0.821022727272727,0.625,0.818181818181818,0.375,0.181818181818182,3.4375,0.458333333333333
"3032",0.833333333333333,0.350528097989509,0.761904761904762,0.911931818181818,1,0.772727272727273,0,0.227272727272727,4.4,0
"3033",0.8,0.370326014418704,0.666666666666667,0.892361111111111,1,0.75,0,0.25,4,0
"3034",0.8,0.375485849200348,0.75,0.904761904761905,1,0.714285714285714,0,0.285714285714286,3.5,0
"3035",0.833333333333333,0.410455679053226,0.782608695652174,0.843915343915344,1,0.761904761904762,0,0.238095238095238,4.2,0
"3036",0.8,0.369468121780159,0.727272727272727,0.854497354497354,0.888888888888889,0.761904761904762,0.111111111111111,0.238095238095238,3.73333333333333,0.145833333333333
"3037",0.8,0.426960862817862,0.7,0.782296650717703,0.636363636363636,0.894736842105263,0.363636363636364,0.105263157894737,6.04545454545455,0.406417112299465
"3038",0.833333333333333,0.358311150263579,0.782608695652174,0.944444444444444,1,0.761904761904762,0,0.238095238095238,4.2,0
"3039",0.8,0.356251524387289,0.666666666666667,0.885093167701863,0.857142857142857,0.782608695652174,0.142857142857143,0.217391304347826,3.94285714285714,0.182539682539683
"3040",0.833333333333333,0.358794466352115,0.782608695652174,0.955,0.9,0.8,0.1,0.2,4.5,0.125
"3041",0.8,0.380559778800275,0.727272727272727,0.830687830687831,0.888888888888889,0.761904761904762,0.111111111111111,0.238095238095238,3.73333333333333,0.145833333333333
"3042",0.7,0.438698366366996,0.666666666666667,0.784688995215311,0.818181818181818,0.631578947368421,0.181818181818182,0.368421052631579,2.22077922077922,0.287878787878788
"3043",0.766666666666667,0.41079518115803,0.631578947368421,0.792613636363636,0.75,0.772727272727273,0.25,0.227272727272727,3.3,0.323529411764706
"3044",0.8,0.408970629697565,0.666666666666667,0.84,0.6,0.9,0.4,0.1,6,0.444444444444444
"3045",0.7,0.455607992302758,0.666666666666667,0.841517857142857,0.642857142857143,0.75,0.357142857142857,0.25,2.57142857142857,0.476190476190476
"3046",0.733333333333333,0.396842571895835,0.636363636363636,0.812169312169312,0.777777777777778,0.714285714285714,0.222222222222222,0.285714285714286,2.72222222222222,0.311111111111111
"3047",0.766666666666667,0.400459387999785,0.695652173913043,0.818181818181818,1,0.681818181818182,0,0.318181818181818,3.14285714285714,0
"3048",0.8,0.393971064098478,0.75,0.8375,0.9,0.75,0.1,0.25,3.6,0.133333333333333
"3049",0.733333333333333,0.464660141074359,0.666666666666667,0.843891402714932,0.615384615384615,0.823529411764706,0.384615384615385,0.176470588235294,3.48717948717949,0.467032967032967
"3050",0.833333333333333,0.383898360913093,0.761904761904762,0.872159090909091,1,0.772727272727273,0,0.227272727272727,4.4,0
"3051",0.8,0.431232988494533,0.769230769230769,0.784688995215311,0.909090909090909,0.736842105263158,0.0909090909090909,0.263157894736842,3.45454545454545,0.123376623376623
"3052",0.7,0.369392212181455,0.4,0.778846153846154,0.75,0.692307692307692,0.25,0.307692307692308,2.4375,0.361111111111111
"3053",0.766666666666667,0.354439735065251,0.666666666666667,0.846590909090909,0.875,0.727272727272727,0.125,0.272727272727273,3.20833333333333,0.171875
"3054",0.8,0.351606195877196,0.7,0.93167701863354,1,0.739130434782609,0,0.260869565217391,3.83333333333333,0
"3055",0.833333333333333,0.345955979291432,0.736842105263158,0.875,0.875,0.818181818181818,0.125,0.181818181818182,4.8125,0.152777777777778
"3056",0.8,0.418782555861574,0.727272727272727,0.854066985645933,0.727272727272727,0.842105263157895,0.272727272727273,0.157894736842105,4.6060606060606,0.323863636363636
"3057",0.7,0.466409175607011,0.571428571428571,0.83710407239819,0.461538461538462,0.882352941176471,0.538461538461538,0.117647058823529,3.92307692307692,0.61025641025641
"3058",0.833333333333333,0.37274073411311,0.761904761904762,0.854497354497354,0.888888888888889,0.80952380952381,0.111111111111111,0.19047619047619,4.66666666666667,0.137254901960784
"3059",0.766666666666667,0.373016321534815,0.631578947368421,0.813664596273292,0.857142857142857,0.739130434782609,0.142857142857143,0.260869565217391,3.28571428571429,0.19327731092437
"3060",0.766666666666667,0.315523370419304,0.461538461538462,0.969135802469136,1,0.740740740740741,0,0.259259259259259,3.85714285714286,0
"3061",0.666666666666667,0.41514363892922,0.583333333333333,0.743386243386243,0.777777777777778,0.619047619047619,0.222222222222222,0.380952380952381,2.04166666666667,0.358974358974359
"3062",0.633333333333333,0.503891817296789,0.56,0.6475,0.7,0.6,0.3,0.4,1.75,0.5
"3063",0.766666666666667,0.3732287553675,0.631578947368421,0.816770186335404,0.857142857142857,0.739130434782609,0.142857142857143,0.260869565217391,3.28571428571429,0.19327731092437
"3064",0.833333333333333,0.35740819020936,0.705882352941177,0.892361111111111,1,0.791666666666667,0,0.208333333333333,4.8,0
"3065",0.766666666666667,0.405071307441994,0.533333333333333,0.740740740740741,0.444444444444444,0.904761904761905,0.555555555555556,0.0952380952380952,4.66666666666667,0.614035087719298
"3066",0.766666666666667,0.383534353812672,0.666666666666667,0.815340909090909,0.875,0.727272727272727,0.125,0.272727272727273,3.20833333333333,0.171875
"3067",0.833333333333333,0.357831332080969,0.736842105263158,0.906832298136646,1,0.782608695652174,0,0.217391304347826,4.6,0
"3068",0.733333333333333,0.432019543339805,0.5,0.73,0.4,0.9,0.6,0.1,4,0.666666666666667
"3069",0.733333333333333,0.433111610975491,0.636363636363636,0.80622009569378,0.636363636363636,0.789473684210526,0.363636363636364,0.210526315789474,3.02272727272727,0.460606060606061
"3070",0.7,0.463622016240798,0.526315789473684,0.834928229665072,0.454545454545455,0.842105263157895,0.545454545454545,0.157894736842105,2.87878787878788,0.647727272727273
"3071",0.7,0.455619516713503,0.526315789473684,0.777777777777778,0.416666666666667,0.888888888888889,0.583333333333333,0.111111111111111,3.75,0.65625
"3072",0.733333333333333,0.346716692074259,0.428571428571429,0.783653846153846,0.75,0.730769230769231,0.25,0.269230769230769,2.78571428571429,0.342105263157895
"3073",0.766666666666667,0.352430159425839,0.666666666666667,0.909090909090909,0.875,0.727272727272727,0.125,0.272727272727273,3.20833333333333,0.171875
"3074",0.8,0.328936688703406,0.625,0.936,1,0.76,0,0.24,4.16666666666667,0
"3075",0.666666666666667,0.445464519147894,0.444444444444444,0.690972222222222,0.666666666666667,0.666666666666667,0.333333333333333,0.333333333333333,2,0.5
"3076",0.733333333333333,0.383833348850377,0.636363636363636,0.818181818181818,0.875,0.681818181818182,0.125,0.318181818181818,2.75,0.183333333333333
"3077",0.8,0.379668153512575,0.7,0.860248447204969,1,0.739130434782609,0,0.260869565217391,3.83333333333333,0
"3078",0.733333333333333,0.401066746703268,0.733333333333333,0.851674641148325,1,0.578947368421053,0,0.421052631578947,2.375,0
"3079",0.9,0.381754010062962,0.857142857142857,0.912698412698413,1,0.857142857142857,0,0.142857142857143,7,0
"3080",0.833333333333333,0.343357256249703,0.782608695652174,0.912698412698413,1,0.761904761904762,0,0.238095238095238,4.2,0
"3081",0.766666666666667,0.349913009469215,0.666666666666667,0.909090909090909,0.875,0.727272727272727,0.125,0.272727272727273,3.20833333333333,0.171875
"3082",0.733333333333333,0.35773862455995,0.6,0.872159090909091,0.75,0.727272727272727,0.25,0.272727272727273,2.75,0.34375
"3083",0.7,0.444725090912256,0.571428571428571,0.854166666666667,0.5,0.833333333333333,0.5,0.166666666666667,3,0.6
"3084",0.733333333333333,0.408149516018209,0.428571428571429,0.677083333333333,0.5,0.791666666666667,0.5,0.208333333333333,2.4,0.631578947368421
"3085",0.8,0.395589513406459,0.666666666666667,0.915,0.6,0.9,0.4,0.1,6,0.444444444444444
"3086",0.633333333333333,0.491354029246716,0.421052631578947,0.68,0.4,0.75,0.6,0.25,1.6,0.8
"3087",0.766666666666667,0.393903682855601,0.695652173913043,0.78,0.8,0.75,0.2,0.25,3.2,0.266666666666667
"3088",0.766666666666667,0.444892881154461,0.666666666666667,0.798611111111111,0.583333333333333,0.888888888888889,0.416666666666667,0.111111111111111,5.25,0.46875
"3089",0.733333333333333,0.400105593727673,0.6,0.752840909090909,0.75,0.727272727272727,0.25,0.272727272727273,2.75,0.34375
"3090",0.666666666666667,0.475729094379246,0.5,0.729665071770335,0.454545454545455,0.789473684210526,0.545454545454545,0.210526315789474,2.15909090909091,0.690909090909091
"3091",0.733333333333333,0.359584655292618,0.636363636363636,0.920454545454545,0.875,0.681818181818182,0.125,0.318181818181818,2.75,0.183333333333333
"3092",0.733333333333333,0.437088677929857,0.6,0.803827751196172,0.545454545454545,0.842105263157895,0.454545454545455,0.157894736842105,3.45454545454545,0.539772727272727
"3093",0.8,0.440634526722091,0.769230769230769,0.782296650717703,0.909090909090909,0.736842105263158,0.0909090909090909,0.263157894736842,3.45454545454545,0.123376623376623
"3094",0.766666666666667,0.41485491049865,0.533333333333333,0.833333333333333,0.444444444444444,0.904761904761905,0.555555555555556,0.0952380952380952,4.66666666666667,0.614035087719298
"3095",0.733333333333333,0.369163826227692,0.6,0.815340909090909,0.75,0.727272727272727,0.25,0.272727272727273,2.75,0.34375
"3096",0.766666666666667,0.415029687173921,0.631578947368421,0.8125,0.75,0.772727272727273,0.25,0.227272727272727,3.3,0.323529411764706
"3097",0.766666666666667,0.4195492611247,0.740740740740741,0.789473684210526,0.909090909090909,0.684210526315789,0.0909090909090909,0.315789473684211,2.87878787878788,0.132867132867133
"3098",0.766666666666667,0.374249190075471,0.631578947368421,0.84375,0.75,0.772727272727273,0.25,0.227272727272727,3.3,0.323529411764706
"3099",0.8,0.350114211963368,0.571428571428571,0.75,0.666666666666667,0.833333333333333,0.333333333333333,0.166666666666667,4,0.4
"3100",0.8,0.423607654913957,0.8,0.80787037037037,1,0.666666666666667,0,0.333333333333333,3,0
"3101",0.8,0.390257507279133,0.625,0.798941798941799,0.555555555555556,0.904761904761905,0.444444444444444,0.0952380952380952,5.83333333333333,0.491228070175439
"3102",0.766666666666667,0.378798653277642,0.72,0.899470899470899,1,0.666666666666667,0,0.333333333333333,3,0
"3103",0.766666666666667,0.427478351954508,0.72,0.889140271493213,0.692307692307692,0.823529411764706,0.307692307692308,0.176470588235294,3.92307692307692,0.373626373626374
"3104",0.733333333333333,0.416092520532718,0.555555555555556,0.8175,0.5,0.85,0.5,0.15,3.33333333333333,0.588235294117647
"3105",0.766666666666667,0.413138621401621,0.72,0.8075,0.9,0.7,0.1,0.3,3,0.142857142857143
"3106",0.766666666666667,0.385328288252749,0.666666666666667,0.835227272727273,0.875,0.727272727272727,0.125,0.272727272727273,3.20833333333333,0.171875
"3107",0.666666666666667,0.43284425195681,0.375,0.611111111111111,0.5,0.708333333333333,0.5,0.291666666666667,1.71428571428571,0.705882352941176
"3108",0.8,0.380274655381096,0.666666666666667,0.816770186335404,0.857142857142857,0.782608695652174,0.142857142857143,0.217391304347826,3.94285714285714,0.182539682539683
"3109",0.8,0.373140750696901,0.625,0.760869565217391,0.714285714285714,0.826086956521739,0.285714285714286,0.173913043478261,4.10714285714286,0.345864661654135
"3110",0.833333333333333,0.38607598779914,0.705882352941177,0.803977272727273,0.75,0.863636363636364,0.25,0.136363636363636,5.5,0.289473684210526
"3111",0.7,0.450970287129655,0.571428571428571,0.789351851851852,0.5,0.833333333333333,0.5,0.166666666666667,3,0.6
"3112",0.8,0.368322392576594,0.7,0.883597883597884,0.777777777777778,0.80952380952381,0.222222222222222,0.19047619047619,4.08333333333333,0.274509803921569
"3113",0.733333333333333,0.420667578858664,0.6,0.758522727272727,0.75,0.727272727272727,0.25,0.272727272727273,2.75,0.34375
"3114",0.833333333333333,0.38481396528285,0.736842105263158,0.9125,0.7,0.9,0.3,0.1,7,0.333333333333333
"3115",0.8,0.42243566698315,0.625,0.795,0.5,0.95,0.5,0.05,9.99999999999999,0.526315789473684
"3116",0.833333333333333,0.350366492660604,0.615384615384615,0.82,0.8,0.84,0.2,0.16,5,0.238095238095238
"3117",0.666666666666667,0.469858657626546,0.583333333333333,0.773755656108597,0.538461538461538,0.764705882352941,0.461538461538462,0.235294117647059,2.28846153846154,0.603550295857988
"3118",0.8,0.345698397141169,0.625,0.864583333333333,0.833333333333333,0.791666666666667,0.166666666666667,0.208333333333333,4,0.210526315789474
"3119",0.8,0.378391214075727,0.666666666666667,0.9175,0.6,0.9,0.4,0.1,6,0.444444444444444
"3120",0.8,0.392381667438579,0.727272727272727,0.857142857142857,0.888888888888889,0.761904761904762,0.111111111111111,0.238095238095238,3.73333333333333,0.145833333333333
"3121",0.8,0.393001910619453,0.727272727272727,0.830687830687831,0.888888888888889,0.761904761904762,0.111111111111111,0.238095238095238,3.73333333333333,0.145833333333333
"3122",0.633333333333333,0.387846032110594,0.521739130434783,0.809659090909091,0.75,0.590909090909091,0.25,0.409090909090909,1.83333333333333,0.423076923076923
"3123",0.666666666666667,0.437610217228916,0.583333333333333,0.753968253968254,0.777777777777778,0.619047619047619,0.222222222222222,0.380952380952381,2.04166666666667,0.358974358974359
"3124",0.866666666666667,0.356881026386489,0.8,0.925925925925926,0.888888888888889,0.857142857142857,0.111111111111111,0.142857142857143,6.22222222222222,0.12962962962963
"3125",0.866666666666667,0.385817211985455,0.8,0.873205741626794,0.727272727272727,0.947368421052632,0.272727272727273,0.0526315789473685,13.8181818181818,0.287878787878788
"3126",0.833333333333333,0.395598518890664,0.705882352941177,0.9625,0.6,0.95,0.4,0.05,12,0.421052631578947
"3127",0.7,0.490793026668088,0.64,0.819196428571429,0.571428571428571,0.8125,0.428571428571429,0.1875,3.04761904761905,0.527472527472527
"3128",0.733333333333333,0.42364066282562,0.692307692307692,0.81,0.9,0.65,0.1,0.35,2.57142857142857,0.153846153846154
"3129",0.766666666666667,0.379348027823573,0.666666666666667,0.825396825396825,0.777777777777778,0.761904761904762,0.222222222222222,0.238095238095238,3.26666666666667,0.291666666666667
"3130",0.866666666666667,0.360540765385528,0.818181818181818,0.941798941798942,1,0.80952380952381,0,0.19047619047619,5.25,0
"3131",0.566666666666667,0.400839946631059,0.380952380952381,0.711805555555556,0.666666666666667,0.541666666666667,0.333333333333333,0.458333333333333,1.45454545454545,0.615384615384616
"3132",0.733333333333333,0.418645086106795,0.5,0.833333333333333,0.444444444444444,0.857142857142857,0.555555555555556,0.142857142857143,3.11111111111111,0.648148148148148
"3133",0.833333333333333,0.310425629447052,0.705882352941177,0.975694444444444,1,0.791666666666667,0,0.208333333333333,4.8,0
"3134",0.766666666666667,0.392866591302558,0.666666666666667,0.798295454545455,0.875,0.727272727272727,0.125,0.272727272727273,3.20833333333333,0.171875
"3135",0.8,0.425650823165456,0.727272727272727,0.865740740740741,0.666666666666667,0.888888888888889,0.333333333333333,0.111111111111111,6,0.375
"3136",0.833333333333333,0.331281357488241,0.761904761904762,0.974431818181818,1,0.772727272727273,0,0.227272727272727,4.4,0
"3137",0.7,0.450400011015391,0.64,0.717592592592593,0.666666666666667,0.722222222222222,0.333333333333333,0.277777777777778,2.4,0.461538461538462
"3138",0.666666666666667,0.445392047996738,0.375,0.687830687830688,0.333333333333333,0.80952380952381,0.666666666666667,0.19047619047619,1.75,0.823529411764706
"3139",0.766666666666667,0.37207332223207,0.631578947368421,0.819875776397516,0.857142857142857,0.739130434782609,0.142857142857143,0.260869565217391,3.28571428571429,0.19327731092437
"3140",0.733333333333333,0.420067827709696,0.428571428571429,0.738095238095238,0.333333333333333,0.904761904761905,0.666666666666667,0.0952380952380952,3.5,0.736842105263158
"3141",0.766666666666667,0.402552147471857,0.695652173913043,0.838624338624339,0.888888888888889,0.714285714285714,0.111111111111111,0.285714285714286,3.11111111111111,0.155555555555556
"3142",0.766666666666667,0.374126250679767,0.631578947368421,0.849431818181818,0.75,0.772727272727273,0.25,0.227272727272727,3.3,0.323529411764706
"3143",0.733333333333333,0.431727147011144,0.555555555555556,0.849282296650718,0.454545454545455,0.894736842105263,0.545454545454545,0.105263157894737,4.31818181818182,0.609625668449198
"3144",0.8,0.377355087434649,0.75,0.9375,0.9,0.75,0.1,0.25,3.6,0.133333333333333
"3145",0.766666666666667,0.367578982288715,0.666666666666667,0.869318181818182,0.875,0.727272727272727,0.125,0.272727272727273,3.20833333333333,0.171875
"3146",0.766666666666667,0.391638424998336,0.666666666666667,0.818181818181818,0.875,0.727272727272727,0.125,0.272727272727273,3.20833333333333,0.171875
"3147",0.666666666666667,0.401399418507704,0.545454545454545,0.778409090909091,0.75,0.636363636363636,0.25,0.363636363636364,2.0625,0.392857142857143
"3148",0.833333333333333,0.390345020494965,0.761904761904762,0.9025,0.8,0.85,0.2,0.15,5.33333333333333,0.235294117647059
"3149",0.7,0.434204811168362,0.571428571428571,0.782296650717703,0.545454545454545,0.789473684210526,0.454545454545455,0.210526315789474,2.59090909090909,0.575757575757576
"3150",0.8,0.440222843521613,0.727272727272727,0.73,0.8,0.8,0.2,0.2,4,0.25
"3151",0.766666666666667,0.422632350605207,0.588235294117647,0.735,0.5,0.9,0.5,0.1,5,0.555555555555556
"3152",0.766666666666667,0.410919021207912,0.631578947368421,0.7825,0.6,0.85,0.4,0.15,4,0.470588235294118
"3153",0.733333333333333,0.442305369098373,0.636363636363636,0.826388888888889,0.583333333333333,0.833333333333333,0.416666666666667,0.166666666666667,3.5,0.5
"3154",0.766666666666667,0.365658484687814,0.588235294117647,0.802083333333333,0.833333333333333,0.75,0.166666666666667,0.25,3.33333333333333,0.222222222222222
"3155",0.666666666666667,0.420992687943454,0.5,0.710227272727273,0.625,0.681818181818182,0.375,0.318181818181818,1.96428571428571,0.55
"3156",0.766666666666667,0.409888799801327,0.588235294117647,0.880382775119617,0.454545454545455,0.947368421052632,0.545454545454545,0.0526315789473685,8.63636363636363,0.575757575757576
"3157",0.8,0.395272632626353,0.7,0.8725,0.7,0.85,0.3,0.15,4.66666666666667,0.352941176470588
"3158",0.633333333333333,0.495395382408626,0.476190476190476,0.650568181818182,0.625,0.636363636363636,0.375,0.363636363636364,1.71875,0.589285714285714
"3159",0.866666666666667,0.399759395191683,0.818181818181818,0.944444444444444,0.75,0.944444444444444,0.25,0.0555555555555556,13.5,0.264705882352941
"3160",0.8,0.387134226223755,0.625,0.801242236024845,0.714285714285714,0.826086956521739,0.285714285714286,0.173913043478261,4.10714285714286,0.345864661654135
"3161",0.833333333333333,0.351274882802423,0.705882352941177,0.857142857142857,0.857142857142857,0.826086956521739,0.142857142857143,0.173913043478261,4.92857142857143,0.172932330827068
"3162",0.7,0.46024521218063,0.64,0.769230769230769,0.615384615384615,0.764705882352941,0.384615384615385,0.235294117647059,2.61538461538461,0.502958579881657
"3163",0.833333333333333,0.366906824116472,0.782608695652174,0.933862433862434,1,0.761904761904762,0,0.238095238095238,4.2,0
"3164",0.766666666666667,0.388664685416084,0.666666666666667,0.851851851851852,0.777777777777778,0.761904761904762,0.222222222222222,0.238095238095238,3.26666666666667,0.291666666666667
"3165",0.8,0.380099166868741,0.625,0.779503105590062,0.714285714285714,0.826086956521739,0.285714285714286,0.173913043478261,4.10714285714286,0.345864661654135
"3166",0.8,0.406144337136051,0.7,0.765,0.7,0.85,0.3,0.15,4.66666666666667,0.352941176470588
"3167",0.766666666666667,0.407048199941492,0.631578947368421,0.8375,0.6,0.85,0.4,0.15,4,0.470588235294118
"3168",0.9,0.394368146249816,0.842105263157895,0.91,0.8,0.95,0.2,0.05,16,0.210526315789474
"3169",0.8,0.467665290075984,0.75,0.851111111111111,0.6,1,0.4,0,Inf,0.4
"3170",0.833333333333333,0.412944224390289,0.736842105263158,0.870813397129187,0.636363636363636,0.947368421052632,0.363636363636364,0.0526315789473685,12.0909090909091,0.383838383838384
"3171",0.766666666666667,0.388919214790027,0.588235294117647,0.88,1,0.72,0,0.28,3.57142857142857,0
"3172",0.733333333333333,0.406872165120033,0.636363636363636,0.875598086124402,0.636363636363636,0.789473684210526,0.363636363636364,0.210526315789474,3.02272727272727,0.460606060606061
"3173",0.8,0.41546184563846,0.7,0.911483253588517,0.636363636363636,0.894736842105263,0.363636363636364,0.105263157894737,6.04545454545455,0.406417112299465
"3174",0.733333333333333,0.381150296576396,0.6,0.813664596273292,0.857142857142857,0.695652173913043,0.142857142857143,0.304347826086957,2.81632653061224,0.205357142857143
"3175",0.7,0.438322839869762,0.608695652173913,0.764550264550265,0.777777777777778,0.666666666666667,0.222222222222222,0.333333333333333,2.33333333333333,0.333333333333333
"3176",0.766666666666667,0.40125380299812,0.72,0.835,0.9,0.7,0.1,0.3,3,0.142857142857143
"3177",0.833333333333333,0.372486862416187,0.666666666666667,0.866459627329193,0.714285714285714,0.869565217391304,0.285714285714286,0.130434782608696,5.47619047619048,0.328571428571429
"3178",0.833333333333333,0.376955917866764,0.782608695652174,0.899470899470899,1,0.761904761904762,0,0.238095238095238,4.2,0
"3179",0.8,0.346142436277941,0.666666666666667,0.87888198757764,0.857142857142857,0.782608695652174,0.142857142857143,0.217391304347826,3.94285714285714,0.182539682539683
"3180",0.833333333333333,0.43242696224431,0.8,0.852678571428571,0.714285714285714,0.9375,0.285714285714286,0.0625,11.4285714285714,0.304761904761905
"3181",0.666666666666667,0.450236994043546,0.615384615384615,0.705741626794258,0.727272727272727,0.631578947368421,0.272727272727273,0.368421052631579,1.97402597402597,0.431818181818182
"3182",0.766666666666667,0.438043531168494,0.695652173913043,0.842592592592593,0.666666666666667,0.833333333333333,0.333333333333333,0.166666666666667,4,0.4
"3183",0.8,0.416405422292823,0.7,0.897129186602871,0.636363636363636,0.894736842105263,0.363636363636364,0.105263157894737,6.04545454545455,0.406417112299465
"3184",0.833333333333333,0.328275925031137,0.705882352941177,0.93167701863354,0.857142857142857,0.826086956521739,0.142857142857143,0.173913043478261,4.92857142857143,0.172932330827068
"3185",0.666666666666667,0.40434037675503,0.545454545454545,0.758522727272727,0.75,0.636363636363636,0.25,0.363636363636364,2.0625,0.392857142857143
"3186",0.8,0.414953472963311,0.666666666666667,0.842105263157895,0.545454545454545,0.947368421052632,0.454545454545455,0.0526315789473685,10.3636363636364,0.47979797979798
"3187",0.8,0.414392936033969,0.75,0.841269841269841,1,0.714285714285714,0,0.285714285714286,3.5,0
"3188",0.833333333333333,0.368240654258947,0.736842105263158,0.897727272727273,0.875,0.818181818181818,0.125,0.181818181818182,4.8125,0.152777777777778
"3189",0.8,0.399147282607948,0.727272727272727,0.817460317460317,0.888888888888889,0.761904761904762,0.111111111111111,0.238095238095238,3.73333333333333,0.145833333333333
"3190",0.766666666666667,0.366732211851721,0.72,0.917989417989418,1,0.666666666666667,0,0.333333333333333,3,0
"3191",0.8,0.372525554668923,0.75,0.85,0.9,0.75,0.1,0.25,3.6,0.133333333333333
"3192",0.766666666666667,0.377273251294683,0.631578947368421,0.809659090909091,0.75,0.772727272727273,0.25,0.227272727272727,3.3,0.323529411764706
"3193",0.8,0.377687703388094,0.75,0.855,0.9,0.75,0.1,0.25,3.6,0.133333333333333
"3194",0.833333333333333,0.364042620981058,0.782608695652174,0.931216931216931,1,0.761904761904762,0,0.238095238095238,4.2,0
"3195",0.8,0.350107991320707,0.727272727272727,0.939153439153439,0.888888888888889,0.761904761904762,0.111111111111111,0.238095238095238,3.73333333333333,0.145833333333333
"3196",0.8,0.398792411011815,0.625,0.814814814814815,0.555555555555556,0.904761904761905,0.444444444444444,0.0952380952380952,5.83333333333333,0.491228070175439
"3197",0.766666666666667,0.458911903625407,0.666666666666667,0.766203703703704,0.583333333333333,0.888888888888889,0.416666666666667,0.111111111111111,5.25,0.46875
"3198",0.766666666666667,0.465941609251737,0.695652173913043,0.81447963800905,0.615384615384615,0.882352941176471,0.384615384615385,0.117647058823529,5.23076923076923,0.435897435897436
"3199",0.8,0.354100417236704,0.727272727272727,0.900568181818182,1,0.727272727272727,0,0.272727272727273,3.66666666666667,0
"3200",0.866666666666667,0.355069487580823,0.8,0.943181818181818,1,0.818181818181818,0,0.181818181818182,5.5,0
"3201",0.733333333333333,0.408840645449003,0.555555555555556,0.8275,0.5,0.85,0.5,0.15,3.33333333333333,0.588235294117647
"3202",0.833333333333333,0.397603435768887,0.736842105263158,0.885,0.7,0.9,0.3,0.1,7,0.333333333333333
"3203",0.666666666666667,0.391857391338733,0.5,0.791925465838509,0.714285714285714,0.652173913043478,0.285714285714286,0.347826086956522,2.05357142857143,0.438095238095238
"3204",0.866666666666667,0.345717269086197,0.75,0.940972222222222,1,0.833333333333333,0,0.166666666666667,6,0
"3205",0.8,0.393146879731147,0.75,0.86,0.9,0.75,0.1,0.25,3.6,0.133333333333333
"3206",0.733333333333333,0.382988984909139,0.666666666666667,0.85,0.8,0.7,0.2,0.3,2.66666666666667,0.285714285714286
"3207",0.766666666666667,0.423829136011707,0.695652173913043,0.7875,0.8,0.75,0.2,0.25,3.2,0.266666666666667
"3208",0.8,0.387819362935649,0.7,0.860248447204969,1,0.739130434782609,0,0.260869565217391,3.83333333333333,0
"3209",0.7,0.338857192616198,0.526315789473684,0.916,1,0.64,0,0.36,2.77777777777778,0
"3210",0.766666666666667,0.427936883649568,0.740740740740741,0.801435406698565,0.909090909090909,0.684210526315789,0.0909090909090909,0.315789473684211,2.87878787878788,0.132867132867133
"3211",0.733333333333333,0.466629485952837,0.6,0.741477272727273,0.75,0.727272727272727,0.25,0.272727272727273,2.75,0.34375
"3212",0.733333333333333,0.403583130953874,0.636363636363636,0.806818181818182,0.875,0.681818181818182,0.125,0.318181818181818,2.75,0.183333333333333
"3213",0.766666666666667,0.398432347774748,0.666666666666667,0.8925,0.7,0.8,0.3,0.2,3.5,0.375
"3214",0.7,0.429278462024105,0.571428571428571,0.748803827751196,0.545454545454545,0.789473684210526,0.454545454545455,0.210526315789474,2.59090909090909,0.575757575757576
"3215",0.733333333333333,0.445580298821955,0.692307692307692,0.814732142857143,0.642857142857143,0.8125,0.357142857142857,0.1875,3.42857142857143,0.439560439560439
"3216",0.766666666666667,0.377641501391566,0.533333333333333,0.822981366459627,0.571428571428571,0.826086956521739,0.428571428571429,0.173913043478261,3.28571428571429,0.518796992481203
"3217",0.733333333333333,0.457891092561041,0.636363636363636,0.964285714285714,0.5,0.9375,0.5,0.0625,8,0.533333333333333
"3218",0.8,0.402066971236522,0.666666666666667,0.8325,0.6,0.9,0.4,0.1,6,0.444444444444444
"3219",0.833333333333333,0.370116385436113,0.761904761904762,0.888888888888889,0.888888888888889,0.80952380952381,0.111111111111111,0.19047619047619,4.66666666666667,0.137254901960784
"3220",0.833333333333333,0.339027404900573,0.666666666666667,0.916,1,0.8,0,0.2,5,0
"3221",0.733333333333333,0.405205582088987,0.666666666666667,0.827751196172249,0.727272727272727,0.736842105263158,0.272727272727273,0.263157894736842,2.76363636363636,0.37012987012987
"3222",0.733333333333333,0.397811014630455,0.6,0.755681818181818,0.75,0.727272727272727,0.25,0.272727272727273,2.75,0.34375
"3223",0.866666666666667,0.360756936275155,0.777777777777778,0.920454545454545,0.875,0.863636363636364,0.125,0.136363636363636,6.41666666666667,0.144736842105263
"3224",0.833333333333333,0.435756664865627,0.705882352941177,0.820574162679426,0.545454545454545,1,0.454545454545455,0,Inf,0.454545454545455
"3225",0.666666666666667,0.439418248254851,0.444444444444444,0.803827751196172,0.363636363636364,0.842105263157895,0.636363636363636,0.157894736842105,2.3030303030303,0.755681818181818
"3226",0.766666666666667,0.450966909003583,0.666666666666667,0.880090497737557,0.538461538461538,0.941176470588235,0.461538461538462,0.0588235294117647,9.15384615384615,0.490384615384615
"3227",0.833333333333333,0.333723332425312,0.705882352941177,0.923295454545454,0.75,0.863636363636364,0.25,0.136363636363636,5.5,0.289473684210526
"3228",0.833333333333333,0.345960949355377,0.782608695652174,0.939153439153439,1,0.761904761904762,0,0.238095238095238,4.2,0
"3229",0.733333333333333,0.431797863678436,0.6,0.844907407407407,0.5,0.888888888888889,0.5,0.111111111111111,4.5,0.5625
"3230",0.8,0.391632235231425,0.75,0.86,0.9,0.75,0.1,0.25,3.6,0.133333333333333
"3231",0.766666666666667,0.398940186143171,0.666666666666667,0.84472049689441,1,0.695652173913043,0,0.304347826086957,3.28571428571429,0
"3232",0.733333333333333,0.45739675080168,0.6,0.713068181818182,0.75,0.727272727272727,0.25,0.272727272727273,2.75,0.34375
"3233",0.733333333333333,0.414536880578066,0.714285714285714,0.80622009569378,0.909090909090909,0.631578947368421,0.0909090909090909,0.368421052631579,2.46753246753247,0.143939393939394
"3234",0.8,0.389987469910843,0.7,0.849431818181818,0.875,0.772727272727273,0.125,0.227272727272727,3.85,0.161764705882353
"3235",0.766666666666667,0.452748187471075,0.695652173913043,0.8025,0.8,0.75,0.2,0.25,3.2,0.266666666666667
"3236",0.766666666666667,0.361640822149549,0.666666666666667,0.883522727272727,0.875,0.727272727272727,0.125,0.272727272727273,3.20833333333333,0.171875
"3237",0.833333333333333,0.384579395009989,0.705882352941177,0.803977272727273,0.75,0.863636363636364,0.25,0.136363636363636,5.5,0.289473684210526
"3238",0.8,0.363569055250039,0.666666666666667,0.784090909090909,0.75,0.818181818181818,0.25,0.181818181818182,4.125,0.305555555555556
"3239",0.833333333333333,0.343340030351825,0.782608695652174,0.9125,0.9,0.8,0.1,0.2,4.5,0.125
"3240",0.766666666666667,0.425614224173567,0.631578947368421,0.727272727272727,0.75,0.772727272727273,0.25,0.227272727272727,3.3,0.323529411764706
"3241",0.833333333333333,0.373693486302714,0.761904761904762,0.82010582010582,0.888888888888889,0.80952380952381,0.111111111111111,0.19047619047619,4.66666666666667,0.137254901960784
"3242",0.866666666666667,0.339026536867466,0.818181818181818,0.994708994708995,1,0.80952380952381,0,0.19047619047619,5.25,0
"3243",0.8,0.385364207430927,0.75,0.882775119617225,0.818181818181818,0.789473684210526,0.181818181818182,0.210526315789474,3.88636363636364,0.23030303030303
"3244",0.733333333333333,0.421768038171219,0.666666666666667,0.825396825396825,0.888888888888889,0.666666666666667,0.111111111111111,0.333333333333333,2.66666666666667,0.166666666666667
"3245",0.8,0.394693603207238,0.7,0.830687830687831,0.777777777777778,0.80952380952381,0.222222222222222,0.19047619047619,4.08333333333333,0.274509803921569
"3246",0.8,0.468028595022406,0.75,0.832589285714286,0.642857142857143,0.9375,0.357142857142857,0.0625,10.2857142857143,0.380952380952381
"3247",0.9,0.376094714828849,0.857142857142857,0.920634920634921,1,0.857142857142857,0,0.142857142857143,7,0
"3248",0.733333333333333,0.424900901779,0.555555555555556,0.8025,0.5,0.85,0.5,0.15,3.33333333333333,0.588235294117647
"3249",0.766666666666667,0.388442751796309,0.631578947368421,0.9275,0.6,0.85,0.4,0.15,4,0.470588235294118
"3250",0.733333333333333,0.401562112375714,0.5,0.8425,0.4,0.9,0.6,0.1,4,0.666666666666667
"3251",0.833333333333333,0.381971615456134,0.705882352941177,0.877840909090909,0.75,0.863636363636364,0.25,0.136363636363636,5.5,0.289473684210526
"3252",0.766666666666667,0.363363893426162,0.666666666666667,0.894886363636364,0.875,0.727272727272727,0.125,0.272727272727273,3.20833333333333,0.171875
"3253",0.833333333333333,0.367413465847255,0.782608695652174,0.899470899470899,1,0.761904761904762,0,0.238095238095238,4.2,0
"3254",0.7,0.405167791074312,0.470588235294118,0.777777777777778,0.666666666666667,0.708333333333333,0.333333333333333,0.291666666666667,2.28571428571429,0.470588235294118
"3255",0.766666666666667,0.375475324510403,0.666666666666667,0.850931677018634,1,0.695652173913043,0,0.304347826086957,3.28571428571429,0
"3256",0.733333333333333,0.435211719564194,0.6,0.789473684210526,0.545454545454545,0.842105263157895,0.454545454545455,0.157894736842105,3.45454545454545,0.539772727272727
"3257",0.7,0.415992860075445,0.64,0.7675,0.8,0.65,0.2,0.35,2.28571428571429,0.307692307692308
"3258",0.8,0.359858744892089,0.727272727272727,0.91005291005291,0.888888888888889,0.761904761904762,0.111111111111111,0.238095238095238,3.73333333333333,0.145833333333333
"3259",0.8,0.42434223602283,0.7,0.755980861244019,0.636363636363636,0.894736842105263,0.363636363636364,0.105263157894737,6.04545454545455,0.406417112299465
"3260",0.766666666666667,0.398462603673699,0.666666666666667,0.832386363636364,0.875,0.727272727272727,0.125,0.272727272727273,3.20833333333333,0.171875
"3261",0.8,0.355779630475926,0.727272727272727,0.888888888888889,0.888888888888889,0.761904761904762,0.111111111111111,0.238095238095238,3.73333333333333,0.145833333333333
"3262",0.733333333333333,0.395547908481103,0.6,0.792613636363636,0.75,0.727272727272727,0.25,0.272727272727273,2.75,0.34375
"3263",0.666666666666667,0.453966636826557,0.375,0.669312169312169,0.333333333333333,0.80952380952381,0.666666666666667,0.19047619047619,1.75,0.823529411764706
"3264",0.733333333333333,0.321935535820454,0.5,0.980769230769231,1,0.692307692307692,0,0.307692307692308,3.25,0
"3265",0.933333333333333,0.373892405374319,0.909090909090909,0.92,1,0.9,0,0.1,10,0
"3266",0.833333333333333,0.366616707381326,0.8,0.8925,1,0.75,0,0.25,4,0
"3267",0.9,0.361598935372378,0.842105263157895,0.926136363636364,1,0.863636363636364,0,0.136363636363636,7.33333333333333,0
"3268",0.8,0.364654390028265,0.7,0.903409090909091,0.875,0.772727272727273,0.125,0.227272727272727,3.85,0.161764705882353
"3269",0.8,0.416608673548686,0.75,0.918552036199095,0.692307692307692,0.882352941176471,0.307692307692308,0.117647058823529,5.88461538461538,0.348717948717949
"3270",0.733333333333333,0.417536443230724,0.6,0.851674641148325,0.545454545454545,0.842105263157895,0.454545454545455,0.157894736842105,3.45454545454545,0.539772727272727
"3271",0.733333333333333,0.425775834408867,0.6,0.80622009569378,0.545454545454545,0.842105263157895,0.454545454545455,0.157894736842105,3.45454545454545,0.539772727272727
"3272",0.833333333333333,0.405077788261582,0.736842105263158,0.9075,0.7,0.9,0.3,0.1,7,0.333333333333333
"3273",0.733333333333333,0.453169407412094,0.6,0.696022727272727,0.75,0.727272727272727,0.25,0.272727272727273,2.75,0.34375
"3274",0.666666666666667,0.442841341048424,0.5,0.736842105263158,0.454545454545455,0.789473684210526,0.545454545454545,0.210526315789474,2.15909090909091,0.690909090909091
"3275",0.8,0.384910725703269,0.666666666666667,0.778409090909091,0.75,0.818181818181818,0.25,0.181818181818182,4.125,0.305555555555556
"3276",0.8,0.408424259899179,0.727272727272727,0.783068783068783,0.888888888888889,0.761904761904762,0.111111111111111,0.238095238095238,3.73333333333333,0.145833333333333
"3277",0.8,0.402204379016994,0.7,0.835,0.7,0.85,0.3,0.15,4.66666666666667,0.352941176470588
"3278",0.7,0.448988976647594,0.64,0.777777777777778,0.888888888888889,0.619047619047619,0.111111111111111,0.380952380952381,2.33333333333333,0.17948717948718
"3279",0.766666666666667,0.393384015030861,0.533333333333333,0.684027777777778,0.666666666666667,0.791666666666667,0.333333333333333,0.208333333333333,3.2,0.421052631578947
"3280",0.833333333333333,0.395579023401623,0.782608695652174,0.904306220095694,0.818181818181818,0.842105263157895,0.181818181818182,0.157894736842105,5.18181818181818,0.215909090909091
"3281",0.7,0.438827862074197,0.526315789473684,0.7075,0.5,0.8,0.5,0.2,2.5,0.625
"3282",0.9,0.35429982381388,0.823529411764706,0.940993788819876,1,0.869565217391304,0,0.130434782608696,7.66666666666667,0
"3283",0.8,0.417943544692084,0.727272727272727,0.826704545454546,1,0.727272727272727,0,0.272727272727273,3.66666666666667,0
"3284",0.733333333333333,0.409393421476026,0.714285714285714,0.820574162679426,0.909090909090909,0.631578947368421,0.0909090909090909,0.368421052631579,2.46753246753247,0.143939393939394
"3285",0.766666666666667,0.47612156291552,0.631578947368421,0.947963800904977,0.461538461538462,1,0.538461538461538,0,Inf,0.538461538461538
"3286",0.8,0.355664605409368,0.7,0.909090909090909,0.875,0.772727272727273,0.125,0.227272727272727,3.85,0.161764705882353
"3287",0.8,0.404064313520741,0.727272727272727,0.835,0.8,0.8,0.2,0.2,4,0.25
"3288",0.733333333333333,0.464456041244222,0.636363636363636,0.7075,0.7,0.75,0.3,0.25,2.8,0.4
"3289",0.9,0.336698950781784,0.8,0.863354037267081,0.857142857142857,0.91304347826087,0.142857142857143,0.0869565217391305,9.85714285714285,0.156462585034014
"3290",0.833333333333333,0.395527613522738,0.782608695652174,0.8675,0.9,0.8,0.1,0.2,4.5,0.125
"3291",0.766666666666667,0.405234318336159,0.631578947368421,0.84,0.6,0.85,0.4,0.15,4,0.470588235294118
"3292",0.8,0.399005212021707,0.727272727272727,0.825,0.8,0.8,0.2,0.2,4,0.25
"3293",0.733333333333333,0.435791111501432,0.636363636363636,0.674603174603175,0.777777777777778,0.714285714285714,0.222222222222222,0.285714285714286,2.72222222222222,0.311111111111111
"3294",0.733333333333333,0.423808485496979,0.636363636363636,0.825358851674641,0.636363636363636,0.789473684210526,0.363636363636364,0.210526315789474,3.02272727272727,0.460606060606061
"3295",0.8,0.403505488249417,0.625,0.875,0.5,0.95,0.5,0.05,9.99999999999999,0.526315789473684
"3296",0.8,0.380810388802404,0.666666666666667,0.895,0.6,0.9,0.4,0.1,6,0.444444444444444
"3297",0.733333333333333,0.412817420506695,0.6,0.820574162679426,0.545454545454545,0.842105263157895,0.454545454545455,0.157894736842105,3.45454545454545,0.539772727272727
"3298",0.633333333333333,0.372568265855541,0.56,0.900621118012422,1,0.521739130434783,0,0.478260869565217,2.09090909090909,0
"3299",0.8,0.38561187057995,0.625,0.9075,0.5,0.95,0.5,0.05,9.99999999999999,0.526315789473684
"3300",0.933333333333333,0.343875009235947,0.888888888888889,0.96875,1,0.909090909090909,0,0.0909090909090909,11,0
"3301",0.666666666666667,0.471798728379844,0.545454545454545,0.738095238095238,0.666666666666667,0.666666666666667,0.333333333333333,0.333333333333333,2,0.5
"3302",0.666666666666667,0.440613950642197,0.375,0.659722222222222,0.5,0.708333333333333,0.5,0.291666666666667,1.71428571428571,0.705882352941176
"3303",0.733333333333333,0.415440185730414,0.555555555555556,0.7525,0.5,0.85,0.5,0.15,3.33333333333333,0.588235294117647
"3304",0.833333333333333,0.352273743623299,0.736842105263158,0.892045454545455,0.875,0.818181818181818,0.125,0.181818181818182,4.8125,0.152777777777778
"3305",0.833333333333333,0.347906986801674,0.736842105263158,0.903409090909091,0.875,0.818181818181818,0.125,0.181818181818182,4.8125,0.152777777777778
"3306",0.866666666666667,0.364074248017908,0.8,0.944444444444444,0.888888888888889,0.857142857142857,0.111111111111111,0.142857142857143,6.22222222222222,0.12962962962963
"3307",0.766666666666667,0.390982824174562,0.631578947368421,0.767045454545454,0.75,0.772727272727273,0.25,0.227272727272727,3.3,0.323529411764706
"3308",0.9,0.410570868715922,0.88,0.981481481481482,0.916666666666667,0.888888888888889,0.0833333333333334,0.111111111111111,8.25,0.09375
"3309",0.8,0.457936541401186,0.75,0.901785714285714,0.642857142857143,0.9375,0.357142857142857,0.0625,10.2857142857143,0.380952380952381
"3310",0.833333333333333,0.380654919925256,0.736842105263158,0.9525,0.7,0.9,0.3,0.1,7,0.333333333333333
"3311",0.766666666666667,0.379106871674969,0.695652173913043,0.822751322751323,0.888888888888889,0.714285714285714,0.111111111111111,0.285714285714286,3.11111111111111,0.155555555555556
"3312",0.8,0.401543365371822,0.625,0.8875,0.5,0.95,0.5,0.05,9.99999999999999,0.526315789473684
"3313",0.566666666666667,0.378883739216311,0.551724137931034,0.883522727272727,1,0.409090909090909,0,0.590909090909091,1.69230769230769,0
"3314",0.8,0.406372364873083,0.7,0.829545454545455,0.875,0.772727272727273,0.125,0.227272727272727,3.85,0.161764705882353
"3315",0.8,0.381099882831115,0.7,0.828042328042328,0.777777777777778,0.80952380952381,0.222222222222222,0.19047619047619,4.08333333333333,0.274509803921569
"3316",0.766666666666667,0.428499529569406,0.631578947368421,0.909722222222222,0.5,0.944444444444444,0.5,0.0555555555555556,9,0.529411764705882
"3317",0.8,0.357454144426112,0.7,0.846590909090909,0.875,0.772727272727273,0.125,0.227272727272727,3.85,0.161764705882353
"3318",0.766666666666667,0.382174526521004,0.695652173913043,0.857142857142857,0.888888888888889,0.714285714285714,0.111111111111111,0.285714285714286,3.11111111111111,0.155555555555556
"3319",0.766666666666667,0.394599468240307,0.666666666666667,0.789772727272727,0.875,0.727272727272727,0.125,0.272727272727273,3.20833333333333,0.171875
"3320",0.866666666666667,0.40779537818041,0.818181818181818,0.875598086124402,0.818181818181818,0.894736842105263,0.181818181818182,0.105263157894737,7.77272727272727,0.203208556149733
"3321",0.8,0.409229623329616,0.666666666666667,0.7875,0.6,0.9,0.4,0.1,6,0.444444444444444
"3322",1,0.377004314028644,1,1,1,1,0,0,Inf,0
"3323",0.766666666666667,0.379315068700494,0.533333333333333,0.864,0.8,0.76,0.2,0.24,3.33333333333333,0.263157894736842
"3324",0.766666666666667,0.369730517896614,0.588235294117647,0.836805555555556,0.833333333333333,0.75,0.166666666666667,0.25,3.33333333333333,0.222222222222222
"3325",0.766666666666667,0.376818351174715,0.588235294117647,0.782608695652174,0.714285714285714,0.782608695652174,0.285714285714286,0.217391304347826,3.28571428571429,0.365079365079365
"3326",0.8,0.395452330356903,0.666666666666667,0.93,0.6,0.9,0.4,0.1,6,0.444444444444444
"3327",0.866666666666667,0.360703281434455,0.8,0.875661375661376,0.888888888888889,0.857142857142857,0.111111111111111,0.142857142857143,6.22222222222222,0.12962962962963
"3328",0.666666666666667,0.387600610550974,0.583333333333333,0.8225,0.7,0.65,0.3,0.35,2,0.461538461538462
"3329",0.733333333333333,0.390136993099264,0.636363636363636,0.806818181818182,0.875,0.681818181818182,0.125,0.318181818181818,2.75,0.183333333333333
"3330",0.8,0.409892737204344,0.75,0.909722222222222,0.75,0.833333333333333,0.25,0.166666666666667,4.5,0.3
"3331",0.8,0.382496349613231,0.571428571428571,0.822916666666667,0.666666666666667,0.833333333333333,0.333333333333333,0.166666666666667,4,0.4
"3332",0.733333333333333,0.404591534972261,0.692307692307692,0.8625,0.9,0.65,0.1,0.35,2.57142857142857,0.153846153846154
"3333",0.766666666666667,0.368844495237507,0.533333333333333,0.72,0.8,0.76,0.2,0.24,3.33333333333333,0.263157894736842
"3334",0.7,0.53894037471947,0.64,0.895927601809955,0.470588235294118,1,0.529411764705882,0,Inf,0.529411764705882
"3335",0.8,0.411751451157539,0.727272727272727,0.907407407407407,0.666666666666667,0.888888888888889,0.333333333333333,0.111111111111111,6,0.375
"3336",0.866666666666667,0.393316061685168,0.777777777777778,0.9425,0.7,0.95,0.3,0.05,14,0.315789473684211
"3337",0.7,0.383250475114251,0.571428571428571,0.775568181818182,0.75,0.681818181818182,0.25,0.318181818181818,2.35714285714286,0.366666666666667
"3338",0.9,0.366716377817833,0.823529411764706,0.883522727272727,0.875,0.909090909090909,0.125,0.0909090909090909,9.625,0.1375
"3339",0.766666666666667,0.398822641695485,0.631578947368421,0.89,0.6,0.85,0.4,0.15,4,0.470588235294118
"3340",0.833333333333333,0.415888243269843,0.705882352941177,0.798941798941799,0.666666666666667,0.904761904761905,0.333333333333333,0.0952380952380952,7,0.368421052631579
"3341",0.833333333333333,0.369586066857598,0.782608695652174,0.923280423280423,1,0.761904761904762,0,0.238095238095238,4.2,0
"3342",0.8,0.427217043435216,0.666666666666667,0.738636363636364,0.75,0.818181818181818,0.25,0.181818181818182,4.125,0.305555555555556
"3343",0.8,0.356450213754827,0.7,0.943181818181818,0.875,0.772727272727273,0.125,0.227272727272727,3.85,0.161764705882353
"3344",0.8,0.407135219378785,0.666666666666667,0.743386243386243,0.666666666666667,0.857142857142857,0.333333333333333,0.142857142857143,4.66666666666667,0.388888888888889
"3345",0.733333333333333,0.407029088811054,0.666666666666667,0.858851674641148,0.727272727272727,0.736842105263158,0.272727272727273,0.263157894736842,2.76363636363636,0.37012987012987
"3346",0.866666666666667,0.377454794145825,0.818181818181818,0.8925,0.9,0.85,0.1,0.15,6,0.117647058823529
"3347",0.833333333333333,0.388795826609578,0.666666666666667,0.817460317460317,0.555555555555556,0.952380952380952,0.444444444444444,0.0476190476190477,11.6666666666667,0.466666666666667
"3348",0.7,0.466780028826847,0.470588235294118,0.628472222222222,0.666666666666667,0.708333333333333,0.333333333333333,0.291666666666667,2.28571428571429,0.470588235294118
"3349",0.7,0.323731699153812,0.4,0.836538461538462,0.75,0.692307692307692,0.25,0.307692307692308,2.4375,0.361111111111111
"3350",0.733333333333333,0.423480522955229,0.6,0.861244019138756,0.545454545454545,0.842105263157895,0.454545454545455,0.157894736842105,3.45454545454545,0.539772727272727
"3351",0.766666666666667,0.358025004835074,0.666666666666667,0.84375,0.875,0.727272727272727,0.125,0.272727272727273,3.20833333333333,0.171875
"3352",0.7,0.386306629260702,0.526315789473684,0.795138888888889,0.833333333333333,0.666666666666667,0.166666666666667,0.333333333333333,2.5,0.25
"3353",0.633333333333333,0.450962292735711,0.421052631578947,0.673611111111111,0.666666666666667,0.625,0.333333333333333,0.375,1.77777777777778,0.533333333333333
"3354",0.833333333333333,0.352153435096797,0.666666666666667,0.840277777777778,0.833333333333333,0.833333333333333,0.166666666666667,0.166666666666667,5,0.2
"3355",0.766666666666667,0.472686101363714,0.72,0.708133971291866,0.818181818181818,0.736842105263158,0.181818181818182,0.263157894736842,3.10909090909091,0.246753246753247
"3356",0.866666666666667,0.392942736927647,0.8,0.856459330143541,0.727272727272727,0.947368421052632,0.272727272727273,0.0526315789473685,13.8181818181818,0.287878787878788
"3357",0.833333333333333,0.383255805368122,0.761904761904762,0.851851851851852,0.888888888888889,0.80952380952381,0.111111111111111,0.19047619047619,4.66666666666667,0.137254901960784
"3358",0.766666666666667,0.453657603058324,0.631578947368421,0.803240740740741,0.5,0.944444444444444,0.5,0.0555555555555556,9,0.529411764705882
"3359",0.8,0.383111019748836,0.7,0.804232804232804,0.777777777777778,0.80952380952381,0.222222222222222,0.19047619047619,4.08333333333333,0.274509803921569
"3360",0.766666666666667,0.420918049104247,0.740740740740741,0.80787037037037,0.833333333333333,0.722222222222222,0.166666666666667,0.277777777777778,3,0.230769230769231
"3361",0.766666666666667,0.392655138545492,0.695652173913043,0.833333333333333,0.888888888888889,0.714285714285714,0.111111111111111,0.285714285714286,3.11111111111111,0.155555555555556
"3362",0.8,0.401457476270074,0.727272727272727,0.87037037037037,0.666666666666667,0.888888888888889,0.333333333333333,0.111111111111111,6,0.375
"3363",0.833333333333333,0.334368060740187,0.782608695652174,0.933862433862434,1,0.761904761904762,0,0.238095238095238,4.2,0
"3364",0.8,0.440162340464517,0.727272727272727,0.941176470588235,0.615384615384615,0.941176470588235,0.384615384615385,0.0588235294117647,10.4615384615385,0.408653846153846
"3365",0.933333333333333,0.358815373168368,0.875,0.928571428571428,1,0.91304347826087,0,0.0869565217391305,11.5,0
"3366",0.866666666666667,0.356353451848188,0.8,0.867724867724868,0.888888888888889,0.857142857142857,0.111111111111111,0.142857142857143,6.22222222222222,0.12962962962963
"3367",0.766666666666667,0.349657595696511,0.695652173913043,0.854497354497354,0.888888888888889,0.714285714285714,0.111111111111111,0.285714285714286,3.11111111111111,0.155555555555556
"3368",0.466666666666667,0.457344269958128,0.2,0.514423076923077,0.5,0.461538461538462,0.5,0.538461538461538,0.928571428571429,1.08333333333333
"3369",0.8,0.403025571021437,0.727272727272727,0.837320574162679,0.727272727272727,0.842105263157895,0.272727272727273,0.157894736842105,4.6060606060606,0.323863636363636
"3370",0.733333333333333,0.40436707957704,0.6,0.75,0.75,0.727272727272727,0.25,0.272727272727273,2.75,0.34375
"3371",0.8,0.369163854269703,0.727272727272727,0.894886363636364,1,0.727272727272727,0,0.272727272727273,3.66666666666667,0
"3372",0.7,0.36382460804762,0.526315789473684,0.916,1,0.64,0,0.36,2.77777777777778,0
"3373",0.766666666666667,0.418237149869639,0.72,0.8125,0.9,0.7,0.1,0.3,3,0.142857142857143
"3374",0.733333333333333,0.417248945219454,0.6,0.7425,0.6,0.8,0.4,0.2,3,0.5
"3375",0.766666666666667,0.369002810296569,0.588235294117647,0.854166666666667,0.833333333333333,0.75,0.166666666666667,0.25,3.33333333333333,0.222222222222222
"3376",0.766666666666667,0.445283629294481,0.631578947368421,0.777511961722488,0.545454545454545,0.894736842105263,0.454545454545455,0.105263157894737,5.18181818181818,0.508021390374332
"3377",0.766666666666667,0.401791126314936,0.631578947368421,0.785,0.6,0.85,0.4,0.15,4,0.470588235294118
"3378",0.7,0.431298178145831,0.470588235294118,0.80622009569378,0.363636363636364,0.894736842105263,0.636363636363636,0.105263157894737,3.45454545454546,0.711229946524064
"3379",0.8,0.368477431710691,0.625,0.77639751552795,0.714285714285714,0.826086956521739,0.285714285714286,0.173913043478261,4.10714285714286,0.345864661654135
"3380",0.866666666666667,0.369488945960784,0.833333333333333,0.94,1,0.8,0,0.2,5,0
"3381",0.766666666666667,0.437278639464056,0.666666666666667,0.842592592592593,0.583333333333333,0.888888888888889,0.416666666666667,0.111111111111111,5.25,0.46875
"3382",0.666666666666667,0.436111281169217,0.642857142857143,0.800904977375566,0.692307692307692,0.647058823529412,0.307692307692308,0.352941176470588,1.96153846153846,0.475524475524476
"3383",0.733333333333333,0.482840446740388,0.692307692307692,0.700956937799043,0.818181818181818,0.684210526315789,0.181818181818182,0.315789473684211,2.59090909090909,0.265734265734266
"3384",0.833333333333333,0.366427778240367,0.782608695652174,0.875,0.9,0.8,0.1,0.2,4.5,0.125
"3385",0.8,0.349429552168729,0.7,0.934659090909091,0.875,0.772727272727273,0.125,0.227272727272727,3.85,0.161764705882353
"3386",0.8,0.385532437936719,0.7,0.825396825396825,0.777777777777778,0.80952380952381,0.222222222222222,0.19047619047619,4.08333333333333,0.274509803921569
"3387",0.733333333333333,0.458357928991505,0.6,0.738095238095238,0.666666666666667,0.761904761904762,0.333333333333333,0.238095238095238,2.8,0.4375
"3388",0.766666666666667,0.440825436643029,0.695652173913043,0.886877828054299,0.615384615384615,0.882352941176471,0.384615384615385,0.117647058823529,5.23076923076923,0.435897435897436
"3389",0.866666666666667,0.389996432012027,0.75,0.851851851851852,0.666666666666667,0.952380952380952,0.333333333333333,0.0476190476190477,14,0.35
"3390",0.833333333333333,0.384171093451895,0.736842105263158,0.872159090909091,0.875,0.818181818181818,0.125,0.181818181818182,4.8125,0.152777777777778
"3391",0.833333333333333,0.393658432285271,0.705882352941177,0.9475,0.6,0.95,0.4,0.05,12,0.421052631578947
"3392",0.833333333333333,0.365764793870995,0.736842105263158,0.892045454545455,0.875,0.818181818181818,0.125,0.181818181818182,4.8125,0.152777777777778
"3393",0.8,0.386206590369153,0.7,0.823863636363636,0.875,0.772727272727273,0.125,0.227272727272727,3.85,0.161764705882353
"3394",0.7,0.433777746119635,0.64,0.7825,0.8,0.65,0.2,0.35,2.28571428571429,0.307692307692308
"3395",0.766666666666667,0.408973107006954,0.533333333333333,0.761904761904762,0.444444444444444,0.904761904761905,0.555555555555556,0.0952380952380952,4.66666666666667,0.614035087719298
"3396",0.833333333333333,0.387663917577312,0.761904761904762,0.842105263157895,0.727272727272727,0.894736842105263,0.272727272727273,0.105263157894737,6.90909090909091,0.304812834224599
"3397",0.766666666666667,0.398150767974597,0.631578947368421,0.801242236024845,0.857142857142857,0.739130434782609,0.142857142857143,0.260869565217391,3.28571428571429,0.19327731092437
"3398",0.766666666666667,0.359271489679761,0.363636363636364,0.581730769230769,0.5,0.807692307692308,0.5,0.192307692307692,2.6,0.619047619047619
"3399",0.8,0.370288302050518,0.625,0.892,1,0.76,0,0.24,4.16666666666667,0
"3400",0.833333333333333,0.343190641062394,0.705882352941177,0.881987577639752,0.857142857142857,0.826086956521739,0.142857142857143,0.173913043478261,4.92857142857143,0.172932330827068
"3401",0.766666666666667,0.432951212994718,0.631578947368421,0.795031055900621,0.857142857142857,0.739130434782609,0.142857142857143,0.260869565217391,3.28571428571429,0.19327731092437
"3402",0.733333333333333,0.417460753012102,0.666666666666667,0.79,0.8,0.7,0.2,0.3,2.66666666666667,0.285714285714286
"3403",0.7,0.444842699212968,0.689655172413793,0.763888888888889,0.833333333333333,0.611111111111111,0.166666666666667,0.388888888888889,2.14285714285714,0.272727272727273
"3404",0.8,0.376500881632954,0.75,0.8675,0.9,0.75,0.1,0.25,3.6,0.133333333333333
"3405",0.8,0.380244224072353,0.75,0.87037037037037,1,0.714285714285714,0,0.285714285714286,3.5,0
"3406",0.766666666666667,0.366518086577021,0.588235294117647,0.833333333333333,0.833333333333333,0.75,0.166666666666667,0.25,3.33333333333333,0.222222222222222
"3407",0.766666666666667,0.433792295143117,0.695652173913043,0.861990950226244,0.615384615384615,0.882352941176471,0.384615384615385,0.117647058823529,5.23076923076923,0.435897435897436
"3408",0.8,0.3986234046168,0.727272727272727,0.892344497607656,0.727272727272727,0.842105263157895,0.272727272727273,0.157894736842105,4.6060606060606,0.323863636363636
"3409",0.733333333333333,0.405788764721566,0.636363636363636,0.842105263157895,0.636363636363636,0.789473684210526,0.363636363636364,0.210526315789474,3.02272727272727,0.460606060606061
"3410",0.7,0.379137871422479,0.526315789473684,0.752840909090909,0.625,0.727272727272727,0.375,0.272727272727273,2.29166666666667,0.515625
"3411",0.733333333333333,0.461097389044537,0.692307692307692,0.82579185520362,0.692307692307692,0.764705882352941,0.307692307692308,0.235294117647059,2.94230769230769,0.402366863905326
"3412",0.766666666666667,0.424257282515925,0.758620689655172,0.826388888888889,0.916666666666667,0.666666666666667,0.0833333333333334,0.333333333333333,2.75,0.125
"3413",0.7,0.459750312900312,0.608695652173913,0.776018099547511,0.538461538461538,0.823529411764706,0.461538461538462,0.176470588235294,3.05128205128205,0.56043956043956
"3414",0.866666666666667,0.397399977098989,0.8,0.8925,0.8,0.9,0.2,0.1,8,0.222222222222222
"3415",0.8,0.377207041314235,0.666666666666667,0.826704545454546,0.75,0.818181818181818,0.25,0.181818181818182,4.125,0.305555555555556
"3416",0.8,0.397964893531401,0.625,0.798941798941799,0.555555555555556,0.904761904761905,0.444444444444444,0.0952380952380952,5.83333333333333,0.491228070175439
"3417",0.866666666666667,0.398913246870499,0.818181818181818,0.954545454545455,0.818181818181818,0.894736842105263,0.181818181818182,0.105263157894737,7.77272727272727,0.203208556149733
"3418",0.8,0.383136337764927,0.7,0.851851851851852,0.777777777777778,0.80952380952381,0.222222222222222,0.19047619047619,4.08333333333333,0.274509803921569
"3419",0.8,0.362301272698787,0.75,0.895,0.9,0.75,0.1,0.25,3.6,0.133333333333333
"3420",0.7,0.393955866490301,0.608695652173913,0.775132275132275,0.777777777777778,0.666666666666667,0.222222222222222,0.333333333333333,2.33333333333333,0.333333333333333
"3421",0.833333333333333,0.390156525469728,0.761904761904762,0.830687830687831,0.888888888888889,0.80952380952381,0.111111111111111,0.19047619047619,4.66666666666667,0.137254901960784
"3422",0.866666666666667,0.324478851001632,0.666666666666667,0.918269230769231,1,0.846153846153846,0,0.153846153846154,6.5,0
"3423",0.766666666666667,0.44111201055246,0.588235294117647,0.7325,0.5,0.9,0.5,0.1,5,0.555555555555556
"3424",0.766666666666667,0.361569477922801,0.72,0.896825396825397,1,0.666666666666667,0,0.333333333333333,3,0
"3425",0.866666666666667,0.331425119028813,0.777777777777778,0.950310559006211,1,0.826086956521739,0,0.173913043478261,5.75,0
"3426",0.833333333333333,0.358070057183846,0.666666666666667,0.87888198757764,0.714285714285714,0.869565217391304,0.285714285714286,0.130434782608696,5.47619047619048,0.328571428571429
"3427",0.833333333333333,0.374965675355362,0.782608695652174,0.904761904761905,1,0.761904761904762,0,0.238095238095238,4.2,0
"3428",0.7,0.451874612763151,0.4,0.735,0.3,0.9,0.7,0.1,3,0.777777777777778
"3429",0.9,0.361330956462916,0.842105263157895,0.838624338624339,0.888888888888889,0.904761904761905,0.111111111111111,0.0952380952380952,9.33333333333333,0.12280701754386
"3430",0.766666666666667,0.432531229932884,0.666666666666667,0.755681818181818,0.875,0.727272727272727,0.125,0.272727272727273,3.20833333333333,0.171875
"3431",0.666666666666667,0.418962189876953,0.583333333333333,0.7525,0.7,0.65,0.3,0.35,2,0.461538461538462
"3432",0.766666666666667,0.389300931368731,0.588235294117647,0.767080745341615,0.714285714285714,0.782608695652174,0.285714285714286,0.217391304347826,3.28571428571429,0.365079365079365
"3433",0.733333333333333,0.376635968377569,0.666666666666667,0.862433862433862,0.888888888888889,0.666666666666667,0.111111111111111,0.333333333333333,2.66666666666667,0.166666666666667
"3434",0.866666666666667,0.330134044833157,0.777777777777778,0.962732919254658,1,0.826086956521739,0,0.173913043478261,5.75,0
"3435",0.966666666666667,0.352593334643664,0.947368421052632,0.989417989417989,1,0.952380952380952,0,0.0476190476190477,21,0
"3436",0.7,0.405787971791854,0.608695652173913,0.740740740740741,0.777777777777778,0.666666666666667,0.222222222222222,0.333333333333333,2.33333333333333,0.333333333333333
"3437",0.833333333333333,0.476088372216179,0.782608695652174,0.924107142857143,0.642857142857143,1,0.357142857142857,0,Inf,0.357142857142857
"3438",0.7,0.403442240720932,0.526315789473684,0.87,0.5,0.8,0.5,0.2,2.5,0.625
"3439",0.733333333333333,0.492197694710389,0.636363636363636,0.857142857142857,0.5,0.9375,0.5,0.0625,8,0.533333333333333
"3440",0.8,0.386663334121222,0.7,0.865079365079365,0.777777777777778,0.80952380952381,0.222222222222222,0.19047619047619,4.08333333333333,0.274509803921569
"3441",0.766666666666667,0.404333228746127,0.631578947368421,0.835,0.6,0.85,0.4,0.15,4,0.470588235294118
"3442",0.733333333333333,0.426170014391849,0.6,0.747159090909091,0.75,0.727272727272727,0.25,0.272727272727273,2.75,0.34375
"3443",0.866666666666667,0.326903503514435,0.714285714285714,0.932,1,0.84,0,0.16,6.25,0
"3444",0.766666666666667,0.388506834919387,0.631578947368421,0.8125,0.75,0.772727272727273,0.25,0.227272727272727,3.3,0.323529411764706
"3445",0.966666666666667,0.406245778224361,0.956521739130435,0.99537037037037,0.916666666666667,1,0.0833333333333334,0,Inf,0.0833333333333334
"3446",0.733333333333333,0.413025651388333,0.5,0.645962732919255,0.571428571428571,0.782608695652174,0.428571428571429,0.217391304347826,2.62857142857143,0.547619047619048
"3447",0.733333333333333,0.432826777792158,0.5,0.76,0.4,0.9,0.6,0.1,4,0.666666666666667
"3448",0.766666666666667,0.408801322934539,0.72,0.8025,0.9,0.7,0.1,0.3,3,0.142857142857143
"3449",0.766666666666667,0.461071911302533,0.666666666666667,0.850678733031674,0.538461538461538,0.941176470588235,0.461538461538462,0.0588235294117647,9.15384615384615,0.490384615384615
"3450",0.833333333333333,0.374944066203956,0.705882352941177,0.875,1,0.791666666666667,0,0.208333333333333,4.8,0
"3451",0.7,0.457861717207315,0.608695652173913,0.807692307692308,0.538461538461538,0.823529411764706,0.461538461538462,0.176470588235294,3.05128205128205,0.56043956043956
"3452",0.7,0.416635574948819,0.608695652173913,0.813664596273292,1,0.608695652173913,0,0.391304347826087,2.55555555555556,0
"3453",0.666666666666667,0.464058149271235,0.444444444444444,0.715311004784689,0.363636363636364,0.842105263157895,0.636363636363636,0.157894736842105,2.3030303030303,0.755681818181818
"3454",0.866666666666667,0.398572726049055,0.8,0.849282296650718,0.727272727272727,0.947368421052632,0.272727272727273,0.0526315789473685,13.8181818181818,0.287878787878788
"3455",0.766666666666667,0.426353798258967,0.666666666666667,0.812169312169312,0.777777777777778,0.761904761904762,0.222222222222222,0.238095238095238,3.26666666666667,0.291666666666667
"3456",0.866666666666667,0.3664271404599,0.777777777777778,0.97,0.7,0.95,0.3,0.05,14,0.315789473684211
"3457",0.7,0.423838698254365,0.4,0.740740740740741,0.333333333333333,0.857142857142857,0.666666666666667,0.142857142857143,2.33333333333333,0.777777777777778
"3458",0.833333333333333,0.356470436248885,0.761904761904762,0.903409090909091,1,0.772727272727273,0,0.227272727272727,4.4,0
"3459",0.733333333333333,0.406126916760142,0.5,0.8925,0.4,0.9,0.6,0.1,4,0.666666666666667
"3460",0.733333333333333,0.36216636499998,0.636363636363636,0.814814814814815,0.777777777777778,0.714285714285714,0.222222222222222,0.285714285714286,2.72222222222222,0.311111111111111
"3461",0.866666666666667,0.371414156840114,0.777777777777778,0.91,0.7,0.95,0.3,0.05,14,0.315789473684211
"3462",0.833333333333333,0.383469494122536,0.736842105263158,0.803977272727273,0.875,0.818181818181818,0.125,0.181818181818182,4.8125,0.152777777777778
"3463",0.8,0.379626851385232,0.7,0.872159090909091,0.875,0.772727272727273,0.125,0.227272727272727,3.85,0.161764705882353
"3464",0.7,0.444817549744837,0.470588235294118,0.685,0.4,0.85,0.6,0.15,2.66666666666667,0.705882352941177
"3465",0.8,0.364485574941217,0.727272727272727,0.897727272727273,1,0.727272727272727,0,0.272727272727273,3.66666666666667,0
"3466",0.8,0.36029289764841,0.7,0.900621118012422,1,0.739130434782609,0,0.260869565217391,3.83333333333333,0
"3467",0.733333333333333,0.438263758344909,0.692307692307692,0.777511961722488,0.818181818181818,0.684210526315789,0.181818181818182,0.315789473684211,2.59090909090909,0.265734265734266
"3468",0.7,0.39143584287972,0.608695652173913,0.784090909090909,0.875,0.636363636363636,0.125,0.363636363636364,2.40625,0.196428571428571
"3469",0.833333333333333,0.360673447378535,0.705882352941177,0.829545454545455,0.75,0.863636363636364,0.25,0.136363636363636,5.5,0.289473684210526
"3470",0.766666666666667,0.369019977445573,0.588235294117647,0.838509316770186,0.714285714285714,0.782608695652174,0.285714285714286,0.217391304347826,3.28571428571429,0.365079365079365
"3471",0.833333333333333,0.394131105507905,0.761904761904762,0.830687830687831,0.888888888888889,0.80952380952381,0.111111111111111,0.19047619047619,4.66666666666667,0.137254901960784
"3472",0.866666666666667,0.354910027552247,0.714285714285714,0.836805555555556,0.833333333333333,0.875,0.166666666666667,0.125,6.66666666666667,0.19047619047619
"3473",0.733333333333333,0.41478865988246,0.666666666666667,0.828042328042328,0.888888888888889,0.666666666666667,0.111111111111111,0.333333333333333,2.66666666666667,0.166666666666667
"3474",0.666666666666667,0.359020183989613,0.375,0.950617283950617,1,0.62962962962963,0,0.37037037037037,2.7,0
"3475",0.8,0.398847959738334,0.666666666666667,0.8225,0.6,0.9,0.4,0.1,6,0.444444444444444
"3476",0.766666666666667,0.390402254317663,0.740740740740741,0.827751196172249,0.909090909090909,0.684210526315789,0.0909090909090909,0.315789473684211,2.87878787878788,0.132867132867133
"3477",0.766666666666667,0.37563185717946,0.631578947368421,0.826704545454546,0.75,0.772727272727273,0.25,0.227272727272727,3.3,0.323529411764706
"3478",0.8,0.36932895360897,0.727272727272727,0.896825396825397,0.888888888888889,0.761904761904762,0.111111111111111,0.238095238095238,3.73333333333333,0.145833333333333
"3479",0.766666666666667,0.432836606812706,0.695652173913043,0.783068783068783,0.888888888888889,0.714285714285714,0.111111111111111,0.285714285714286,3.11111111111111,0.155555555555556
"3480",0.833333333333333,0.381673731964701,0.736842105263158,0.92,0.7,0.9,0.3,0.1,7,0.333333333333333
"3481",0.8,0.388581407620465,0.7,0.822751322751323,0.777777777777778,0.80952380952381,0.222222222222222,0.19047619047619,4.08333333333333,0.274509803921569
"3482",0.7,0.488224877637948,0.64,0.727678571428571,0.571428571428571,0.8125,0.428571428571429,0.1875,3.04761904761905,0.527472527472527
"3483",0.8,0.35885318246235,0.571428571428571,0.791666666666667,0.666666666666667,0.833333333333333,0.333333333333333,0.166666666666667,4,0.4
"3484",0.8,0.389875290509988,0.7,0.875,0.7,0.85,0.3,0.15,4.66666666666667,0.352941176470588
"3485",0.733333333333333,0.408134703830742,0.333333333333333,0.730113636363636,0.25,0.909090909090909,0.75,0.0909090909090909,2.75,0.825
"3486",0.8,0.395986630928436,0.666666666666667,0.8375,0.6,0.9,0.4,0.1,6,0.444444444444444
"3487",0.766666666666667,0.423066868465187,0.72,0.832579185520362,0.692307692307692,0.823529411764706,0.307692307692308,0.176470588235294,3.92307692307692,0.373626373626374
"3488",0.833333333333333,0.349480593429739,0.705882352941177,0.90625,1,0.791666666666667,0,0.208333333333333,4.8,0
"3489",0.766666666666667,0.426498580306067,0.631578947368421,0.93287037037037,0.5,0.944444444444444,0.5,0.0555555555555556,9,0.529411764705882
"3490",0.733333333333333,0.370163040883133,0.6,0.909722222222222,1,0.666666666666667,0,0.333333333333333,3,0
"3491",0.7,0.444254398535699,0.571428571428571,0.801435406698565,0.545454545454545,0.789473684210526,0.454545454545455,0.210526315789474,2.59090909090909,0.575757575757576
"3492",0.7,0.460798069576902,0.666666666666667,0.741626794258373,0.818181818181818,0.631578947368421,0.181818181818182,0.368421052631579,2.22077922077922,0.287878787878788
"3493",0.8,0.430632243768497,0.727272727272727,0.861990950226244,0.615384615384615,0.941176470588235,0.384615384615385,0.0588235294117647,10.4615384615385,0.408653846153846
"3494",0.866666666666667,0.381779652607345,0.75,0.944444444444444,0.666666666666667,0.952380952380952,0.333333333333333,0.0476190476190477,14,0.35
"3495",0.766666666666667,0.399588126995162,0.533333333333333,0.804232804232804,0.444444444444444,0.904761904761905,0.555555555555556,0.0952380952380952,4.66666666666667,0.614035087719298
"3496",0.766666666666667,0.406298639599207,0.695652173913043,0.841269841269841,0.888888888888889,0.714285714285714,0.111111111111111,0.285714285714286,3.11111111111111,0.155555555555556
"3497",0.833333333333333,0.367782799212368,0.736842105263158,0.8825,0.7,0.9,0.3,0.1,7,0.333333333333333
"3498",0.9,0.33427182718842,0.823529411764706,0.950310559006211,1,0.869565217391304,0,0.130434782608696,7.66666666666667,0
"3499",0.7,0.430377298143925,0.608695652173913,0.814814814814815,0.583333333333333,0.777777777777778,0.416666666666667,0.222222222222222,2.625,0.535714285714286
"3500",0.7,0.471425875241892,0.470588235294118,0.755,0.4,0.85,0.6,0.15,2.66666666666667,0.705882352941177
"3501",0.766666666666667,0.387115336957739,0.631578947368421,0.80952380952381,0.666666666666667,0.80952380952381,0.333333333333333,0.19047619047619,3.5,0.411764705882353
"3502",0.8,0.389183545991713,0.666666666666667,0.815,0.6,0.9,0.4,0.1,6,0.444444444444444
"3503",0.733333333333333,0.420281423259762,0.666666666666667,0.7625,0.8,0.7,0.2,0.3,2.66666666666667,0.285714285714286
"3504",0.7,0.464652275638222,0.571428571428571,0.671957671957672,0.666666666666667,0.714285714285714,0.333333333333333,0.285714285714286,2.33333333333333,0.466666666666667
"3505",0.733333333333333,0.3668782577495,0.555555555555556,0.838509316770186,0.714285714285714,0.739130434782609,0.285714285714286,0.260869565217391,2.73809523809524,0.38655462184874
"3506",0.766666666666667,0.427060215226967,0.695652173913043,0.856481481481482,0.666666666666667,0.833333333333333,0.333333333333333,0.166666666666667,4,0.4
"3507",0.833333333333333,0.374280835499454,0.705882352941177,0.840909090909091,0.75,0.863636363636364,0.25,0.136363636363636,5.5,0.289473684210526
"3508",0.833333333333333,0.385916433912375,0.666666666666667,0.850931677018634,0.714285714285714,0.869565217391304,0.285714285714286,0.130434782608696,5.47619047619048,0.328571428571429
"3509",0.733333333333333,0.50553797637378,0.692307692307692,0.69377990430622,0.818181818181818,0.684210526315789,0.181818181818182,0.315789473684211,2.59090909090909,0.265734265734266
"3510",0.766666666666667,0.452294308467571,0.666666666666667,0.748677248677249,0.777777777777778,0.761904761904762,0.222222222222222,0.238095238095238,3.26666666666667,0.291666666666667
"3511",0.7,0.426897438376095,0.470588235294118,0.775,0.4,0.85,0.6,0.15,2.66666666666667,0.705882352941177
"3512",0.866666666666667,0.357629124052113,0.75,0.93167701863354,0.857142857142857,0.869565217391304,0.142857142857143,0.130434782608696,6.57142857142857,0.164285714285714
"3513",0.833333333333333,0.360064947992324,0.761904761904762,0.886243386243386,0.888888888888889,0.80952380952381,0.111111111111111,0.19047619047619,4.66666666666667,0.137254901960784
"3514",0.833333333333333,0.387141352325137,0.615384615384615,0.866477272727273,0.5,0.954545454545455,0.5,0.0454545454545454,11,0.523809523809524
"3515",0.833333333333333,0.365514065869014,0.736842105263158,0.855113636363636,0.875,0.818181818181818,0.125,0.181818181818182,4.8125,0.152777777777778
"3516",0.666666666666667,0.414234368536206,0.545454545454545,0.769886363636364,0.75,0.636363636363636,0.25,0.363636363636364,2.0625,0.392857142857143
"3517",0.666666666666667,0.490848275351384,0.444444444444444,0.631944444444444,0.666666666666667,0.666666666666667,0.333333333333333,0.333333333333333,2,0.5
"3518",0.766666666666667,0.399576585253901,0.740740740740741,0.8275,1,0.65,0,0.35,2.85714285714286,0
"3519",0.666666666666667,0.44852651881258,0.5,0.732057416267943,0.454545454545455,0.789473684210526,0.545454545454545,0.210526315789474,2.15909090909091,0.690909090909091
"3520",0.8,0.397036021907281,0.727272727272727,0.930622009569378,0.727272727272727,0.842105263157895,0.272727272727273,0.157894736842105,4.6060606060606,0.323863636363636
"3521",0.766666666666667,0.41862804371445,0.695652173913043,0.789351851851852,0.666666666666667,0.833333333333333,0.333333333333333,0.166666666666667,4,0.4
"3522",0.733333333333333,0.444931974670743,0.5,0.625,0.666666666666667,0.75,0.333333333333333,0.25,2.66666666666667,0.444444444444444
"3523",0.766666666666667,0.420901725347193,0.695652173913043,0.87962962962963,0.666666666666667,0.833333333333333,0.333333333333333,0.166666666666667,4,0.4
"3524",0.8,0.349570068631726,0.7,0.900568181818182,0.875,0.772727272727273,0.125,0.227272727272727,3.85,0.161764705882353
"3525",0.7,0.413777725109248,0.571428571428571,0.721590909090909,0.75,0.681818181818182,0.25,0.318181818181818,2.35714285714286,0.366666666666667
"3526",0.9,0.36261338843546,0.869565217391304,0.915,1,0.85,0,0.15,6.66666666666667,0
"3527",0.766666666666667,0.38576469145712,0.533333333333333,0.767361111111111,0.666666666666667,0.791666666666667,0.333333333333333,0.208333333333333,3.2,0.421052631578947
"3528",0.733333333333333,0.430501448500493,0.666666666666667,0.839366515837104,0.615384615384615,0.823529411764706,0.384615384615385,0.176470588235294,3.48717948717949,0.467032967032967
"3529",0.766666666666667,0.446279564990506,0.72,0.7575,0.9,0.7,0.1,0.3,3,0.142857142857143
"3530",0.7,0.414869266700696,0.608695652173913,0.735449735449735,0.777777777777778,0.666666666666667,0.222222222222222,0.333333333333333,2.33333333333333,0.333333333333333
"3531",0.733333333333333,0.435645109431857,0.666666666666667,0.809954751131222,0.615384615384615,0.823529411764706,0.384615384615385,0.176470588235294,3.48717948717949,0.467032967032967
"3532",0.833333333333333,0.365613284854976,0.761904761904762,0.900568181818182,1,0.772727272727273,0,0.227272727272727,4.4,0
"3533",0.7,0.432100442864555,0.470588235294118,0.839712918660287,0.363636363636364,0.894736842105263,0.636363636363636,0.105263157894737,3.45454545454546,0.711229946524064
"3534",0.833333333333333,0.381368955286406,0.615384615384615,0.795454545454545,0.5,0.954545454545455,0.5,0.0454545454545454,11,0.523809523809524
"3535",0.733333333333333,0.386933646136432,0.6,0.860248447204969,0.857142857142857,0.695652173913043,0.142857142857143,0.304347826086957,2.81632653061224,0.205357142857143
"3536",0.766666666666667,0.395883734089664,0.758620689655172,0.870813397129187,1,0.631578947368421,0,0.368421052631579,2.71428571428571,0
"3537",0.833333333333333,0.419000740604666,0.736842105263158,0.88755980861244,0.636363636363636,0.947368421052632,0.363636363636364,0.0526315789473685,12.0909090909091,0.383838383838384
"3538",0.866666666666667,0.363498214855971,0.8,0.917989417989418,0.888888888888889,0.857142857142857,0.111111111111111,0.142857142857143,6.22222222222222,0.12962962962963
"3539",0.766666666666667,0.378039974264414,0.72,0.843915343915344,1,0.666666666666667,0,0.333333333333333,3,0
"3540",0.666666666666667,0.496051578266909,0.615384615384615,0.714285714285714,0.888888888888889,0.571428571428571,0.111111111111111,0.428571428571429,2.07407407407407,0.194444444444445
"3541",0.766666666666667,0.448188161423215,0.666666666666667,0.851851851851852,0.583333333333333,0.888888888888889,0.416666666666667,0.111111111111111,5.25,0.46875
"3542",0.766666666666667,0.424033984046631,0.533333333333333,0.8575,0.4,0.95,0.6,0.05,7.99999999999999,0.631578947368421
"3543",0.7,0.491209543052764,0.4,0.741626794258373,0.272727272727273,0.947368421052632,0.727272727272727,0.0526315789473685,5.18181818181818,0.767676767676768
"3544",0.8,0.410361486241469,0.727272727272727,0.875,0.666666666666667,0.888888888888889,0.333333333333333,0.111111111111111,6,0.375
"3545",0.8,0.404367100220029,0.75,0.900462962962963,0.75,0.833333333333333,0.25,0.166666666666667,4.5,0.3
"3546",0.733333333333333,0.451844476789423,0.666666666666667,0.75,0.666666666666667,0.777777777777778,0.333333333333333,0.222222222222222,3,0.428571428571429
"3547",0.766666666666667,0.356229628125901,0.740740740740741,0.955,1,0.65,0,0.35,2.85714285714286,0
"3548",0.666666666666667,0.461482155100066,0.615384615384615,0.808035714285714,0.571428571428571,0.75,0.428571428571429,0.25,2.28571428571429,0.571428571428572
"3549",0.733333333333333,0.421990466200504,0.6,0.80622009569378,0.545454545454545,0.842105263157895,0.454545454545455,0.157894736842105,3.45454545454545,0.539772727272727
"3550",0.8,0.355181758314759,0.7,0.903409090909091,0.875,0.772727272727273,0.125,0.227272727272727,3.85,0.161764705882353
"3551",0.966666666666667,0.351880713497199,0.96,0.944444444444444,1,0.944444444444444,0,0.0555555555555556,18,0
"3552",0.7,0.469241695940129,0.571428571428571,0.732954545454545,0.75,0.681818181818182,0.25,0.318181818181818,2.35714285714286,0.366666666666667
"3553",0.8,0.381491494354923,0.727272727272727,0.880952380952381,0.888888888888889,0.761904761904762,0.111111111111111,0.238095238095238,3.73333333333333,0.145833333333333
"3554",0.8,0.389818116222102,0.7,0.857142857142857,0.777777777777778,0.80952380952381,0.222222222222222,0.19047619047619,4.08333333333333,0.274509803921569
"3555",0.766666666666667,0.422646443002399,0.695652173913043,0.872685185185185,0.666666666666667,0.833333333333333,0.333333333333333,0.166666666666667,4,0.4
"3556",0.8,0.385141239350178,0.666666666666667,0.795031055900621,0.857142857142857,0.782608695652174,0.142857142857143,0.217391304347826,3.94285714285714,0.182539682539683
"3557",0.8,0.35970049591085,0.666666666666667,0.819875776397516,0.857142857142857,0.782608695652174,0.142857142857143,0.217391304347826,3.94285714285714,0.182539682539683
"3558",0.733333333333333,0.374272232267548,0.692307692307692,0.8725,0.9,0.65,0.1,0.35,2.57142857142857,0.153846153846154
"3559",0.866666666666667,0.342967525284787,0.777777777777778,0.9375,0.875,0.863636363636364,0.125,0.136363636363636,6.41666666666667,0.144736842105263
"3560",0.866666666666667,0.370135167438724,0.8,0.849206349206349,0.888888888888889,0.857142857142857,0.111111111111111,0.142857142857143,6.22222222222222,0.12962962962963
"3561",0.7,0.328589072217735,0.4,0.836538461538462,0.75,0.692307692307692,0.25,0.307692307692308,2.4375,0.361111111111111
"3562",0.866666666666667,0.368059741804513,0.75,0.891304347826087,0.857142857142857,0.869565217391304,0.142857142857143,0.130434782608696,6.57142857142857,0.164285714285714
"3563",0.8,0.387943972611587,0.666666666666667,0.775568181818182,0.75,0.818181818181818,0.25,0.181818181818182,4.125,0.305555555555556
"3564",0.833333333333333,0.411573198230539,0.782608695652174,0.858851674641148,0.818181818181818,0.842105263157895,0.181818181818182,0.157894736842105,5.18181818181818,0.215909090909091
"3565",0.733333333333333,0.455689205705749,0.6,0.900452488687783,0.461538461538462,0.941176470588235,0.538461538461538,0.0588235294117647,7.84615384615384,0.572115384615385
"3566",0.733333333333333,0.384842074805549,0.5,0.698757763975155,0.571428571428571,0.782608695652174,0.428571428571429,0.217391304347826,2.62857142857143,0.547619047619048
"3567",0.733333333333333,0.439687630339499,0.666666666666667,0.751322751322751,0.888888888888889,0.666666666666667,0.111111111111111,0.333333333333333,2.66666666666667,0.166666666666667
"3568",0.8,0.412745104773127,0.75,0.912037037037037,0.75,0.833333333333333,0.25,0.166666666666667,4.5,0.3
"3569",0.766666666666667,0.343481258597882,0.695652173913043,0.971590909090909,1,0.681818181818182,0,0.318181818181818,3.14285714285714,0
"3570",0.766666666666667,0.388495911453519,0.666666666666667,0.795454545454545,0.875,0.727272727272727,0.125,0.272727272727273,3.20833333333333,0.171875
"3571",0.666666666666667,0.492883066341398,0.545454545454545,0.704545454545455,0.75,0.636363636363636,0.25,0.363636363636364,2.0625,0.392857142857143
"3572",0.866666666666667,0.370231567066311,0.777777777777778,0.849206349206349,0.777777777777778,0.904761904761905,0.222222222222222,0.0952380952380952,8.16666666666667,0.245614035087719
"3573",0.733333333333333,0.415261649915191,0.6,0.84688995215311,0.545454545454545,0.842105263157895,0.454545454545455,0.157894736842105,3.45454545454545,0.539772727272727
"3574",0.833333333333333,0.339876954551313,0.761904761904762,0.954545454545455,1,0.772727272727273,0,0.227272727272727,4.4,0
"3575",0.766666666666667,0.392763696613409,0.666666666666667,0.806878306878307,0.777777777777778,0.761904761904762,0.222222222222222,0.238095238095238,3.26666666666667,0.291666666666667
"3576",0.8,0.41399346867483,0.666666666666667,0.7725,0.6,0.9,0.4,0.1,6,0.444444444444444
"3577",0.766666666666667,0.400218743588765,0.631578947368421,0.861244019138756,0.545454545454545,0.894736842105263,0.454545454545455,0.105263157894737,5.18181818181818,0.508021390374332
"3578",0.9,0.384862936107294,0.823529411764706,0.925,0.7,1,0.3,0,Inf,0.3
"3579",0.8,0.464220480760991,0.8,0.796380090497738,0.923076923076923,0.705882352941177,0.0769230769230769,0.294117647058823,3.13846153846154,0.108974358974359
"3580",0.8,0.394236634955764,0.666666666666667,0.8675,0.6,0.9,0.4,0.1,6,0.444444444444444
"3581",0.8,0.394094104385963,0.727272727272727,0.885167464114832,0.727272727272727,0.842105263157895,0.272727272727273,0.157894736842105,4.6060606060606,0.323863636363636
"3582",0.9,0.363424834540975,0.769230769230769,0.782608695652174,0.714285714285714,0.956521739130435,0.285714285714286,0.0434782608695652,16.4285714285714,0.298701298701299
"3583",0.766666666666667,0.418300468868151,0.631578947368421,0.825,0.6,0.85,0.4,0.15,4,0.470588235294118
"3584",0.8,0.381983113573388,0.727272727272727,0.865079365079365,0.888888888888889,0.761904761904762,0.111111111111111,0.238095238095238,3.73333333333333,0.145833333333333
"3585",0.766666666666667,0.395794434660815,0.666666666666667,0.849431818181818,0.875,0.727272727272727,0.125,0.272727272727273,3.20833333333333,0.171875
"3586",0.733333333333333,0.44159805479818,0.5,0.7275,0.4,0.9,0.6,0.1,4,0.666666666666667
"3587",0.766666666666667,0.439219963538122,0.72,0.824074074074074,0.75,0.777777777777778,0.25,0.222222222222222,3.375,0.321428571428571
"3588",0.733333333333333,0.412745282149604,0.555555555555556,0.773291925465838,0.714285714285714,0.739130434782609,0.285714285714286,0.260869565217391,2.73809523809524,0.38655462184874
"3589",0.7,0.399523754648888,0.608695652173913,0.775132275132275,0.777777777777778,0.666666666666667,0.222222222222222,0.333333333333333,2.33333333333333,0.333333333333333
"3590",0.666666666666667,0.439519614248937,0.583333333333333,0.738636363636364,0.875,0.590909090909091,0.125,0.409090909090909,2.13888888888889,0.211538461538462
"3591",0.8,0.403627351680201,0.727272727272727,0.832535885167464,0.727272727272727,0.842105263157895,0.272727272727273,0.157894736842105,4.6060606060606,0.323863636363636
"3592",0.866666666666667,0.378461673880538,0.777777777777778,0.97,0.7,0.95,0.3,0.05,14,0.315789473684211
"3593",0.9,0.361746665509749,0.842105263157895,0.889204545454545,1,0.863636363636364,0,0.136363636363636,7.33333333333333,0
"3594",0.766666666666667,0.349658715731212,0.666666666666667,0.93167701863354,1,0.695652173913043,0,0.304347826086957,3.28571428571429,0
"3595",0.666666666666667,0.443143258925084,0.5,0.704545454545455,0.625,0.681818181818182,0.375,0.318181818181818,1.96428571428571,0.55
"3596",0.733333333333333,0.35916790946037,0.6,0.872670807453416,0.857142857142857,0.695652173913043,0.142857142857143,0.304347826086957,2.81632653061224,0.205357142857143
"3597",0.666666666666667,0.494144988885171,0.5,0.763888888888889,0.416666666666667,0.833333333333333,0.583333333333333,0.166666666666667,2.5,0.7
"3598",0.833333333333333,0.35547879470564,0.736842105263158,0.894886363636364,0.875,0.818181818181818,0.125,0.181818181818182,4.8125,0.152777777777778
"3599",0.8,0.335756328930724,0.7,0.920454545454545,0.875,0.772727272727273,0.125,0.227272727272727,3.85,0.161764705882353
"3600",0.766666666666667,0.38925519157535,0.533333333333333,0.672,0.8,0.76,0.2,0.24,3.33333333333333,0.263157894736842
"3601",0.733333333333333,0.423944462616223,0.636363636363636,0.80622009569378,0.636363636363636,0.789473684210526,0.363636363636364,0.210526315789474,3.02272727272727,0.460606060606061
"3602",0.8,0.413400621255552,0.666666666666667,0.940191387559809,0.545454545454545,0.947368421052632,0.454545454545455,0.0526315789473685,10.3636363636364,0.47979797979798
"3603",0.833333333333333,0.339082445996476,0.666666666666667,0.872670807453416,0.714285714285714,0.869565217391304,0.285714285714286,0.130434782608696,5.47619047619048,0.328571428571429
"3604",0.833333333333333,0.344184285385605,0.615384615384615,0.836,0.8,0.84,0.2,0.16,5,0.238095238095238
"3605",0.8,0.375561448373083,0.727272727272727,0.878306878306878,0.888888888888889,0.761904761904762,0.111111111111111,0.238095238095238,3.73333333333333,0.145833333333333
"3606",0.8,0.453519790161006,0.75,0.904977375565611,0.692307692307692,0.882352941176471,0.307692307692308,0.117647058823529,5.88461538461538,0.348717948717949
"3607",0.766666666666667,0.38829441207924,0.72,0.8775,0.9,0.7,0.1,0.3,3,0.142857142857143
"3608",0.766666666666667,0.395892720932754,0.695652173913043,0.804232804232804,0.888888888888889,0.714285714285714,0.111111111111111,0.285714285714286,3.11111111111111,0.155555555555556
"3609",0.733333333333333,0.453951831832871,0.636363636363636,0.773755656108597,0.538461538461538,0.882352941176471,0.461538461538462,0.117647058823529,4.57692307692308,0.523076923076923
"3610",0.866666666666667,0.398793732885889,0.818181818181818,0.971291866028708,0.818181818181818,0.894736842105263,0.181818181818182,0.105263157894737,7.77272727272727,0.203208556149733
"3611",0.8,0.375683856960955,0.769230769230769,0.91,1,0.7,0,0.3,3.33333333333333,0
"3612",0.833333333333333,0.438473098712808,0.8,0.918552036199095,0.769230769230769,0.882352941176471,0.230769230769231,0.117647058823529,6.53846153846154,0.261538461538461
"3613",0.7,0.443559235657612,0.666666666666667,0.832589285714286,0.642857142857143,0.75,0.357142857142857,0.25,2.57142857142857,0.476190476190476
"3614",0.8,0.383552379832999,0.7,0.854497354497354,0.777777777777778,0.80952380952381,0.222222222222222,0.19047619047619,4.08333333333333,0.274509803921569
"3615",0.7,0.375904093066472,0.608695652173913,0.852272727272727,0.875,0.636363636363636,0.125,0.363636363636364,2.40625,0.196428571428571
"3616",0.766666666666667,0.420556222566901,0.588235294117647,0.795138888888889,0.833333333333333,0.75,0.166666666666667,0.25,3.33333333333333,0.222222222222222
"3617",0.666666666666667,0.500622120849506,0.545454545454545,0.773333333333333,0.4,0.933333333333333,0.6,0.0666666666666667,6,0.642857142857143
"3618",0.766666666666667,0.40133917844407,0.533333333333333,0.9025,0.4,0.95,0.6,0.05,7.99999999999999,0.631578947368421
"3619",0.833333333333333,0.380289284899162,0.761904761904762,0.835978835978836,0.888888888888889,0.80952380952381,0.111111111111111,0.19047619047619,4.66666666666667,0.137254901960784
"3620",0.733333333333333,0.411482921287595,0.5,0.735795454545454,0.5,0.818181818181818,0.5,0.181818181818182,2.75,0.611111111111111
"3621",0.833333333333333,0.373591559447755,0.736842105263158,0.925,0.7,0.9,0.3,0.1,7,0.333333333333333
"3622",0.833333333333333,0.351614865517679,0.666666666666667,0.805555555555556,0.833333333333333,0.833333333333333,0.166666666666667,0.166666666666667,5,0.2
"3623",0.8,0.365770763539906,0.75,0.8875,0.9,0.75,0.1,0.25,3.6,0.133333333333333
"3624",0.8,0.451227294554462,0.727272727272727,0.8710407239819,0.615384615384615,0.941176470588235,0.384615384615385,0.0588235294117647,10.4615384615385,0.408653846153846
"3625",0.7,0.475907390052174,0.526315789473684,0.791855203619909,0.384615384615385,0.941176470588235,0.615384615384615,0.0588235294117647,6.53846153846154,0.653846153846154
"3626",0.733333333333333,0.449033492289739,0.692307692307692,0.751196172248804,0.818181818181818,0.684210526315789,0.181818181818182,0.315789473684211,2.59090909090909,0.265734265734266
"3627",0.833333333333333,0.355974563943872,0.761904761904762,0.862433862433862,0.888888888888889,0.80952380952381,0.111111111111111,0.19047619047619,4.66666666666667,0.137254901960784
"3628",0.9,0.367444974329337,0.823529411764706,0.863636363636364,0.875,0.909090909090909,0.125,0.0909090909090909,9.625,0.1375
"3629",0.866666666666667,0.377856852093243,0.8,0.915343915343915,0.888888888888889,0.857142857142857,0.111111111111111,0.142857142857143,6.22222222222222,0.12962962962963
"3630",0.766666666666667,0.364807314007701,0.631578947368421,0.828042328042328,0.666666666666667,0.80952380952381,0.333333333333333,0.19047619047619,3.5,0.411764705882353
"3631",0.733333333333333,0.412403342086064,0.555555555555556,0.664596273291925,0.714285714285714,0.739130434782609,0.285714285714286,0.260869565217391,2.73809523809524,0.38655462184874
"3632",0.8,0.377603209562618,0.666666666666667,0.773291925465838,0.857142857142857,0.782608695652174,0.142857142857143,0.217391304347826,3.94285714285714,0.182539682539683
"3633",0.733333333333333,0.351715151708803,0.666666666666667,0.931818181818182,1,0.636363636363636,0,0.363636363636364,2.75,0
"3634",0.8,0.378134193451884,0.75,0.885,0.9,0.75,0.1,0.25,3.6,0.133333333333333
"3635",0.733333333333333,0.40947626166325,0.6,0.822966507177033,0.545454545454545,0.842105263157895,0.454545454545455,0.157894736842105,3.45454545454545,0.539772727272727
"3636",0.8,0.409450208013744,0.75,0.87037037037037,0.75,0.833333333333333,0.25,0.166666666666667,4.5,0.3
"3637",0.8,0.341880389722714,0.666666666666667,0.897515527950311,0.857142857142857,0.782608695652174,0.142857142857143,0.217391304347826,3.94285714285714,0.182539682539683
"3638",0.766666666666667,0.433512123182802,0.631578947368421,0.791866028708134,0.545454545454545,0.894736842105263,0.454545454545455,0.105263157894737,5.18181818181818,0.508021390374332
"3639",0.766666666666667,0.404974312941424,0.72,0.8375,0.9,0.7,0.1,0.3,3,0.142857142857143
"3640",0.733333333333333,0.396819403742222,0.6,0.764204545454545,0.75,0.727272727272727,0.25,0.272727272727273,2.75,0.34375
"3641",0.7,0.386390884223364,0.571428571428571,0.785714285714286,0.857142857142857,0.652173913043478,0.142857142857143,0.347826086956522,2.46428571428571,0.219047619047619
"3642",0.9,0.393898717773374,0.857142857142857,0.978468899521531,0.818181818181818,0.947368421052632,0.181818181818182,0.0526315789473685,15.5454545454545,0.191919191919192
"3643",0.766666666666667,0.378314401274859,0.695652173913043,0.825396825396825,0.888888888888889,0.714285714285714,0.111111111111111,0.285714285714286,3.11111111111111,0.155555555555556
"3644",0.8,0.42736838202021,0.75,0.925925925925926,0.75,0.833333333333333,0.25,0.166666666666667,4.5,0.3
"3645",0.8,0.381736807124162,0.727272727272727,0.849206349206349,0.888888888888889,0.761904761904762,0.111111111111111,0.238095238095238,3.73333333333333,0.145833333333333
"3646",0.766666666666667,0.400536878779743,0.695652173913043,0.830687830687831,0.888888888888889,0.714285714285714,0.111111111111111,0.285714285714286,3.11111111111111,0.155555555555556
"3647",0.766666666666667,0.405604049566986,0.740740740740741,0.818181818181818,0.909090909090909,0.684210526315789,0.0909090909090909,0.315789473684211,2.87878787878788,0.132867132867133
"3648",0.733333333333333,0.383542549260654,0.666666666666667,0.82010582010582,0.888888888888889,0.666666666666667,0.111111111111111,0.333333333333333,2.66666666666667,0.166666666666667
"3649",0.833333333333333,0.369607826664373,0.736842105263158,0.926136363636364,0.875,0.818181818181818,0.125,0.181818181818182,4.8125,0.152777777777778
"3650",0.833333333333333,0.334292550730516,0.666666666666667,0.840277777777778,0.833333333333333,0.833333333333333,0.166666666666667,0.166666666666667,5,0.2
"3651",0.6,0.445333350320976,0.538461538461538,0.675,0.7,0.55,0.3,0.45,1.55555555555556,0.545454545454546
"3652",0.8,0.40615429361279,0.571428571428571,0.8975,0.4,1,0.6,0,Inf,0.6
"3653",0.833333333333333,0.416364683169083,0.736842105263158,0.849282296650718,0.636363636363636,0.947368421052632,0.363636363636364,0.0526315789473685,12.0909090909091,0.383838383838384
"3654",0.7,0.447743429801976,0.64,0.74,0.8,0.65,0.2,0.35,2.28571428571429,0.307692307692308
"3655",0.8,0.44034863512457,0.7,0.814814814814815,0.583333333333333,0.944444444444444,0.416666666666667,0.0555555555555556,10.5,0.441176470588235
"3656",0.8,0.351041219568711,0.666666666666667,0.872159090909091,0.75,0.818181818181818,0.25,0.181818181818182,4.125,0.305555555555556
"3657",0.766666666666667,0.378602572215001,0.695652173913043,0.849206349206349,0.888888888888889,0.714285714285714,0.111111111111111,0.285714285714286,3.11111111111111,0.155555555555556
"3658",0.733333333333333,0.426650741382972,0.714285714285714,0.830316742081448,0.769230769230769,0.705882352941177,0.230769230769231,0.294117647058823,2.61538461538462,0.326923076923077
"3659",0.8,0.408045243248484,0.75,0.838624338624339,1,0.714285714285714,0,0.285714285714286,3.5,0
"3660",0.9,0.342879832949053,0.8,0.897515527950311,0.857142857142857,0.91304347826087,0.142857142857143,0.0869565217391305,9.85714285714285,0.156462585034014
"3661",0.833333333333333,0.380439272348207,0.761904761904762,0.901913875598086,0.727272727272727,0.894736842105263,0.272727272727273,0.105263157894737,6.90909090909091,0.304812834224599
"3662",0.833333333333333,0.366934877789036,0.666666666666667,0.835403726708075,0.714285714285714,0.869565217391304,0.285714285714286,0.130434782608696,5.47619047619048,0.328571428571429
"3663",0.8,0.426678901209113,0.727272727272727,0.764550264550265,0.888888888888889,0.761904761904762,0.111111111111111,0.238095238095238,3.73333333333333,0.145833333333333
"3664",0.8,0.411013954205615,0.75,0.898148148148148,0.75,0.833333333333333,0.25,0.166666666666667,4.5,0.3
"3665",0.833333333333333,0.410816201048456,0.736842105263158,0.933014354066986,0.636363636363636,0.947368421052632,0.363636363636364,0.0526315789473685,12.0909090909091,0.383838383838384
"3666",0.733333333333333,0.400941928732366,0.636363636363636,0.78042328042328,0.777777777777778,0.714285714285714,0.222222222222222,0.285714285714286,2.72222222222222,0.311111111111111
"3667",0.8,0.386191467073117,0.7,0.838068181818182,0.875,0.772727272727273,0.125,0.227272727272727,3.85,0.161764705882353
"3668",0.8,0.392561635429444,0.7,0.833333333333333,0.777777777777778,0.80952380952381,0.222222222222222,0.19047619047619,4.08333333333333,0.274509803921569
"3669",0.766666666666667,0.416039080602908,0.666666666666667,0.834928229665072,0.636363636363636,0.842105263157895,0.363636363636364,0.157894736842105,4.03030303030303,0.431818181818182
"3670",0.8,0.406712343232044,0.666666666666667,0.791005291005291,0.666666666666667,0.857142857142857,0.333333333333333,0.142857142857143,4.66666666666667,0.388888888888889
"3671",0.833333333333333,0.364037275724053,0.736842105263158,0.888198757763975,1,0.782608695652174,0,0.217391304347826,4.6,0
"3672",0.866666666666667,0.387229749697977,0.833333333333333,0.905,1,0.8,0,0.2,5,0
"3673",0.733333333333333,0.478445470788044,0.6,0.830316742081448,0.461538461538462,0.941176470588235,0.538461538461538,0.0588235294117647,7.84615384615384,0.572115384615385
"3674",0.733333333333333,0.388412689730844,0.636363636363636,0.828042328042328,0.777777777777778,0.714285714285714,0.222222222222222,0.285714285714286,2.72222222222222,0.311111111111111
"3675",0.8,0.396417189003239,0.666666666666667,0.872670807453416,0.857142857142857,0.782608695652174,0.142857142857143,0.217391304347826,3.94285714285714,0.182539682539683
"3676",0.733333333333333,0.329234866928101,0.636363636363636,0.987577639751553,1,0.652173913043478,0,0.347826086956522,2.875,0
"3677",0.766666666666667,0.441195987089505,0.740740740740741,0.880090497737557,0.769230769230769,0.764705882352941,0.230769230769231,0.235294117647059,3.26923076923077,0.301775147928994
"3678",0.7,0.371936974145831,0.666666666666667,0.902116402116402,1,0.571428571428571,0,0.428571428571429,2.33333333333333,0
"3679",0.833333333333333,0.375095051913859,0.666666666666667,0.850931677018633,0.714285714285714,0.869565217391304,0.285714285714286,0.130434782608696,5.47619047619048,0.328571428571429
"3680",0.766666666666667,0.406424523168161,0.533333333333333,0.82010582010582,0.444444444444444,0.904761904761905,0.555555555555556,0.0952380952380952,4.66666666666667,0.614035087719298
"3681",0.733333333333333,0.414289478791344,0.666666666666667,0.78042328042328,0.888888888888889,0.666666666666667,0.111111111111111,0.333333333333333,2.66666666666667,0.166666666666667
"3682",0.9,0.386361183355567,0.823529411764706,0.9825,0.7,1,0.3,0,Inf,0.3
"3683",0.8,0.370056329315324,0.7,0.880681818181818,0.875,0.772727272727273,0.125,0.227272727272727,3.85,0.161764705882353
"3684",0.833333333333333,0.374197849343413,0.705882352941177,0.878472222222222,1,0.791666666666667,0,0.208333333333333,4.8,0
"3685",0.733333333333333,0.455709457253139,0.636363636363636,0.814814814814815,0.583333333333333,0.833333333333333,0.416666666666667,0.166666666666667,3.5,0.5
"3686",0.833333333333333,0.396129969102718,0.736842105263158,0.9025,0.7,0.9,0.3,0.1,7,0.333333333333333
"3687",0.733333333333333,0.329046378479157,0.6,0.954861111111111,1,0.666666666666667,0,0.333333333333333,3,0
"3688",0.7,0.389054322428952,0.526315789473684,0.77639751552795,0.714285714285714,0.695652173913043,0.285714285714286,0.304347826086957,2.3469387755102,0.410714285714286
"3689",0.9,0.363291146297605,0.869565217391304,1,1,0.85,0,0.15,6.66666666666667,0
"3690",0.866666666666667,0.405164381822288,0.8,0.942583732057416,0.727272727272727,0.947368421052632,0.272727272727273,0.0526315789473685,13.8181818181818,0.287878787878788
"3691",0.766666666666667,0.434166708191626,0.588235294117647,0.735,0.5,0.9,0.5,0.1,5,0.555555555555556
"3692",0.766666666666667,0.392091326555599,0.666666666666667,0.84375,0.875,0.727272727272727,0.125,0.272727272727273,3.20833333333333,0.171875
"3693",0.7,0.477093545367084,0.608695652173913,0.724867724867725,0.777777777777778,0.666666666666667,0.222222222222222,0.333333333333333,2.33333333333333,0.333333333333333
"3694",0.733333333333333,0.389336734204515,0.6,0.782608695652174,0.857142857142857,0.695652173913043,0.142857142857143,0.304347826086957,2.81632653061224,0.205357142857143
"3695",0.7,0.395840096832318,0.526315789473684,0.833333333333333,0.833333333333333,0.666666666666667,0.166666666666667,0.333333333333333,2.5,0.25
"3696",0.766666666666667,0.453467914873027,0.695652173913043,0.914027149321267,0.615384615384615,0.882352941176471,0.384615384615385,0.117647058823529,5.23076923076923,0.435897435897436
"3697",0.8,0.401473030358131,0.75,0.843915343915344,1,0.714285714285714,0,0.285714285714286,3.5,0
"3698",0.833333333333333,0.44416040792402,0.827586206896552,0.9,0.8,0.866666666666667,0.2,0.133333333333333,6,0.230769230769231
"3699",0.766666666666667,0.416683520351048,0.72,0.811004784688995,0.818181818181818,0.736842105263158,0.181818181818182,0.263157894736842,3.10909090909091,0.246753246753247
"3700",0.933333333333333,0.371107915450216,0.9,0.97,0.9,0.95,0.1,0.05,18,0.105263157894737
"3701",0.7,0.427732434028462,0.608695652173913,0.767942583732057,0.636363636363636,0.736842105263158,0.363636363636364,0.263157894736842,2.41818181818182,0.493506493506494
"3702",0.7,0.423706699383957,0.470588235294118,0.664596273291925,0.571428571428571,0.739130434782609,0.428571428571429,0.260869565217391,2.19047619047619,0.579831932773109
"3703",0.733333333333333,0.423905257538847,0.5,0.775,0.4,0.9,0.6,0.1,4,0.666666666666667
"3704",0.666666666666667,0.377491422095871,0.5,0.84,1,0.6,0,0.4,2.5,0
"3705",0.733333333333333,0.423120130088769,0.714285714285714,0.777777777777778,0.833333333333333,0.666666666666667,0.166666666666667,0.333333333333333,2.5,0.25
"3706",0.8,0.417832919538236,0.727272727272727,0.791005291005291,0.888888888888889,0.761904761904762,0.111111111111111,0.238095238095238,3.73333333333333,0.145833333333333
"3707",0.766666666666667,0.429418810757569,0.758620689655172,0.787037037037037,0.916666666666667,0.666666666666667,0.0833333333333334,0.333333333333333,2.75,0.125
"3708",0.7,0.500703157013399,0.571428571428571,0.852678571428571,0.428571428571429,0.9375,0.571428571428571,0.0625,6.85714285714286,0.609523809523809
"3709",0.7,0.454173367969477,0.709677419354839,0.761574074074074,0.916666666666667,0.555555555555556,0.0833333333333334,0.444444444444444,2.0625,0.15
"3710",0.833333333333333,0.409165885585336,0.761904761904762,0.84688995215311,0.727272727272727,0.894736842105263,0.272727272727273,0.105263157894737,6.90909090909091,0.304812834224599
"3711",0.866666666666667,0.338332822893598,0.714285714285714,0.872670807453416,0.714285714285714,0.91304347826087,0.285714285714286,0.0869565217391305,8.21428571428571,0.312925170068027
"3712",0.733333333333333,0.462300733395905,0.6,0.740740740740741,0.666666666666667,0.761904761904762,0.333333333333333,0.238095238095238,2.8,0.4375
"3713",0.8,0.41092964323321,0.666666666666667,0.8475,0.6,0.9,0.4,0.1,6,0.444444444444444
"3714",0.666666666666667,0.477158742094306,0.375,0.6725,0.3,0.85,0.7,0.15,2,0.823529411764706
"3715",0.8,0.396855864050207,0.727272727272727,0.857954545454545,1,0.727272727272727,0,0.272727272727273,3.66666666666667,0
"3716",0.7,0.412047981095982,0.526315789473684,0.849282296650718,0.454545454545455,0.842105263157895,0.545454545454545,0.157894736842105,2.87878787878788,0.647727272727273
"3717",0.833333333333333,0.385675640205861,0.736842105263158,0.812169312169312,0.777777777777778,0.857142857142857,0.222222222222222,0.142857142857143,5.44444444444444,0.259259259259259
"3718",0.8,0.452592203702429,0.666666666666667,0.746411483253589,0.545454545454545,0.947368421052632,0.454545454545455,0.0526315789473685,10.3636363636364,0.47979797979798
"3719",0.766666666666667,0.3766833908521,0.695652173913043,0.869318181818182,1,0.681818181818182,0,0.318181818181818,3.14285714285714,0
"3720",0.833333333333333,0.394768997920289,0.8,0.88,1,0.75,0,0.25,4,0
"3721",0.666666666666667,0.507911027597635,0.545454545454545,0.897777777777778,0.4,0.933333333333333,0.6,0.0666666666666667,6,0.642857142857143
"3722",0.733333333333333,0.425170625541674,0.6,0.744318181818182,0.75,0.727272727272727,0.25,0.272727272727273,2.75,0.34375
"3723",0.866666666666667,0.39961965162399,0.777777777777778,0.8975,0.7,0.95,0.3,0.05,14,0.315789473684211
"3724",0.833333333333333,0.418156867493419,0.8,0.849282296650718,0.909090909090909,0.789473684210526,0.0909090909090909,0.210526315789474,4.31818181818182,0.115151515151515
"3725",0.8,0.35840143959301,0.7,0.846590909090909,0.875,0.772727272727273,0.125,0.227272727272727,3.85,0.161764705882353
"3726",0.8,0.434907867111238,0.727272727272727,0.858796296296296,0.666666666666667,0.888888888888889,0.333333333333333,0.111111111111111,6,0.375
"3727",0.866666666666667,0.339008560779547,0.8,0.951704545454545,1,0.818181818181818,0,0.181818181818182,5.5,0
"3728",0.8,0.426163424042111,0.7,0.746031746031746,0.777777777777778,0.80952380952381,0.222222222222222,0.19047619047619,4.08333333333333,0.274509803921569
"3729",0.766666666666667,0.41668404218964,0.666666666666667,0.863636363636364,0.636363636363636,0.842105263157895,0.363636363636364,0.157894736842105,4.03030303030303,0.431818181818182
"3730",0.8,0.407844016961495,0.75,0.86,0.9,0.75,0.1,0.25,3.6,0.133333333333333
"3731",0.733333333333333,0.360430169337206,0.666666666666667,0.878306878306878,0.888888888888889,0.666666666666667,0.111111111111111,0.333333333333333,2.66666666666667,0.166666666666667
"3732",0.766666666666667,0.442147933446116,0.695652173913043,0.755,0.8,0.75,0.2,0.25,3.2,0.266666666666667
"3733",0.8,0.343049315689619,0.7,0.903409090909091,0.875,0.772727272727273,0.125,0.227272727272727,3.85,0.161764705882353
"3734",0.733333333333333,0.381169031291087,0.5,0.746527777777778,0.666666666666667,0.75,0.333333333333333,0.25,2.66666666666667,0.444444444444444
"3735",0.8,0.416716804138998,0.666666666666667,0.854066985645933,0.545454545454545,0.947368421052632,0.454545454545455,0.0526315789473685,10.3636363636364,0.47979797979798
"3736",0.7,0.467945146593565,0.571428571428571,0.80787037037037,0.5,0.833333333333333,0.5,0.166666666666667,3,0.6
"3737",0.8,0.375290695114206,0.666666666666667,0.852272727272727,0.75,0.818181818181818,0.25,0.181818181818182,4.125,0.305555555555556
"3738",0.833333333333333,0.410045669158936,0.761904761904762,0.870813397129187,0.727272727272727,0.894736842105263,0.272727272727273,0.105263157894737,6.90909090909091,0.304812834224599
"3739",0.7,0.403105016147561,0.571428571428571,0.73015873015873,0.666666666666667,0.714285714285714,0.333333333333333,0.285714285714286,2.33333333333333,0.466666666666667
"3740",0.7,0.495741437563717,0.608695652173913,0.706018518518519,0.583333333333333,0.777777777777778,0.416666666666667,0.222222222222222,2.625,0.535714285714286
"3741",0.766666666666667,0.445638587812906,0.666666666666667,0.87962962962963,0.583333333333333,0.888888888888889,0.416666666666667,0.111111111111111,5.25,0.46875
"3742",0.7,0.478078474896619,0.64,0.798642533936652,0.615384615384615,0.764705882352941,0.384615384615385,0.235294117647059,2.61538461538461,0.502958579881657
"3743",0.8,0.382461594521186,0.727272727272727,0.812169312169312,0.888888888888889,0.761904761904762,0.111111111111111,0.238095238095238,3.73333333333333,0.145833333333333
"3744",0.766666666666667,0.411625390539357,0.695652173913043,0.837962962962963,0.666666666666667,0.833333333333333,0.333333333333333,0.166666666666667,4,0.4
"3745",0.733333333333333,0.374622347677738,0.6,0.798136645962733,0.857142857142857,0.695652173913043,0.142857142857143,0.304347826086957,2.81632653061224,0.205357142857143
"3746",0.833333333333333,0.398854971657011,0.782608695652174,0.849206349206349,1,0.761904761904762,0,0.238095238095238,4.2,0
"3747",0.766666666666667,0.409366800376502,0.631578947368421,0.754658385093168,0.857142857142857,0.739130434782609,0.142857142857143,0.260869565217391,3.28571428571429,0.19327731092437
"3748",0.866666666666667,0.378056913215469,0.777777777777778,0.872159090909091,0.875,0.863636363636364,0.125,0.136363636363636,6.41666666666667,0.144736842105263
"3749",0.8,0.396726864123492,0.75,0.8525,0.9,0.75,0.1,0.25,3.6,0.133333333333333
"3750",0.666666666666667,0.381129695266925,0.583333333333333,0.798941798941799,0.777777777777778,0.619047619047619,0.222222222222222,0.380952380952381,2.04166666666667,0.358974358974359
"3751",0.733333333333333,0.442523267096122,0.555555555555556,0.858851674641148,0.454545454545455,0.894736842105263,0.545454545454545,0.105263157894737,4.31818181818182,0.609625668449198
"3752",0.766666666666667,0.409703991232126,0.631578947368421,0.7925,0.6,0.85,0.4,0.15,4,0.470588235294118
"3753",0.866666666666667,0.375708588319237,0.833333333333333,0.88,1,0.8,0,0.2,5,0
"3754",0.733333333333333,0.385281249210934,0.636363636363636,0.806818181818182,0.875,0.681818181818182,0.125,0.318181818181818,2.75,0.183333333333333
"3755",0.7,0.411976524474917,0.689655172413793,0.80622009569378,0.909090909090909,0.578947368421053,0.0909090909090909,0.421052631578947,2.15909090909091,0.15702479338843
"3756",0.766666666666667,0.383804949469011,0.72,0.867724867724868,1,0.666666666666667,0,0.333333333333333,3,0
"3757",0.666666666666667,0.449681951435489,0.545454545454545,0.803240740740741,0.5,0.777777777777778,0.5,0.222222222222222,2.25,0.642857142857143
"3758",0.866666666666667,0.352221681570973,0.777777777777778,0.840909090909091,0.875,0.863636363636364,0.125,0.136363636363636,6.41666666666667,0.144736842105263
"3759",0.766666666666667,0.382069062666405,0.631578947368421,0.862433862433862,0.666666666666667,0.80952380952381,0.333333333333333,0.19047619047619,3.5,0.411764705882353
"3760",0.866666666666667,0.372455780228629,0.75,0.881944444444444,1,0.833333333333333,0,0.166666666666667,6,0
"3761",0.866666666666667,0.404672923302865,0.777777777777778,0.8675,0.7,0.95,0.3,0.05,14,0.315789473684211
"3762",0.766666666666667,0.40820862202189,0.666666666666667,0.80622009569378,0.636363636363636,0.842105263157895,0.363636363636364,0.157894736842105,4.03030303030303,0.431818181818182
"3763",0.833333333333333,0.360676954330205,0.736842105263158,0.863636363636364,0.875,0.818181818181818,0.125,0.181818181818182,4.8125,0.152777777777778
"3764",0.8,0.394247518819136,0.7,0.821022727272727,0.875,0.772727272727273,0.125,0.227272727272727,3.85,0.161764705882353
"3765",0.8,0.40874412623847,0.625,0.756613756613757,0.555555555555556,0.904761904761905,0.444444444444444,0.0952380952380952,5.83333333333333,0.491228070175439
"3766",0.766666666666667,0.414884988552673,0.533333333333333,0.798941798941799,0.444444444444444,0.904761904761905,0.555555555555556,0.0952380952380952,4.66666666666667,0.614035087719298
"3767",0.633333333333333,0.509395231339157,0.352941176470588,0.800904977375566,0.230769230769231,0.941176470588235,0.769230769230769,0.0588235294117647,3.92307692307692,0.817307692307692
"3768",0.666666666666667,0.478709250746074,0.5,0.653409090909091,0.625,0.681818181818182,0.375,0.318181818181818,1.96428571428571,0.55
"3769",0.7,0.408852499858128,0.470588235294118,0.8025,0.4,0.85,0.6,0.15,2.66666666666667,0.705882352941177
"3770",0.8,0.362024037740189,0.7,0.832386363636364,0.875,0.772727272727273,0.125,0.227272727272727,3.85,0.161764705882353
"3771",0.7,0.455507497101475,0.64,0.69,0.8,0.65,0.2,0.35,2.28571428571429,0.307692307692308
"3772",0.8,0.385903297320635,0.727272727272727,0.825396825396825,0.888888888888889,0.761904761904762,0.111111111111111,0.238095238095238,3.73333333333333,0.145833333333333
"3773",0.733333333333333,0.374029682991678,0.636363636363636,0.84375,0.875,0.681818181818182,0.125,0.318181818181818,2.75,0.183333333333333
"3774",0.7,0.460508737455353,0.64,0.766968325791855,0.615384615384615,0.764705882352941,0.384615384615385,0.235294117647059,2.61538461538461,0.502958579881657
"3775",0.866666666666667,0.382869758151832,0.777777777777778,0.8875,0.7,0.95,0.3,0.05,14,0.315789473684211
"3776",0.7,0.417556313971633,0.526315789473684,0.8375,0.5,0.8,0.5,0.2,2.5,0.625
"3777",0.766666666666667,0.369339727958947,0.631578947368421,0.795031055900621,0.857142857142857,0.739130434782609,0.142857142857143,0.260869565217391,3.28571428571429,0.19327731092437
"3778",0.733333333333333,0.365862062854179,0.636363636363636,0.87888198757764,1,0.652173913043478,0,0.347826086956522,2.875,0
"3779",0.9,0.388134287127525,0.842105263157895,0.945,0.8,0.95,0.2,0.05,16,0.210526315789474
"3780",0.8,0.411319970754907,0.666666666666667,0.86,0.6,0.9,0.4,0.1,6,0.444444444444444
"3781",0.633333333333333,0.512073975252626,0.521739130434783,0.630434782608696,0.857142857142857,0.565217391304348,0.142857142857143,0.434782608695652,1.97142857142857,0.252747252747253
"3782",0.766666666666667,0.355793399156831,0.631578947368421,0.909722222222222,1,0.708333333333333,0,0.291666666666667,3.42857142857143,0
"3783",0.666666666666667,0.506514150420617,0.583333333333333,0.701357466063348,0.538461538461538,0.764705882352941,0.461538461538462,0.235294117647059,2.28846153846154,0.603550295857988
"3784",0.766666666666667,0.441486513572485,0.72,0.833333333333333,1,0.666666666666667,0,0.333333333333333,3,0
"3785",0.8,0.391904913866887,0.7,0.88,0.7,0.85,0.3,0.15,4.66666666666667,0.352941176470588
"3786",0.7,0.428584973459228,0.526315789473684,0.7775,0.5,0.8,0.5,0.2,2.5,0.625
"3787",0.8,0.413795915812448,0.571428571428571,0.80952380952381,0.444444444444444,0.952380952380952,0.555555555555556,0.0476190476190477,9.33333333333332,0.583333333333333
"3788",0.8,0.379192263453322,0.727272727272727,0.875661375661376,0.888888888888889,0.761904761904762,0.111111111111111,0.238095238095238,3.73333333333333,0.145833333333333
"3789",0.833333333333333,0.357354413829111,0.705882352941177,0.895833333333333,1,0.791666666666667,0,0.208333333333333,4.8,0
"3790",0.8,0.409037445475834,0.666666666666667,0.835,0.6,0.9,0.4,0.1,6,0.444444444444444
"3791",0.866666666666667,0.415294303357884,0.818181818181818,0.854166666666667,0.75,0.944444444444444,0.25,0.0555555555555556,13.5,0.264705882352941
"3792",0.7,0.478660487164625,0.608695652173913,0.798642533936652,0.538461538461538,0.823529411764706,0.461538461538462,0.176470588235294,3.05128205128205,0.56043956043956
"3793",0.766666666666667,0.389996077453696,0.72,0.862433862433862,1,0.666666666666667,0,0.333333333333333,3,0
"3794",0.8,0.423671828496064,0.666666666666667,0.925925925925926,0.5,1,0.5,0,Inf,0.5
"3795",0.7,0.441350942854869,0.571428571428571,0.824074074074074,0.5,0.833333333333333,0.5,0.166666666666667,3,0.6
"3796",0.7,0.434501012025584,0.470588235294118,0.77,0.4,0.85,0.6,0.15,2.66666666666667,0.705882352941177
"3797",0.733333333333333,0.411063446874136,0.692307692307692,0.801587301587302,1,0.619047619047619,0,0.380952380952381,2.625,0
"3798",0.833333333333333,0.45127870202176,0.782608695652174,0.975113122171946,0.692307692307692,0.941176470588235,0.307692307692308,0.0588235294117647,11.7692307692308,0.326923076923077
"3799",0.766666666666667,0.394386104777362,0.666666666666667,0.772486772486772,0.777777777777778,0.761904761904762,0.222222222222222,0.238095238095238,3.26666666666667,0.291666666666667
"3800",0.8,0.4110112584527,0.727272727272727,0.80952380952381,0.888888888888889,0.761904761904762,0.111111111111111,0.238095238095238,3.73333333333333,0.145833333333333
"3801",0.733333333333333,0.409157125915384,0.428571428571429,0.817460317460317,0.333333333333333,0.904761904761905,0.666666666666667,0.0952380952380952,3.5,0.736842105263158
"3802",0.733333333333333,0.413342138400204,0.714285714285714,0.805555555555555,0.833333333333333,0.666666666666667,0.166666666666667,0.333333333333333,2.5,0.25
"3803",0.866666666666667,0.407595886641528,0.818181818181818,0.953703703703704,0.75,0.944444444444444,0.25,0.0555555555555556,13.5,0.264705882352941
"3804",0.8,0.390823715128497,0.666666666666667,0.8475,0.6,0.9,0.4,0.1,6,0.444444444444444
"3805",0.866666666666667,0.350394036478846,0.714285714285714,0.860248447204969,0.714285714285714,0.91304347826087,0.285714285714286,0.0869565217391305,8.21428571428571,0.312925170068027
"3806",0.666666666666667,0.464784717228382,0.583333333333333,0.782805429864253,0.538461538461538,0.764705882352941,0.461538461538462,0.235294117647059,2.28846153846154,0.603550295857988
"3807",0.8,0.377664389886622,0.727272727272727,0.857142857142857,0.888888888888889,0.761904761904762,0.111111111111111,0.238095238095238,3.73333333333333,0.145833333333333
"3808",0.766666666666667,0.418644047488097,0.695652173913043,0.763157894736842,0.727272727272727,0.789473684210526,0.272727272727273,0.210526315789474,3.45454545454546,0.345454545454545
"3809",0.8,0.406692084111456,0.625,0.8475,0.5,0.95,0.5,0.05,9.99999999999999,0.526315789473684
"3810",0.766666666666667,0.430020924066171,0.631578947368421,0.849282296650718,0.545454545454545,0.894736842105263,0.454545454545455,0.105263157894737,5.18181818181818,0.508021390374332
"3811",0.766666666666667,0.416368137365462,0.695652173913043,0.76,0.8,0.75,0.2,0.25,3.2,0.266666666666667
"3812",0.833333333333333,0.368721492538578,0.761904761904762,0.873015873015873,0.888888888888889,0.80952380952381,0.111111111111111,0.19047619047619,4.66666666666667,0.137254901960784
"3813",0.7,0.405558180039711,0.526315789473684,0.742236024844721,0.714285714285714,0.695652173913043,0.285714285714286,0.304347826086957,2.3469387755102,0.410714285714286
"3814",0.8,0.339888220408555,0.666666666666667,0.934027777777778,1,0.75,0,0.25,4,0
"3815",0.833333333333333,0.395240869337058,0.736842105263158,0.795,0.7,0.9,0.3,0.1,7,0.333333333333333
"3816",0.733333333333333,0.436701649659109,0.636363636363636,0.814814814814815,0.583333333333333,0.833333333333333,0.416666666666667,0.166666666666667,3.5,0.5
"3817",0.833333333333333,0.436213877934684,0.761904761904762,0.923076923076923,0.615384615384615,1,0.384615384615385,0,Inf,0.384615384615385
"3818",0.966666666666667,0.37073781526731,0.947368421052632,0.99,0.9,1,0.1,0,Inf,0.1
"3819",0.833333333333333,0.395706351686195,0.782608695652174,0.905092592592593,0.75,0.888888888888889,0.25,0.111111111111111,6.75,0.28125
"3820",0.8,0.401847973852161,0.666666666666667,0.8325,0.6,0.9,0.4,0.1,6,0.444444444444444
"3821",0.8,0.441670653517276,0.727272727272727,0.895927601809955,0.615384615384615,0.941176470588235,0.384615384615385,0.0588235294117647,10.4615384615385,0.408653846153846
"3822",0.766666666666667,0.374965330109197,0.588235294117647,0.847826086956522,0.714285714285714,0.782608695652174,0.285714285714286,0.217391304347826,3.28571428571429,0.365079365079365
"3823",0.8,0.40905932181599,0.7,0.870813397129186,0.636363636363636,0.894736842105263,0.363636363636364,0.105263157894737,6.04545454545455,0.406417112299465
"3824",0.666666666666667,0.453503285686536,0.444444444444444,0.720095693779904,0.363636363636364,0.842105263157895,0.636363636363636,0.157894736842105,2.3030303030303,0.755681818181818
"3825",0.766666666666667,0.429859323633076,0.588235294117647,0.725694444444445,0.833333333333333,0.75,0.166666666666667,0.25,3.33333333333333,0.222222222222222
"3826",0.8,0.395751542398403,0.727272727272727,0.832535885167464,0.727272727272727,0.842105263157895,0.272727272727273,0.157894736842105,4.6060606060606,0.323863636363636
"3827",0.866666666666667,0.345280490046035,0.777777777777778,0.919254658385093,1,0.826086956521739,0,0.173913043478261,5.75,0
"3828",0.7,0.406881503214339,0.526315789473684,0.696022727272727,0.625,0.727272727272727,0.375,0.272727272727273,2.29166666666667,0.515625
"3829",0.8,0.381683294317375,0.666666666666667,0.885,0.6,0.9,0.4,0.1,6,0.444444444444444
"3830",0.8,0.412746148880924,0.727272727272727,0.901913875598086,0.727272727272727,0.842105263157895,0.272727272727273,0.157894736842105,4.6060606060606,0.323863636363636
"3831",0.8,0.46659760263355,0.75,0.799107142857143,0.642857142857143,0.9375,0.357142857142857,0.0625,10.2857142857143,0.380952380952381
"3832",0.7,0.400077644593675,0.571428571428571,0.857638888888889,1,0.625,0,0.375,2.66666666666667,0
"3833",0.8,0.401354317975702,0.625,0.885,0.5,0.95,0.5,0.05,9.99999999999999,0.526315789473684
"3834",0.866666666666667,0.360255646719738,0.777777777777778,0.909937888198758,1,0.826086956521739,0,0.173913043478261,5.75,0
"3835",0.766666666666667,0.425055052281505,0.666666666666667,0.815789473684211,0.636363636363636,0.842105263157895,0.363636363636364,0.157894736842105,4.03030303030303,0.431818181818182
"3836",0.8,0.399150743657413,0.727272727272727,0.84688995215311,0.727272727272727,0.842105263157895,0.272727272727273,0.157894736842105,4.6060606060606,0.323863636363636
"3837",0.866666666666667,0.388664955110177,0.777777777777778,0.880681818181818,0.875,0.863636363636364,0.125,0.136363636363636,6.41666666666667,0.144736842105263
"3838",0.833333333333333,0.352228522133447,0.736842105263158,0.917613636363636,0.875,0.818181818181818,0.125,0.181818181818182,4.8125,0.152777777777778
"3839",0.733333333333333,0.421156241793893,0.636363636363636,0.779904306220096,0.636363636363636,0.789473684210526,0.363636363636364,0.210526315789474,3.02272727272727,0.460606060606061
"3840",0.733333333333333,0.424553895131086,0.666666666666667,0.8,0.8,0.7,0.2,0.3,2.66666666666667,0.285714285714286
"3841",0.833333333333333,0.37159212271509,0.782608695652174,0.91005291005291,1,0.761904761904762,0,0.238095238095238,4.2,0
"3842",0.9,0.325172726945871,0.823529411764706,0.96583850931677,1,0.869565217391304,0,0.130434782608696,7.66666666666667,0
"3843",0.866666666666667,0.355619875741549,0.777777777777778,0.928571428571429,1,0.826086956521739,0,0.173913043478261,5.75,0
"3844",0.666666666666667,0.437065937392616,0.583333333333333,0.775568181818182,0.875,0.590909090909091,0.125,0.409090909090909,2.13888888888889,0.211538461538462
"3845",0.766666666666667,0.451101537243508,0.695652173913043,0.787330316742081,0.615384615384615,0.882352941176471,0.384615384615385,0.117647058823529,5.23076923076923,0.435897435897436
"3846",0.8,0.361203584512915,0.727272727272727,0.928977272727273,1,0.727272727272727,0,0.272727272727273,3.66666666666667,0
"3847",0.666666666666667,0.433902543500285,0.375,0.755,0.3,0.85,0.7,0.15,2,0.823529411764706
"3848",0.833333333333333,0.330510954808014,0.666666666666667,0.826388888888889,0.833333333333333,0.833333333333333,0.166666666666667,0.166666666666667,5,0.2
"3849",0.7,0.422014769482723,0.571428571428571,0.78042328042328,0.666666666666667,0.714285714285714,0.333333333333333,0.285714285714286,2.33333333333333,0.466666666666667
"3850",0.833333333333333,0.364134377070553,0.736842105263158,0.881987577639752,1,0.782608695652174,0,0.217391304347826,4.6,0
"3851",0.8,0.403164823761059,0.625,0.854497354497354,0.555555555555556,0.904761904761905,0.444444444444444,0.0952380952380952,5.83333333333333,0.491228070175439
"3852",0.866666666666667,0.39389009981715,0.777777777777778,0.88,0.7,0.95,0.3,0.05,14,0.315789473684211
"3853",0.766666666666667,0.349390745618912,0.588235294117647,0.847222222222222,0.833333333333333,0.75,0.166666666666667,0.25,3.33333333333333,0.222222222222222
"3854",0.8,0.363539872345029,0.625,0.836805555555556,0.833333333333333,0.791666666666667,0.166666666666667,0.208333333333333,4,0.210526315789474
"3855",0.7,0.412823951173708,0.470588235294118,0.79,0.4,0.85,0.6,0.15,2.66666666666667,0.705882352941177
"3856",0.766666666666667,0.388629950754237,0.72,0.86,0.9,0.7,0.1,0.3,3,0.142857142857143
"3857",0.766666666666667,0.44444543326353,0.588235294117647,0.720496894409938,0.714285714285714,0.782608695652174,0.285714285714286,0.217391304347826,3.28571428571429,0.365079365079365
"3858",0.866666666666667,0.3794287492912,0.8,0.94,0.8,0.9,0.2,0.1,8,0.222222222222222
"3859",0.766666666666667,0.414731718565147,0.695652173913043,0.891203703703704,0.666666666666667,0.833333333333333,0.333333333333333,0.166666666666667,4,0.4
"3860",0.8,0.400893518423229,0.727272727272727,0.817460317460317,0.888888888888889,0.761904761904762,0.111111111111111,0.238095238095238,3.73333333333333,0.145833333333333
"3861",0.7,0.405732216979058,0.526315789473684,0.729813664596273,0.714285714285714,0.695652173913043,0.285714285714286,0.304347826086957,2.3469387755102,0.410714285714286
"3862",0.7,0.452337130375202,0.526315789473684,0.704968944099379,0.714285714285714,0.695652173913043,0.285714285714286,0.304347826086957,2.3469387755102,0.410714285714286
"3863",0.7,0.437003837803121,0.608695652173913,0.796296296296296,0.583333333333333,0.777777777777778,0.416666666666667,0.222222222222222,2.625,0.535714285714286
"3864",0.733333333333333,0.373738381305779,0.666666666666667,0.891534391534392,0.888888888888889,0.666666666666667,0.111111111111111,0.333333333333333,2.66666666666667,0.166666666666667
"3865",0.733333333333333,0.402046206337444,0.666666666666667,0.7875,0.8,0.7,0.2,0.3,2.66666666666667,0.285714285714286
"3866",0.9,0.410034799345218,0.857142857142857,0.986111111111111,0.75,1,0.25,0,Inf,0.25
"3867",0.766666666666667,0.396207657760418,0.666666666666667,0.772486772486772,0.777777777777778,0.761904761904762,0.222222222222222,0.238095238095238,3.26666666666667,0.291666666666667
"3868",0.633333333333333,0.498010313458071,0.56,0.727513227513227,0.777777777777778,0.571428571428571,0.222222222222222,0.428571428571429,1.81481481481481,0.388888888888889
"3869",0.8,0.352931913287735,0.666666666666667,0.869318181818182,0.75,0.818181818181818,0.25,0.181818181818182,4.125,0.305555555555556
"3870",0.733333333333333,0.438452430275427,0.555555555555556,0.772727272727273,0.454545454545455,0.894736842105263,0.545454545454545,0.105263157894737,4.31818181818182,0.609625668449198
"3871",0.866666666666667,0.376320364634837,0.818181818181818,0.899470899470899,1,0.80952380952381,0,0.19047619047619,5.25,0
"3872",0.766666666666667,0.395016997124236,0.695652173913043,0.812169312169312,0.888888888888889,0.714285714285714,0.111111111111111,0.285714285714286,3.11111111111111,0.155555555555556
"3873",0.7,0.478280075371466,0.526315789473684,0.645962732919255,0.714285714285714,0.695652173913043,0.285714285714286,0.304347826086957,2.3469387755102,0.410714285714286
"3874",0.8,0.446113012527198,0.75,0.886877828054299,0.692307692307692,0.882352941176471,0.307692307692308,0.117647058823529,5.88461538461538,0.348717948717949
"3875",0.766666666666667,0.372028612899032,0.631578947368421,0.846590909090909,0.75,0.772727272727273,0.25,0.227272727272727,3.3,0.323529411764706
"3876",0.8,0.395847964699758,0.727272727272727,0.806878306878307,0.888888888888889,0.761904761904762,0.111111111111111,0.238095238095238,3.73333333333333,0.145833333333333
"3877",0.666666666666667,0.473793227027296,0.5,0.679425837320574,0.454545454545455,0.789473684210526,0.545454545454545,0.210526315789474,2.15909090909091,0.690909090909091
"3878",0.833333333333333,0.385050533223297,0.666666666666667,0.717391304347826,0.714285714285714,0.869565217391304,0.285714285714286,0.130434782608696,5.47619047619048,0.328571428571429
"3879",0.733333333333333,0.411471030536703,0.333333333333333,0.878306878306878,0.222222222222222,0.952380952380952,0.777777777777778,0.0476190476190477,4.66666666666666,0.816666666666667
"3880",0.833333333333333,0.385831145919977,0.705882352941177,0.9425,0.6,0.95,0.4,0.05,12,0.421052631578947
"3881",0.766666666666667,0.406023551129468,0.533333333333333,0.788359788359788,0.444444444444444,0.904761904761905,0.555555555555556,0.0952380952380952,4.66666666666667,0.614035087719298
"3882",0.833333333333333,0.438420897956216,0.736842105263158,0.93287037037037,0.583333333333333,1,0.416666666666667,0,Inf,0.416666666666667
"3883",0.833333333333333,0.361022242794358,0.736842105263158,0.863636363636364,0.875,0.818181818181818,0.125,0.181818181818182,4.8125,0.152777777777778
"3884",0.8,0.38015245351856,0.7,0.866459627329192,1,0.739130434782609,0,0.260869565217391,3.83333333333333,0
"3885",0.8,0.424951916649376,0.625,0.67989417989418,0.555555555555556,0.904761904761905,0.444444444444444,0.0952380952380952,5.83333333333333,0.491228070175439
"3886",0.7,0.447859155819317,0.470588235294118,0.67,0.4,0.85,0.6,0.15,2.66666666666667,0.705882352941177
"3887",0.8,0.374175326708949,0.7,0.877840909090909,0.875,0.772727272727273,0.125,0.227272727272727,3.85,0.161764705882353
"3888",0.733333333333333,0.387476719721492,0.636363636363636,0.809659090909091,0.875,0.681818181818182,0.125,0.318181818181818,2.75,0.183333333333333
"3889",0.833333333333333,0.308165940837446,0.615384615384615,0.82,0.8,0.84,0.2,0.16,5,0.238095238095238
"3890",0.7,0.453606820948429,0.526315789473684,0.727272727272727,0.625,0.727272727272727,0.375,0.272727272727273,2.29166666666667,0.515625
"3891",0.833333333333333,0.395866264750807,0.705882352941177,0.8775,0.6,0.95,0.4,0.05,12,0.421052631578947
"3892",0.666666666666667,0.441524005020053,0.5,0.833333333333333,0.416666666666667,0.833333333333333,0.583333333333333,0.166666666666667,2.5,0.7
"3893",0.8,0.443420142544881,0.7,0.847222222222222,0.583333333333333,0.944444444444444,0.416666666666667,0.0555555555555556,10.5,0.441176470588235
"3894",0.833333333333333,0.408362586100087,0.615384615384615,0.738095238095238,0.444444444444444,1,0.555555555555556,0,Inf,0.555555555555556
"3895",0.8,0.430564079633926,0.727272727272727,0.851851851851852,0.666666666666667,0.888888888888889,0.333333333333333,0.111111111111111,6,0.375
"3896",0.733333333333333,0.392876473473276,0.6,0.755681818181818,0.75,0.727272727272727,0.25,0.272727272727273,2.75,0.34375
"3897",0.733333333333333,0.44361417986058,0.636363636363636,0.858796296296296,0.583333333333333,0.833333333333333,0.416666666666667,0.166666666666667,3.5,0.5
"3898",0.633333333333333,0.419718782894647,0.521739130434783,0.75,0.75,0.590909090909091,0.25,0.409090909090909,1.83333333333333,0.423076923076923
"3899",0.633333333333333,0.477212260022509,0.521739130434783,0.664772727272727,0.75,0.590909090909091,0.25,0.409090909090909,1.83333333333333,0.423076923076923
"3900",0.8,0.42751207242388,0.727272727272727,0.872685185185185,0.666666666666667,0.888888888888889,0.333333333333333,0.111111111111111,6,0.375
"3901",0.733333333333333,0.376682867331556,0.6,0.813664596273292,0.857142857142857,0.695652173913043,0.142857142857143,0.304347826086957,2.81632653061224,0.205357142857143
"3902",0.833333333333333,0.351732741899558,0.761904761904762,0.931818181818182,1,0.772727272727273,0,0.227272727272727,4.4,0
"3903",0.866666666666667,0.369600590196936,0.777777777777778,0.857954545454546,0.875,0.863636363636364,0.125,0.136363636363636,6.41666666666667,0.144736842105263
"3904",0.833333333333333,0.353750801201326,0.736842105263158,0.875,0.875,0.818181818181818,0.125,0.181818181818182,4.8125,0.152777777777778
"3905",0.833333333333333,0.376904971404625,0.705882352941177,0.886363636363636,0.75,0.863636363636364,0.25,0.136363636363636,5.5,0.289473684210526
"3906",0.733333333333333,0.436397086940782,0.666666666666667,0.782407407407407,0.666666666666667,0.777777777777778,0.333333333333333,0.222222222222222,3,0.428571428571429
"3907",0.766666666666667,0.407690859790401,0.588235294117647,0.829861111111111,0.833333333333333,0.75,0.166666666666667,0.25,3.33333333333333,0.222222222222222
"3908",0.9,0.332647641314314,0.823529411764706,0.959627329192547,1,0.869565217391304,0,0.130434782608696,7.66666666666667,0
"3909",0.733333333333333,0.427319256458967,0.666666666666667,0.7425,0.8,0.7,0.2,0.3,2.66666666666667,0.285714285714286
"3910",0.8,0.387194914596435,0.75,0.8525,0.9,0.75,0.1,0.25,3.6,0.133333333333333
"3911",0.633333333333333,0.471206546857587,0.476190476190476,0.72360248447205,0.714285714285714,0.608695652173913,0.285714285714286,0.391304347826087,1.82539682539683,0.469387755102041
"3912",0.733333333333333,0.390954559949347,0.5,0.812,0.8,0.72,0.2,0.28,2.85714285714286,0.277777777777778
"3913",0.733333333333333,0.390025686516065,0.6,0.791005291005291,0.666666666666667,0.761904761904762,0.333333333333333,0.238095238095238,2.8,0.4375
"3914",0.8,0.379519598028579,0.7,0.832386363636364,0.875,0.772727272727273,0.125,0.227272727272727,3.85,0.161764705882353
"3915",0.766666666666667,0.398498928219684,0.758620689655172,0.854166666666667,0.916666666666667,0.666666666666667,0.0833333333333334,0.333333333333333,2.75,0.125
"3916",0.733333333333333,0.463928977219962,0.636363636363636,0.82579185520362,0.538461538461538,0.882352941176471,0.461538461538462,0.117647058823529,4.57692307692308,0.523076923076923
"3917",0.733333333333333,0.4621755449935,0.5,0.875,0.333333333333333,1,0.666666666666667,0,Inf,0.666666666666667
"3918",0.766666666666667,0.411257532580566,0.695652173913043,0.814814814814815,0.888888888888889,0.714285714285714,0.111111111111111,0.285714285714286,3.11111111111111,0.155555555555556
"3919",0.733333333333333,0.402431995381399,0.6,0.792613636363636,0.75,0.727272727272727,0.25,0.272727272727273,2.75,0.34375
"3920",0.8,0.388117256113206,0.666666666666667,0.816770186335404,0.857142857142857,0.782608695652174,0.142857142857143,0.217391304347826,3.94285714285714,0.182539682539683
"3921",0.7,0.446881159705388,0.4,0.73015873015873,0.333333333333333,0.857142857142857,0.666666666666667,0.142857142857143,2.33333333333333,0.777777777777778
"3922",0.733333333333333,0.451505365640117,0.6,0.81712962962963,0.5,0.888888888888889,0.5,0.111111111111111,4.5,0.5625
"3923",0.633333333333333,0.438861485215167,0.476190476190476,0.75,0.833333333333333,0.583333333333333,0.166666666666667,0.416666666666667,2,0.285714285714286
"3924",0.766666666666667,0.400845546561934,0.533333333333333,0.732804232804233,0.444444444444444,0.904761904761905,0.555555555555556,0.0952380952380952,4.66666666666667,0.614035087719298
"3925",0.9,0.331857175629049,0.842105263157895,0.971590909090909,1,0.863636363636364,0,0.136363636363636,7.33333333333333,0
"3926",0.8,0.382477988016737,0.625,0.871527777777778,0.833333333333333,0.791666666666667,0.166666666666667,0.208333333333333,4,0.210526315789474
"3927",0.866666666666667,0.395842962727453,0.75,0.9075,0.6,1,0.4,0,Inf,0.4
"3928",0.8,0.424489015451673,0.727272727272727,0.854066985645933,0.727272727272727,0.842105263157895,0.272727272727273,0.157894736842105,4.6060606060606,0.323863636363636
"3929",0.7,0.420077059733585,0.307692307692308,0.6,0.4,0.76,0.6,0.24,1.66666666666667,0.789473684210526
"3930",0.733333333333333,0.481767805048221,0.636363636363636,0.873333333333333,0.466666666666667,1,0.533333333333333,0,Inf,0.533333333333333
"3931",0.833333333333333,0.411194626370863,0.736842105263158,0.906698564593301,0.636363636363636,0.947368421052632,0.363636363636364,0.0526315789473685,12.0909090909091,0.383838383838384
"3932",0.8,0.402956035830321,0.7,0.832298136645963,1,0.739130434782609,0,0.260869565217391,3.83333333333333,0
"3933",0.8,0.408717468721033,0.727272727272727,0.902777777777778,0.666666666666667,0.888888888888889,0.333333333333333,0.111111111111111,6,0.375
"3934",0.7,0.459898637865449,0.666666666666667,0.776785714285714,0.642857142857143,0.75,0.357142857142857,0.25,2.57142857142857,0.476190476190476
"3935",0.766666666666667,0.36915509947947,0.631578947368421,0.854037267080745,0.857142857142857,0.739130434782609,0.142857142857143,0.260869565217391,3.28571428571429,0.19327731092437
"3936",0.7,0.380119002241727,0.571428571428571,0.841614906832298,0.857142857142857,0.652173913043478,0.142857142857143,0.347826086956522,2.46428571428571,0.219047619047619
"3937",0.8,0.402247630386325,0.75,0.8075,0.9,0.75,0.1,0.25,3.6,0.133333333333333
"3938",0.8,0.395925597247061,0.666666666666667,0.7975,0.6,0.9,0.4,0.1,6,0.444444444444444
"3939",0.933333333333333,0.347178573198862,0.888888888888889,0.940340909090909,1,0.909090909090909,0,0.0909090909090909,11,0
"3940",0.766666666666667,0.398708011440639,0.666666666666667,0.837320574162679,0.636363636363636,0.842105263157895,0.363636363636364,0.157894736842105,4.03030303030303,0.431818181818182
"3941",0.8,0.356858721876763,0.7,0.857954545454545,0.875,0.772727272727273,0.125,0.227272727272727,3.85,0.161764705882353
"3942",0.866666666666667,0.328306741679031,0.6,0.852,0.6,0.92,0.4,0.08,7.5,0.434782608695652
"3943",0.8,0.409304656803061,0.75,0.851851851851852,0.75,0.833333333333333,0.25,0.166666666666667,4.5,0.3
"3944",0.766666666666667,0.416603923148208,0.631578947368421,0.785714285714286,0.857142857142857,0.739130434782609,0.142857142857143,0.260869565217391,3.28571428571429,0.19327731092437
"3945",0.766666666666667,0.466789947945694,0.631578947368421,0.850678733031674,0.461538461538462,1,0.538461538461538,0,Inf,0.538461538461538
"3946",0.766666666666667,0.399437182463691,0.588235294117647,0.760869565217391,0.714285714285714,0.782608695652174,0.285714285714286,0.217391304347826,3.28571428571429,0.365079365079365
"3947",0.666666666666667,0.404624689080427,0.444444444444444,0.774305555555556,0.666666666666667,0.666666666666667,0.333333333333333,0.333333333333333,2,0.5
"3948",0.733333333333333,0.404866280666259,0.5,0.757763975155279,0.571428571428571,0.782608695652174,0.428571428571429,0.217391304347826,2.62857142857143,0.547619047619048
"3949",0.866666666666667,0.375169441721486,0.777777777777778,0.888198757763975,1,0.826086956521739,0,0.173913043478261,5.75,0
"3950",0.8,0.390062739138972,0.75,0.902714932126697,0.692307692307692,0.882352941176471,0.307692307692308,0.117647058823529,5.88461538461538,0.348717948717949
"3951",0.666666666666667,0.458435484157965,0.545454545454545,0.715909090909091,0.75,0.636363636363636,0.25,0.363636363636364,2.0625,0.392857142857143
"3952",0.866666666666667,0.362416920258059,0.777777777777778,0.885093167701863,1,0.826086956521739,0,0.173913043478261,5.75,0
"3953",0.833333333333333,0.398777936033331,0.761904761904762,0.947368421052632,0.727272727272727,0.894736842105263,0.272727272727273,0.105263157894737,6.90909090909091,0.304812834224599
"3954",0.7,0.449813871535018,0.526315789473684,0.763888888888889,0.833333333333333,0.666666666666667,0.166666666666667,0.333333333333333,2.5,0.25
"3955",0.866666666666667,0.367583266196428,0.777777777777778,0.900621118012422,1,0.826086956521739,0,0.173913043478261,5.75,0
"3956",0.766666666666667,0.3911613596412,0.588235294117647,0.782608695652174,0.714285714285714,0.782608695652174,0.285714285714286,0.217391304347826,3.28571428571429,0.365079365079365
"3957",0.833333333333333,0.404374276735426,0.8,0.8675,1,0.75,0,0.25,4,0
"3958",0.766666666666667,0.358194209579482,0.533333333333333,0.816,0.8,0.76,0.2,0.24,3.33333333333333,0.263157894736842
"3959",0.833333333333333,0.406225765334722,0.705882352941177,0.935406698564593,0.545454545454545,1,0.454545454545455,0,Inf,0.454545454545455
"3960",0.9,0.346533963903289,0.8,0.96583850931677,0.857142857142857,0.91304347826087,0.142857142857143,0.0869565217391305,9.85714285714285,0.156462585034014
"3961",0.733333333333333,0.341824609553414,0.555555555555556,0.838509316770186,0.714285714285714,0.739130434782609,0.285714285714286,0.260869565217391,2.73809523809524,0.38655462184874
"3962",0.833333333333333,0.369816427315744,0.761904761904762,0.917989417989418,0.888888888888889,0.80952380952381,0.111111111111111,0.19047619047619,4.66666666666667,0.137254901960784
"3963",0.8,0.394074148655105,0.625,0.742236024844721,0.714285714285714,0.826086956521739,0.285714285714286,0.173913043478261,4.10714285714286,0.345864661654135
"3964",0.733333333333333,0.380948167435152,0.666666666666667,0.8425,0.8,0.7,0.2,0.3,2.66666666666667,0.285714285714286
"3965",0.7,0.427346367531337,0.608695652173913,0.832298136645963,1,0.608695652173913,0,0.391304347826087,2.55555555555556,0
"3966",0.7,0.381898482523257,0.571428571428571,0.784090909090909,0.75,0.681818181818182,0.25,0.318181818181818,2.35714285714286,0.366666666666667
"3967",0.833333333333333,0.384924368692084,0.736842105263158,0.835227272727273,0.875,0.818181818181818,0.125,0.181818181818182,4.8125,0.152777777777778
"3968",0.833333333333333,0.384434951223741,0.761904761904762,0.91,0.8,0.85,0.2,0.15,5.33333333333333,0.235294117647059
"3969",0.633333333333333,0.402127110027802,0.56,0.798295454545455,0.875,0.545454545454545,0.125,0.454545454545455,1.925,0.229166666666667
"3970",0.733333333333333,0.386146867498742,0.5,0.819444444444444,0.666666666666667,0.75,0.333333333333333,0.25,2.66666666666667,0.444444444444444
"3971",0.766666666666667,0.476618082538122,0.72,0.725446428571429,0.642857142857143,0.875,0.357142857142857,0.125,5.14285714285714,0.408163265306122
"3972",0.7,0.391611256325165,0.608695652173913,0.817460317460317,0.777777777777778,0.666666666666667,0.222222222222222,0.333333333333333,2.33333333333333,0.333333333333333
"3973",0.733333333333333,0.456948969624381,0.6,0.760765550239234,0.545454545454545,0.842105263157895,0.454545454545455,0.157894736842105,3.45454545454545,0.539772727272727
"3974",0.766666666666667,0.417832281043239,0.631578947368421,0.786931818181818,0.75,0.772727272727273,0.25,0.227272727272727,3.3,0.323529411764706
"3975",0.833333333333333,0.413459144705008,0.761904761904762,0.884259259259259,0.666666666666667,0.944444444444444,0.333333333333333,0.0555555555555556,12,0.352941176470588
"3976",0.8,0.424003886312407,0.727272727272727,0.851851851851852,0.666666666666667,0.888888888888889,0.333333333333333,0.111111111111111,6,0.375
"3977",0.8,0.396990873568797,0.666666666666667,0.855,0.6,0.9,0.4,0.1,6,0.444444444444444
"3978",0.733333333333333,0.467393671418506,0.636363636363636,0.852941176470588,0.538461538461538,0.882352941176471,0.461538461538462,0.117647058823529,4.57692307692308,0.523076923076923
"3979",0.9,0.331810094648195,0.769230769230769,0.860248447204969,0.714285714285714,0.956521739130435,0.285714285714286,0.0434782608695652,16.4285714285714,0.298701298701299
"3980",0.833333333333333,0.440483930802246,0.782608695652174,0.950226244343891,0.692307692307692,0.941176470588235,0.307692307692308,0.0588235294117647,11.7692307692308,0.326923076923077
"3981",0.733333333333333,0.445439010747857,0.666666666666667,0.828054298642534,0.615384615384615,0.823529411764706,0.384615384615385,0.176470588235294,3.48717948717949,0.467032967032967
"3982",0.833333333333333,0.350843350949697,0.736842105263158,0.934782608695652,1,0.782608695652174,0,0.217391304347826,4.6,0
"3983",0.833333333333333,0.43414670681144,0.761904761904762,0.764550264550265,0.888888888888889,0.80952380952381,0.111111111111111,0.19047619047619,4.66666666666667,0.137254901960784
"3984",0.533333333333333,0.407634255892277,0.3,0.658653846153846,0.75,0.5,0.25,0.5,1.5,0.5
"3985",0.8,0.393144139493713,0.7,0.78042328042328,0.777777777777778,0.80952380952381,0.222222222222222,0.19047619047619,4.08333333333333,0.274509803921569
"3986",0.733333333333333,0.423251013260127,0.636363636363636,0.777511961722488,0.636363636363636,0.789473684210526,0.363636363636364,0.210526315789474,3.02272727272727,0.460606060606061
"3987",0.766666666666667,0.383120243096849,0.588235294117647,0.804347826086957,0.714285714285714,0.782608695652174,0.285714285714286,0.217391304347826,3.28571428571429,0.365079365079365
"3988",0.766666666666667,0.386180002258045,0.631578947368421,0.798295454545455,0.75,0.772727272727273,0.25,0.227272727272727,3.3,0.323529411764706
"3989",0.766666666666667,0.379963927226922,0.588235294117647,0.773291925465838,0.714285714285714,0.782608695652174,0.285714285714286,0.217391304347826,3.28571428571429,0.365079365079365
"3990",0.833333333333333,0.369428189285694,0.761904761904762,0.880952380952381,0.888888888888889,0.80952380952381,0.111111111111111,0.19047619047619,4.66666666666667,0.137254901960784
"3991",0.766666666666667,0.410096002315096,0.666666666666667,0.806818181818182,0.875,0.727272727272727,0.125,0.272727272727273,3.20833333333333,0.171875
"3992",0.833333333333333,0.416386998780077,0.736842105263158,0.830143540669857,0.636363636363636,0.947368421052632,0.363636363636364,0.0526315789473685,12.0909090909091,0.383838383838384
"3993",0.866666666666667,0.348833185881799,0.818181818181818,0.936507936507937,1,0.80952380952381,0,0.19047619047619,5.25,0
"3994",0.766666666666667,0.402759406616701,0.588235294117647,0.82,1,0.72,0,0.28,3.57142857142857,0
"3995",0.7,0.47969957360318,0.666666666666667,0.743303571428571,0.642857142857143,0.75,0.357142857142857,0.25,2.57142857142857,0.476190476190476
"3996",0.866666666666667,0.359051884609474,0.8,0.8725,0.8,0.9,0.2,0.1,8,0.222222222222222
"3997",0.833333333333333,0.35722284111107,0.782608695652174,0.947089947089947,1,0.761904761904762,0,0.238095238095238,4.2,0
"3998",0.7,0.420914070649437,0.571428571428571,0.811004784688995,0.545454545454545,0.789473684210526,0.454545454545455,0.210526315789474,2.59090909090909,0.575757575757576
"3999",0.766666666666667,0.404583253278991,0.695652173913043,0.7875,0.8,0.75,0.2,0.25,3.2,0.266666666666667
"4000",0.666666666666667,0.432637660695761,0.615384615384615,0.798941798941799,0.888888888888889,0.571428571428571,0.111111111111111,0.428571428571429,2.07407407407407,0.194444444444445
"4001",0.733333333333333,0.460337277253466,0.666666666666667,0.877232142857143,0.571428571428571,0.875,0.428571428571429,0.125,4.57142857142857,0.489795918367347
"4002",0.766666666666667,0.392214557783157,0.631578947368421,0.782608695652174,0.857142857142857,0.739130434782609,0.142857142857143,0.260869565217391,3.28571428571429,0.19327731092437
"4003",0.833333333333333,0.419214995123821,0.782608695652174,0.893518518518518,0.75,0.888888888888889,0.25,0.111111111111111,6.75,0.28125
"4004",0.8,0.428954316545154,0.7,0.875,0.583333333333333,0.944444444444444,0.416666666666667,0.0555555555555556,10.5,0.441176470588235
"4005",0.833333333333333,0.359107658501334,0.705882352941177,0.877840909090909,0.75,0.863636363636364,0.25,0.136363636363636,5.5,0.289473684210526
"4006",0.8,0.395521175693712,0.7,0.791005291005291,0.777777777777778,0.80952380952381,0.222222222222222,0.19047619047619,4.08333333333333,0.274509803921569
"4007",0.766666666666667,0.398630085188726,0.588235294117647,0.849206349206349,0.555555555555556,0.857142857142857,0.444444444444444,0.142857142857143,3.88888888888889,0.518518518518518
"4008",0.733333333333333,0.393235877004901,0.692307692307692,0.813397129186603,0.818181818181818,0.684210526315789,0.181818181818182,0.315789473684211,2.59090909090909,0.265734265734266
"4009",0.9,0.32688823516474,0.823529411764706,0.981366459627329,1,0.869565217391304,0,0.130434782608696,7.66666666666667,0
"4010",0.766666666666667,0.377898289855302,0.631578947368421,0.755681818181818,0.75,0.772727272727273,0.25,0.227272727272727,3.3,0.323529411764706
"4011",0.833333333333333,0.426371639582787,0.761904761904762,0.863425925925926,0.666666666666667,0.944444444444444,0.333333333333333,0.0555555555555556,12,0.352941176470588
"4012",0.8,0.380502608885917,0.727272727272727,0.9175,0.8,0.8,0.2,0.2,4,0.25
"4013",0.733333333333333,0.385123164369341,0.6,0.822981366459627,0.857142857142857,0.695652173913043,0.142857142857143,0.304347826086957,2.81632653061224,0.205357142857143
"4014",0.666666666666667,0.424036118536263,0.583333333333333,0.713068181818182,0.875,0.590909090909091,0.125,0.409090909090909,2.13888888888889,0.211538461538462
"4015",0.766666666666667,0.371824689099178,0.695652173913043,0.896825396825397,0.888888888888889,0.714285714285714,0.111111111111111,0.285714285714286,3.11111111111111,0.155555555555556
"4016",0.766666666666667,0.367445759326462,0.533333333333333,0.904761904761905,0.444444444444444,0.904761904761905,0.555555555555556,0.0952380952380952,4.66666666666667,0.614035087719298
"4017",0.8,0.40102463140943,0.727272727272727,0.892344497607656,0.727272727272727,0.842105263157895,0.272727272727273,0.157894736842105,4.6060606060606,0.323863636363636
"4018",0.766666666666667,0.421495014067308,0.695652173913043,0.831018518518518,0.666666666666667,0.833333333333333,0.333333333333333,0.166666666666667,4,0.4
"4019",0.666666666666667,0.478697136105517,0.583333333333333,0.778280542986425,0.538461538461538,0.764705882352941,0.461538461538462,0.235294117647059,2.28846153846154,0.603550295857988
"4020",0.766666666666667,0.36589993744645,0.666666666666667,0.894886363636364,0.875,0.727272727272727,0.125,0.272727272727273,3.20833333333333,0.171875
"4021",0.6,0.555604711939455,0.333333333333333,0.548611111111111,0.5,0.625,0.5,0.375,1.33333333333333,0.8
"4022",0.7,0.424095382733421,0.666666666666667,0.76,0.9,0.6,0.1,0.4,2.25,0.166666666666667
"4023",0.8,0.370043636532092,0.727272727272727,0.875,1,0.727272727272727,0,0.272727272727273,3.66666666666667,0
"4024",0.833333333333333,0.393142840326117,0.666666666666667,0.791005291005291,0.555555555555556,0.952380952380952,0.444444444444444,0.0476190476190477,11.6666666666667,0.466666666666667
"4025",0.766666666666667,0.367561587704428,0.72,0.894179894179894,1,0.666666666666667,0,0.333333333333333,3,0
"4026",0.7,0.484398047011681,0.666666666666667,0.698564593301435,0.818181818181818,0.631578947368421,0.181818181818182,0.368421052631579,2.22077922077922,0.287878787878788
"4027",0.7,0.410252185591173,0.571428571428571,0.856459330143541,0.545454545454545,0.789473684210526,0.454545454545455,0.210526315789474,2.59090909090909,0.575757575757576
"4028",0.8,0.389070432361436,0.75,0.8375,0.9,0.75,0.1,0.25,3.6,0.133333333333333
"4029",0.866666666666667,0.334945226250071,0.777777777777778,0.950310559006211,1,0.826086956521739,0,0.173913043478261,5.75,0
"4030",0.833333333333333,0.391161848463488,0.761904761904762,0.930622009569378,0.727272727272727,0.894736842105263,0.272727272727273,0.105263157894737,6.90909090909091,0.304812834224599
"4031",0.7,0.364124625275917,0.526315789473684,0.819875776397516,0.714285714285714,0.695652173913043,0.285714285714286,0.304347826086957,2.3469387755102,0.410714285714286
"4032",0.7,0.475460220783028,0.608695652173913,0.790178571428571,0.5,0.875,0.5,0.125,4,0.571428571428571
"4033",0.8,0.371590008323404,0.7,0.82010582010582,0.777777777777778,0.80952380952381,0.222222222222222,0.19047619047619,4.08333333333333,0.274509803921569
"4034",0.833333333333333,0.345884272542934,0.666666666666667,0.84375,0.833333333333333,0.833333333333333,0.166666666666667,0.166666666666667,5,0.2
"4035",0.7,0.468483015824957,0.571428571428571,0.711640211640212,0.666666666666667,0.714285714285714,0.333333333333333,0.285714285714286,2.33333333333333,0.466666666666667
"4036",0.766666666666667,0.393292786020424,0.666666666666667,0.88755980861244,0.636363636363636,0.842105263157895,0.363636363636364,0.157894736842105,4.03030303030303,0.431818181818182
"4037",0.8,0.361572055395556,0.727272727272727,0.900568181818182,1,0.727272727272727,0,0.272727272727273,3.66666666666667,0
"4038",0.666666666666667,0.456482074503373,0.5,0.748447204968944,0.714285714285714,0.652173913043478,0.285714285714286,0.347826086956522,2.05357142857143,0.438095238095238
"4039",0.9,0.342779675128326,0.8,0.975155279503106,0.857142857142857,0.91304347826087,0.142857142857143,0.0869565217391305,9.85714285714285,0.156462585034014
"4040",0.8,0.39382677702343,0.7,0.793650793650794,0.777777777777778,0.80952380952381,0.222222222222222,0.19047619047619,4.08333333333333,0.274509803921569
"4041",0.866666666666667,0.351743467835933,0.818181818181818,0.907407407407407,1,0.80952380952381,0,0.19047619047619,5.25,0
"4042",0.766666666666667,0.404781022653668,0.631578947368421,0.86,0.6,0.85,0.4,0.15,4,0.470588235294118
"4043",0.8,0.346434140511651,0.625,0.878472222222222,0.833333333333333,0.791666666666667,0.166666666666667,0.208333333333333,4,0.210526315789474
"4044",0.8,0.36547090922543,0.7,0.894886363636364,0.875,0.772727272727273,0.125,0.227272727272727,3.85,0.161764705882353
"4045",0.766666666666667,0.446770517653938,0.695652173913043,0.916289592760181,0.615384615384615,0.882352941176471,0.384615384615385,0.117647058823529,5.23076923076923,0.435897435897436
"4046",0.9,0.36882478995267,0.869565217391304,0.93,1,0.85,0,0.15,6.66666666666667,0
"4047",0.866666666666667,0.333560857788492,0.75,0.9375,1,0.833333333333333,0,0.166666666666667,6,0
"4048",0.8,0.358980291227858,0.7,0.897727272727273,0.875,0.772727272727273,0.125,0.227272727272727,3.85,0.161764705882353
"4049",0.766666666666667,0.377441071188631,0.72,0.894179894179894,1,0.666666666666667,0,0.333333333333333,3,0
"4050",0.8,0.355729836113811,0.7,0.911931818181818,0.875,0.772727272727273,0.125,0.227272727272727,3.85,0.161764705882353
"4051",0.733333333333333,0.37001271675467,0.636363636363636,0.867724867724868,0.777777777777778,0.714285714285714,0.222222222222222,0.285714285714286,2.72222222222222,0.311111111111111
"4052",0.766666666666667,0.408139920565673,0.588235294117647,0.8625,0.5,0.9,0.5,0.1,5,0.555555555555556
"4053",0.8,0.416316748730886,0.769230769230769,0.839366515837104,0.769230769230769,0.823529411764706,0.230769230769231,0.176470588235294,4.35897435897436,0.28021978021978
"4054",0.866666666666667,0.378827622735849,0.777777777777778,0.926136363636364,0.875,0.863636363636364,0.125,0.136363636363636,6.41666666666667,0.144736842105263
"4055",0.8,0.376869537920657,0.666666666666667,0.829545454545455,0.75,0.818181818181818,0.25,0.181818181818182,4.125,0.305555555555556
"4056",0.733333333333333,0.487934005039917,0.666666666666667,0.853333333333333,0.533333333333333,0.933333333333333,0.466666666666667,0.0666666666666667,8,0.5
"4057",0.733333333333333,0.392623810867539,0.692307692307692,0.87037037037037,1,0.619047619047619,0,0.380952380952381,2.625,0
"4058",0.766666666666667,0.449603502999299,0.666666666666667,0.6975,0.7,0.8,0.3,0.2,3.5,0.375
"4059",0.766666666666667,0.365860080970228,0.695652173913043,0.903409090909091,1,0.681818181818182,0,0.318181818181818,3.14285714285714,0
"4060",0.833333333333333,0.375598316194611,0.736842105263158,0.806878306878307,0.777777777777778,0.857142857142857,0.222222222222222,0.142857142857143,5.44444444444444,0.259259259259259
"4061",0.733333333333333,0.39816516784152,0.636363636363636,0.796296296296296,0.777777777777778,0.714285714285714,0.222222222222222,0.285714285714286,2.72222222222222,0.311111111111111
"4062",0.733333333333333,0.414949536797544,0.692307692307692,0.815,0.9,0.65,0.1,0.35,2.57142857142857,0.153846153846154
"4063",0.866666666666667,0.341702036349932,0.75,0.855113636363636,0.75,0.909090909090909,0.25,0.0909090909090909,8.25,0.275
"4064",0.866666666666667,0.429994684155272,0.8,0.884259259259259,0.666666666666667,1,0.333333333333333,0,Inf,0.333333333333333
"4065",0.766666666666667,0.421855228461317,0.631578947368421,0.84688995215311,0.545454545454545,0.894736842105263,0.454545454545455,0.105263157894737,5.18181818181818,0.508021390374332
"4066",0.733333333333333,0.410436321823507,0.666666666666667,0.812169312169312,0.888888888888889,0.666666666666667,0.111111111111111,0.333333333333333,2.66666666666667,0.166666666666667
"4067",0.766666666666667,0.412131889515576,0.631578947368421,0.811004784688995,0.545454545454545,0.894736842105263,0.454545454545455,0.105263157894737,5.18181818181818,0.508021390374332
"4068",0.8,0.391973471685661,0.7,0.858851674641148,0.636363636363636,0.894736842105263,0.363636363636364,0.105263157894737,6.04545454545455,0.406417112299465
"4069",0.8,0.404068978632263,0.7,0.8725,0.7,0.85,0.3,0.15,4.66666666666667,0.352941176470588
"4070",0.8,0.39530526536395,0.666666666666667,0.906698564593301,0.545454545454545,0.947368421052632,0.454545454545455,0.0526315789473685,10.3636363636364,0.47979797979798
"4071",0.866666666666667,0.357491376509862,0.818181818181818,0.941798941798942,1,0.80952380952381,0,0.19047619047619,5.25,0
"4072",0.8,0.42788553244214,0.666666666666667,0.875598086124402,0.545454545454545,0.947368421052632,0.454545454545455,0.0526315789473685,10.3636363636364,0.47979797979798
"4073",0.8,0.38145097046854,0.727272727272727,0.84688995215311,0.727272727272727,0.842105263157895,0.272727272727273,0.157894736842105,4.6060606060606,0.323863636363636
"4074",0.8,0.404382751850061,0.625,0.833333333333333,0.555555555555556,0.904761904761905,0.444444444444444,0.0952380952380952,5.83333333333333,0.491228070175439
"4075",0.766666666666667,0.420337705843767,0.631578947368421,0.854066985645933,0.545454545454545,0.894736842105263,0.454545454545455,0.105263157894737,5.18181818181818,0.508021390374332
"4076",0.733333333333333,0.419588191824585,0.6,0.7925,0.6,0.8,0.4,0.2,3,0.5
"4077",0.7,0.433470653728601,0.608695652173913,0.787037037037037,0.583333333333333,0.777777777777778,0.416666666666667,0.222222222222222,2.625,0.535714285714286
"4078",0.8,0.38580608085829,0.5,0.736024844720497,0.428571428571429,0.91304347826087,0.571428571428571,0.0869565217391305,4.92857142857143,0.625850340136054
"4079",0.766666666666667,0.404168563215811,0.72,0.831018518518518,0.75,0.777777777777778,0.25,0.222222222222222,3.375,0.321428571428571
"4080",0.833333333333333,0.371077769339246,0.782608695652174,0.8425,0.9,0.8,0.1,0.2,4.5,0.125
"4081",0.833333333333333,0.367596536990282,0.8,0.9225,1,0.75,0,0.25,4,0
"4082",0.8,0.420431322747197,0.727272727272727,0.849537037037037,0.666666666666667,0.888888888888889,0.333333333333333,0.111111111111111,6,0.375
"4083",0.833333333333333,0.358232430748118,0.736842105263158,0.894179894179894,0.777777777777778,0.857142857142857,0.222222222222222,0.142857142857143,5.44444444444444,0.259259259259259
"4084",0.8,0.413913613354647,0.769230769230769,0.839712918660287,0.909090909090909,0.736842105263158,0.0909090909090909,0.263157894736842,3.45454545454545,0.123376623376623
"4085",0.733333333333333,0.461961216073655,0.692307692307692,0.801339285714286,0.642857142857143,0.8125,0.357142857142857,0.1875,3.42857142857143,0.439560439560439
"4086",0.733333333333333,0.401218838749175,0.692307692307692,0.8175,0.9,0.65,0.1,0.35,2.57142857142857,0.153846153846154
"4087",0.733333333333333,0.429114737591441,0.666666666666667,0.866477272727273,1,0.636363636363636,0,0.363636363636364,2.75,0
"4088",0.733333333333333,0.427786666382663,0.636363636363636,0.80952380952381,0.777777777777778,0.714285714285714,0.222222222222222,0.285714285714286,2.72222222222222,0.311111111111111
"4089",0.733333333333333,0.3776863085113,0.6,0.792613636363636,0.75,0.727272727272727,0.25,0.272727272727273,2.75,0.34375
"4090",0.833333333333333,0.343508513489376,0.666666666666667,0.934027777777778,0.833333333333333,0.833333333333333,0.166666666666667,0.166666666666667,5,0.2
"4091",0.833333333333333,0.385760923063233,0.736842105263158,0.9275,0.7,0.9,0.3,0.1,7,0.333333333333333
"4092",0.766666666666667,0.420567279767609,0.666666666666667,0.895833333333333,0.583333333333333,0.888888888888889,0.416666666666667,0.111111111111111,5.25,0.46875
"4093",0.766666666666667,0.429676540324909,0.695652173913043,0.886574074074074,0.666666666666667,0.833333333333333,0.333333333333333,0.166666666666667,4,0.4
"4094",0.733333333333333,0.422514917610941,0.5,0.767195767195767,0.444444444444444,0.857142857142857,0.555555555555556,0.142857142857143,3.11111111111111,0.648148148148148
"4095",0.766666666666667,0.393854940284193,0.72,0.843915343915344,1,0.666666666666667,0,0.333333333333333,3,0
"4096",0.666666666666667,0.445517897472973,0.583333333333333,0.752840909090909,0.875,0.590909090909091,0.125,0.409090909090909,2.13888888888889,0.211538461538462
"4097",0.766666666666667,0.429181009324734,0.666666666666667,0.828703703703704,0.583333333333333,0.888888888888889,0.416666666666667,0.111111111111111,5.25,0.46875
"4098",0.8,0.377505397193888,0.666666666666667,0.775568181818182,0.75,0.818181818181818,0.25,0.181818181818182,4.125,0.305555555555556
"4099",0.733333333333333,0.364099398523083,0.636363636363636,0.869318181818182,0.875,0.681818181818182,0.125,0.318181818181818,2.75,0.183333333333333
"4100",0.7,0.433566367878797,0.608695652173913,0.756613756613757,0.777777777777778,0.666666666666667,0.222222222222222,0.333333333333333,2.33333333333333,0.333333333333333
"4101",0.733333333333333,0.408325204643321,0.692307692307692,0.7925,0.9,0.65,0.1,0.35,2.57142857142857,0.153846153846154
"4102",0.766666666666667,0.444182290043693,0.666666666666667,0.909502262443439,0.538461538461538,0.941176470588235,0.461538461538462,0.0588235294117647,9.15384615384615,0.490384615384615
"4103",0.733333333333333,0.431570829793999,0.636363636363636,0.840277777777778,0.583333333333333,0.833333333333333,0.416666666666667,0.166666666666667,3.5,0.5
"4104",0.666666666666667,0.47361940179748,0.545454545454545,0.715909090909091,0.75,0.636363636363636,0.25,0.363636363636364,2.0625,0.392857142857143
"4105",0.8,0.483529408216778,0.727272727272727,0.892857142857143,0.571428571428571,1,0.428571428571429,0,Inf,0.428571428571429
"4106",0.666666666666667,0.460799279972082,0.545454545454545,0.684210526315789,0.545454545454545,0.736842105263158,0.454545454545455,0.263157894736842,2.07272727272727,0.616883116883117
"4107",0.8,0.377204219648343,0.571428571428571,0.838624338624339,0.444444444444444,0.952380952380952,0.555555555555556,0.0476190476190477,9.33333333333332,0.583333333333333
"4108",0.733333333333333,0.470909183687489,0.636363636363636,0.717592592592593,0.583333333333333,0.833333333333333,0.416666666666667,0.166666666666667,3.5,0.5
"4109",0.766666666666667,0.402905879184557,0.533333333333333,0.788359788359788,0.444444444444444,0.904761904761905,0.555555555555556,0.0952380952380952,4.66666666666667,0.614035087719298
"4110",0.733333333333333,0.443368953516319,0.6,0.767942583732057,0.545454545454545,0.842105263157895,0.454545454545455,0.157894736842105,3.45454545454545,0.539772727272727
"4111",0.866666666666667,0.379467492591464,0.777777777777778,0.912698412698413,0.777777777777778,0.904761904761905,0.222222222222222,0.0952380952380952,8.16666666666667,0.245614035087719
"4112",0.8,0.384978746944551,0.75,0.865079365079365,1,0.714285714285714,0,0.285714285714286,3.5,0
"4113",0.8,0.401200914930896,0.769230769230769,0.914351851851852,0.833333333333333,0.777777777777778,0.166666666666667,0.222222222222222,3.75,0.214285714285714
"4114",0.733333333333333,0.446698269901987,0.75,0.774553571428571,0.857142857142857,0.625,0.142857142857143,0.375,2.28571428571429,0.228571428571429
"4115",0.8,0.440922204245175,0.75,0.795,0.9,0.75,0.1,0.25,3.6,0.133333333333333
"4116",0.7,0.436761517512806,0.571428571428571,0.814814814814815,0.5,0.833333333333333,0.5,0.166666666666667,3,0.6
"4117",0.833333333333333,0.415118680080764,0.736842105263158,0.863636363636364,0.636363636363636,0.947368421052632,0.363636363636364,0.0526315789473685,12.0909090909091,0.383838383838384
"4118",0.8,0.364754959417294,0.7,0.869318181818182,0.875,0.772727272727273,0.125,0.227272727272727,3.85,0.161764705882353
"4119",0.7,0.456569228469694,0.608695652173913,0.842592592592593,0.583333333333333,0.777777777777778,0.416666666666667,0.222222222222222,2.625,0.535714285714286
"4120",0.8,0.360140579217351,0.727272727272727,0.883597883597883,0.888888888888889,0.761904761904762,0.111111111111111,0.238095238095238,3.73333333333333,0.145833333333333
"4121",0.6,0.491309892955336,0.571428571428571,0.695,0.8,0.5,0.2,0.5,1.6,0.4
"4122",0.833333333333333,0.385439863607524,0.782608695652174,0.873015873015873,1,0.761904761904762,0,0.238095238095238,4.2,0
"4123",0.733333333333333,0.385187414600911,0.555555555555556,0.751552795031056,0.714285714285714,0.739130434782609,0.285714285714286,0.260869565217391,2.73809523809524,0.38655462184874
"4124",0.733333333333333,0.464366352287186,0.636363636363636,0.75,0.7,0.75,0.3,0.25,2.8,0.4
"4125",0.733333333333333,0.423086876306674,0.555555555555556,0.8775,0.5,0.85,0.5,0.15,3.33333333333333,0.588235294117647
"4126",0.733333333333333,0.393860732068702,0.692307692307692,0.841269841269841,1,0.619047619047619,0,0.380952380952381,2.625,0
"4127",0.733333333333333,0.387094893706141,0.636363636363636,0.791005291005291,0.777777777777778,0.714285714285714,0.222222222222222,0.285714285714286,2.72222222222222,0.311111111111111
"4128",0.733333333333333,0.396395017745779,0.636363636363636,0.793650793650794,0.777777777777778,0.714285714285714,0.222222222222222,0.285714285714286,2.72222222222222,0.311111111111111
"4129",0.8,0.355680157412483,0.625,0.798136645962733,0.714285714285714,0.826086956521739,0.285714285714286,0.173913043478261,4.10714285714286,0.345864661654135
"4130",0.8,0.430551317556309,0.785714285714286,0.798611111111111,0.916666666666667,0.722222222222222,0.0833333333333334,0.277777777777778,3.3,0.115384615384615
"4131",0.866666666666667,0.36404176348774,0.8,0.920634920634921,0.888888888888889,0.857142857142857,0.111111111111111,0.142857142857143,6.22222222222222,0.12962962962963
"4132",0.766666666666667,0.433254978007158,0.695652173913043,0.81712962962963,0.666666666666667,0.833333333333333,0.333333333333333,0.166666666666667,4,0.4
"4133",0.833333333333333,0.385186005022345,0.705882352941177,0.813664596273292,0.857142857142857,0.826086956521739,0.142857142857143,0.173913043478261,4.92857142857143,0.172932330827068
"4134",0.733333333333333,0.357042311048575,0.636363636363636,0.90625,0.875,0.681818181818182,0.125,0.318181818181818,2.75,0.183333333333333
"4135",0.766666666666667,0.48351583022729,0.695652173913043,0.870535714285714,0.571428571428571,0.9375,0.428571428571429,0.0625,9.14285714285714,0.457142857142857
"4136",0.833333333333333,0.371343044215038,0.761904761904762,0.883597883597883,0.888888888888889,0.80952380952381,0.111111111111111,0.19047619047619,4.66666666666667,0.137254901960784
"4137",0.766666666666667,0.434249471675346,0.695652173913043,0.854166666666667,0.666666666666667,0.833333333333333,0.333333333333333,0.166666666666667,4,0.4
"4138",0.8,0.37928180912379,0.75,0.8925,0.9,0.75,0.1,0.25,3.6,0.133333333333333
"4139",0.833333333333333,0.389885583037011,0.761904761904762,0.846560846560847,0.888888888888889,0.80952380952381,0.111111111111111,0.19047619047619,4.66666666666667,0.137254901960784
"4140",0.8,0.408826358383774,0.727272727272727,0.835978835978836,0.888888888888889,0.761904761904762,0.111111111111111,0.238095238095238,3.73333333333333,0.145833333333333
"4141",0.866666666666667,0.393385304876684,0.8,0.921052631578947,0.727272727272727,0.947368421052632,0.272727272727273,0.0526315789473685,13.8181818181818,0.287878787878788
"4142",0.8,0.396999592827174,0.571428571428571,0.867724867724868,0.444444444444444,0.952380952380952,0.555555555555556,0.0476190476190477,9.33333333333332,0.583333333333333
"4143",0.866666666666667,0.466861650340567,0.833333333333333,0.9375,0.714285714285714,1,0.285714285714286,0,Inf,0.285714285714286
"4144",0.866666666666667,0.411703791513374,0.818181818181818,0.91866028708134,0.818181818181818,0.894736842105263,0.181818181818182,0.105263157894737,7.77272727272727,0.203208556149733
"4145",0.7,0.441451686999277,0.571428571428571,0.798611111111111,0.5,0.833333333333333,0.5,0.166666666666667,3,0.6
"4146",0.833333333333333,0.382005631199212,0.761904761904762,0.855113636363636,1,0.772727272727273,0,0.227272727272727,4.4,0
"4147",0.6,0.433636190174962,0.454545454545455,0.88,1,0.52,0,0.48,2.08333333333333,0
"4148",0.766666666666667,0.369331845526939,0.631578947368421,0.840909090909091,0.75,0.772727272727273,0.25,0.227272727272727,3.3,0.323529411764706
"4149",0.9,0.385109124193786,0.823529411764706,0.9275,0.7,1,0.3,0,Inf,0.3
"4150",0.9,0.358494138520733,0.857142857142857,0.962962962962963,1,0.857142857142857,0,0.142857142857143,7,0
"4151",0.766666666666667,0.472270084641998,0.72,0.7525,0.9,0.7,0.1,0.3,3,0.142857142857143
"4152",0.7,0.466164894871247,0.571428571428571,0.784722222222222,1,0.625,0,0.375,2.66666666666667,0
"4153",0.9,0.384490056536879,0.842105263157895,0.841269841269841,0.888888888888889,0.904761904761905,0.111111111111111,0.0952380952380952,9.33333333333333,0.12280701754386
"4154",0.833333333333333,0.352665058025168,0.666666666666667,0.84375,0.833333333333333,0.833333333333333,0.166666666666667,0.166666666666667,5,0.2
"4155",0.8,0.382528930229089,0.625,0.78125,0.833333333333333,0.791666666666667,0.166666666666667,0.208333333333333,4,0.210526315789474
"4156",0.7,0.349190374661473,0.571428571428571,0.920138888888889,1,0.625,0,0.375,2.66666666666667,0
"4157",0.933333333333333,0.347155098874667,0.9,0.981481481481482,1,0.904761904761905,0,0.0952380952380952,10.5,0
"4158",0.833333333333333,0.378024254370621,0.761904761904762,0.905,0.8,0.85,0.2,0.15,5.33333333333333,0.235294117647059
"4159",0.833333333333333,0.357841530047983,0.736842105263158,0.909937888198758,1,0.782608695652174,0,0.217391304347826,4.6,0
"4160",0.8,0.420409582258113,0.7,0.777511961722488,0.636363636363636,0.894736842105263,0.363636363636364,0.105263157894737,6.04545454545455,0.406417112299465
"4161",0.8,0.367360600122375,0.75,0.886243386243386,1,0.714285714285714,0,0.285714285714286,3.5,0
"4162",0.9,0.384157905090707,0.842105263157895,0.875661375661376,0.888888888888889,0.904761904761905,0.111111111111111,0.0952380952380952,9.33333333333333,0.12280701754386
"4163",0.733333333333333,0.437973324445833,0.636363636363636,0.83710407239819,0.538461538461538,0.882352941176471,0.461538461538462,0.117647058823529,4.57692307692308,0.523076923076923
"4164",0.733333333333333,0.371945033433138,0.555555555555556,0.798611111111111,0.833333333333333,0.708333333333333,0.166666666666667,0.291666666666667,2.85714285714286,0.235294117647059
"4165",0.7,0.460414907341204,0.470588235294118,0.688,0.8,0.68,0.2,0.32,2.5,0.294117647058823
"4166",0.833333333333333,0.356678833659657,0.705882352941177,0.841614906832298,0.857142857142857,0.826086956521739,0.142857142857143,0.173913043478261,4.92857142857143,0.172932330827068
"4167",0.766666666666667,0.459889089341721,0.666666666666667,0.861990950226244,0.538461538461538,0.941176470588235,0.461538461538462,0.0588235294117647,9.15384615384615,0.490384615384615
"4168",0.833333333333333,0.416174576600844,0.782608695652174,0.833333333333333,0.75,0.888888888888889,0.25,0.111111111111111,6.75,0.28125
"4169",0.9,0.344304458040308,0.857142857142857,0.947089947089947,1,0.857142857142857,0,0.142857142857143,7,0
"4170",0.766666666666667,0.364125551219191,0.666666666666667,0.860795454545455,0.875,0.727272727272727,0.125,0.272727272727273,3.20833333333333,0.171875
"4171",0.733333333333333,0.357824086217695,0.555555555555556,0.832298136645963,0.714285714285714,0.739130434782609,0.285714285714286,0.260869565217391,2.73809523809524,0.38655462184874
"4172",0.766666666666667,0.429573891693072,0.588235294117647,0.866028708133971,0.454545454545455,0.947368421052632,0.545454545454545,0.0526315789473685,8.63636363636363,0.575757575757576
"4173",0.833333333333333,0.391262775006433,0.761904761904762,0.849206349206349,0.888888888888889,0.80952380952381,0.111111111111111,0.19047619047619,4.66666666666667,0.137254901960784
"4174",0.766666666666667,0.40985710802343,0.631578947368421,0.785714285714286,0.857142857142857,0.739130434782609,0.142857142857143,0.260869565217391,3.28571428571429,0.19327731092437
"4175",0.8,0.362506520118986,0.727272727272727,0.928977272727273,1,0.727272727272727,0,0.272727272727273,3.66666666666667,0
"4176",0.833333333333333,0.402692015543182,0.782608695652174,0.810185185185185,0.75,0.888888888888889,0.25,0.111111111111111,6.75,0.28125
"4177",0.866666666666667,0.378002023391634,0.777777777777778,0.829545454545455,0.875,0.863636363636364,0.125,0.136363636363636,6.41666666666667,0.144736842105263
"4178",0.8,0.396407531887474,0.7,0.785,0.7,0.85,0.3,0.15,4.66666666666667,0.352941176470588
"4179",0.833333333333333,0.380196654493901,0.761904761904762,0.865079365079365,0.888888888888889,0.80952380952381,0.111111111111111,0.19047619047619,4.66666666666667,0.137254901960784
"4180",0.766666666666667,0.41751722142699,0.666666666666667,0.854066985645933,0.636363636363636,0.842105263157895,0.363636363636364,0.157894736842105,4.03030303030303,0.431818181818182
"4181",0.766666666666667,0.386775207233557,0.631578947368421,0.795454545454545,0.75,0.772727272727273,0.25,0.227272727272727,3.3,0.323529411764706
"4182",0.566666666666667,0.570933068577536,0.380952380952381,0.526455026455026,0.444444444444444,0.619047619047619,0.555555555555556,0.380952380952381,1.16666666666667,0.897435897435897
"4183",0.566666666666667,0.493888036434012,0.133333333333333,0.517857142857143,0.5,0.571428571428571,0.5,0.428571428571429,1.16666666666667,0.875
"4184",0.766666666666667,0.416565980642372,0.666666666666667,0.81055900621118,1,0.695652173913043,0,0.304347826086957,3.28571428571429,0
"4185",0.733333333333333,0.469740892167444,0.636363636363636,0.799107142857143,0.5,0.9375,0.5,0.0625,8,0.533333333333333
"4186",0.866666666666667,0.365620395232389,0.75,0.849431818181818,0.75,0.909090909090909,0.25,0.0909090909090909,8.25,0.275
"4187",0.866666666666667,0.368201367987555,0.75,0.877840909090909,0.75,0.909090909090909,0.25,0.0909090909090909,8.25,0.275
"4188",0.766666666666667,0.3830812572099,0.666666666666667,0.804232804232804,0.777777777777778,0.761904761904762,0.222222222222222,0.238095238095238,3.26666666666667,0.291666666666667
"4189",0.8,0.387581794169204,0.7,0.923444976076555,0.636363636363636,0.894736842105263,0.363636363636364,0.105263157894737,6.04545454545455,0.406417112299465
"4190",0.733333333333333,0.466093860005543,0.555555555555556,0.912037037037037,0.416666666666667,0.944444444444444,0.583333333333333,0.0555555555555556,7.5,0.617647058823529
"4191",0.7,0.451874757403849,0.608695652173913,0.727513227513227,0.777777777777778,0.666666666666667,0.222222222222222,0.333333333333333,2.33333333333333,0.333333333333333
"4192",0.8,0.424298509217618,0.75,0.923611111111111,0.75,0.833333333333333,0.25,0.166666666666667,4.5,0.3
"4193",0.766666666666667,0.402231559163213,0.588235294117647,0.764204545454545,0.625,0.818181818181818,0.375,0.181818181818182,3.4375,0.458333333333333
"4194",0.8,0.428107237332856,0.769230769230769,0.8710407239819,0.769230769230769,0.823529411764706,0.230769230769231,0.176470588235294,4.35897435897436,0.28021978021978
"4195",0.666666666666667,0.484921736744253,0.545454545454545,0.832589285714286,0.428571428571429,0.875,0.571428571428571,0.125,3.42857142857143,0.653061224489796
"4196",0.866666666666667,0.323898311477284,0.75,0.877840909090909,0.75,0.909090909090909,0.25,0.0909090909090909,8.25,0.275
"4197",0.833333333333333,0.406812411376,0.761904761904762,0.830687830687831,0.888888888888889,0.80952380952381,0.111111111111111,0.19047619047619,4.66666666666667,0.137254901960784
"4198",0.733333333333333,0.400907773323841,0.692307692307692,0.84,0.9,0.65,0.1,0.35,2.57142857142857,0.153846153846154
"4199",0.666666666666667,0.344331808627798,0.285714285714286,0.794642857142857,1,0.642857142857143,0,0.357142857142857,2.8,0
"4200",0.7,0.402363328371848,0.64,0.7925,0.8,0.65,0.2,0.35,2.28571428571429,0.307692307692308
"4201",0.766666666666667,0.47568074362632,0.666666666666667,0.794642857142857,0.5,1,0.5,0,Inf,0.5
"4202",0.766666666666667,0.419103409153113,0.666666666666667,0.746031746031746,0.777777777777778,0.761904761904762,0.222222222222222,0.238095238095238,3.26666666666667,0.291666666666667
"4203",0.8,0.383245377301596,0.666666666666667,0.8225,0.6,0.9,0.4,0.1,6,0.444444444444444
"4204",0.833333333333333,0.360038881139427,0.782608695652174,0.902116402116402,1,0.761904761904762,0,0.238095238095238,4.2,0
"4205",0.8,0.39551546238719,0.625,0.754658385093168,0.714285714285714,0.826086956521739,0.285714285714286,0.173913043478261,4.10714285714286,0.345864661654135
"4206",0.833333333333333,0.372236421510302,0.782608695652174,0.907407407407407,1,0.761904761904762,0,0.238095238095238,4.2,0
"4207",0.8,0.405187234907608,0.666666666666667,0.769886363636364,0.75,0.818181818181818,0.25,0.181818181818182,4.125,0.305555555555556
"4208",0.766666666666667,0.381175571790736,0.631578947368421,0.813664596273292,0.857142857142857,0.739130434782609,0.142857142857143,0.260869565217391,3.28571428571429,0.19327731092437
"4209",0.8,0.367895651791986,0.727272727272727,0.911931818181818,1,0.727272727272727,0,0.272727272727273,3.66666666666667,0
"4210",0.766666666666667,0.40200671181013,0.72,0.865079365079365,1,0.666666666666667,0,0.333333333333333,3,0
"4211",0.866666666666667,0.376852431624787,0.777777777777778,0.849431818181818,0.875,0.863636363636364,0.125,0.136363636363636,6.41666666666667,0.144736842105263
"4212",0.733333333333333,0.424744220662113,0.666666666666667,0.806878306878307,0.888888888888889,0.666666666666667,0.111111111111111,0.333333333333333,2.66666666666667,0.166666666666667
"4213",0.666666666666667,0.492345336337911,0.583333333333333,0.784090909090909,0.875,0.590909090909091,0.125,0.409090909090909,2.13888888888889,0.211538461538462
"4214",0.8,0.386923133053498,0.7,0.851674641148325,0.636363636363636,0.894736842105263,0.363636363636364,0.105263157894737,6.04545454545455,0.406417112299465
"4215",0.766666666666667,0.416476781099689,0.631578947368421,0.758522727272727,0.75,0.772727272727273,0.25,0.227272727272727,3.3,0.323529411764706
"4216",0.766666666666667,0.411677070596096,0.695652173913043,0.835648148148148,0.666666666666667,0.833333333333333,0.333333333333333,0.166666666666667,4,0.4
"4217",0.766666666666667,0.352932502365708,0.631578947368421,0.913194444444444,1,0.708333333333333,0,0.291666666666667,3.42857142857143,0
"4218",0.766666666666667,0.389249589175341,0.588235294117647,0.732954545454545,0.625,0.818181818181818,0.375,0.181818181818182,3.4375,0.458333333333333
"4219",0.666666666666667,0.495072496292987,0.583333333333333,0.669312169312169,0.777777777777778,0.619047619047619,0.222222222222222,0.380952380952381,2.04166666666667,0.358974358974359
"4220",0.633333333333333,0.470912542467272,0.266666666666667,0.66,0.2,0.85,0.8,0.15,1.33333333333333,0.941176470588235
"4221",0.8,0.386758343124902,0.571428571428571,0.851851851851852,0.444444444444444,0.952380952380952,0.555555555555556,0.0476190476190477,9.33333333333332,0.583333333333333
"4222",0.733333333333333,0.355317490128012,0.555555555555556,0.88,1,0.68,0,0.32,3.125,0
"4223",0.833333333333333,0.389663857711629,0.666666666666667,0.904761904761905,0.555555555555556,0.952380952380952,0.444444444444444,0.0476190476190477,11.6666666666667,0.466666666666667
"4224",0.833333333333333,0.347034955915178,0.705882352941177,0.922360248447205,0.857142857142857,0.826086956521739,0.142857142857143,0.173913043478261,4.92857142857143,0.172932330827068
"4225",0.733333333333333,0.424748932413188,0.636363636363636,0.775568181818182,0.875,0.681818181818182,0.125,0.318181818181818,2.75,0.183333333333333
"4226",0.733333333333333,0.356759043641785,0.636363636363636,0.894886363636364,0.875,0.681818181818182,0.125,0.318181818181818,2.75,0.183333333333333
"4227",0.933333333333333,0.369123974862531,0.9,0.99,0.9,0.95,0.1,0.05,18,0.105263157894737
"4228",0.866666666666667,0.348438249949832,0.777777777777778,0.943181818181818,0.875,0.863636363636364,0.125,0.136363636363636,6.41666666666667,0.144736842105263
"4229",0.833333333333333,0.399708555680128,0.736842105263158,0.795,0.7,0.9,0.3,0.1,7,0.333333333333333
"4230",0.7,0.458984572536491,0.571428571428571,0.782407407407407,0.5,0.833333333333333,0.5,0.166666666666667,3,0.6
"4231",0.833333333333333,0.410933960949357,0.761904761904762,0.830143540669856,0.727272727272727,0.894736842105263,0.272727272727273,0.105263157894737,6.90909090909091,0.304812834224599
"4232",0.8,0.371135964324113,0.727272727272727,0.900568181818182,1,0.727272727272727,0,0.272727272727273,3.66666666666667,0
"4233",0.8,0.372102446930046,0.666666666666667,0.857954545454545,0.75,0.818181818181818,0.25,0.181818181818182,4.125,0.305555555555556
"4234",0.733333333333333,0.428867158523606,0.636363636363636,0.767942583732057,0.636363636363636,0.789473684210526,0.363636363636364,0.210526315789474,3.02272727272727,0.460606060606061
"4235",0.733333333333333,0.413384436901955,0.6,0.713068181818182,0.75,0.727272727272727,0.25,0.272727272727273,2.75,0.34375
"4236",0.8,0.321632461235588,0.571428571428571,0.932692307692308,1,0.769230769230769,0,0.230769230769231,4.33333333333333,0
"4237",0.833333333333333,0.35518311686524,0.615384615384615,0.715277777777778,0.666666666666667,0.875,0.333333333333333,0.125,5.33333333333333,0.380952380952381
"4238",0.8,0.389246687586404,0.727272727272727,0.833333333333333,0.888888888888889,0.761904761904762,0.111111111111111,0.238095238095238,3.73333333333333,0.145833333333333
"4239",0.766666666666667,0.392961894031507,0.631578947368421,0.803977272727273,0.75,0.772727272727273,0.25,0.227272727272727,3.3,0.323529411764706
"4240",0.766666666666667,0.426382505048148,0.461538461538462,0.760416666666667,0.5,0.833333333333333,0.5,0.166666666666667,3,0.6
"4241",0.766666666666667,0.399183397128555,0.363636363636364,0.829545454545455,0.25,0.954545454545455,0.75,0.0454545454545454,5.50000000000001,0.785714285714286
"4242",0.9,0.358898857357406,0.842105263157895,0.9375,1,0.863636363636364,0,0.136363636363636,7.33333333333333,0
"4243",0.6,0.380046901996947,0.5,0.847222222222222,1,0.5,0,0.5,2,0
"4244",0.766666666666667,0.465084486771502,0.72,0.870535714285714,0.642857142857143,0.875,0.357142857142857,0.125,5.14285714285714,0.408163265306122
"4245",0.7,0.423505190999415,0.470588235294118,0.673295454545455,0.5,0.772727272727273,0.5,0.227272727272727,2.2,0.647058823529412
"4246",0.866666666666667,0.337701767423854,0.777777777777778,0.93167701863354,1,0.826086956521739,0,0.173913043478261,5.75,0
"4247",0.666666666666667,0.429314335430497,0.545454545454545,0.791866028708134,0.545454545454545,0.736842105263158,0.454545454545455,0.263157894736842,2.07272727272727,0.616883116883117
"4248",0.766666666666667,0.378930840287224,0.533333333333333,0.720496894409938,0.571428571428571,0.826086956521739,0.428571428571429,0.173913043478261,3.28571428571429,0.518796992481203
"4249",0.766666666666667,0.406227150532349,0.666666666666667,0.755681818181818,0.875,0.727272727272727,0.125,0.272727272727273,3.20833333333333,0.171875
"4250",0.833333333333333,0.400050600872884,0.8,0.865,1,0.75,0,0.25,4,0
"4251",0.7,0.449580593834218,0.470588235294118,0.68944099378882,0.571428571428571,0.739130434782609,0.428571428571429,0.260869565217391,2.19047619047619,0.579831932773109
"4252",0.766666666666667,0.383717732842711,0.666666666666667,0.835978835978836,0.777777777777778,0.761904761904762,0.222222222222222,0.238095238095238,3.26666666666667,0.291666666666667
"4253",0.7,0.476622549275277,0.64,0.834821428571429,0.571428571428571,0.8125,0.428571428571429,0.1875,3.04761904761905,0.527472527472527
"4254",0.766666666666667,0.395149962517117,0.666666666666667,0.751322751322751,0.777777777777778,0.761904761904762,0.222222222222222,0.238095238095238,3.26666666666667,0.291666666666667
"4255",0.8,0.44518114780936,0.727272727272727,0.854166666666667,0.666666666666667,0.888888888888889,0.333333333333333,0.111111111111111,6,0.375
"4256",0.766666666666667,0.425655271729078,0.533333333333333,0.816,0.8,0.76,0.2,0.24,3.33333333333333,0.263157894736842
"4257",0.766666666666667,0.375996145346699,0.695652173913043,0.894179894179894,0.888888888888889,0.714285714285714,0.111111111111111,0.285714285714286,3.11111111111111,0.155555555555556
"4258",0.766666666666667,0.425734550132708,0.695652173913043,0.8125,0.666666666666667,0.833333333333333,0.333333333333333,0.166666666666667,4,0.4
"4259",0.766666666666667,0.400640872866499,0.72,0.835978835978836,1,0.666666666666667,0,0.333333333333333,3,0
"4260",0.766666666666667,0.433763268866897,0.666666666666667,0.918552036199095,0.538461538461538,0.941176470588235,0.461538461538462,0.0588235294117647,9.15384615384615,0.490384615384615
"4261",0.666666666666667,0.459700655186725,0.5,0.834928229665072,0.454545454545455,0.789473684210526,0.545454545454545,0.210526315789474,2.15909090909091,0.690909090909091
"4262",0.7,0.490601486615071,0.571428571428571,0.722222222222222,0.5,0.833333333333333,0.5,0.166666666666667,3,0.6
"4263",0.766666666666667,0.432640762976619,0.631578947368421,0.784688995215311,0.545454545454545,0.894736842105263,0.454545454545455,0.105263157894737,5.18181818181818,0.508021390374332
"4264",0.866666666666667,0.389246002482266,0.777777777777778,0.9025,0.7,0.95,0.3,0.05,14,0.315789473684211
"4265",0.8,0.398206863218376,0.625,0.880952380952381,0.555555555555556,0.904761904761905,0.444444444444444,0.0952380952380952,5.83333333333333,0.491228070175439
"4266",0.7,0.45970230032306,0.4,0.714285714285714,0.333333333333333,0.857142857142857,0.666666666666667,0.142857142857143,2.33333333333333,0.777777777777778
"4267",0.733333333333333,0.406724959562456,0.666666666666667,0.82010582010582,0.888888888888889,0.666666666666667,0.111111111111111,0.333333333333333,2.66666666666667,0.166666666666667
"4268",0.733333333333333,0.420844106831888,0.555555555555556,0.7075,0.5,0.85,0.5,0.15,3.33333333333333,0.588235294117647
"4269",0.833333333333333,0.406607853260205,0.761904761904762,0.863636363636364,0.727272727272727,0.894736842105263,0.272727272727273,0.105263157894737,6.90909090909091,0.304812834224599
"4270",0.766666666666667,0.41179115896048,0.588235294117647,0.8525,0.5,0.9,0.5,0.1,5,0.555555555555556
"4271",0.733333333333333,0.367386035427455,0.692307692307692,0.89,0.9,0.65,0.1,0.35,2.57142857142857,0.153846153846154
"4272",0.7,0.438118639017682,0.571428571428571,0.798136645962733,0.857142857142857,0.652173913043478,0.142857142857143,0.347826086956522,2.46428571428571,0.219047619047619
"4273",0.766666666666667,0.411020377517189,0.533333333333333,0.801587301587302,0.444444444444444,0.904761904761905,0.555555555555556,0.0952380952380952,4.66666666666667,0.614035087719298
"4274",0.6,0.368638894706994,0.4,0.824,0.8,0.56,0.2,0.44,1.81818181818182,0.357142857142857
"4275",0.766666666666667,0.448940213768747,0.588235294117647,0.801435406698565,0.454545454545455,0.947368421052632,0.545454545454545,0.0526315789473685,8.63636363636363,0.575757575757576
"4276",0.833333333333333,0.378769833800803,0.705882352941177,0.886243386243386,0.666666666666667,0.904761904761905,0.333333333333333,0.0952380952380952,7,0.368421052631579
"4277",0.766666666666667,0.40446429074545,0.631578947368421,0.89,0.6,0.85,0.4,0.15,4,0.470588235294118
"4278",0.933333333333333,0.356289614882387,0.9,0.968253968253968,1,0.904761904761905,0,0.0952380952380952,10.5,0
"4279",0.7,0.431447101482088,0.608695652173913,0.875,0.583333333333333,0.777777777777778,0.416666666666667,0.222222222222222,2.625,0.535714285714286
"4280",0.733333333333333,0.398677331655073,0.6,0.798941798941799,0.666666666666667,0.761904761904762,0.333333333333333,0.238095238095238,2.8,0.4375
"4281",0.733333333333333,0.408625689081235,0.555555555555556,0.83,0.5,0.85,0.5,0.15,3.33333333333333,0.588235294117647
"4282",0.666666666666667,0.428991550599694,0.375,0.7525,0.3,0.85,0.7,0.15,2,0.823529411764706
"4283",0.766666666666667,0.414687961821678,0.666666666666667,0.822981366459627,1,0.695652173913043,0,0.304347826086957,3.28571428571429,0
"4284",0.766666666666667,0.376222984149826,0.666666666666667,0.838509316770186,1,0.695652173913043,0,0.304347826086957,3.28571428571429,0
"4285",0.666666666666667,0.494701963270169,0.375,0.621693121693122,0.333333333333333,0.80952380952381,0.666666666666667,0.19047619047619,1.75,0.823529411764706
"4286",0.866666666666667,0.357895909622804,0.75,0.934782608695652,0.857142857142857,0.869565217391304,0.142857142857143,0.130434782608696,6.57142857142857,0.164285714285714
"4287",0.766666666666667,0.416786260045037,0.631578947368421,0.815789473684211,0.545454545454545,0.894736842105263,0.454545454545455,0.105263157894737,5.18181818181818,0.508021390374332
"4288",0.833333333333333,0.43616457012453,0.8,0.934389140271493,0.769230769230769,0.882352941176471,0.230769230769231,0.117647058823529,6.53846153846154,0.261538461538461
"4289",0.766666666666667,0.47131327517171,0.72,0.825892857142857,0.642857142857143,0.875,0.357142857142857,0.125,5.14285714285714,0.408163265306122
"4290",0.766666666666667,0.355658238375238,0.631578947368421,0.841614906832298,0.857142857142857,0.739130434782609,0.142857142857143,0.260869565217391,3.28571428571429,0.19327731092437
"4291",0.733333333333333,0.406990794512625,0.6,0.818181818181818,0.545454545454545,0.842105263157895,0.454545454545455,0.157894736842105,3.45454545454545,0.539772727272727
"4292",0.766666666666667,0.40280557105043,0.72,0.831018518518518,0.75,0.777777777777778,0.25,0.222222222222222,3.375,0.321428571428571
"4293",0.733333333333333,0.409098305127457,0.555555555555556,0.724431818181818,0.625,0.772727272727273,0.375,0.227272727272727,2.75,0.485294117647059
"4294",0.766666666666667,0.458503935065536,0.72,0.736842105263158,0.818181818181818,0.736842105263158,0.181818181818182,0.263157894736842,3.10909090909091,0.246753246753247
"4295",0.7,0.449122164796632,0.666666666666667,0.755,0.9,0.6,0.1,0.4,2.25,0.166666666666667
"4296",0.733333333333333,0.424312353199127,0.6,0.794258373205742,0.545454545454545,0.842105263157895,0.454545454545455,0.157894736842105,3.45454545454545,0.539772727272727
"4297",0.8,0.360293932388785,0.727272727272727,0.903409090909091,1,0.727272727272727,0,0.272727272727273,3.66666666666667,0
"4298",0.8,0.46314183169479,0.7,0.861990950226244,0.538461538461538,1,0.461538461538462,0,Inf,0.461538461538462
"4299",0.833333333333333,0.421160902061929,0.761904761904762,0.856459330143541,0.727272727272727,0.894736842105263,0.272727272727273,0.105263157894737,6.90909090909091,0.304812834224599
"4300",0.766666666666667,0.399960606170963,0.533333333333333,0.85978835978836,0.444444444444444,0.904761904761905,0.555555555555556,0.0952380952380952,4.66666666666667,0.614035087719298
"4301",0.7,0.39346130289486,0.4,0.822115384615385,0.75,0.692307692307692,0.25,0.307692307692308,2.4375,0.361111111111111
"4302",0.733333333333333,0.440678895468415,0.6,0.889140271493213,0.461538461538462,0.941176470588235,0.538461538461538,0.0588235294117647,7.84615384615384,0.572115384615385
"4303",0.9,0.377930819108057,0.842105263157895,0.888888888888889,0.888888888888889,0.904761904761905,0.111111111111111,0.0952380952380952,9.33333333333333,0.12280701754386
"4304",0.866666666666667,0.380925870759474,0.777777777777778,0.889204545454545,0.875,0.863636363636364,0.125,0.136363636363636,6.41666666666667,0.144736842105263
"4305",0.9,0.407486559480836,0.869565217391304,0.976851851851852,0.833333333333333,0.944444444444444,0.166666666666667,0.0555555555555556,15,0.176470588235294
"4306",0.733333333333333,0.393806397687223,0.692307692307692,0.85,0.9,0.65,0.1,0.35,2.57142857142857,0.153846153846154
"4307",0.7,0.400154977964623,0.571428571428571,0.793650793650794,0.666666666666667,0.714285714285714,0.333333333333333,0.285714285714286,2.33333333333333,0.466666666666667
"4308",0.833333333333333,0.340981045601387,0.705882352941177,0.944444444444444,1,0.791666666666667,0,0.208333333333333,4.8,0
"4309",0.666666666666667,0.453060852781683,0.545454545454545,0.710227272727273,0.75,0.636363636363636,0.25,0.363636363636364,2.0625,0.392857142857143
"4310",0.733333333333333,0.398686701405493,0.666666666666667,0.843915343915344,0.888888888888889,0.666666666666667,0.111111111111111,0.333333333333333,2.66666666666667,0.166666666666667
"4311",0.833333333333333,0.378568268235461,0.615384615384615,0.803977272727273,0.5,0.954545454545455,0.5,0.0454545454545454,11,0.523809523809524
"4312",0.766666666666667,0.444482058073111,0.758620689655172,0.789351851851852,0.916666666666667,0.666666666666667,0.0833333333333334,0.333333333333333,2.75,0.125
"4313",0.833333333333333,0.398129292385895,0.736842105263158,0.904306220095694,0.636363636363636,0.947368421052632,0.363636363636364,0.0526315789473685,12.0909090909091,0.383838383838384
"4314",0.7,0.382690354691321,0.470588235294118,0.729166666666667,0.666666666666667,0.708333333333333,0.333333333333333,0.291666666666667,2.28571428571429,0.470588235294118
"4315",0.933333333333333,0.381450563024504,0.888888888888889,0.97,0.8,1,0.2,0,Inf,0.2
"4316",0.8,0.408686657187284,0.769230769230769,0.889140271493213,0.769230769230769,0.823529411764706,0.230769230769231,0.176470588235294,4.35897435897436,0.28021978021978
"4317",0.8,0.392345240695701,0.7,0.821022727272727,0.875,0.772727272727273,0.125,0.227272727272727,3.85,0.161764705882353
"4318",0.8,0.397131036761247,0.7,0.854037267080745,1,0.739130434782609,0,0.260869565217391,3.83333333333333,0
"4319",0.833333333333333,0.415188765724503,0.736842105263158,0.809659090909091,0.875,0.818181818181818,0.125,0.181818181818182,4.8125,0.152777777777778
"4320",0.8,0.401579570528584,0.625,0.8675,0.5,0.95,0.5,0.05,9.99999999999999,0.526315789473684
"4321",0.8,0.404424588040691,0.727272727272727,0.854497354497354,0.888888888888889,0.761904761904762,0.111111111111111,0.238095238095238,3.73333333333333,0.145833333333333
"4322",0.766666666666667,0.365153764480064,0.588235294117647,0.904,1,0.72,0,0.28,3.57142857142857,0
"4323",0.733333333333333,0.455483998168736,0.666666666666667,0.765,0.8,0.7,0.2,0.3,2.66666666666667,0.285714285714286
"4324",0.8,0.385104084422142,0.75,0.87037037037037,1,0.714285714285714,0,0.285714285714286,3.5,0
"4325",0.8,0.460127719559476,0.75,0.828125,0.642857142857143,0.9375,0.357142857142857,0.0625,10.2857142857143,0.380952380952381
"4326",0.833333333333333,0.363148729825495,0.615384615384615,0.711805555555556,0.666666666666667,0.875,0.333333333333333,0.125,5.33333333333333,0.380952380952381
"4327",0.766666666666667,0.419037658908236,0.666666666666667,0.825358851674641,0.636363636363636,0.842105263157895,0.363636363636364,0.157894736842105,4.03030303030303,0.431818181818182
"4328",0.7,0.316229007465797,0.470588235294118,0.884,0.8,0.68,0.2,0.32,2.5,0.294117647058823
"4329",0.833333333333333,0.349793231008423,0.782608695652174,0.923280423280423,1,0.761904761904762,0,0.238095238095238,4.2,0
"4330",0.833333333333333,0.366348527519466,0.736842105263158,0.919254658385093,1,0.782608695652174,0,0.217391304347826,4.6,0
"4331",0.833333333333333,0.386628712034626,0.761904761904762,0.901913875598086,0.727272727272727,0.894736842105263,0.272727272727273,0.105263157894737,6.90909090909091,0.304812834224599
"4332",0.8,0.383902367347814,0.625,0.717391304347826,0.714285714285714,0.826086956521739,0.285714285714286,0.173913043478261,4.10714285714286,0.345864661654135
"4333",0.8,0.412201681765623,0.7,0.84688995215311,0.636363636363636,0.894736842105263,0.363636363636364,0.105263157894737,6.04545454545455,0.406417112299465
"4334",0.8,0.375474052358154,0.75,0.9075,0.9,0.75,0.1,0.25,3.6,0.133333333333333
"4335",0.733333333333333,0.405996262897026,0.5,0.761904761904762,0.444444444444444,0.857142857142857,0.555555555555556,0.142857142857143,3.11111111111111,0.648148148148148
"4336",0.733333333333333,0.434918450014483,0.636363636363636,0.881944444444444,0.583333333333333,0.833333333333333,0.416666666666667,0.166666666666667,3.5,0.5
"4337",0.866666666666667,0.348936877894671,0.777777777777778,0.922360248447205,1,0.826086956521739,0,0.173913043478261,5.75,0
"4338",0.766666666666667,0.370126344823977,0.695652173913043,0.892045454545455,1,0.681818181818182,0,0.318181818181818,3.14285714285714,0
"4339",0.9,0.337512798913303,0.8,0.940993788819876,0.857142857142857,0.91304347826087,0.142857142857143,0.0869565217391305,9.85714285714285,0.156462585034014
"4340",0.8,0.360441482638001,0.7,0.906832298136646,1,0.739130434782609,0,0.260869565217391,3.83333333333333,0
"4341",0.766666666666667,0.387478750621025,0.533333333333333,0.925925925925926,0.444444444444444,0.904761904761905,0.555555555555556,0.0952380952380952,4.66666666666667,0.614035087719298
"4342",0.733333333333333,0.449790957420674,0.636363636363636,0.85972850678733,0.538461538461538,0.882352941176471,0.461538461538462,0.117647058823529,4.57692307692308,0.523076923076923
"4343",0.766666666666667,0.46495751043429,0.631578947368421,0.909502262443439,0.461538461538462,1,0.538461538461538,0,Inf,0.538461538461538
"4344",0.7,0.455554135587847,0.608695652173913,0.7375,0.7,0.7,0.3,0.3,2.33333333333333,0.428571428571429
"4345",0.8,0.423490539759561,0.727272727272727,0.844907407407407,0.666666666666667,0.888888888888889,0.333333333333333,0.111111111111111,6,0.375
"4346",0.866666666666667,0.36297021403315,0.8,0.931216931216931,0.888888888888889,0.857142857142857,0.111111111111111,0.142857142857143,6.22222222222222,0.12962962962963
"4347",0.766666666666667,0.358179450281641,0.631578947368421,0.840909090909091,0.75,0.772727272727273,0.25,0.227272727272727,3.3,0.323529411764706
"4348",0.733333333333333,0.440017449570236,0.666666666666667,0.841628959276018,0.615384615384615,0.823529411764706,0.384615384615385,0.176470588235294,3.48717948717949,0.467032967032967
"4349",0.833333333333333,0.354232862239897,0.705882352941177,0.906832298136646,0.857142857142857,0.826086956521739,0.142857142857143,0.173913043478261,4.92857142857143,0.172932330827068
"4350",0.7,0.429051152314521,0.608695652173913,0.810185185185185,0.583333333333333,0.777777777777778,0.416666666666667,0.222222222222222,2.625,0.535714285714286
"4351",0.766666666666667,0.399842678129975,0.588235294117647,0.805555555555556,0.833333333333333,0.75,0.166666666666667,0.25,3.33333333333333,0.222222222222222
"4352",0.733333333333333,0.360540170623727,0.636363636363636,0.90625,0.875,0.681818181818182,0.125,0.318181818181818,2.75,0.183333333333333
"4353",0.633333333333333,0.479024005579809,0.421052631578947,0.674641148325359,0.363636363636364,0.789473684210526,0.636363636363636,0.210526315789474,1.72727272727273,0.806060606060606
"4354",0.733333333333333,0.4021972828823,0.636363636363636,0.7675,0.7,0.75,0.3,0.25,2.8,0.4
"4355",0.8,0.440225343474751,0.769230769230769,0.80316742081448,0.769230769230769,0.823529411764706,0.230769230769231,0.176470588235294,4.35897435897436,0.28021978021978
"4356",0.766666666666667,0.359189910600862,0.588235294117647,0.850931677018634,0.714285714285714,0.782608695652174,0.285714285714286,0.217391304347826,3.28571428571429,0.365079365079365
"4357",0.833333333333333,0.357513981920706,0.736842105263158,0.916149068322981,1,0.782608695652174,0,0.217391304347826,4.6,0
"4358",0.833333333333333,0.345140163615144,0.736842105263158,0.951704545454545,0.875,0.818181818181818,0.125,0.181818181818182,4.8125,0.152777777777778
"4359",0.733333333333333,0.455573919285303,0.636363636363636,0.741477272727273,0.875,0.681818181818182,0.125,0.318181818181818,2.75,0.183333333333333
"4360",0.8,0.430612910580691,0.727272727272727,0.798941798941799,0.888888888888889,0.761904761904762,0.111111111111111,0.238095238095238,3.73333333333333,0.145833333333333
"4361",0.833333333333333,0.453807476230242,0.782608695652174,0.933035714285714,0.642857142857143,1,0.357142857142857,0,Inf,0.357142857142857
"4362",0.7,0.461261556672132,0.4,0.8,0.3,0.9,0.7,0.1,3,0.777777777777778
"4363",0.7,0.462745537167918,0.608695652173913,0.782407407407407,0.583333333333333,0.777777777777778,0.416666666666667,0.222222222222222,2.625,0.535714285714286
"4364",0.7,0.472286261897335,0.64,0.6875,0.8,0.65,0.2,0.35,2.28571428571429,0.307692307692308
"4365",0.766666666666667,0.40128954478467,0.666666666666667,0.80952380952381,0.777777777777778,0.761904761904762,0.222222222222222,0.238095238095238,3.26666666666667,0.291666666666667
"4366",0.7,0.462735701781807,0.571428571428571,0.793981481481482,0.5,0.833333333333333,0.5,0.166666666666667,3,0.6
"4367",0.733333333333333,0.44461037935965,0.636363636363636,0.800925925925926,0.583333333333333,0.833333333333333,0.416666666666667,0.166666666666667,3.5,0.5
"4368",0.7,0.386403671220175,0.608695652173913,0.803977272727273,0.875,0.636363636363636,0.125,0.363636363636364,2.40625,0.196428571428571
"4369",0.8,0.358934943428999,0.75,0.920634920634921,1,0.714285714285714,0,0.285714285714286,3.5,0
"4370",0.733333333333333,0.399108990217686,0.555555555555556,0.773291925465838,0.714285714285714,0.739130434782609,0.285714285714286,0.260869565217391,2.73809523809524,0.38655462184874
"4371",0.666666666666667,0.462270365942011,0.444444444444444,0.799043062200957,0.363636363636364,0.842105263157895,0.636363636363636,0.157894736842105,2.3030303030303,0.755681818181818
"4372",0.866666666666667,0.382705925556796,0.8,0.9175,0.8,0.9,0.2,0.1,8,0.222222222222222
"4373",0.733333333333333,0.361945869305056,0.6,0.813664596273292,0.857142857142857,0.695652173913043,0.142857142857143,0.304347826086957,2.81632653061224,0.205357142857143
"4374",0.666666666666667,0.399153624341795,0.444444444444444,0.742236024844721,0.571428571428571,0.695652173913043,0.428571428571429,0.304347826086957,1.87755102040816,0.616071428571429
"4375",0.633333333333333,0.466029218211867,0.476190476190476,0.747685185185185,0.416666666666667,0.777777777777778,0.583333333333333,0.222222222222222,1.875,0.75
"4376",0.8,0.404710016555998,0.769230769230769,0.85,1,0.7,0,0.3,3.33333333333333,0
"4377",0.766666666666667,0.400917579331087,0.666666666666667,0.861244019138756,0.636363636363636,0.842105263157895,0.363636363636364,0.157894736842105,4.03030303030303,0.431818181818182
"4378",0.8,0.386746570736075,0.769230769230769,0.905,1,0.7,0,0.3,3.33333333333333,0
"4379",0.766666666666667,0.45658860848911,0.666666666666667,0.798611111111111,0.583333333333333,0.888888888888889,0.416666666666667,0.111111111111111,5.25,0.46875
"4380",0.733333333333333,0.349796314862587,0.555555555555556,0.854037267080745,0.714285714285714,0.739130434782609,0.285714285714286,0.260869565217391,2.73809523809524,0.38655462184874
"4381",0.7,0.427207531777265,0.64,0.7725,0.8,0.65,0.2,0.35,2.28571428571429,0.307692307692308
"4382",0.733333333333333,0.44833377214377,0.714285714285714,0.755980861244019,0.909090909090909,0.631578947368421,0.0909090909090909,0.368421052631579,2.46753246753247,0.143939393939394
"4383",0.666666666666667,0.441736912427114,0.615384615384615,0.6825,0.8,0.6,0.2,0.4,2,0.333333333333333
"4384",0.766666666666667,0.396405610454259,0.695652173913043,0.892344497607656,0.727272727272727,0.789473684210526,0.272727272727273,0.210526315789474,3.45454545454546,0.345454545454545
"4385",0.766666666666667,0.405195031235856,0.72,0.83,0.9,0.7,0.1,0.3,3,0.142857142857143
"4386",0.7,0.398729092982136,0.608695652173913,0.796296296296296,0.777777777777778,0.666666666666667,0.222222222222222,0.333333333333333,2.33333333333333,0.333333333333333
"4387",0.766666666666667,0.428684405376192,0.533333333333333,0.8225,0.4,0.95,0.6,0.05,7.99999999999999,0.631578947368421
"4388",0.8,0.353236108674486,0.7,0.919254658385093,1,0.739130434782609,0,0.260869565217391,3.83333333333333,0
"4389",0.666666666666667,0.419030546163185,0.5,0.769886363636364,0.625,0.681818181818182,0.375,0.318181818181818,1.96428571428571,0.55
"4390",0.8,0.404072605722686,0.666666666666667,0.885,0.6,0.9,0.4,0.1,6,0.444444444444444
"4391",0.766666666666667,0.395391647737656,0.666666666666667,0.775132275132275,0.777777777777778,0.761904761904762,0.222222222222222,0.238095238095238,3.26666666666667,0.291666666666667
"4392",0.8,0.372284041491095,0.727272727272727,0.889204545454545,1,0.727272727272727,0,0.272727272727273,3.66666666666667,0
"4393",0.833333333333333,0.445528650250724,0.761904761904762,0.861990950226244,0.615384615384615,1,0.384615384615385,0,Inf,0.384615384615385
"4394",0.833333333333333,0.362837855558123,0.615384615384615,0.864,0.8,0.84,0.2,0.16,5,0.238095238095238
"4395",0.733333333333333,0.45288768601488,0.666666666666667,0.782805429864253,0.615384615384615,0.823529411764706,0.384615384615385,0.176470588235294,3.48717948717949,0.467032967032967
"4396",0.8,0.369797632205218,0.727272727272727,0.891534391534392,0.888888888888889,0.761904761904762,0.111111111111111,0.238095238095238,3.73333333333333,0.145833333333333
"4397",0.7,0.348706752238527,0.571428571428571,0.899305555555556,1,0.625,0,0.375,2.66666666666667,0
"4398",0.733333333333333,0.414833398211011,0.6,0.8475,0.6,0.8,0.4,0.2,3,0.5
"4399",0.7,0.486213221664713,0.608695652173913,0.74537037037037,0.583333333333333,0.777777777777778,0.416666666666667,0.222222222222222,2.625,0.535714285714286
"4400",0.733333333333333,0.468419509409346,0.666666666666667,0.857142857142857,0.571428571428571,0.875,0.428571428571429,0.125,4.57142857142857,0.489795918367347
"4401",0.7,0.449625883102412,0.470588235294118,0.68,0.8,0.68,0.2,0.32,2.5,0.294117647058823
"4402",0.833333333333333,0.367563635650218,0.782608695652174,0.912698412698413,1,0.761904761904762,0,0.238095238095238,4.2,0
"4403",0.766666666666667,0.339953649540525,0.533333333333333,0.826388888888889,0.666666666666667,0.791666666666667,0.333333333333333,0.208333333333333,3.2,0.421052631578947
"4404",0.866666666666667,0.383358808140492,0.8,0.94,0.8,0.9,0.2,0.1,8,0.222222222222222
"4405",0.733333333333333,0.47913909871581,0.666666666666667,0.851111111111111,0.533333333333333,0.933333333333333,0.466666666666667,0.0666666666666667,8,0.5
"4406",0.766666666666667,0.434607067114419,0.758620689655172,0.805555555555556,0.916666666666667,0.666666666666667,0.0833333333333334,0.333333333333333,2.75,0.125
"4407",0.833333333333333,0.394457056536868,0.782608695652174,0.944976076555024,0.818181818181818,0.842105263157895,0.181818181818182,0.157894736842105,5.18181818181818,0.215909090909091
"4408",0.833333333333333,0.365153009346856,0.736842105263158,0.917613636363636,0.875,0.818181818181818,0.125,0.181818181818182,4.8125,0.152777777777778
"4409",0.866666666666667,0.378559815208663,0.777777777777778,0.875,0.7,0.95,0.3,0.05,14,0.315789473684211
"4410",0.8,0.39253036566206,0.7,0.835227272727273,0.875,0.772727272727273,0.125,0.227272727272727,3.85,0.161764705882353
"4411",0.766666666666667,0.408042855387805,0.666666666666667,0.779904306220096,0.636363636363636,0.842105263157895,0.363636363636364,0.157894736842105,4.03030303030303,0.431818181818182
"4412",0.866666666666667,0.341237114198362,0.777777777777778,0.959627329192547,1,0.826086956521739,0,0.173913043478261,5.75,0
"4413",0.9,0.360116461214858,0.857142857142857,0.984126984126984,1,0.857142857142857,0,0.142857142857143,7,0
"4414",0.8,0.353231133992171,0.727272727272727,0.923295454545455,1,0.727272727272727,0,0.272727272727273,3.66666666666667,0
"4415",0.9,0.345176968316523,0.842105263157895,0.957386363636364,1,0.863636363636364,0,0.136363636363636,7.33333333333333,0
"4416",0.633333333333333,0.42907912180846,0.421052631578947,0.627840909090909,0.5,0.681818181818182,0.5,0.318181818181818,1.57142857142857,0.733333333333333
"4417",0.7,0.426824928474998,0.571428571428571,0.794258373205742,0.545454545454545,0.789473684210526,0.454545454545455,0.210526315789474,2.59090909090909,0.575757575757576
"4418",0.8,0.376690964394027,0.7,0.843915343915344,0.777777777777778,0.80952380952381,0.222222222222222,0.19047619047619,4.08333333333333,0.274509803921569
"4419",0.8,0.382748840336242,0.727272727272727,0.843915343915344,0.888888888888889,0.761904761904762,0.111111111111111,0.238095238095238,3.73333333333333,0.145833333333333
"4420",0.8,0.380699262664141,0.666666666666667,0.8675,0.6,0.9,0.4,0.1,6,0.444444444444444
"4421",0.766666666666667,0.446249279673182,0.666666666666667,0.875,0.583333333333333,0.888888888888889,0.416666666666667,0.111111111111111,5.25,0.46875
"4422",0.766666666666667,0.374981395114201,0.363636363636364,0.783950617283951,0.666666666666667,0.777777777777778,0.333333333333333,0.222222222222222,3,0.428571428571429
"4423",0.866666666666667,0.35065377758551,0.8,0.954545454545455,1,0.818181818181818,0,0.181818181818182,5.5,0
"4424",0.766666666666667,0.422240081098971,0.695652173913043,0.803827751196172,0.727272727272727,0.789473684210526,0.272727272727273,0.210526315789474,3.45454545454546,0.345454545454545
"4425",0.833333333333333,0.43150870435738,0.736842105263158,0.840277777777778,0.583333333333333,1,0.416666666666667,0,Inf,0.416666666666667
"4426",0.766666666666667,0.398164450609229,0.631578947368421,0.747159090909091,0.75,0.772727272727273,0.25,0.227272727272727,3.3,0.323529411764706
"4427",0.8,0.454898953341272,0.7,0.941176470588235,0.538461538461538,1,0.461538461538462,0,Inf,0.461538461538462
"4428",0.766666666666667,0.386524844272485,0.740740740740741,0.86,1,0.65,0,0.35,2.85714285714286,0
"4429",0.766666666666667,0.424696900432945,0.631578947368421,0.775,0.6,0.85,0.4,0.15,4,0.470588235294118
"4430",0.8,0.362387036958215,0.625,0.860248447204969,0.714285714285714,0.826086956521739,0.285714285714286,0.173913043478261,4.10714285714286,0.345864661654135
"4431",0.733333333333333,0.406654934782214,0.636363636363636,0.829545454545455,0.875,0.681818181818182,0.125,0.318181818181818,2.75,0.183333333333333
"4432",0.7,0.477001185091217,0.526315789473684,0.739234449760766,0.454545454545455,0.842105263157895,0.545454545454545,0.157894736842105,2.87878787878788,0.647727272727273
"4433",0.8,0.339787170708117,0.666666666666667,0.891304347826087,0.857142857142857,0.782608695652174,0.142857142857143,0.217391304347826,3.94285714285714,0.182539682539683
"4434",0.766666666666667,0.426210408653634,0.666666666666667,0.909722222222222,0.583333333333333,0.888888888888889,0.416666666666667,0.111111111111111,5.25,0.46875
"4435",0.7,0.484674235771974,0.526315789473684,0.719907407407407,0.416666666666667,0.888888888888889,0.583333333333333,0.111111111111111,3.75,0.65625
"4436",0.833333333333333,0.419849038674723,0.761904761904762,0.808612440191388,0.727272727272727,0.894736842105263,0.272727272727273,0.105263157894737,6.90909090909091,0.304812834224599
"4437",0.733333333333333,0.428966810370015,0.666666666666667,0.815789473684211,0.727272727272727,0.736842105263158,0.272727272727273,0.263157894736842,2.76363636363636,0.37012987012987
"4438",0.7,0.435417458298423,0.470588235294118,0.74,0.4,0.85,0.6,0.15,2.66666666666667,0.705882352941177
"4439",0.8,0.361952013713646,0.727272727272727,0.903409090909091,1,0.727272727272727,0,0.272727272727273,3.66666666666667,0
"4440",0.8,0.381988833098074,0.666666666666667,0.767045454545454,0.75,0.818181818181818,0.25,0.181818181818182,4.125,0.305555555555556
"4441",0.766666666666667,0.40318318353493,0.533333333333333,0.814814814814815,0.444444444444444,0.904761904761905,0.555555555555556,0.0952380952380952,4.66666666666667,0.614035087719298
"4442",0.7,0.395166233016034,0.526315789473684,0.78125,0.833333333333333,0.666666666666667,0.166666666666667,0.333333333333333,2.5,0.25
"4443",0.733333333333333,0.392782751775278,0.636363636363636,0.813664596273292,1,0.652173913043478,0,0.347826086956522,2.875,0
"4444",0.766666666666667,0.426760050756687,0.695652173913043,0.788359788359788,0.888888888888889,0.714285714285714,0.111111111111111,0.285714285714286,3.11111111111111,0.155555555555556
"4445",0.8,0.42516039312972,0.769230769230769,0.787081339712919,0.909090909090909,0.736842105263158,0.0909090909090909,0.263157894736842,3.45454545454545,0.123376623376623
"4446",0.766666666666667,0.417059602729141,0.666666666666667,0.818181818181818,0.636363636363636,0.842105263157895,0.363636363636364,0.157894736842105,4.03030303030303,0.431818181818182
"4447",0.766666666666667,0.426859201702305,0.631578947368421,0.7325,0.6,0.85,0.4,0.15,4,0.470588235294118
"4448",0.8,0.444597563843093,0.7,0.784688995215311,0.636363636363636,0.894736842105263,0.363636363636364,0.105263157894737,6.04545454545455,0.406417112299465
"4449",0.666666666666667,0.398952787679474,0.583333333333333,0.863354037267081,1,0.565217391304348,0,0.434782608695652,2.3,0
"4450",0.733333333333333,0.416090312190516,0.636363636363636,0.787081339712919,0.636363636363636,0.789473684210526,0.363636363636364,0.210526315789474,3.02272727272727,0.460606060606061
"4451",0.7,0.461131341132331,0.64,0.71957671957672,0.888888888888889,0.619047619047619,0.111111111111111,0.380952380952381,2.33333333333333,0.17948717948718
"4452",0.766666666666667,0.353307098187743,0.588235294117647,0.807453416149068,0.714285714285714,0.782608695652174,0.285714285714286,0.217391304347826,3.28571428571429,0.365079365079365
"4453",0.633333333333333,0.477393078336856,0.521739130434783,0.717391304347826,0.857142857142857,0.565217391304348,0.142857142857143,0.434782608695652,1.97142857142857,0.252747252747253
"4454",0.833333333333333,0.401153344579813,0.705882352941177,0.955,0.6,0.95,0.4,0.05,12,0.421052631578947
"4455",0.733333333333333,0.449014573734534,0.555555555555556,0.72,0.5,0.85,0.5,0.15,3.33333333333333,0.588235294117647
"4456",0.7,0.421816343868268,0.526315789473684,0.784722222222222,0.833333333333333,0.666666666666667,0.166666666666667,0.333333333333333,2.5,0.25
"4457",0.8,0.39002071028215,0.75,0.82,0.9,0.75,0.1,0.25,3.6,0.133333333333333
"4458",0.733333333333333,0.374725065876856,0.555555555555556,0.806818181818182,0.625,0.772727272727273,0.375,0.227272727272727,2.75,0.485294117647059
"4459",0.8,0.410111700026034,0.75,0.900462962962963,0.75,0.833333333333333,0.25,0.166666666666667,4.5,0.3
"4460",0.7,0.343338369196691,0.4,0.91358024691358,1,0.666666666666667,0,0.333333333333333,3,0
"4461",0.8,0.377252155065901,0.727272727272727,0.8825,0.8,0.8,0.2,0.2,4,0.25
"4462",0.766666666666667,0.381248632152108,0.666666666666667,0.872670807453416,1,0.695652173913043,0,0.304347826086957,3.28571428571429,0
"4463",0.766666666666667,0.38365820314855,0.695652173913043,0.880952380952381,0.888888888888889,0.714285714285714,0.111111111111111,0.285714285714286,3.11111111111111,0.155555555555556
"4464",0.766666666666667,0.423141223916215,0.740740740740741,0.884615384615385,0.769230769230769,0.764705882352941,0.230769230769231,0.235294117647059,3.26923076923077,0.301775147928994
"4465",0.8,0.4754873697679,0.7,0.708994708994709,0.777777777777778,0.80952380952381,0.222222222222222,0.19047619047619,4.08333333333333,0.274509803921569
"4466",0.766666666666667,0.401790982448001,0.666666666666667,0.784090909090909,0.875,0.727272727272727,0.125,0.272727272727273,3.20833333333333,0.171875
"4467",0.866666666666667,0.38344857692312,0.8,0.911483253588517,0.727272727272727,0.947368421052632,0.272727272727273,0.0526315789473685,13.8181818181818,0.287878787878788
"4468",0.733333333333333,0.43931347818813,0.666666666666667,0.880090497737557,0.615384615384615,0.823529411764706,0.384615384615385,0.176470588235294,3.48717948717949,0.467032967032967
"4469",0.733333333333333,0.46756135062179,0.636363636363636,0.740740740740741,0.777777777777778,0.714285714285714,0.222222222222222,0.285714285714286,2.72222222222222,0.311111111111111
"4470",0.766666666666667,0.45649434936579,0.695652173913043,0.870535714285714,0.571428571428571,0.9375,0.428571428571429,0.0625,9.14285714285714,0.457142857142857
"4471",0.7,0.476374624387874,0.571428571428571,0.6875,0.75,0.681818181818182,0.25,0.318181818181818,2.35714285714286,0.366666666666667
"4472",0.8,0.41905500434538,0.7,0.921296296296296,0.583333333333333,0.944444444444444,0.416666666666667,0.0555555555555556,10.5,0.441176470588235
"4473",0.866666666666667,0.372573431549154,0.833333333333333,0.9125,1,0.8,0,0.2,5,0
"4474",0.6,0.454574399139109,0.5,0.639204545454546,0.75,0.545454545454545,0.25,0.454545454545455,1.65,0.458333333333333
"4475",0.766666666666667,0.384339664733244,0.758620689655172,0.909090909090909,1,0.631578947368421,0,0.368421052631579,2.71428571428571,0
"4476",0.766666666666667,0.411532571474137,0.666666666666667,0.815,0.7,0.8,0.3,0.2,3.5,0.375
"4477",0.833333333333333,0.381816012171607,0.736842105263158,0.829545454545455,0.875,0.818181818181818,0.125,0.181818181818182,4.8125,0.152777777777778
"4478",0.666666666666667,0.409910527404941,0.583333333333333,0.738095238095238,0.777777777777778,0.619047619047619,0.222222222222222,0.380952380952381,2.04166666666667,0.358974358974359
"4479",0.766666666666667,0.436021041862401,0.588235294117647,0.743055555555556,0.833333333333333,0.75,0.166666666666667,0.25,3.33333333333333,0.222222222222222
"4480",0.833333333333333,0.39164199544297,0.736842105263158,0.870813397129187,0.636363636363636,0.947368421052632,0.363636363636364,0.0526315789473685,12.0909090909091,0.383838383838384
"4481",0.866666666666667,0.356038425919696,0.777777777777778,0.934659090909091,0.875,0.863636363636364,0.125,0.136363636363636,6.41666666666667,0.144736842105263
"4482",0.666666666666667,0.480647284889546,0.642857142857143,0.788888888888889,0.6,0.733333333333333,0.4,0.266666666666667,2.25,0.545454545454546
"4483",0.766666666666667,0.43380429548061,0.666666666666667,0.849282296650718,0.636363636363636,0.842105263157895,0.363636363636364,0.157894736842105,4.03030303030303,0.431818181818182
"4484",0.766666666666667,0.390903875688389,0.631578947368421,0.761363636363636,0.75,0.772727272727273,0.25,0.227272727272727,3.3,0.323529411764706
"4485",0.7,0.444033244209902,0.571428571428571,0.798136645962733,0.857142857142857,0.652173913043478,0.142857142857143,0.347826086956522,2.46428571428571,0.219047619047619
"4486",0.8,0.406168910795606,0.571428571428571,0.925,0.4,1,0.6,0,Inf,0.6
"4487",0.733333333333333,0.430611170158003,0.636363636363636,0.716931216931217,0.777777777777778,0.714285714285714,0.222222222222222,0.285714285714286,2.72222222222222,0.311111111111111
"4488",0.8,0.371121115296015,0.75,0.894179894179894,1,0.714285714285714,0,0.285714285714286,3.5,0
"4489",0.766666666666667,0.388838463722035,0.631578947368421,0.770186335403727,0.857142857142857,0.739130434782609,0.142857142857143,0.260869565217391,3.28571428571429,0.19327731092437
"4490",0.8,0.394885999968999,0.75,0.835,0.9,0.75,0.1,0.25,3.6,0.133333333333333
"4491",0.6,0.475259183127406,0.4,0.717592592592593,0.333333333333333,0.777777777777778,0.666666666666667,0.222222222222222,1.5,0.857142857142857
"4492",0.766666666666667,0.371918779000634,0.666666666666667,0.877840909090909,0.875,0.727272727272727,0.125,0.272727272727273,3.20833333333333,0.171875
"4493",0.866666666666667,0.374013958669251,0.777777777777778,0.899470899470899,0.777777777777778,0.904761904761905,0.222222222222222,0.0952380952380952,8.16666666666667,0.245614035087719
"4494",0.8,0.361945196624027,0.7,0.840909090909091,0.875,0.772727272727273,0.125,0.227272727272727,3.85,0.161764705882353
"4495",0.8,0.373590428056388,0.666666666666667,0.875,1,0.75,0,0.25,4,0
"4496",0.8,0.42252326733121,0.7,0.791866028708134,0.636363636363636,0.894736842105263,0.363636363636364,0.105263157894737,6.04545454545455,0.406417112299465
"4497",0.7,0.456664716496265,0.4,0.69,0.3,0.9,0.7,0.1,3,0.777777777777778
"4498",0.766666666666667,0.432294188806558,0.631578947368421,0.886574074074074,0.5,0.944444444444444,0.5,0.0555555555555556,9,0.529411764705882
"4499",0.666666666666667,0.440415566874394,0.545454545454545,0.684659090909091,0.75,0.636363636363636,0.25,0.363636363636364,2.0625,0.392857142857143
"4500",0.866666666666667,0.366348405584534,0.8,0.925925925925926,0.888888888888889,0.857142857142857,0.111111111111111,0.142857142857143,6.22222222222222,0.12962962962963
"4501",0.833333333333333,0.355294790456585,0.761904761904762,0.896825396825397,0.888888888888889,0.80952380952381,0.111111111111111,0.19047619047619,4.66666666666667,0.137254901960784
"4502",0.733333333333333,0.356728990719214,0.666666666666667,0.867724867724868,0.888888888888889,0.666666666666667,0.111111111111111,0.333333333333333,2.66666666666667,0.166666666666667
"4503",0.7,0.412470945499387,0.470588235294118,0.793650793650794,0.444444444444444,0.80952380952381,0.555555555555556,0.19047619047619,2.33333333333333,0.686274509803922
"4504",0.8,0.372516711205647,0.625,0.884,1,0.76,0,0.24,4.16666666666667,0
"4505",0.733333333333333,0.356346483217527,0.428571428571429,0.7,0.6,0.76,0.4,0.24,2.5,0.526315789473684
"4506",0.8,0.399869742359627,0.666666666666667,0.88,0.6,0.9,0.4,0.1,6,0.444444444444444
"4507",0.8,0.355558391396385,0.666666666666667,0.892361111111111,1,0.75,0,0.25,4,0
"4508",0.6,0.485846652256622,0.142857142857143,0.695,0.1,0.85,0.9,0.15,0.666666666666667,1.05882352941176
"4509",0.866666666666667,0.352527903619282,0.818181818181818,0.92063492063492,1,0.80952380952381,0,0.19047619047619,5.25,0
"4510",0.866666666666667,0.387775330826895,0.777777777777778,0.8125,0.875,0.863636363636364,0.125,0.136363636363636,6.41666666666667,0.144736842105263
"4511",0.666666666666667,0.482795939324635,0.5,0.65527950310559,0.714285714285714,0.652173913043478,0.285714285714286,0.347826086956522,2.05357142857143,0.438095238095238
"4512",0.9,0.389202631283674,0.8,0.81055900621118,0.857142857142857,0.91304347826087,0.142857142857143,0.0869565217391305,9.85714285714285,0.156462585034014
"4513",0.733333333333333,0.456535372042916,0.5,0.72,0.8,0.72,0.2,0.28,2.85714285714286,0.277777777777778
"4514",0.766666666666667,0.379218422697059,0.695652173913043,0.854497354497354,0.888888888888889,0.714285714285714,0.111111111111111,0.285714285714286,3.11111111111111,0.155555555555556
"4515",0.7,0.442356645509726,0.571428571428571,0.81712962962963,0.5,0.833333333333333,0.5,0.166666666666667,3,0.6
"4516",0.766666666666667,0.401623620671949,0.588235294117647,0.876,1,0.72,0,0.28,3.57142857142857,0
"4517",0.7,0.387280728659199,0.470588235294118,0.726708074534162,0.571428571428571,0.739130434782609,0.428571428571429,0.260869565217391,2.19047619047619,0.579831932773109
"4518",0.766666666666667,0.391640931410219,0.72,0.8775,0.9,0.7,0.1,0.3,3,0.142857142857143
"4519",0.766666666666667,0.385795413994517,0.695652173913043,0.846560846560847,0.888888888888889,0.714285714285714,0.111111111111111,0.285714285714286,3.11111111111111,0.155555555555556
"4520",0.833333333333333,0.395268914269432,0.705882352941177,0.761363636363636,0.75,0.863636363636364,0.25,0.136363636363636,5.5,0.289473684210526
"4521",0.766666666666667,0.417467223221815,0.695652173913043,0.818181818181818,0.727272727272727,0.789473684210526,0.272727272727273,0.210526315789474,3.45454545454546,0.345454545454545
"4522",0.7,0.465285766049706,0.571428571428571,0.80787037037037,0.5,0.833333333333333,0.5,0.166666666666667,3,0.6
"4523",0.733333333333333,0.408331491001704,0.692307692307692,0.8025,0.9,0.65,0.1,0.35,2.57142857142857,0.153846153846154
"4524",0.866666666666667,0.357225049710557,0.75,0.829192546583851,0.857142857142857,0.869565217391304,0.142857142857143,0.130434782608696,6.57142857142857,0.164285714285714
"4525",0.733333333333333,0.4212112127397,0.636363636363636,0.806818181818182,0.875,0.681818181818182,0.125,0.318181818181818,2.75,0.183333333333333
"4526",0.733333333333333,0.419291678669398,0.555555555555556,0.775,0.5,0.85,0.5,0.15,3.33333333333333,0.588235294117647
"4527",0.733333333333333,0.454352076575649,0.636363636363636,0.828054298642534,0.538461538461538,0.882352941176471,0.461538461538462,0.117647058823529,4.57692307692308,0.523076923076923
"4528",0.766666666666667,0.409794356319406,0.588235294117647,0.695652173913043,0.714285714285714,0.782608695652174,0.285714285714286,0.217391304347826,3.28571428571429,0.365079365079365
"4529",0.8,0.401365403400536,0.666666666666667,0.823863636363636,0.75,0.818181818181818,0.25,0.181818181818182,4.125,0.305555555555556
"4530",0.766666666666667,0.456249272608245,0.695652173913043,0.812217194570136,0.615384615384615,0.882352941176471,0.384615384615385,0.117647058823529,5.23076923076923,0.435897435897436
"4531",0.666666666666667,0.487250454518608,0.615384615384615,0.716517857142857,0.571428571428571,0.75,0.428571428571429,0.25,2.28571428571429,0.571428571428572
"4532",0.7,0.423316968448759,0.526315789473684,0.84,0.5,0.8,0.5,0.2,2.5,0.625
"4533",0.733333333333333,0.42424551864696,0.555555555555556,0.7425,0.5,0.85,0.5,0.15,3.33333333333333,0.588235294117647
"4534",0.9,0.312876373163873,0.8,0.9375,1,0.875,0,0.125,8,0
"4535",0.7,0.401280827274641,0.571428571428571,0.8275,0.6,0.75,0.4,0.25,2.4,0.533333333333333
"4536",0.733333333333333,0.433074337193524,0.636363636363636,0.753968253968254,0.777777777777778,0.714285714285714,0.222222222222222,0.285714285714286,2.72222222222222,0.311111111111111
"4537",0.633333333333333,0.440849482131697,0.421052631578947,0.715,0.4,0.75,0.6,0.25,1.6,0.8
"4538",0.766666666666667,0.371499609442727,0.695652173913043,0.886243386243386,0.888888888888889,0.714285714285714,0.111111111111111,0.285714285714286,3.11111111111111,0.155555555555556
"4539",0.8,0.396266894558358,0.769230769230769,0.8575,1,0.7,0,0.3,3.33333333333333,0
"4540",0.766666666666667,0.379863135218411,0.588235294117647,0.915343915343915,0.555555555555556,0.857142857142857,0.444444444444444,0.142857142857143,3.88888888888889,0.518518518518518
"4541",0.8,0.388482233958789,0.769230769230769,0.945,1,0.7,0,0.3,3.33333333333333,0
"4542",0.766666666666667,0.376119447125886,0.666666666666667,0.82010582010582,0.777777777777778,0.761904761904762,0.222222222222222,0.238095238095238,3.26666666666667,0.291666666666667
"4543",0.733333333333333,0.421342837659138,0.6,0.833333333333333,0.5,0.888888888888889,0.5,0.111111111111111,4.5,0.5625
"4544",0.766666666666667,0.435290437605897,0.72,0.841628959276018,0.692307692307692,0.823529411764706,0.307692307692308,0.176470588235294,3.92307692307692,0.373626373626374
"4545",0.833333333333333,0.362899335505276,0.8,0.92,1,0.75,0,0.25,4,0
"4546",0.733333333333333,0.407960760243251,0.666666666666667,0.78042328042328,0.888888888888889,0.666666666666667,0.111111111111111,0.333333333333333,2.66666666666667,0.166666666666667
"4547",0.733333333333333,0.407812080721669,0.666666666666667,0.8125,0.8,0.7,0.2,0.3,2.66666666666667,0.285714285714286
"4548",0.8,0.388446491737326,0.75,0.875598086124402,0.818181818181818,0.789473684210526,0.181818181818182,0.210526315789474,3.88636363636364,0.23030303030303
"4549",0.733333333333333,0.453249984722213,0.636363636363636,0.759259259259259,0.583333333333333,0.833333333333333,0.416666666666667,0.166666666666667,3.5,0.5
"4550",0.8,0.372058253329665,0.75,0.894179894179894,1,0.714285714285714,0,0.285714285714286,3.5,0
"4551",0.733333333333333,0.410172819347478,0.636363636363636,0.798941798941799,0.777777777777778,0.714285714285714,0.222222222222222,0.285714285714286,2.72222222222222,0.311111111111111
"4552",0.666666666666667,0.440817912498425,0.5,0.815972222222222,0.833333333333333,0.625,0.166666666666667,0.375,2.22222222222222,0.266666666666667
"4553",0.733333333333333,0.473125735217643,0.6,0.653409090909091,0.75,0.727272727272727,0.25,0.272727272727273,2.75,0.34375
"4554",0.8,0.373680793290993,0.571428571428571,0.743055555555556,0.666666666666667,0.833333333333333,0.333333333333333,0.166666666666667,4,0.4
"4555",0.8,0.368268263016237,0.571428571428571,0.8,0.8,0.8,0.2,0.2,4,0.25
"4556",0.833333333333333,0.380899455960219,0.736842105263158,0.87037037037037,0.777777777777778,0.857142857142857,0.222222222222222,0.142857142857143,5.44444444444444,0.259259259259259
"4557",0.733333333333333,0.434106572676595,0.428571428571429,0.729166666666667,0.5,0.791666666666667,0.5,0.208333333333333,2.4,0.631578947368421
"4558",0.8,0.391715739709918,0.666666666666667,0.8125,0.75,0.818181818181818,0.25,0.181818181818182,4.125,0.305555555555556
"4559",0.833333333333333,0.409355558388302,0.782608695652174,0.843915343915344,1,0.761904761904762,0,0.238095238095238,4.2,0
"4560",0.833333333333333,0.369237602404478,0.782608695652174,0.905,0.9,0.8,0.1,0.2,4.5,0.125
"4561",0.766666666666667,0.426600406321804,0.666666666666667,0.788359788359788,0.777777777777778,0.761904761904762,0.222222222222222,0.238095238095238,3.26666666666667,0.291666666666667
"4562",0.9,0.35293395219249,0.857142857142857,0.976190476190476,1,0.857142857142857,0,0.142857142857143,7,0
"4563",0.733333333333333,0.382872403815492,0.666666666666667,0.825396825396825,0.888888888888889,0.666666666666667,0.111111111111111,0.333333333333333,2.66666666666667,0.166666666666667
"4564",0.766666666666667,0.389431805651266,0.533333333333333,0.6875,0.666666666666667,0.791666666666667,0.333333333333333,0.208333333333333,3.2,0.421052631578947
"4565",0.766666666666667,0.39414609759963,0.695652173913043,0.9125,0.8,0.75,0.2,0.25,3.2,0.266666666666667
"4566",0.666666666666667,0.482133394557034,0.444444444444444,0.785067873303168,0.307692307692308,0.941176470588235,0.692307692307692,0.0588235294117647,5.23076923076923,0.735576923076923
"4567",0.766666666666667,0.387395709150997,0.695652173913043,0.849431818181818,1,0.681818181818182,0,0.318181818181818,3.14285714285714,0
"4568",0.733333333333333,0.432905117839528,0.714285714285714,0.77511961722488,0.909090909090909,0.631578947368421,0.0909090909090909,0.368421052631579,2.46753246753247,0.143939393939394
"4569",0.8,0.391853487520163,0.7,0.863636363636364,0.636363636363636,0.894736842105263,0.363636363636364,0.105263157894737,6.04545454545455,0.406417112299465
"4570",0.733333333333333,0.400805017659309,0.692307692307692,0.845,0.9,0.65,0.1,0.35,2.57142857142857,0.153846153846154
"4571",0.766666666666667,0.414912013997637,0.666666666666667,0.901913875598086,0.636363636363636,0.842105263157895,0.363636363636364,0.157894736842105,4.03030303030303,0.431818181818182
"4572",0.733333333333333,0.412631606051275,0.6,0.773291925465838,0.857142857142857,0.695652173913043,0.142857142857143,0.304347826086957,2.81632653061224,0.205357142857143
"4573",0.833333333333333,0.365749738683166,0.736842105263158,0.87888198757764,1,0.782608695652174,0,0.217391304347826,4.6,0
"4574",0.9,0.363756858582307,0.823529411764706,0.90625,0.875,0.909090909090909,0.125,0.0909090909090909,9.625,0.1375
"4575",0.8,0.394539494323614,0.7,0.88755980861244,0.636363636363636,0.894736842105263,0.363636363636364,0.105263157894737,6.04545454545455,0.406417112299465
"4576",0.833333333333333,0.378171762588072,0.666666666666667,0.843915343915344,0.555555555555556,0.952380952380952,0.444444444444444,0.0476190476190477,11.6666666666667,0.466666666666667
"4577",0.6,0.408934906245332,0.4,0.676,0.8,0.56,0.2,0.44,1.81818181818182,0.357142857142857
"4578",0.733333333333333,0.41855414550797,0.636363636363636,0.827751196172249,0.636363636363636,0.789473684210526,0.363636363636364,0.210526315789474,3.02272727272727,0.460606060606061
"4579",0.8,0.395407363502727,0.7,0.855113636363636,0.875,0.772727272727273,0.125,0.227272727272727,3.85,0.161764705882353
"4580",0.7,0.414745654565336,0.608695652173913,0.759259259259259,0.777777777777778,0.666666666666667,0.222222222222222,0.333333333333333,2.33333333333333,0.333333333333333
"4581",0.733333333333333,0.448734716238959,0.555555555555556,0.865740740740741,0.416666666666667,0.944444444444444,0.583333333333333,0.0555555555555556,7.5,0.617647058823529
"4582",0.733333333333333,0.451807697925798,0.636363636363636,0.852941176470588,0.538461538461538,0.882352941176471,0.461538461538462,0.117647058823529,4.57692307692308,0.523076923076923
"4583",0.833333333333333,0.393383027580446,0.736842105263158,0.9175,0.7,0.9,0.3,0.1,7,0.333333333333333
"4584",0.7,0.393965656216808,0.608695652173913,0.80952380952381,0.777777777777778,0.666666666666667,0.222222222222222,0.333333333333333,2.33333333333333,0.333333333333333
"4585",0.633333333333333,0.412823836229149,0.476190476190476,0.708074534161491,0.714285714285714,0.608695652173913,0.285714285714286,0.391304347826087,1.82539682539683,0.469387755102041
"4586",0.833333333333333,0.401690965400765,0.736842105263158,0.892344497607656,0.636363636363636,0.947368421052632,0.363636363636364,0.0526315789473685,12.0909090909091,0.383838383838384
"4587",0.866666666666667,0.364871522885329,0.714285714285714,0.854037267080745,0.714285714285714,0.91304347826087,0.285714285714286,0.0869565217391305,8.21428571428571,0.312925170068027
"4588",0.8,0.371721087217992,0.7,0.849431818181818,0.875,0.772727272727273,0.125,0.227272727272727,3.85,0.161764705882353
"4589",0.866666666666667,0.321766163556203,0.714285714285714,0.961805555555556,0.833333333333333,0.875,0.166666666666667,0.125,6.66666666666667,0.19047619047619
"4590",0.866666666666667,0.400271916040254,0.8,0.906698564593301,0.727272727272727,0.947368421052632,0.272727272727273,0.0526315789473685,13.8181818181818,0.287878787878788
"4591",0.766666666666667,0.407681296665339,0.631578947368421,0.830143540669857,0.545454545454545,0.894736842105263,0.454545454545455,0.105263157894737,5.18181818181818,0.508021390374332
"4592",0.833333333333333,0.412406898673086,0.761904761904762,0.902777777777778,0.666666666666667,0.944444444444444,0.333333333333333,0.0555555555555556,12,0.352941176470588
"4593",0.766666666666667,0.416062124868044,0.72,0.825,0.9,0.7,0.1,0.3,3,0.142857142857143
"4594",0.866666666666667,0.415830585416141,0.833333333333333,0.965277777777778,0.833333333333333,0.888888888888889,0.166666666666667,0.111111111111111,7.5,0.1875
"4595",0.7,0.418307179941767,0.608695652173913,0.826704545454545,0.875,0.636363636363636,0.125,0.363636363636364,2.40625,0.196428571428571
"4596",0.733333333333333,0.423254134562596,0.636363636363636,0.816770186335404,1,0.652173913043478,0,0.347826086956522,2.875,0
"4597",0.8,0.387499401896585,0.666666666666667,0.857142857142857,0.666666666666667,0.857142857142857,0.333333333333333,0.142857142857143,4.66666666666667,0.388888888888889
"4598",0.833333333333333,0.398319636789447,0.666666666666667,0.82010582010582,0.555555555555556,0.952380952380952,0.444444444444444,0.0476190476190477,11.6666666666667,0.466666666666667
"4599",0.766666666666667,0.421611294229957,0.631578947368421,0.815789473684211,0.545454545454545,0.894736842105263,0.454545454545455,0.105263157894737,5.18181818181818,0.508021390374332
"4600",0.8,0.392217682186701,0.7,0.833333333333333,0.777777777777778,0.80952380952381,0.222222222222222,0.19047619047619,4.08333333333333,0.274509803921569
"4601",0.866666666666667,0.364939597507309,0.8,0.892045454545455,1,0.818181818181818,0,0.181818181818182,5.5,0
"4602",0.766666666666667,0.463461046395727,0.72,0.720095693779904,0.818181818181818,0.736842105263158,0.181818181818182,0.263157894736842,3.10909090909091,0.246753246753247
"4603",0.733333333333333,0.436369273980439,0.666666666666667,0.770833333333333,0.666666666666667,0.777777777777778,0.333333333333333,0.222222222222222,3,0.428571428571429
"4604",0.933333333333333,0.341108771808617,0.875,0.953416149068323,1,0.91304347826087,0,0.0869565217391305,11.5,0
"4605",0.866666666666667,0.377394018790291,0.818181818181818,0.888888888888889,0.75,0.944444444444444,0.25,0.0555555555555556,13.5,0.264705882352941
"4606",0.833333333333333,0.384882285884611,0.736842105263158,0.9475,0.7,0.9,0.3,0.1,7,0.333333333333333
"4607",0.8,0.35855885294363,0.666666666666667,0.885416666666667,1,0.75,0,0.25,4,0
"4608",0.7,0.51165455438428,0.571428571428571,0.721719457013575,0.461538461538462,0.882352941176471,0.538461538461538,0.117647058823529,3.92307692307692,0.61025641025641
"4609",0.766666666666667,0.460932398155964,0.588235294117647,0.875,0.416666666666667,1,0.583333333333333,0,Inf,0.583333333333333
"4610",0.766666666666667,0.419639715446913,0.666666666666667,0.746031746031746,0.777777777777778,0.761904761904762,0.222222222222222,0.238095238095238,3.26666666666667,0.291666666666667
"4611",0.8,0.378383978956248,0.666666666666667,0.764204545454545,0.75,0.818181818181818,0.25,0.181818181818182,4.125,0.305555555555556
"4612",0.833333333333333,0.364786400991362,0.782608695652174,0.965,0.9,0.8,0.1,0.2,4.5,0.125
"4613",0.733333333333333,0.366850353019989,0.6,0.832386363636364,0.75,0.727272727272727,0.25,0.272727272727273,2.75,0.34375
"4614",0.733333333333333,0.374666259079931,0.636363636363636,0.840909090909091,0.875,0.681818181818182,0.125,0.318181818181818,2.75,0.183333333333333
"4615",0.766666666666667,0.394521923308376,0.533333333333333,0.854497354497354,0.444444444444444,0.904761904761905,0.555555555555556,0.0952380952380952,4.66666666666667,0.614035087719298
"4616",0.733333333333333,0.40980093101236,0.666666666666667,0.767195767195767,0.888888888888889,0.666666666666667,0.111111111111111,0.333333333333333,2.66666666666667,0.166666666666667
"4617",0.666666666666667,0.500985194101282,0.583333333333333,0.721719457013575,0.538461538461538,0.764705882352941,0.461538461538462,0.235294117647059,2.28846153846154,0.603550295857988
"4618",0.766666666666667,0.397259849043585,0.533333333333333,0.783068783068783,0.444444444444444,0.904761904761905,0.555555555555556,0.0952380952380952,4.66666666666667,0.614035087719298
"4619",0.766666666666667,0.426023575345738,0.631578947368421,0.854166666666667,1,0.708333333333333,0,0.291666666666667,3.42857142857143,0
"4620",0.8,0.420046109698197,0.666666666666667,0.754658385093168,0.857142857142857,0.782608695652174,0.142857142857143,0.217391304347826,3.94285714285714,0.182539682539683
"4621",0.8,0.410948747513533,0.727272727272727,0.935185185185185,0.666666666666667,0.888888888888889,0.333333333333333,0.111111111111111,6,0.375
"4622",0.833333333333333,0.39112906399582,0.761904761904762,0.894179894179894,0.888888888888889,0.80952380952381,0.111111111111111,0.19047619047619,4.66666666666667,0.137254901960784
"4623",0.733333333333333,0.442360327513963,0.6,0.756613756613757,0.666666666666667,0.761904761904762,0.333333333333333,0.238095238095238,2.8,0.4375
"4624",0.7,0.427227238873722,0.526315789473684,0.736024844720497,0.714285714285714,0.695652173913043,0.285714285714286,0.304347826086957,2.3469387755102,0.410714285714286
"4625",0.766666666666667,0.386476462426448,0.695652173913043,0.86,0.8,0.75,0.2,0.25,3.2,0.266666666666667
"4626",0.733333333333333,0.449480886039436,0.636363636363636,0.720095693779904,0.636363636363636,0.789473684210526,0.363636363636364,0.210526315789474,3.02272727272727,0.460606060606061
"4627",0.866666666666667,0.330044808992011,0.714285714285714,0.881944444444445,0.833333333333333,0.875,0.166666666666667,0.125,6.66666666666667,0.19047619047619
"4628",0.766666666666667,0.402119772439919,0.631578947368421,0.775132275132275,0.666666666666667,0.80952380952381,0.333333333333333,0.19047619047619,3.5,0.411764705882353
"4629",0.766666666666667,0.416914356347517,0.588235294117647,0.7925,0.5,0.9,0.5,0.1,5,0.555555555555556
"4630",0.8,0.404620738801988,0.625,0.8375,0.5,0.95,0.5,0.05,9.99999999999999,0.526315789473684
"4631",0.766666666666667,0.416720330166844,0.631578947368421,0.784090909090909,0.75,0.772727272727273,0.25,0.227272727272727,3.3,0.323529411764706
"4632",0.8,0.403500276022189,0.625,0.835978835978836,0.555555555555556,0.904761904761905,0.444444444444444,0.0952380952380952,5.83333333333333,0.491228070175439
"4633",0.766666666666667,0.41869872446754,0.666666666666667,0.909722222222222,0.583333333333333,0.888888888888889,0.416666666666667,0.111111111111111,5.25,0.46875
"4634",0.733333333333333,0.44210370642095,0.692307692307692,0.782296650717703,0.818181818181818,0.684210526315789,0.181818181818182,0.315789473684211,2.59090909090909,0.265734265734266
"4635",0.7,0.448124656060146,0.571428571428571,0.748803827751196,0.545454545454545,0.789473684210526,0.454545454545455,0.210526315789474,2.59090909090909,0.575757575757576
"4636",0.8,0.385598590257638,0.75,0.8925,0.9,0.75,0.1,0.25,3.6,0.133333333333333
"4637",0.833333333333333,0.309382208548797,0.545454545454545,0.865384615384615,0.75,0.846153846153846,0.25,0.153846153846154,4.875,0.295454545454545
"4638",0.7,0.427209830955633,0.666666666666667,0.787081339712919,0.818181818181818,0.631578947368421,0.181818181818182,0.368421052631579,2.22077922077922,0.287878787878788
"4639",0.733333333333333,0.435344649747478,0.555555555555556,0.76,0.5,0.85,0.5,0.15,3.33333333333333,0.588235294117647
"4640",0.766666666666667,0.382032165402066,0.533333333333333,0.74,0.8,0.76,0.2,0.24,3.33333333333333,0.263157894736842
"4641",0.766666666666667,0.342587327542993,0.588235294117647,0.809027777777778,0.833333333333333,0.75,0.166666666666667,0.25,3.33333333333333,0.222222222222222
"4642",0.733333333333333,0.443834002838192,0.6,0.7,0.6,0.8,0.4,0.2,3,0.5
"4643",0.7,0.403240443948944,0.571428571428571,0.785714285714286,0.666666666666667,0.714285714285714,0.333333333333333,0.285714285714286,2.33333333333333,0.466666666666667
"4644",0.666666666666667,0.420779597397709,0.444444444444444,0.701863354037267,0.571428571428571,0.695652173913043,0.428571428571429,0.304347826086957,1.87755102040816,0.616071428571429
"4645",0.833333333333333,0.339874362434104,0.705882352941177,0.854037267080745,0.857142857142857,0.826086956521739,0.142857142857143,0.173913043478261,4.92857142857143,0.172932330827068
"4646",0.766666666666667,0.355765535752074,0.695652173913043,0.873015873015873,0.888888888888889,0.714285714285714,0.111111111111111,0.285714285714286,3.11111111111111,0.155555555555556
"4647",0.8,0.415661253296889,0.625,0.8575,0.5,0.95,0.5,0.05,9.99999999999999,0.526315789473684
"4648",0.866666666666667,0.333192936833245,0.714285714285714,0.826388888888889,0.833333333333333,0.875,0.166666666666667,0.125,6.66666666666667,0.19047619047619
"4649",0.8,0.392158460285496,0.75,0.8625,0.9,0.75,0.1,0.25,3.6,0.133333333333333
"4650",0.833333333333333,0.352090006116068,0.705882352941177,0.875,0.75,0.863636363636364,0.25,0.136363636363636,5.5,0.289473684210526
"4651",0.833333333333333,0.392746097903516,0.761904761904762,0.873205741626794,0.727272727272727,0.894736842105263,0.272727272727273,0.105263157894737,6.90909090909091,0.304812834224599
"4652",0.833333333333333,0.343727765192556,0.666666666666667,0.904,1,0.8,0,0.2,5,0
"4653",0.8,0.40085107178284,0.7,0.921052631578947,0.636363636363636,0.894736842105263,0.363636363636364,0.105263157894737,6.04545454545455,0.406417112299465
"4654",0.766666666666667,0.370393650348609,0.695652173913043,0.880952380952381,0.888888888888889,0.714285714285714,0.111111111111111,0.285714285714286,3.11111111111111,0.155555555555556
"4655",0.733333333333333,0.378334576753204,0.555555555555556,0.822916666666667,0.833333333333333,0.708333333333333,0.166666666666667,0.291666666666667,2.85714285714286,0.235294117647059
"4656",0.733333333333333,0.401370570712189,0.5,0.838624338624338,0.444444444444444,0.857142857142857,0.555555555555556,0.142857142857143,3.11111111111111,0.648148148148148
"4657",0.8,0.313226624861937,0.7,1,1,0.739130434782609,0,0.260869565217391,3.83333333333333,0
"4658",0.7,0.46840470143707,0.608695652173913,0.695,0.7,0.7,0.3,0.3,2.33333333333333,0.428571428571429
"4659",0.766666666666667,0.361793219255619,0.588235294117647,0.829861111111111,0.833333333333333,0.75,0.166666666666667,0.25,3.33333333333333,0.222222222222222
"4660",0.8,0.384175646041924,0.727272727272727,0.814814814814815,0.888888888888889,0.761904761904762,0.111111111111111,0.238095238095238,3.73333333333333,0.145833333333333
"4661",0.866666666666667,0.381611089520214,0.833333333333333,0.905,1,0.8,0,0.2,5,0
"4662",0.9,0.387849387009862,0.869565217391304,0.980861244019139,0.909090909090909,0.894736842105263,0.0909090909090909,0.105263157894737,8.63636363636364,0.101604278074866
"4663",0.666666666666667,0.462046387278836,0.583333333333333,0.800904977375566,0.538461538461538,0.764705882352941,0.461538461538462,0.235294117647059,2.28846153846154,0.603550295857988
"4664",0.733333333333333,0.420089131559844,0.6,0.885167464114832,0.545454545454545,0.842105263157895,0.454545454545455,0.157894736842105,3.45454545454545,0.539772727272727
"4665",0.9,0.356381939778465,0.857142857142857,0.955026455026455,1,0.857142857142857,0,0.142857142857143,7,0
"4666",0.733333333333333,0.3677602687524,0.636363636363636,0.857954545454545,0.875,0.681818181818182,0.125,0.318181818181818,2.75,0.183333333333333
"4667",0.833333333333333,0.396959688302101,0.761904761904762,0.940191387559809,0.727272727272727,0.894736842105263,0.272727272727273,0.105263157894737,6.90909090909091,0.304812834224599
"4668",0.8,0.350308450845162,0.7,0.838068181818182,0.875,0.772727272727273,0.125,0.227272727272727,3.85,0.161764705882353
"4669",0.9,0.351548080660576,0.857142857142857,0.965608465608466,1,0.857142857142857,0,0.142857142857143,7,0
"4670",0.8,0.380619142423612,0.75,0.875661375661376,1,0.714285714285714,0,0.285714285714286,3.5,0
"4671",0.8,0.378161129335619,0.75,0.9075,0.9,0.75,0.1,0.25,3.6,0.133333333333333
"4672",0.9,0.348992866054664,0.823529411764706,0.940993788819876,1,0.869565217391304,0,0.130434782608696,7.66666666666667,0
"4673",0.8,0.408901226374485,0.625,0.698863636363636,0.625,0.863636363636364,0.375,0.136363636363636,4.58333333333333,0.434210526315789
"4674",0.833333333333333,0.410470332736188,0.782608695652174,0.925925925925926,0.75,0.888888888888889,0.25,0.111111111111111,6.75,0.28125
"4675",0.833333333333333,0.371164619318678,0.761904761904762,0.867724867724868,0.888888888888889,0.80952380952381,0.111111111111111,0.19047619047619,4.66666666666667,0.137254901960784
"4676",0.766666666666667,0.433004935145448,0.695652173913043,0.761904761904762,0.888888888888889,0.714285714285714,0.111111111111111,0.285714285714286,3.11111111111111,0.155555555555556
"4677",0.733333333333333,0.376267888115945,0.6,0.798295454545455,0.75,0.727272727272727,0.25,0.272727272727273,2.75,0.34375
"4678",0.733333333333333,0.418422327855462,0.555555555555556,0.755,0.5,0.85,0.5,0.15,3.33333333333333,0.588235294117647
"4679",0.766666666666667,0.39693223597988,0.695652173913043,0.84,0.8,0.75,0.2,0.25,3.2,0.266666666666667
"4680",0.733333333333333,0.4026749223976,0.733333333333333,0.826388888888889,0.916666666666667,0.611111111111111,0.0833333333333334,0.388888888888889,2.35714285714286,0.136363636363636
"4681",0.866666666666667,0.353191560988176,0.714285714285714,0.829861111111111,0.833333333333333,0.875,0.166666666666667,0.125,6.66666666666667,0.19047619047619
"4682",0.733333333333333,0.378069541240867,0.5,0.8,0.8,0.72,0.2,0.28,2.85714285714286,0.277777777777778
"4683",0.7,0.428337798206885,0.571428571428571,0.740740740740741,0.666666666666667,0.714285714285714,0.333333333333333,0.285714285714286,2.33333333333333,0.466666666666667
"4684",0.7,0.412659050827557,0.526315789473684,0.680124223602484,0.714285714285714,0.695652173913043,0.285714285714286,0.304347826086957,2.3469387755102,0.410714285714286
"4685",0.8,0.416387787550763,0.727272727272727,0.840277777777778,0.666666666666667,0.888888888888889,0.333333333333333,0.111111111111111,6,0.375
"4686",0.866666666666667,0.336805521299304,0.777777777777778,0.944099378881988,1,0.826086956521739,0,0.173913043478261,5.75,0
"4687",0.733333333333333,0.434176872350994,0.636363636363636,0.798295454545455,0.875,0.681818181818182,0.125,0.318181818181818,2.75,0.183333333333333
"4688",0.733333333333333,0.415866500564403,0.636363636363636,0.854066985645933,0.636363636363636,0.789473684210526,0.363636363636364,0.210526315789474,3.02272727272727,0.460606060606061
"4689",0.833333333333333,0.393818386705302,0.814814814814815,0.889140271493213,0.846153846153846,0.823529411764706,0.153846153846154,0.176470588235294,4.79487179487179,0.186813186813187
"4690",0.8,0.40050770543952,0.666666666666667,0.905,0.6,0.9,0.4,0.1,6,0.444444444444444
"4691",0.8,0.352206766689855,0.7,0.897515527950311,1,0.739130434782609,0,0.260869565217391,3.83333333333333,0
"4692",0.8,0.409532963736475,0.7,0.880382775119617,0.636363636363636,0.894736842105263,0.363636363636364,0.105263157894737,6.04545454545455,0.406417112299465
"4693",0.9,0.345255598158781,0.842105263157895,0.951704545454545,1,0.863636363636364,0,0.136363636363636,7.33333333333333,0
"4694",0.8,0.394240762186797,0.727272727272727,0.833333333333333,0.888888888888889,0.761904761904762,0.111111111111111,0.238095238095238,3.73333333333333,0.145833333333333
"4695",0.766666666666667,0.441361673222888,0.72,0.819004524886878,0.692307692307692,0.823529411764706,0.307692307692308,0.176470588235294,3.92307692307692,0.373626373626374
"4696",0.7,0.428031039891347,0.571428571428571,0.695767195767196,0.666666666666667,0.714285714285714,0.333333333333333,0.285714285714286,2.33333333333333,0.466666666666667
"4697",0.8,0.361237051612099,0.666666666666667,0.84472049689441,0.857142857142857,0.782608695652174,0.142857142857143,0.217391304347826,3.94285714285714,0.182539682539683
"4698",0.733333333333333,0.389250622477222,0.428571428571429,0.649305555555556,0.5,0.791666666666667,0.5,0.208333333333333,2.4,0.631578947368421
"4699",0.8,0.430619386503448,0.666666666666667,0.825358851674641,0.545454545454545,0.947368421052632,0.454545454545455,0.0526315789473685,10.3636363636364,0.47979797979798
"4700",0.766666666666667,0.400052632538888,0.588235294117647,0.78125,0.625,0.818181818181818,0.375,0.181818181818182,3.4375,0.458333333333333
"4701",0.866666666666667,0.431161526529897,0.833333333333333,0.907407407407407,0.833333333333333,0.888888888888889,0.166666666666667,0.111111111111111,7.5,0.1875
"4702",0.733333333333333,0.411231918170565,0.6,0.81,0.6,0.8,0.4,0.2,3,0.5
"4703",0.733333333333333,0.451666258967805,0.6,0.687830687830688,0.666666666666667,0.761904761904762,0.333333333333333,0.238095238095238,2.8,0.4375
"4704",0.766666666666667,0.359875531530375,0.666666666666667,0.909090909090909,0.875,0.727272727272727,0.125,0.272727272727273,3.20833333333333,0.171875
"4705",0.833333333333333,0.336157165369592,0.615384615384615,0.852,0.8,0.84,0.2,0.16,5,0.238095238095238
"4706",0.8,0.396041201438534,0.727272727272727,0.82010582010582,0.888888888888889,0.761904761904762,0.111111111111111,0.238095238095238,3.73333333333333,0.145833333333333
"4707",0.833333333333333,0.397143834315437,0.705882352941177,0.885167464114832,0.545454545454545,1,0.454545454545455,0,Inf,0.454545454545455
"4708",0.6,0.508304020741603,0.538461538461538,0.647321428571429,0.5,0.6875,0.5,0.3125,1.6,0.727272727272727
"4709",0.766666666666667,0.371844349554272,0.631578947368421,0.816770186335404,0.857142857142857,0.739130434782609,0.142857142857143,0.260869565217391,3.28571428571429,0.19327731092437
"4710",0.6,0.480418356777777,0.333333333333333,0.63,0.3,0.75,0.7,0.25,1.2,0.933333333333333
"4711",0.7,0.388346488584662,0.608695652173913,0.801136363636364,0.875,0.636363636363636,0.125,0.363636363636364,2.40625,0.196428571428571
"4712",0.833333333333333,0.350365657367219,0.782608695652174,0.952380952380952,1,0.761904761904762,0,0.238095238095238,4.2,0
"4713",0.833333333333333,0.423166847573966,0.761904761904762,0.960648148148148,0.666666666666667,0.944444444444444,0.333333333333333,0.0555555555555556,12,0.352941176470588
"4714",0.766666666666667,0.378402134017107,0.588235294117647,0.779503105590062,0.714285714285714,0.782608695652174,0.285714285714286,0.217391304347826,3.28571428571429,0.365079365079365
"4715",0.766666666666667,0.424867447166945,0.631578947368421,0.863636363636364,0.545454545454545,0.894736842105263,0.454545454545455,0.105263157894737,5.18181818181818,0.508021390374332
"4716",0.766666666666667,0.413227457587158,0.631578947368421,0.755681818181818,0.75,0.772727272727273,0.25,0.227272727272727,3.3,0.323529411764706
"4717",0.866666666666667,0.391483312565367,0.818181818181818,0.880952380952381,1,0.80952380952381,0,0.19047619047619,5.25,0
"4718",0.833333333333333,0.353854089244985,0.761904761904762,0.920634920634921,0.888888888888889,0.80952380952381,0.111111111111111,0.19047619047619,4.66666666666667,0.137254901960784
"4719",0.766666666666667,0.411785563109614,0.588235294117647,0.7775,0.5,0.9,0.5,0.1,5,0.555555555555556
"4720",0.733333333333333,0.439508732126155,0.5,0.765,0.4,0.9,0.6,0.1,4,0.666666666666667
"4721",0.8,0.415988650508763,0.625,0.933014354066986,0.454545454545455,1,0.545454545454545,0,Inf,0.545454545454545
"4722",0.733333333333333,0.406988916215939,0.5,0.814814814814815,0.444444444444444,0.857142857142857,0.555555555555556,0.142857142857143,3.11111111111111,0.648148148148148
"4723",0.866666666666667,0.353745517452097,0.777777777777778,0.917613636363636,0.875,0.863636363636364,0.125,0.136363636363636,6.41666666666667,0.144736842105263
"4724",0.833333333333333,0.354128258126038,0.736842105263158,0.917613636363636,0.875,0.818181818181818,0.125,0.181818181818182,4.8125,0.152777777777778
"4725",0.866666666666667,0.339273579798325,0.75,0.860248447204969,0.857142857142857,0.869565217391304,0.142857142857143,0.130434782608696,6.57142857142857,0.164285714285714
"4726",0.733333333333333,0.426712524221497,0.555555555555556,0.8325,0.5,0.85,0.5,0.15,3.33333333333333,0.588235294117647
"4727",0.833333333333333,0.358410837604,0.761904761904762,0.85978835978836,0.888888888888889,0.80952380952381,0.111111111111111,0.19047619047619,4.66666666666667,0.137254901960784
"4728",0.733333333333333,0.352412002078114,0.5,0.892,0.8,0.72,0.2,0.28,2.85714285714286,0.277777777777778
"4729",0.733333333333333,0.442348651614162,0.6,0.802083333333333,1,0.666666666666667,0,0.333333333333333,3,0
"4730",0.733333333333333,0.396112698921127,0.636363636363636,0.798941798941799,0.777777777777778,0.714285714285714,0.222222222222222,0.285714285714286,2.72222222222222,0.311111111111111
"4731",0.733333333333333,0.384323465639784,0.636363636363636,0.849206349206349,0.777777777777778,0.714285714285714,0.222222222222222,0.285714285714286,2.72222222222222,0.311111111111111
"4732",0.833333333333333,0.36952997742129,0.736842105263158,0.900568181818182,0.875,0.818181818181818,0.125,0.181818181818182,4.8125,0.152777777777778
"4733",0.8,0.33959397306461,0.571428571428571,0.854166666666667,0.666666666666667,0.833333333333333,0.333333333333333,0.166666666666667,4,0.4
"4734",0.666666666666667,0.470623312028831,0.285714285714286,0.630681818181818,0.25,0.818181818181818,0.75,0.181818181818182,1.375,0.916666666666667
"4735",0.766666666666667,0.395915823341467,0.588235294117647,0.895,0.5,0.9,0.5,0.1,5,0.555555555555556
"4736",0.8,0.389978524436661,0.666666666666667,0.813664596273292,0.857142857142857,0.782608695652174,0.142857142857143,0.217391304347826,3.94285714285714,0.182539682539683
"4737",0.766666666666667,0.37776503081919,0.666666666666667,0.821022727272727,0.875,0.727272727272727,0.125,0.272727272727273,3.20833333333333,0.171875
"4738",0.7,0.435563255688773,0.64,0.7875,0.8,0.65,0.2,0.35,2.28571428571429,0.307692307692308
"4739",0.766666666666667,0.444721463023333,0.72,0.775,0.9,0.7,0.1,0.3,3,0.142857142857143
"4740",0.8,0.373965314631011,0.7,0.852272727272727,0.875,0.772727272727273,0.125,0.227272727272727,3.85,0.161764705882353
"4741",0.9,0.348278718028349,0.842105263157895,0.943181818181818,1,0.863636363636364,0,0.136363636363636,7.33333333333333,0
"4742",0.733333333333333,0.432369435192923,0.636363636363636,0.759259259259259,0.777777777777778,0.714285714285714,0.222222222222222,0.285714285714286,2.72222222222222,0.311111111111111
"4743",0.8,0.43303550978312,0.785714285714286,0.821759259259259,0.916666666666667,0.722222222222222,0.0833333333333334,0.277777777777778,3.3,0.115384615384615
"4744",0.9,0.360580868037967,0.857142857142857,0.947089947089947,1,0.857142857142857,0,0.142857142857143,7,0
"4745",0.766666666666667,0.403347126132289,0.588235294117647,0.805,0.5,0.9,0.5,0.1,5,0.555555555555556
"4746",0.766666666666667,0.41030364719478,0.588235294117647,0.78042328042328,0.555555555555556,0.857142857142857,0.444444444444444,0.142857142857143,3.88888888888889,0.518518518518518
"4747",0.766666666666667,0.473631417489811,0.631578947368421,0.696022727272727,0.75,0.772727272727273,0.25,0.227272727272727,3.3,0.323529411764706
"4748",0.666666666666667,0.417786162254701,0.545454545454545,0.777777777777778,0.666666666666667,0.666666666666667,0.333333333333333,0.333333333333333,2,0.5
"4749",0.8,0.392203018609416,0.666666666666667,0.819875776397516,0.857142857142857,0.782608695652174,0.142857142857143,0.217391304347826,3.94285714285714,0.182539682539683
"4750",0.733333333333333,0.369596702381678,0.6,0.850931677018633,0.857142857142857,0.695652173913043,0.142857142857143,0.304347826086957,2.81632653061224,0.205357142857143
"4751",0.633333333333333,0.448198709223029,0.352941176470588,0.75,0.3,0.8,0.7,0.2,1.5,0.875
"4752",0.733333333333333,0.39517476306947,0.6,0.75,0.75,0.727272727272727,0.25,0.272727272727273,2.75,0.34375
"4753",0.766666666666667,0.409059539074041,0.666666666666667,0.843915343915344,0.777777777777778,0.761904761904762,0.222222222222222,0.238095238095238,3.26666666666667,0.291666666666667
"4754",0.933333333333333,0.335281846977377,0.857142857142857,0.965277777777778,1,0.916666666666667,0,0.0833333333333334,12,0
"4755",0.733333333333333,0.40666777279642,0.6,0.75,0.75,0.727272727272727,0.25,0.272727272727273,2.75,0.34375
"4756",0.766666666666667,0.417224651879655,0.695652173913043,0.765,0.8,0.75,0.2,0.25,3.2,0.266666666666667
"4757",0.733333333333333,0.390823651287168,0.6,0.86,0.6,0.8,0.4,0.2,3,0.5
"4758",0.733333333333333,0.479250799834005,0.6,0.830316742081448,0.461538461538462,0.941176470588235,0.538461538461538,0.0588235294117647,7.84615384615384,0.572115384615385
"4759",0.8,0.373110484797488,0.75,0.8825,0.9,0.75,0.1,0.25,3.6,0.133333333333333
"4760",0.666666666666667,0.453293787404827,0.642857142857143,0.739234449760766,0.818181818181818,0.578947368421053,0.181818181818182,0.421052631578947,1.94318181818182,0.314049586776859
"4761",0.833333333333333,0.375894708624397,0.705882352941177,0.838068181818182,0.75,0.863636363636364,0.25,0.136363636363636,5.5,0.289473684210526
"4762",0.8,0.414295238552218,0.7,0.906698564593301,0.636363636363636,0.894736842105263,0.363636363636364,0.105263157894737,6.04545454545455,0.406417112299465
"4763",0.766666666666667,0.428498227553871,0.631578947368421,0.775,0.6,0.85,0.4,0.15,4,0.470588235294118
"4764",0.733333333333333,0.38140662932005,0.6,0.832386363636364,0.75,0.727272727272727,0.25,0.272727272727273,2.75,0.34375
"4765",0.6,0.552636251646224,0.4,0.660287081339713,0.363636363636364,0.736842105263158,0.636363636363636,0.263157894736842,1.38181818181818,0.863636363636364
"4766",0.766666666666667,0.39193584373029,0.461538461538462,0.600694444444445,0.5,0.833333333333333,0.5,0.166666666666667,3,0.6
"4767",0.8,0.382444813789551,0.7,0.832386363636364,0.875,0.772727272727273,0.125,0.227272727272727,3.85,0.161764705882353
"4768",0.733333333333333,0.360511669559029,0.555555555555556,0.841614906832298,0.714285714285714,0.739130434782609,0.285714285714286,0.260869565217391,2.73809523809524,0.38655462184874
"4769",0.733333333333333,0.418285750599645,0.636363636363636,0.788359788359788,0.777777777777778,0.714285714285714,0.222222222222222,0.285714285714286,2.72222222222222,0.311111111111111
"4770",0.7,0.453796539018518,0.608695652173913,0.791666666666667,0.583333333333333,0.777777777777778,0.416666666666667,0.222222222222222,2.625,0.535714285714286
"4771",0.8,0.398633485978126,0.75,0.8575,0.9,0.75,0.1,0.25,3.6,0.133333333333333
"4772",0.833333333333333,0.354262866551437,0.705882352941177,0.899305555555556,1,0.791666666666667,0,0.208333333333333,4.8,0
"4773",0.8,0.396508400966983,0.666666666666667,0.889952153110048,0.545454545454545,0.947368421052632,0.454545454545455,0.0526315789473685,10.3636363636364,0.47979797979798
"4774",0.666666666666667,0.399326566495025,0.583333333333333,0.78125,0.875,0.590909090909091,0.125,0.409090909090909,2.13888888888889,0.211538461538462
"4775",0.666666666666667,0.44524437626599,0.583333333333333,0.75,0.583333333333333,0.722222222222222,0.416666666666667,0.277777777777778,2.1,0.576923076923077
"4776",0.733333333333333,0.455068433965084,0.666666666666667,0.7725,0.8,0.7,0.2,0.3,2.66666666666667,0.285714285714286
"4777",0.666666666666667,0.467642104701099,0.5,0.732057416267943,0.454545454545455,0.789473684210526,0.545454545454545,0.210526315789474,2.15909090909091,0.690909090909091
"4778",0.866666666666667,0.38865513567581,0.8,0.835978835978836,0.888888888888889,0.857142857142857,0.111111111111111,0.142857142857143,6.22222222222222,0.12962962962963
"4779",0.8,0.385211280450157,0.727272727272727,0.855113636363636,1,0.727272727272727,0,0.272727272727273,3.66666666666667,0
"4780",0.7,0.450241979620122,0.571428571428571,0.75462962962963,0.5,0.833333333333333,0.5,0.166666666666667,3,0.6
"4781",0.8,0.405143852871569,0.666666666666667,0.759259259259259,0.666666666666667,0.857142857142857,0.333333333333333,0.142857142857143,4.66666666666667,0.388888888888889
"4782",0.733333333333333,0.4334553764292,0.6,0.811004784688995,0.545454545454545,0.842105263157895,0.454545454545455,0.157894736842105,3.45454545454545,0.539772727272727
"4783",0.866666666666667,0.381196767415105,0.833333333333333,0.956937799043062,0.909090909090909,0.842105263157895,0.0909090909090909,0.157894736842105,5.75757575757576,0.107954545454545
"4784",0.766666666666667,0.442552093192665,0.695652173913043,0.778280542986425,0.615384615384615,0.882352941176471,0.384615384615385,0.117647058823529,5.23076923076923,0.435897435897436
"4785",0.766666666666667,0.360177865457638,0.533333333333333,0.822916666666667,0.666666666666667,0.791666666666667,0.333333333333333,0.208333333333333,3.2,0.421052631578947
"4786",0.8,0.412657432210536,0.666666666666667,0.8575,0.6,0.9,0.4,0.1,6,0.444444444444444
"4787",0.8,0.406316653305913,0.7,0.839712918660287,0.636363636363636,0.894736842105263,0.363636363636364,0.105263157894737,6.04545454545455,0.406417112299465
"4788",0.833333333333333,0.37805132251039,0.761904761904762,0.877840909090909,1,0.772727272727273,0,0.227272727272727,4.4,0
"4789",0.766666666666667,0.387786616085128,0.695652173913043,0.817460317460317,0.888888888888889,0.714285714285714,0.111111111111111,0.285714285714286,3.11111111111111,0.155555555555556
"4790",0.8,0.426007605515999,0.75,0.84841628959276,0.692307692307692,0.882352941176471,0.307692307692308,0.117647058823529,5.88461538461538,0.348717948717949
"4791",0.8,0.384598501344404,0.75,0.8525,0.9,0.75,0.1,0.25,3.6,0.133333333333333
"4792",0.733333333333333,0.419650616105212,0.555555555555556,0.745,0.5,0.85,0.5,0.15,3.33333333333333,0.588235294117647
"4793",0.9,0.386905742435462,0.869565217391304,0.906698564593301,0.909090909090909,0.894736842105263,0.0909090909090909,0.105263157894737,8.63636363636364,0.101604278074866
"4794",0.9,0.336909729330234,0.823529411764706,0.937888198757764,1,0.869565217391304,0,0.130434782608696,7.66666666666667,0
"4795",0.8,0.37412226771006,0.75,0.925925925925926,1,0.714285714285714,0,0.285714285714286,3.5,0
"4796",0.766666666666667,0.459910447513442,0.588235294117647,0.839712918660287,0.454545454545455,0.947368421052632,0.545454545454545,0.0526315789473685,8.63636363636363,0.575757575757576
"4797",0.8,0.395473910270678,0.666666666666667,0.8325,0.6,0.9,0.4,0.1,6,0.444444444444444
"4798",0.8,0.390045037330822,0.571428571428571,0.826923076923077,1,0.769230769230769,0,0.230769230769231,4.33333333333333,0
"4799",0.766666666666667,0.395616270623013,0.666666666666667,0.791005291005291,0.777777777777778,0.761904761904762,0.222222222222222,0.238095238095238,3.26666666666667,0.291666666666667
"4800",0.666666666666667,0.413306982588193,0.615384615384615,0.765,0.8,0.6,0.2,0.4,2,0.333333333333333
"4801",0.833333333333333,0.372848082440893,0.736842105263158,0.84375,0.875,0.818181818181818,0.125,0.181818181818182,4.8125,0.152777777777778
"4802",0.833333333333333,0.407133457248326,0.615384615384615,0.71875,0.666666666666667,0.875,0.333333333333333,0.125,5.33333333333333,0.380952380952381
"4803",0.766666666666667,0.364381911357345,0.588235294117647,0.81055900621118,0.714285714285714,0.782608695652174,0.285714285714286,0.217391304347826,3.28571428571429,0.365079365079365
"4804",0.733333333333333,0.468682706975238,0.6,0.872767857142857,0.428571428571429,1,0.571428571428571,0,Inf,0.571428571428571
"4805",0.7,0.446858335645603,0.571428571428571,0.769886363636364,0.75,0.681818181818182,0.25,0.318181818181818,2.35714285714286,0.366666666666667
"4806",0.7,0.413035938195404,0.64,0.84375,1,0.590909090909091,0,0.409090909090909,2.44444444444444,0
"4807",0.8,0.406310216668907,0.727272727272727,0.87962962962963,0.666666666666667,0.888888888888889,0.333333333333333,0.111111111111111,6,0.375
"4808",0.766666666666667,0.371225792681209,0.631578947368421,0.847826086956522,0.857142857142857,0.739130434782609,0.142857142857143,0.260869565217391,3.28571428571429,0.19327731092437
"4809",0.733333333333333,0.426573137890734,0.636363636363636,0.808612440191387,0.636363636363636,0.789473684210526,0.363636363636364,0.210526315789474,3.02272727272727,0.460606060606061
"4810",0.9,0.383763781568174,0.8,0.952380952380952,0.666666666666667,1,0.333333333333333,0,Inf,0.333333333333333
"4811",0.766666666666667,0.387077424560706,0.666666666666667,0.796296296296296,0.777777777777778,0.761904761904762,0.222222222222222,0.238095238095238,3.26666666666667,0.291666666666667
"4812",0.7,0.42798417181633,0.526315789473684,0.775,0.5,0.8,0.5,0.2,2.5,0.625
"4813",0.7,0.473662430821929,0.608695652173913,0.71875,0.875,0.636363636363636,0.125,0.363636363636364,2.40625,0.196428571428571
"4814",0.766666666666667,0.399458940471342,0.695652173913043,0.860795454545455,1,0.681818181818182,0,0.318181818181818,3.14285714285714,0
"4815",0.833333333333333,0.380591554612777,0.666666666666667,0.886243386243386,0.555555555555556,0.952380952380952,0.444444444444444,0.0476190476190477,11.6666666666667,0.466666666666667
"4816",0.733333333333333,0.395930775514434,0.692307692307692,0.845,0.9,0.65,0.1,0.35,2.57142857142857,0.153846153846154
"4817",0.766666666666667,0.462873861097156,0.666666666666667,0.763888888888889,0.583333333333333,0.888888888888889,0.416666666666667,0.111111111111111,5.25,0.46875
"4818",0.833333333333333,0.362443968320766,0.782608695652174,0.933862433862434,1,0.761904761904762,0,0.238095238095238,4.2,0
"4819",0.9,0.31314837232176,0.823529411764706,0.950310559006211,1,0.869565217391304,0,0.130434782608696,7.66666666666667,0
"4820",0.8,0.374295052288327,0.666666666666667,0.860248447204969,0.857142857142857,0.782608695652174,0.142857142857143,0.217391304347826,3.94285714285714,0.182539682539683
"4821",0.833333333333333,0.389914333235714,0.761904761904762,0.925837320574163,0.727272727272727,0.894736842105263,0.272727272727273,0.105263157894737,6.90909090909091,0.304812834224599
"4822",0.8,0.371728110397292,0.727272727272727,0.875,1,0.727272727272727,0,0.272727272727273,3.66666666666667,0
"4823",0.8,0.428607555921113,0.7,0.833333333333333,0.583333333333333,0.944444444444444,0.416666666666667,0.0555555555555556,10.5,0.441176470588235
"4824",0.733333333333333,0.43578614398759,0.692307692307692,0.8710407239819,0.692307692307692,0.764705882352941,0.307692307692308,0.235294117647059,2.94230769230769,0.402366863905326
"4825",0.733333333333333,0.348986760662882,0.6,0.920138888888889,1,0.666666666666667,0,0.333333333333333,3,0
"4826",0.766666666666667,0.375493475130256,0.666666666666667,0.849431818181818,0.875,0.727272727272727,0.125,0.272727272727273,3.20833333333333,0.171875
"4827",0.733333333333333,0.397519552192926,0.555555555555556,0.791925465838509,0.714285714285714,0.739130434782609,0.285714285714286,0.260869565217391,2.73809523809524,0.38655462184874
"4828",0.733333333333333,0.390548847398237,0.5,0.742236024844721,0.571428571428571,0.782608695652174,0.428571428571429,0.217391304347826,2.62857142857143,0.547619047619048
"4829",0.7,0.479778938279076,0.571428571428571,0.744019138755981,0.545454545454545,0.789473684210526,0.454545454545455,0.210526315789474,2.59090909090909,0.575757575757576
"4830",0.8,0.397518615207985,0.727272727272727,0.933014354066986,0.727272727272727,0.842105263157895,0.272727272727273,0.157894736842105,4.6060606060606,0.323863636363636
"4831",0.733333333333333,0.470458230530391,0.555555555555556,0.875565610859729,0.384615384615385,1,0.615384615384615,0,Inf,0.615384615384615
"4832",0.833333333333333,0.385401060956842,0.761904761904762,0.889952153110048,0.727272727272727,0.894736842105263,0.272727272727273,0.105263157894737,6.90909090909091,0.304812834224599
"4833",0.866666666666667,0.396424932757994,0.818181818181818,0.961722488038278,0.818181818181818,0.894736842105263,0.181818181818182,0.105263157894737,7.77272727272727,0.203208556149733
"4834",0.733333333333333,0.481957746774201,0.666666666666667,0.933333333333333,0.533333333333333,0.933333333333333,0.466666666666667,0.0666666666666667,8,0.5
"4835",0.766666666666667,0.411022635284004,0.631578947368421,0.701058201058201,0.666666666666667,0.80952380952381,0.333333333333333,0.19047619047619,3.5,0.411764705882353
"4836",0.7,0.397098934510305,0.571428571428571,0.770186335403727,0.857142857142857,0.652173913043478,0.142857142857143,0.347826086956522,2.46428571428571,0.219047619047619
"4837",0.733333333333333,0.417914445126647,0.555555555555556,0.755681818181818,0.625,0.772727272727273,0.375,0.227272727272727,2.75,0.485294117647059
"4838",0.733333333333333,0.428695716065141,0.5,0.693121693121693,0.444444444444444,0.857142857142857,0.555555555555556,0.142857142857143,3.11111111111111,0.648148148148148
"4839",0.633333333333333,0.470234169410961,0.476190476190476,0.736111111111111,0.416666666666667,0.777777777777778,0.583333333333333,0.222222222222222,1.875,0.75
"4840",0.766666666666667,0.387830276387991,0.666666666666667,0.835227272727273,0.875,0.727272727272727,0.125,0.272727272727273,3.20833333333333,0.171875
"4841",0.666666666666667,0.446905226988586,0.5,0.751552795031056,0.714285714285714,0.652173913043478,0.285714285714286,0.347826086956522,2.05357142857143,0.438095238095238
"4842",0.8,0.392491503498756,0.625,0.755681818181818,0.625,0.863636363636364,0.375,0.136363636363636,4.58333333333333,0.434210526315789
"4843",0.833333333333333,0.404930632690726,0.736842105263158,0.899521531100478,0.636363636363636,0.947368421052632,0.363636363636364,0.0526315789473685,12.0909090909091,0.383838383838384
"4844",0.833333333333333,0.343778802226005,0.705882352941177,0.925465838509317,0.857142857142857,0.826086956521739,0.142857142857143,0.173913043478261,4.92857142857143,0.172932330827068
"4845",0.8,0.43289129738521,0.7,0.842592592592593,0.583333333333333,0.944444444444444,0.416666666666667,0.0555555555555556,10.5,0.441176470588235
"4846",0.7,0.409002933335081,0.571428571428571,0.823863636363636,0.75,0.681818181818182,0.25,0.318181818181818,2.35714285714286,0.366666666666667
"4847",0.9,0.330887393902216,0.823529411764706,0.962732919254658,1,0.869565217391304,0,0.130434782608696,7.66666666666667,0
"4848",0.8,0.45686010945678,0.769230769230769,0.842222222222222,0.666666666666667,0.933333333333333,0.333333333333333,0.0666666666666667,10,0.357142857142857
"4849",0.766666666666667,0.374872796003407,0.72,0.891534391534392,1,0.666666666666667,0,0.333333333333333,3,0
"4850",0.733333333333333,0.397301294443009,0.666666666666667,0.849206349206349,0.888888888888889,0.666666666666667,0.111111111111111,0.333333333333333,2.66666666666667,0.166666666666667
"4851",0.633333333333333,0.476398890221977,0.421052631578947,0.75,0.4,0.75,0.6,0.25,1.6,0.8
"4852",0.733333333333333,0.409283104057648,0.555555555555556,0.8425,0.5,0.85,0.5,0.15,3.33333333333333,0.588235294117647
"4853",0.8,0.413977197173528,0.666666666666667,0.7925,0.6,0.9,0.4,0.1,6,0.444444444444444
"4854",0.8,0.425996499252512,0.7,0.811004784688995,0.636363636363636,0.894736842105263,0.363636363636364,0.105263157894737,6.04545454545455,0.406417112299465
"4855",0.866666666666667,0.344469162136198,0.777777777777778,0.91304347826087,1,0.826086956521739,0,0.173913043478261,5.75,0
"4856",0.933333333333333,0.379824239835272,0.9,0.936507936507937,1,0.904761904761905,0,0.0952380952380952,10.5,0
"4857",0.766666666666667,0.364311577713685,0.666666666666667,0.885093167701863,1,0.695652173913043,0,0.304347826086957,3.28571428571429,0
"4858",0.833333333333333,0.399074752028173,0.736842105263158,0.809659090909091,0.875,0.818181818181818,0.125,0.181818181818182,4.8125,0.152777777777778
"4859",0.733333333333333,0.406962092199715,0.555555555555556,0.7775,0.5,0.85,0.5,0.15,3.33333333333333,0.588235294117647
"4860",0.7,0.422321346470135,0.64,0.839366515837104,0.615384615384615,0.764705882352941,0.384615384615385,0.235294117647059,2.61538461538461,0.502958579881657
"4861",0.9,0.33862980839826,0.842105263157895,0.965909090909091,1,0.863636363636364,0,0.136363636363636,7.33333333333333,0
"4862",0.733333333333333,0.400531187095935,0.555555555555556,0.784090909090909,0.625,0.772727272727273,0.375,0.227272727272727,2.75,0.485294117647059
"4863",0.733333333333333,0.342531767115704,0.555555555555556,0.904,1,0.68,0,0.32,3.125,0
"4864",0.733333333333333,0.423321312866865,0.636363636363636,0.847222222222222,0.583333333333333,0.833333333333333,0.416666666666667,0.166666666666667,3.5,0.5
"4865",0.766666666666667,0.392586685649999,0.631578947368421,0.792613636363636,0.75,0.772727272727273,0.25,0.227272727272727,3.3,0.323529411764706
"4866",0.633333333333333,0.337063023094999,0.476190476190476,0.972,1,0.56,0,0.44,2.27272727272727,0
"4867",0.833333333333333,0.415664049881776,0.761904761904762,0.923611111111111,0.666666666666667,0.944444444444444,0.333333333333333,0.0555555555555556,12,0.352941176470588
"4868",0.633333333333333,0.491339329955502,0.476190476190476,0.689814814814815,0.416666666666667,0.777777777777778,0.583333333333333,0.222222222222222,1.875,0.75
"4869",0.8,0.398769052033953,0.7,0.841269841269841,0.777777777777778,0.80952380952381,0.222222222222222,0.19047619047619,4.08333333333333,0.274509803921569
"4870",0.733333333333333,0.433703832547097,0.555555555555556,0.736024844720497,0.714285714285714,0.739130434782609,0.285714285714286,0.260869565217391,2.73809523809524,0.38655462184874
"4871",0.7,0.396427622712707,0.64,0.815,0.8,0.65,0.2,0.35,2.28571428571429,0.307692307692308
"4872",0.866666666666667,0.382897315692331,0.714285714285714,0.801242236024845,0.714285714285714,0.91304347826087,0.285714285714286,0.0869565217391305,8.21428571428571,0.312925170068027
"4873",0.833333333333333,0.415901194509229,0.736842105263158,0.911483253588517,0.636363636363636,0.947368421052632,0.363636363636364,0.0526315789473685,12.0909090909091,0.383838383838384
"4874",0.666666666666667,0.443674990375006,0.375,0.745,0.3,0.85,0.7,0.15,2,0.823529411764706
"4875",0.7,0.434252607556901,0.64,0.727513227513227,0.888888888888889,0.619047619047619,0.111111111111111,0.380952380952381,2.33333333333333,0.17948717948718
"4876",0.633333333333333,0.475655589753701,0.476190476190476,0.643540669856459,0.454545454545455,0.736842105263158,0.545454545454545,0.263157894736842,1.72727272727273,0.74025974025974
"4877",0.8,0.427129060227377,0.7,0.898148148148148,0.583333333333333,0.944444444444444,0.416666666666667,0.0555555555555556,10.5,0.441176470588235
"4878",0.833333333333333,0.390874993137703,0.736842105263158,0.901913875598086,0.636363636363636,0.947368421052632,0.363636363636364,0.0526315789473685,12.0909090909091,0.383838383838384
"4879",0.833333333333333,0.394355549702959,0.705882352941177,0.8975,0.6,0.95,0.4,0.05,12,0.421052631578947
"4880",0.733333333333333,0.466027904768424,0.636363636363636,0.761574074074074,0.583333333333333,0.833333333333333,0.416666666666667,0.166666666666667,3.5,0.5
"4881",0.866666666666667,0.383282445699328,0.777777777777778,0.8825,0.7,0.95,0.3,0.05,14,0.315789473684211
"4882",0.866666666666667,0.371867646072316,0.777777777777778,0.860795454545454,0.875,0.863636363636364,0.125,0.136363636363636,6.41666666666667,0.144736842105263
"4883",0.8,0.385944167252281,0.727272727272727,0.873015873015873,0.888888888888889,0.761904761904762,0.111111111111111,0.238095238095238,3.73333333333333,0.145833333333333
"4884",0.8,0.379399763233706,0.666666666666667,0.84375,0.75,0.818181818181818,0.25,0.181818181818182,4.125,0.305555555555556
"4885",0.8,0.360192530823357,0.571428571428571,0.918269230769231,1,0.769230769230769,0,0.230769230769231,4.33333333333333,0
"4886",0.8,0.41989485561006,0.727272727272727,0.918981481481482,0.666666666666667,0.888888888888889,0.333333333333333,0.111111111111111,6,0.375
"4887",0.733333333333333,0.450998936696484,0.555555555555556,0.72360248447205,0.714285714285714,0.739130434782609,0.285714285714286,0.260869565217391,2.73809523809524,0.38655462184874
"4888",0.8,0.447149549985743,0.7,0.909502262443439,0.538461538461538,1,0.461538461538462,0,Inf,0.461538461538462
"4889",0.866666666666667,0.376502158987128,0.75,0.875,0.75,0.909090909090909,0.25,0.0909090909090909,8.25,0.275
"4890",0.766666666666667,0.438684153093992,0.666666666666667,0.741626794258373,0.636363636363636,0.842105263157895,0.363636363636364,0.157894736842105,4.03030303030303,0.431818181818182
"4891",0.733333333333333,0.462087566948608,0.636363636363636,0.861607142857143,0.5,0.9375,0.5,0.0625,8,0.533333333333333
"4892",0.833333333333333,0.400691407458666,0.705882352941177,0.875,0.6,0.95,0.4,0.05,12,0.421052631578947
"4893",0.8,0.391865326198395,0.75,0.8625,0.9,0.75,0.1,0.25,3.6,0.133333333333333
"4894",0.733333333333333,0.442879252738665,0.666666666666667,0.796296296296296,0.888888888888889,0.666666666666667,0.111111111111111,0.333333333333333,2.66666666666667,0.166666666666667
"4895",0.666666666666667,0.381365438188845,0.545454545454545,0.854037267080745,0.857142857142857,0.608695652173913,0.142857142857143,0.391304347826087,2.19047619047619,0.23469387755102
"4896",0.733333333333333,0.463377099231699,0.6,0.932126696832579,0.461538461538462,0.941176470588235,0.538461538461538,0.0588235294117647,7.84615384615384,0.572115384615385
"4897",0.8,0.442272517093741,0.7,0.814814814814815,0.583333333333333,0.944444444444444,0.416666666666667,0.0555555555555556,10.5,0.441176470588235
"4898",0.8,0.353648440212648,0.666666666666667,0.854037267080745,0.857142857142857,0.782608695652174,0.142857142857143,0.217391304347826,3.94285714285714,0.182539682539683
"4899",0.733333333333333,0.454309845323035,0.714285714285714,0.779904306220096,0.909090909090909,0.631578947368421,0.0909090909090909,0.368421052631579,2.46753246753247,0.143939393939394
"4900",0.833333333333333,0.395725680237492,0.666666666666667,0.862433862433862,0.555555555555556,0.952380952380952,0.444444444444444,0.0476190476190477,11.6666666666667,0.466666666666667
"4901",0.833333333333333,0.386334318698979,0.736842105263158,0.818181818181818,0.875,0.818181818181818,0.125,0.181818181818182,4.8125,0.152777777777778
"4902",0.766666666666667,0.431419919358157,0.588235294117647,0.8,0.5,0.9,0.5,0.1,5,0.555555555555556
"4903",0.866666666666667,0.37904500408191,0.777777777777778,0.823863636363636,0.875,0.863636363636364,0.125,0.136363636363636,6.41666666666667,0.144736842105263
"4904",0.733333333333333,0.432648705061017,0.555555555555556,0.753588516746411,0.454545454545455,0.894736842105263,0.545454545454545,0.105263157894737,4.31818181818182,0.609625668449198
"4905",0.666666666666667,0.343509070455463,0.583333333333333,0.937888198757764,1,0.565217391304348,0,0.434782608695652,2.3,0
"4906",0.8,0.398589904433958,0.666666666666667,0.8525,0.6,0.9,0.4,0.1,6,0.444444444444444
"4907",0.766666666666667,0.389538003266599,0.363636363636364,0.730769230769231,0.5,0.807692307692308,0.5,0.192307692307692,2.6,0.619047619047619
"4908",0.833333333333333,0.367001034137917,0.705882352941177,0.8975,0.6,0.95,0.4,0.05,12,0.421052631578947
"4909",0.8,0.395260307357263,0.571428571428571,0.891534391534392,0.444444444444444,0.952380952380952,0.555555555555556,0.0476190476190477,9.33333333333332,0.583333333333333
"4910",0.7,0.415895208957653,0.608695652173913,0.865740740740741,0.583333333333333,0.777777777777778,0.416666666666667,0.222222222222222,2.625,0.535714285714286
"4911",0.766666666666667,0.408911591445501,0.666666666666667,0.88755980861244,0.636363636363636,0.842105263157895,0.363636363636364,0.157894736842105,4.03030303030303,0.431818181818182
"4912",0.833333333333333,0.357307290164745,0.666666666666667,0.909937888198758,0.714285714285714,0.869565217391304,0.285714285714286,0.130434782608696,5.47619047619048,0.328571428571429
"4913",0.633333333333333,0.451452041499912,0.421052631578947,0.784688995215311,0.363636363636364,0.789473684210526,0.636363636363636,0.210526315789474,1.72727272727273,0.806060606060606
"4914",0.833333333333333,0.354494159149892,0.705882352941177,0.90625,0.75,0.863636363636364,0.25,0.136363636363636,5.5,0.289473684210526
"4915",0.7,0.424245715596883,0.470588235294118,0.751322751322751,0.444444444444444,0.80952380952381,0.555555555555556,0.19047619047619,2.33333333333333,0.686274509803922
"4916",0.633333333333333,0.38492265725027,0.352941176470588,0.919753086419753,1,0.592592592592593,0,0.407407407407407,2.45454545454545,0
"4917",0.8,0.403654388341574,0.75,0.867724867724868,1,0.714285714285714,0,0.285714285714286,3.5,0
"4918",0.7,0.432970826922375,0.526315789473684,0.76,0.5,0.8,0.5,0.2,2.5,0.625
"4919",0.7,0.424886997413816,0.526315789473684,0.7675,0.5,0.8,0.5,0.2,2.5,0.625
"4920",0.8,0.339455056488987,0.666666666666667,0.927083333333333,1,0.75,0,0.25,4,0
"4921",0.766666666666667,0.435390175733738,0.631578947368421,0.786931818181818,0.75,0.772727272727273,0.25,0.227272727272727,3.3,0.323529411764706
"4922",0.766666666666667,0.343167742330371,0.666666666666667,0.950310559006211,1,0.695652173913043,0,0.304347826086957,3.28571428571429,0
"4923",0.8,0.371388299031858,0.75,0.888888888888889,1,0.714285714285714,0,0.285714285714286,3.5,0
"4924",0.9,0.379496485728576,0.842105263157895,0.965,0.8,0.95,0.2,0.05,16,0.210526315789474
"4925",0.833333333333333,0.396340192117128,0.705882352941177,0.9525,0.6,0.95,0.4,0.05,12,0.421052631578947
"4926",0.766666666666667,0.390892908162725,0.695652173913043,0.835978835978836,0.888888888888889,0.714285714285714,0.111111111111111,0.285714285714286,3.11111111111111,0.155555555555556
"4927",0.8,0.369420518149086,0.7,0.840909090909091,0.875,0.772727272727273,0.125,0.227272727272727,3.85,0.161764705882353
"4928",0.766666666666667,0.421046434206497,0.695652173913043,0.84841628959276,0.615384615384615,0.882352941176471,0.384615384615385,0.117647058823529,5.23076923076923,0.435897435897436
"4929",0.633333333333333,0.429654375401518,0.521739130434783,0.687830687830688,0.666666666666667,0.619047619047619,0.333333333333333,0.380952380952381,1.75,0.538461538461539
"4930",0.866666666666667,0.365988875899945,0.75,0.897727272727273,0.75,0.909090909090909,0.25,0.0909090909090909,8.25,0.275
"4931",0.766666666666667,0.356411639013946,0.666666666666667,0.866477272727273,0.875,0.727272727272727,0.125,0.272727272727273,3.20833333333333,0.171875
"4932",0.766666666666667,0.35205548345711,0.631578947368421,0.916666666666667,1,0.708333333333333,0,0.291666666666667,3.42857142857143,0
"4933",0.8,0.408621905423038,0.7,0.858851674641148,0.636363636363636,0.894736842105263,0.363636363636364,0.105263157894737,6.04545454545455,0.406417112299465
"4934",0.766666666666667,0.437928461859644,0.631578947368421,0.84688995215311,0.545454545454545,0.894736842105263,0.454545454545455,0.105263157894737,5.18181818181818,0.508021390374332
"4935",0.666666666666667,0.454629255470089,0.583333333333333,0.745,0.7,0.65,0.3,0.35,2,0.461538461538462
"4936",0.8,0.347162725451257,0.7,0.872159090909091,0.875,0.772727272727273,0.125,0.227272727272727,3.85,0.161764705882353
"4937",0.733333333333333,0.461694982940423,0.666666666666667,0.866071428571429,0.571428571428571,0.875,0.428571428571429,0.125,4.57142857142857,0.489795918367347
"4938",0.766666666666667,0.422697575267783,0.695652173913043,0.851851851851852,0.666666666666667,0.833333333333333,0.333333333333333,0.166666666666667,4,0.4
"4939",0.733333333333333,0.436014958181767,0.555555555555556,0.863636363636364,0.454545454545455,0.894736842105263,0.545454545454545,0.105263157894737,4.31818181818182,0.609625668449198
"4940",0.8,0.43455378619299,0.7,0.794258373205742,0.636363636363636,0.894736842105263,0.363636363636364,0.105263157894737,6.04545454545455,0.406417112299465
"4941",0.766666666666667,0.356720583222944,0.666666666666667,0.897515527950311,1,0.695652173913043,0,0.304347826086957,3.28571428571429,0
"4942",0.9,0.339455923165589,0.823529411764706,0.93167701863354,1,0.869565217391304,0,0.130434782608696,7.66666666666667,0
"4943",0.833333333333333,0.379251995304499,0.705882352941177,0.8425,0.6,0.95,0.4,0.05,12,0.421052631578947
"4944",0.666666666666667,0.478935442777441,0.444444444444444,0.72,0.4,0.8,0.6,0.2,2,0.75
"4945",0.7,0.472882405815884,0.666666666666667,0.722488038277512,0.818181818181818,0.631578947368421,0.181818181818182,0.368421052631579,2.22077922077922,0.287878787878788
"4946",0.766666666666667,0.439886285588067,0.631578947368421,0.803240740740741,0.5,0.944444444444444,0.5,0.0555555555555556,9,0.529411764705882
"4947",0.866666666666667,0.368260320444358,0.777777777777778,0.8275,0.7,0.95,0.3,0.05,14,0.315789473684211
"4948",0.866666666666667,0.344899926631626,0.777777777777778,0.944099378881988,1,0.826086956521739,0,0.173913043478261,5.75,0
"4949",0.8,0.46082733519562,0.769230769230769,0.770334928229665,0.909090909090909,0.736842105263158,0.0909090909090909,0.263157894736842,3.45454545454545,0.123376623376623
"4950",0.733333333333333,0.448077739546509,0.636363636363636,0.909502262443439,0.538461538461538,0.882352941176471,0.461538461538462,0.117647058823529,4.57692307692308,0.523076923076923
"4951",0.766666666666667,0.391037214567633,0.631578947368421,0.8975,0.6,0.85,0.4,0.15,4,0.470588235294118
"4952",0.7,0.43484314281003,0.307692307692308,0.78125,0.25,0.863636363636364,0.75,0.136363636363636,1.83333333333333,0.868421052631579
"4953",0.9,0.388175629537997,0.842105263157895,0.883522727272727,1,0.863636363636364,0,0.136363636363636,7.33333333333333,0
"4954",0.7,0.424176652289108,0.608695652173913,0.769886363636364,0.875,0.636363636363636,0.125,0.363636363636364,2.40625,0.196428571428571
"4955",0.8,0.376363222013578,0.571428571428571,0.86,0.8,0.8,0.2,0.2,4,0.25
"4956",0.733333333333333,0.385633904359194,0.428571428571429,0.692307692307692,0.75,0.730769230769231,0.25,0.269230769230769,2.78571428571429,0.342105263157895
"4957",0.666666666666667,0.334248344304535,0.5,0.948,1,0.6,0,0.4,2.5,0
"4958",0.866666666666667,0.358414357092435,0.75,0.866459627329193,0.857142857142857,0.869565217391304,0.142857142857143,0.130434782608696,6.57142857142857,0.164285714285714
"4959",0.7,0.346638545655967,0.608695652173913,0.96583850931677,1,0.608695652173913,0,0.391304347826087,2.55555555555556,0
"4960",0.8,0.431734441684663,0.625,0.809523809523809,0.555555555555556,0.904761904761905,0.444444444444444,0.0952380952380952,5.83333333333333,0.491228070175439
"4961",0.666666666666667,0.488535699778609,0.583333333333333,0.721590909090909,0.875,0.590909090909091,0.125,0.409090909090909,2.13888888888889,0.211538461538462
"4962",0.866666666666667,0.401774793538093,0.777777777777778,0.875,0.7,0.95,0.3,0.05,14,0.315789473684211
"4963",0.833333333333333,0.420922781703198,0.782608695652174,0.835648148148148,0.75,0.888888888888889,0.25,0.111111111111111,6.75,0.28125
"4964",0.8,0.382252592704907,0.75,0.87037037037037,1,0.714285714285714,0,0.285714285714286,3.5,0
"4965",0.733333333333333,0.459354356457792,0.555555555555556,0.690972222222222,0.833333333333333,0.708333333333333,0.166666666666667,0.291666666666667,2.85714285714286,0.235294117647059
"4966",0.833333333333333,0.403961204499845,0.666666666666667,0.880952380952381,0.555555555555556,0.952380952380952,0.444444444444444,0.0476190476190477,11.6666666666667,0.466666666666667
"4967",0.8,0.380875762134955,0.625,0.809027777777778,0.833333333333333,0.791666666666667,0.166666666666667,0.208333333333333,4,0.210526315789474
"4968",0.733333333333333,0.435683626990845,0.555555555555556,0.777511961722488,0.454545454545455,0.894736842105263,0.545454545454545,0.105263157894737,4.31818181818182,0.609625668449198
"4969",0.766666666666667,0.384320141884161,0.666666666666667,0.793650793650794,0.777777777777778,0.761904761904762,0.222222222222222,0.238095238095238,3.26666666666667,0.291666666666667
"4970",0.833333333333333,0.422050804800996,0.736842105263158,0.904306220095694,0.636363636363636,0.947368421052632,0.363636363636364,0.0526315789473685,12.0909090909091,0.383838383838384
"4971",0.733333333333333,0.392578666195257,0.666666666666667,0.84,0.8,0.7,0.2,0.3,2.66666666666667,0.285714285714286
"4972",0.8,0.382279651724153,0.571428571428571,0.663194444444444,0.666666666666667,0.833333333333333,0.333333333333333,0.166666666666667,4,0.4
"4973",0.833333333333333,0.373092873084997,0.761904761904762,0.888888888888889,0.888888888888889,0.80952380952381,0.111111111111111,0.19047619047619,4.66666666666667,0.137254901960784
"4974",0.866666666666667,0.362141252583852,0.818181818181818,0.9,0.9,0.85,0.1,0.15,6,0.117647058823529
"4975",0.733333333333333,0.489145983511812,0.666666666666667,0.748868778280543,0.615384615384615,0.823529411764706,0.384615384615385,0.176470588235294,3.48717948717949,0.467032967032967
"4976",0.766666666666667,0.475906857987886,0.695652173913043,0.800904977375566,0.615384615384615,0.882352941176471,0.384615384615385,0.117647058823529,5.23076923076923,0.435897435897436
"4977",0.766666666666667,0.442242809631241,0.72,0.85972850678733,0.692307692307692,0.823529411764706,0.307692307692308,0.176470588235294,3.92307692307692,0.373626373626374
"4978",0.833333333333333,0.400468621202023,0.666666666666667,0.8975,0.5,1,0.5,0,Inf,0.5
"4979",0.8,0.428028277690531,0.727272727272727,0.921296296296296,0.666666666666667,0.888888888888889,0.333333333333333,0.111111111111111,6,0.375
"4980",0.866666666666667,0.380185031045033,0.8,0.846560846560847,0.888888888888889,0.857142857142857,0.111111111111111,0.142857142857143,6.22222222222222,0.12962962962963
"4981",0.8,0.373030903308677,0.571428571428571,0.844,0.8,0.8,0.2,0.2,4,0.25
"4982",0.833333333333333,0.361412181247385,0.782608695652174,0.925925925925926,1,0.761904761904762,0,0.238095238095238,4.2,0
"4983",0.833333333333333,0.451029201775998,0.761904761904762,0.952488687782805,0.615384615384615,1,0.384615384615385,0,Inf,0.384615384615385
"4984",0.766666666666667,0.395733071534831,0.666666666666667,0.788359788359788,0.777777777777778,0.761904761904762,0.222222222222222,0.238095238095238,3.26666666666667,0.291666666666667
"4985",0.666666666666667,0.444256740077605,0.583333333333333,0.755,0.7,0.65,0.3,0.35,2,0.461538461538462
"4986",0.6,0.49880259762907,0.5,0.78,0.4,0.8,0.6,0.2,2,0.75
"4987",0.8,0.39391540583007,0.666666666666667,0.8875,0.6,0.9,0.4,0.1,6,0.444444444444444
"4988",0.8,0.374231214817735,0.727272727272727,0.905,0.8,0.8,0.2,0.2,4,0.25
"4989",0.8,0.44093550505942,0.75,0.854166666666667,0.75,0.833333333333333,0.25,0.166666666666667,4.5,0.3
"4990",0.833333333333333,0.377891628432782,0.705882352941177,0.8125,0.75,0.863636363636364,0.25,0.136363636363636,5.5,0.289473684210526
"4991",0.8,0.404618391658543,0.727272727272727,0.845,0.8,0.8,0.2,0.2,4,0.25
"4992",0.766666666666667,0.414344779058403,0.695652173913043,0.809523809523809,0.888888888888889,0.714285714285714,0.111111111111111,0.285714285714286,3.11111111111111,0.155555555555556
"4993",0.733333333333333,0.43785678356526,0.6,0.851851851851852,0.5,0.888888888888889,0.5,0.111111111111111,4.5,0.5625
"4994",0.566666666666667,0.417089946537471,0.315789473684211,0.716346153846154,0.75,0.538461538461538,0.25,0.461538461538462,1.625,0.464285714285714
"4995",0.733333333333333,0.415369113516264,0.692307692307692,0.775,0.9,0.65,0.1,0.35,2.57142857142857,0.153846153846154
"4996",0.766666666666667,0.406250212867375,0.666666666666667,0.783068783068783,0.777777777777778,0.761904761904762,0.222222222222222,0.238095238095238,3.26666666666667,0.291666666666667
"4997",0.8,0.437527847947971,0.666666666666667,0.863425925925926,0.5,1,0.5,0,Inf,0.5
"4998",0.733333333333333,0.414822768268918,0.636363636363636,0.825358851674641,0.636363636363636,0.789473684210526,0.363636363636364,0.210526315789474,3.02272727272727,0.460606060606061
"4999",0.7,0.3942393713951,0.571428571428571,0.814814814814815,0.666666666666667,0.714285714285714,0.333333333333333,0.285714285714286,2.33333333333333,0.466666666666667
"5000",0.833333333333333,0.377337832749231,0.736842105263158,0.823863636363636,0.875,0.818181818181818,0.125,0.181818181818182,4.8125,0.152777777777778
