"","acc","rmse","f1","auc","sens","spec","fnr","fpr","plr","nlr"
"1",0.903225806451613,0.307264590275356,0.857142857142857,0.923809523809524,0.9,0.904761904761905,0.1,0.0952380952380952,9.45,0.110526315789474
"2",0.774193548387097,0.374712319527434,0.588235294117647,0.769021739130435,0.625,0.826086956521739,0.375,0.173913043478261,3.59375,0.453947368421053
"3",0.838709677419355,0.30887128776626,0.666666666666667,0.96195652173913,0.625,0.91304347826087,0.375,0.0869565217391305,7.1875,0.410714285714286
"4",0.741935483870968,0.407544727161576,0.6,0.842857142857143,0.6,0.80952380952381,0.4,0.19047619047619,3.15,0.494117647058824
"5",0.838709677419355,0.335236014477962,0.705882352941177,0.941919191919192,0.666666666666667,0.909090909090909,0.333333333333333,0.0909090909090909,7.33333333333333,0.366666666666667
"6",0.838709677419355,0.344291682294162,0.8,0.930672268907563,0.714285714285714,0.941176470588235,0.285714285714286,0.0588235294117647,12.1428571428571,0.303571428571429
"7",0.67741935483871,0.444775221940772,0.615384615384615,0.772727272727273,0.727272727272727,0.65,0.272727272727273,0.35,2.07792207792208,0.41958041958042
"8",0.870967741935484,0.334293742876411,0.714285714285714,0.910714285714286,0.714285714285714,0.916666666666667,0.285714285714286,0.0833333333333334,8.57142857142857,0.311688311688312
"9",0.709677419354839,0.449729142892129,0.470588235294118,0.770833333333333,0.571428571428571,0.75,0.428571428571429,0.25,2.28571428571429,0.571428571428572
"10",0.774193548387097,0.401416460915818,0.588235294117647,0.833333333333333,0.714285714285714,0.791666666666667,0.285714285714286,0.208333333333333,3.42857142857143,0.360902255639098
"11",0.806451612903226,0.359243222719337,0.7,0.880952380952381,0.7,0.857142857142857,0.3,0.142857142857143,4.9,0.35
"12",0.709677419354839,0.44724777052188,0.608695652173913,0.795454545454545,0.636363636363636,0.75,0.363636363636364,0.25,2.54545454545455,0.484848484848485
"13",0.774193548387097,0.314573504776886,0.695652173913043,0.921717171717172,0.888888888888889,0.727272727272727,0.111111111111111,0.272727272727273,3.25925925925926,0.152777777777778
"14",0.67741935483871,0.476434828197078,0.5,0.831196581196581,0.384615384615385,0.888888888888889,0.615384615384615,0.111111111111111,3.46153846153846,0.692307692307692
"15",0.838709677419355,0.366437001428148,0.782608695652174,0.931818181818182,0.818181818181818,0.85,0.181818181818182,0.15,5.45454545454545,0.213903743315508
"16",0.806451612903226,0.369908834619379,0.7,0.861904761904762,0.7,0.857142857142857,0.3,0.142857142857143,4.9,0.35
"17",0.67741935483871,0.476264370724025,0.5,0.790760869565217,0.625,0.695652173913043,0.375,0.304347826086957,2.05357142857143,0.5390625
"18",0.870967741935484,0.33749332582036,0.75,0.898809523809524,0.857142857142857,0.875,0.142857142857143,0.125,6.85714285714286,0.163265306122449
"19",0.838709677419355,0.385213023246515,0.736842105263158,0.879385964912281,0.583333333333333,1,0.416666666666667,0,Inf,0.416666666666667
"20",0.838709677419355,0.290913565916542,0.705882352941177,0.94047619047619,0.857142857142857,0.833333333333333,0.142857142857143,0.166666666666667,5.14285714285714,0.171428571428571
"21",0.709677419354839,0.429502879065344,0.4,0.722826086956522,0.375,0.826086956521739,0.625,0.173913043478261,2.15625,0.756578947368421
"22",0.741935483870968,0.399325410939787,0.428571428571429,0.72,0.5,0.8,0.5,0.2,2.5,0.625
"23",0.774193548387097,0.365851178637206,0.695652173913043,0.895238095238095,0.8,0.761904761904762,0.2,0.238095238095238,3.36,0.2625
"24",0.709677419354839,0.393995072953172,0.571428571428571,0.835858585858586,0.666666666666667,0.727272727272727,0.333333333333333,0.272727272727273,2.44444444444444,0.458333333333333
"25",0.806451612903226,0.370518897233766,0.7,0.845959595959596,0.777777777777778,0.818181818181818,0.222222222222222,0.181818181818182,4.27777777777778,0.271604938271605
"26",0.870967741935484,0.294550760479462,0.818181818181818,0.947619047619048,0.9,0.857142857142857,0.1,0.142857142857143,6.3,0.116666666666667
"27",0.806451612903226,0.389336279758686,0.7,0.896929824561403,0.583333333333333,0.947368421052632,0.416666666666667,0.0526315789473685,11.0833333333333,0.439814814814815
"28",0.806451612903226,0.396272604523325,0.7,0.879385964912281,0.583333333333333,0.947368421052632,0.416666666666667,0.0526315789473685,11.0833333333333,0.439814814814815
"29",0.838709677419355,0.298738221369295,0.705882352941177,0.951086956521739,0.75,0.869565217391304,0.25,0.130434782608696,5.75,0.2875
"30",0.774193548387097,0.391843054984412,0.588235294117647,0.859090909090909,0.454545454545455,0.95,0.545454545454545,0.05,9.09090909090908,0.574162679425837
"31",0.870967741935484,0.380666340340372,0.8,0.888636363636364,0.727272727272727,0.95,0.272727272727273,0.05,14.5454545454545,0.287081339712919
"32",0.935483870967742,0.304255787409832,0.888888888888889,0.96969696969697,0.888888888888889,0.954545454545455,0.111111111111111,0.0454545454545454,19.5555555555556,0.116402116402116
"33",0.903225806451613,0.252436866203011,0.842105263157895,0.983695652173913,1,0.869565217391304,0,0.130434782608696,7.66666666666667,0
"34",0.870967741935484,0.255875847485472,0.714285714285714,1,1,0.846153846153846,0,0.153846153846154,6.5,0
"35",0.806451612903226,0.377436942850981,0.666666666666667,0.888095238095238,0.6,0.904761904761905,0.4,0.0952380952380952,6.3,0.442105263157895
"36",0.806451612903226,0.333367584454989,0.666666666666667,0.904761904761905,0.857142857142857,0.791666666666667,0.142857142857143,0.208333333333333,4.11428571428571,0.180451127819549
"37",0.709677419354839,0.397651422741899,0.571428571428571,0.816666666666667,0.6,0.761904761904762,0.4,0.238095238095238,2.52,0.525
"38",0.741935483870968,0.423029955913789,0.555555555555556,0.866666666666667,0.5,0.857142857142857,0.5,0.142857142857143,3.5,0.583333333333333
"39",0.774193548387097,0.346408734482895,0.695652173913043,0.890909090909091,0.727272727272727,0.8,0.272727272727273,0.2,3.63636363636364,0.340909090909091
"40",0.838709677419355,0.327107311146243,0.666666666666667,0.946153846153846,1,0.807692307692308,0,0.192307692307692,5.2,0
"41",0.709677419354839,0.488790161499466,0.526315789473684,0.709090909090909,0.454545454545455,0.85,0.545454545454545,0.15,3.03030303030303,0.641711229946524
"42",0.709677419354839,0.423105335177389,0.666666666666667,0.845833333333333,0.6,0.8125,0.4,0.1875,3.2,0.492307692307692
"43",0.709677419354839,0.44620846596709,0.571428571428571,0.859649122807018,0.5,0.842105263157895,0.5,0.157894736842105,3.16666666666667,0.59375
"44",0.774193548387097,0.422510186050243,0.631578947368421,0.870614035087719,0.5,0.947368421052632,0.5,0.0526315789473685,9.49999999999999,0.527777777777778
"45",0.903225806451613,0.314847461129204,0.8,0.928571428571429,0.857142857142857,0.916666666666667,0.142857142857143,0.0833333333333334,10.2857142857143,0.155844155844156
"46",0.806451612903226,0.381204296301318,0.666666666666667,0.864130434782609,0.75,0.826086956521739,0.25,0.173913043478261,4.3125,0.302631578947368
"47",0.774193548387097,0.404390597250844,0.666666666666667,0.87719298245614,0.583333333333333,0.894736842105263,0.416666666666667,0.105263157894737,5.54166666666667,0.465686274509804
"48",0.870967741935484,0.31400857709476,0.8,0.957142857142857,0.8,0.904761904761905,0.2,0.0952380952380952,8.4,0.221052631578947
"49",0.741935483870968,0.4055546498792,0.5,0.776190476190476,0.4,0.904761904761905,0.6,0.0952380952380952,4.2,0.663157894736842
"50",0.806451612903226,0.387870717996609,0.7,0.868421052631579,0.583333333333333,0.947368421052632,0.416666666666667,0.0526315789473685,11.0833333333333,0.439814814814815
"51",0.806451612903226,0.3598717190159,0.625,0.893939393939394,0.555555555555556,0.909090909090909,0.444444444444444,0.0909090909090909,6.11111111111111,0.488888888888889
"52",0.774193548387097,0.361522559215623,0.631578947368421,0.866071428571428,0.857142857142857,0.75,0.142857142857143,0.25,3.42857142857143,0.190476190476191
"53",0.838709677419355,0.385167286472453,0.705882352941177,0.886363636363636,0.545454545454545,1,0.454545454545455,0,Inf,0.454545454545455
"54",0.838709677419355,0.357876528766629,0.705882352941177,0.891304347826087,0.75,0.869565217391304,0.25,0.130434782608696,5.75,0.2875
"55",0.709677419354839,0.431432928519381,0.571428571428571,0.859090909090909,0.545454545454545,0.8,0.454545454545455,0.2,2.72727272727273,0.568181818181818
"56",0.838709677419355,0.34465165458187,0.761904761904762,0.888888888888889,0.888888888888889,0.818181818181818,0.111111111111111,0.181818181818182,4.88888888888889,0.135802469135803
"57",0.935483870967742,0.270571876091043,0.9,0.990476190476191,0.9,0.952380952380952,0.1,0.0476190476190477,18.9,0.105
"58",0.774193548387097,0.433413549210193,0.72,0.870833333333333,0.6,0.9375,0.4,0.0625,9.6,0.426666666666667
"59",0.774193548387097,0.391444167250481,0.666666666666667,0.85,0.636363636363636,0.85,0.363636363636364,0.15,4.24242424242424,0.427807486631016
"60",0.774193548387097,0.389775005263453,0.631578947368421,0.875,0.545454545454545,0.9,0.454545454545455,0.1,5.45454545454546,0.505050505050505
"61",0.741935483870968,0.447660060681962,0.6,0.918803418803419,0.461538461538462,0.944444444444444,0.538461538461538,0.0555555555555556,8.3076923076923,0.570135746606335
"62",0.806451612903226,0.405322889395185,0.769230769230769,0.881578947368421,0.833333333333333,0.789473684210526,0.166666666666667,0.210526315789474,3.95833333333333,0.211111111111111
"63",0.67741935483871,0.479016718188857,0.444444444444444,0.837606837606838,0.307692307692308,0.944444444444444,0.692307692307692,0.0555555555555556,5.53846153846154,0.733031674208145
"64",0.870967741935484,0.266001514355857,0.666666666666667,0.953846153846154,0.8,0.884615384615385,0.2,0.115384615384615,6.93333333333333,0.226086956521739
"65",0.741935483870968,0.357927156551775,0.555555555555556,0.85054347826087,0.625,0.782608695652174,0.375,0.217391304347826,2.875,0.479166666666667
"66",0.774193548387097,0.3564926169449,0.631578947368421,0.875,0.75,0.782608695652174,0.25,0.217391304347826,3.45,0.319444444444444
"67",0.709677419354839,0.435556032236016,0.470588235294118,0.816666666666667,0.4,0.857142857142857,0.6,0.142857142857143,2.8,0.7
"68",0.903225806451613,0.304503223169582,0.842105263157895,0.964646464646465,0.888888888888889,0.909090909090909,0.111111111111111,0.0909090909090909,9.77777777777777,0.122222222222222
"69",0.806451612903226,0.330965555635383,0.666666666666667,0.831521739130435,0.75,0.826086956521739,0.25,0.173913043478261,4.3125,0.302631578947368
"70",0.870967741935484,0.311290971264486,0.777777777777778,0.915760869565217,0.875,0.869565217391304,0.125,0.130434782608696,6.70833333333333,0.14375
"71",0.903225806451613,0.248631537279268,0.727272727272727,0.919230769230769,0.8,0.923076923076923,0.2,0.0769230769230769,10.4,0.216666666666667
"72",0.806451612903226,0.372128545173492,0.625,0.821428571428571,0.714285714285714,0.833333333333333,0.285714285714286,0.166666666666667,4.28571428571429,0.342857142857143
"73",0.806451612903226,0.381397041992957,0.666666666666667,0.854761904761905,0.6,0.904761904761905,0.4,0.0952380952380952,6.3,0.442105263157895
"74",0.935483870967742,0.289655410774973,0.888888888888889,0.97979797979798,0.888888888888889,0.954545454545455,0.111111111111111,0.0454545454545454,19.5555555555556,0.116402116402116
"75",0.806451612903226,0.360235213755314,0.7,0.816666666666667,0.7,0.857142857142857,0.3,0.142857142857143,4.9,0.35
"76",0.838709677419355,0.376759791625579,0.782608695652174,0.885714285714286,0.9,0.80952380952381,0.1,0.19047619047619,4.725,0.123529411764706
"77",0.806451612903226,0.339223222411346,0.75,0.913636363636364,0.818181818181818,0.8,0.181818181818182,0.2,4.09090909090909,0.227272727272727
"78",0.838709677419355,0.323260270238034,0.705882352941177,0.907608695652174,0.75,0.869565217391304,0.25,0.130434782608696,5.75,0.2875
"79",0.806451612903226,0.327020922047822,0.625,0.929292929292929,0.555555555555556,0.909090909090909,0.444444444444444,0.0909090909090909,6.11111111111111,0.488888888888889
"80",0.870967741935484,0.321680854789167,0.75,0.94949494949495,0.666666666666667,0.954545454545455,0.333333333333333,0.0454545454545454,14.6666666666667,0.349206349206349
"81",0.838709677419355,0.334162808902312,0.666666666666667,0.893333333333333,0.833333333333333,0.84,0.166666666666667,0.16,5.20833333333333,0.198412698412698
"82",0.774193548387097,0.415890197229056,0.461538461538462,0.821428571428571,0.3,1,0.7,0,Inf,0.7
"83",0.870967741935484,0.32265057125613,0.75,0.936868686868687,0.666666666666667,0.954545454545455,0.333333333333333,0.0454545454545454,14.6666666666667,0.349206349206349
"84",0.838709677419355,0.38851084198574,0.736842105263158,0.863636363636364,0.777777777777778,0.863636363636364,0.222222222222222,0.136363636363636,5.7037037037037,0.257309941520468
"85",0.806451612903226,0.380465908912472,0.727272727272727,0.890350877192982,0.666666666666667,0.894736842105263,0.333333333333333,0.105263157894737,6.33333333333333,0.372549019607843
"86",0.806451612903226,0.336086699636008,0.666666666666667,0.875,0.75,0.826086956521739,0.25,0.173913043478261,4.3125,0.302631578947368
"87",0.870967741935484,0.338603113353483,0.777777777777778,0.919191919191919,0.777777777777778,0.909090909090909,0.222222222222222,0.0909090909090909,8.55555555555555,0.244444444444444
"88",0.806451612903226,0.339306658575464,0.625,0.910326086956522,0.625,0.869565217391304,0.375,0.130434782608696,4.79166666666667,0.43125
"89",0.741935483870968,0.362405279312456,0.666666666666667,0.888095238095238,0.8,0.714285714285714,0.2,0.285714285714286,2.8,0.28
"90",0.774193548387097,0.403098606724061,0.533333333333333,0.871212121212121,0.444444444444444,0.909090909090909,0.555555555555556,0.0909090909090909,4.88888888888889,0.611111111111111
"91",0.774193548387097,0.376308512143957,0.588235294117647,0.828282828282828,0.555555555555556,0.863636363636364,0.444444444444444,0.136363636363636,4.07407407407407,0.514619883040936
"92",0.838709677419355,0.338138391615231,0.736842105263158,0.864285714285714,0.7,0.904761904761905,0.3,0.0952380952380952,7.35,0.331578947368421
"93",0.741935483870968,0.440848171263565,0.5,0.829545454545454,0.363636363636364,0.95,0.636363636363636,0.05,7.27272727272727,0.669856459330144
"94",0.774193548387097,0.381913419929139,0.666666666666667,0.848484848484849,0.777777777777778,0.772727272727273,0.222222222222222,0.227272727272727,3.42222222222222,0.287581699346405
"95",0.838709677419355,0.328262974234276,0.705882352941177,0.847826086956522,0.75,0.869565217391304,0.25,0.130434782608696,5.75,0.2875
"96",0.838709677419355,0.371673124436289,0.761904761904762,0.844298245614035,0.666666666666667,0.947368421052632,0.333333333333333,0.0526315789473685,12.6666666666667,0.351851851851852
"97",0.806451612903226,0.371846121854589,0.75,0.899122807017544,0.75,0.842105263157895,0.25,0.157894736842105,4.75,0.296875
"98",0.774193548387097,0.401562060746451,0.588235294117647,0.895454545454546,0.454545454545455,0.95,0.545454545454545,0.05,9.09090909090908,0.574162679425837
"99",0.774193548387097,0.43260683898369,0.695652173913043,0.8,0.727272727272727,0.8,0.272727272727273,0.2,3.63636363636364,0.340909090909091
"100",0.870967741935484,0.353732948594124,0.8,0.9,0.8,0.904761904761905,0.2,0.0952380952380952,8.4,0.221052631578947
"101",0.709677419354839,0.433739843821249,0.64,0.782894736842105,0.666666666666667,0.736842105263158,0.333333333333333,0.263157894736842,2.53333333333333,0.452380952380952
"102",0.774193548387097,0.457065110782262,0.631578947368421,0.747474747474748,0.666666666666667,0.818181818181818,0.333333333333333,0.181818181818182,3.66666666666667,0.407407407407407
"103",0.806451612903226,0.300368588536601,0.727272727272727,0.96195652173913,1,0.739130434782609,0,0.260869565217391,3.83333333333333,0
"104",0.838709677419355,0.359455422789574,0.736842105263158,0.885714285714286,0.7,0.904761904761905,0.3,0.0952380952380952,7.35,0.331578947368421
"105",0.709677419354839,0.420042836525255,0.4,0.833333333333333,0.333333333333333,0.863636363636364,0.666666666666667,0.136363636363636,2.44444444444444,0.771929824561404
"106",0.870967741935484,0.34114694266753,0.75,0.901515151515151,0.666666666666667,0.954545454545455,0.333333333333333,0.0454545454545454,14.6666666666667,0.349206349206349
"107",0.838709677419355,0.362263759899929,0.705882352941177,0.847826086956522,0.75,0.869565217391304,0.25,0.130434782608696,5.75,0.2875
"108",0.838709677419355,0.379075993370891,0.761904761904762,0.92948717948718,0.615384615384615,1,0.384615384615385,0,Inf,0.384615384615385
"109",0.774193548387097,0.408113043507515,0.666666666666667,0.815909090909091,0.636363636363636,0.85,0.363636363636364,0.15,4.24242424242424,0.427807486631016
"110",0.774193548387097,0.396534085639461,0.72,0.83974358974359,0.692307692307692,0.833333333333333,0.307692307692308,0.166666666666667,4.15384615384616,0.369230769230769
"111",0.774193548387097,0.358237253575743,0.666666666666667,0.802380952380952,0.7,0.80952380952381,0.3,0.19047619047619,3.675,0.370588235294118
"112",0.774193548387097,0.400264944271313,0.533333333333333,0.785326086956522,0.5,0.869565217391304,0.5,0.130434782608696,3.83333333333333,0.575
"113",0.903225806451613,0.298712431532156,0.842105263157895,0.938095238095238,0.8,0.952380952380952,0.2,0.0476190476190477,16.8,0.21
"114",0.741935483870968,0.448106497206259,0.6,0.828947368421053,0.5,0.894736842105263,0.5,0.105263157894737,4.75,0.558823529411765
"115",0.774193548387097,0.389252864719818,0.461538461538462,0.858695652173913,0.375,0.91304347826087,0.625,0.0869565217391305,4.3125,0.68452380952381
"116",0.806451612903226,0.428922772205763,0.75,0.826923076923077,0.692307692307692,0.888888888888889,0.307692307692308,0.111111111111111,6.23076923076923,0.346153846153846
"117",0.838709677419355,0.332240917114325,0.705882352941177,0.864285714285714,0.6,0.952380952380952,0.4,0.0476190476190477,12.6,0.42
"118",0.741935483870968,0.378924455339732,0.666666666666667,0.866228070175439,0.666666666666667,0.789473684210526,0.333333333333333,0.210526315789474,3.16666666666667,0.422222222222222
"119",0.838709677419355,0.351091183598399,0.736842105263158,0.90952380952381,0.7,0.904761904761905,0.3,0.0952380952380952,7.35,0.331578947368421
"120",0.645161290322581,0.456226537935864,0.421052631578947,0.68452380952381,0.571428571428571,0.666666666666667,0.428571428571429,0.333333333333333,1.71428571428571,0.642857142857143
"121",0.806451612903226,0.380245864366378,0.75,0.89957264957265,0.692307692307692,0.888888888888889,0.307692307692308,0.111111111111111,6.23076923076923,0.346153846153846
"122",0.741935483870968,0.4367962454608,0.6,0.898809523809524,0.857142857142857,0.708333333333333,0.142857142857143,0.291666666666667,2.93877551020408,0.201680672268908
"123",0.741935483870968,0.35223861906377,0.6,0.89945652173913,0.75,0.739130434782609,0.25,0.260869565217391,2.875,0.338235294117647
"124",0.774193548387097,0.401711198229105,0.695652173913043,0.895299145299145,0.615384615384615,0.888888888888889,0.384615384615385,0.111111111111111,5.53846153846154,0.432692307692308
"125",0.741935483870968,0.365309390590126,0.6,0.89047619047619,0.6,0.80952380952381,0.4,0.19047619047619,3.15,0.494117647058824
"126",0.806451612903226,0.36526119908031,0.769230769230769,0.912393162393162,0.769230769230769,0.833333333333333,0.230769230769231,0.166666666666667,4.61538461538462,0.276923076923077
"127",0.838709677419355,0.368787989162079,0.736842105263158,0.847619047619048,0.7,0.904761904761905,0.3,0.0952380952380952,7.35,0.331578947368421
"128",0.838709677419355,0.365423096640675,0.615384615384615,0.866666666666667,0.666666666666667,0.88,0.333333333333333,0.12,5.55555555555556,0.378787878787879
"129",0.935483870967742,0.285169980029076,0.888888888888889,0.978260869565217,1,0.91304347826087,0,0.0869565217391305,11.5,0
"130",0.774193548387097,0.372061051015008,0.666666666666667,0.861904761904762,0.7,0.80952380952381,0.3,0.19047619047619,3.675,0.370588235294118
"131",0.741935483870968,0.38448481154237,0.555555555555556,0.858585858585859,0.555555555555556,0.818181818181818,0.444444444444444,0.181818181818182,3.05555555555556,0.54320987654321
"132",0.774193548387097,0.470229549851477,0.631578947368421,0.957264957264957,0.461538461538462,1,0.538461538461538,0,Inf,0.538461538461538
"133",0.741935483870968,0.362562533806186,0.636363636363636,0.89047619047619,0.7,0.761904761904762,0.3,0.238095238095238,2.94,0.39375
"134",0.806451612903226,0.395815688450773,0.727272727272727,0.873737373737374,0.888888888888889,0.772727272727273,0.111111111111111,0.227272727272727,3.91111111111111,0.143790849673203
"135",0.838709677419355,0.318174699783988,0.705882352941177,0.94047619047619,0.857142857142857,0.833333333333333,0.142857142857143,0.166666666666667,5.14285714285714,0.171428571428571
"136",0.903225806451613,0.271074111245034,0.769230769230769,0.966666666666667,0.833333333333333,0.92,0.166666666666667,0.08,10.4166666666667,0.181159420289855
"137",0.903225806451613,0.301247684241962,0.8,0.87797619047619,0.857142857142857,0.916666666666667,0.142857142857143,0.0833333333333334,10.2857142857143,0.155844155844156
"138",0.838709677419355,0.344789403180393,0.736842105263158,0.928571428571429,1,0.791666666666667,0,0.208333333333333,4.8,0
"139",0.838709677419355,0.284548486590587,0.444444444444444,0.833333333333333,0.666666666666667,0.857142857142857,0.333333333333333,0.142857142857143,4.66666666666667,0.388888888888889
"140",0.67741935483871,0.44852560858664,0.5,0.838636363636364,0.454545454545455,0.8,0.545454545454545,0.2,2.27272727272727,0.681818181818182
"141",0.774193548387097,0.372625564031968,0.533333333333333,0.793333333333333,0.666666666666667,0.8,0.333333333333333,0.2,3.33333333333333,0.416666666666667
"142",0.709677419354839,0.48662651782099,0.470588235294118,0.6875,0.5,0.782608695652174,0.5,0.217391304347826,2.3,0.638888888888889
"143",0.870967741935484,0.333786052313579,0.714285714285714,0.827380952380952,0.714285714285714,0.916666666666667,0.285714285714286,0.0833333333333334,8.57142857142857,0.311688311688312
"144",0.806451612903226,0.415278088058198,0.727272727272727,0.930672268907563,0.571428571428571,1,0.428571428571429,0,Inf,0.428571428571429
"145",0.838709677419355,0.341932285873932,0.545454545454545,0.83,0.5,0.92,0.5,0.08,6.25,0.543478260869565
"146",0.774193548387097,0.383868811445777,0.631578947368421,0.868686868686869,0.666666666666667,0.818181818181818,0.333333333333333,0.181818181818182,3.66666666666667,0.407407407407407
"147",0.838709677419355,0.301234204971011,0.705882352941177,0.895833333333333,0.857142857142857,0.833333333333333,0.142857142857143,0.166666666666667,5.14285714285714,0.171428571428571
"148",0.903225806451613,0.327937308014196,0.842105263157895,0.907142857142857,0.8,0.952380952380952,0.2,0.0476190476190477,16.8,0.21
"149",0.870967741935484,0.352778005713689,0.8,0.940789473684211,0.666666666666667,1,0.333333333333333,0,Inf,0.333333333333333
"150",0.870967741935484,0.283697314629758,0.6,0.800925925925926,0.75,0.888888888888889,0.25,0.111111111111111,6.75,0.28125
"151",0.741935483870968,0.365995837931248,0.636363636363636,0.875,0.875,0.695652173913043,0.125,0.304347826086957,2.875,0.1796875
"152",0.806451612903226,0.345479456059672,0.625,0.801630434782609,0.625,0.869565217391304,0.375,0.130434782608696,4.79166666666667,0.43125
"153",0.935483870967742,0.299679690816469,0.875,0.94949494949495,0.777777777777778,1,0.222222222222222,0,Inf,0.222222222222222
"154",0.838709677419355,0.309768310430775,0.761904761904762,0.891414141414141,0.888888888888889,0.818181818181818,0.111111111111111,0.181818181818182,4.88888888888889,0.135802469135803
"155",0.838709677419355,0.361432907040009,0.615384615384615,0.944444444444444,0.444444444444444,1,0.555555555555556,0,Inf,0.555555555555556
"156",0.774193548387097,0.406494917104264,0.666666666666667,0.815909090909091,0.636363636363636,0.85,0.363636363636364,0.15,4.24242424242424,0.427807486631016
"157",0.774193548387097,0.416680847110243,0.72,0.813636363636364,0.818181818181818,0.75,0.181818181818182,0.25,3.27272727272727,0.242424242424242
"158",0.709677419354839,0.453926475661818,0.526315789473684,0.722826086956522,0.625,0.739130434782609,0.375,0.260869565217391,2.39583333333333,0.507352941176471
"159",0.935483870967742,0.262187012083609,0.857142857142857,0.982142857142857,0.857142857142857,0.958333333333333,0.142857142857143,0.0416666666666666,20.5714285714286,0.149068322981366
"160",0.838709677419355,0.354293394778767,0.615384615384615,0.834239130434783,0.5,0.956521739130435,0.5,0.0434782608695652,11.5,0.522727272727273
"161",0.838709677419355,0.375662880953553,0.705882352941177,0.880952380952381,0.6,0.952380952380952,0.4,0.0476190476190477,12.6,0.42
"162",0.870967741935484,0.309318471764227,0.818181818181818,0.952380952380952,0.9,0.857142857142857,0.1,0.142857142857143,6.3,0.116666666666667
"163",0.806451612903226,0.403075421548002,0.727272727272727,0.903846153846154,0.615384615384615,0.944444444444444,0.384615384615385,0.0555555555555556,11.0769230769231,0.407239819004525
"164",0.903225806451613,0.307501860469875,0.842105263157895,0.985714285714286,0.8,0.952380952380952,0.2,0.0476190476190477,16.8,0.21
"165",0.870967741935484,0.294098547476912,0.818181818181818,0.981818181818182,0.818181818181818,0.9,0.181818181818182,0.1,8.18181818181818,0.202020202020202
"166",0.870967741935484,0.310899628533348,0.833333333333333,0.942857142857143,1,0.80952380952381,0,0.19047619047619,5.25,0
"167",0.806451612903226,0.36391260976085,0.571428571428571,0.785714285714286,0.571428571428571,0.875,0.428571428571429,0.125,4.57142857142857,0.489795918367347
"168",0.774193548387097,0.422166512404165,0.631578947368421,0.929824561403509,0.5,0.947368421052632,0.5,0.0526315789473685,9.49999999999999,0.527777777777778
"169",0.806451612903226,0.36672603940569,0.75,0.919191919191919,1,0.727272727272727,0,0.272727272727273,3.66666666666667,0
"170",0.806451612903226,0.376792574046012,0.75,0.935897435897436,0.692307692307692,0.888888888888889,0.307692307692308,0.111111111111111,6.23076923076923,0.346153846153846
"171",0.870967741935484,0.317083663919422,0.777777777777778,0.853535353535353,0.777777777777778,0.909090909090909,0.222222222222222,0.0909090909090909,8.55555555555555,0.244444444444444
"172",0.774193548387097,0.366067244930299,0.666666666666667,0.854545454545454,0.636363636363636,0.85,0.363636363636364,0.15,4.24242424242424,0.427807486631016
"173",0.774193548387097,0.384531086447483,0.631578947368421,0.831521739130435,0.75,0.782608695652174,0.25,0.217391304347826,3.45,0.319444444444444
"174",0.870967741935484,0.363290557217063,0.8,0.931818181818182,0.727272727272727,0.95,0.272727272727273,0.05,14.5454545454545,0.287081339712919
"175",0.774193548387097,0.370845188668083,0.666666666666667,0.871428571428571,0.7,0.80952380952381,0.3,0.19047619047619,3.675,0.370588235294118
"176",0.806451612903226,0.305218688310135,0.571428571428571,0.915384615384615,0.8,0.807692307692308,0.2,0.192307692307692,4.16,0.247619047619048
"177",0.806451612903226,0.334175856913529,0.625,0.842261904761905,0.714285714285714,0.833333333333333,0.285714285714286,0.166666666666667,4.28571428571429,0.342857142857143
"178",0.774193548387097,0.348110817686105,0.631578947368421,0.929347826086957,0.75,0.782608695652174,0.25,0.217391304347826,3.45,0.319444444444444
"179",0.806451612903226,0.379159175497678,0.666666666666667,0.9,0.545454545454545,0.95,0.454545454545455,0.05,10.9090909090909,0.478468899521531
"180",0.645161290322581,0.43811743230954,0.476190476190476,0.733695652173913,0.625,0.652173913043478,0.375,0.347826086956522,1.796875,0.575
"181",0.935483870967742,0.248672937809944,0.875,0.982142857142857,1,0.916666666666667,0,0.0833333333333334,12,0
"182",0.806451612903226,0.356905943022468,0.625,0.845238095238095,0.714285714285714,0.833333333333333,0.285714285714286,0.166666666666667,4.28571428571429,0.342857142857143
"183",0.774193548387097,0.406959921627737,0.588235294117647,0.888636363636364,0.454545454545455,0.95,0.545454545454545,0.05,9.09090909090908,0.574162679425837
"184",0.935483870967742,0.266615706992115,0.9,0.97979797979798,1,0.909090909090909,0,0.0909090909090909,11,0
"185",0.870967741935484,0.275437651392025,0.6,0.915384615384615,0.6,0.923076923076923,0.4,0.0769230769230769,7.80000000000001,0.433333333333333
"186",0.806451612903226,0.370759353178356,0.666666666666667,0.835858585858586,0.666666666666667,0.863636363636364,0.333333333333333,0.136363636363636,4.88888888888889,0.385964912280702
"187",0.806451612903226,0.401792964000366,0.666666666666667,0.931818181818182,0.545454545454545,0.95,0.454545454545455,0.05,10.9090909090909,0.478468899521531
"188",0.870967741935484,0.280106603096603,0.714285714285714,0.953333333333333,0.833333333333333,0.88,0.166666666666667,0.12,6.94444444444444,0.189393939393939
"189",0.774193548387097,0.4093394653885,0.588235294117647,0.815909090909091,0.454545454545455,0.95,0.545454545454545,0.05,9.09090909090908,0.574162679425837
"190",0.774193548387097,0.357185544934431,0.631578947368421,0.845108695652174,0.75,0.782608695652174,0.25,0.217391304347826,3.45,0.319444444444444
"191",0.741935483870968,0.403388124136317,0.6,0.866847826086957,0.75,0.739130434782609,0.25,0.260869565217391,2.875,0.338235294117647
"192",0.838709677419355,0.314219969734372,0.545454545454545,0.907692307692308,0.6,0.884615384615385,0.4,0.115384615384615,5.2,0.452173913043478
"193",0.806451612903226,0.385200517776343,0.625,0.811904761904762,0.5,0.952380952380952,0.5,0.0476190476190477,10.5,0.525
"194",0.870967741935484,0.335168939340974,0.75,0.848214285714286,0.857142857142857,0.875,0.142857142857143,0.125,6.85714285714286,0.163265306122449
"195",0.870967741935484,0.338214606088438,0.75,0.89945652173913,0.75,0.91304347826087,0.25,0.0869565217391305,8.62499999999999,0.273809523809524
"196",0.806451612903226,0.402846638696555,0.5,0.880434782608696,0.375,0.956521739130435,0.625,0.0434782608695652,8.62500000000001,0.653409090909091
"197",0.806451612903226,0.344130375104539,0.625,0.875,0.625,0.869565217391304,0.375,0.130434782608696,4.79166666666667,0.43125
"198",0.870967741935484,0.326300082162694,0.818181818181818,0.921428571428571,0.9,0.857142857142857,0.1,0.142857142857143,6.3,0.116666666666667
"199",0.806451612903226,0.387925587302522,0.666666666666667,0.851010101010101,0.666666666666667,0.863636363636364,0.333333333333333,0.136363636363636,4.88888888888889,0.385964912280702
"200",0.741935483870968,0.393226410556812,0.5,0.797619047619048,0.571428571428571,0.791666666666667,0.428571428571429,0.208333333333333,2.74285714285714,0.541353383458647
"201",0.870967741935484,0.319392798532543,0.818181818181818,0.922727272727273,0.818181818181818,0.9,0.181818181818182,0.1,8.18181818181818,0.202020202020202
"202",0.806451612903226,0.354071863232669,0.571428571428571,0.863095238095238,0.571428571428571,0.875,0.428571428571429,0.125,4.57142857142857,0.489795918367347
"203",0.709677419354839,0.415735267712432,0.470588235294118,0.801630434782609,0.5,0.782608695652174,0.5,0.217391304347826,2.3,0.638888888888889
"204",0.838709677419355,0.33738989892665,0.705882352941177,0.90952380952381,0.6,0.952380952380952,0.4,0.0476190476190477,12.6,0.42
"205",0.838709677419355,0.369831731504791,0.666666666666667,0.961904761904762,0.5,1,0.5,0,Inf,0.5
"206",0.806451612903226,0.365322671360677,0.666666666666667,0.89047619047619,0.6,0.904761904761905,0.4,0.0952380952380952,6.3,0.442105263157895
"207",0.806451612903226,0.384801892302424,0.7,0.869047619047619,1,0.75,0,0.25,4,0
"208",0.741935483870968,0.371755847204446,0.428571428571429,0.776923076923077,0.6,0.769230769230769,0.4,0.230769230769231,2.6,0.52
"209",0.903225806451613,0.34671691715082,0.869565217391304,0.995726495726496,0.769230769230769,1,0.230769230769231,0,Inf,0.230769230769231
"210",0.806451612903226,0.34240923632074,0.666666666666667,0.919191919191919,0.666666666666667,0.863636363636364,0.333333333333333,0.136363636363636,4.88888888888889,0.385964912280702
"211",0.870967741935484,0.333638908486794,0.818181818181818,0.9,0.818181818181818,0.9,0.181818181818182,0.1,8.18181818181818,0.202020202020202
"212",0.806451612903226,0.363230520537997,0.625,0.807065217391304,0.625,0.869565217391304,0.375,0.130434782608696,4.79166666666667,0.43125
"213",0.774193548387097,0.394752597378916,0.631578947368421,0.870454545454545,0.545454545454545,0.9,0.454545454545455,0.1,5.45454545454546,0.505050505050505
"214",0.774193548387097,0.381351175202348,0.666666666666667,0.890909090909091,0.636363636363636,0.85,0.363636363636364,0.15,4.24242424242424,0.427807486631016
"215",0.806451612903226,0.337832718469972,0.7,0.871212121212121,0.777777777777778,0.818181818181818,0.222222222222222,0.181818181818182,4.27777777777778,0.271604938271605
"216",0.870967741935484,0.351079845719513,0.833333333333333,0.87719298245614,0.833333333333333,0.894736842105263,0.166666666666667,0.105263157894737,7.91666666666667,0.186274509803922
"217",0.741935483870968,0.477309055878205,0.636363636363636,0.9125,0.466666666666667,1,0.533333333333333,0,Inf,0.533333333333333
"218",0.870967741935484,0.303377894987977,0.75,0.96,1,0.84,0,0.16,6.25,0
"219",0.709677419354839,0.422434810964623,0.526315789473684,0.835526315789474,0.416666666666667,0.894736842105263,0.583333333333333,0.105263157894737,3.95833333333333,0.651960784313725
"220",0.806451612903226,0.347993781244725,0.7,0.894021739130435,0.875,0.782608695652174,0.125,0.217391304347826,4.025,0.159722222222222
"221",0.806451612903226,0.37988993989262,0.571428571428571,0.890476190476191,0.4,1,0.6,0,Inf,0.6
"222",0.741935483870968,0.398056745632671,0.5,0.833333333333333,0.444444444444444,0.863636363636364,0.555555555555556,0.136363636363636,3.25925925925926,0.64327485380117
"223",0.806451612903226,0.364275070568167,0.7,0.902380952380952,0.7,0.857142857142857,0.3,0.142857142857143,4.9,0.35
"224",0.870967741935484,0.334539166185519,0.8,0.904545454545455,0.727272727272727,0.95,0.272727272727273,0.05,14.5454545454545,0.287081339712919
"225",0.903225806451613,0.337928083405074,0.727272727272727,0.922619047619048,0.571428571428571,1,0.428571428571429,0,Inf,0.428571428571429
"226",0.838709677419355,0.319068496253374,0.736842105263158,0.934343434343434,0.777777777777778,0.863636363636364,0.222222222222222,0.136363636363636,5.7037037037037,0.257309941520468
"227",0.774193548387097,0.373649593534559,0.533333333333333,0.845108695652174,0.5,0.869565217391304,0.5,0.130434782608696,3.83333333333333,0.575
"228",0.741935483870968,0.402896555865316,0.636363636363636,0.856818181818182,0.636363636363636,0.8,0.363636363636364,0.2,3.18181818181818,0.454545454545455
"229",0.645161290322581,0.484714741525409,0.266666666666667,0.783333333333333,0.2,0.857142857142857,0.8,0.142857142857143,1.4,0.933333333333333
"230",0.838709677419355,0.382933164119814,0.705882352941177,0.847619047619048,0.6,0.952380952380952,0.4,0.0476190476190477,12.6,0.42
"231",0.903225806451613,0.292426577927193,0.842105263157895,0.964646464646465,0.888888888888889,0.909090909090909,0.111111111111111,0.0909090909090909,9.77777777777777,0.122222222222222
"232",0.806451612903226,0.359806570594746,0.571428571428571,0.873333333333333,0.666666666666667,0.84,0.333333333333333,0.16,4.16666666666667,0.396825396825397
"233",0.903225806451613,0.324218831424487,0.769230769230769,0.903333333333333,0.833333333333333,0.92,0.166666666666667,0.08,10.4166666666667,0.181159420289855
"234",0.741935483870968,0.397853884136389,0.714285714285714,0.878151260504202,0.714285714285714,0.764705882352941,0.285714285714286,0.235294117647059,3.03571428571429,0.373626373626374
"235",0.806451612903226,0.331168364761713,0.625,0.892857142857143,0.714285714285714,0.833333333333333,0.285714285714286,0.166666666666667,4.28571428571429,0.342857142857143
"236",0.870967741935484,0.37301097413988,0.8,0.864285714285714,0.8,0.904761904761905,0.2,0.0952380952380952,8.4,0.221052631578947
"237",0.903225806451613,0.264649191414707,0.823529411764706,0.97979797979798,0.777777777777778,0.954545454545455,0.222222222222222,0.0454545454545454,17.1111111111111,0.232804232804233
"238",0.709677419354839,0.435932276966512,0.526315789473684,0.804347826086957,0.625,0.739130434782609,0.375,0.260869565217391,2.39583333333333,0.507352941176471
"239",0.774193548387097,0.454595452694279,0.695652173913043,0.95625,0.533333333333333,1,0.466666666666667,0,Inf,0.466666666666667
"240",0.774193548387097,0.397280666965228,0.533333333333333,0.828571428571429,0.4,0.952380952380952,0.6,0.0476190476190477,8.39999999999999,0.63
"241",0.838709677419355,0.318139233522081,0.761904761904762,0.963636363636364,0.727272727272727,0.9,0.272727272727273,0.1,7.27272727272727,0.303030303030303
"242",0.838709677419355,0.344164461868328,0.761904761904762,0.90952380952381,0.8,0.857142857142857,0.2,0.142857142857143,5.6,0.233333333333333
"243",0.903225806451613,0.304341986240867,0.727272727272727,0.846666666666667,0.666666666666667,0.96,0.333333333333333,0.04,16.6666666666667,0.347222222222222
"244",0.838709677419355,0.356406439222227,0.705882352941177,0.94,1,0.8,0,0.2,5,0
"245",0.774193548387097,0.401776688324462,0.533333333333333,0.808080808080808,0.444444444444444,0.909090909090909,0.555555555555556,0.0909090909090909,4.88888888888889,0.611111111111111
"246",0.67741935483871,0.518880299469084,0.5,0.80672268907563,0.357142857142857,0.941176470588235,0.642857142857143,0.0588235294117647,6.07142857142857,0.683035714285714
"247",0.806451612903226,0.317301825818647,0.571428571428571,0.898809523809524,0.571428571428571,0.875,0.428571428571429,0.125,4.57142857142857,0.489795918367347
"248",0.870967741935484,0.304724427931372,0.75,0.904891304347826,0.75,0.91304347826087,0.25,0.0869565217391305,8.62499999999999,0.273809523809524
"249",0.709677419354839,0.427080861637204,0.571428571428571,0.802380952380952,0.6,0.761904761904762,0.4,0.238095238095238,2.52,0.525
"250",0.741935483870968,0.38417909922786,0.5,0.785326086956522,0.5,0.826086956521739,0.5,0.173913043478261,2.875,0.605263157894737
"251",0.741935483870968,0.453801882054308,0.555555555555556,0.852272727272727,0.454545454545455,0.9,0.545454545454545,0.1,4.54545454545455,0.606060606060606
"252",0.612903225806452,0.507011860183007,0.25,0.654761904761905,0.2,0.80952380952381,0.8,0.19047619047619,1.05,0.988235294117647
"253",0.806451612903226,0.354101694479321,0.625,0.8125,0.625,0.869565217391304,0.375,0.130434782608696,4.79166666666667,0.43125
"254",0.741935483870968,0.406796657681233,0.6,0.836363636363636,0.545454545454545,0.85,0.454545454545455,0.15,3.63636363636364,0.53475935828877
"255",0.870967741935484,0.326134244870941,0.777777777777778,0.898989898989899,0.777777777777778,0.909090909090909,0.222222222222222,0.0909090909090909,8.55555555555555,0.244444444444444
"256",0.838709677419355,0.328979496645933,0.736842105263158,0.914141414141414,0.777777777777778,0.863636363636364,0.222222222222222,0.136363636363636,5.7037037037037,0.257309941520468
"257",0.774193548387097,0.341184716660387,0.533333333333333,0.826666666666667,0.666666666666667,0.8,0.333333333333333,0.2,3.33333333333333,0.416666666666667
"258",0.806451612903226,0.413221946774732,0.727272727272727,0.873931623931624,0.615384615384615,0.944444444444444,0.384615384615385,0.0555555555555556,11.0769230769231,0.407239819004525
"259",0.903225806451613,0.328801801721157,0.857142857142857,0.935714285714286,0.9,0.904761904761905,0.1,0.0952380952380952,9.45,0.110526315789474
"260",0.903225806451613,0.297323062804905,0.823529411764706,0.94949494949495,0.777777777777778,0.954545454545455,0.222222222222222,0.0454545454545454,17.1111111111111,0.232804232804233
"261",0.806451612903226,0.403290591500448,0.727272727272727,0.840909090909091,0.727272727272727,0.85,0.272727272727273,0.15,4.84848484848485,0.320855614973262
"262",0.903225806451613,0.333441868414478,0.8,0.916666666666667,0.666666666666667,1,0.333333333333333,0,Inf,0.333333333333333
"263",0.838709677419355,0.315214607277744,0.666666666666667,0.889880952380952,0.714285714285714,0.875,0.285714285714286,0.125,5.71428571428571,0.326530612244898
"264",0.806451612903226,0.352865775566304,0.727272727272727,0.89047619047619,0.8,0.80952380952381,0.2,0.19047619047619,4.2,0.247058823529412
"265",0.806451612903226,0.390197338399285,0.7,0.804545454545455,0.636363636363636,0.9,0.363636363636364,0.1,6.36363636363637,0.404040404040404
"266",0.870967741935484,0.333241891177311,0.777777777777778,0.94047619047619,0.7,0.952380952380952,0.3,0.0476190476190477,14.7,0.315
"267",0.870967741935484,0.291701470075815,0.75,0.94047619047619,0.857142857142857,0.875,0.142857142857143,0.125,6.85714285714286,0.163265306122449
"268",0.741935483870968,0.402316030852904,0.692307692307692,0.863636363636364,0.818181818181818,0.7,0.181818181818182,0.3,2.72727272727273,0.25974025974026
"269",0.774193548387097,0.38178498168398,0.533333333333333,0.769021739130435,0.5,0.869565217391304,0.5,0.130434782608696,3.83333333333333,0.575
"270",0.870967741935484,0.318832371131502,0.8,0.947619047619048,0.8,0.904761904761905,0.2,0.0952380952380952,8.4,0.221052631578947
"271",0.741935483870968,0.351289519291322,0.636363636363636,0.891414141414141,0.777777777777778,0.727272727272727,0.222222222222222,0.272727272727273,2.85185185185185,0.305555555555556
"272",0.741935483870968,0.44417893292655,0.692307692307692,0.845833333333333,0.6,0.875,0.4,0.125,4.8,0.457142857142857
"273",0.903225806451613,0.338727013896189,0.857142857142857,0.95,0.818181818181818,0.95,0.181818181818182,0.05,16.3636363636363,0.191387559808612
"274",0.903225806451613,0.304201256467555,0.769230769230769,0.922619047619048,0.714285714285714,0.958333333333333,0.285714285714286,0.0416666666666666,17.1428571428572,0.298136645962733
"275",0.903225806451613,0.333120739574571,0.823529411764706,0.929292929292929,0.777777777777778,0.954545454545455,0.222222222222222,0.0454545454545454,17.1111111111111,0.232804232804233
"276",0.645161290322581,0.449440649134459,0.521739130434783,0.777272727272727,0.545454545454545,0.7,0.454545454545455,0.3,1.81818181818182,0.649350649350649
"277",0.806451612903226,0.297346495957429,0.666666666666667,0.966666666666667,1,0.76,0,0.24,4.16666666666667,0
"278",0.935483870967742,0.300251022446645,0.909090909090909,0.966666666666667,1,0.904761904761905,0,0.0952380952380952,10.5,0
"279",0.774193548387097,0.38698332662053,0.631578947368421,0.873809523809524,0.6,0.857142857142857,0.4,0.142857142857143,4.2,0.466666666666667
"280",0.806451612903226,0.38227613040251,0.666666666666667,0.915909090909091,0.545454545454545,0.95,0.454545454545455,0.05,10.9090909090909,0.478468899521531
"281",0.774193548387097,0.34114823113725,0.631578947368421,0.858585858585859,0.666666666666667,0.818181818181818,0.333333333333333,0.181818181818182,3.66666666666667,0.407407407407407
"282",0.709677419354839,0.472576376283053,0.608695652173913,0.834033613445378,0.5,0.882352941176471,0.5,0.117647058823529,4.25,0.566666666666667
"283",0.806451612903226,0.316552452891961,0.666666666666667,0.931547619047619,0.857142857142857,0.791666666666667,0.142857142857143,0.208333333333333,4.11428571428571,0.180451127819549
"284",0.870967741935484,0.314517340781233,0.8,0.873809523809524,0.8,0.904761904761905,0.2,0.0952380952380952,8.4,0.221052631578947
"285",0.903225806451613,0.316106043723653,0.8,0.931818181818182,0.666666666666667,1,0.333333333333333,0,Inf,0.333333333333333
"286",0.806451612903226,0.393995144884154,0.625,0.906565656565657,0.555555555555556,0.909090909090909,0.444444444444444,0.0909090909090909,6.11111111111111,0.488888888888889
"287",0.870967741935484,0.337714256668098,0.714285714285714,0.923076923076923,1,0.846153846153846,0,0.153846153846154,6.5,0
"288",0.774193548387097,0.385864352685602,0.666666666666667,0.815656565656566,0.777777777777778,0.772727272727273,0.222222222222222,0.227272727272727,3.42222222222222,0.287581699346405
"289",0.774193548387097,0.381770446453156,0.72,0.86965811965812,0.692307692307692,0.833333333333333,0.307692307692308,0.166666666666667,4.15384615384616,0.369230769230769
"290",0.870967741935484,0.312104222440927,0.75,0.892857142857143,0.857142857142857,0.875,0.142857142857143,0.125,6.85714285714286,0.163265306122449
"291",0.67741935483871,0.473870493328902,0.375,0.690217391304348,0.375,0.782608695652174,0.625,0.217391304347826,1.725,0.798611111111111
"292",0.838709677419355,0.388635936271142,0.736842105263158,0.895238095238095,0.7,0.904761904761905,0.3,0.0952380952380952,7.35,0.331578947368421
"293",0.806451612903226,0.299600527371411,0.666666666666667,0.946428571428571,0.857142857142857,0.791666666666667,0.142857142857143,0.208333333333333,4.11428571428571,0.180451127819549
"294",0.741935483870968,0.45172087126752,0.5,0.821428571428571,0.4,0.904761904761905,0.6,0.0952380952380952,4.2,0.663157894736842
"295",0.903225806451613,0.350867995771151,0.869565217391304,0.925,0.909090909090909,0.9,0.0909090909090909,0.1,9.09090909090909,0.101010101010101
"296",0.774193548387097,0.377159904158438,0.588235294117647,0.807065217391304,0.625,0.826086956521739,0.375,0.173913043478261,3.59375,0.453947368421053
"297",0.903225806451613,0.302300404646094,0.842105263157895,0.976190476190476,0.8,0.952380952380952,0.2,0.0476190476190477,16.8,0.21
"298",0.806451612903226,0.351226105011572,0.571428571428571,0.883152173913043,0.5,0.91304347826087,0.5,0.0869565217391305,5.75,0.547619047619048
"299",0.806451612903226,0.360712869426368,0.571428571428571,0.886666666666667,0.666666666666667,0.84,0.333333333333333,0.16,4.16666666666667,0.396825396825397
"300",0.838709677419355,0.370821853631415,0.666666666666667,0.919191919191919,0.555555555555556,0.954545454545455,0.444444444444444,0.0454545454545454,12.2222222222222,0.465608465608466
"301",0.806451612903226,0.371396118137675,0.727272727272727,0.760964912280702,0.666666666666667,0.894736842105263,0.333333333333333,0.105263157894737,6.33333333333333,0.372549019607843
"302",0.838709677419355,0.370810057833905,0.761904761904762,0.878571428571429,0.8,0.857142857142857,0.2,0.142857142857143,5.6,0.233333333333333
"303",0.709677419354839,0.447426480209071,0.526315789473684,0.803030303030303,0.555555555555556,0.772727272727273,0.444444444444444,0.227272727272727,2.44444444444444,0.57516339869281
"304",0.741935483870968,0.402160238001378,0.5,0.852380952380952,0.4,0.904761904761905,0.6,0.0952380952380952,4.2,0.663157894736842
"305",0.741935483870968,0.420602960833515,0.555555555555556,0.852380952380952,0.5,0.857142857142857,0.5,0.142857142857143,3.5,0.583333333333333
"306",0.870967741935484,0.317980956020039,0.8,0.939393939393939,0.888888888888889,0.863636363636364,0.111111111111111,0.136363636363636,6.51851851851852,0.128654970760234
"307",0.806451612903226,0.360500578253628,0.727272727272727,0.881818181818182,0.727272727272727,0.85,0.272727272727273,0.15,4.84848484848485,0.320855614973262
"308",0.774193548387097,0.385906816478416,0.740740740740741,0.855263157894737,0.833333333333333,0.736842105263158,0.166666666666667,0.263157894736842,3.16666666666667,0.226190476190476
"309",0.870967741935484,0.319210462490089,0.75,0.907608695652174,0.75,0.91304347826087,0.25,0.0869565217391305,8.62499999999999,0.273809523809524
"310",0.903225806451613,0.306440574983577,0.8,0.931818181818182,0.666666666666667,1,0.333333333333333,0,Inf,0.333333333333333
"311",0.903225806451613,0.295538675068873,0.842105263157895,0.929292929292929,0.888888888888889,0.909090909090909,0.111111111111111,0.0909090909090909,9.77777777777777,0.122222222222222
"312",0.838709677419355,0.311910711817406,0.666666666666667,0.9,0.833333333333333,0.84,0.166666666666667,0.16,5.20833333333333,0.198412698412698
"313",0.870967741935484,0.33451377344597,0.8,0.963636363636364,0.727272727272727,0.95,0.272727272727273,0.05,14.5454545454545,0.287081339712919
"314",0.838709677419355,0.368446120221891,0.705882352941177,0.833333333333333,0.6,0.952380952380952,0.4,0.0476190476190477,12.6,0.42
"315",0.935483870967742,0.275184113645069,0.888888888888889,0.972826086956522,1,0.91304347826087,0,0.0869565217391305,11.5,0
"316",0.870967741935484,0.330311278432435,0.777777777777778,0.933333333333333,0.7,0.952380952380952,0.3,0.0476190476190477,14.7,0.315
"317",0.870967741935484,0.329025575105979,0.777777777777778,0.924242424242424,0.777777777777778,0.909090909090909,0.222222222222222,0.0909090909090909,8.55555555555555,0.244444444444444
"318",0.774193548387097,0.389011128249187,0.588235294117647,0.835858585858586,0.555555555555556,0.863636363636364,0.444444444444444,0.136363636363636,4.07407407407407,0.514619883040936
"319",0.741935483870968,0.442303340439663,0.428571428571429,0.669642857142857,0.428571428571429,0.833333333333333,0.571428571428571,0.166666666666667,2.57142857142857,0.685714285714286
"320",0.774193548387097,0.361882375491361,0.695652173913043,0.89047619047619,0.8,0.761904761904762,0.2,0.238095238095238,3.36,0.2625
"321",0.870967741935484,0.279187460902034,0.818181818181818,0.971428571428571,0.9,0.857142857142857,0.1,0.142857142857143,6.3,0.116666666666667
"322",0.741935483870968,0.403594671432643,0.555555555555556,0.797619047619048,0.5,0.857142857142857,0.5,0.142857142857143,3.5,0.583333333333333
"323",0.806451612903226,0.351112111627755,0.625,0.896464646464646,0.555555555555556,0.909090909090909,0.444444444444444,0.0909090909090909,6.11111111111111,0.488888888888889
"324",0.870967741935484,0.317182312720642,0.714285714285714,0.827380952380952,0.714285714285714,0.916666666666667,0.285714285714286,0.0833333333333334,8.57142857142857,0.311688311688312
"325",0.806451612903226,0.314138514172016,0.571428571428571,0.9,0.666666666666667,0.84,0.333333333333333,0.16,4.16666666666667,0.396825396825397
"326",0.838709677419355,0.385050748106812,0.666666666666667,0.808080808080808,0.555555555555556,0.954545454545455,0.444444444444444,0.0454545454545454,12.2222222222222,0.465608465608466
"327",0.774193548387097,0.337219762801087,0.631578947368421,0.886363636363636,0.666666666666667,0.818181818181818,0.333333333333333,0.181818181818182,3.66666666666667,0.407407407407407
"328",0.741935483870968,0.446629784138804,0.5,0.735714285714286,0.4,0.904761904761905,0.6,0.0952380952380952,4.2,0.663157894736842
"329",0.838709677419355,0.325003249715937,0.705882352941177,0.933333333333333,1,0.8,0,0.2,5,0
"330",0.806451612903226,0.397034069725392,0.7,0.918859649122807,0.583333333333333,0.947368421052632,0.416666666666667,0.0526315789473685,11.0833333333333,0.439814814814815
"331",0.806451612903226,0.354892070913741,0.625,0.904040404040404,0.555555555555556,0.909090909090909,0.444444444444444,0.0909090909090909,6.11111111111111,0.488888888888889
"332",0.903225806451613,0.278010780049918,0.823529411764706,0.970238095238095,1,0.875,0,0.125,8,0
"333",0.741935483870968,0.387924110609313,0.636363636363636,0.856818181818182,0.636363636363636,0.8,0.363636363636364,0.2,3.18181818181818,0.454545454545455
"334",0.806451612903226,0.364648091709637,0.666666666666667,0.864130434782609,0.75,0.826086956521739,0.25,0.173913043478261,4.3125,0.302631578947368
"335",0.870967741935484,0.340051544235898,0.75,0.896739130434783,0.75,0.91304347826087,0.25,0.0869565217391305,8.62499999999999,0.273809523809524
"336",0.870967741935484,0.294414251497752,0.857142857142857,0.956140350877193,1,0.789473684210526,0,0.210526315789474,4.75,0
"337",0.806451612903226,0.310345272621969,0.571428571428571,0.915384615384615,0.8,0.807692307692308,0.2,0.192307692307692,4.16,0.247619047619048
"338",0.741935483870968,0.427373333798497,0.666666666666667,0.886752136752137,0.615384615384615,0.833333333333333,0.384615384615385,0.166666666666667,3.69230769230769,0.461538461538461
"339",0.741935483870968,0.352931882611363,0.6,0.858585858585859,0.666666666666667,0.772727272727273,0.333333333333333,0.227272727272727,2.93333333333333,0.431372549019608
"340",0.709677419354839,0.421191859440182,0.571428571428571,0.795454545454545,0.545454545454545,0.8,0.454545454545455,0.2,2.72727272727273,0.568181818181818
"341",0.838709677419355,0.31146872511426,0.615384615384615,0.889880952380952,0.571428571428571,0.916666666666667,0.428571428571429,0.0833333333333334,6.85714285714285,0.467532467532468
"342",0.838709677419355,0.38596952839008,0.782608695652174,0.834090909090909,0.818181818181818,0.85,0.181818181818182,0.15,5.45454545454545,0.213903743315508
"343",0.774193548387097,0.421056504779118,0.631578947368421,0.901315789473684,0.5,0.947368421052632,0.5,0.0526315789473685,9.49999999999999,0.527777777777778
"344",0.870967741935484,0.301124492545256,0.666666666666667,0.851190476190476,0.571428571428571,0.958333333333333,0.428571428571429,0.0416666666666666,13.7142857142857,0.447204968944099
"345",0.838709677419355,0.346347421352029,0.666666666666667,0.875,0.714285714285714,0.875,0.285714285714286,0.125,5.71428571428571,0.326530612244898
"346",0.806451612903226,0.370884405435112,0.571428571428571,0.83,0.666666666666667,0.84,0.333333333333333,0.16,4.16666666666667,0.396825396825397
"347",0.709677419354839,0.399643964186536,0.526315789473684,0.816666666666667,0.5,0.80952380952381,0.5,0.19047619047619,2.625,0.617647058823529
"348",0.774193548387097,0.406036731969588,0.461538461538462,0.803030303030303,0.333333333333333,0.954545454545455,0.666666666666667,0.0454545454545454,7.33333333333334,0.698412698412698
"349",0.806451612903226,0.362352085027847,0.571428571428571,0.892857142857143,0.571428571428571,0.875,0.428571428571429,0.125,4.57142857142857,0.489795918367347
"350",0.806451612903226,0.373535718432567,0.571428571428571,0.934343434343434,0.444444444444444,0.954545454545455,0.555555555555556,0.0454545454545454,9.77777777777779,0.582010582010582
"351",0.806451612903226,0.394362609825212,0.7,0.828571428571429,0.7,0.857142857142857,0.3,0.142857142857143,4.9,0.35
"352",0.838709677419355,0.352238443387636,0.782608695652174,0.922727272727273,0.818181818181818,0.85,0.181818181818182,0.15,5.45454545454545,0.213903743315508
"353",0.774193548387097,0.367370737807107,0.533333333333333,0.851190476190476,0.571428571428571,0.833333333333333,0.428571428571429,0.166666666666667,3.42857142857143,0.514285714285714
"354",0.774193548387097,0.319743817915595,0.461538461538462,0.876923076923077,0.6,0.807692307692308,0.4,0.192307692307692,3.12,0.495238095238095
"355",0.903225806451613,0.303794739684284,0.727272727272727,0.94,0.666666666666667,0.96,0.333333333333333,0.04,16.6666666666667,0.347222222222222
"356",0.741935483870968,0.350168185621533,0.555555555555556,0.883928571428571,0.714285714285714,0.75,0.285714285714286,0.25,2.85714285714286,0.380952380952381
"357",0.741935483870968,0.385355906379902,0.428571428571429,0.8125,0.375,0.869565217391304,0.625,0.130434782608696,2.875,0.71875
"358",0.870967741935484,0.367894043668428,0.777777777777778,0.857142857142857,0.7,0.952380952380952,0.3,0.0476190476190477,14.7,0.315
"359",0.903225806451613,0.309181479190437,0.823529411764706,0.911616161616162,0.777777777777778,0.954545454545455,0.222222222222222,0.0454545454545454,17.1111111111111,0.232804232804233
"360",0.774193548387097,0.370413438601526,0.588235294117647,0.871428571428571,0.5,0.904761904761905,0.5,0.0952380952380952,5.25,0.552631578947368
"361",0.838709677419355,0.313964918613665,0.782608695652174,0.906818181818182,0.818181818181818,0.85,0.181818181818182,0.15,5.45454545454545,0.213903743315508
"362",0.741935483870968,0.395799411927832,0.428571428571429,0.790760869565217,0.375,0.869565217391304,0.625,0.130434782608696,2.875,0.71875
"363",0.870967741935484,0.307020933921344,0.8,0.944444444444444,0.888888888888889,0.863636363636364,0.111111111111111,0.136363636363636,6.51851851851852,0.128654970760234
"364",0.806451612903226,0.366160985397433,0.625,0.851190476190476,0.714285714285714,0.833333333333333,0.285714285714286,0.166666666666667,4.28571428571429,0.342857142857143
"365",0.870967741935484,0.302903338231572,0.75,0.902173913043478,0.75,0.91304347826087,0.25,0.0869565217391305,8.62499999999999,0.273809523809524
"366",0.806451612903226,0.409215398356254,0.75,0.854700854700855,0.692307692307692,0.888888888888889,0.307692307692308,0.111111111111111,6.23076923076923,0.346153846153846
"367",0.870967741935484,0.329228563487459,0.8,0.897619047619048,0.8,0.904761904761905,0.2,0.0952380952380952,8.4,0.221052631578947
"368",0.645161290322581,0.450444490092428,0.592592592592593,0.754273504273504,0.615384615384615,0.666666666666667,0.384615384615385,0.333333333333333,1.84615384615385,0.576923076923077
"369",0.870967741935484,0.325866689373366,0.818181818181818,0.945238095238095,0.9,0.857142857142857,0.1,0.142857142857143,6.3,0.116666666666667
"370",0.774193548387097,0.367276968398325,0.588235294117647,0.826086956521739,0.625,0.826086956521739,0.375,0.173913043478261,3.59375,0.453947368421053
"371",0.774193548387097,0.390106323299889,0.533333333333333,0.904761904761905,0.4,0.952380952380952,0.6,0.0476190476190477,8.39999999999999,0.63
"372",0.903225806451613,0.30486967035982,0.823529411764706,0.94949494949495,0.777777777777778,0.954545454545455,0.222222222222222,0.0454545454545454,17.1111111111111,0.232804232804233
"373",0.838709677419355,0.35256030801908,0.705882352941177,0.932065217391304,0.75,0.869565217391304,0.25,0.130434782608696,5.75,0.2875
"374",0.709677419354839,0.468015789445365,0.64,0.771367521367521,0.615384615384615,0.777777777777778,0.384615384615385,0.222222222222222,2.76923076923077,0.494505494505494
"375",0.806451612903226,0.364334442963783,0.727272727272727,0.835526315789474,0.666666666666667,0.894736842105263,0.333333333333333,0.105263157894737,6.33333333333333,0.372549019607843
"376",0.838709677419355,0.333196867671174,0.736842105263158,0.907142857142857,0.7,0.904761904761905,0.3,0.0952380952380952,7.35,0.331578947368421
"377",0.806451612903226,0.380702429145606,0.571428571428571,0.739130434782609,0.5,0.91304347826087,0.5,0.0869565217391305,5.75,0.547619047619048
"378",0.935483870967742,0.281746888850615,0.875,0.989130434782609,0.875,0.956521739130435,0.125,0.0434782608695652,20.125,0.130681818181818
"379",0.645161290322581,0.489943895330576,0.592592592592593,0.78030303030303,0.888888888888889,0.545454545454545,0.111111111111111,0.454545454545455,1.95555555555556,0.203703703703704
"380",0.870967741935484,0.303689700034697,0.777777777777778,0.976190476190476,0.7,0.952380952380952,0.3,0.0476190476190477,14.7,0.315
"381",0.709677419354839,0.437729089943958,0.571428571428571,0.822368421052632,0.5,0.842105263157895,0.5,0.157894736842105,3.16666666666667,0.59375
"382",0.806451612903226,0.357420147509288,0.5,0.783333333333333,0.5,0.88,0.5,0.12,4.16666666666667,0.568181818181818
"383",0.741935483870968,0.393739140283163,0.636363636363636,0.857142857142857,0.7,0.761904761904762,0.3,0.238095238095238,2.94,0.39375
"384",0.806451612903226,0.389875260425543,0.666666666666667,0.89047619047619,0.6,0.904761904761905,0.4,0.0952380952380952,6.3,0.442105263157895
"385",0.935483870967742,0.306317973566769,0.888888888888889,0.96195652173913,1,0.91304347826087,0,0.0869565217391305,11.5,0
"386",0.870967741935484,0.297940728131652,0.6,0.876923076923077,0.6,0.923076923076923,0.4,0.0769230769230769,7.80000000000001,0.433333333333333
"387",0.838709677419355,0.384356604784351,0.736842105263158,0.921052631578947,0.583333333333333,1,0.416666666666667,0,Inf,0.416666666666667
"388",0.774193548387097,0.407084478406716,0.72,0.873949579831933,0.642857142857143,0.882352941176471,0.357142857142857,0.117647058823529,5.46428571428571,0.404761904761905
"389",0.838709677419355,0.356072867084605,0.666666666666667,0.906565656565657,0.555555555555556,0.954545454545455,0.444444444444444,0.0454545454545454,12.2222222222222,0.465608465608466
"390",0.741935483870968,0.403651976892896,0.5,0.777173913043478,0.5,0.826086956521739,0.5,0.173913043478261,2.875,0.605263157894737
"391",0.709677419354839,0.409586929644698,0.666666666666667,0.847727272727273,0.818181818181818,0.65,0.181818181818182,0.35,2.33766233766234,0.27972027972028
"392",0.774193548387097,0.358964133607349,0.533333333333333,0.77,0.666666666666667,0.8,0.333333333333333,0.2,3.33333333333333,0.416666666666667
"393",0.806451612903226,0.371132061215572,0.727272727272727,0.873931623931624,0.615384615384615,0.944444444444444,0.384615384615385,0.0555555555555556,11.0769230769231,0.407239819004525
"394",0.709677419354839,0.421383548197046,0.526315789473684,0.835858585858586,0.555555555555556,0.772727272727273,0.444444444444444,0.227272727272727,2.44444444444444,0.57516339869281
"395",0.774193548387097,0.371002603547618,0.695652173913043,0.854545454545454,0.727272727272727,0.8,0.272727272727273,0.2,3.63636363636364,0.340909090909091
"396",0.806451612903226,0.2947624865237,0.5,0.803846153846154,0.6,0.846153846153846,0.4,0.153846153846154,3.9,0.472727272727273
"397",0.903225806451613,0.268661292392776,0.823529411764706,0.976190476190476,1,0.875,0,0.125,8,0
"398",0.903225806451613,0.310917237619607,0.842105263157895,0.976190476190476,0.8,0.952380952380952,0.2,0.0476190476190477,16.8,0.21
"399",0.806451612903226,0.352806827482317,0.769230769230769,0.892543859649123,0.833333333333333,0.789473684210526,0.166666666666667,0.210526315789474,3.95833333333333,0.211111111111111
"400",0.774193548387097,0.372155144518199,0.631578947368421,0.875,0.75,0.782608695652174,0.25,0.217391304347826,3.45,0.319444444444444
"401",0.806451612903226,0.364808927050095,0.571428571428571,0.869047619047619,0.571428571428571,0.875,0.428571428571429,0.125,4.57142857142857,0.489795918367347
"402",0.709677419354839,0.473532020540882,0.571428571428571,0.815126050420168,0.428571428571429,0.941176470588235,0.571428571428571,0.0588235294117647,7.28571428571428,0.607142857142857
"403",0.806451612903226,0.402281038658695,0.75,0.848684210526316,0.75,0.842105263157895,0.25,0.157894736842105,4.75,0.296875
"404",0.741935483870968,0.399151985102738,0.636363636363636,0.839912280701754,0.583333333333333,0.842105263157895,0.416666666666667,0.157894736842105,3.69444444444444,0.494791666666667
"405",0.838709677419355,0.334880628082342,0.705882352941177,0.907608695652174,0.75,0.869565217391304,0.25,0.130434782608696,5.75,0.2875
"406",0.774193548387097,0.361055813708165,0.695652173913043,0.890909090909091,0.727272727272727,0.8,0.272727272727273,0.2,3.63636363636364,0.340909090909091
"407",0.741935483870968,0.427342320386922,0.6,0.81140350877193,0.5,0.894736842105263,0.5,0.105263157894737,4.75,0.558823529411765
"408",0.870967741935484,0.35917736017751,0.714285714285714,0.924242424242424,0.555555555555556,1,0.444444444444444,0,Inf,0.444444444444444
"409",0.806451612903226,0.331115731605924,0.7,0.927272727272727,0.636363636363636,0.9,0.363636363636364,0.1,6.36363636363637,0.404040404040404
"410",0.838709677419355,0.356760906881067,0.666666666666667,0.930952380952381,0.5,1,0.5,0,Inf,0.5
"411",0.741935483870968,0.383570371639183,0.555555555555556,0.883333333333333,0.5,0.857142857142857,0.5,0.142857142857143,3.5,0.583333333333333
"412",0.838709677419355,0.403542244717818,0.761904761904762,0.835858585858586,0.888888888888889,0.818181818181818,0.111111111111111,0.181818181818182,4.88888888888889,0.135802469135803
"413",0.903225806451613,0.349994372432838,0.823529411764706,0.888095238095238,0.7,1,0.3,0,Inf,0.3
"414",0.838709677419355,0.391566967028954,0.666666666666667,0.845108695652174,0.625,0.91304347826087,0.375,0.0869565217391305,7.1875,0.410714285714286
"415",0.774193548387097,0.363389430814393,0.666666666666667,0.920454545454545,0.636363636363636,0.85,0.363636363636364,0.15,4.24242424242424,0.427807486631016
"416",0.806451612903226,0.452717193253426,0.727272727272727,0.915966386554622,0.571428571428571,1,0.428571428571429,0,Inf,0.428571428571429
"417",0.774193548387097,0.406120745307553,0.666666666666667,0.833333333333333,0.7,0.80952380952381,0.3,0.19047619047619,3.675,0.370588235294118
"418",0.774193548387097,0.390035486447105,0.461538461538462,0.770833333333333,0.428571428571429,0.875,0.571428571428571,0.125,3.42857142857143,0.653061224489796
"419",0.67741935483871,0.459840259863144,0.545454545454545,0.757142857142857,0.6,0.714285714285714,0.4,0.285714285714286,2.1,0.56
"420",0.774193548387097,0.411793858465618,0.695652173913043,0.826923076923077,0.615384615384615,0.888888888888889,0.384615384615385,0.111111111111111,5.53846153846154,0.432692307692308
"421",0.774193548387097,0.369595565300219,0.666666666666667,0.877272727272727,0.636363636363636,0.85,0.363636363636364,0.15,4.24242424242424,0.427807486631016
"422",0.838709677419355,0.325738567601589,0.736842105263158,0.933333333333333,0.7,0.904761904761905,0.3,0.0952380952380952,7.35,0.331578947368421
"423",0.806451612903226,0.312921094774141,0.666666666666667,0.945652173913043,0.75,0.826086956521739,0.25,0.173913043478261,4.3125,0.302631578947368
"424",0.838709677419355,0.294140497069659,0.705882352941177,0.907738095238095,0.857142857142857,0.833333333333333,0.142857142857143,0.166666666666667,5.14285714285714,0.171428571428571
"425",0.806451612903226,0.3698987364069,0.666666666666667,0.931818181818182,0.545454545454545,0.95,0.454545454545455,0.05,10.9090909090909,0.478468899521531
"426",0.806451612903226,0.364452898399879,0.625,0.845108695652174,0.625,0.869565217391304,0.375,0.130434782608696,4.79166666666667,0.43125
"427",0.774193548387097,0.396333200402169,0.533333333333333,0.791666666666667,0.571428571428571,0.833333333333333,0.428571428571429,0.166666666666667,3.42857142857143,0.514285714285714
"428",0.741935483870968,0.419327904572962,0.6,0.820454545454545,0.545454545454545,0.85,0.454545454545455,0.15,3.63636363636364,0.53475935828877
"429",0.806451612903226,0.369738166155776,0.666666666666667,0.868686868686869,0.666666666666667,0.863636363636364,0.333333333333333,0.136363636363636,4.88888888888889,0.385964912280702
"430",0.935483870967742,0.304386642191821,0.888888888888889,0.956521739130435,1,0.91304347826087,0,0.0869565217391305,11.5,0
"431",0.709677419354839,0.441120517545178,0.64,0.872916666666667,0.533333333333333,0.875,0.466666666666667,0.125,4.26666666666667,0.533333333333333
"432",0.870967741935484,0.258021805214312,0.75,0.982142857142857,0.857142857142857,0.875,0.142857142857143,0.125,6.85714285714286,0.163265306122449
"433",0.774193548387097,0.391102390375643,0.631578947368421,0.795238095238095,0.6,0.857142857142857,0.4,0.142857142857143,4.2,0.466666666666667
"434",0.774193548387097,0.377343650751646,0.666666666666667,0.9,0.636363636363636,0.85,0.363636363636364,0.15,4.24242424242424,0.427807486631016
"435",0.870967741935484,0.302819174125273,0.75,0.96,1,0.84,0,0.16,6.25,0
"436",0.774193548387097,0.369668008857073,0.588235294117647,0.810606060606061,0.555555555555556,0.863636363636364,0.444444444444444,0.136363636363636,4.07407407407407,0.514619883040936
"437",0.709677419354839,0.431274291435385,0.608695652173913,0.867521367521368,0.538461538461538,0.833333333333333,0.461538461538462,0.166666666666667,3.23076923076923,0.553846153846154
"438",0.709677419354839,0.444341685953916,0.608695652173913,0.790909090909091,0.636363636363636,0.75,0.363636363636364,0.25,2.54545454545455,0.484848484848485
"439",0.838709677419355,0.346891231037878,0.736842105263158,0.907608695652174,0.875,0.826086956521739,0.125,0.173913043478261,5.03125,0.151315789473684
"440",0.870967741935484,0.31304766057736,0.714285714285714,0.843333333333333,0.833333333333333,0.88,0.166666666666667,0.12,6.94444444444444,0.189393939393939
"441",0.741935483870968,0.414237292992795,0.5,0.78804347826087,0.5,0.826086956521739,0.5,0.173913043478261,2.875,0.605263157894737
"442",0.774193548387097,0.42654369045563,0.461538461538462,0.803030303030303,0.333333333333333,0.954545454545455,0.666666666666667,0.0454545454545454,7.33333333333334,0.698412698412698
"443",0.774193548387097,0.365668651182796,0.631578947368421,0.854761904761905,0.6,0.857142857142857,0.4,0.142857142857143,4.2,0.466666666666667
"444",0.741935483870968,0.367813807345238,0.428571428571429,0.828703703703704,0.75,0.740740740740741,0.25,0.259259259259259,2.89285714285714,0.3375
"445",0.806451612903226,0.354212709299695,0.571428571428571,0.81547619047619,0.571428571428571,0.875,0.428571428571429,0.125,4.57142857142857,0.489795918367347
"446",0.774193548387097,0.305291233463656,0.363636363636364,0.837962962962963,0.5,0.814814814814815,0.5,0.185185185185185,2.7,0.613636363636364
"447",0.903225806451613,0.333812313011319,0.842105263157895,0.928571428571429,0.8,0.952380952380952,0.2,0.0476190476190477,16.8,0.21
"448",0.935483870967742,0.289480152837387,0.888888888888889,0.94949494949495,0.888888888888889,0.954545454545455,0.111111111111111,0.0454545454545454,19.5555555555556,0.116402116402116
"449",0.806451612903226,0.350045596286352,0.666666666666667,0.894021739130435,0.75,0.826086956521739,0.25,0.173913043478261,4.3125,0.302631578947368
"450",0.838709677419355,0.371502932003582,0.8,0.871794871794872,0.769230769230769,0.888888888888889,0.230769230769231,0.111111111111111,6.92307692307692,0.259615384615385
"451",0.741935483870968,0.361479577938165,0.5,0.853333333333333,0.666666666666667,0.76,0.333333333333333,0.24,2.77777777777778,0.43859649122807
"452",0.806451612903226,0.370331909317277,0.727272727272727,0.873737373737374,0.888888888888889,0.772727272727273,0.111111111111111,0.227272727272727,3.91111111111111,0.143790849673203
"453",0.806451612903226,0.363996968662171,0.625,0.796195652173913,0.625,0.869565217391304,0.375,0.130434782608696,4.79166666666667,0.43125
"454",0.709677419354839,0.413983292172455,0.608695652173913,0.804545454545455,0.636363636363636,0.75,0.363636363636364,0.25,2.54545454545455,0.484848484848485
"455",0.774193548387097,0.380203199381618,0.631578947368421,0.878787878787879,0.666666666666667,0.818181818181818,0.333333333333333,0.181818181818182,3.66666666666667,0.407407407407407
"456",0.806451612903226,0.37521870829926,0.625,0.861413043478261,0.625,0.869565217391304,0.375,0.130434782608696,4.79166666666667,0.43125
"457",0.870967741935484,0.308498988431595,0.777777777777778,0.921195652173913,0.875,0.869565217391304,0.125,0.130434782608696,6.70833333333333,0.14375
"458",0.741935483870968,0.423530496755611,0.5,0.818181818181818,0.444444444444444,0.863636363636364,0.555555555555556,0.136363636363636,3.25925925925926,0.64327485380117
"459",0.709677419354839,0.401430414092608,0.526315789473684,0.828282828282828,0.555555555555556,0.772727272727273,0.444444444444444,0.227272727272727,2.44444444444444,0.57516339869281
"460",0.870967741935484,0.303445737037484,0.8,0.926767676767677,0.888888888888889,0.863636363636364,0.111111111111111,0.136363636363636,6.51851851851852,0.128654970760234
"461",0.709677419354839,0.47918349309405,0.307692307692308,0.813131313131313,0.222222222222222,0.909090909090909,0.777777777777778,0.0909090909090909,2.44444444444444,0.855555555555556
"462",0.903225806451613,0.293076433410684,0.869565217391304,0.954545454545455,0.909090909090909,0.9,0.0909090909090909,0.1,9.09090909090909,0.101010101010101
"463",0.935483870967742,0.275983964016938,0.875,0.902173913043478,0.875,0.956521739130435,0.125,0.0434782608695652,20.125,0.130681818181818
"464",0.806451612903226,0.398812502209982,0.625,0.813131313131313,0.555555555555556,0.909090909090909,0.444444444444444,0.0909090909090909,6.11111111111111,0.488888888888889
"465",0.774193548387097,0.358309805443048,0.533333333333333,0.866666666666667,0.666666666666667,0.8,0.333333333333333,0.2,3.33333333333333,0.416666666666667
"466",0.838709677419355,0.353235759628814,0.666666666666667,0.880434782608696,0.625,0.91304347826087,0.375,0.0869565217391305,7.1875,0.410714285714286
"467",0.774193548387097,0.377607817380535,0.695652173913043,0.895454545454545,0.727272727272727,0.8,0.272727272727273,0.2,3.63636363636364,0.340909090909091
"468",0.806451612903226,0.349896124145401,0.625,0.866666666666667,0.833333333333333,0.8,0.166666666666667,0.2,4.16666666666667,0.208333333333333
"469",0.870967741935484,0.308144743342158,0.777777777777778,0.934782608695652,0.875,0.869565217391304,0.125,0.130434782608696,6.70833333333333,0.14375
"470",0.870967741935484,0.311348471388408,0.75,0.842391304347826,0.75,0.91304347826087,0.25,0.0869565217391305,8.62499999999999,0.273809523809524
"471",0.838709677419355,0.36785773885136,0.705882352941177,0.873737373737374,0.666666666666667,0.909090909090909,0.333333333333333,0.0909090909090909,7.33333333333333,0.366666666666667
"472",0.870967741935484,0.330394878209452,0.8,0.828571428571429,0.8,0.904761904761905,0.2,0.0952380952380952,8.4,0.221052631578947
"473",0.870967741935484,0.347425512446706,0.75,0.907608695652174,0.75,0.91304347826087,0.25,0.0869565217391305,8.62499999999999,0.273809523809524
"474",0.741935483870968,0.35281063609944,0.636363636363636,0.897727272727273,0.636363636363636,0.8,0.363636363636364,0.2,3.18181818181818,0.454545454545455
"475",0.935483870967742,0.279378925009641,0.857142857142857,0.982142857142857,0.857142857142857,0.958333333333333,0.142857142857143,0.0416666666666666,20.5714285714286,0.149068322981366
"476",0.870967741935484,0.340032777044802,0.666666666666667,0.78,0.666666666666667,0.92,0.333333333333333,0.08,8.33333333333334,0.36231884057971
"477",0.870967741935484,0.348980742191464,0.818181818181818,0.920454545454545,0.818181818181818,0.9,0.181818181818182,0.1,8.18181818181818,0.202020202020202
"478",0.645161290322581,0.457265341412253,0.521739130434783,0.785087719298246,0.5,0.736842105263158,0.5,0.263157894736842,1.9,0.678571428571429
"479",0.838709677419355,0.344477373528334,0.761904761904762,0.909090909090909,0.888888888888889,0.818181818181818,0.111111111111111,0.181818181818182,4.88888888888889,0.135802469135803
"480",0.806451612903226,0.356105498672762,0.7,0.856060606060606,0.777777777777778,0.818181818181818,0.222222222222222,0.181818181818182,4.27777777777778,0.271604938271605
"481",0.838709677419355,0.350379273486463,0.761904761904762,0.929292929292929,0.888888888888889,0.818181818181818,0.111111111111111,0.181818181818182,4.88888888888889,0.135802469135803
"482",0.870967741935484,0.3567104183092,0.8,0.863636363636364,0.888888888888889,0.863636363636364,0.111111111111111,0.136363636363636,6.51851851851852,0.128654970760234
"483",0.774193548387097,0.363469244058099,0.461538461538462,0.907608695652174,0.375,0.91304347826087,0.625,0.0869565217391305,4.3125,0.68452380952381
"484",0.774193548387097,0.398966143899366,0.533333333333333,0.803030303030303,0.444444444444444,0.909090909090909,0.555555555555556,0.0909090909090909,4.88888888888889,0.611111111111111
"485",0.870967741935484,0.300728970244742,0.8,0.893939393939394,0.888888888888889,0.863636363636364,0.111111111111111,0.136363636363636,6.51851851851852,0.128654970760234
"486",0.838709677419355,0.3067115614832,0.666666666666667,0.910714285714286,0.714285714285714,0.875,0.285714285714286,0.125,5.71428571428571,0.326530612244898
"487",0.774193548387097,0.39279517037752,0.588235294117647,0.863095238095238,0.714285714285714,0.791666666666667,0.285714285714286,0.208333333333333,3.42857142857143,0.360902255639098
"488",0.774193548387097,0.38746624411577,0.666666666666667,0.814285714285714,0.7,0.80952380952381,0.3,0.19047619047619,3.675,0.370588235294118
"489",0.741935483870968,0.338971178056697,0.6,0.928571428571429,0.857142857142857,0.708333333333333,0.142857142857143,0.291666666666667,2.93877551020408,0.201680672268908
"490",0.806451612903226,0.349588261883854,0.7,0.920454545454545,0.636363636363636,0.9,0.363636363636364,0.1,6.36363636363637,0.404040404040404
"491",0.838709677419355,0.340017255819196,0.705882352941177,0.895833333333333,0.857142857142857,0.833333333333333,0.142857142857143,0.166666666666667,5.14285714285714,0.171428571428571
"492",0.806451612903226,0.385406246372628,0.625,0.825757575757576,0.555555555555556,0.909090909090909,0.444444444444444,0.0909090909090909,6.11111111111111,0.488888888888889
"493",0.741935483870968,0.375626658214224,0.555555555555556,0.873809523809524,0.5,0.857142857142857,0.5,0.142857142857143,3.5,0.583333333333333
"494",0.774193548387097,0.362158942168553,0.461538461538462,0.828804347826087,0.375,0.91304347826087,0.625,0.0869565217391305,4.3125,0.68452380952381
"495",0.838709677419355,0.325719640469461,0.736842105263158,0.94047619047619,0.7,0.904761904761905,0.3,0.0952380952380952,7.35,0.331578947368421
"496",0.870967741935484,0.31146430950632,0.777777777777778,0.941919191919192,0.777777777777778,0.909090909090909,0.222222222222222,0.0909090909090909,8.55555555555555,0.244444444444444
"497",0.774193548387097,0.397594891278338,0.631578947368421,0.840909090909091,0.666666666666667,0.818181818181818,0.333333333333333,0.181818181818182,3.66666666666667,0.407407407407407
"498",0.870967741935484,0.27894546464774,0.75,0.986666666666667,1,0.84,0,0.16,6.25,0
"499",0.741935483870968,0.397810185067,0.555555555555556,0.830952380952381,0.5,0.857142857142857,0.5,0.142857142857143,3.5,0.583333333333333
"500",0.870967741935484,0.369079352648314,0.818181818181818,0.87719298245614,0.75,0.947368421052632,0.25,0.0526315789473685,14.25,0.263888888888889
"501",0.903225806451613,0.293675523539862,0.823529411764706,0.942857142857143,0.7,1,0.3,0,Inf,0.3
"502",0.806451612903226,0.378771525226316,0.727272727272727,0.830952380952381,0.8,0.80952380952381,0.2,0.19047619047619,4.2,0.247058823529412
"503",0.774193548387097,0.395872672499989,0.631578947368421,0.823809523809524,0.6,0.857142857142857,0.4,0.142857142857143,4.2,0.466666666666667
"504",0.806451612903226,0.323576724658475,0.571428571428571,0.873333333333333,0.666666666666667,0.84,0.333333333333333,0.16,4.16666666666667,0.396825396825397
"505",0.774193548387097,0.403057036839856,0.631578947368421,0.923245614035088,0.5,0.947368421052632,0.5,0.0526315789473685,9.49999999999999,0.527777777777778
"506",0.709677419354839,0.456150544772318,0.608695652173913,0.765350877192982,0.583333333333333,0.789473684210526,0.416666666666667,0.210526315789474,2.77083333333333,0.527777777777778
"507",0.774193548387097,0.379782592409574,0.666666666666667,0.861904761904762,0.7,0.80952380952381,0.3,0.19047619047619,3.675,0.370588235294118
"508",0.903225806451613,0.33529136888035,0.823529411764706,0.918478260869565,0.875,0.91304347826087,0.125,0.0869565217391305,10.0625,0.136904761904762
"509",0.806451612903226,0.337475883569735,0.7,0.880434782608696,0.875,0.782608695652174,0.125,0.217391304347826,4.025,0.159722222222222
"510",0.806451612903226,0.31422858751166,0.666666666666667,0.898809523809524,0.857142857142857,0.791666666666667,0.142857142857143,0.208333333333333,4.11428571428571,0.180451127819549
"511",0.903225806451613,0.344740815136694,0.823529411764706,0.966666666666667,0.7,1,0.3,0,Inf,0.3
"512",0.709677419354839,0.418641517987312,0.689655172413793,0.839912280701754,0.833333333333333,0.631578947368421,0.166666666666667,0.368421052631579,2.26190476190476,0.263888888888889
"513",0.903225806451613,0.278289694222685,0.8,0.970238095238095,0.857142857142857,0.916666666666667,0.142857142857143,0.0833333333333334,10.2857142857143,0.155844155844156
"514",0.806451612903226,0.35493902576899,0.75,0.85,0.818181818181818,0.8,0.181818181818182,0.2,4.09090909090909,0.227272727272727
"515",0.870967741935484,0.286987201136608,0.75,0.946428571428571,0.857142857142857,0.875,0.142857142857143,0.125,6.85714285714286,0.163265306122449
"516",0.806451612903226,0.393535264016798,0.727272727272727,0.890350877192982,0.666666666666667,0.894736842105263,0.333333333333333,0.105263157894737,6.33333333333333,0.372549019607843
"517",0.903225806451613,0.310031748275522,0.842105263157895,0.954545454545455,0.888888888888889,0.909090909090909,0.111111111111111,0.0909090909090909,9.77777777777777,0.122222222222222
"518",0.870967741935484,0.292409377142602,0.75,0.93452380952381,0.857142857142857,0.875,0.142857142857143,0.125,6.85714285714286,0.163265306122449
"519",0.774193548387097,0.406639949657156,0.631578947368421,0.868421052631579,0.5,0.947368421052632,0.5,0.0526315789473685,9.49999999999999,0.527777777777778
"520",0.838709677419355,0.339578379651974,0.705882352941177,0.858585858585859,0.666666666666667,0.909090909090909,0.333333333333333,0.0909090909090909,7.33333333333333,0.366666666666667
"521",0.870967741935484,0.339908269636972,0.8,0.973684210526316,0.666666666666667,1,0.333333333333333,0,Inf,0.333333333333333
"522",0.806451612903226,0.361902771279157,0.571428571428571,0.902173913043478,0.5,0.91304347826087,0.5,0.0869565217391305,5.75,0.547619047619048
"523",0.838709677419355,0.344889188960209,0.615384615384615,0.893333333333333,0.666666666666667,0.88,0.333333333333333,0.12,5.55555555555556,0.378787878787879
"524",0.741935483870968,0.479127085023549,0.666666666666667,0.790598290598291,0.615384615384615,0.833333333333333,0.384615384615385,0.166666666666667,3.69230769230769,0.461538461538461
"525",0.935483870967742,0.283099335709945,0.9,0.97979797979798,1,0.909090909090909,0,0.0909090909090909,11,0
"526",0.67741935483871,0.500665209352166,0.375,0.695238095238095,0.3,0.857142857142857,0.7,0.142857142857143,2.1,0.816666666666667
"527",0.774193548387097,0.393076442061314,0.666666666666667,0.881818181818182,0.636363636363636,0.85,0.363636363636364,0.15,4.24242424242424,0.427807486631016
"528",0.870967741935484,0.2960136761166,0.777777777777778,0.945652173913043,0.875,0.869565217391304,0.125,0.130434782608696,6.70833333333333,0.14375
"529",0.838709677419355,0.330396451973469,0.666666666666667,0.886904761904762,0.714285714285714,0.875,0.285714285714286,0.125,5.71428571428571,0.326530612244898
"530",0.709677419354839,0.393650598827049,0.571428571428571,0.828282828282828,0.666666666666667,0.727272727272727,0.333333333333333,0.272727272727273,2.44444444444444,0.458333333333333
"531",0.903225806451613,0.282580823492296,0.823529411764706,0.891414141414141,0.777777777777778,0.954545454545455,0.222222222222222,0.0454545454545454,17.1111111111111,0.232804232804233
"532",0.870967741935484,0.318997779425912,0.777777777777778,0.946428571428571,1,0.833333333333333,0,0.166666666666667,6,0
"533",0.774193548387097,0.379007331664994,0.631578947368421,0.848484848484849,0.666666666666667,0.818181818181818,0.333333333333333,0.181818181818182,3.66666666666667,0.407407407407407
"534",0.806451612903226,0.388992697698655,0.769230769230769,0.916666666666667,0.666666666666667,0.9375,0.333333333333333,0.0625,10.6666666666667,0.355555555555556
"535",0.806451612903226,0.372251086468171,0.666666666666667,0.843434343434343,0.666666666666667,0.863636363636364,0.333333333333333,0.136363636363636,4.88888888888889,0.385964912280702
"536",0.838709677419355,0.390723144822797,0.705882352941177,0.925,0.545454545454545,1,0.454545454545455,0,Inf,0.454545454545455
"537",0.870967741935484,0.326922079080344,0.75,0.936868686868687,0.666666666666667,0.954545454545455,0.333333333333333,0.0454545454545454,14.6666666666667,0.349206349206349
"538",0.806451612903226,0.353805355086983,0.727272727272727,0.893181818181818,0.727272727272727,0.85,0.272727272727273,0.15,4.84848484848485,0.320855614973262
"539",0.612903225806452,0.49304195112439,0.4,0.707142857142857,0.4,0.714285714285714,0.6,0.285714285714286,1.4,0.84
"540",0.870967741935484,0.289447582404657,0.833333333333333,0.963636363636364,0.909090909090909,0.85,0.0909090909090909,0.15,6.06060606060606,0.106951871657754
"541",0.806451612903226,0.373942710877763,0.7,0.890909090909091,0.636363636363636,0.9,0.363636363636364,0.1,6.36363636363637,0.404040404040404
"542",0.903225806451613,0.266473410409691,0.8,0.952380952380952,0.857142857142857,0.916666666666667,0.142857142857143,0.0833333333333334,10.2857142857143,0.155844155844156
"543",0.870967741935484,0.321634102624207,0.8,0.942857142857143,0.8,0.904761904761905,0.2,0.0952380952380952,8.4,0.221052631578947
"544",0.774193548387097,0.361607360413065,0.533333333333333,0.824404761904762,0.571428571428571,0.833333333333333,0.428571428571429,0.166666666666667,3.42857142857143,0.514285714285714
"545",0.806451612903226,0.379073235630454,0.7,0.815656565656566,0.777777777777778,0.818181818181818,0.222222222222222,0.181818181818182,4.27777777777778,0.271604938271605
"546",0.741935483870968,0.423845671387051,0.6,0.826190476190476,0.6,0.80952380952381,0.4,0.19047619047619,3.15,0.494117647058824
"547",0.741935483870968,0.434376287822767,0.6,0.854545454545454,0.545454545454545,0.85,0.454545454545455,0.15,3.63636363636364,0.53475935828877
"548",0.838709677419355,0.326614058022381,0.736842105263158,0.909090909090909,0.777777777777778,0.863636363636364,0.222222222222222,0.136363636363636,5.7037037037037,0.257309941520468
"549",0.838709677419355,0.333371772505751,0.705882352941177,0.94047619047619,0.857142857142857,0.833333333333333,0.142857142857143,0.166666666666667,5.14285714285714,0.171428571428571
"550",0.806451612903226,0.348774703335047,0.625,0.77445652173913,0.625,0.869565217391304,0.375,0.130434782608696,4.79166666666667,0.43125
"551",0.741935483870968,0.395317108580814,0.5,0.808080808080808,0.444444444444444,0.863636363636364,0.555555555555556,0.136363636363636,3.25925925925926,0.64327485380117
"552",0.870967741935484,0.324435837755683,0.714285714285714,0.853260869565217,0.625,0.956521739130435,0.375,0.0434782608695652,14.375,0.392045454545455
"553",0.903225806451613,0.275854170401041,0.88,0.975877192982456,0.916666666666667,0.894736842105263,0.0833333333333334,0.105263157894737,8.70833333333333,0.0931372549019608
"554",0.774193548387097,0.375002200118872,0.631578947368421,0.823232323232323,0.666666666666667,0.818181818181818,0.333333333333333,0.181818181818182,3.66666666666667,0.407407407407407
"555",0.903225806451613,0.281951485469185,0.769230769230769,0.96,0.833333333333333,0.92,0.166666666666667,0.08,10.4166666666667,0.181159420289855
"556",0.870967741935484,0.32643621260072,0.714285714285714,0.910714285714286,0.714285714285714,0.916666666666667,0.285714285714286,0.0833333333333334,8.57142857142857,0.311688311688312
"557",0.774193548387097,0.364287753741394,0.588235294117647,0.916666666666667,0.5,0.904761904761905,0.5,0.0952380952380952,5.25,0.552631578947368
"558",0.806451612903226,0.40375831878622,0.571428571428571,0.816666666666667,0.4,1,0.6,0,Inf,0.6
"559",0.806451612903226,0.38692252458162,0.7,0.843181818181818,0.636363636363636,0.9,0.363636363636364,0.1,6.36363636363637,0.404040404040404
"560",0.903225806451613,0.253043410057698,0.8,0.970238095238095,0.857142857142857,0.916666666666667,0.142857142857143,0.0833333333333334,10.2857142857143,0.155844155844156
"561",0.870967741935484,0.315154500851505,0.75,0.95959595959596,0.666666666666667,0.954545454545455,0.333333333333333,0.0454545454545454,14.6666666666667,0.349206349206349
"562",0.774193548387097,0.407878443056626,0.631578947368421,0.856818181818182,0.545454545454545,0.9,0.454545454545455,0.1,5.45454545454546,0.505050505050505
"563",0.806451612903226,0.407544588725246,0.75,0.854545454545454,0.818181818181818,0.8,0.181818181818182,0.2,4.09090909090909,0.227272727272727
"564",0.774193548387097,0.416921280494901,0.588235294117647,0.793478260869565,0.625,0.826086956521739,0.375,0.173913043478261,3.59375,0.453947368421053
"565",0.806451612903226,0.405120198368168,0.7,0.875,0.583333333333333,0.947368421052632,0.416666666666667,0.0526315789473685,11.0833333333333,0.439814814814815
"566",0.774193548387097,0.363299716713199,0.631578947368421,0.843434343434343,0.666666666666667,0.818181818181818,0.333333333333333,0.181818181818182,3.66666666666667,0.407407407407407
"567",0.838709677419355,0.378124436622357,0.782608695652174,0.912280701754386,0.75,0.894736842105263,0.25,0.105263157894737,7.125,0.279411764705882
"568",0.774193548387097,0.369890700189728,0.631578947368421,0.864130434782609,0.75,0.782608695652174,0.25,0.217391304347826,3.45,0.319444444444444
"569",0.774193548387097,0.376732784281118,0.533333333333333,0.842391304347826,0.5,0.869565217391304,0.5,0.130434782608696,3.83333333333333,0.575
"570",0.838709677419355,0.361342247249643,0.736842105263158,0.921052631578947,0.583333333333333,1,0.416666666666667,0,Inf,0.416666666666667
"571",0.838709677419355,0.340421591787431,0.666666666666667,0.898809523809524,0.714285714285714,0.875,0.285714285714286,0.125,5.71428571428571,0.326530612244898
"572",0.741935483870968,0.391025692981487,0.428571428571429,0.782738095238095,0.428571428571429,0.833333333333333,0.571428571428571,0.166666666666667,2.57142857142857,0.685714285714286
"573",0.838709677419355,0.352265023118372,0.705882352941177,0.873737373737374,0.666666666666667,0.909090909090909,0.333333333333333,0.0909090909090909,7.33333333333333,0.366666666666667
"574",0.903225806451613,0.312793731986651,0.823529411764706,0.910326086956522,0.875,0.91304347826087,0.125,0.0869565217391305,10.0625,0.136904761904762
"575",0.870967741935484,0.332567595104009,0.777777777777778,0.886363636363636,0.777777777777778,0.909090909090909,0.222222222222222,0.0909090909090909,8.55555555555555,0.244444444444444
"576",0.870967741935484,0.297399115163968,0.714285714285714,0.946666666666667,0.833333333333333,0.88,0.166666666666667,0.12,6.94444444444444,0.189393939393939
"577",0.774193548387097,0.409504849095831,0.666666666666667,0.816239316239316,0.538461538461538,0.944444444444444,0.461538461538462,0.0555555555555556,9.69230769230769,0.48868778280543
"578",0.838709677419355,0.340322387187904,0.666666666666667,0.87797619047619,0.714285714285714,0.875,0.285714285714286,0.125,5.71428571428571,0.326530612244898
"579",0.741935483870968,0.451540435750922,0.666666666666667,0.758771929824561,0.666666666666667,0.789473684210526,0.333333333333333,0.210526315789474,3.16666666666667,0.422222222222222
"580",0.838709677419355,0.360886915490535,0.782608695652174,0.897619047619048,0.9,0.80952380952381,0.1,0.19047619047619,4.725,0.123529411764706
"581",0.903225806451613,0.337389999961776,0.8,0.918478260869565,0.75,0.956521739130435,0.25,0.0434782608695652,17.25,0.261363636363636
"582",0.741935483870968,0.418269258350154,0.666666666666667,0.846491228070175,0.666666666666667,0.789473684210526,0.333333333333333,0.210526315789474,3.16666666666667,0.422222222222222
"583",0.838709677419355,0.324073589192052,0.705882352941177,0.855978260869565,0.75,0.869565217391304,0.25,0.130434782608696,5.75,0.2875
"584",0.806451612903226,0.334090101303403,0.727272727272727,0.921717171717172,0.888888888888889,0.772727272727273,0.111111111111111,0.227272727272727,3.91111111111111,0.143790849673203
"585",0.774193548387097,0.396121966552505,0.695652173913043,0.867521367521368,0.615384615384615,0.888888888888889,0.384615384615385,0.111111111111111,5.53846153846154,0.432692307692308
"586",0.838709677419355,0.305697918021978,0.615384615384615,0.92,0.666666666666667,0.88,0.333333333333333,0.12,5.55555555555556,0.378787878787879
"587",0.870967741935484,0.320060149827231,0.75,0.94047619047619,0.857142857142857,0.875,0.142857142857143,0.125,6.85714285714286,0.163265306122449
"588",0.774193548387097,0.39454425995996,0.588235294117647,0.878571428571429,0.5,0.904761904761905,0.5,0.0952380952380952,5.25,0.552631578947368
"589",0.838709677419355,0.366996774617079,0.782608695652174,0.885964912280702,0.75,0.894736842105263,0.25,0.105263157894737,7.125,0.279411764705882
"590",0.774193548387097,0.370113388886292,0.533333333333333,0.857142857142857,0.571428571428571,0.833333333333333,0.428571428571429,0.166666666666667,3.42857142857143,0.514285714285714
"591",0.838709677419355,0.381656569372526,0.736842105263158,0.848484848484849,0.777777777777778,0.863636363636364,0.222222222222222,0.136363636363636,5.7037037037037,0.257309941520468
"592",0.838709677419355,0.26803995138257,0.705882352941177,0.964285714285714,0.857142857142857,0.833333333333333,0.142857142857143,0.166666666666667,5.14285714285714,0.171428571428571
"593",0.774193548387097,0.415818319903909,0.631578947368421,0.888636363636364,0.545454545454545,0.9,0.454545454545455,0.1,5.45454545454546,0.505050505050505
"594",0.709677419354839,0.381415234026069,0.571428571428571,0.828804347826087,0.75,0.695652173913043,0.25,0.304347826086957,2.46428571428571,0.359375
"595",0.838709677419355,0.393969619008229,0.705882352941177,0.821428571428571,0.6,0.952380952380952,0.4,0.0476190476190477,12.6,0.42
"596",0.741935483870968,0.407182475960948,0.666666666666667,0.863636363636364,0.888888888888889,0.681818181818182,0.111111111111111,0.318181818181818,2.79365079365079,0.162962962962963
"597",0.67741935483871,0.460078918664294,0.444444444444444,0.778571428571429,0.4,0.80952380952381,0.6,0.19047619047619,2.1,0.741176470588235
"598",0.806451612903226,0.371410641005469,0.666666666666667,0.845238095238095,0.6,0.904761904761905,0.4,0.0952380952380952,6.3,0.442105263157895
"599",0.806451612903226,0.356178564092166,0.625,0.878787878787879,0.555555555555556,0.909090909090909,0.444444444444444,0.0909090909090909,6.11111111111111,0.488888888888889
"600",0.741935483870968,0.411049970818536,0.555555555555556,0.806818181818182,0.454545454545455,0.9,0.545454545454545,0.1,4.54545454545455,0.606060606060606
"601",0.935483870967742,0.277865696713425,0.9,0.984848484848485,1,0.909090909090909,0,0.0909090909090909,11,0
"602",0.903225806451613,0.280691163762061,0.823529411764706,0.96969696969697,0.777777777777778,0.954545454545455,0.222222222222222,0.0454545454545454,17.1111111111111,0.232804232804233
"603",0.870967741935484,0.349628166253624,0.8,0.978070175438596,0.666666666666667,1,0.333333333333333,0,Inf,0.333333333333333
"604",0.709677419354839,0.43828948243418,0.470588235294118,0.844298245614035,0.333333333333333,0.947368421052632,0.666666666666667,0.0526315789473685,6.33333333333333,0.703703703703704
"605",0.870967741935484,0.37478534752685,0.777777777777778,0.880952380952381,0.7,0.952380952380952,0.3,0.0476190476190477,14.7,0.315
"606",0.774193548387097,0.38787908015785,0.588235294117647,0.843434343434343,0.555555555555556,0.863636363636364,0.444444444444444,0.136363636363636,4.07407407407407,0.514619883040936
"607",0.806451612903226,0.374473387207525,0.625,0.828282828282828,0.555555555555556,0.909090909090909,0.444444444444444,0.0909090909090909,6.11111111111111,0.488888888888889
"608",0.774193548387097,0.378274375190378,0.695652173913043,0.87280701754386,0.666666666666667,0.842105263157895,0.333333333333333,0.157894736842105,4.22222222222222,0.395833333333333
"609",0.774193548387097,0.333662778161683,0.588235294117647,0.866071428571429,0.714285714285714,0.791666666666667,0.285714285714286,0.208333333333333,3.42857142857143,0.360902255639098
"610",0.806451612903226,0.370955978240697,0.625,0.77020202020202,0.555555555555556,0.909090909090909,0.444444444444444,0.0909090909090909,6.11111111111111,0.488888888888889
"611",0.774193548387097,0.425007169196278,0.631578947368421,0.838383838383838,0.666666666666667,0.818181818181818,0.333333333333333,0.181818181818182,3.66666666666667,0.407407407407407
"612",0.774193548387097,0.382840610950725,0.666666666666667,0.886363636363636,0.636363636363636,0.85,0.363636363636364,0.15,4.24242424242424,0.427807486631016
"613",0.806451612903226,0.402874482155492,0.75,0.909663865546218,0.642857142857143,0.941176470588235,0.357142857142857,0.0588235294117647,10.9285714285714,0.379464285714286
"614",0.741935483870968,0.366949660258796,0.6,0.866847826086957,0.75,0.739130434782609,0.25,0.260869565217391,2.875,0.338235294117647
"615",0.870967741935484,0.325432274836151,0.75,0.907608695652174,0.75,0.91304347826087,0.25,0.0869565217391305,8.62499999999999,0.273809523809524
"616",0.870967741935484,0.350857487066744,0.833333333333333,0.936974789915966,0.714285714285714,1,0.285714285714286,0,Inf,0.285714285714286
"617",0.935483870967742,0.28687424501446,0.9,0.961904761904762,0.9,0.952380952380952,0.1,0.0476190476190477,18.9,0.105
"618",0.935483870967742,0.319249975824541,0.9,0.959090909090909,0.818181818181818,1,0.181818181818182,0,Inf,0.181818181818182
"619",0.806451612903226,0.383377025278128,0.785714285714286,0.894736842105263,0.916666666666667,0.736842105263158,0.0833333333333334,0.263157894736842,3.48333333333333,0.113095238095238
"620",0.709677419354839,0.420100522698505,0.4,0.871428571428571,0.3,0.904761904761905,0.7,0.0952380952380952,3.15,0.773684210526316
"621",0.774193548387097,0.362993220626865,0.72,0.904545454545455,0.818181818181818,0.75,0.181818181818182,0.25,3.27272727272727,0.242424242424242
"622",0.774193548387097,0.36867700621393,0.631578947368421,0.802380952380952,0.6,0.857142857142857,0.4,0.142857142857143,4.2,0.466666666666667
"623",0.741935483870968,0.398327204662825,0.5,0.838383838383838,0.444444444444444,0.863636363636364,0.555555555555556,0.136363636363636,3.25925925925926,0.64327485380117
"624",0.870967741935484,0.290348932187405,0.666666666666667,0.9,0.8,0.884615384615385,0.2,0.115384615384615,6.93333333333333,0.226086956521739
"625",0.806451612903226,0.388086052094547,0.7,0.852380952380952,0.7,0.857142857142857,0.3,0.142857142857143,4.9,0.35
"626",0.709677419354839,0.462584653942508,0.608695652173913,0.821428571428571,0.5,0.882352941176471,0.5,0.117647058823529,4.25,0.566666666666667
"627",0.838709677419355,0.352179905259267,0.705882352941177,0.935714285714286,0.6,0.952380952380952,0.4,0.0476190476190477,12.6,0.42
"628",0.774193548387097,0.424473366071067,0.461538461538462,0.741847826086957,0.375,0.91304347826087,0.625,0.0869565217391305,4.3125,0.68452380952381
"629",0.870967741935484,0.338560540262306,0.6,0.928571428571429,1,0.857142857142857,0,0.142857142857143,7,0
"630",0.741935483870968,0.426987618412812,0.555555555555556,0.838383838383838,0.555555555555556,0.818181818181818,0.444444444444444,0.181818181818182,3.05555555555556,0.54320987654321
"631",0.709677419354839,0.386572047110544,0.571428571428571,0.833333333333333,0.857142857142857,0.666666666666667,0.142857142857143,0.333333333333333,2.57142857142857,0.214285714285714
"632",0.774193548387097,0.445456481923774,0.72,0.820175438596491,0.75,0.789473684210526,0.25,0.210526315789474,3.5625,0.316666666666667
"633",0.741935483870968,0.420059804363863,0.6,0.826190476190476,0.6,0.80952380952381,0.4,0.19047619047619,3.15,0.494117647058824
"634",0.903225806451613,0.310342419615005,0.8,0.95959595959596,0.666666666666667,1,0.333333333333333,0,Inf,0.333333333333333
"635",0.806451612903226,0.327160587249198,0.727272727272727,0.923809523809524,0.8,0.80952380952381,0.2,0.19047619047619,4.2,0.247058823529412
"636",0.774193548387097,0.424545210464148,0.666666666666667,0.903846153846154,0.538461538461538,0.944444444444444,0.461538461538462,0.0555555555555556,9.69230769230769,0.48868778280543
"637",0.806451612903226,0.351960379303204,0.625,0.843434343434343,0.555555555555556,0.909090909090909,0.444444444444444,0.0909090909090909,6.11111111111111,0.488888888888889
"638",0.903225806451613,0.297236771091508,0.842105263157895,0.944444444444444,0.888888888888889,0.909090909090909,0.111111111111111,0.0909090909090909,9.77777777777777,0.122222222222222
"639",0.838709677419355,0.348133207433317,0.736842105263158,0.886363636363636,0.777777777777778,0.863636363636364,0.222222222222222,0.136363636363636,5.7037037037037,0.257309941520468
"640",0.806451612903226,0.37810034702345,0.7,0.922619047619048,1,0.75,0,0.25,4,0
"641",0.774193548387097,0.328300273218441,0.533333333333333,0.813333333333333,0.666666666666667,0.8,0.333333333333333,0.2,3.33333333333333,0.416666666666667
"642",0.870967741935484,0.306967401182745,0.714285714285714,0.907738095238095,0.714285714285714,0.916666666666667,0.285714285714286,0.0833333333333334,8.57142857142857,0.311688311688312
"643",0.870967741935484,0.314815828810738,0.777777777777778,0.911616161616162,0.777777777777778,0.909090909090909,0.222222222222222,0.0909090909090909,8.55555555555555,0.244444444444444
"644",0.741935483870968,0.434265800880608,0.5,0.861363636363636,0.363636363636364,0.95,0.636363636363636,0.05,7.27272727272727,0.669856459330144
"645",0.838709677419355,0.322545735026437,0.736842105263158,0.928571428571429,1,0.791666666666667,0,0.208333333333333,4.8,0
"646",0.935483870967742,0.284259309395519,0.875,0.948369565217391,0.875,0.956521739130435,0.125,0.0434782608695652,20.125,0.130681818181818
"647",0.806451612903226,0.324519523984371,0.727272727272727,0.919047619047619,0.8,0.80952380952381,0.2,0.19047619047619,4.2,0.247058823529412
"648",0.838709677419355,0.304349923692039,0.666666666666667,0.906666666666667,0.833333333333333,0.84,0.166666666666667,0.16,5.20833333333333,0.198412698412698
"649",0.806451612903226,0.358719659781944,0.666666666666667,0.843434343434343,0.666666666666667,0.863636363636364,0.333333333333333,0.136363636363636,4.88888888888889,0.385964912280702
"650",0.870967741935484,0.343811401794459,0.8,0.929545454545455,0.727272727272727,0.95,0.272727272727273,0.05,14.5454545454545,0.287081339712919
"651",0.870967741935484,0.319165055491391,0.818181818181818,0.954545454545455,0.818181818181818,0.9,0.181818181818182,0.1,8.18181818181818,0.202020202020202
"652",0.67741935483871,0.453444357685851,0.285714285714286,0.804347826086957,0.25,0.826086956521739,0.75,0.173913043478261,1.4375,0.907894736842105
"653",0.838709677419355,0.351400784137552,0.736842105263158,0.921717171717172,0.777777777777778,0.863636363636364,0.222222222222222,0.136363636363636,5.7037037037037,0.257309941520468
"654",0.741935483870968,0.375156817491034,0.6,0.869047619047619,0.6,0.80952380952381,0.4,0.19047619047619,3.15,0.494117647058824
"655",0.806451612903226,0.342092594519879,0.7,0.91304347826087,0.875,0.782608695652174,0.125,0.217391304347826,4.025,0.159722222222222
"656",0.838709677419355,0.344495190894831,0.615384615384615,0.833333333333333,0.571428571428571,0.916666666666667,0.428571428571429,0.0833333333333334,6.85714285714285,0.467532467532468
"657",0.645161290322581,0.464563703446998,0.521739130434783,0.721428571428571,0.6,0.666666666666667,0.4,0.333333333333333,1.8,0.6
"658",0.838709677419355,0.373021812316559,0.761904761904762,0.885964912280702,0.666666666666667,0.947368421052632,0.333333333333333,0.0526315789473685,12.6666666666667,0.351851851851852
"659",0.774193548387097,0.366468685575516,0.695652173913043,0.904761904761905,0.8,0.761904761904762,0.2,0.238095238095238,3.36,0.2625
"660",0.709677419354839,0.426158640660118,0.64,0.845454545454545,0.727272727272727,0.7,0.272727272727273,0.3,2.42424242424242,0.38961038961039
"661",0.774193548387097,0.399646625334237,0.666666666666667,0.828571428571429,0.7,0.80952380952381,0.3,0.19047619047619,3.675,0.370588235294118
"662",0.774193548387097,0.356678557680029,0.666666666666667,0.838095238095238,0.7,0.80952380952381,0.3,0.19047619047619,3.675,0.370588235294118
"663",0.774193548387097,0.384465064176213,0.666666666666667,0.877717391304348,0.875,0.739130434782609,0.125,0.260869565217391,3.35416666666667,0.169117647058824
"664",0.870967741935484,0.320584763941841,0.75,0.858695652173913,0.75,0.91304347826087,0.25,0.0869565217391305,8.62499999999999,0.273809523809524
"665",0.741935483870968,0.338938852806747,0.555555555555556,0.910714285714286,0.714285714285714,0.75,0.285714285714286,0.25,2.85714285714286,0.380952380952381
"666",0.903225806451613,0.300716923799422,0.823529411764706,0.863636363636364,0.777777777777778,0.954545454545455,0.222222222222222,0.0454545454545454,17.1111111111111,0.232804232804233
"667",0.67741935483871,0.444439631185808,0.5,0.757575757575758,0.555555555555556,0.727272727272727,0.444444444444444,0.272727272727273,2.03703703703704,0.611111111111111
"668",0.741935483870968,0.406614280577617,0.428571428571429,0.753333333333333,0.5,0.8,0.5,0.2,2.5,0.625
"669",0.741935483870968,0.413011338178093,0.555555555555556,0.79040404040404,0.555555555555556,0.818181818181818,0.444444444444444,0.181818181818182,3.05555555555556,0.54320987654321
"670",0.806451612903226,0.374079316252473,0.666666666666667,0.830357142857143,0.857142857142857,0.791666666666667,0.142857142857143,0.208333333333333,4.11428571428571,0.180451127819549
"671",0.838709677419355,0.360047152723893,0.761904761904762,0.859523809523809,0.8,0.857142857142857,0.2,0.142857142857143,5.6,0.233333333333333
"672",0.806451612903226,0.405580105619522,0.571428571428571,0.790760869565217,0.5,0.91304347826087,0.5,0.0869565217391305,5.75,0.547619047619048
"673",0.774193548387097,0.408978411051708,0.461538461538462,0.845959595959596,0.333333333333333,0.954545454545455,0.666666666666667,0.0454545454545454,7.33333333333334,0.698412698412698
"674",0.838709677419355,0.316822499512294,0.666666666666667,0.842261904761905,0.714285714285714,0.875,0.285714285714286,0.125,5.71428571428571,0.326530612244898
"675",0.870967741935484,0.349758252475632,0.75,0.828282828282828,0.666666666666667,0.954545454545455,0.333333333333333,0.0454545454545454,14.6666666666667,0.349206349206349
"676",0.741935483870968,0.399432925588754,0.555555555555556,0.816666666666667,0.5,0.857142857142857,0.5,0.142857142857143,3.5,0.583333333333333
"677",0.870967741935484,0.308204136441118,0.75,0.910714285714286,0.857142857142857,0.875,0.142857142857143,0.125,6.85714285714286,0.163265306122449
"678",0.870967741935484,0.318469076860447,0.666666666666667,0.889880952380952,0.571428571428571,0.958333333333333,0.428571428571429,0.0416666666666666,13.7142857142857,0.447204968944099
"679",0.838709677419355,0.301058871847608,0.666666666666667,0.94047619047619,0.714285714285714,0.875,0.285714285714286,0.125,5.71428571428571,0.326530612244898
"680",0.870967741935484,0.336377272625249,0.75,0.888586956521739,0.75,0.91304347826087,0.25,0.0869565217391305,8.62499999999999,0.273809523809524
"681",0.774193548387097,0.402287779414569,0.363636363636364,0.758152173913043,0.25,0.956521739130435,0.75,0.0434782608695652,5.75,0.784090909090909
"682",0.741935483870968,0.361158892728265,0.555555555555556,0.875,0.625,0.782608695652174,0.375,0.217391304347826,2.875,0.479166666666667
"683",0.741935483870968,0.429857890373677,0.555555555555556,0.771739130434783,0.625,0.782608695652174,0.375,0.217391304347826,2.875,0.479166666666667
"684",0.870967741935484,0.345024978625316,0.777777777777778,0.918478260869565,0.875,0.869565217391304,0.125,0.130434782608696,6.70833333333333,0.14375
"685",0.774193548387097,0.378125377054882,0.740740740740741,0.897435897435897,0.769230769230769,0.777777777777778,0.230769230769231,0.222222222222222,3.46153846153846,0.296703296703297
"686",0.903225806451613,0.305328535523671,0.769230769230769,0.919642857142857,0.714285714285714,0.958333333333333,0.285714285714286,0.0416666666666666,17.1428571428572,0.298136645962733
"687",0.741935483870968,0.418173293411231,0.636363636363636,0.852272727272727,0.636363636363636,0.8,0.363636363636364,0.2,3.18181818181818,0.454545454545455
"688",0.838709677419355,0.348296826491283,0.615384615384615,0.793333333333333,0.666666666666667,0.88,0.333333333333333,0.12,5.55555555555556,0.378787878787879
"689",0.903225806451613,0.289908854636586,0.769230769230769,0.967391304347826,0.625,1,0.375,0,Inf,0.375
"690",0.806451612903226,0.349305171410225,0.7,0.90952380952381,0.7,0.857142857142857,0.3,0.142857142857143,4.9,0.35
"691",0.838709677419355,0.364812371843139,0.736842105263158,0.904040404040404,0.777777777777778,0.863636363636364,0.222222222222222,0.136363636363636,5.7037037037037,0.257309941520468
"692",0.838709677419355,0.339553221409972,0.705882352941177,0.929347826086957,0.75,0.869565217391304,0.25,0.130434782608696,5.75,0.2875
"693",0.870967741935484,0.280098221601439,0.8,0.967391304347826,1,0.826086956521739,0,0.173913043478261,5.75,0
"694",0.709677419354839,0.407699394889139,0.571428571428571,0.856060606060606,0.666666666666667,0.727272727272727,0.333333333333333,0.272727272727273,2.44444444444444,0.458333333333333
"695",0.838709677419355,0.306334686855466,0.761904761904762,0.951086956521739,1,0.782608695652174,0,0.217391304347826,4.6,0
"696",0.838709677419355,0.31103683543539,0.761904761904762,0.941919191919192,0.888888888888889,0.818181818181818,0.111111111111111,0.181818181818182,4.88888888888889,0.135802469135803
"697",0.774193548387097,0.3937772283826,0.533333333333333,0.83695652173913,0.5,0.869565217391304,0.5,0.130434782608696,3.83333333333333,0.575
"698",0.741935483870968,0.457667654080883,0.5,0.755434782608696,0.5,0.826086956521739,0.5,0.173913043478261,2.875,0.605263157894737
"699",0.870967741935484,0.343309196154443,0.8,0.905701754385965,0.666666666666667,1,0.333333333333333,0,Inf,0.333333333333333
"700",0.741935483870968,0.455199875160139,0.5,0.734848484848485,0.444444444444444,0.863636363636364,0.555555555555556,0.136363636363636,3.25925925925926,0.64327485380117
"701",0.709677419354839,0.443289615131852,0.608695652173913,0.819327731092437,0.5,0.882352941176471,0.5,0.117647058823529,4.25,0.566666666666667
"702",0.806451612903226,0.335337737499671,0.571428571428571,0.846666666666667,0.666666666666667,0.84,0.333333333333333,0.16,4.16666666666667,0.396825396825397
"703",0.870967741935484,0.352955246424793,0.75,0.873737373737374,0.666666666666667,0.954545454545455,0.333333333333333,0.0454545454545454,14.6666666666667,0.349206349206349
"704",0.838709677419355,0.397510871778101,0.615384615384615,0.761904761904762,0.571428571428571,0.916666666666667,0.428571428571429,0.0833333333333334,6.85714285714285,0.467532467532468
"705",0.838709677419355,0.359613922174305,0.814814814814815,0.890756302521008,0.785714285714286,0.882352941176471,0.214285714285714,0.117647058823529,6.67857142857143,0.242857142857143
"706",0.806451612903226,0.354440517565608,0.7,0.901515151515151,0.777777777777778,0.818181818181818,0.222222222222222,0.181818181818182,4.27777777777778,0.271604938271605
"707",0.806451612903226,0.387711525900719,0.7,0.845454545454545,0.636363636363636,0.9,0.363636363636364,0.1,6.36363636363637,0.404040404040404
"708",0.774193548387097,0.401572381446038,0.72,0.858974358974359,0.692307692307692,0.833333333333333,0.307692307692308,0.166666666666667,4.15384615384616,0.369230769230769
"709",0.806451612903226,0.36632575553505,0.666666666666667,0.883838383838384,0.666666666666667,0.863636363636364,0.333333333333333,0.136363636363636,4.88888888888889,0.385964912280702
"710",0.709677419354839,0.381019631625635,0.526315789473684,0.752717391304348,0.625,0.739130434782609,0.375,0.260869565217391,2.39583333333333,0.507352941176471
"711",0.741935483870968,0.40617013462901,0.636363636363636,0.852380952380952,0.7,0.761904761904762,0.3,0.238095238095238,2.94,0.39375
"712",0.709677419354839,0.412217844742409,0.571428571428571,0.839912280701754,0.5,0.842105263157895,0.5,0.157894736842105,3.16666666666667,0.59375
"713",0.806451612903226,0.31649776867271,0.625,0.953333333333333,0.833333333333333,0.8,0.166666666666667,0.2,4.16666666666667,0.208333333333333
"714",0.838709677419355,0.333848582760797,0.782608695652174,0.934090909090909,0.818181818181818,0.85,0.181818181818182,0.15,5.45454545454545,0.213903743315508
"715",0.838709677419355,0.329118859302541,0.761904761904762,0.911616161616162,0.888888888888889,0.818181818181818,0.111111111111111,0.181818181818182,4.88888888888889,0.135802469135803
"716",0.838709677419355,0.38244766122009,0.705882352941177,0.8,0.6,0.952380952380952,0.4,0.0476190476190477,12.6,0.42
"717",0.806451612903226,0.350228496227655,0.625,0.911616161616162,0.555555555555556,0.909090909090909,0.444444444444444,0.0909090909090909,6.11111111111111,0.488888888888889
"718",0.806451612903226,0.378563511273351,0.7,0.84047619047619,0.7,0.857142857142857,0.3,0.142857142857143,4.9,0.35
"719",0.870967741935484,0.283818133096582,0.6,0.880769230769231,0.6,0.923076923076923,0.4,0.0769230769230769,7.80000000000001,0.433333333333333
"720",0.870967741935484,0.326560938785037,0.8,0.943181818181818,0.727272727272727,0.95,0.272727272727273,0.05,14.5454545454545,0.287081339712919
"721",0.806451612903226,0.329598121276949,0.727272727272727,0.885714285714286,0.8,0.80952380952381,0.2,0.19047619047619,4.2,0.247058823529412
"722",0.806451612903226,0.420834026608001,0.7,0.916666666666667,0.538461538461538,1,0.461538461538462,0,Inf,0.461538461538462
"723",0.806451612903226,0.404816597556864,0.625,0.805555555555555,0.555555555555556,0.909090909090909,0.444444444444444,0.0909090909090909,6.11111111111111,0.488888888888889
"724",0.806451612903226,0.316864589539499,0.7,0.934782608695652,0.875,0.782608695652174,0.125,0.217391304347826,4.025,0.159722222222222
"725",0.774193548387097,0.349811316607976,0.588235294117647,0.910714285714286,0.714285714285714,0.791666666666667,0.285714285714286,0.208333333333333,3.42857142857143,0.360902255639098
"726",0.838709677419355,0.35219048959242,0.736842105263158,0.845959595959596,0.777777777777778,0.863636363636364,0.222222222222222,0.136363636363636,5.7037037037037,0.257309941520468
"727",0.67741935483871,0.45700268125923,0.5,0.736842105263158,0.416666666666667,0.842105263157895,0.583333333333333,0.157894736842105,2.63888888888889,0.692708333333333
"728",0.838709677419355,0.34943500117951,0.761904761904762,0.909090909090909,0.727272727272727,0.9,0.272727272727273,0.1,7.27272727272727,0.303030303030303
"729",0.838709677419355,0.329765797651645,0.782608695652174,0.9,0.818181818181818,0.85,0.181818181818182,0.15,5.45454545454545,0.213903743315508
"730",0.806451612903226,0.366708828183879,0.75,0.861363636363636,0.818181818181818,0.8,0.181818181818182,0.2,4.09090909090909,0.227272727272727
"731",0.806451612903226,0.416829893263542,0.666666666666667,0.820454545454545,0.545454545454545,0.95,0.454545454545455,0.05,10.9090909090909,0.478468899521531
"732",0.806451612903226,0.356165457335873,0.4,0.846153846153846,0.4,0.884615384615385,0.6,0.115384615384615,3.46666666666667,0.678260869565217
"733",0.774193548387097,0.405076101574223,0.666666666666667,0.923076923076923,0.538461538461538,0.944444444444444,0.461538461538462,0.0555555555555556,9.69230769230769,0.48868778280543
"734",0.741935483870968,0.412914905910133,0.5,0.842391304347826,0.5,0.826086956521739,0.5,0.173913043478261,2.875,0.605263157894737
"735",0.741935483870968,0.459113932036541,0.692307692307692,0.814102564102564,0.692307692307692,0.777777777777778,0.307692307692308,0.222222222222222,3.11538461538462,0.395604395604396
"736",0.741935483870968,0.430851360569638,0.555555555555556,0.761904761904762,0.714285714285714,0.75,0.285714285714286,0.25,2.85714285714286,0.380952380952381
"737",0.935483870967742,0.284303887220931,0.9,0.971428571428571,0.9,0.952380952380952,0.1,0.0476190476190477,18.9,0.105
"738",0.774193548387097,0.399167334193639,0.695652173913043,0.845454545454545,0.727272727272727,0.8,0.272727272727273,0.2,3.63636363636364,0.340909090909091
"739",0.709677419354839,0.435213092270845,0.4,0.79040404040404,0.333333333333333,0.863636363636364,0.666666666666667,0.136363636363636,2.44444444444444,0.771929824561404
"740",0.774193548387097,0.36998297103232,0.588235294117647,0.796195652173913,0.625,0.826086956521739,0.375,0.173913043478261,3.59375,0.453947368421053
"741",0.870967741935484,0.320838596371862,0.833333333333333,0.938095238095238,1,0.80952380952381,0,0.19047619047619,5.25,0
"742",0.838709677419355,0.33885913961256,0.705882352941177,0.933333333333333,0.6,0.952380952380952,0.4,0.0476190476190477,12.6,0.42
"743",0.806451612903226,0.381394351641954,0.625,0.775252525252525,0.555555555555556,0.909090909090909,0.444444444444444,0.0909090909090909,6.11111111111111,0.488888888888889
"744",0.774193548387097,0.370749225818035,0.588235294117647,0.904761904761905,0.5,0.904761904761905,0.5,0.0952380952380952,5.25,0.552631578947368
"745",0.870967741935484,0.32442680954311,0.8,0.883333333333333,0.8,0.904761904761905,0.2,0.0952380952380952,8.4,0.221052631578947
"746",0.709677419354839,0.435339199827158,0.571428571428571,0.857456140350877,0.5,0.842105263157895,0.5,0.157894736842105,3.16666666666667,0.59375
"747",0.838709677419355,0.343782729614875,0.736842105263158,0.907142857142857,0.7,0.904761904761905,0.3,0.0952380952380952,7.35,0.331578947368421
"748",0.774193548387097,0.360159602005164,0.533333333333333,0.865384615384615,0.8,0.769230769230769,0.2,0.230769230769231,3.46666666666667,0.26
"749",0.709677419354839,0.441717545693075,0.526315789473684,0.778571428571429,0.5,0.80952380952381,0.5,0.19047619047619,2.625,0.617647058823529
"750",0.838709677419355,0.293628082520108,0.782608695652174,0.968181818181818,0.818181818181818,0.85,0.181818181818182,0.15,5.45454545454545,0.213903743315508
"751",0.709677419354839,0.40914723691836,0.571428571428571,0.78030303030303,0.666666666666667,0.727272727272727,0.333333333333333,0.272727272727273,2.44444444444444,0.458333333333333
"752",0.838709677419355,0.371262581780436,0.705882352941177,0.927272727272727,0.545454545454545,1,0.454545454545455,0,Inf,0.454545454545455
"753",0.774193548387097,0.367186551415306,0.533333333333333,0.851010101010101,0.444444444444444,0.909090909090909,0.555555555555556,0.0909090909090909,4.88888888888889,0.611111111111111
"754",0.806451612903226,0.33598282808066,0.7,0.89047619047619,0.7,0.857142857142857,0.3,0.142857142857143,4.9,0.35
"755",0.806451612903226,0.415843894322462,0.727272727272727,0.882352941176471,0.571428571428571,1,0.428571428571429,0,Inf,0.428571428571429
"756",0.774193548387097,0.401139078707699,0.666666666666667,0.846491228070175,0.583333333333333,0.894736842105263,0.416666666666667,0.105263157894737,5.54166666666667,0.465686274509804
"757",0.870967741935484,0.349963979972132,0.8,0.952272727272727,0.727272727272727,0.95,0.272727272727273,0.05,14.5454545454545,0.287081339712919
"758",0.903225806451613,0.248362953330353,0.842105263157895,0.967391304347826,1,0.869565217391304,0,0.130434782608696,7.66666666666667,0
"759",0.612903225806452,0.504712862713179,0.4,0.704545454545454,0.363636363636364,0.75,0.636363636363636,0.25,1.45454545454545,0.848484848484849
"760",0.774193548387097,0.377113437274893,0.631578947368421,0.871428571428571,0.6,0.857142857142857,0.4,0.142857142857143,4.2,0.466666666666667
"761",0.870967741935484,0.334931462737641,0.8,0.936363636363636,0.727272727272727,0.95,0.272727272727273,0.05,14.5454545454545,0.287081339712919
"762",0.741935483870968,0.370620702035562,0.555555555555556,0.797979797979798,0.555555555555556,0.818181818181818,0.444444444444444,0.181818181818182,3.05555555555556,0.54320987654321
"763",0.67741935483871,0.396289132009667,0.5,0.795454545454545,0.555555555555556,0.727272727272727,0.444444444444444,0.272727272727273,2.03703703703704,0.611111111111111
"764",0.870967741935484,0.314892347075917,0.8,0.897619047619048,0.8,0.904761904761905,0.2,0.0952380952380952,8.4,0.221052631578947
"765",0.870967741935484,0.297175832011433,0.714285714285714,0.863095238095238,0.714285714285714,0.916666666666667,0.285714285714286,0.0833333333333334,8.57142857142857,0.311688311688312
"766",0.774193548387097,0.383253928974881,0.533333333333333,0.771739130434783,0.5,0.869565217391304,0.5,0.130434782608696,3.83333333333333,0.575
"767",0.806451612903226,0.356591639374317,0.625,0.869047619047619,0.714285714285714,0.833333333333333,0.285714285714286,0.166666666666667,4.28571428571429,0.342857142857143
"768",0.870967741935484,0.31426308581282,0.8,0.94949494949495,0.888888888888889,0.863636363636364,0.111111111111111,0.136363636363636,6.51851851851852,0.128654970760234
"769",0.774193548387097,0.373063989692172,0.461538461538462,0.830357142857143,0.428571428571429,0.875,0.571428571428571,0.125,3.42857142857143,0.653061224489796
"770",0.838709677419355,0.37404003358167,0.615384615384615,0.924242424242424,0.444444444444444,1,0.555555555555556,0,Inf,0.555555555555556
"771",0.806451612903226,0.357656085733554,0.5,0.886666666666667,0.5,0.88,0.5,0.12,4.16666666666667,0.568181818181818
"772",0.774193548387097,0.35268771122113,0.72,0.925213675213675,0.692307692307692,0.833333333333333,0.307692307692308,0.166666666666667,4.15384615384616,0.369230769230769
"773",0.806451612903226,0.396416112444853,0.727272727272727,0.822727272727273,0.727272727272727,0.85,0.272727272727273,0.15,4.84848484848485,0.320855614973262
"774",0.774193548387097,0.382077934251123,0.631578947368421,0.78030303030303,0.666666666666667,0.818181818181818,0.333333333333333,0.181818181818182,3.66666666666667,0.407407407407407
"775",0.903225806451613,0.31492951192288,0.8,0.934782608695652,0.75,0.956521739130435,0.25,0.0434782608695652,17.25,0.261363636363636
"776",0.741935483870968,0.441716661893654,0.555555555555556,0.795238095238095,0.5,0.857142857142857,0.5,0.142857142857143,3.5,0.583333333333333
"777",0.741935483870968,0.362904700377705,0.555555555555556,0.857142857142857,0.714285714285714,0.75,0.285714285714286,0.25,2.85714285714286,0.380952380952381
"778",0.741935483870968,0.353492505117957,0.6,0.858695652173913,0.75,0.739130434782609,0.25,0.260869565217391,2.875,0.338235294117647
"779",0.806451612903226,0.362429396314567,0.666666666666667,0.892857142857143,0.6,0.904761904761905,0.4,0.0952380952380952,6.3,0.442105263157895
"780",0.838709677419355,0.351282739216672,0.666666666666667,0.860119047619048,0.714285714285714,0.875,0.285714285714286,0.125,5.71428571428571,0.326530612244898
"781",0.806451612903226,0.333876755842471,0.727272727272727,0.892857142857143,0.8,0.80952380952381,0.2,0.19047619047619,4.2,0.247058823529412
"782",0.741935483870968,0.39238582496468,0.666666666666667,0.861842105263158,0.666666666666667,0.789473684210526,0.333333333333333,0.210526315789474,3.16666666666667,0.422222222222222
"783",0.774193548387097,0.377380058750482,0.666666666666667,0.881818181818182,0.636363636363636,0.85,0.363636363636364,0.15,4.24242424242424,0.427807486631016
"784",0.741935483870968,0.380625018782751,0.6,0.823809523809524,0.6,0.80952380952381,0.4,0.19047619047619,3.15,0.494117647058824
"785",0.741935483870968,0.422588808588562,0.555555555555556,0.771428571428571,0.5,0.857142857142857,0.5,0.142857142857143,3.5,0.583333333333333
"786",0.806451612903226,0.386511458084701,0.727272727272727,0.888157894736842,0.666666666666667,0.894736842105263,0.333333333333333,0.105263157894737,6.33333333333333,0.372549019607843
"787",0.870967741935484,0.294001709057316,0.666666666666667,0.93,0.666666666666667,0.92,0.333333333333333,0.08,8.33333333333334,0.36231884057971
"788",0.741935483870968,0.391215187811844,0.6,0.859090909090909,0.545454545454545,0.85,0.454545454545455,0.15,3.63636363636364,0.53475935828877
"789",0.709677419354839,0.438358033022192,0.4,0.681547619047619,0.428571428571429,0.791666666666667,0.571428571428571,0.208333333333333,2.05714285714286,0.721804511278195
"790",0.903225806451613,0.305977622281074,0.857142857142857,0.933333333333333,0.9,0.904761904761905,0.1,0.0952380952380952,9.45,0.110526315789474
"791",0.903225806451613,0.282678638735332,0.857142857142857,0.972727272727273,0.818181818181818,0.95,0.181818181818182,0.05,16.3636363636363,0.191387559808612
"792",0.806451612903226,0.347659593168441,0.769230769230769,0.923809523809524,1,0.714285714285714,0,0.285714285714286,3.5,0
"793",0.774193548387097,0.421661222907811,0.695652173913043,0.822368421052632,0.666666666666667,0.842105263157895,0.333333333333333,0.157894736842105,4.22222222222222,0.395833333333333
"794",0.806451612903226,0.38630942367277,0.727272727272727,0.820175438596491,0.666666666666667,0.894736842105263,0.333333333333333,0.105263157894737,6.33333333333333,0.372549019607843
"795",0.774193548387097,0.410477133637638,0.666666666666667,0.828947368421053,0.583333333333333,0.894736842105263,0.416666666666667,0.105263157894737,5.54166666666667,0.465686274509804
"796",0.870967741935484,0.314723092223814,0.75,0.886904761904762,0.857142857142857,0.875,0.142857142857143,0.125,6.85714285714286,0.163265306122449
"797",0.806451612903226,0.373570438627689,0.727272727272727,0.918803418803419,0.615384615384615,0.944444444444444,0.384615384615385,0.0555555555555556,11.0769230769231,0.407239819004525
"798",0.903225806451613,0.323656823980801,0.857142857142857,0.926190476190476,0.9,0.904761904761905,0.1,0.0952380952380952,9.45,0.110526315789474
"799",0.806451612903226,0.348493340835548,0.666666666666667,0.84047619047619,0.6,0.904761904761905,0.4,0.0952380952380952,6.3,0.442105263157895
"800",0.806451612903226,0.326720808678606,0.666666666666667,0.885869565217391,0.75,0.826086956521739,0.25,0.173913043478261,4.3125,0.302631578947368
"801",0.774193548387097,0.400966043466714,0.533333333333333,0.813131313131313,0.444444444444444,0.909090909090909,0.555555555555556,0.0909090909090909,4.88888888888889,0.611111111111111
"802",0.806451612903226,0.340660540005365,0.7,0.919191919191919,0.777777777777778,0.818181818181818,0.222222222222222,0.181818181818182,4.27777777777778,0.271604938271605
"803",0.870967741935484,0.264504646605143,0.75,0.964285714285714,0.857142857142857,0.875,0.142857142857143,0.125,6.85714285714286,0.163265306122449
"804",0.774193548387097,0.410537886390143,0.631578947368421,0.840909090909091,0.545454545454545,0.9,0.454545454545455,0.1,5.45454545454546,0.505050505050505
"805",0.806451612903226,0.333192842360692,0.571428571428571,0.823333333333333,0.666666666666667,0.84,0.333333333333333,0.16,4.16666666666667,0.396825396825397
"806",0.806451612903226,0.375489453817812,0.625,0.856060606060606,0.555555555555556,0.909090909090909,0.444444444444444,0.0909090909090909,6.11111111111111,0.488888888888889
"807",0.903225806451613,0.324693385264841,0.842105263157895,0.938095238095238,0.8,0.952380952380952,0.2,0.0476190476190477,16.8,0.21
"808",0.903225806451613,0.300169693172241,0.823529411764706,0.929347826086957,0.875,0.91304347826087,0.125,0.0869565217391305,10.0625,0.136904761904762
"809",0.741935483870968,0.345302447623699,0.636363636363636,0.888095238095238,0.7,0.761904761904762,0.3,0.238095238095238,2.94,0.39375
"810",0.870967741935484,0.315586112306212,0.818181818181818,0.945454545454545,0.818181818181818,0.9,0.181818181818182,0.1,8.18181818181818,0.202020202020202
"811",0.903225806451613,0.343154392030789,0.842105263157895,0.924242424242424,0.888888888888889,0.909090909090909,0.111111111111111,0.0909090909090909,9.77777777777777,0.122222222222222
"812",0.903225806451613,0.313942765890955,0.88,0.925438596491228,0.916666666666667,0.894736842105263,0.0833333333333334,0.105263157894737,8.70833333333333,0.0931372549019608
"813",0.741935483870968,0.356827196584853,0.636363636363636,0.868181818181818,0.636363636363636,0.8,0.363636363636364,0.2,3.18181818181818,0.454545454545455
"814",0.806451612903226,0.373918947177674,0.571428571428571,0.8125,0.5,0.91304347826087,0.5,0.0869565217391305,5.75,0.547619047619048
"815",0.870967741935484,0.319810472898487,0.75,0.923333333333333,1,0.84,0,0.16,6.25,0
"816",0.838709677419355,0.349631896904545,0.705882352941177,0.916666666666667,0.857142857142857,0.833333333333333,0.142857142857143,0.166666666666667,5.14285714285714,0.171428571428571
"817",0.870967741935484,0.290918398213978,0.75,0.918478260869565,0.75,0.91304347826087,0.25,0.0869565217391305,8.62499999999999,0.273809523809524
"818",0.870967741935484,0.339713551449677,0.777777777777778,0.904040404040404,0.777777777777778,0.909090909090909,0.222222222222222,0.0909090909090909,8.55555555555555,0.244444444444444
"819",0.774193548387097,0.403747341002919,0.588235294117647,0.804761904761905,0.5,0.904761904761905,0.5,0.0952380952380952,5.25,0.552631578947368
"820",0.806451612903226,0.368140867910121,0.571428571428571,0.806547619047619,0.571428571428571,0.875,0.428571428571429,0.125,4.57142857142857,0.489795918367347
"821",0.806451612903226,0.323867315854921,0.625,0.853333333333333,0.833333333333333,0.8,0.166666666666667,0.2,4.16666666666667,0.208333333333333
"822",0.806451612903226,0.360942828841099,0.727272727272727,0.883333333333333,0.8,0.80952380952381,0.2,0.19047619047619,4.2,0.247058823529412
"823",0.774193548387097,0.380476492304644,0.588235294117647,0.858585858585859,0.555555555555556,0.863636363636364,0.444444444444444,0.136363636363636,4.07407407407407,0.514619883040936
"824",0.870967741935484,0.33492903334069,0.818181818181818,0.924242424242424,1,0.818181818181818,0,0.181818181818182,5.5,0
"825",0.838709677419355,0.353898116881676,0.666666666666667,0.843333333333333,0.833333333333333,0.84,0.166666666666667,0.16,5.20833333333333,0.198412698412698
"826",0.709677419354839,0.399352380618908,0.608695652173913,0.775,0.636363636363636,0.75,0.363636363636364,0.25,2.54545454545455,0.484848484848485
"827",0.774193548387097,0.378819656805827,0.588235294117647,0.845108695652174,0.625,0.826086956521739,0.375,0.173913043478261,3.59375,0.453947368421053
"828",0.903225806451613,0.258966929659927,0.769230769230769,0.976923076923077,1,0.884615384615385,0,0.115384615384615,8.66666666666666,0
"829",0.741935483870968,0.405995235086989,0.5,0.787878787878788,0.444444444444444,0.863636363636364,0.555555555555556,0.136363636363636,3.25925925925926,0.64327485380117
"830",0.903225806451613,0.275977563820127,0.8,0.976190476190476,0.857142857142857,0.916666666666667,0.142857142857143,0.0833333333333334,10.2857142857143,0.155844155844156
"831",0.838709677419355,0.316737685959915,0.736842105263158,0.923809523809524,0.7,0.904761904761905,0.3,0.0952380952380952,7.35,0.331578947368421
"832",0.903225806451613,0.269654761563054,0.8,0.964285714285714,0.857142857142857,0.916666666666667,0.142857142857143,0.0833333333333334,10.2857142857143,0.155844155844156
"833",0.870967741935484,0.264484217172207,0.714285714285714,0.976923076923077,1,0.846153846153846,0,0.153846153846154,6.5,0
"834",0.838709677419355,0.345463199140003,0.736842105263158,0.913636363636364,0.636363636363636,0.95,0.363636363636364,0.05,12.7272727272727,0.382775119617225
"835",0.774193548387097,0.350671413742835,0.461538461538462,0.806666666666667,0.5,0.84,0.5,0.16,3.125,0.595238095238095
"836",0.806451612903226,0.382275589406665,0.571428571428571,0.947619047619048,0.4,1,0.6,0,Inf,0.6
"837",0.870967741935484,0.313255328139804,0.777777777777778,0.952380952380952,1,0.833333333333333,0,0.166666666666667,6,0
"838",0.806451612903226,0.367588303530127,0.625,0.95,0.454545454545455,1,0.545454545454545,0,Inf,0.545454545454545
"839",0.741935483870968,0.389100992121058,0.666666666666667,0.87719298245614,0.666666666666667,0.789473684210526,0.333333333333333,0.210526315789474,3.16666666666667,0.422222222222222
"840",0.709677419354839,0.434868222713442,0.64,0.82051282051282,0.615384615384615,0.777777777777778,0.384615384615385,0.222222222222222,2.76923076923077,0.494505494505494
"841",0.741935483870968,0.462434184516336,0.428571428571429,0.793181818181818,0.272727272727273,1,0.727272727272727,0,Inf,0.727272727272727
"842",0.838709677419355,0.380784630736066,0.736842105263158,0.904761904761905,0.7,0.904761904761905,0.3,0.0952380952380952,7.35,0.331578947368421
"843",0.870967741935484,0.339177252935405,0.777777777777778,0.954545454545455,0.636363636363636,1,0.363636363636364,0,Inf,0.363636363636364
"844",0.870967741935484,0.313703377479284,0.75,0.910714285714286,0.857142857142857,0.875,0.142857142857143,0.125,6.85714285714286,0.163265306122449
"845",0.774193548387097,0.404049572299886,0.631578947368421,0.923245614035088,0.5,0.947368421052632,0.5,0.0526315789473685,9.49999999999999,0.527777777777778
"846",0.67741935483871,0.391007664388392,0.375,0.769021739130435,0.375,0.782608695652174,0.625,0.217391304347826,1.725,0.798611111111111
"847",0.870967741935484,0.326708790416415,0.75,0.855978260869565,0.75,0.91304347826087,0.25,0.0869565217391305,8.62499999999999,0.273809523809524
"848",0.903225806451613,0.27804094639154,0.869565217391304,0.940909090909091,0.909090909090909,0.9,0.0909090909090909,0.1,9.09090909090909,0.101010101010101
"849",0.806451612903226,0.357191858546975,0.571428571428571,0.910326086956522,0.5,0.91304347826087,0.5,0.0869565217391305,5.75,0.547619047619048
"850",0.774193548387097,0.359344697412873,0.695652173913043,0.892543859649123,0.666666666666667,0.842105263157895,0.333333333333333,0.157894736842105,4.22222222222222,0.395833333333333
"851",0.774193548387097,0.380247120922852,0.631578947368421,0.896929824561403,0.5,0.947368421052632,0.5,0.0526315789473685,9.49999999999999,0.527777777777778
"852",0.806451612903226,0.363269665825637,0.625,0.924242424242424,0.555555555555556,0.909090909090909,0.444444444444444,0.0909090909090909,6.11111111111111,0.488888888888889
"853",0.741935483870968,0.393113773615489,0.636363636363636,0.888888888888889,0.777777777777778,0.727272727272727,0.222222222222222,0.272727272727273,2.85185185185185,0.305555555555556
"854",0.645161290322581,0.407538563275057,0.352941176470588,0.773809523809524,0.428571428571429,0.708333333333333,0.571428571428571,0.291666666666667,1.46938775510204,0.80672268907563
"855",0.709677419354839,0.424636013121293,0.571428571428571,0.808080808080808,0.666666666666667,0.727272727272727,0.333333333333333,0.272727272727273,2.44444444444444,0.458333333333333
"856",0.806451612903226,0.30728052586637,0.727272727272727,0.954545454545455,0.888888888888889,0.772727272727273,0.111111111111111,0.227272727272727,3.91111111111111,0.143790849673203
"857",0.838709677419355,0.355594705169745,0.705882352941177,0.866666666666667,0.6,0.952380952380952,0.4,0.0476190476190477,12.6,0.42
"858",0.838709677419355,0.290009313936216,0.736842105263158,0.956521739130435,0.875,0.826086956521739,0.125,0.173913043478261,5.03125,0.151315789473684
"859",0.774193548387097,0.338738534710393,0.695652173913043,0.873737373737374,0.888888888888889,0.727272727272727,0.111111111111111,0.272727272727273,3.25925925925926,0.152777777777778
"860",0.838709677419355,0.328013447598539,0.782608695652174,0.936363636363636,0.818181818181818,0.85,0.181818181818182,0.15,5.45454545454545,0.213903743315508
"861",0.741935483870968,0.402376893393421,0.6,0.80050505050505,0.666666666666667,0.772727272727273,0.333333333333333,0.227272727272727,2.93333333333333,0.431372549019608
"862",0.838709677419355,0.334279984170139,0.736842105263158,0.881313131313131,0.777777777777778,0.863636363636364,0.222222222222222,0.136363636363636,5.7037037037037,0.257309941520468
"863",0.838709677419355,0.367566771639206,0.705882352941177,0.880434782608696,0.75,0.869565217391304,0.25,0.130434782608696,5.75,0.2875
"864",0.806451612903226,0.406618376837448,0.666666666666667,0.835714285714286,0.6,0.904761904761905,0.4,0.0952380952380952,6.3,0.442105263157895
"865",0.806451612903226,0.384755494087275,0.7,0.808080808080808,0.777777777777778,0.818181818181818,0.222222222222222,0.181818181818182,4.27777777777778,0.271604938271605
"866",0.774193548387097,0.433701123236171,0.533333333333333,0.806818181818182,0.363636363636364,1,0.636363636363636,0,Inf,0.636363636363636
"867",0.774193548387097,0.36762934331929,0.533333333333333,0.853333333333333,0.666666666666667,0.8,0.333333333333333,0.2,3.33333333333333,0.416666666666667
"868",0.774193548387097,0.360162696386767,0.533333333333333,0.925925925925926,1,0.740740740740741,0,0.259259259259259,3.85714285714286,0
"869",0.709677419354839,0.386223855917835,0.608695652173913,0.861111111111111,0.777777777777778,0.681818181818182,0.222222222222222,0.318181818181818,2.44444444444444,0.325925925925926
"870",0.645161290322581,0.484095497517017,0.421052631578947,0.742857142857143,0.4,0.761904761904762,0.6,0.238095238095238,1.68,0.7875
"871",0.903225806451613,0.323354269178578,0.857142857142857,0.977272727272727,0.818181818181818,0.95,0.181818181818182,0.05,16.3636363636363,0.191387559808612
"872",0.903225806451613,0.297875487968363,0.769230769230769,0.883928571428571,0.714285714285714,0.958333333333333,0.285714285714286,0.0416666666666666,17.1428571428572,0.298136645962733
"873",0.741935483870968,0.387362717269826,0.6,0.802380952380952,0.6,0.80952380952381,0.4,0.19047619047619,3.15,0.494117647058824
"874",0.709677419354839,0.460831118307691,0.181818181818182,0.642857142857143,0.142857142857143,0.875,0.857142857142857,0.125,1.14285714285714,0.979591836734694
"875",0.774193548387097,0.435212145632041,0.695652173913043,0.802272727272727,0.727272727272727,0.8,0.272727272727273,0.2,3.63636363636364,0.340909090909091
"876",0.741935483870968,0.410387608326078,0.692307692307692,0.841880341880342,0.692307692307692,0.777777777777778,0.307692307692308,0.222222222222222,3.11538461538462,0.395604395604396
"877",0.774193548387097,0.393114459307353,0.588235294117647,0.818452380952381,0.714285714285714,0.791666666666667,0.285714285714286,0.208333333333333,3.42857142857143,0.360902255639098
"878",0.838709677419355,0.309460045602062,0.736842105263158,0.926767676767677,0.777777777777778,0.863636363636364,0.222222222222222,0.136363636363636,5.7037037037037,0.257309941520468
"879",0.774193548387097,0.396577902902688,0.666666666666667,0.811904761904762,0.7,0.80952380952381,0.3,0.19047619047619,3.675,0.370588235294118
"880",0.806451612903226,0.395781721033108,0.571428571428571,0.796195652173913,0.5,0.91304347826087,0.5,0.0869565217391305,5.75,0.547619047619048
"881",0.838709677419355,0.297581754866968,0.666666666666667,0.976923076923077,1,0.807692307692308,0,0.192307692307692,5.2,0
"882",0.709677419354839,0.42649789338055,0.526315789473684,0.795454545454545,0.555555555555556,0.772727272727273,0.444444444444444,0.227272727272727,2.44444444444444,0.57516339869281
"883",0.838709677419355,0.355710075694193,0.615384615384615,0.779761904761905,0.571428571428571,0.916666666666667,0.428571428571429,0.0833333333333334,6.85714285714285,0.467532467532468
"884",0.709677419354839,0.453879393713529,0.571428571428571,0.784188034188034,0.461538461538462,0.888888888888889,0.538461538461538,0.111111111111111,4.15384615384615,0.605769230769231
"885",0.774193548387097,0.396112610023856,0.631578947368421,0.848484848484849,0.666666666666667,0.818181818181818,0.333333333333333,0.181818181818182,3.66666666666667,0.407407407407407
"886",0.709677419354839,0.392382656853587,0.666666666666667,0.875,0.75,0.684210526315789,0.25,0.315789473684211,2.375,0.365384615384615
"887",0.806451612903226,0.28780898486723,0.571428571428571,0.946666666666667,0.666666666666667,0.84,0.333333333333333,0.16,4.16666666666667,0.396825396825397
"888",0.741935483870968,0.38261571297507,0.555555555555556,0.793478260869565,0.625,0.782608695652174,0.375,0.217391304347826,2.875,0.479166666666667
"889",0.806451612903226,0.40420231298038,0.727272727272727,0.870614035087719,0.666666666666667,0.894736842105263,0.333333333333333,0.105263157894737,6.33333333333333,0.372549019607843
"890",0.741935483870968,0.394020302846107,0.5,0.853535353535354,0.444444444444444,0.863636363636364,0.555555555555556,0.136363636363636,3.25925925925926,0.64327485380117
"891",0.870967741935484,0.287845519440588,0.777777777777778,0.926630434782609,0.875,0.869565217391304,0.125,0.130434782608696,6.70833333333333,0.14375
"892",0.774193548387097,0.348825330450935,0.588235294117647,0.892857142857143,0.714285714285714,0.791666666666667,0.285714285714286,0.208333333333333,3.42857142857143,0.360902255639098
"893",0.838709677419355,0.321688580849081,0.736842105263158,0.871212121212121,0.777777777777778,0.863636363636364,0.222222222222222,0.136363636363636,5.7037037037037,0.257309941520468
"894",0.67741935483871,0.484665301610631,0.545454545454545,0.740476190476191,0.6,0.714285714285714,0.4,0.285714285714286,2.1,0.56
"895",0.903225806451613,0.297453611447532,0.823529411764706,0.951086956521739,0.875,0.91304347826087,0.125,0.0869565217391305,10.0625,0.136904761904762
"896",0.838709677419355,0.346252360841788,0.705882352941177,0.891414141414141,0.666666666666667,0.909090909090909,0.333333333333333,0.0909090909090909,7.33333333333333,0.366666666666667
"897",0.709677419354839,0.437746418351024,0.571428571428571,0.825,0.545454545454545,0.8,0.454545454545455,0.2,2.72727272727273,0.568181818181818
"898",0.774193548387097,0.398551825974089,0.631578947368421,0.742424242424242,0.666666666666667,0.818181818181818,0.333333333333333,0.181818181818182,3.66666666666667,0.407407407407407
"899",0.774193548387097,0.383701236795841,0.695652173913043,0.830952380952381,0.8,0.761904761904762,0.2,0.238095238095238,3.36,0.2625
"900",0.903225806451613,0.242357934381799,0.8,0.982142857142857,0.857142857142857,0.916666666666667,0.142857142857143,0.0833333333333334,10.2857142857143,0.155844155844156
"901",0.806451612903226,0.281220657712127,0.25,0.827380952380952,0.333333333333333,0.857142857142857,0.666666666666667,0.142857142857143,2.33333333333333,0.777777777777778
"902",0.838709677419355,0.30452265185657,0.615384615384615,0.915384615384615,0.8,0.846153846153846,0.2,0.153846153846154,5.2,0.236363636363636
"903",0.741935483870968,0.410684151226792,0.6,0.894736842105263,0.5,0.894736842105263,0.5,0.105263157894737,4.75,0.558823529411765
"904",0.838709677419355,0.378330459170472,0.761904761904762,0.927631578947368,0.666666666666667,0.947368421052632,0.333333333333333,0.0526315789473685,12.6666666666667,0.351851851851852
"905",0.903225806451613,0.30392793989152,0.823529411764706,0.946428571428571,1,0.875,0,0.125,8,0
"906",0.741935483870968,0.396375200097895,0.555555555555556,0.76010101010101,0.555555555555556,0.818181818181818,0.444444444444444,0.181818181818182,3.05555555555556,0.54320987654321
"907",0.806451612903226,0.363706722879047,0.571428571428571,0.8125,0.571428571428571,0.875,0.428571428571429,0.125,4.57142857142857,0.489795918367347
"908",0.806451612903226,0.345709814939153,0.75,0.878571428571429,0.9,0.761904761904762,0.1,0.238095238095238,3.78,0.13125
"909",0.741935483870968,0.449707149112698,0.555555555555556,0.75,0.714285714285714,0.75,0.285714285714286,0.25,2.85714285714286,0.380952380952381
"910",0.741935483870968,0.453619582885838,0.636363636363636,0.759523809523809,0.7,0.761904761904762,0.3,0.238095238095238,2.94,0.39375
"911",0.774193548387097,0.363049238506186,0.588235294117647,0.904040404040404,0.555555555555556,0.863636363636364,0.444444444444444,0.136363636363636,4.07407407407407,0.514619883040936
"912",0.709677419354839,0.401514303507199,0.608695652173913,0.853535353535354,0.777777777777778,0.681818181818182,0.222222222222222,0.318181818181818,2.44444444444444,0.325925925925926
"913",0.838709677419355,0.312134099406223,0.615384615384615,0.838461538461538,0.8,0.846153846153846,0.2,0.153846153846154,5.2,0.236363636363636
"914",0.838709677419355,0.326149285704167,0.761904761904762,0.897619047619048,0.8,0.857142857142857,0.2,0.142857142857143,5.6,0.233333333333333
"915",0.774193548387097,0.411894036468436,0.588235294117647,0.818181818181818,0.555555555555556,0.863636363636364,0.444444444444444,0.136363636363636,4.07407407407407,0.514619883040936
"916",0.774193548387097,0.404887220308305,0.588235294117647,0.9,0.454545454545455,0.95,0.545454545454545,0.05,9.09090909090908,0.574162679425837
"917",0.838709677419355,0.366401851744736,0.782608695652174,0.923245614035088,0.75,0.894736842105263,0.25,0.105263157894737,7.125,0.279411764705882
"918",0.774193548387097,0.402414947031901,0.666666666666667,0.873737373737374,0.777777777777778,0.772727272727273,0.222222222222222,0.227272727272727,3.42222222222222,0.287581699346405
"919",0.741935483870968,0.416744771912824,0.5,0.863636363636364,0.363636363636364,0.95,0.636363636363636,0.05,7.27272727272727,0.669856459330144
"920",0.903225806451613,0.313541147059404,0.8,0.883152173913043,0.75,0.956521739130435,0.25,0.0434782608695652,17.25,0.261363636363636
"921",0.838709677419355,0.366820572609389,0.761904761904762,0.864285714285714,0.8,0.857142857142857,0.2,0.142857142857143,5.6,0.233333333333333
"922",0.806451612903226,0.407183072379958,0.785714285714286,0.859649122807018,0.916666666666667,0.736842105263158,0.0833333333333334,0.263157894736842,3.48333333333333,0.113095238095238
"923",0.806451612903226,0.412883452737414,0.727272727272727,0.800438596491228,0.666666666666667,0.894736842105263,0.333333333333333,0.105263157894737,6.33333333333333,0.372549019607843
"924",0.806451612903226,0.329182463692519,0.727272727272727,0.85952380952381,0.8,0.80952380952381,0.2,0.19047619047619,4.2,0.247058823529412
"925",0.774193548387097,0.332054774929165,0.666666666666667,0.911616161616162,0.777777777777778,0.772727272727273,0.222222222222222,0.227272727272727,3.42222222222222,0.287581699346405
"926",0.741935483870968,0.404924012583244,0.666666666666667,0.858974358974359,0.615384615384615,0.833333333333333,0.384615384615385,0.166666666666667,3.69230769230769,0.461538461538461
"927",0.741935483870968,0.43704369176156,0.6,0.794871794871795,0.461538461538462,0.944444444444444,0.538461538461538,0.0555555555555556,8.3076923076923,0.570135746606335
"928",0.774193548387097,0.345611931974865,0.695652173913043,0.890476190476191,0.8,0.761904761904762,0.2,0.238095238095238,3.36,0.2625
"929",0.741935483870968,0.408397933953846,0.6,0.823232323232323,0.666666666666667,0.772727272727273,0.333333333333333,0.227272727272727,2.93333333333333,0.431372549019608
"930",0.774193548387097,0.40291323328648,0.533333333333333,0.830952380952381,0.4,0.952380952380952,0.6,0.0476190476190477,8.39999999999999,0.63
"931",0.806451612903226,0.366098881176648,0.727272727272727,0.925438596491228,0.666666666666667,0.894736842105263,0.333333333333333,0.105263157894737,6.33333333333333,0.372549019607843
"932",0.806451612903226,0.371442604313803,0.666666666666667,0.848484848484849,0.666666666666667,0.863636363636364,0.333333333333333,0.136363636363636,4.88888888888889,0.385964912280702
"933",0.741935483870968,0.450891917408947,0.692307692307692,0.758403361344538,0.642857142857143,0.823529411764706,0.357142857142857,0.176470588235294,3.64285714285714,0.433673469387755
"934",0.774193548387097,0.385716513018145,0.695652173913043,0.835526315789474,0.666666666666667,0.842105263157895,0.333333333333333,0.157894736842105,4.22222222222222,0.395833333333333
"935",0.67741935483871,0.431161995974847,0.444444444444444,0.742424242424242,0.444444444444444,0.772727272727273,0.555555555555556,0.227272727272727,1.95555555555556,0.718954248366013
"936",0.67741935483871,0.426583887379707,0.375,0.733333333333333,0.5,0.72,0.5,0.28,1.78571428571429,0.694444444444444
"937",0.806451612903226,0.399185585664985,0.7,0.921052631578947,0.583333333333333,0.947368421052632,0.416666666666667,0.0526315789473685,11.0833333333333,0.439814814814815
"938",0.774193548387097,0.388844335679698,0.631578947368421,0.896929824561403,0.5,0.947368421052632,0.5,0.0526315789473685,9.49999999999999,0.527777777777778
"939",0.806451612903226,0.370254453317792,0.625,0.883152173913043,0.625,0.869565217391304,0.375,0.130434782608696,4.79166666666667,0.43125
"940",0.806451612903226,0.330875040357517,0.666666666666667,0.885869565217391,0.75,0.826086956521739,0.25,0.173913043478261,4.3125,0.302631578947368
"941",0.903225806451613,0.333446938322698,0.842105263157895,0.919191919191919,0.888888888888889,0.909090909090909,0.111111111111111,0.0909090909090909,9.77777777777777,0.122222222222222
"942",0.870967741935484,0.328536151562702,0.777777777777778,0.866666666666667,0.7,0.952380952380952,0.3,0.0476190476190477,14.7,0.315
"943",0.838709677419355,0.356568427130015,0.705882352941177,0.858695652173913,0.75,0.869565217391304,0.25,0.130434782608696,5.75,0.2875
"944",0.741935483870968,0.393579150804034,0.636363636363636,0.817934782608696,0.875,0.695652173913043,0.125,0.304347826086957,2.875,0.1796875
"945",0.774193548387097,0.425120913925312,0.588235294117647,0.828571428571429,0.5,0.904761904761905,0.5,0.0952380952380952,5.25,0.552631578947368
"946",0.774193548387097,0.383549838291586,0.533333333333333,0.818452380952381,0.571428571428571,0.833333333333333,0.428571428571429,0.166666666666667,3.42857142857143,0.514285714285714
"947",0.645161290322581,0.473183891869184,0.421052631578947,0.865909090909091,0.363636363636364,0.8,0.636363636363636,0.2,1.81818181818182,0.795454545454545
"948",0.806451612903226,0.322206606886391,0.727272727272727,0.902380952380952,0.8,0.80952380952381,0.2,0.19047619047619,4.2,0.247058823529412
"949",0.741935483870968,0.425097086874936,0.636363636363636,0.858585858585859,0.777777777777778,0.727272727272727,0.222222222222222,0.272727272727273,2.85185185185185,0.305555555555556
"950",0.806451612903226,0.374591408140008,0.666666666666667,0.871212121212121,0.666666666666667,0.863636363636364,0.333333333333333,0.136363636363636,4.88888888888889,0.385964912280702
"951",0.806451612903226,0.373307494691854,0.7,0.905701754385965,0.583333333333333,0.947368421052632,0.416666666666667,0.0526315789473685,11.0833333333333,0.439814814814815
"952",0.774193548387097,0.379625634588146,0.631578947368421,0.888636363636364,0.545454545454545,0.9,0.454545454545455,0.1,5.45454545454546,0.505050505050505
"953",0.774193548387097,0.334020243734663,0.631578947368421,0.946428571428571,0.857142857142857,0.75,0.142857142857143,0.25,3.42857142857143,0.190476190476191
"954",0.806451612903226,0.367498312179743,0.75,0.908119658119658,0.692307692307692,0.888888888888889,0.307692307692308,0.111111111111111,6.23076923076923,0.346153846153846
"955",0.870967741935484,0.307869446004881,0.777777777777778,0.918478260869565,0.875,0.869565217391304,0.125,0.130434782608696,6.70833333333333,0.14375
"956",0.774193548387097,0.433576182153341,0.666666666666667,0.820454545454545,0.636363636363636,0.85,0.363636363636364,0.15,4.24242424242424,0.427807486631016
"957",0.774193548387097,0.350286554381066,0.631578947368421,0.936363636363636,0.545454545454545,0.9,0.454545454545455,0.1,5.45454545454546,0.505050505050505
"958",0.838709677419355,0.323307591037184,0.782608695652174,0.904761904761905,0.9,0.80952380952381,0.1,0.19047619047619,4.725,0.123529411764706
"959",0.806451612903226,0.329759085033347,0.7,0.928571428571429,0.7,0.857142857142857,0.3,0.142857142857143,4.9,0.35
"960",0.709677419354839,0.397486005116972,0.526315789473684,0.838095238095238,0.5,0.80952380952381,0.5,0.19047619047619,2.625,0.617647058823529
"961",0.870967741935484,0.34963352938508,0.714285714285714,0.835858585858586,0.555555555555556,1,0.444444444444444,0,Inf,0.444444444444444
"962",0.67741935483871,0.459815350404059,0.444444444444444,0.776785714285714,0.571428571428571,0.708333333333333,0.428571428571429,0.291666666666667,1.95918367346939,0.605042016806723
"963",0.806451612903226,0.369724674957919,0.625,0.845238095238095,0.714285714285714,0.833333333333333,0.285714285714286,0.166666666666667,4.28571428571429,0.342857142857143
"964",0.870967741935484,0.361768381959999,0.777777777777778,0.913690476190476,1,0.833333333333333,0,0.166666666666667,6,0
"965",0.838709677419355,0.294816452019501,0.761904761904762,0.928571428571429,0.8,0.857142857142857,0.2,0.142857142857143,5.6,0.233333333333333
"966",0.838709677419355,0.335209371731858,0.8,0.932017543859649,0.833333333333333,0.842105263157895,0.166666666666667,0.157894736842105,5.27777777777778,0.197916666666667
"967",0.838709677419355,0.391488640165772,0.761904761904762,0.819047619047619,0.8,0.857142857142857,0.2,0.142857142857143,5.6,0.233333333333333
"968",0.870967741935484,0.32279138133118,0.8,0.886363636363636,0.888888888888889,0.863636363636364,0.111111111111111,0.136363636363636,6.51851851851852,0.128654970760234
"969",0.838709677419355,0.363893672500909,0.736842105263158,0.923245614035088,0.583333333333333,1,0.416666666666667,0,Inf,0.416666666666667
"970",0.935483870967742,0.262009200314594,0.9,0.97979797979798,1,0.909090909090909,0,0.0909090909090909,11,0
"971",0.838709677419355,0.341955251441932,0.736842105263158,0.856060606060606,0.777777777777778,0.863636363636364,0.222222222222222,0.136363636363636,5.7037037037037,0.257309941520468
"972",0.709677419354839,0.43459662716683,0.526315789473684,0.75,0.625,0.739130434782609,0.375,0.260869565217391,2.39583333333333,0.507352941176471
"973",0.774193548387097,0.380213418399165,0.666666666666667,0.895454545454545,0.636363636363636,0.85,0.363636363636364,0.15,4.24242424242424,0.427807486631016
"974",0.806451612903226,0.323521277840644,0.625,0.885869565217391,0.625,0.869565217391304,0.375,0.130434782608696,4.79166666666667,0.43125
"975",0.838709677419355,0.393596680070953,0.666666666666667,0.880952380952381,0.714285714285714,0.875,0.285714285714286,0.125,5.71428571428571,0.326530612244898
"976",0.838709677419355,0.377861410412067,0.705882352941177,0.838383838383838,0.666666666666667,0.909090909090909,0.333333333333333,0.0909090909090909,7.33333333333333,0.366666666666667
"977",0.838709677419355,0.266053331476992,0.761904761904762,0.95959595959596,0.888888888888889,0.818181818181818,0.111111111111111,0.181818181818182,4.88888888888889,0.135802469135803
"978",0.806451612903226,0.360118243402393,0.625,0.885869565217391,0.625,0.869565217391304,0.375,0.130434782608696,4.79166666666667,0.43125
"979",0.870967741935484,0.295605966973859,0.777777777777778,0.9375,0.875,0.869565217391304,0.125,0.130434782608696,6.70833333333333,0.14375
"980",0.645161290322581,0.435888422567026,0.421052631578947,0.760869565217391,0.5,0.695652173913043,0.5,0.304347826086957,1.64285714285714,0.71875
"981",0.838709677419355,0.374094421451548,0.761904761904762,0.90952380952381,0.8,0.857142857142857,0.2,0.142857142857143,5.6,0.233333333333333
"982",0.806451612903226,0.388176846946266,0.666666666666667,0.866666666666667,0.6,0.904761904761905,0.4,0.0952380952380952,6.3,0.442105263157895
"983",0.741935483870968,0.395796078836007,0.6,0.829545454545454,0.545454545454545,0.85,0.454545454545455,0.15,3.63636363636364,0.53475935828877
"984",0.806451612903226,0.378410536187282,0.571428571428571,0.902173913043478,0.5,0.91304347826087,0.5,0.0869565217391305,5.75,0.547619047619048
"985",0.870967741935484,0.339736738332676,0.8,0.969298245614035,0.666666666666667,1,0.333333333333333,0,Inf,0.333333333333333
"986",0.67741935483871,0.381341588603373,0.5,0.828804347826087,0.625,0.695652173913043,0.375,0.304347826086957,2.05357142857143,0.5390625
"987",0.709677419354839,0.455191750820776,0.307692307692308,0.703846153846154,0.4,0.769230769230769,0.6,0.230769230769231,1.73333333333333,0.78
"988",0.774193548387097,0.412132638056613,0.666666666666667,0.873809523809524,0.7,0.80952380952381,0.3,0.19047619047619,3.675,0.370588235294118
"989",0.806451612903226,0.362234789144874,0.7,0.883333333333333,0.7,0.857142857142857,0.3,0.142857142857143,4.9,0.35
"990",0.741935483870968,0.400135272128851,0.555555555555556,0.821428571428571,0.5,0.857142857142857,0.5,0.142857142857143,3.5,0.583333333333333
"991",0.741935483870968,0.40826462858676,0.6,0.822727272727273,0.545454545454545,0.85,0.454545454545455,0.15,3.63636363636364,0.53475935828877
"992",0.741935483870968,0.390483156388838,0.6,0.857456140350877,0.5,0.894736842105263,0.5,0.105263157894737,4.75,0.558823529411765
"993",0.709677419354839,0.340029783708279,0.608695652173913,0.904545454545455,0.636363636363636,0.75,0.363636363636364,0.25,2.54545454545455,0.484848484848485
"994",0.774193548387097,0.392802922776818,0.666666666666667,0.850877192982456,0.583333333333333,0.894736842105263,0.416666666666667,0.105263157894737,5.54166666666667,0.465686274509804
"995",0.806451612903226,0.327097393902454,0.625,0.866666666666667,0.833333333333333,0.8,0.166666666666667,0.2,4.16666666666667,0.208333333333333
"996",0.774193548387097,0.367081030679217,0.588235294117647,0.857142857142857,0.714285714285714,0.791666666666667,0.285714285714286,0.208333333333333,3.42857142857143,0.360902255639098
"997",0.838709677419355,0.376526528281007,0.761904761904762,0.904545454545455,0.727272727272727,0.9,0.272727272727273,0.1,7.27272727272727,0.303030303030303
"998",0.870967741935484,0.296214689341896,0.714285714285714,0.907738095238095,0.714285714285714,0.916666666666667,0.285714285714286,0.0833333333333334,8.57142857142857,0.311688311688312
"999",0.709677419354839,0.432697082819404,0.307692307692308,0.65,0.4,0.769230769230769,0.6,0.230769230769231,1.73333333333333,0.78
"1000",0.806451612903226,0.395116075806933,0.625,0.835858585858586,0.555555555555556,0.909090909090909,0.444444444444444,0.0909090909090909,6.11111111111111,0.488888888888889
"1001",0.774193548387097,0.384023766815004,0.588235294117647,0.895454545454546,0.454545454545455,0.95,0.545454545454545,0.05,9.09090909090908,0.574162679425837
"1002",0.806451612903226,0.343448032881163,0.625,0.880952380952381,0.714285714285714,0.833333333333333,0.285714285714286,0.166666666666667,4.28571428571429,0.342857142857143
"1003",0.709677419354839,0.408062030992812,0.64,0.854545454545454,0.727272727272727,0.7,0.272727272727273,0.3,2.42424242424242,0.38961038961039
"1004",0.709677419354839,0.478664712859344,0.571428571428571,0.800438596491228,0.5,0.842105263157895,0.5,0.157894736842105,3.16666666666667,0.59375
"1005",0.806451612903226,0.399548512171795,0.727272727272727,0.859649122807018,0.666666666666667,0.894736842105263,0.333333333333333,0.105263157894737,6.33333333333333,0.372549019607843
"1006",0.870967741935484,0.334613773563466,0.777777777777778,0.921428571428571,0.7,0.952380952380952,0.3,0.0476190476190477,14.7,0.315
"1007",0.870967741935484,0.284845216110188,0.714285714285714,0.966666666666667,0.833333333333333,0.88,0.166666666666667,0.12,6.94444444444444,0.189393939393939
"1008",0.806451612903226,0.359514633990304,0.727272727272727,0.890350877192982,0.666666666666667,0.894736842105263,0.333333333333333,0.105263157894737,6.33333333333333,0.372549019607843
"1009",0.870967741935484,0.319250969847157,0.818181818181818,0.947619047619048,0.9,0.857142857142857,0.1,0.142857142857143,6.3,0.116666666666667
"1010",0.741935483870968,0.370914490842203,0.6,0.83695652173913,0.75,0.739130434782609,0.25,0.260869565217391,2.875,0.338235294117647
"1011",0.870967741935484,0.358763176098771,0.777777777777778,0.892857142857143,0.7,0.952380952380952,0.3,0.0476190476190477,14.7,0.315
"1012",0.774193548387097,0.408889648029198,0.631578947368421,0.834239130434783,0.75,0.782608695652174,0.25,0.217391304347826,3.45,0.319444444444444
"1013",0.806451612903226,0.358831959118202,0.7,0.930952380952381,0.7,0.857142857142857,0.3,0.142857142857143,4.9,0.35
"1014",0.806451612903226,0.319625241982913,0.7,0.94047619047619,1,0.75,0,0.25,4,0
"1015",0.838709677419355,0.305777810039243,0.666666666666667,0.842261904761905,0.714285714285714,0.875,0.285714285714286,0.125,5.71428571428571,0.326530612244898
"1016",0.806451612903226,0.377645703405026,0.666666666666667,0.888095238095238,0.6,0.904761904761905,0.4,0.0952380952380952,6.3,0.442105263157895
"1017",0.838709677419355,0.342968306996933,0.705882352941177,0.945238095238095,0.6,0.952380952380952,0.4,0.0476190476190477,12.6,0.42
"1018",0.870967741935484,0.337450921015495,0.666666666666667,0.904891304347826,0.5,1,0.5,0,Inf,0.5
"1019",0.870967741935484,0.322814204257485,0.777777777777778,0.934343434343434,0.777777777777778,0.909090909090909,0.222222222222222,0.0909090909090909,8.55555555555555,0.244444444444444
"1020",0.838709677419355,0.339885150675102,0.615384615384615,0.940217391304348,0.5,0.956521739130435,0.5,0.0434782608695652,11.5,0.522727272727273
"1021",0.806451612903226,0.328400790549638,0.625,0.877717391304348,0.625,0.869565217391304,0.375,0.130434782608696,4.79166666666667,0.43125
"1022",0.806451612903226,0.395566327673629,0.727272727272727,0.839912280701754,0.666666666666667,0.894736842105263,0.333333333333333,0.105263157894737,6.33333333333333,0.372549019607843
"1023",0.935483870967742,0.300874148069152,0.888888888888889,0.995238095238095,0.8,1,0.2,0,Inf,0.2
"1024",0.870967741935484,0.323072462729279,0.818181818181818,0.928571428571429,0.9,0.857142857142857,0.1,0.142857142857143,6.3,0.116666666666667
"1025",0.741935483870968,0.379156199545315,0.636363636363636,0.815656565656566,0.777777777777778,0.727272727272727,0.222222222222222,0.272727272727273,2.85185185185185,0.305555555555556
"1026",0.870967741935484,0.329864535461854,0.75,0.845238095238095,0.6,1,0.4,0,Inf,0.4
"1027",0.741935483870968,0.475844851413709,0.555555555555556,0.818376068376068,0.384615384615385,1,0.615384615384615,0,Inf,0.615384615384615
"1028",0.709677419354839,0.428961434036494,0.608695652173913,0.804761904761905,0.7,0.714285714285714,0.3,0.285714285714286,2.45,0.42
"1029",0.806451612903226,0.381257915517614,0.571428571428571,0.766304347826087,0.5,0.91304347826087,0.5,0.0869565217391305,5.75,0.547619047619048
"1030",0.580645161290323,0.512867106805408,0.434782608695652,0.769230769230769,0.384615384615385,0.722222222222222,0.615384615384615,0.277777777777778,1.38461538461538,0.85207100591716
"1031",0.774193548387097,0.38374401204675,0.631578947368421,0.854761904761905,0.6,0.857142857142857,0.4,0.142857142857143,4.2,0.466666666666667
"1032",0.838709677419355,0.392296207193266,0.705882352941177,0.823809523809524,0.6,0.952380952380952,0.4,0.0476190476190477,12.6,0.42
"1033",0.806451612903226,0.302597264583343,0.666666666666667,0.953333333333333,1,0.76,0,0.24,4.16666666666667,0
"1034",0.741935483870968,0.434360991357013,0.666666666666667,0.783333333333333,0.8,0.714285714285714,0.2,0.285714285714286,2.8,0.28
"1035",0.838709677419355,0.396372679404684,0.705882352941177,0.852272727272727,0.545454545454545,1,0.454545454545455,0,Inf,0.454545454545455
"1036",0.774193548387097,0.390413478977459,0.533333333333333,0.806547619047619,0.571428571428571,0.833333333333333,0.428571428571429,0.166666666666667,3.42857142857143,0.514285714285714
"1037",0.870967741935484,0.280472451923254,0.666666666666667,0.816666666666667,0.666666666666667,0.92,0.333333333333333,0.08,8.33333333333334,0.36231884057971
"1038",0.903225806451613,0.35473133195384,0.8,0.886363636363636,0.666666666666667,1,0.333333333333333,0,Inf,0.333333333333333
"1039",0.806451612903226,0.366600987184053,0.75,0.921052631578947,0.75,0.842105263157895,0.25,0.157894736842105,4.75,0.296875
"1040",0.806451612903226,0.369760476113622,0.727272727272727,0.838095238095238,0.8,0.80952380952381,0.2,0.19047619047619,4.2,0.247058823529412
"1041",0.806451612903226,0.371048702147925,0.625,0.904761904761905,0.5,0.952380952380952,0.5,0.0476190476190477,10.5,0.525
"1042",0.806451612903226,0.366494972686766,0.625,0.800595238095238,0.714285714285714,0.833333333333333,0.285714285714286,0.166666666666667,4.28571428571429,0.342857142857143
"1043",0.741935483870968,0.376277414190489,0.555555555555556,0.776785714285714,0.714285714285714,0.75,0.285714285714286,0.25,2.85714285714286,0.380952380952381
"1044",0.709677419354839,0.488277066234616,0.571428571428571,0.781512605042017,0.428571428571429,0.941176470588235,0.571428571428571,0.0588235294117647,7.28571428571428,0.607142857142857
"1045",0.838709677419355,0.296848617929385,0.761904761904762,0.95959595959596,0.888888888888889,0.818181818181818,0.111111111111111,0.181818181818182,4.88888888888889,0.135802469135803
"1046",0.774193548387097,0.40238463871523,0.695652173913043,0.845454545454545,0.727272727272727,0.8,0.272727272727273,0.2,3.63636363636364,0.340909090909091
"1047",0.806451612903226,0.346614965222445,0.666666666666667,0.873809523809524,0.6,0.904761904761905,0.4,0.0952380952380952,6.3,0.442105263157895
"1048",0.870967741935484,0.324830550067855,0.75,0.910714285714286,0.857142857142857,0.875,0.142857142857143,0.125,6.85714285714286,0.163265306122449
"1049",0.838709677419355,0.340036220627355,0.736842105263158,0.853535353535353,0.777777777777778,0.863636363636364,0.222222222222222,0.136363636363636,5.7037037037037,0.257309941520468
"1050",0.838709677419355,0.347496740987328,0.705882352941177,0.834239130434783,0.75,0.869565217391304,0.25,0.130434782608696,5.75,0.2875
"1051",0.806451612903226,0.318721730998173,0.571428571428571,0.92,0.666666666666667,0.84,0.333333333333333,0.16,4.16666666666667,0.396825396825397
"1052",0.870967741935484,0.333110157504227,0.75,0.924242424242424,0.666666666666667,0.954545454545455,0.333333333333333,0.0454545454545454,14.6666666666667,0.349206349206349
"1053",0.741935483870968,0.415573620568287,0.555555555555556,0.805555555555556,0.555555555555556,0.818181818181818,0.444444444444444,0.181818181818182,3.05555555555556,0.54320987654321
"1054",0.838709677419355,0.325271526172753,0.761904761904762,0.914141414141414,0.888888888888889,0.818181818181818,0.111111111111111,0.181818181818182,4.88888888888889,0.135802469135803
"1055",0.741935483870968,0.43911523167858,0.692307692307692,0.840336134453782,0.642857142857143,0.823529411764706,0.357142857142857,0.176470588235294,3.64285714285714,0.433673469387755
"1056",0.774193548387097,0.402918527782083,0.631578947368421,0.823232323232323,0.666666666666667,0.818181818181818,0.333333333333333,0.181818181818182,3.66666666666667,0.407407407407407
"1057",0.870967741935484,0.31664439439797,0.8,0.940909090909091,0.727272727272727,0.95,0.272727272727273,0.05,14.5454545454545,0.287081339712919
"1058",0.709677419354839,0.432785392428052,0.307692307692308,0.713333333333333,0.333333333333333,0.8,0.666666666666667,0.2,1.66666666666667,0.833333333333333
"1059",0.741935483870968,0.399041155436018,0.5,0.89047619047619,0.4,0.904761904761905,0.6,0.0952380952380952,4.2,0.663157894736842
"1060",0.806451612903226,0.362911955338916,0.625,0.851010101010101,0.555555555555556,0.909090909090909,0.444444444444444,0.0909090909090909,6.11111111111111,0.488888888888889
"1061",0.741935483870968,0.430335985083681,0.692307692307692,0.818181818181818,0.818181818181818,0.7,0.181818181818182,0.3,2.72727272727273,0.25974025974026
"1062",0.741935483870968,0.420836800923257,0.6,0.905701754385965,0.5,0.894736842105263,0.5,0.105263157894737,4.75,0.558823529411765
"1063",0.838709677419355,0.31464941075773,0.615384615384615,0.81547619047619,0.571428571428571,0.916666666666667,0.428571428571429,0.0833333333333334,6.85714285714285,0.467532467532468
"1064",0.838709677419355,0.38710774239128,0.705882352941177,0.85054347826087,0.75,0.869565217391304,0.25,0.130434782608696,5.75,0.2875
"1065",0.67741935483871,0.508105444018689,0.444444444444444,0.814102564102564,0.307692307692308,0.944444444444444,0.692307692307692,0.0555555555555556,5.53846153846154,0.733031674208145
"1066",0.774193548387097,0.416979945110175,0.666666666666667,0.840909090909091,0.636363636363636,0.85,0.363636363636364,0.15,4.24242424242424,0.427807486631016
"1067",0.741935483870968,0.405878553662949,0.428571428571429,0.74702380952381,0.428571428571429,0.833333333333333,0.571428571428571,0.166666666666667,2.57142857142857,0.685714285714286
"1068",0.806451612903226,0.324645536054023,0.625,0.876666666666667,0.833333333333333,0.8,0.166666666666667,0.2,4.16666666666667,0.208333333333333
"1069",0.838709677419355,0.352333649669203,0.666666666666667,0.907608695652174,0.625,0.91304347826087,0.375,0.0869565217391305,7.1875,0.410714285714286
"1070",0.838709677419355,0.343365314702602,0.736842105263158,0.922727272727273,0.636363636363636,0.95,0.363636363636364,0.05,12.7272727272727,0.382775119617225
"1071",0.838709677419355,0.331230476930092,0.615384615384615,0.913333333333333,0.666666666666667,0.88,0.333333333333333,0.12,5.55555555555556,0.378787878787879
"1072",0.838709677419355,0.346745114206614,0.705882352941177,0.888586956521739,0.75,0.869565217391304,0.25,0.130434782608696,5.75,0.2875
"1073",0.741935483870968,0.362966298473666,0.5,0.875,0.5,0.826086956521739,0.5,0.173913043478261,2.875,0.605263157894737
"1074",0.774193548387097,0.420012865661668,0.666666666666667,0.78030303030303,0.777777777777778,0.772727272727273,0.222222222222222,0.227272727272727,3.42222222222222,0.287581699346405
"1075",0.806451612903226,0.311616643518046,0.571428571428571,0.893333333333333,0.666666666666667,0.84,0.333333333333333,0.16,4.16666666666667,0.396825396825397
"1076",0.870967741935484,0.357590861384856,0.777777777777778,0.938636363636364,0.636363636363636,1,0.363636363636364,0,Inf,0.363636363636364
"1077",0.612903225806452,0.516981858294831,0.4,0.666666666666667,0.4,0.714285714285714,0.6,0.285714285714286,1.4,0.84
"1078",0.806451612903226,0.340949030072694,0.666666666666667,0.909090909090909,0.666666666666667,0.863636363636364,0.333333333333333,0.136363636363636,4.88888888888889,0.385964912280702
"1079",0.806451612903226,0.377334689585564,0.7,0.838636363636364,0.636363636363636,0.9,0.363636363636364,0.1,6.36363636363637,0.404040404040404
"1080",0.838709677419355,0.362169326146951,0.736842105263158,0.90952380952381,0.7,0.904761904761905,0.3,0.0952380952380952,7.35,0.331578947368421
"1081",0.838709677419355,0.370524242270324,0.761904761904762,0.863636363636364,0.727272727272727,0.9,0.272727272727273,0.1,7.27272727272727,0.303030303030303
"1082",0.838709677419355,0.348166307747177,0.761904761904762,0.90952380952381,0.8,0.857142857142857,0.2,0.142857142857143,5.6,0.233333333333333
"1083",0.741935483870968,0.38990797293082,0.666666666666667,0.852380952380952,0.8,0.714285714285714,0.2,0.285714285714286,2.8,0.28
"1084",0.67741935483871,0.433949964822348,0.444444444444444,0.738095238095238,0.571428571428571,0.708333333333333,0.428571428571429,0.291666666666667,1.95918367346939,0.605042016806723
"1085",0.838709677419355,0.347275945885822,0.761904761904762,0.928571428571429,0.8,0.857142857142857,0.2,0.142857142857143,5.6,0.233333333333333
"1086",0.709677419354839,0.439340802701026,0.608695652173913,0.842105263157895,0.583333333333333,0.789473684210526,0.416666666666667,0.210526315789474,2.77083333333333,0.527777777777778
"1087",0.774193548387097,0.36890653230138,0.588235294117647,0.847826086956522,0.625,0.826086956521739,0.375,0.173913043478261,3.59375,0.453947368421053
"1088",0.838709677419355,0.313575592932336,0.666666666666667,0.933333333333333,0.833333333333333,0.84,0.166666666666667,0.16,5.20833333333333,0.198412698412698
"1089",0.806451612903226,0.364590098422393,0.571428571428571,0.782738095238095,0.571428571428571,0.875,0.428571428571429,0.125,4.57142857142857,0.489795918367347
"1090",0.806451612903226,0.372447806983346,0.625,0.885869565217391,0.625,0.869565217391304,0.375,0.130434782608696,4.79166666666667,0.43125
"1091",0.741935483870968,0.443133660411629,0.666666666666667,0.822649572649573,0.615384615384615,0.833333333333333,0.384615384615385,0.166666666666667,3.69230769230769,0.461538461538461
"1092",0.870967741935484,0.352574010611228,0.777777777777778,0.906818181818182,0.636363636363636,1,0.363636363636364,0,Inf,0.363636363636364
"1093",0.774193548387097,0.4218258353025,0.740740740740741,0.798245614035088,0.833333333333333,0.736842105263158,0.166666666666667,0.263157894736842,3.16666666666667,0.226190476190476
"1094",0.806451612903226,0.35401908132154,0.75,0.856818181818182,0.818181818181818,0.8,0.181818181818182,0.2,4.09090909090909,0.227272727272727
"1095",0.806451612903226,0.378126780516993,0.7,0.89945652173913,0.875,0.782608695652174,0.125,0.217391304347826,4.025,0.159722222222222
"1096",0.838709677419355,0.345584668786554,0.666666666666667,0.853535353535353,0.555555555555556,0.954545454545455,0.444444444444444,0.0454545454545454,12.2222222222222,0.465608465608466
"1097",0.870967741935484,0.330877971770896,0.818181818181818,0.861363636363636,0.818181818181818,0.9,0.181818181818182,0.1,8.18181818181818,0.202020202020202
"1098",0.741935483870968,0.416738884494287,0.555555555555556,0.817934782608696,0.625,0.782608695652174,0.375,0.217391304347826,2.875,0.479166666666667
"1099",0.806451612903226,0.347917849183625,0.666666666666667,0.888888888888889,0.666666666666667,0.863636363636364,0.333333333333333,0.136363636363636,4.88888888888889,0.385964912280702
"1100",0.806451612903226,0.367563901149695,0.625,0.833333333333333,0.555555555555556,0.909090909090909,0.444444444444444,0.0909090909090909,6.11111111111111,0.488888888888889
"1101",0.806451612903226,0.365231033359906,0.666666666666667,0.872282608695652,0.75,0.826086956521739,0.25,0.173913043478261,4.3125,0.302631578947368
"1102",0.870967741935484,0.306370264557049,0.8,0.951086956521739,1,0.826086956521739,0,0.173913043478261,5.75,0
"1103",0.870967741935484,0.293575942554316,0.75,0.918478260869565,0.75,0.91304347826087,0.25,0.0869565217391305,8.62499999999999,0.273809523809524
"1104",0.838709677419355,0.34077745765903,0.615384615384615,0.880952380952381,0.571428571428571,0.916666666666667,0.428571428571429,0.0833333333333334,6.85714285714285,0.467532467532468
"1105",0.838709677419355,0.334205609993145,0.705882352941177,0.954545454545455,0.666666666666667,0.909090909090909,0.333333333333333,0.0909090909090909,7.33333333333333,0.366666666666667
"1106",0.709677419354839,0.47005502228634,0.4,0.820175438596491,0.25,1,0.75,0,Inf,0.75
"1107",0.870967741935484,0.353660662148257,0.777777777777778,0.934782608695652,0.875,0.869565217391304,0.125,0.130434782608696,6.70833333333333,0.14375
"1108",0.774193548387097,0.366970003625742,0.533333333333333,0.840909090909091,0.444444444444444,0.909090909090909,0.555555555555556,0.0909090909090909,4.88888888888889,0.611111111111111
"1109",0.838709677419355,0.291036337668754,0.761904761904762,0.95959595959596,0.888888888888889,0.818181818181818,0.111111111111111,0.181818181818182,4.88888888888889,0.135802469135803
"1110",0.774193548387097,0.371639787105974,0.666666666666667,0.883838383838384,0.777777777777778,0.772727272727273,0.222222222222222,0.227272727272727,3.42222222222222,0.287581699346405
"1111",0.838709677419355,0.309133519375708,0.615384615384615,0.9,0.666666666666667,0.88,0.333333333333333,0.12,5.55555555555556,0.378787878787879
"1112",0.67741935483871,0.486333265757042,0.583333333333333,0.811965811965812,0.538461538461538,0.777777777777778,0.461538461538462,0.222222222222222,2.42307692307692,0.593406593406593
"1113",0.741935483870968,0.409048205896821,0.666666666666667,0.837719298245614,0.666666666666667,0.789473684210526,0.333333333333333,0.210526315789474,3.16666666666667,0.422222222222222
"1114",0.870967741935484,0.337489630334906,0.666666666666667,0.863333333333333,0.666666666666667,0.92,0.333333333333333,0.08,8.33333333333334,0.36231884057971
"1115",0.838709677419355,0.331518826293561,0.736842105263158,0.923913043478261,0.875,0.826086956521739,0.125,0.173913043478261,5.03125,0.151315789473684
"1116",0.870967741935484,0.346927978332155,0.666666666666667,0.876666666666667,0.666666666666667,0.92,0.333333333333333,0.08,8.33333333333334,0.36231884057971
"1117",0.774193548387097,0.414770657243198,0.666666666666667,0.827272727272727,0.636363636363636,0.85,0.363636363636364,0.15,4.24242424242424,0.427807486631016
"1118",0.935483870967742,0.27111404406783,0.8,0.962962962962963,1,0.925925925925926,0,0.0740740740740741,13.5,0
"1119",0.806451612903226,0.34100740118216,0.727272727272727,0.919047619047619,0.8,0.80952380952381,0.2,0.19047619047619,4.2,0.247058823529412
"1120",0.645161290322581,0.519762934532626,0.476190476190476,0.705128205128205,0.384615384615385,0.833333333333333,0.615384615384615,0.166666666666667,2.30769230769231,0.738461538461539
"1121",0.774193548387097,0.382543387126234,0.588235294117647,0.895238095238095,0.5,0.904761904761905,0.5,0.0952380952380952,5.25,0.552631578947368
"1122",0.806451612903226,0.379695979020266,0.5,0.758928571428571,0.428571428571429,0.916666666666667,0.571428571428571,0.0833333333333334,5.14285714285714,0.623376623376623
"1123",0.838709677419355,0.35123992420339,0.615384615384615,0.743333333333333,0.666666666666667,0.88,0.333333333333333,0.12,5.55555555555556,0.378787878787879
"1124",0.870967741935484,0.318986375477162,0.714285714285714,0.9375,0.625,0.956521739130435,0.375,0.0434782608695652,14.375,0.392045454545455
"1125",0.774193548387097,0.405630873926651,0.631578947368421,0.836309523809524,0.857142857142857,0.75,0.142857142857143,0.25,3.42857142857143,0.190476190476191
"1126",0.838709677419355,0.349388150237257,0.782608695652174,0.876190476190476,0.9,0.80952380952381,0.1,0.19047619047619,4.725,0.123529411764706
"1127",0.709677419354839,0.431802669280503,0.608695652173913,0.786363636363636,0.636363636363636,0.75,0.363636363636364,0.25,2.54545454545455,0.484848484848485
"1128",0.838709677419355,0.34926390354201,0.736842105263158,0.919047619047619,0.7,0.904761904761905,0.3,0.0952380952380952,7.35,0.331578947368421
"1129",0.838709677419355,0.353484281266089,0.705882352941177,0.938095238095238,0.6,0.952380952380952,0.4,0.0476190476190477,12.6,0.42
"1130",0.870967741935484,0.338561995182195,0.777777777777778,0.90952380952381,0.7,0.952380952380952,0.3,0.0476190476190477,14.7,0.315
"1131",0.774193548387097,0.404525019707467,0.666666666666667,0.856818181818182,0.636363636363636,0.85,0.363636363636364,0.15,4.24242424242424,0.427807486631016
"1132",0.774193548387097,0.398307503199987,0.666666666666667,0.876190476190476,0.7,0.80952380952381,0.3,0.19047619047619,3.675,0.370588235294118
"1133",0.645161290322581,0.481243416771219,0.476190476190476,0.703804347826087,0.625,0.652173913043478,0.375,0.347826086956522,1.796875,0.575
"1134",0.774193548387097,0.366503500397007,0.588235294117647,0.898989898989899,0.555555555555556,0.863636363636364,0.444444444444444,0.136363636363636,4.07407407407407,0.514619883040936
"1135",0.67741935483871,0.465720163058862,0.444444444444444,0.722727272727273,0.363636363636364,0.85,0.636363636363636,0.15,2.42424242424242,0.748663101604278
"1136",0.870967741935484,0.349015530956132,0.818181818181818,0.927272727272727,0.818181818181818,0.9,0.181818181818182,0.1,8.18181818181818,0.202020202020202
"1137",0.774193548387097,0.375435141670148,0.631578947368421,0.878571428571429,0.6,0.857142857142857,0.4,0.142857142857143,4.2,0.466666666666667
"1138",0.838709677419355,0.388225674564371,0.666666666666667,0.868686868686869,0.555555555555556,0.954545454545455,0.444444444444444,0.0454545454545454,12.2222222222222,0.465608465608466
"1139",0.67741935483871,0.405982087611291,0.5,0.870614035087719,0.416666666666667,0.842105263157895,0.583333333333333,0.157894736842105,2.63888888888889,0.692708333333333
"1140",0.67741935483871,0.439920638162756,0.375,0.7,0.5,0.72,0.5,0.28,1.78571428571429,0.694444444444444
"1141",0.774193548387097,0.403168042013211,0.631578947368421,0.79047619047619,0.6,0.857142857142857,0.4,0.142857142857143,4.2,0.466666666666667
"1142",0.774193548387097,0.448778677025698,0.588235294117647,0.885964912280702,0.416666666666667,1,0.583333333333333,0,Inf,0.583333333333333
"1143",0.838709677419355,0.295783833382777,0.705882352941177,0.93452380952381,0.857142857142857,0.833333333333333,0.142857142857143,0.166666666666667,5.14285714285714,0.171428571428571
"1144",0.806451612903226,0.358913543035117,0.7,0.876190476190476,0.7,0.857142857142857,0.3,0.142857142857143,4.9,0.35
"1145",0.709677419354839,0.463926165744673,0.689655172413793,0.771929824561403,0.833333333333333,0.631578947368421,0.166666666666667,0.368421052631579,2.26190476190476,0.263888888888889
"1146",0.838709677419355,0.362648170323905,0.666666666666667,0.839285714285714,0.714285714285714,0.875,0.285714285714286,0.125,5.71428571428571,0.326530612244898
"1147",0.838709677419355,0.357661436587381,0.705882352941177,0.9,0.6,0.952380952380952,0.4,0.0476190476190477,12.6,0.42
"1148",0.903225806451613,0.296243550151768,0.842105263157895,0.964646464646465,0.888888888888889,0.909090909090909,0.111111111111111,0.0909090909090909,9.77777777777777,0.122222222222222
"1149",0.806451612903226,0.377755657280369,0.7,0.880952380952381,0.7,0.857142857142857,0.3,0.142857142857143,4.9,0.35
"1150",0.774193548387097,0.351533372716901,0.666666666666667,0.890909090909091,0.636363636363636,0.85,0.363636363636364,0.15,4.24242424242424,0.427807486631016
"1151",0.806451612903226,0.412505882074766,0.625,0.885714285714286,0.5,0.952380952380952,0.5,0.0476190476190477,10.5,0.525
"1152",0.806451612903226,0.390954779832002,0.7,0.912280701754386,0.583333333333333,0.947368421052632,0.416666666666667,0.0526315789473685,11.0833333333333,0.439814814814815
"1153",0.67741935483871,0.469573259069757,0.375,0.772727272727273,0.272727272727273,0.9,0.727272727272727,0.1,2.72727272727273,0.808080808080808
"1154",0.838709677419355,0.314888772462683,0.545454545454545,0.853846153846154,0.6,0.884615384615385,0.4,0.115384615384615,5.2,0.452173913043478
"1155",0.838709677419355,0.360689666932477,0.705882352941177,0.9,0.6,0.952380952380952,0.4,0.0476190476190477,12.6,0.42
"1156",0.806451612903226,0.358017292384309,0.625,0.815217391304348,0.625,0.869565217391304,0.375,0.130434782608696,4.79166666666667,0.43125
"1157",0.838709677419355,0.365379546406521,0.666666666666667,0.804347826086957,0.625,0.91304347826087,0.375,0.0869565217391305,7.1875,0.410714285714286
"1158",0.806451612903226,0.398237990368509,0.785714285714286,0.867521367521368,0.846153846153846,0.777777777777778,0.153846153846154,0.222222222222222,3.80769230769231,0.197802197802198
"1159",0.741935483870968,0.374424977727182,0.555555555555556,0.854761904761905,0.5,0.857142857142857,0.5,0.142857142857143,3.5,0.583333333333333
"1160",0.709677419354839,0.412021307988089,0.307692307692308,0.753333333333333,0.333333333333333,0.8,0.666666666666667,0.2,1.66666666666667,0.833333333333333
"1161",0.806451612903226,0.348518163806221,0.625,0.826086956521739,0.625,0.869565217391304,0.375,0.130434782608696,4.79166666666667,0.43125
"1162",0.806451612903226,0.380263299928272,0.625,0.873737373737374,0.555555555555556,0.909090909090909,0.444444444444444,0.0909090909090909,6.11111111111111,0.488888888888889
"1163",0.741935483870968,0.42051448109526,0.5,0.868181818181818,0.363636363636364,0.95,0.636363636363636,0.05,7.27272727272727,0.669856459330144
"1164",0.774193548387097,0.351939248872639,0.588235294117647,0.888888888888889,0.555555555555556,0.863636363636364,0.444444444444444,0.136363636363636,4.07407407407407,0.514619883040936
"1165",0.806451612903226,0.370581865658783,0.7,0.895238095238095,0.7,0.857142857142857,0.3,0.142857142857143,4.9,0.35
"1166",0.806451612903226,0.37165007795467,0.625,0.838383838383838,0.555555555555556,0.909090909090909,0.444444444444444,0.0909090909090909,6.11111111111111,0.488888888888889
"1167",0.838709677419355,0.372687356741417,0.782608695652174,0.885964912280702,0.75,0.894736842105263,0.25,0.105263157894737,7.125,0.279411764705882
"1168",0.612903225806452,0.499780320769606,0.454545454545455,0.70952380952381,0.5,0.666666666666667,0.5,0.333333333333333,1.5,0.75
"1169",0.741935483870968,0.352647763464564,0.636363636363636,0.873809523809524,0.7,0.761904761904762,0.3,0.238095238095238,2.94,0.39375
"1170",0.838709677419355,0.370001461791609,0.761904761904762,0.895454545454545,0.727272727272727,0.9,0.272727272727273,0.1,7.27272727272727,0.303030303030303
"1171",0.806451612903226,0.362390238369098,0.625,0.893939393939394,0.555555555555556,0.909090909090909,0.444444444444444,0.0909090909090909,6.11111111111111,0.488888888888889
"1172",0.741935483870968,0.405973518969326,0.6,0.921052631578947,0.5,0.894736842105263,0.5,0.105263157894737,4.75,0.558823529411765
"1173",0.67741935483871,0.465829953831317,0.444444444444444,0.759090909090909,0.363636363636364,0.85,0.636363636363636,0.15,2.42424242424242,0.748663101604278
"1174",0.774193548387097,0.433997945287377,0.631578947368421,0.870614035087719,0.5,0.947368421052632,0.5,0.0526315789473685,9.49999999999999,0.527777777777778
"1175",0.806451612903226,0.391917423628944,0.727272727272727,0.861904761904762,0.8,0.80952380952381,0.2,0.19047619047619,4.2,0.247058823529412
"1176",0.806451612903226,0.368202952858619,0.727272727272727,0.888636363636364,0.727272727272727,0.85,0.272727272727273,0.15,4.84848484848485,0.320855614973262
"1177",0.774193548387097,0.390636911426828,0.588235294117647,0.845108695652174,0.625,0.826086956521739,0.375,0.173913043478261,3.59375,0.453947368421053
"1178",0.709677419354839,0.386711284448969,0.64,0.883838383838384,0.888888888888889,0.636363636363636,0.111111111111111,0.363636363636364,2.44444444444444,0.174603174603175
"1179",0.870967741935484,0.331761520920609,0.75,0.907608695652174,0.75,0.91304347826087,0.25,0.0869565217391305,8.62499999999999,0.273809523809524
"1180",0.806451612903226,0.343385740085288,0.7,0.906818181818182,0.636363636363636,0.9,0.363636363636364,0.1,6.36363636363637,0.404040404040404
"1181",0.838709677419355,0.335594950191616,0.666666666666667,0.914141414141414,0.555555555555556,0.954545454545455,0.444444444444444,0.0454545454545454,12.2222222222222,0.465608465608466
"1182",0.709677419354839,0.415057830307361,0.4,0.773076923076923,0.6,0.730769230769231,0.4,0.269230769230769,2.22857142857143,0.547368421052632
"1183",0.838709677419355,0.333291254284152,0.705882352941177,0.898989898989899,0.666666666666667,0.909090909090909,0.333333333333333,0.0909090909090909,7.33333333333333,0.366666666666667
"1184",0.709677419354839,0.453845804174194,0.571428571428571,0.816239316239316,0.461538461538462,0.888888888888889,0.538461538461538,0.111111111111111,4.15384615384615,0.605769230769231
"1185",0.741935483870968,0.384670257077744,0.5,0.75,0.666666666666667,0.76,0.333333333333333,0.24,2.77777777777778,0.43859649122807
"1186",0.709677419354839,0.448914441192258,0.571428571428571,0.828947368421053,0.5,0.842105263157895,0.5,0.157894736842105,3.16666666666667,0.59375
"1187",0.67741935483871,0.456001486294724,0.5,0.75,0.625,0.695652173913043,0.375,0.304347826086957,2.05357142857143,0.5390625
"1188",0.903225806451613,0.284866585924764,0.823529411764706,0.97979797979798,0.777777777777778,0.954545454545455,0.222222222222222,0.0454545454545454,17.1111111111111,0.232804232804233
"1189",0.774193548387097,0.429545348188535,0.533333333333333,0.791666666666667,0.571428571428571,0.833333333333333,0.428571428571429,0.166666666666667,3.42857142857143,0.514285714285714
"1190",0.612903225806452,0.474682746112054,0,0.702020202020202,0,0.863636363636364,1,0.136363636363636,0,1.15789473684211
"1191",0.741935483870968,0.43699633974304,0.555555555555556,0.766304347826087,0.625,0.782608695652174,0.375,0.217391304347826,2.875,0.479166666666667
"1192",0.774193548387097,0.416480302906315,0.740740740740741,0.846153846153846,0.769230769230769,0.777777777777778,0.230769230769231,0.222222222222222,3.46153846153846,0.296703296703297
"1193",0.806451612903226,0.354574487809739,0.7,0.883838383838384,0.777777777777778,0.818181818181818,0.222222222222222,0.181818181818182,4.27777777777778,0.271604938271605
"1194",0.806451612903226,0.407954026512899,0.7,0.845959595959596,0.777777777777778,0.818181818181818,0.222222222222222,0.181818181818182,4.27777777777778,0.271604938271605
"1195",0.741935483870968,0.405402347524072,0.6,0.831818181818182,0.545454545454545,0.85,0.454545454545455,0.15,3.63636363636364,0.53475935828877
"1196",0.774193548387097,0.405301287072005,0.72,0.891025641025641,0.692307692307692,0.833333333333333,0.307692307692308,0.166666666666667,4.15384615384616,0.369230769230769
"1197",0.67741935483871,0.455473186920398,0.545454545454545,0.804545454545455,0.545454545454545,0.75,0.454545454545455,0.25,2.18181818181818,0.606060606060606
"1198",0.806451612903226,0.365146873704442,0.7,0.877272727272727,0.636363636363636,0.9,0.363636363636364,0.1,6.36363636363637,0.404040404040404
"1199",0.741935483870968,0.484696806775435,0.636363636363636,0.889583333333333,0.466666666666667,1,0.533333333333333,0,Inf,0.533333333333333
"1200",0.870967741935484,0.371578791779297,0.846153846153846,0.883333333333333,0.733333333333333,1,0.266666666666667,0,Inf,0.266666666666667
"1201",0.806451612903226,0.403750714046348,0.727272727272727,0.831196581196581,0.615384615384615,0.944444444444444,0.384615384615385,0.0555555555555556,11.0769230769231,0.407239819004525
"1202",0.806451612903226,0.349697486258007,0.625,0.898809523809524,0.714285714285714,0.833333333333333,0.285714285714286,0.166666666666667,4.28571428571429,0.342857142857143
"1203",0.870967741935484,0.318091831420695,0.846153846153846,0.945454545454545,1,0.8,0,0.2,5,0
"1204",0.806451612903226,0.383359087306666,0.666666666666667,0.78804347826087,0.75,0.826086956521739,0.25,0.173913043478261,4.3125,0.302631578947368
"1205",0.838709677419355,0.308106922727978,0.736842105263158,0.880952380952381,0.7,0.904761904761905,0.3,0.0952380952380952,7.35,0.331578947368421
"1206",0.774193548387097,0.405473254887789,0.666666666666667,0.883771929824561,0.583333333333333,0.894736842105263,0.416666666666667,0.105263157894737,5.54166666666667,0.465686274509804
"1207",0.838709677419355,0.332719432614278,0.782608695652174,0.940909090909091,0.818181818181818,0.85,0.181818181818182,0.15,5.45454545454545,0.213903743315508
"1208",0.838709677419355,0.360680922106227,0.705882352941177,0.880952380952381,0.6,0.952380952380952,0.4,0.0476190476190477,12.6,0.42
"1209",0.774193548387097,0.409767381923417,0.631578947368421,0.820454545454545,0.545454545454545,0.9,0.454545454545455,0.1,5.45454545454546,0.505050505050505
"1210",0.838709677419355,0.323539916858399,0.761904761904762,0.939393939393939,0.888888888888889,0.818181818181818,0.111111111111111,0.181818181818182,4.88888888888889,0.135802469135803
"1211",0.612903225806452,0.56355945338182,0.538461538461538,0.695175438596491,0.583333333333333,0.631578947368421,0.416666666666667,0.368421052631579,1.58333333333333,0.659722222222222
"1212",0.774193548387097,0.349573750451388,0.588235294117647,0.869565217391304,0.625,0.826086956521739,0.375,0.173913043478261,3.59375,0.453947368421053
"1213",0.741935483870968,0.447034855620437,0.6,0.797727272727273,0.545454545454545,0.85,0.454545454545455,0.15,3.63636363636364,0.53475935828877
"1214",0.645161290322581,0.460818219471028,0.421052631578947,0.842105263157895,0.333333333333333,0.842105263157895,0.666666666666667,0.157894736842105,2.11111111111111,0.791666666666667
"1215",0.838709677419355,0.331902104320924,0.736842105263158,0.91304347826087,0.875,0.826086956521739,0.125,0.173913043478261,5.03125,0.151315789473684
"1216",0.806451612903226,0.386683077752238,0.625,0.803571428571429,0.714285714285714,0.833333333333333,0.285714285714286,0.166666666666667,4.28571428571429,0.342857142857143
"1217",0.838709677419355,0.341260125583388,0.782608695652174,0.913636363636364,0.818181818181818,0.85,0.181818181818182,0.15,5.45454545454545,0.213903743315508
"1218",0.806451612903226,0.360678820339063,0.666666666666667,0.919047619047619,0.6,0.904761904761905,0.4,0.0952380952380952,6.3,0.442105263157895
"1219",0.806451612903226,0.373935309658726,0.666666666666667,0.880952380952381,0.857142857142857,0.791666666666667,0.142857142857143,0.208333333333333,4.11428571428571,0.180451127819549
"1220",0.838709677419355,0.342880613932521,0.736842105263158,0.891304347826087,0.875,0.826086956521739,0.125,0.173913043478261,5.03125,0.151315789473684
"1221",0.870967741935484,0.323842414241107,0.75,0.854166666666667,0.857142857142857,0.875,0.142857142857143,0.125,6.85714285714286,0.163265306122449
"1222",0.774193548387097,0.401253670786322,0.631578947368421,0.855263157894737,0.5,0.947368421052632,0.5,0.0526315789473685,9.49999999999999,0.527777777777778
"1223",0.806451612903226,0.361531387921605,0.625,0.9,0.833333333333333,0.8,0.166666666666667,0.2,4.16666666666667,0.208333333333333
"1224",0.838709677419355,0.31674430471334,0.761904761904762,0.919191919191919,0.888888888888889,0.818181818181818,0.111111111111111,0.181818181818182,4.88888888888889,0.135802469135803
"1225",0.806451612903226,0.360616027702972,0.666666666666667,0.845238095238095,0.6,0.904761904761905,0.4,0.0952380952380952,6.3,0.442105263157895
"1226",0.774193548387097,0.359388930889402,0.461538461538462,0.76,0.5,0.84,0.5,0.16,3.125,0.595238095238095
"1227",0.774193548387097,0.354328381336006,0.588235294117647,0.78804347826087,0.625,0.826086956521739,0.375,0.173913043478261,3.59375,0.453947368421053
"1228",0.612903225806452,0.503272475860285,0.454545454545455,0.778508771929824,0.416666666666667,0.736842105263158,0.583333333333333,0.263157894736842,1.58333333333333,0.791666666666667
"1229",0.709677419354839,0.42795492919886,0.571428571428571,0.820175438596491,0.5,0.842105263157895,0.5,0.157894736842105,3.16666666666667,0.59375
"1230",0.774193548387097,0.368664892901226,0.533333333333333,0.845238095238095,0.571428571428571,0.833333333333333,0.428571428571429,0.166666666666667,3.42857142857143,0.514285714285714
"1231",0.741935483870968,0.331268324007393,0.636363636363636,0.91304347826087,0.875,0.695652173913043,0.125,0.304347826086957,2.875,0.1796875
"1232",0.774193548387097,0.417254748025645,0.588235294117647,0.777777777777778,0.555555555555556,0.863636363636364,0.444444444444444,0.136363636363636,4.07407407407407,0.514619883040936
"1233",0.774193548387097,0.349669262572084,0.740740740740741,0.894736842105263,0.833333333333333,0.736842105263158,0.166666666666667,0.263157894736842,3.16666666666667,0.226190476190476
"1234",0.774193548387097,0.375817458006818,0.666666666666667,0.861413043478261,0.875,0.739130434782609,0.125,0.260869565217391,3.35416666666667,0.169117647058824
"1235",0.774193548387097,0.364356099922084,0.631578947368421,0.831521739130435,0.75,0.782608695652174,0.25,0.217391304347826,3.45,0.319444444444444
"1236",0.806451612903226,0.378849845147514,0.571428571428571,0.820652173913043,0.5,0.91304347826087,0.5,0.0869565217391305,5.75,0.547619047619048
"1237",0.870967741935484,0.340216818101709,0.833333333333333,0.914473684210526,0.833333333333333,0.894736842105263,0.166666666666667,0.105263157894737,7.91666666666667,0.186274509803922
"1238",0.806451612903226,0.393854389247229,0.625,0.853260869565217,0.625,0.869565217391304,0.375,0.130434782608696,4.79166666666667,0.43125
"1239",0.806451612903226,0.345580103358313,0.727272727272727,0.904545454545455,0.727272727272727,0.85,0.272727272727273,0.15,4.84848484848485,0.320855614973262
"1240",0.806451612903226,0.31499898034872,0.727272727272727,0.94949494949495,0.888888888888889,0.772727272727273,0.111111111111111,0.227272727272727,3.91111111111111,0.143790849673203
"1241",0.774193548387097,0.431628770749736,0.631578947368421,0.809210526315789,0.5,0.947368421052632,0.5,0.0526315789473685,9.49999999999999,0.527777777777778
"1242",0.838709677419355,0.369406050971021,0.736842105263158,0.868686868686869,0.777777777777778,0.863636363636364,0.222222222222222,0.136363636363636,5.7037037037037,0.257309941520468
"1243",0.967741935483871,0.237476514029195,0.923076923076923,0.994047619047619,0.857142857142857,1,0.142857142857143,0,Inf,0.142857142857143
"1244",0.709677419354839,0.47621812136919,0.470588235294118,0.768181818181818,0.363636363636364,0.9,0.636363636363636,0.1,3.63636363636364,0.707070707070707
"1245",0.806451612903226,0.331451497811862,0.625,0.875,0.625,0.869565217391304,0.375,0.130434782608696,4.79166666666667,0.43125
"1246",0.709677419354839,0.399432983703886,0.608695652173913,0.819047619047619,0.7,0.714285714285714,0.3,0.285714285714286,2.45,0.42
"1247",0.741935483870968,0.419986270395714,0.5,0.805555555555556,0.444444444444444,0.863636363636364,0.555555555555556,0.136363636363636,3.25925925925926,0.64327485380117
"1248",0.870967741935484,0.375828721538289,0.777777777777778,0.870454545454545,0.636363636363636,1,0.363636363636364,0,Inf,0.363636363636364
"1249",0.806451612903226,0.357707300238874,0.666666666666667,0.838383838383838,0.666666666666667,0.863636363636364,0.333333333333333,0.136363636363636,4.88888888888889,0.385964912280702
"1250",0.903225806451613,0.311165798142591,0.823529411764706,0.940217391304348,0.875,0.91304347826087,0.125,0.0869565217391305,10.0625,0.136904761904762
"1251",0.806451612903226,0.353818084406135,0.7,0.825757575757576,0.777777777777778,0.818181818181818,0.222222222222222,0.181818181818182,4.27777777777778,0.271604938271605
"1252",0.774193548387097,0.379455396349066,0.588235294117647,0.861904761904762,0.5,0.904761904761905,0.5,0.0952380952380952,5.25,0.552631578947368
"1253",0.903225806451613,0.296484265719631,0.869565217391304,0.95952380952381,1,0.857142857142857,0,0.142857142857143,7,0
"1254",0.774193548387097,0.354809292205219,0.631578947368421,0.918181818181818,0.545454545454545,0.9,0.454545454545455,0.1,5.45454545454546,0.505050505050505
"1255",0.774193548387097,0.43689153308045,0.588235294117647,0.792857142857143,0.5,0.904761904761905,0.5,0.0952380952380952,5.25,0.552631578947368
"1256",0.838709677419355,0.343593332207756,0.705882352941177,0.869047619047619,0.6,0.952380952380952,0.4,0.0476190476190477,12.6,0.42
"1257",0.870967741935484,0.352987286191476,0.833333333333333,0.934210526315789,0.833333333333333,0.894736842105263,0.166666666666667,0.105263157894737,7.91666666666667,0.186274509803922
"1258",0.838709677419355,0.291631483337345,0.705882352941177,0.921195652173913,0.75,0.869565217391304,0.25,0.130434782608696,5.75,0.2875
"1259",0.67741935483871,0.469434675529979,0.5,0.818181818181818,0.555555555555556,0.727272727272727,0.444444444444444,0.272727272727273,2.03703703703704,0.611111111111111
"1260",0.741935483870968,0.409074813437093,0.636363636363636,0.831818181818182,0.636363636363636,0.8,0.363636363636364,0.2,3.18181818181818,0.454545454545455
"1261",0.870967741935484,0.343313064080004,0.8,0.942857142857143,0.8,0.904761904761905,0.2,0.0952380952380952,8.4,0.221052631578947
"1262",0.806451612903226,0.4006212746042,0.666666666666667,0.906818181818182,0.545454545454545,0.95,0.454545454545455,0.05,10.9090909090909,0.478468899521531
"1263",0.774193548387097,0.392799795456852,0.222222222222222,0.643518518518518,0.25,0.851851851851852,0.75,0.148148148148148,1.6875,0.880434782608696
"1264",0.870967741935484,0.352044520762072,0.818181818181818,0.897619047619048,0.9,0.857142857142857,0.1,0.142857142857143,6.3,0.116666666666667
"1265",0.774193548387097,0.394485740105265,0.533333333333333,0.861904761904762,0.4,0.952380952380952,0.6,0.0476190476190477,8.39999999999999,0.63
"1266",0.67741935483871,0.386805936350261,0.545454545454545,0.840909090909091,0.666666666666667,0.681818181818182,0.333333333333333,0.318181818181818,2.09523809523809,0.488888888888889
"1267",0.806451612903226,0.371013937280154,0.666666666666667,0.885714285714286,0.6,0.904761904761905,0.4,0.0952380952380952,6.3,0.442105263157895
"1268",0.709677419354839,0.400065665209777,0.470588235294118,0.868181818181818,0.363636363636364,0.9,0.636363636363636,0.1,3.63636363636364,0.707070707070707
"1269",0.806451612903226,0.335056420258514,0.727272727272727,0.856818181818182,0.727272727272727,0.85,0.272727272727273,0.15,4.84848484848485,0.320855614973262
"1270",0.870967741935484,0.333347693119506,0.75,0.902173913043478,0.75,0.91304347826087,0.25,0.0869565217391305,8.62499999999999,0.273809523809524
"1271",0.838709677419355,0.372495290696806,0.736842105263158,0.901515151515151,0.777777777777778,0.863636363636364,0.222222222222222,0.136363636363636,5.7037037037037,0.257309941520468
"1272",0.870967741935484,0.366534639656308,0.818181818181818,0.922727272727273,0.818181818181818,0.9,0.181818181818182,0.1,8.18181818181818,0.202020202020202
"1273",0.774193548387097,0.408937379750733,0.533333333333333,0.815384615384615,0.8,0.769230769230769,0.2,0.230769230769231,3.46666666666667,0.26
"1274",0.741935483870968,0.387711045537498,0.428571428571429,0.807065217391304,0.375,0.869565217391304,0.625,0.130434782608696,2.875,0.71875
"1275",0.806451612903226,0.393176601652336,0.666666666666667,0.79047619047619,0.6,0.904761904761905,0.4,0.0952380952380952,6.3,0.442105263157895
"1276",0.903225806451613,0.332022678272717,0.857142857142857,0.991228070175439,0.75,1,0.25,0,Inf,0.25
"1277",0.741935483870968,0.382833162546675,0.692307692307692,0.857456140350877,0.75,0.736842105263158,0.25,0.263157894736842,2.85,0.339285714285714
"1278",0.806451612903226,0.375888546641465,0.666666666666667,0.815217391304348,0.75,0.826086956521739,0.25,0.173913043478261,4.3125,0.302631578947368
"1279",0.612903225806452,0.507642979353496,0.454545454545455,0.785087719298246,0.416666666666667,0.736842105263158,0.583333333333333,0.263157894736842,1.58333333333333,0.791666666666667
"1280",0.870967741935484,0.339154189798443,0.777777777777778,0.886363636363636,0.777777777777778,0.909090909090909,0.222222222222222,0.0909090909090909,8.55555555555555,0.244444444444444
"1281",0.838709677419355,0.339233630491219,0.761904761904762,0.906818181818182,0.727272727272727,0.9,0.272727272727273,0.1,7.27272727272727,0.303030303030303
"1282",0.67741935483871,0.489740245296783,0.5,0.758547008547009,0.384615384615385,0.888888888888889,0.615384615384615,0.111111111111111,3.46153846153846,0.692307692307692
"1283",0.870967741935484,0.275207699110845,0.75,0.91304347826087,0.75,0.91304347826087,0.25,0.0869565217391305,8.62499999999999,0.273809523809524
"1284",0.806451612903226,0.3642477856662,0.7,0.845959595959596,0.777777777777778,0.818181818181818,0.222222222222222,0.181818181818182,4.27777777777778,0.271604938271605
"1285",0.838709677419355,0.364835323690468,0.615384615384615,0.81547619047619,0.571428571428571,0.916666666666667,0.428571428571429,0.0833333333333334,6.85714285714285,0.467532467532468
"1286",0.870967741935484,0.332089305657807,0.75,0.910326086956522,0.75,0.91304347826087,0.25,0.0869565217391305,8.62499999999999,0.273809523809524
"1287",0.870967741935484,0.341849227102041,0.846153846153846,0.86965811965812,0.846153846153846,0.888888888888889,0.153846153846154,0.111111111111111,7.61538461538461,0.173076923076923
"1288",0.806451612903226,0.384169335098379,0.571428571428571,0.77020202020202,0.444444444444444,0.954545454545455,0.555555555555556,0.0454545454545454,9.77777777777779,0.582010582010582
"1289",0.870967741935484,0.338636744285927,0.8,0.895454545454546,0.727272727272727,0.95,0.272727272727273,0.05,14.5454545454545,0.287081339712919
"1290",0.774193548387097,0.397269703782909,0.631578947368421,0.79040404040404,0.666666666666667,0.818181818181818,0.333333333333333,0.181818181818182,3.66666666666667,0.407407407407407
"1291",0.838709677419355,0.35792204767948,0.782608695652174,0.921052631578947,0.75,0.894736842105263,0.25,0.105263157894737,7.125,0.279411764705882
"1292",0.741935483870968,0.466008779175208,0.636363636363636,0.772727272727273,0.636363636363636,0.8,0.363636363636364,0.2,3.18181818181818,0.454545454545455
"1293",0.806451612903226,0.348853666681717,0.571428571428571,0.907608695652174,0.5,0.91304347826087,0.5,0.0869565217391305,5.75,0.547619047619048
"1294",0.741935483870968,0.429784129651346,0.555555555555556,0.820652173913043,0.625,0.782608695652174,0.375,0.217391304347826,2.875,0.479166666666667
"1295",0.806451612903226,0.330810182465806,0.5,0.787037037037037,0.75,0.814814814814815,0.25,0.185185185185185,4.05,0.306818181818182
"1296",0.774193548387097,0.427473574826206,0.631578947368421,0.836363636363636,0.545454545454545,0.9,0.454545454545455,0.1,5.45454545454546,0.505050505050505
"1297",0.774193548387097,0.375662543002657,0.588235294117647,0.851190476190476,0.714285714285714,0.791666666666667,0.285714285714286,0.208333333333333,3.42857142857143,0.360902255639098
"1298",0.870967741935484,0.318779839938152,0.714285714285714,0.904891304347826,0.625,0.956521739130435,0.375,0.0434782608695652,14.375,0.392045454545455
"1299",0.741935483870968,0.438657915336708,0.555555555555556,0.838636363636364,0.454545454545455,0.9,0.545454545454545,0.1,4.54545454545455,0.606060606060606
"1300",0.774193548387097,0.360309861341965,0.588235294117647,0.880434782608696,0.625,0.826086956521739,0.375,0.173913043478261,3.59375,0.453947368421053
"1301",0.709677419354839,0.443205383623382,0.470588235294118,0.859090909090909,0.363636363636364,0.9,0.636363636363636,0.1,3.63636363636364,0.707070707070707
"1302",0.870967741935484,0.256715520782766,0.777777777777778,0.983695652173913,0.875,0.869565217391304,0.125,0.130434782608696,6.70833333333333,0.14375
"1303",0.806451612903226,0.390330377688743,0.75,0.835526315789474,0.75,0.842105263157895,0.25,0.157894736842105,4.75,0.296875
"1304",0.709677419354839,0.47038313023909,0.526315789473684,0.727272727272727,0.454545454545455,0.85,0.545454545454545,0.15,3.03030303030303,0.641711229946524
"1305",0.774193548387097,0.374935699560626,0.631578947368421,0.901785714285714,0.857142857142857,0.75,0.142857142857143,0.25,3.42857142857143,0.190476190476191
"1306",0.838709677419355,0.369406767353264,0.545454545454545,0.880952380952381,0.428571428571429,0.958333333333333,0.571428571428571,0.0416666666666666,10.2857142857143,0.596273291925466
"1307",0.838709677419355,0.317211085973629,0.736842105263158,0.929292929292929,0.777777777777778,0.863636363636364,0.222222222222222,0.136363636363636,5.7037037037037,0.257309941520468
"1308",0.774193548387097,0.378739676454307,0.740740740740741,0.890909090909091,0.909090909090909,0.7,0.0909090909090909,0.3,3.03030303030303,0.12987012987013
"1309",0.806451612903226,0.405548889420709,0.727272727272727,0.840909090909091,0.727272727272727,0.85,0.272727272727273,0.15,4.84848484848485,0.320855614973262
"1310",0.806451612903226,0.351641899078568,0.7,0.928571428571429,0.7,0.857142857142857,0.3,0.142857142857143,4.9,0.35
"1311",0.870967741935484,0.34026797453858,0.714285714285714,0.842261904761905,0.714285714285714,0.916666666666667,0.285714285714286,0.0833333333333334,8.57142857142857,0.311688311688312
"1312",0.806451612903226,0.367970134569232,0.7,0.893939393939394,0.777777777777778,0.818181818181818,0.222222222222222,0.181818181818182,4.27777777777778,0.271604938271605
"1313",0.774193548387097,0.389808330068553,0.631578947368421,0.835714285714286,0.6,0.857142857142857,0.4,0.142857142857143,4.2,0.466666666666667
"1314",0.903225806451613,0.295341201980165,0.842105263157895,0.954545454545454,0.888888888888889,0.909090909090909,0.111111111111111,0.0909090909090909,9.77777777777777,0.122222222222222
"1315",0.806451612903226,0.402140882636203,0.666666666666667,0.783333333333333,0.6,0.904761904761905,0.4,0.0952380952380952,6.3,0.442105263157895
"1316",0.709677419354839,0.464099174493481,0.571428571428571,0.740476190476191,0.6,0.761904761904762,0.4,0.238095238095238,2.52,0.525
"1317",0.806451612903226,0.326002379850804,0.666666666666667,0.857142857142857,0.857142857142857,0.791666666666667,0.142857142857143,0.208333333333333,4.11428571428571,0.180451127819549
"1318",0.838709677419355,0.331335733336922,0.736842105263158,0.919191919191919,0.777777777777778,0.863636363636364,0.222222222222222,0.136363636363636,5.7037037037037,0.257309941520468
"1319",0.806451612903226,0.409225222988373,0.5,0.808080808080808,0.333333333333333,1,0.666666666666667,0,Inf,0.666666666666667
"1320",0.838709677419355,0.316563536190464,0.705882352941177,0.898989898989899,0.666666666666667,0.909090909090909,0.333333333333333,0.0909090909090909,7.33333333333333,0.366666666666667
"1321",0.806451612903226,0.422181841106681,0.7,0.826190476190476,0.7,0.857142857142857,0.3,0.142857142857143,4.9,0.35
"1322",0.838709677419355,0.345802433243834,0.705882352941177,0.868686868686869,0.666666666666667,0.909090909090909,0.333333333333333,0.0909090909090909,7.33333333333333,0.366666666666667
"1323",0.806451612903226,0.39690072292263,0.7,0.893181818181818,0.636363636363636,0.9,0.363636363636364,0.1,6.36363636363637,0.404040404040404
"1324",0.774193548387097,0.367991475100322,0.461538461538462,0.776666666666667,0.5,0.84,0.5,0.16,3.125,0.595238095238095
"1325",0.774193548387097,0.426641053579322,0.631578947368421,0.907894736842105,0.5,0.947368421052632,0.5,0.0526315789473685,9.49999999999999,0.527777777777778
"1326",0.838709677419355,0.337395134320456,0.8,0.934210526315789,0.833333333333333,0.842105263157895,0.166666666666667,0.157894736842105,5.27777777777778,0.197916666666667
"1327",0.870967741935484,0.296343206542816,0.714285714285714,0.96,0.833333333333333,0.88,0.166666666666667,0.12,6.94444444444444,0.189393939393939
"1328",0.838709677419355,0.355339659526116,0.666666666666667,0.869565217391304,0.625,0.91304347826087,0.375,0.0869565217391305,7.1875,0.410714285714286
"1329",0.806451612903226,0.315305417730829,0.625,0.857142857142857,0.714285714285714,0.833333333333333,0.285714285714286,0.166666666666667,4.28571428571429,0.342857142857143
"1330",0.838709677419355,0.366710499577857,0.615384615384615,0.916666666666667,0.444444444444444,1,0.555555555555556,0,Inf,0.555555555555556
"1331",0.806451612903226,0.399322449707965,0.7,0.875,0.583333333333333,0.947368421052632,0.416666666666667,0.0526315789473685,11.0833333333333,0.439814814814815
"1332",0.903225806451613,0.289253490500982,0.769230769230769,0.952380952380952,0.714285714285714,0.958333333333333,0.285714285714286,0.0416666666666666,17.1428571428572,0.298136645962733
"1333",0.870967741935484,0.308381864901645,0.75,0.858695652173913,0.75,0.91304347826087,0.25,0.0869565217391305,8.62499999999999,0.273809523809524
"1334",0.774193548387097,0.363772248003656,0.588235294117647,0.853260869565217,0.625,0.826086956521739,0.375,0.173913043478261,3.59375,0.453947368421053
"1335",0.806451612903226,0.387924437367489,0.625,0.856060606060606,0.555555555555556,0.909090909090909,0.444444444444444,0.0909090909090909,6.11111111111111,0.488888888888889
"1336",0.741935483870968,0.438658057975146,0.636363636363636,0.855263157894737,0.583333333333333,0.842105263157895,0.416666666666667,0.157894736842105,3.69444444444444,0.494791666666667
"1337",0.838709677419355,0.346259510532344,0.761904761904762,0.919191919191919,0.888888888888889,0.818181818181818,0.111111111111111,0.181818181818182,4.88888888888889,0.135802469135803
"1338",0.870967741935484,0.330740923219288,0.666666666666667,0.989130434782609,0.5,1,0.5,0,Inf,0.5
"1339",0.774193548387097,0.408169316785742,0.666666666666667,0.852380952380952,0.7,0.80952380952381,0.3,0.19047619047619,3.675,0.370588235294118
"1340",0.838709677419355,0.305742765271535,0.705882352941177,0.889880952380952,0.857142857142857,0.833333333333333,0.142857142857143,0.166666666666667,5.14285714285714,0.171428571428571
"1341",0.838709677419355,0.301844916016449,0.782608695652174,0.957142857142857,0.9,0.80952380952381,0.1,0.19047619047619,4.725,0.123529411764706
"1342",0.870967741935484,0.261347541788499,0.8,0.989130434782609,1,0.826086956521739,0,0.173913043478261,5.75,0
"1343",0.741935483870968,0.428196907506985,0.6,0.82051282051282,0.461538461538462,0.944444444444444,0.538461538461538,0.0555555555555556,8.3076923076923,0.570135746606335
"1344",0.870967741935484,0.299647007690275,0.777777777777778,0.94949494949495,0.777777777777778,0.909090909090909,0.222222222222222,0.0909090909090909,8.55555555555555,0.244444444444444
"1345",0.838709677419355,0.29351927601291,0.705882352941177,0.946428571428571,0.857142857142857,0.833333333333333,0.142857142857143,0.166666666666667,5.14285714285714,0.171428571428571
"1346",0.774193548387097,0.368091066865909,0.631578947368421,0.883838383838384,0.666666666666667,0.818181818181818,0.333333333333333,0.181818181818182,3.66666666666667,0.407407407407407
"1347",0.903225806451613,0.310797977158386,0.88,0.95,1,0.85,0,0.15,6.66666666666667,0
"1348",0.774193548387097,0.385624277802525,0.72,0.861363636363636,0.818181818181818,0.75,0.181818181818182,0.25,3.27272727272727,0.242424242424242
"1349",0.806451612903226,0.365059865062593,0.666666666666667,0.896464646464646,0.666666666666667,0.863636363636364,0.333333333333333,0.136363636363636,4.88888888888889,0.385964912280702
"1350",0.774193548387097,0.351119879622826,0.631578947368421,0.891304347826087,0.75,0.782608695652174,0.25,0.217391304347826,3.45,0.319444444444444
"1351",0.870967741935484,0.368634861463318,0.818181818181818,0.881818181818182,0.818181818181818,0.9,0.181818181818182,0.1,8.18181818181818,0.202020202020202
"1352",0.838709677419355,0.343663328437244,0.761904761904762,0.906818181818182,0.727272727272727,0.9,0.272727272727273,0.1,7.27272727272727,0.303030303030303
"1353",0.838709677419355,0.322064184633043,0.736842105263158,0.935714285714286,0.7,0.904761904761905,0.3,0.0952380952380952,7.35,0.331578947368421
"1354",0.741935483870968,0.429500135126414,0.6,0.766304347826087,0.75,0.739130434782609,0.25,0.260869565217391,2.875,0.338235294117647
"1355",0.870967741935484,0.303145507927311,0.833333333333333,0.954545454545455,0.909090909090909,0.85,0.0909090909090909,0.15,6.06060606060606,0.106951871657754
"1356",0.838709677419355,0.368910450945516,0.761904761904762,0.925213675213675,0.615384615384615,1,0.384615384615385,0,Inf,0.384615384615385
"1357",0.741935483870968,0.340505888624381,0.5,0.830769230769231,0.8,0.730769230769231,0.2,0.269230769230769,2.97142857142857,0.273684210526316
"1358",0.806451612903226,0.418898562121706,0.769230769230769,0.787280701754386,0.833333333333333,0.789473684210526,0.166666666666667,0.210526315789474,3.95833333333333,0.211111111111111
"1359",0.870967741935484,0.329752598918569,0.75,0.872282608695652,0.75,0.91304347826087,0.25,0.0869565217391305,8.62499999999999,0.273809523809524
"1360",0.870967741935484,0.304818717076362,0.666666666666667,0.866666666666667,0.666666666666667,0.92,0.333333333333333,0.08,8.33333333333334,0.36231884057971
"1361",0.774193548387097,0.412235007064447,0.533333333333333,0.858695652173913,0.5,0.869565217391304,0.5,0.130434782608696,3.83333333333333,0.575
"1362",0.806451612903226,0.397627959278614,0.727272727272727,0.842857142857143,0.8,0.80952380952381,0.2,0.19047619047619,4.2,0.247058823529412
"1363",0.903225806451613,0.291590539211764,0.842105263157895,0.968181818181818,0.727272727272727,1,0.272727272727273,0,Inf,0.272727272727273
"1364",0.741935483870968,0.427091554708343,0.555555555555556,0.857142857142857,0.5,0.857142857142857,0.5,0.142857142857143,3.5,0.583333333333333
"1365",0.774193548387097,0.434472581828061,0.588235294117647,0.803571428571429,0.714285714285714,0.791666666666667,0.285714285714286,0.208333333333333,3.42857142857143,0.360902255639098
"1366",0.774193548387097,0.314188632847367,0.588235294117647,0.904761904761905,0.714285714285714,0.791666666666667,0.285714285714286,0.208333333333333,3.42857142857143,0.360902255639098
"1367",0.709677419354839,0.459850194909836,0.608695652173913,0.794117647058823,0.5,0.882352941176471,0.5,0.117647058823529,4.25,0.566666666666667
"1368",0.806451612903226,0.416624607759986,0.666666666666667,0.953947368421053,0.5,1,0.5,0,Inf,0.5
"1369",0.741935483870968,0.403945688456855,0.692307692307692,0.838636363636364,0.818181818181818,0.7,0.181818181818182,0.3,2.72727272727273,0.25974025974026
"1370",0.806451612903226,0.359546365634383,0.7,0.80952380952381,0.7,0.857142857142857,0.3,0.142857142857143,4.9,0.35
"1371",0.806451612903226,0.365157760799715,0.7,0.893939393939394,0.777777777777778,0.818181818181818,0.222222222222222,0.181818181818182,4.27777777777778,0.271604938271605
"1372",0.806451612903226,0.400361542394074,0.571428571428571,0.831521739130435,0.5,0.91304347826087,0.5,0.0869565217391305,5.75,0.547619047619048
"1373",0.709677419354839,0.37226656853498,0.571428571428571,0.835714285714286,0.6,0.761904761904762,0.4,0.238095238095238,2.52,0.525
"1374",0.67741935483871,0.500763774876322,0.444444444444444,0.818376068376068,0.307692307692308,0.944444444444444,0.692307692307692,0.0555555555555556,5.53846153846154,0.733031674208145
"1375",0.774193548387097,0.442263556643072,0.666666666666667,0.854700854700855,0.538461538461538,0.944444444444444,0.461538461538462,0.0555555555555556,9.69230769230769,0.48868778280543
"1376",0.806451612903226,0.403025515133001,0.666666666666667,0.835714285714286,0.6,0.904761904761905,0.4,0.0952380952380952,6.3,0.442105263157895
"1377",0.806451612903226,0.31406496835865,0.625,0.913333333333333,0.833333333333333,0.8,0.166666666666667,0.2,4.16666666666667,0.208333333333333
"1378",0.903225806451613,0.306506793827245,0.842105263157895,0.959090909090909,0.727272727272727,1,0.272727272727273,0,Inf,0.272727272727273
"1379",0.838709677419355,0.334658641592315,0.545454545454545,0.819230769230769,0.6,0.884615384615385,0.4,0.115384615384615,5.2,0.452173913043478
"1380",0.806451612903226,0.361270449865756,0.7,0.883152173913043,0.875,0.782608695652174,0.125,0.217391304347826,4.025,0.159722222222222
"1381",0.903225806451613,0.313870553543081,0.823529411764706,0.901515151515151,0.777777777777778,0.954545454545455,0.222222222222222,0.0454545454545454,17.1111111111111,0.232804232804233
"1382",0.903225806451613,0.285363936695668,0.842105263157895,0.929292929292929,0.888888888888889,0.909090909090909,0.111111111111111,0.0909090909090909,9.77777777777777,0.122222222222222
"1383",0.838709677419355,0.35783758908385,0.705882352941177,0.845959595959596,0.666666666666667,0.909090909090909,0.333333333333333,0.0909090909090909,7.33333333333333,0.366666666666667
"1384",0.67741935483871,0.453808188889139,0,0.714673913043478,0,0.91304347826087,1,0.0869565217391305,0,1.0952380952381
"1385",0.870967741935484,0.350788934788211,0.846153846153846,0.915966386554622,0.785714285714286,0.941176470588235,0.214285714285714,0.0588235294117647,13.3571428571429,0.227678571428571
"1386",0.774193548387097,0.373184897536431,0.461538461538462,0.823369565217391,0.375,0.91304347826087,0.625,0.0869565217391305,4.3125,0.68452380952381
"1387",0.838709677419355,0.33654951411378,0.736842105263158,0.914141414141414,0.777777777777778,0.863636363636364,0.222222222222222,0.136363636363636,5.7037037037037,0.257309941520468
"1388",0.838709677419355,0.343423717066618,0.736842105263158,0.868181818181818,0.636363636363636,0.95,0.363636363636364,0.05,12.7272727272727,0.382775119617225
"1389",0.774193548387097,0.400385987142986,0.695652173913043,0.864035087719298,0.666666666666667,0.842105263157895,0.333333333333333,0.157894736842105,4.22222222222222,0.395833333333333
"1390",0.709677419354839,0.466192187348002,0.526315789473684,0.775,0.454545454545455,0.85,0.545454545454545,0.15,3.03030303030303,0.641711229946524
"1391",0.838709677419355,0.372685970156824,0.705882352941177,0.883838383838384,0.666666666666667,0.909090909090909,0.333333333333333,0.0909090909090909,7.33333333333333,0.366666666666667
"1392",0.838709677419355,0.391633715008106,0.705882352941177,0.787878787878788,0.666666666666667,0.909090909090909,0.333333333333333,0.0909090909090909,7.33333333333333,0.366666666666667
"1393",0.741935483870968,0.447094362866821,0.6,0.841880341880342,0.461538461538462,0.944444444444444,0.538461538461538,0.0555555555555556,8.3076923076923,0.570135746606335
"1394",0.838709677419355,0.34915394425865,0.736842105263158,0.873809523809524,0.7,0.904761904761905,0.3,0.0952380952380952,7.35,0.331578947368421
"1395",0.741935483870968,0.404479744058202,0.555555555555556,0.888157894736842,0.416666666666667,0.947368421052632,0.583333333333333,0.0526315789473685,7.91666666666666,0.615740740740741
"1396",0.838709677419355,0.33482514395812,0.736842105263158,0.891304347826087,0.875,0.826086956521739,0.125,0.173913043478261,5.03125,0.151315789473684
"1397",0.709677419354839,0.423670654837846,0.571428571428571,0.88034188034188,0.461538461538462,0.888888888888889,0.538461538461538,0.111111111111111,4.15384615384615,0.605769230769231
"1398",0.645161290322581,0.465569262034093,0.352941176470588,0.734848484848485,0.333333333333333,0.772727272727273,0.666666666666667,0.227272727272727,1.46666666666667,0.862745098039216
"1399",0.935483870967742,0.29476756516193,0.909090909090909,0.954545454545454,0.909090909090909,0.95,0.0909090909090909,0.05,18.1818181818182,0.0956937799043063
"1400",0.838709677419355,0.351290912496248,0.8,0.913636363636364,0.909090909090909,0.8,0.0909090909090909,0.2,4.54545454545455,0.113636363636364
"1401",0.709677419354839,0.474553164891379,0.608695652173913,0.699561403508772,0.583333333333333,0.789473684210526,0.416666666666667,0.210526315789474,2.77083333333333,0.527777777777778
"1402",0.806451612903226,0.343085729031206,0.7,0.928571428571429,0.7,0.857142857142857,0.3,0.142857142857143,4.9,0.35
"1403",0.870967741935484,0.315974662236448,0.75,0.877717391304348,0.75,0.91304347826087,0.25,0.0869565217391305,8.62499999999999,0.273809523809524
"1404",0.741935483870968,0.363490982820285,0.6,0.851010101010101,0.666666666666667,0.772727272727273,0.333333333333333,0.227272727272727,2.93333333333333,0.431372549019608
"1405",0.774193548387097,0.414152098936296,0.740740740740741,0.863247863247863,0.769230769230769,0.777777777777778,0.230769230769231,0.222222222222222,3.46153846153846,0.296703296703297
"1406",0.806451612903226,0.373903434658092,0.7,0.858585858585859,0.777777777777778,0.818181818181818,0.222222222222222,0.181818181818182,4.27777777777778,0.271604938271605
"1407",0.806451612903226,0.335962372831857,0.625,0.866161616161616,0.555555555555556,0.909090909090909,0.444444444444444,0.0909090909090909,6.11111111111111,0.488888888888889
"1408",0.741935483870968,0.343188350165564,0.5,0.87797619047619,0.571428571428571,0.791666666666667,0.428571428571429,0.208333333333333,2.74285714285714,0.541353383458647
"1409",0.870967741935484,0.281875305565276,0.75,0.946666666666667,1,0.84,0,0.16,6.25,0
"1410",0.774193548387097,0.357574019268587,0.222222222222222,0.863333333333333,0.166666666666667,0.92,0.833333333333333,0.08,2.08333333333333,0.905797101449275
"1411",0.806451612903226,0.365658873067777,0.727272727272727,0.901315789473684,0.666666666666667,0.894736842105263,0.333333333333333,0.105263157894737,6.33333333333333,0.372549019607843
"1412",0.838709677419355,0.319734509511847,0.736842105263158,0.95,0.7,0.904761904761905,0.3,0.0952380952380952,7.35,0.331578947368421
"1413",0.870967741935484,0.311717623940293,0.777777777777778,0.929292929292929,0.777777777777778,0.909090909090909,0.222222222222222,0.0909090909090909,8.55555555555555,0.244444444444444
"1414",0.870967741935484,0.334752643369096,0.777777777777778,0.929292929292929,0.777777777777778,0.909090909090909,0.222222222222222,0.0909090909090909,8.55555555555555,0.244444444444444
"1415",0.774193548387097,0.344198666380308,0.588235294117647,0.898809523809524,0.714285714285714,0.791666666666667,0.285714285714286,0.208333333333333,3.42857142857143,0.360902255639098
"1416",0.870967741935484,0.316155054813197,0.75,0.928571428571428,0.857142857142857,0.875,0.142857142857143,0.125,6.85714285714286,0.163265306122449
"1417",0.774193548387097,0.424333802674417,0.72,0.82563025210084,0.642857142857143,0.882352941176471,0.357142857142857,0.117647058823529,5.46428571428571,0.404761904761905
"1418",0.645161290322581,0.489451965875001,0.56,0.777310924369748,0.5,0.764705882352941,0.5,0.235294117647059,2.125,0.653846153846154
"1419",0.838709677419355,0.314740987421547,0.736842105263158,0.94047619047619,1,0.791666666666667,0,0.208333333333333,4.8,0
"1420",0.774193548387097,0.405683951019216,0.631578947368421,0.808080808080808,0.666666666666667,0.818181818181818,0.333333333333333,0.181818181818182,3.66666666666667,0.407407407407407
"1421",0.806451612903226,0.423433855090938,0.785714285714286,0.83974358974359,0.846153846153846,0.777777777777778,0.153846153846154,0.222222222222222,3.80769230769231,0.197802197802198
"1422",0.838709677419355,0.343880682664849,0.615384615384615,0.89945652173913,0.5,0.956521739130435,0.5,0.0434782608695652,11.5,0.522727272727273
"1423",0.806451612903226,0.336299392330089,0.7,0.914141414141414,0.777777777777778,0.818181818181818,0.222222222222222,0.181818181818182,4.27777777777778,0.271604938271605
"1424",0.774193548387097,0.413686053013655,0.533333333333333,0.77020202020202,0.444444444444444,0.909090909090909,0.555555555555556,0.0909090909090909,4.88888888888889,0.611111111111111
"1425",0.838709677419355,0.352234246214132,0.666666666666667,0.833333333333333,0.714285714285714,0.875,0.285714285714286,0.125,5.71428571428571,0.326530612244898
"1426",0.806451612903226,0.352246634470775,0.7,0.881818181818182,0.636363636363636,0.9,0.363636363636364,0.1,6.36363636363637,0.404040404040404
"1427",0.774193548387097,0.432828850343776,0.631578947368421,0.848290598290598,0.461538461538462,1,0.538461538461538,0,Inf,0.538461538461538
"1428",0.741935483870968,0.363512540769875,0.5,0.88,0.666666666666667,0.76,0.333333333333333,0.24,2.77777777777778,0.43859649122807
"1429",0.741935483870968,0.434775405465417,0.5,0.802380952380952,0.4,0.904761904761905,0.6,0.0952380952380952,4.2,0.663157894736842
"1430",0.709677419354839,0.417184753665827,0.526315789473684,0.807142857142857,0.5,0.80952380952381,0.5,0.19047619047619,2.625,0.617647058823529
"1431",0.838709677419355,0.31291056103345,0.761904761904762,0.944444444444444,0.888888888888889,0.818181818181818,0.111111111111111,0.181818181818182,4.88888888888889,0.135802469135803
"1432",0.774193548387097,0.389245729063764,0.695652173913043,0.864035087719298,0.666666666666667,0.842105263157895,0.333333333333333,0.157894736842105,4.22222222222222,0.395833333333333
"1433",0.806451612903226,0.328254746383514,0.625,0.843434343434343,0.555555555555556,0.909090909090909,0.444444444444444,0.0909090909090909,6.11111111111111,0.488888888888889
"1434",0.806451612903226,0.328976051864149,0.727272727272727,0.919191919191919,0.888888888888889,0.772727272727273,0.111111111111111,0.227272727272727,3.91111111111111,0.143790849673203
"1435",0.774193548387097,0.425709017564001,0.631578947368421,0.847826086956522,0.75,0.782608695652174,0.25,0.217391304347826,3.45,0.319444444444444
"1436",0.806451612903226,0.391315426833142,0.7,0.923913043478261,0.875,0.782608695652174,0.125,0.217391304347826,4.025,0.159722222222222
"1437",0.806451612903226,0.379186266766152,0.625,0.927272727272727,0.454545454545455,1,0.545454545454545,0,Inf,0.545454545454545
"1438",0.870967741935484,0.309568211123456,0.666666666666667,0.919230769230769,0.8,0.884615384615385,0.2,0.115384615384615,6.93333333333333,0.226086956521739
"1439",0.774193548387097,0.374758850566131,0.631578947368421,0.85054347826087,0.75,0.782608695652174,0.25,0.217391304347826,3.45,0.319444444444444
"1440",0.806451612903226,0.347884212006984,0.625,0.833333333333333,0.833333333333333,0.8,0.166666666666667,0.2,4.16666666666667,0.208333333333333
"1441",0.838709677419355,0.35898916570145,0.615384615384615,0.940217391304348,0.5,0.956521739130435,0.5,0.0434782608695652,11.5,0.522727272727273
"1442",0.870967741935484,0.321048418619178,0.777777777777778,0.929292929292929,0.777777777777778,0.909090909090909,0.222222222222222,0.0909090909090909,8.55555555555555,0.244444444444444
"1443",0.806451612903226,0.401499363528686,0.7,0.867521367521368,0.538461538461538,1,0.461538461538462,0,Inf,0.461538461538462
"1444",0.709677419354839,0.405721509983717,0.571428571428571,0.872727272727273,0.545454545454545,0.8,0.454545454545455,0.2,2.72727272727273,0.568181818181818
"1445",0.774193548387097,0.430957900557433,0.666666666666667,0.835526315789474,0.583333333333333,0.894736842105263,0.416666666666667,0.105263157894737,5.54166666666667,0.465686274509804
"1446",0.774193548387097,0.41772321605446,0.666666666666667,0.888157894736842,0.583333333333333,0.894736842105263,0.416666666666667,0.105263157894737,5.54166666666667,0.465686274509804
"1447",0.838709677419355,0.388537845021022,0.705882352941177,0.880434782608696,0.75,0.869565217391304,0.25,0.130434782608696,5.75,0.2875
"1448",0.741935483870968,0.425449256211479,0.666666666666667,0.846153846153846,0.615384615384615,0.833333333333333,0.384615384615385,0.166666666666667,3.69230769230769,0.461538461538461
"1449",0.806451612903226,0.392079882815596,0.571428571428571,0.836309523809524,0.571428571428571,0.875,0.428571428571429,0.125,4.57142857142857,0.489795918367347
"1450",0.838709677419355,0.362772056160405,0.705882352941177,0.904040404040404,0.666666666666667,0.909090909090909,0.333333333333333,0.0909090909090909,7.33333333333333,0.366666666666667
"1451",0.838709677419355,0.377132407887963,0.736842105263158,0.873809523809524,0.7,0.904761904761905,0.3,0.0952380952380952,7.35,0.331578947368421
"1452",0.67741935483871,0.47657789020713,0.545454545454545,0.738095238095238,0.6,0.714285714285714,0.4,0.285714285714286,2.1,0.56
"1453",0.870967741935484,0.258281741370572,0.714285714285714,0.953333333333333,0.833333333333333,0.88,0.166666666666667,0.12,6.94444444444444,0.189393939393939
"1454",0.838709677419355,0.340212572451024,0.782608695652174,0.913636363636364,0.818181818181818,0.85,0.181818181818182,0.15,5.45454545454545,0.213903743315508
"1455",0.774193548387097,0.358857032151978,0.631578947368421,0.89047619047619,0.6,0.857142857142857,0.4,0.142857142857143,4.2,0.466666666666667
"1456",0.741935483870968,0.414651674038294,0.5,0.726190476190476,0.571428571428571,0.791666666666667,0.428571428571429,0.208333333333333,2.74285714285714,0.541353383458647
"1457",0.645161290322581,0.458816789097704,0.421052631578947,0.692857142857143,0.4,0.761904761904762,0.6,0.238095238095238,1.68,0.7875
"1458",0.838709677419355,0.376846841505881,0.545454545454545,0.869565217391304,0.375,1,0.625,0,Inf,0.625
"1459",0.806451612903226,0.362097852823529,0.769230769230769,0.92436974789916,0.714285714285714,0.882352941176471,0.285714285714286,0.117647058823529,6.07142857142857,0.323809523809524
"1460",0.806451612903226,0.342467348706586,0.571428571428571,0.857142857142857,0.571428571428571,0.875,0.428571428571429,0.125,4.57142857142857,0.489795918367347
"1461",0.903225806451613,0.336192671652874,0.823529411764706,0.940217391304348,0.875,0.91304347826087,0.125,0.0869565217391305,10.0625,0.136904761904762
"1462",0.838709677419355,0.37237388845774,0.666666666666667,0.888888888888889,0.555555555555556,0.954545454545455,0.444444444444444,0.0454545454545454,12.2222222222222,0.465608465608466
"1463",0.741935483870968,0.410225863465245,0.5,0.767676767676768,0.444444444444444,0.863636363636364,0.555555555555556,0.136363636363636,3.25925925925926,0.64327485380117
"1464",0.774193548387097,0.377219669341009,0.695652173913043,0.881818181818182,0.727272727272727,0.8,0.272727272727273,0.2,3.63636363636364,0.340909090909091
"1465",0.67741935483871,0.474776803264108,0.583333333333333,0.75,0.538461538461538,0.777777777777778,0.461538461538462,0.222222222222222,2.42307692307692,0.593406593406593
"1466",0.774193548387097,0.371517494233767,0.72,0.914529914529915,0.692307692307692,0.833333333333333,0.307692307692308,0.166666666666667,4.15384615384616,0.369230769230769
"1467",0.870967741935484,0.275135428987277,0.777777777777778,0.964646464646465,0.777777777777778,0.909090909090909,0.222222222222222,0.0909090909090909,8.55555555555555,0.244444444444444
"1468",0.774193548387097,0.416699436044155,0.533333333333333,0.927272727272727,0.363636363636364,1,0.636363636363636,0,Inf,0.636363636363636
"1469",0.838709677419355,0.331035820871412,0.666666666666667,0.81547619047619,0.714285714285714,0.875,0.285714285714286,0.125,5.71428571428571,0.326530612244898
"1470",0.612903225806452,0.501953136668233,0.4,0.714912280701754,0.333333333333333,0.789473684210526,0.666666666666667,0.210526315789474,1.58333333333333,0.844444444444445
"1471",0.806451612903226,0.397031181114002,0.666666666666667,0.876190476190476,0.6,0.904761904761905,0.4,0.0952380952380952,6.3,0.442105263157895
"1472",0.838709677419355,0.338129505801922,0.285714285714286,0.619047619047619,0.333333333333333,0.892857142857143,0.666666666666667,0.107142857142857,3.11111111111111,0.746666666666667
"1473",0.741935483870968,0.427958508155939,0.6,0.859649122807018,0.5,0.894736842105263,0.5,0.105263157894737,4.75,0.558823529411765
"1474",0.838709677419355,0.371756198432248,0.705882352941177,0.9,0.6,0.952380952380952,0.4,0.0476190476190477,12.6,0.42
"1475",0.838709677419355,0.379200647855734,0.705882352941177,0.876262626262626,0.666666666666667,0.909090909090909,0.333333333333333,0.0909090909090909,7.33333333333333,0.366666666666667
"1476",0.806451612903226,0.390218694432997,0.666666666666667,0.865909090909091,0.545454545454545,0.95,0.454545454545455,0.05,10.9090909090909,0.478468899521531
"1477",0.870967741935484,0.320263258039088,0.75,0.934343434343434,0.666666666666667,0.954545454545455,0.333333333333333,0.0454545454545454,14.6666666666667,0.349206349206349
"1478",0.806451612903226,0.359381995342706,0.666666666666667,0.830357142857143,0.857142857142857,0.791666666666667,0.142857142857143,0.208333333333333,4.11428571428571,0.180451127819549
"1479",0.709677419354839,0.38376896518956,0.4,0.806666666666667,0.5,0.76,0.5,0.24,2.08333333333333,0.657894736842105
"1480",0.806451612903226,0.347372254693974,0.5,0.833333333333333,0.75,0.814814814814815,0.25,0.185185185185185,4.05,0.306818181818182
"1481",0.903225806451613,0.27651334747785,0.769230769230769,0.94,0.833333333333333,0.92,0.166666666666667,0.08,10.4166666666667,0.181159420289855
"1482",0.774193548387097,0.341444102390632,0.588235294117647,0.913333333333333,0.833333333333333,0.76,0.166666666666667,0.24,3.47222222222222,0.219298245614035
"1483",0.838709677419355,0.369793403326769,0.736842105263158,0.792929292929293,0.777777777777778,0.863636363636364,0.222222222222222,0.136363636363636,5.7037037037037,0.257309941520468
"1484",0.741935483870968,0.43451011974617,0.555555555555556,0.830808080808081,0.555555555555556,0.818181818181818,0.444444444444444,0.181818181818182,3.05555555555556,0.54320987654321
"1485",0.774193548387097,0.379413700455327,0.588235294117647,0.785714285714286,0.5,0.904761904761905,0.5,0.0952380952380952,5.25,0.552631578947368
"1486",0.870967741935484,0.300082266889814,0.714285714285714,0.880434782608696,0.625,0.956521739130435,0.375,0.0434782608695652,14.375,0.392045454545455
"1487",0.806451612903226,0.35790813388536,0.785714285714286,0.871794871794872,0.846153846153846,0.777777777777778,0.153846153846154,0.222222222222222,3.80769230769231,0.197802197802198
"1488",0.870967741935484,0.255499128002365,0.75,0.898809523809524,0.857142857142857,0.875,0.142857142857143,0.125,6.85714285714286,0.163265306122449
"1489",0.838709677419355,0.376943090044061,0.761904761904762,0.914473684210526,0.666666666666667,0.947368421052632,0.333333333333333,0.0526315789473685,12.6666666666667,0.351851851851852
"1490",0.806451612903226,0.382939979845888,0.785714285714286,0.88034188034188,0.846153846153846,0.777777777777778,0.153846153846154,0.222222222222222,3.80769230769231,0.197802197802198
"1491",0.935483870967742,0.281654201903614,0.833333333333333,0.898809523809524,0.714285714285714,1,0.285714285714286,0,Inf,0.285714285714286
"1492",0.806451612903226,0.325936566521816,0.727272727272727,0.94047619047619,0.8,0.80952380952381,0.2,0.19047619047619,4.2,0.247058823529412
"1493",0.870967741935484,0.243467489030263,0.777777777777778,0.983695652173913,0.875,0.869565217391304,0.125,0.130434782608696,6.70833333333333,0.14375
"1494",0.741935483870968,0.418283725208291,0.636363636363636,0.840909090909091,0.636363636363636,0.8,0.363636363636364,0.2,3.18181818181818,0.454545454545455
"1495",0.967741935483871,0.253969691879898,0.947368421052632,1,0.9,1,0.1,0,Inf,0.1
"1496",0.806451612903226,0.333390918802894,0.571428571428571,0.875,0.571428571428571,0.875,0.428571428571429,0.125,4.57142857142857,0.489795918367347
"1497",0.774193548387097,0.39113117007485,0.631578947368421,0.833333333333333,0.6,0.857142857142857,0.4,0.142857142857143,4.2,0.466666666666667
"1498",0.870967741935484,0.346405128074603,0.818181818181818,0.925438596491228,0.75,0.947368421052632,0.25,0.0526315789473685,14.25,0.263888888888889
"1499",0.870967741935484,0.32242490073062,0.8,0.952380952380952,0.8,0.904761904761905,0.2,0.0952380952380952,8.4,0.221052631578947
"1500",0.838709677419355,0.313761581724365,0.705882352941177,0.96,1,0.8,0,0.2,5,0
"1501",0.838709677419355,0.332367864178201,0.705882352941177,0.921717171717172,0.666666666666667,0.909090909090909,0.333333333333333,0.0909090909090909,7.33333333333333,0.366666666666667
"1502",0.870967741935484,0.330224940552851,0.714285714285714,0.901515151515151,0.555555555555556,1,0.444444444444444,0,Inf,0.444444444444444
"1503",0.709677419354839,0.380010422689135,0.470588235294118,0.818181818181818,0.444444444444444,0.818181818181818,0.555555555555556,0.181818181818182,2.44444444444445,0.679012345679012
"1504",0.838709677419355,0.328891280535546,0.736842105263158,0.914141414141414,0.777777777777778,0.863636363636364,0.222222222222222,0.136363636363636,5.7037037037037,0.257309941520468
"1505",0.806451612903226,0.374748493348545,0.7,0.870454545454545,0.636363636363636,0.9,0.363636363636364,0.1,6.36363636363637,0.404040404040404
"1506",0.774193548387097,0.405228916267249,0.533333333333333,0.800595238095238,0.571428571428571,0.833333333333333,0.428571428571429,0.166666666666667,3.42857142857143,0.514285714285714
"1507",0.806451612903226,0.340266918290315,0.5,0.819444444444444,0.75,0.814814814814815,0.25,0.185185185185185,4.05,0.306818181818182
"1508",0.806451612903226,0.342404898825963,0.666666666666667,0.891304347826087,0.75,0.826086956521739,0.25,0.173913043478261,4.3125,0.302631578947368
"1509",0.806451612903226,0.346550801048408,0.666666666666667,0.91304347826087,0.75,0.826086956521739,0.25,0.173913043478261,4.3125,0.302631578947368
"1510",0.774193548387097,0.379311004809741,0.72,0.877272727272727,0.818181818181818,0.75,0.181818181818182,0.25,3.27272727272727,0.242424242424242
"1511",0.709677419354839,0.470737531906864,0.666666666666667,0.76875,0.6,0.8125,0.4,0.1875,3.2,0.492307692307692
"1512",0.806451612903226,0.406746691183383,0.666666666666667,0.878571428571429,0.6,0.904761904761905,0.4,0.0952380952380952,6.3,0.442105263157895
"1513",0.709677419354839,0.378796309767395,0.571428571428571,0.855978260869565,0.75,0.695652173913043,0.25,0.304347826086957,2.46428571428571,0.359375
"1514",0.806451612903226,0.392244215508694,0.7,0.864035087719298,0.583333333333333,0.947368421052632,0.416666666666667,0.0526315789473685,11.0833333333333,0.439814814814815
"1515",0.870967741935484,0.343575821888981,0.75,0.923913043478261,0.75,0.91304347826087,0.25,0.0869565217391305,8.62499999999999,0.273809523809524
"1516",0.870967741935484,0.342722844687013,0.714285714285714,0.827380952380952,0.714285714285714,0.916666666666667,0.285714285714286,0.0833333333333334,8.57142857142857,0.311688311688312
"1517",0.870967741935484,0.2999442712592,0.777777777777778,0.940217391304348,0.875,0.869565217391304,0.125,0.130434782608696,6.70833333333333,0.14375
"1518",0.838709677419355,0.310433388307731,0.444444444444444,0.880952380952381,0.666666666666667,0.857142857142857,0.333333333333333,0.142857142857143,4.66666666666667,0.388888888888889
"1519",0.741935483870968,0.384733463739133,0.6,0.816666666666667,0.6,0.80952380952381,0.4,0.19047619047619,3.15,0.494117647058824
"1520",0.838709677419355,0.307820056288228,0.615384615384615,0.848214285714286,0.571428571428571,0.916666666666667,0.428571428571429,0.0833333333333334,6.85714285714285,0.467532467532468
"1521",0.806451612903226,0.426083333359694,0.769230769230769,0.824786324786325,0.769230769230769,0.833333333333333,0.230769230769231,0.166666666666667,4.61538461538462,0.276923076923077
"1522",0.838709677419355,0.343048754539447,0.782608695652174,0.881818181818182,0.818181818181818,0.85,0.181818181818182,0.15,5.45454545454545,0.213903743315508
"1523",0.903225806451613,0.319204027484676,0.823529411764706,0.856060606060606,0.777777777777778,0.954545454545455,0.222222222222222,0.0454545454545454,17.1111111111111,0.232804232804233
"1524",0.774193548387097,0.368192562443592,0.631578947368421,0.875,0.75,0.782608695652174,0.25,0.217391304347826,3.45,0.319444444444444
"1525",0.774193548387097,0.344850268403448,0.533333333333333,0.891304347826087,0.5,0.869565217391304,0.5,0.130434782608696,3.83333333333333,0.575
"1526",0.838709677419355,0.323230191548825,0.705882352941177,0.940217391304348,0.75,0.869565217391304,0.25,0.130434782608696,5.75,0.2875
"1527",0.806451612903226,0.383992198138023,0.666666666666667,0.831521739130435,0.75,0.826086956521739,0.25,0.173913043478261,4.3125,0.302631578947368
"1528",0.741935483870968,0.41554285268451,0.6,0.897435897435897,0.461538461538462,0.944444444444444,0.538461538461538,0.0555555555555556,8.3076923076923,0.570135746606335
"1529",0.741935483870968,0.410756764354154,0.5,0.709239130434783,0.5,0.826086956521739,0.5,0.173913043478261,2.875,0.605263157894737
"1530",0.806451612903226,0.371881781382484,0.75,0.914529914529915,0.692307692307692,0.888888888888889,0.307692307692308,0.111111111111111,6.23076923076923,0.346153846153846
"1531",0.774193548387097,0.407266412859092,0.588235294117647,0.797979797979798,0.555555555555556,0.863636363636364,0.444444444444444,0.136363636363636,4.07407407407407,0.514619883040936
"1532",0.709677419354839,0.45098784624003,0.526315789473684,0.773809523809524,0.5,0.80952380952381,0.5,0.19047619047619,2.625,0.617647058823529
"1533",0.838709677419355,0.300123565559307,0.705882352941177,0.953333333333333,1,0.8,0,0.2,5,0
"1534",0.774193548387097,0.43906125205947,0.666666666666667,0.762626262626263,0.777777777777778,0.772727272727273,0.222222222222222,0.227272727272727,3.42222222222222,0.287581699346405
"1535",0.741935483870968,0.33266350696504,0.6,0.928571428571429,0.857142857142857,0.708333333333333,0.142857142857143,0.291666666666667,2.93877551020408,0.201680672268908
"1536",0.774193548387097,0.355565526947824,0.533333333333333,0.907608695652174,0.5,0.869565217391304,0.5,0.130434782608696,3.83333333333333,0.575
"1537",0.709677419354839,0.407533950883487,0.571428571428571,0.833333333333333,0.666666666666667,0.727272727272727,0.333333333333333,0.272727272727273,2.44444444444444,0.458333333333333
"1538",0.806451612903226,0.320841456122653,0.625,0.907608695652174,0.625,0.869565217391304,0.375,0.130434782608696,4.79166666666667,0.43125
"1539",0.806451612903226,0.346491407883232,0.7,0.91304347826087,0.875,0.782608695652174,0.125,0.217391304347826,4.025,0.159722222222222
"1540",0.612903225806452,0.498560979844908,0.454545454545455,0.704761904761905,0.5,0.666666666666667,0.5,0.333333333333333,1.5,0.75
"1541",0.741935483870968,0.344846601467388,0.6,0.904761904761905,0.857142857142857,0.708333333333333,0.142857142857143,0.291666666666667,2.93877551020408,0.201680672268908
"1542",0.838709677419355,0.331886584573759,0.666666666666667,0.953846153846154,1,0.807692307692308,0,0.192307692307692,5.2,0
"1543",0.774193548387097,0.392986252040702,0.363636363636364,0.776666666666667,0.333333333333333,0.88,0.666666666666667,0.12,2.77777777777778,0.757575757575758
"1544",0.870967741935484,0.294321005902179,0.666666666666667,0.903333333333333,0.666666666666667,0.92,0.333333333333333,0.08,8.33333333333334,0.36231884057971
"1545",0.774193548387097,0.453235607734649,0.695652173913043,0.833333333333333,0.615384615384615,0.888888888888889,0.384615384615385,0.111111111111111,5.53846153846154,0.432692307692308
"1546",0.870967741935484,0.254358965746209,0.75,0.976190476190476,0.857142857142857,0.875,0.142857142857143,0.125,6.85714285714286,0.163265306122449
"1547",0.67741935483871,0.451321761436141,0.666666666666667,0.789473684210526,0.833333333333333,0.578947368421053,0.166666666666667,0.421052631578947,1.97916666666667,0.287878787878788
"1548",0.806451612903226,0.356626209525253,0.7,0.883333333333333,0.7,0.857142857142857,0.3,0.142857142857143,4.9,0.35
"1549",0.838709677419355,0.343607802032886,0.761904761904762,0.914285714285714,0.8,0.857142857142857,0.2,0.142857142857143,5.6,0.233333333333333
"1550",0.709677419354839,0.413004152973973,0.689655172413793,0.852564102564103,0.769230769230769,0.666666666666667,0.230769230769231,0.333333333333333,2.30769230769231,0.346153846153846
"1551",0.838709677419355,0.385342744213399,0.761904761904762,0.905701754385965,0.666666666666667,0.947368421052632,0.333333333333333,0.0526315789473685,12.6666666666667,0.351851851851852
"1552",0.806451612903226,0.374476153569933,0.727272727272727,0.845238095238095,0.8,0.80952380952381,0.2,0.19047619047619,4.2,0.247058823529412
"1553",0.838709677419355,0.360290531925772,0.705882352941177,0.927272727272727,0.545454545454545,1,0.454545454545455,0,Inf,0.454545454545455
"1554",0.774193548387097,0.405006317806411,0.666666666666667,0.912393162393162,0.538461538461538,0.944444444444444,0.461538461538462,0.0555555555555556,9.69230769230769,0.48868778280543
"1555",0.806451612903226,0.377155632292314,0.666666666666667,0.845238095238095,0.6,0.904761904761905,0.4,0.0952380952380952,6.3,0.442105263157895
"1556",0.903225806451613,0.301549849774454,0.888888888888889,0.974358974358974,0.923076923076923,0.888888888888889,0.0769230769230769,0.111111111111111,8.3076923076923,0.0865384615384615
"1557",0.709677419354839,0.438721966006983,0.470588235294118,0.785326086956522,0.5,0.782608695652174,0.5,0.217391304347826,2.3,0.638888888888889
"1558",0.806451612903226,0.370403356739409,0.625,0.752717391304348,0.625,0.869565217391304,0.375,0.130434782608696,4.79166666666667,0.43125
"1559",0.774193548387097,0.381760115426264,0.695652173913043,0.934782608695652,1,0.695652173913043,0,0.304347826086957,3.28571428571429,0
"1560",0.709677419354839,0.483521046468158,0.526315789473684,0.80672268907563,0.357142857142857,1,0.642857142857143,0,Inf,0.642857142857143
"1561",0.774193548387097,0.38011064469325,0.666666666666667,0.857142857142857,0.7,0.80952380952381,0.3,0.19047619047619,3.675,0.370588235294118
"1562",0.838709677419355,0.334643637110588,0.736842105263158,0.888888888888889,0.777777777777778,0.863636363636364,0.222222222222222,0.136363636363636,5.7037037037037,0.257309941520468
"1563",0.774193548387097,0.447944665158831,0.588235294117647,0.772727272727273,0.555555555555556,0.863636363636364,0.444444444444444,0.136363636363636,4.07407407407407,0.514619883040936
"1564",0.935483870967742,0.281607247103539,0.875,0.976190476190476,1,0.916666666666667,0,0.0833333333333334,12,0
"1565",0.741935483870968,0.366274865137741,0.5,0.827380952380952,0.571428571428571,0.791666666666667,0.428571428571429,0.208333333333333,2.74285714285714,0.541353383458647
"1566",0.806451612903226,0.340431375583149,0.571428571428571,0.786666666666667,0.666666666666667,0.84,0.333333333333333,0.16,4.16666666666667,0.396825396825397
"1567",0.774193548387097,0.357718377415317,0.588235294117647,0.886363636363636,0.555555555555556,0.863636363636364,0.444444444444444,0.136363636363636,4.07407407407407,0.514619883040936
"1568",0.741935483870968,0.376536380461604,0.6,0.854761904761905,0.6,0.80952380952381,0.4,0.19047619047619,3.15,0.494117647058824
"1569",0.774193548387097,0.388564279307308,0.363636363636364,0.823333333333333,0.333333333333333,0.88,0.666666666666667,0.12,2.77777777777778,0.757575757575758
"1570",0.806451612903226,0.371625328889858,0.666666666666667,0.863636363636364,0.545454545454545,0.95,0.454545454545455,0.05,10.9090909090909,0.478468899521531
"1571",0.774193548387097,0.443590355748584,0.588235294117647,0.835858585858586,0.555555555555556,0.863636363636364,0.444444444444444,0.136363636363636,4.07407407407407,0.514619883040936
"1572",0.838709677419355,0.333462528204811,0.761904761904762,0.924242424242424,0.888888888888889,0.818181818181818,0.111111111111111,0.181818181818182,4.88888888888889,0.135802469135803
"1573",0.903225806451613,0.328859404251961,0.769230769230769,0.866847826086957,0.625,1,0.375,0,Inf,0.375
"1574",0.806451612903226,0.329207766614782,0.571428571428571,0.866666666666667,0.666666666666667,0.84,0.333333333333333,0.16,4.16666666666667,0.396825396825397
"1575",0.838709677419355,0.380623906352671,0.705882352941177,0.888888888888889,0.666666666666667,0.909090909090909,0.333333333333333,0.0909090909090909,7.33333333333333,0.366666666666667
"1576",0.806451612903226,0.352327259224501,0.666666666666667,0.904761904761905,0.6,0.904761904761905,0.4,0.0952380952380952,6.3,0.442105263157895
"1577",0.870967741935484,0.319766040516035,0.714285714285714,0.851190476190476,0.714285714285714,0.916666666666667,0.285714285714286,0.0833333333333334,8.57142857142857,0.311688311688312
"1578",0.806451612903226,0.330384590860797,0.5,0.907692307692308,0.6,0.846153846153846,0.4,0.153846153846154,3.9,0.472727272727273
"1579",0.838709677419355,0.35866047388838,0.736842105263158,0.818181818181818,0.777777777777778,0.863636363636364,0.222222222222222,0.136363636363636,5.7037037037037,0.257309941520468
"1580",0.806451612903226,0.351787554749294,0.625,0.919191919191919,0.555555555555556,0.909090909090909,0.444444444444444,0.0909090909090909,6.11111111111111,0.488888888888889
"1581",0.67741935483871,0.492315541969393,0.545454545454545,0.80982905982906,0.461538461538462,0.833333333333333,0.538461538461538,0.166666666666667,2.76923076923077,0.646153846153846
"1582",0.838709677419355,0.3738378952469,0.705882352941177,0.835858585858586,0.666666666666667,0.909090909090909,0.333333333333333,0.0909090909090909,7.33333333333333,0.366666666666667
"1583",0.709677419354839,0.455383007200712,0.571428571428571,0.735714285714286,0.6,0.761904761904762,0.4,0.238095238095238,2.52,0.525
"1584",0.709677419354839,0.399977822717751,0.608695652173913,0.833333333333333,0.7,0.714285714285714,0.3,0.285714285714286,2.45,0.42
"1585",0.838709677419355,0.342407015310725,0.705882352941177,0.859523809523809,0.6,0.952380952380952,0.4,0.0476190476190477,12.6,0.42
"1586",0.838709677419355,0.332447848734119,0.444444444444444,0.782407407407407,0.5,0.888888888888889,0.5,0.111111111111111,4.5,0.5625
"1587",0.806451612903226,0.343301112697381,0.5,0.861538461538462,0.6,0.846153846153846,0.4,0.153846153846154,3.9,0.472727272727273
"1588",0.806451612903226,0.373249022656194,0.7,0.848484848484849,0.777777777777778,0.818181818181818,0.222222222222222,0.181818181818182,4.27777777777778,0.271604938271605
"1589",0.806451612903226,0.370818576385769,0.727272727272727,0.873809523809524,0.8,0.80952380952381,0.2,0.19047619047619,4.2,0.247058823529412
"1590",0.806451612903226,0.333023649747637,0.727272727272727,0.890909090909091,0.727272727272727,0.85,0.272727272727273,0.15,4.84848484848485,0.320855614973262
"1591",0.838709677419355,0.315063238933644,0.736842105263158,0.918478260869565,0.875,0.826086956521739,0.125,0.173913043478261,5.03125,0.151315789473684
"1592",0.774193548387097,0.409671032604665,0.533333333333333,0.805555555555555,0.444444444444444,0.909090909090909,0.555555555555556,0.0909090909090909,4.88888888888889,0.611111111111111
"1593",0.838709677419355,0.33851098257632,0.736842105263158,0.902173913043478,0.875,0.826086956521739,0.125,0.173913043478261,5.03125,0.151315789473684
"1594",0.903225806451613,0.320231409790413,0.8,0.984848484848485,0.666666666666667,1,0.333333333333333,0,Inf,0.333333333333333
"1595",0.67741935483871,0.442867613374482,0.444444444444444,0.761904761904762,0.4,0.80952380952381,0.6,0.19047619047619,2.1,0.741176470588235
"1596",0.870967741935484,0.345914142564184,0.777777777777778,0.942857142857143,0.7,0.952380952380952,0.3,0.0476190476190477,14.7,0.315
"1597",0.774193548387097,0.375640166082821,0.631578947368421,0.946666666666667,1,0.72,0,0.28,3.57142857142857,0
"1598",0.806451612903226,0.357888748422404,0.666666666666667,0.895454545454545,0.545454545454545,0.95,0.454545454545455,0.05,10.9090909090909,0.478468899521531
"1599",0.774193548387097,0.40950026314564,0.631578947368421,0.802380952380952,0.6,0.857142857142857,0.4,0.142857142857143,4.2,0.466666666666667
"1600",0.774193548387097,0.390616468623875,0.588235294117647,0.853260869565217,0.625,0.826086956521739,0.375,0.173913043478261,3.59375,0.453947368421053
"1601",0.67741935483871,0.475896459748104,0.545454545454545,0.771367521367521,0.461538461538462,0.833333333333333,0.538461538461538,0.166666666666667,2.76923076923077,0.646153846153846
"1602",0.870967741935484,0.328322759984544,0.8,0.868181818181818,0.727272727272727,0.95,0.272727272727273,0.05,14.5454545454545,0.287081339712919
"1603",0.838709677419355,0.361104626064205,0.736842105263158,0.907142857142857,0.7,0.904761904761905,0.3,0.0952380952380952,7.35,0.331578947368421
"1604",0.870967741935484,0.337630153920665,0.818181818181818,0.951754385964912,0.75,0.947368421052632,0.25,0.0526315789473685,14.25,0.263888888888889
"1605",0.774193548387097,0.382913291980845,0.695652173913043,0.895299145299145,0.615384615384615,0.888888888888889,0.384615384615385,0.111111111111111,5.53846153846154,0.432692307692308
"1606",0.838709677419355,0.32962470641927,0.615384615384615,0.886666666666667,0.666666666666667,0.88,0.333333333333333,0.12,5.55555555555556,0.378787878787879
"1607",0.774193548387097,0.401850256293701,0.666666666666667,0.847727272727273,0.636363636363636,0.85,0.363636363636364,0.15,4.24242424242424,0.427807486631016
"1608",0.870967741935484,0.323142878105679,0.75,0.952020202020202,0.666666666666667,0.954545454545455,0.333333333333333,0.0454545454545454,14.6666666666667,0.349206349206349
"1609",0.838709677419355,0.308702293415945,0.736842105263158,0.916666666666667,0.777777777777778,0.863636363636364,0.222222222222222,0.136363636363636,5.7037037037037,0.257309941520468
"1610",0.741935483870968,0.377856666674474,0.428571428571429,0.807065217391304,0.375,0.869565217391304,0.625,0.130434782608696,2.875,0.71875
"1611",0.838709677419355,0.401103073458078,0.705882352941177,0.795454545454545,0.666666666666667,0.909090909090909,0.333333333333333,0.0909090909090909,7.33333333333333,0.366666666666667
"1612",0.806451612903226,0.358150045884336,0.7,0.856060606060606,0.777777777777778,0.818181818181818,0.222222222222222,0.181818181818182,4.27777777777778,0.271604938271605
"1613",0.774193548387097,0.384582693344549,0.666666666666667,0.853535353535353,0.777777777777778,0.772727272727273,0.222222222222222,0.227272727272727,3.42222222222222,0.287581699346405
"1614",0.774193548387097,0.349766478117704,0.461538461538462,0.830769230769231,0.6,0.807692307692308,0.4,0.192307692307692,3.12,0.495238095238095
"1615",0.870967741935484,0.28688494248561,0.8,0.95959595959596,0.888888888888889,0.863636363636364,0.111111111111111,0.136363636363636,6.51851851851852,0.128654970760234
"1616",0.774193548387097,0.392781679157312,0.588235294117647,0.805555555555556,0.555555555555556,0.863636363636364,0.444444444444444,0.136363636363636,4.07407407407407,0.514619883040936
"1617",0.741935483870968,0.377648171875238,0.555555555555556,0.831521739130435,0.625,0.782608695652174,0.375,0.217391304347826,2.875,0.479166666666667
"1618",0.806451612903226,0.371728253938995,0.625,0.804347826086957,0.625,0.869565217391304,0.375,0.130434782608696,4.79166666666667,0.43125
"1619",0.870967741935484,0.318541211835093,0.818181818181818,0.911363636363636,0.818181818181818,0.9,0.181818181818182,0.1,8.18181818181818,0.202020202020202
"1620",0.774193548387097,0.395402664579571,0.588235294117647,0.833333333333333,0.555555555555556,0.863636363636364,0.444444444444444,0.136363636363636,4.07407407407407,0.514619883040936
"1621",0.838709677419355,0.315663230967935,0.705882352941177,0.922619047619048,0.857142857142857,0.833333333333333,0.142857142857143,0.166666666666667,5.14285714285714,0.171428571428571
"1622",0.870967741935484,0.340925824446467,0.75,0.918478260869565,0.75,0.91304347826087,0.25,0.0869565217391305,8.62499999999999,0.273809523809524
"1623",0.774193548387097,0.35315653311635,0.533333333333333,0.861413043478261,0.5,0.869565217391304,0.5,0.130434782608696,3.83333333333333,0.575
"1624",0.806451612903226,0.402155561726049,0.666666666666667,0.87719298245614,0.5,1,0.5,0,Inf,0.5
"1625",0.838709677419355,0.333268652051434,0.736842105263158,0.945454545454545,0.636363636363636,0.95,0.363636363636364,0.05,12.7272727272727,0.382775119617225
"1626",0.741935483870968,0.356515691041355,0.6,0.897619047619048,0.6,0.80952380952381,0.4,0.19047619047619,3.15,0.494117647058824
"1627",0.870967741935484,0.306910554870627,0.75,0.928571428571428,0.857142857142857,0.875,0.142857142857143,0.125,6.85714285714286,0.163265306122449
"1628",0.709677419354839,0.403009117309756,0.64,0.88034188034188,0.615384615384615,0.777777777777778,0.384615384615385,0.222222222222222,2.76923076923077,0.494505494505494
"1629",0.838709677419355,0.322676576433791,0.615384615384615,0.883333333333333,0.666666666666667,0.88,0.333333333333333,0.12,5.55555555555556,0.378787878787879
"1630",0.741935483870968,0.408185465980051,0.6,0.818181818181818,0.666666666666667,0.772727272727273,0.333333333333333,0.227272727272727,2.93333333333333,0.431372549019608
"1631",0.838709677419355,0.315844886133448,0.782608695652174,0.94949494949495,1,0.772727272727273,0,0.227272727272727,4.4,0
"1632",0.838709677419355,0.275499346260203,0.761904761904762,0.96969696969697,0.888888888888889,0.818181818181818,0.111111111111111,0.181818181818182,4.88888888888889,0.135802469135803
"1633",0.741935483870968,0.378799923645931,0.6,0.833333333333333,0.857142857142857,0.708333333333333,0.142857142857143,0.291666666666667,2.93877551020408,0.201680672268908
"1634",0.935483870967742,0.256424713749409,0.833333333333333,0.984615384615385,1,0.923076923076923,0,0.0769230769230769,13,0
"1635",0.903225806451613,0.321490304018123,0.869565217391304,0.913636363636364,0.909090909090909,0.9,0.0909090909090909,0.1,9.09090909090909,0.101010101010101
"1636",0.741935483870968,0.442395471780183,0.636363636363636,0.822368421052632,0.583333333333333,0.842105263157895,0.416666666666667,0.157894736842105,3.69444444444444,0.494791666666667
"1637",0.838709677419355,0.350016121308787,0.615384615384615,0.89,0.666666666666667,0.88,0.333333333333333,0.12,5.55555555555556,0.378787878787879
"1638",0.838709677419355,0.376946616831053,0.782608695652174,0.931623931623932,0.692307692307692,0.944444444444444,0.307692307692308,0.0555555555555556,12.4615384615385,0.32579185520362
"1639",0.838709677419355,0.338265619436243,0.666666666666667,0.853260869565217,0.625,0.91304347826087,0.375,0.0869565217391305,7.1875,0.410714285714286
"1640",0.838709677419355,0.37386448644223,0.705882352941177,0.863636363636364,0.666666666666667,0.909090909090909,0.333333333333333,0.0909090909090909,7.33333333333333,0.366666666666667
"1641",0.774193548387097,0.422428650076248,0.72,0.831140350877193,0.75,0.789473684210526,0.25,0.210526315789474,3.5625,0.316666666666667
"1642",0.709677419354839,0.442800744903967,0.608695652173913,0.838235294117647,0.5,0.882352941176471,0.5,0.117647058823529,4.25,0.566666666666667
"1643",0.903225806451613,0.28998589500016,0.842105263157895,0.95959595959596,0.888888888888889,0.909090909090909,0.111111111111111,0.0909090909090909,9.77777777777777,0.122222222222222
"1644",0.774193548387097,0.389994316946509,0.588235294117647,0.842857142857143,0.5,0.904761904761905,0.5,0.0952380952380952,5.25,0.552631578947368
"1645",0.870967741935484,0.335836416991298,0.75,0.923913043478261,0.75,0.91304347826087,0.25,0.0869565217391305,8.62499999999999,0.273809523809524
"1646",0.806451612903226,0.347960004938271,0.571428571428571,0.830769230769231,0.8,0.807692307692308,0.2,0.192307692307692,4.16,0.247619047619048
"1647",0.903225806451613,0.305360412037452,0.857142857142857,0.961904761904762,0.9,0.904761904761905,0.1,0.0952380952380952,9.45,0.110526315789474
"1648",0.838709677419355,0.382146712890249,0.615384615384615,0.794642857142857,0.571428571428571,0.916666666666667,0.428571428571429,0.0833333333333334,6.85714285714285,0.467532467532468
"1649",0.838709677419355,0.341438572161515,0.705882352941177,0.896739130434783,0.75,0.869565217391304,0.25,0.130434782608696,5.75,0.2875
"1650",0.741935483870968,0.421270772708905,0.555555555555556,0.902272727272727,0.454545454545455,0.9,0.545454545454545,0.1,4.54545454545455,0.606060606060606
"1651",0.870967741935484,0.306128370483546,0.75,0.946428571428571,0.857142857142857,0.875,0.142857142857143,0.125,6.85714285714286,0.163265306122449
"1652",0.806451612903226,0.398537211789923,0.625,0.795454545454545,0.555555555555556,0.909090909090909,0.444444444444444,0.0909090909090909,6.11111111111111,0.488888888888889
"1653",0.741935483870968,0.455698487902069,0.636363636363636,0.769047619047619,0.7,0.761904761904762,0.3,0.238095238095238,2.94,0.39375
"1654",0.709677419354839,0.431560256441981,0.571428571428571,0.781818181818182,0.545454545454545,0.8,0.454545454545455,0.2,2.72727272727273,0.568181818181818
"1655",0.806451612903226,0.326145517665753,0.727272727272727,0.904761904761905,0.8,0.80952380952381,0.2,0.19047619047619,4.2,0.247058823529412
"1656",0.709677419354839,0.423487569439863,0.526315789473684,0.777173913043478,0.625,0.739130434782609,0.375,0.260869565217391,2.39583333333333,0.507352941176471
"1657",0.741935483870968,0.398193255340745,0.428571428571429,0.701086956521739,0.375,0.869565217391304,0.625,0.130434782608696,2.875,0.71875
"1658",0.806451612903226,0.353106600209642,0.727272727272727,0.9,0.8,0.80952380952381,0.2,0.19047619047619,4.2,0.247058823529412
"1659",0.806451612903226,0.363798204996728,0.625,0.851190476190476,0.714285714285714,0.833333333333333,0.285714285714286,0.166666666666667,4.28571428571429,0.342857142857143
"1660",0.806451612903226,0.335861828697083,0.666666666666667,0.873737373737374,0.666666666666667,0.863636363636364,0.333333333333333,0.136363636363636,4.88888888888889,0.385964912280702
"1661",0.838709677419355,0.334572655983743,0.705882352941177,0.888888888888889,0.666666666666667,0.909090909090909,0.333333333333333,0.0909090909090909,7.33333333333333,0.366666666666667
"1662",0.806451612903226,0.357809072516426,0.571428571428571,0.876666666666667,0.666666666666667,0.84,0.333333333333333,0.16,4.16666666666667,0.396825396825397
"1663",0.741935483870968,0.386806814312948,0.5,0.869230769230769,0.8,0.730769230769231,0.2,0.269230769230769,2.97142857142857,0.273684210526316
"1664",0.903225806451613,0.314292134950319,0.769230769230769,0.933333333333333,0.833333333333333,0.92,0.166666666666667,0.08,10.4166666666667,0.181159420289855
"1665",0.838709677419355,0.340327263009215,0.666666666666667,0.916666666666667,0.555555555555556,0.954545454545455,0.444444444444444,0.0454545454545454,12.2222222222222,0.465608465608466
"1666",0.870967741935484,0.373698426099139,0.777777777777778,0.866666666666667,0.7,0.952380952380952,0.3,0.0476190476190477,14.7,0.315
"1667",0.741935483870968,0.370487104380844,0.333333333333333,0.768518518518518,0.5,0.777777777777778,0.5,0.222222222222222,2.25,0.642857142857143
"1668",0.838709677419355,0.359700283289598,0.666666666666667,0.913333333333333,0.833333333333333,0.84,0.166666666666667,0.16,5.20833333333333,0.198412698412698
"1669",0.774193548387097,0.388297085872625,0.631578947368421,0.864285714285714,0.6,0.857142857142857,0.4,0.142857142857143,4.2,0.466666666666667
"1670",0.67741935483871,0.4830046791202,0.5,0.785087719298246,0.416666666666667,0.842105263157895,0.583333333333333,0.157894736842105,2.63888888888889,0.692708333333333
"1671",0.741935483870968,0.421264311924234,0.692307692307692,0.81140350877193,0.75,0.736842105263158,0.25,0.263157894736842,2.85,0.339285714285714
"1672",0.806451612903226,0.335067643594702,0.571428571428571,0.806666666666667,0.666666666666667,0.84,0.333333333333333,0.16,4.16666666666667,0.396825396825397
"1673",0.774193548387097,0.340087964071343,0.666666666666667,0.958333333333333,1,0.708333333333333,0,0.291666666666667,3.42857142857143,0
"1674",0.903225806451613,0.289839845223158,0.666666666666667,0.915384615384615,0.6,0.961538461538462,0.4,0.0384615384615384,15.6,0.416
"1675",0.774193548387097,0.355558814456786,0.666666666666667,0.876262626262626,0.777777777777778,0.772727272727273,0.222222222222222,0.227272727272727,3.42222222222222,0.287581699346405
"1676",0.741935483870968,0.405197696067839,0.5,0.820707070707071,0.444444444444444,0.863636363636364,0.555555555555556,0.136363636363636,3.25925925925926,0.64327485380117
"1677",0.806451612903226,0.397465035825062,0.727272727272727,0.899122807017544,0.666666666666667,0.894736842105263,0.333333333333333,0.105263157894737,6.33333333333333,0.372549019607843
"1678",0.935483870967742,0.277070134088222,0.875,0.978260869565217,0.875,0.956521739130435,0.125,0.0434782608695652,20.125,0.130681818181818
"1679",0.709677419354839,0.438891135602672,0.526315789473684,0.804545454545455,0.454545454545455,0.85,0.545454545454545,0.15,3.03030303030303,0.641711229946524
"1680",0.870967741935484,0.324225207126079,0.8,0.933333333333333,0.8,0.904761904761905,0.2,0.0952380952380952,8.4,0.221052631578947
"1681",0.806451612903226,0.36465558569976,0.7,0.893181818181818,0.636363636363636,0.9,0.363636363636364,0.1,6.36363636363637,0.404040404040404
"1682",0.806451612903226,0.394007532650329,0.75,0.888655462184874,0.642857142857143,0.941176470588235,0.357142857142857,0.0588235294117647,10.9285714285714,0.379464285714286
"1683",0.806451612903226,0.346887987974532,0.7,0.911616161616162,0.777777777777778,0.818181818181818,0.222222222222222,0.181818181818182,4.27777777777778,0.271604938271605
"1684",0.709677419354839,0.447518413695358,0.526315789473684,0.792857142857143,0.5,0.80952380952381,0.5,0.19047619047619,2.625,0.617647058823529
"1685",0.774193548387097,0.373447754737322,0.631578947368421,0.845238095238095,0.6,0.857142857142857,0.4,0.142857142857143,4.2,0.466666666666667
"1686",0.806451612903226,0.361446260550691,0.7,0.923809523809524,0.7,0.857142857142857,0.3,0.142857142857143,4.9,0.35
"1687",0.903225806451613,0.342129962543065,0.842105263157895,0.919191919191919,0.888888888888889,0.909090909090909,0.111111111111111,0.0909090909090909,9.77777777777777,0.122222222222222
"1688",0.838709677419355,0.310271208995195,0.761904761904762,0.940217391304348,1,0.782608695652174,0,0.217391304347826,4.6,0
"1689",0.870967741935484,0.290837251154997,0.75,0.956521739130435,0.75,0.91304347826087,0.25,0.0869565217391305,8.62499999999999,0.273809523809524
"1690",0.903225806451613,0.344965883752829,0.857142857142857,0.918181818181818,0.818181818181818,0.95,0.181818181818182,0.05,16.3636363636363,0.191387559808612
"1691",0.774193548387097,0.388021218725958,0.363636363636364,0.803571428571429,0.285714285714286,0.916666666666667,0.714285714285714,0.0833333333333334,3.42857142857143,0.779220779220779
"1692",0.903225806451613,0.29079762815248,0.842105263157895,0.952020202020202,0.888888888888889,0.909090909090909,0.111111111111111,0.0909090909090909,9.77777777777777,0.122222222222222
"1693",0.741935483870968,0.389516498571473,0.666666666666667,0.838636363636364,0.727272727272727,0.75,0.272727272727273,0.25,2.90909090909091,0.363636363636364
"1694",0.774193548387097,0.350926042538931,0.533333333333333,0.842391304347826,0.5,0.869565217391304,0.5,0.130434782608696,3.83333333333333,0.575
"1695",0.870967741935484,0.313633254224976,0.8,0.907142857142857,0.8,0.904761904761905,0.2,0.0952380952380952,8.4,0.221052631578947
"1696",0.870967741935484,0.396688692930471,0.75,0.833333333333333,0.666666666666667,0.954545454545455,0.333333333333333,0.0454545454545454,14.6666666666667,0.349206349206349
"1697",0.903225806451613,0.344126576554411,0.8,0.885869565217391,0.75,0.956521739130435,0.25,0.0434782608695652,17.25,0.261363636363636
"1698",0.709677419354839,0.3723821158597,0.526315789473684,0.87202380952381,0.714285714285714,0.708333333333333,0.285714285714286,0.291666666666667,2.44897959183674,0.403361344537815
"1699",0.741935483870968,0.396786554218772,0.636363636363636,0.792857142857143,0.7,0.761904761904762,0.3,0.238095238095238,2.94,0.39375
"1700",0.709677419354839,0.414920062285479,0.571428571428571,0.775252525252525,0.666666666666667,0.727272727272727,0.333333333333333,0.272727272727273,2.44444444444444,0.458333333333333
"1701",0.838709677419355,0.30946478302624,0.736842105263158,0.934343434343434,0.777777777777778,0.863636363636364,0.222222222222222,0.136363636363636,5.7037037037037,0.257309941520468
"1702",0.774193548387097,0.352422758893102,0.666666666666667,0.898809523809524,1,0.708333333333333,0,0.291666666666667,3.42857142857143,0
"1703",0.806451612903226,0.374647551029679,0.666666666666667,0.886904761904762,0.857142857142857,0.791666666666667,0.142857142857143,0.208333333333333,4.11428571428571,0.180451127819549
"1704",0.870967741935484,0.323658110649002,0.666666666666667,0.863095238095238,0.571428571428571,0.958333333333333,0.428571428571429,0.0416666666666666,13.7142857142857,0.447204968944099
"1705",0.806451612903226,0.284340644361447,0.571428571428571,0.926666666666667,0.666666666666667,0.84,0.333333333333333,0.16,4.16666666666667,0.396825396825397
"1706",0.709677419354839,0.471752421209483,0.608695652173913,0.866666666666667,0.466666666666667,0.9375,0.533333333333333,0.0625,7.46666666666667,0.568888888888889
"1707",0.870967741935484,0.276338450594461,0.666666666666667,0.953846153846154,0.8,0.884615384615385,0.2,0.115384615384615,6.93333333333333,0.226086956521739
"1708",0.741935483870968,0.400177937204357,0.428571428571429,0.75,0.5,0.8,0.5,0.2,2.5,0.625
"1709",0.67741935483871,0.433761543612841,0.375,0.796666666666667,0.5,0.72,0.5,0.28,1.78571428571429,0.694444444444444
"1710",0.870967741935484,0.333123759775341,0.75,0.926767676767677,0.666666666666667,0.954545454545455,0.333333333333333,0.0454545454545454,14.6666666666667,0.349206349206349
"1711",0.741935483870968,0.410058940479463,0.555555555555556,0.811904761904762,0.5,0.857142857142857,0.5,0.142857142857143,3.5,0.583333333333333
"1712",0.709677419354839,0.426283087534936,0.526315789473684,0.868181818181818,0.454545454545455,0.85,0.545454545454545,0.15,3.03030303030303,0.641711229946524
"1713",0.806451612903226,0.361511614320444,0.625,0.957142857142857,0.5,0.952380952380952,0.5,0.0476190476190477,10.5,0.525
"1714",0.774193548387097,0.433576670512656,0.666666666666667,0.790909090909091,0.636363636363636,0.85,0.363636363636364,0.15,4.24242424242424,0.427807486631016
"1715",0.806451612903226,0.356636855774944,0.7,0.902380952380952,0.7,0.857142857142857,0.3,0.142857142857143,4.9,0.35
"1716",0.870967741935484,0.359106151675823,0.714285714285714,0.891414141414141,0.555555555555556,1,0.444444444444444,0,Inf,0.444444444444444
"1717",0.774193548387097,0.34303277686283,0.588235294117647,0.892857142857143,0.714285714285714,0.791666666666667,0.285714285714286,0.208333333333333,3.42857142857143,0.360902255639098
"1718",0.870967741935484,0.333019617270819,0.8,0.938095238095238,0.8,0.904761904761905,0.2,0.0952380952380952,8.4,0.221052631578947
"1719",0.870967741935484,0.311902884842839,0.777777777777778,0.893939393939394,0.777777777777778,0.909090909090909,0.222222222222222,0.0909090909090909,8.55555555555555,0.244444444444444
"1720",0.903225806451613,0.339176691610973,0.869565217391304,0.884090909090909,0.909090909090909,0.9,0.0909090909090909,0.1,9.09090909090909,0.101010101010101
"1721",0.774193548387097,0.426961075558838,0.695652173913043,0.951680672268908,0.571428571428571,0.941176470588235,0.428571428571429,0.0588235294117647,9.71428571428571,0.455357142857143
"1722",0.838709677419355,0.322207383490839,0.666666666666667,0.946153846153846,1,0.807692307692308,0,0.192307692307692,5.2,0
"1723",0.903225806451613,0.27984832732766,0.8,0.93452380952381,0.857142857142857,0.916666666666667,0.142857142857143,0.0833333333333334,10.2857142857143,0.155844155844156
"1724",0.774193548387097,0.360246572511576,0.695652173913043,0.932017543859649,0.666666666666667,0.842105263157895,0.333333333333333,0.157894736842105,4.22222222222222,0.395833333333333
"1725",0.741935483870968,0.404574123480964,0.6,0.795238095238095,0.6,0.80952380952381,0.4,0.19047619047619,3.15,0.494117647058824
"1726",0.806451612903226,0.375337444141303,0.625,0.847826086956522,0.625,0.869565217391304,0.375,0.130434782608696,4.79166666666667,0.43125
"1727",0.838709677419355,0.352846907230517,0.705882352941177,0.877717391304348,0.75,0.869565217391304,0.25,0.130434782608696,5.75,0.2875
"1728",0.870967741935484,0.350895042289114,0.818181818181818,0.923809523809524,0.9,0.857142857142857,0.1,0.142857142857143,6.3,0.116666666666667
"1729",0.806451612903226,0.366614106034207,0.7,0.895454545454545,0.636363636363636,0.9,0.363636363636364,0.1,6.36363636363637,0.404040404040404
"1730",0.903225806451613,0.314914039615417,0.842105263157895,0.934343434343434,0.888888888888889,0.909090909090909,0.111111111111111,0.0909090909090909,9.77777777777777,0.122222222222222
"1731",0.774193548387097,0.369543687156194,0.695652173913043,0.898989898989899,0.888888888888889,0.727272727272727,0.111111111111111,0.272727272727273,3.25925925925926,0.152777777777778
"1732",0.774193548387097,0.408962770841137,0.588235294117647,0.838461538461538,1,0.730769230769231,0,0.269230769230769,3.71428571428571,0
"1733",0.806451612903226,0.406684048412144,0.727272727272727,0.878151260504202,0.571428571428571,1,0.428571428571429,0,Inf,0.428571428571429
"1734",0.838709677419355,0.344815195042383,0.705882352941177,0.85054347826087,0.75,0.869565217391304,0.25,0.130434782608696,5.75,0.2875
"1735",0.870967741935484,0.367747884800596,0.8,0.859090909090909,0.727272727272727,0.95,0.272727272727273,0.05,14.5454545454545,0.287081339712919
"1736",0.67741935483871,0.462779236217603,0.583333333333333,0.821428571428571,0.5,0.823529411764706,0.5,0.176470588235294,2.83333333333333,0.607142857142857
"1737",0.870967741935484,0.320195406305004,0.8,0.9,0.8,0.904761904761905,0.2,0.0952380952380952,8.4,0.221052631578947
"1738",0.741935483870968,0.383814198636969,0.714285714285714,0.884615384615385,0.769230769230769,0.722222222222222,0.230769230769231,0.277777777777778,2.76923076923077,0.319526627218935
"1739",0.806451612903226,0.386495177708154,0.625,0.808080808080808,0.555555555555556,0.909090909090909,0.444444444444444,0.0909090909090909,6.11111111111111,0.488888888888889
"1740",0.838709677419355,0.344599384478424,0.782608695652174,0.927272727272727,0.818181818181818,0.85,0.181818181818182,0.15,5.45454545454545,0.213903743315508
"1741",0.806451612903226,0.33275098107797,0.571428571428571,0.81,0.666666666666667,0.84,0.333333333333333,0.16,4.16666666666667,0.396825396825397
"1742",0.774193548387097,0.395009347412178,0.666666666666667,0.9,0.636363636363636,0.85,0.363636363636364,0.15,4.24242424242424,0.427807486631016
"1743",0.935483870967742,0.255880011226437,0.833333333333333,0.93,0.833333333333333,0.96,0.166666666666667,0.04,20.8333333333333,0.173611111111111
"1744",0.870967741935484,0.290325580582262,0.8,0.944444444444444,0.888888888888889,0.863636363636364,0.111111111111111,0.136363636363636,6.51851851851852,0.128654970760234
"1745",0.774193548387097,0.439148609823981,0.72,0.793859649122807,0.75,0.789473684210526,0.25,0.210526315789474,3.5625,0.316666666666667
"1746",0.709677419354839,0.439851779285383,0.526315789473684,0.807017543859649,0.416666666666667,0.894736842105263,0.583333333333333,0.105263157894737,3.95833333333333,0.651960784313725
"1747",0.903225806451613,0.277807187086704,0.8,0.973333333333333,1,0.88,0,0.12,8.33333333333333,0
"1748",0.838709677419355,0.385720679876332,0.705882352941177,0.872727272727273,0.545454545454545,1,0.454545454545455,0,Inf,0.454545454545455
"1749",0.741935483870968,0.441387614579672,0.6,0.817982456140351,0.5,0.894736842105263,0.5,0.105263157894737,4.75,0.558823529411765
"1750",0.838709677419355,0.373375582612117,0.761904761904762,0.888636363636364,0.727272727272727,0.9,0.272727272727273,0.1,7.27272727272727,0.303030303030303
"1751",0.806451612903226,0.398333222595717,0.727272727272727,0.854545454545454,0.727272727272727,0.85,0.272727272727273,0.15,4.84848484848485,0.320855614973262
"1752",0.806451612903226,0.363366220445696,0.727272727272727,0.880952380952381,0.8,0.80952380952381,0.2,0.19047619047619,4.2,0.247058823529412
"1753",0.774193548387097,0.410075971876442,0.533333333333333,0.845959595959596,0.444444444444444,0.909090909090909,0.555555555555556,0.0909090909090909,4.88888888888889,0.611111111111111
"1754",0.806451612903226,0.34881496441072,0.727272727272727,0.916666666666667,0.888888888888889,0.772727272727273,0.111111111111111,0.227272727272727,3.91111111111111,0.143790849673203
"1755",0.67741935483871,0.44218105205778,0.583333333333333,0.804545454545455,0.636363636363636,0.7,0.363636363636364,0.3,2.12121212121212,0.51948051948052
"1756",0.774193548387097,0.408949016826085,0.666666666666667,0.85,0.636363636363636,0.85,0.363636363636364,0.15,4.24242424242424,0.427807486631016
"1757",0.870967741935484,0.292598734475514,0.75,0.928571428571428,0.857142857142857,0.875,0.142857142857143,0.125,6.85714285714286,0.163265306122449
"1758",0.741935483870968,0.435935800370269,0.666666666666667,0.925,0.533333333333333,0.9375,0.466666666666667,0.0625,8.53333333333333,0.497777777777778
"1759",0.741935483870968,0.403508295346921,0.555555555555556,0.797979797979798,0.555555555555556,0.818181818181818,0.444444444444444,0.181818181818182,3.05555555555556,0.54320987654321
"1760",0.806451612903226,0.416427084355861,0.727272727272727,0.848684210526316,0.666666666666667,0.894736842105263,0.333333333333333,0.105263157894737,6.33333333333333,0.372549019607843
"1761",0.838709677419355,0.351168754557582,0.782608695652174,0.901515151515151,1,0.772727272727273,0,0.227272727272727,4.4,0
"1762",0.838709677419355,0.314516109139165,0.782608695652174,0.945454545454545,0.818181818181818,0.85,0.181818181818182,0.15,5.45454545454545,0.213903743315508
"1763",0.935483870967742,0.212430405359425,0.875,1,1,0.916666666666667,0,0.0833333333333334,12,0
"1764",0.870967741935484,0.29846953904732,0.714285714285714,0.910714285714286,0.714285714285714,0.916666666666667,0.285714285714286,0.0833333333333334,8.57142857142857,0.311688311688312
"1765",0.774193548387097,0.364768178245457,0.533333333333333,0.869565217391304,0.5,0.869565217391304,0.5,0.130434782608696,3.83333333333333,0.575
"1766",0.741935483870968,0.46390128811186,0.555555555555556,0.859649122807018,0.416666666666667,0.947368421052632,0.583333333333333,0.0526315789473685,7.91666666666666,0.615740740740741
"1767",0.774193548387097,0.369157121443135,0.666666666666667,0.866666666666667,0.7,0.80952380952381,0.3,0.19047619047619,3.675,0.370588235294118
"1768",0.774193548387097,0.417102538594088,0.533333333333333,0.847826086956522,0.5,0.869565217391304,0.5,0.130434782608696,3.83333333333333,0.575
"1769",0.870967741935484,0.294485234481306,0.777777777777778,0.956521739130435,0.875,0.869565217391304,0.125,0.130434782608696,6.70833333333333,0.14375
"1770",0.806451612903226,0.310155418443884,0.625,0.961538461538462,1,0.769230769230769,0,0.230769230769231,4.33333333333333,0
"1771",0.903225806451613,0.315865370161762,0.857142857142857,1,0.75,1,0.25,0,Inf,0.25
"1772",0.838709677419355,0.347663858500287,0.615384615384615,0.83695652173913,0.5,0.956521739130435,0.5,0.0434782608695652,11.5,0.522727272727273
"1773",0.709677419354839,0.417090963978582,0.470588235294118,0.720238095238095,0.571428571428571,0.75,0.428571428571429,0.25,2.28571428571429,0.571428571428572
"1774",0.774193548387097,0.38304224634935,0.631578947368421,0.801630434782609,0.75,0.782608695652174,0.25,0.217391304347826,3.45,0.319444444444444
"1775",0.806451612903226,0.370655176850216,0.727272727272727,0.845454545454545,0.727272727272727,0.85,0.272727272727273,0.15,4.84848484848485,0.320855614973262
"1776",0.870967741935484,0.294588861086683,0.777777777777778,0.945652173913043,0.875,0.869565217391304,0.125,0.130434782608696,6.70833333333333,0.14375
"1777",0.806451612903226,0.381113872678153,0.727272727272727,0.813636363636364,0.727272727272727,0.85,0.272727272727273,0.15,4.84848484848485,0.320855614973262
"1778",0.741935483870968,0.394094759356494,0.428571428571429,0.842261904761905,0.428571428571429,0.833333333333333,0.571428571428571,0.166666666666667,2.57142857142857,0.685714285714286
"1779",0.774193548387097,0.376717592862656,0.666666666666667,0.865909090909091,0.636363636363636,0.85,0.363636363636364,0.15,4.24242424242424,0.427807486631016
"1780",0.806451612903226,0.380023145309609,0.7,0.9,0.7,0.857142857142857,0.3,0.142857142857143,4.9,0.35
"1781",0.838709677419355,0.34715545437455,0.736842105263158,0.845238095238095,0.7,0.904761904761905,0.3,0.0952380952380952,7.35,0.331578947368421
"1782",0.774193548387097,0.394943070093867,0.695652173913043,0.87719298245614,0.666666666666667,0.842105263157895,0.333333333333333,0.157894736842105,4.22222222222222,0.395833333333333
"1783",0.838709677419355,0.34537852852299,0.666666666666667,0.873737373737374,0.555555555555556,0.954545454545455,0.444444444444444,0.0454545454545454,12.2222222222222,0.465608465608466
"1784",0.774193548387097,0.394251467495018,0.588235294117647,0.852380952380952,0.5,0.904761904761905,0.5,0.0952380952380952,5.25,0.552631578947368
"1785",0.806451612903226,0.353923096770613,0.666666666666667,0.85054347826087,0.75,0.826086956521739,0.25,0.173913043478261,4.3125,0.302631578947368
"1786",0.838709677419355,0.348175700735775,0.736842105263158,0.938095238095238,0.7,0.904761904761905,0.3,0.0952380952380952,7.35,0.331578947368421
"1787",0.838709677419355,0.344183564280581,0.736842105263158,0.919191919191919,0.777777777777778,0.863636363636364,0.222222222222222,0.136363636363636,5.7037037037037,0.257309941520468
"1788",0.709677419354839,0.395822107173368,0.4,0.741071428571428,0.428571428571429,0.791666666666667,0.571428571428571,0.208333333333333,2.05714285714286,0.721804511278195
"1789",0.838709677419355,0.333243214409204,0.782608695652174,0.940909090909091,0.818181818181818,0.85,0.181818181818182,0.15,5.45454545454545,0.213903743315508
"1790",0.806451612903226,0.407989326004292,0.75,0.852564102564103,0.692307692307692,0.888888888888889,0.307692307692308,0.111111111111111,6.23076923076923,0.346153846153846
"1791",0.806451612903226,0.408585518304926,0.571428571428571,0.847619047619048,0.4,1,0.6,0,Inf,0.6
"1792",0.774193548387097,0.392953691527434,0.588235294117647,0.767857142857143,0.714285714285714,0.791666666666667,0.285714285714286,0.208333333333333,3.42857142857143,0.360902255639098
"1793",0.806451612903226,0.374316065657893,0.5,0.846153846153846,0.6,0.846153846153846,0.4,0.153846153846154,3.9,0.472727272727273
"1794",0.67741935483871,0.482321814545568,0.5,0.754273504273504,0.384615384615385,0.888888888888889,0.615384615384615,0.111111111111111,3.46153846153846,0.692307692307692
"1795",0.774193548387097,0.394047933574945,0.695652173913043,0.893162393162393,0.615384615384615,0.888888888888889,0.384615384615385,0.111111111111111,5.53846153846154,0.432692307692308
"1796",0.774193548387097,0.353858587355614,0.666666666666667,0.927272727272727,0.636363636363636,0.85,0.363636363636364,0.15,4.24242424242424,0.427807486631016
"1797",0.774193548387097,0.385925486976469,0.533333333333333,0.782828282828283,0.444444444444444,0.909090909090909,0.555555555555556,0.0909090909090909,4.88888888888889,0.611111111111111
"1798",0.838709677419355,0.360462040960618,0.705882352941177,0.923809523809524,0.6,0.952380952380952,0.4,0.0476190476190477,12.6,0.42
"1799",0.806451612903226,0.331168883416357,0.666666666666667,0.889880952380952,0.857142857142857,0.791666666666667,0.142857142857143,0.208333333333333,4.11428571428571,0.180451127819549
"1800",0.774193548387097,0.407681630703487,0.72,0.839912280701754,0.75,0.789473684210526,0.25,0.210526315789474,3.5625,0.316666666666667
"1801",0.967741935483871,0.280813554223114,0.933333333333333,0.976190476190476,1,0.958333333333333,0,0.0416666666666666,24,0
"1802",0.806451612903226,0.390508346408188,0.7,0.888888888888889,0.538461538461538,1,0.461538461538462,0,Inf,0.461538461538462
"1803",0.774193548387097,0.344483124836125,0.533333333333333,0.796195652173913,0.5,0.869565217391304,0.5,0.130434782608696,3.83333333333333,0.575
"1804",0.806451612903226,0.336301013343413,0.5,0.856481481481482,0.75,0.814814814814815,0.25,0.185185185185185,4.05,0.306818181818182
"1805",0.806451612903226,0.378316275023022,0.625,0.857142857142857,0.5,0.952380952380952,0.5,0.0476190476190477,10.5,0.525
"1806",0.870967741935484,0.306715707095541,0.8,0.942857142857143,0.8,0.904761904761905,0.2,0.0952380952380952,8.4,0.221052631578947
"1807",0.806451612903226,0.391280489652537,0.727272727272727,0.87719298245614,0.666666666666667,0.894736842105263,0.333333333333333,0.105263157894737,6.33333333333333,0.372549019607843
"1808",0.806451612903226,0.408033174821389,0.727272727272727,0.828947368421053,0.666666666666667,0.894736842105263,0.333333333333333,0.105263157894737,6.33333333333333,0.372549019607843
"1809",0.741935483870968,0.408682548389258,0.555555555555556,0.802380952380952,0.5,0.857142857142857,0.5,0.142857142857143,3.5,0.583333333333333
"1810",0.709677419354839,0.395379392099209,0.571428571428571,0.883333333333333,0.6,0.761904761904762,0.4,0.238095238095238,2.52,0.525
"1811",0.903225806451613,0.283880075158439,0.769230769230769,0.952380952380952,0.714285714285714,0.958333333333333,0.285714285714286,0.0416666666666666,17.1428571428572,0.298136645962733
"1812",0.741935483870968,0.42445266209721,0.555555555555556,0.825,0.454545454545455,0.9,0.545454545454545,0.1,4.54545454545455,0.606060606060606
"1813",0.903225806451613,0.320527745961281,0.869565217391304,0.931818181818182,0.909090909090909,0.9,0.0909090909090909,0.1,9.09090909090909,0.101010101010101
"1814",0.838709677419355,0.351788572429044,0.761904761904762,0.895454545454545,0.727272727272727,0.9,0.272727272727273,0.1,7.27272727272727,0.303030303030303
"1815",0.741935483870968,0.383799181563566,0.666666666666667,0.886363636363636,0.727272727272727,0.75,0.272727272727273,0.25,2.90909090909091,0.363636363636364
"1816",0.774193548387097,0.311804311044855,0.631578947368421,0.926630434782609,0.75,0.782608695652174,0.25,0.217391304347826,3.45,0.319444444444444
"1817",0.806451612903226,0.302358888038312,0.5,0.915384615384615,0.6,0.846153846153846,0.4,0.153846153846154,3.9,0.472727272727273
"1818",0.903225806451613,0.307158461629997,0.8,0.952020202020202,0.666666666666667,1,0.333333333333333,0,Inf,0.333333333333333
"1819",0.838709677419355,0.35198559582224,0.705882352941177,0.95,0.545454545454545,1,0.454545454545455,0,Inf,0.454545454545455
"1820",0.870967741935484,0.331235456017714,0.8,0.95,0.727272727272727,0.95,0.272727272727273,0.05,14.5454545454545,0.287081339712919
"1821",0.741935483870968,0.363825726130332,0.555555555555556,0.876262626262626,0.555555555555556,0.818181818181818,0.444444444444444,0.181818181818182,3.05555555555556,0.54320987654321
"1822",0.870967741935484,0.322202714141092,0.714285714285714,0.896666666666667,0.833333333333333,0.88,0.166666666666667,0.12,6.94444444444444,0.189393939393939
"1823",0.709677419354839,0.424091184814343,0.470588235294118,0.78030303030303,0.444444444444444,0.818181818181818,0.555555555555556,0.181818181818182,2.44444444444445,0.679012345679012
"1824",0.838709677419355,0.31053221714784,0.705882352941177,0.901785714285714,0.857142857142857,0.833333333333333,0.142857142857143,0.166666666666667,5.14285714285714,0.171428571428571
"1825",0.741935483870968,0.448902261516318,0.555555555555556,0.747474747474747,0.555555555555556,0.818181818181818,0.444444444444444,0.181818181818182,3.05555555555556,0.54320987654321
"1826",0.709677419354839,0.373293111518832,0.307692307692308,0.784615384615385,0.4,0.769230769230769,0.6,0.230769230769231,1.73333333333333,0.78
"1827",0.870967741935484,0.371305290449363,0.75,0.881313131313131,0.666666666666667,0.954545454545455,0.333333333333333,0.0454545454545454,14.6666666666667,0.349206349206349
"1828",0.806451612903226,0.368349984988994,0.666666666666667,0.820707070707071,0.666666666666667,0.863636363636364,0.333333333333333,0.136363636363636,4.88888888888889,0.385964912280702
"1829",0.838709677419355,0.32084941114651,0.666666666666667,0.907738095238095,0.714285714285714,0.875,0.285714285714286,0.125,5.71428571428571,0.326530612244898
"1830",0.903225806451613,0.30306809558452,0.857142857142857,0.934090909090909,0.818181818181818,0.95,0.181818181818182,0.05,16.3636363636363,0.191387559808612
"1831",0.870967741935484,0.302887436775052,0.666666666666667,0.901785714285714,0.571428571428571,0.958333333333333,0.428571428571429,0.0416666666666666,13.7142857142857,0.447204968944099
"1832",0.838709677419355,0.329689879610554,0.705882352941177,0.923809523809524,0.6,0.952380952380952,0.4,0.0476190476190477,12.6,0.42
"1833",0.903225806451613,0.301822366326236,0.769230769230769,0.934782608695652,0.625,1,0.375,0,Inf,0.375
"1834",0.806451612903226,0.393675657041768,0.666666666666667,0.940789473684211,0.5,1,0.5,0,Inf,0.5
"1835",0.806451612903226,0.383650895304892,0.727272727272727,0.899122807017544,0.666666666666667,0.894736842105263,0.333333333333333,0.105263157894737,6.33333333333333,0.372549019607843
"1836",0.838709677419355,0.356719976546652,0.761904761904762,0.896929824561403,0.666666666666667,0.947368421052632,0.333333333333333,0.0526315789473685,12.6666666666667,0.351851851851852
"1837",0.741935483870968,0.42516621911731,0.428571428571429,0.821428571428571,0.428571428571429,0.833333333333333,0.571428571428571,0.166666666666667,2.57142857142857,0.685714285714286
"1838",0.806451612903226,0.38412199479072,0.666666666666667,0.804761904761905,0.6,0.904761904761905,0.4,0.0952380952380952,6.3,0.442105263157895
"1839",0.774193548387097,0.384294148761165,0.666666666666667,0.885964912280702,0.583333333333333,0.894736842105263,0.416666666666667,0.105263157894737,5.54166666666667,0.465686274509804
"1840",0.838709677419355,0.325797064865666,0.782608695652174,0.899122807017544,0.75,0.894736842105263,0.25,0.105263157894737,7.125,0.279411764705882
"1841",0.774193548387097,0.381634014013734,0.533333333333333,0.8125,0.571428571428571,0.833333333333333,0.428571428571429,0.166666666666667,3.42857142857143,0.514285714285714
"1842",0.645161290322581,0.462461007211851,0.421052631578947,0.679292929292929,0.444444444444444,0.727272727272727,0.555555555555556,0.272727272727273,1.62962962962963,0.763888888888889
"1843",0.741935483870968,0.418033580710285,0.6,0.855263157894737,0.5,0.894736842105263,0.5,0.105263157894737,4.75,0.558823529411765
"1844",0.870967741935484,0.307272873427848,0.6,0.84,0.5,0.96,0.5,0.04,12.5,0.520833333333333
"1845",0.774193548387097,0.409352899449465,0.588235294117647,0.845959595959596,0.555555555555556,0.863636363636364,0.444444444444444,0.136363636363636,4.07407407407407,0.514619883040936
"1846",0.774193548387097,0.389043393185424,0.588235294117647,0.871428571428571,0.5,0.904761904761905,0.5,0.0952380952380952,5.25,0.552631578947368
"1847",0.741935483870968,0.450578017801125,0.555555555555556,0.885964912280702,0.416666666666667,0.947368421052632,0.583333333333333,0.0526315789473685,7.91666666666666,0.615740740740741
"1848",0.806451612903226,0.358237950910252,0.5,0.842261904761905,0.428571428571429,0.916666666666667,0.571428571428571,0.0833333333333334,5.14285714285714,0.623376623376623
"1849",0.903225806451613,0.32842023729141,0.869565217391304,0.950854700854701,0.769230769230769,1,0.230769230769231,0,Inf,0.230769230769231
"1850",0.645161290322581,0.488906371253128,0.521739130434783,0.757142857142857,0.6,0.666666666666667,0.4,0.333333333333333,1.8,0.6
"1851",0.67741935483871,0.447239096850434,0.583333333333333,0.782828282828283,0.777777777777778,0.636363636363636,0.222222222222222,0.363636363636364,2.13888888888889,0.349206349206349
"1852",0.709677419354839,0.400585145748537,0.64,0.831196581196581,0.615384615384615,0.777777777777778,0.384615384615385,0.222222222222222,2.76923076923077,0.494505494505494
"1853",0.870967741935484,0.283619152526635,0.777777777777778,0.964673913043478,0.875,0.869565217391304,0.125,0.130434782608696,6.70833333333333,0.14375
"1854",0.838709677419355,0.344333448538918,0.666666666666667,0.831521739130435,0.625,0.91304347826087,0.375,0.0869565217391305,7.1875,0.410714285714286
"1855",0.838709677419355,0.331961686042306,0.705882352941177,0.896464646464646,0.666666666666667,0.909090909090909,0.333333333333333,0.0909090909090909,7.33333333333333,0.366666666666667
"1856",0.838709677419355,0.363388589095178,0.736842105263158,0.870454545454545,0.636363636363636,0.95,0.363636363636364,0.05,12.7272727272727,0.382775119617225
"1857",0.806451612903226,0.354382249717471,0.571428571428571,0.891304347826087,0.5,0.91304347826087,0.5,0.0869565217391305,5.75,0.547619047619048
"1858",0.903225806451613,0.31615613774421,0.842105263157895,0.94949494949495,0.888888888888889,0.909090909090909,0.111111111111111,0.0909090909090909,9.77777777777777,0.122222222222222
"1859",0.903225806451613,0.295951629724959,0.727272727272727,0.893333333333333,0.666666666666667,0.96,0.333333333333333,0.04,16.6666666666667,0.347222222222222
"1860",0.806451612903226,0.394021310844084,0.625,0.813131313131313,0.555555555555556,0.909090909090909,0.444444444444444,0.0909090909090909,6.11111111111111,0.488888888888889
"1861",0.774193548387097,0.347931070733402,0.631578947368421,0.91304347826087,0.75,0.782608695652174,0.25,0.217391304347826,3.45,0.319444444444444
"1862",0.806451612903226,0.319785748592197,0.625,0.925595238095238,0.714285714285714,0.833333333333333,0.285714285714286,0.166666666666667,4.28571428571429,0.342857142857143
"1863",0.806451612903226,0.331484748899296,0.625,0.894021739130435,0.625,0.869565217391304,0.375,0.130434782608696,4.79166666666667,0.43125
"1864",0.806451612903226,0.34140307914371,0.7,0.872282608695652,0.875,0.782608695652174,0.125,0.217391304347826,4.025,0.159722222222222
"1865",0.838709677419355,0.315665654003944,0.545454545454545,0.87,0.5,0.92,0.5,0.08,6.25,0.543478260869565
"1866",0.806451612903226,0.344880171101165,0.7,0.871428571428571,0.7,0.857142857142857,0.3,0.142857142857143,4.9,0.35
"1867",0.709677419354839,0.458649901188712,0.64,0.80625,0.533333333333333,0.875,0.466666666666667,0.125,4.26666666666667,0.533333333333333
"1868",0.838709677419355,0.33919799445772,0.705882352941177,0.896739130434783,0.75,0.869565217391304,0.25,0.130434782608696,5.75,0.2875
"1869",0.838709677419355,0.320776609563989,0.782608695652174,0.929292929292929,1,0.772727272727273,0,0.227272727272727,4.4,0
"1870",0.774193548387097,0.381747275330359,0.631578947368421,0.876190476190476,0.6,0.857142857142857,0.4,0.142857142857143,4.2,0.466666666666667
"1871",0.838709677419355,0.363673119614186,0.761904761904762,0.895238095238095,0.8,0.857142857142857,0.2,0.142857142857143,5.6,0.233333333333333
"1872",0.838709677419355,0.387841327837178,0.814814814814815,0.885964912280702,0.916666666666667,0.789473684210526,0.0833333333333334,0.210526315789474,4.35416666666667,0.105555555555556
"1873",0.806451612903226,0.373346971020462,0.75,0.91025641025641,0.692307692307692,0.888888888888889,0.307692307692308,0.111111111111111,6.23076923076923,0.346153846153846
"1874",0.806451612903226,0.335431183484816,0.666666666666667,0.902173913043478,0.75,0.826086956521739,0.25,0.173913043478261,4.3125,0.302631578947368
"1875",0.741935483870968,0.427207656587544,0.6,0.772727272727273,0.545454545454545,0.85,0.454545454545455,0.15,3.63636363636364,0.53475935828877
"1876",0.935483870967742,0.309142496810583,0.875,0.967391304347826,0.875,0.956521739130435,0.125,0.0434782608695652,20.125,0.130681818181818
"1877",0.806451612903226,0.372926870027988,0.625,0.869047619047619,0.714285714285714,0.833333333333333,0.285714285714286,0.166666666666667,4.28571428571429,0.342857142857143
"1878",0.612903225806452,0.526684703023855,0.454545454545455,0.652380952380952,0.5,0.666666666666667,0.5,0.333333333333333,1.5,0.75
"1879",0.935483870967742,0.282384356488989,0.875,0.956521739130435,0.875,0.956521739130435,0.125,0.0434782608695652,20.125,0.130681818181818
"1880",0.774193548387097,0.365527365631668,0.72,0.903846153846154,0.692307692307692,0.833333333333333,0.307692307692308,0.166666666666667,4.15384615384616,0.369230769230769
"1881",0.741935483870968,0.387770555049347,0.5,0.833333333333333,0.571428571428571,0.791666666666667,0.428571428571429,0.208333333333333,2.74285714285714,0.541353383458647
"1882",0.903225806451613,0.263759233584484,0.857142857142857,0.974747474747475,1,0.863636363636364,0,0.136363636363636,7.33333333333333,0
"1883",0.806451612903226,0.365536248544849,0.625,0.875,0.625,0.869565217391304,0.375,0.130434782608696,4.79166666666667,0.43125
"1884",0.838709677419355,0.341195773831596,0.761904761904762,0.919047619047619,0.8,0.857142857142857,0.2,0.142857142857143,5.6,0.233333333333333
"1885",0.806451612903226,0.386433910124391,0.666666666666667,0.783333333333333,0.6,0.904761904761905,0.4,0.0952380952380952,6.3,0.442105263157895
"1886",0.774193548387097,0.351351957432232,0.533333333333333,0.880434782608696,0.5,0.869565217391304,0.5,0.130434782608696,3.83333333333333,0.575
"1887",0.870967741935484,0.329380086034946,0.8,0.929292929292929,0.888888888888889,0.863636363636364,0.111111111111111,0.136363636363636,6.51851851851852,0.128654970760234
"1888",0.838709677419355,0.313402565163289,0.736842105263158,0.94949494949495,0.777777777777778,0.863636363636364,0.222222222222222,0.136363636363636,5.7037037037037,0.257309941520468
"1889",0.838709677419355,0.344755092812149,0.666666666666667,0.896464646464646,0.555555555555556,0.954545454545455,0.444444444444444,0.0454545454545454,12.2222222222222,0.465608465608466
"1890",0.838709677419355,0.347275225337903,0.8,0.929824561403509,0.833333333333333,0.842105263157895,0.166666666666667,0.157894736842105,5.27777777777778,0.197916666666667
"1891",0.806451612903226,0.350493384830909,0.7,0.888095238095238,0.7,0.857142857142857,0.3,0.142857142857143,4.9,0.35
"1892",0.774193548387097,0.391479551023417,0.588235294117647,0.883838383838384,0.555555555555556,0.863636363636364,0.444444444444444,0.136363636363636,4.07407407407407,0.514619883040936
"1893",0.774193548387097,0.374117464698936,0.588235294117647,0.892857142857143,0.714285714285714,0.791666666666667,0.285714285714286,0.208333333333333,3.42857142857143,0.360902255639098
"1894",0.870967741935484,0.301366382776296,0.75,0.954545454545455,0.666666666666667,0.954545454545455,0.333333333333333,0.0454545454545454,14.6666666666667,0.349206349206349
"1895",0.806451612903226,0.358193723217994,0.625,0.836666666666667,0.833333333333333,0.8,0.166666666666667,0.2,4.16666666666667,0.208333333333333
"1896",0.741935483870968,0.402094796202175,0.692307692307692,0.854545454545454,0.818181818181818,0.7,0.181818181818182,0.3,2.72727272727273,0.25974025974026
"1897",0.741935483870968,0.405852594952752,0.555555555555556,0.802380952380952,0.5,0.857142857142857,0.5,0.142857142857143,3.5,0.583333333333333
"1898",0.774193548387097,0.400648710602628,0.695652173913043,0.893162393162393,0.615384615384615,0.888888888888889,0.384615384615385,0.111111111111111,5.53846153846154,0.432692307692308
"1899",0.870967741935484,0.327555994688423,0.75,0.894021739130435,0.75,0.91304347826087,0.25,0.0869565217391305,8.62499999999999,0.273809523809524
"1900",0.774193548387097,0.338887884831625,0.666666666666667,0.896464646464647,0.777777777777778,0.772727272727273,0.222222222222222,0.227272727272727,3.42222222222222,0.287581699346405
"1901",0.838709677419355,0.349593995611165,0.666666666666667,0.840909090909091,0.555555555555556,0.954545454545455,0.444444444444444,0.0454545454545454,12.2222222222222,0.465608465608466
"1902",0.774193548387097,0.406743022310524,0.695652173913043,0.856818181818182,0.727272727272727,0.8,0.272727272727273,0.2,3.63636363636364,0.340909090909091
"1903",0.774193548387097,0.334709640370941,0.631578947368421,0.946666666666667,1,0.72,0,0.28,3.57142857142857,0
"1904",0.838709677419355,0.336813886709598,0.736842105263158,0.894021739130435,0.875,0.826086956521739,0.125,0.173913043478261,5.03125,0.151315789473684
"1905",0.870967741935484,0.334473409971644,0.714285714285714,0.907608695652174,0.625,0.956521739130435,0.375,0.0434782608695652,14.375,0.392045454545455
"1906",0.870967741935484,0.283217484683926,0.714285714285714,0.93452380952381,0.714285714285714,0.916666666666667,0.285714285714286,0.0833333333333334,8.57142857142857,0.311688311688312
"1907",0.838709677419355,0.37713429346808,0.666666666666667,0.8125,0.625,0.91304347826087,0.375,0.0869565217391305,7.1875,0.410714285714286
"1908",0.870967741935484,0.329452136353795,0.75,0.876262626262626,0.666666666666667,0.954545454545455,0.333333333333333,0.0454545454545454,14.6666666666667,0.349206349206349
"1909",0.838709677419355,0.342194264904702,0.666666666666667,0.853260869565217,0.625,0.91304347826087,0.375,0.0869565217391305,7.1875,0.410714285714286
"1910",0.806451612903226,0.354418116495205,0.625,0.888586956521739,0.625,0.869565217391304,0.375,0.130434782608696,4.79166666666667,0.43125
"1911",0.741935483870968,0.420275629501743,0.555555555555556,0.853070175438596,0.416666666666667,0.947368421052632,0.583333333333333,0.0526315789473685,7.91666666666666,0.615740740740741
"1912",0.774193548387097,0.401488418805353,0.533333333333333,0.84,0.666666666666667,0.8,0.333333333333333,0.2,3.33333333333333,0.416666666666667
"1913",0.870967741935484,0.313802429736292,0.777777777777778,0.952380952380952,1,0.833333333333333,0,0.166666666666667,6,0
"1914",0.870967741935484,0.311979992955954,0.75,0.985714285714286,0.6,1,0.4,0,Inf,0.4
"1915",0.774193548387097,0.443217982826564,0.588235294117647,0.733695652173913,0.625,0.826086956521739,0.375,0.173913043478261,3.59375,0.453947368421053
"1916",0.806451612903226,0.435718951193989,0.7,0.817982456140351,0.583333333333333,0.947368421052632,0.416666666666667,0.0526315789473685,11.0833333333333,0.439814814814815
"1917",0.903225806451613,0.271044083539645,0.823529411764706,0.972826086956522,0.875,0.91304347826087,0.125,0.0869565217391305,10.0625,0.136904761904762
"1918",0.774193548387097,0.412211724261943,0.461538461538462,0.797979797979798,0.333333333333333,0.954545454545455,0.666666666666667,0.0454545454545454,7.33333333333334,0.698412698412698
"1919",0.774193548387097,0.365768231992323,0.588235294117647,0.861111111111111,0.555555555555556,0.863636363636364,0.444444444444444,0.136363636363636,4.07407407407407,0.514619883040936
"1920",0.709677419354839,0.42255899024099,0.526315789473684,0.890350877192982,0.416666666666667,0.894736842105263,0.583333333333333,0.105263157894737,3.95833333333333,0.651960784313725
"1921",0.935483870967742,0.293097371471552,0.857142857142857,0.94047619047619,0.857142857142857,0.958333333333333,0.142857142857143,0.0416666666666666,20.5714285714286,0.149068322981366
"1922",0.838709677419355,0.31418514310653,0.761904761904762,0.952380952380952,0.8,0.857142857142857,0.2,0.142857142857143,5.6,0.233333333333333
"1923",0.774193548387097,0.415741890483116,0.695652173913043,0.868421052631579,0.666666666666667,0.842105263157895,0.333333333333333,0.157894736842105,4.22222222222222,0.395833333333333
"1924",0.838709677419355,0.318448754443221,0.705882352941177,0.918478260869565,0.75,0.869565217391304,0.25,0.130434782608696,5.75,0.2875
"1925",0.741935483870968,0.409510088183549,0.5,0.863636363636364,0.444444444444444,0.863636363636364,0.555555555555556,0.136363636363636,3.25925925925926,0.64327485380117
"1926",0.774193548387097,0.437838488178372,0.666666666666667,0.858974358974359,0.538461538461538,0.944444444444444,0.461538461538462,0.0555555555555556,9.69230769230769,0.48868778280543
"1927",0.806451612903226,0.368746530000918,0.625,0.919191919191919,0.555555555555556,0.909090909090909,0.444444444444444,0.0909090909090909,6.11111111111111,0.488888888888889
"1928",0.838709677419355,0.379178159539924,0.666666666666667,0.880434782608696,0.625,0.91304347826087,0.375,0.0869565217391305,7.1875,0.410714285714286
"1929",0.67741935483871,0.450713461868728,0.545454545454545,0.810606060606061,0.666666666666667,0.681818181818182,0.333333333333333,0.318181818181818,2.09523809523809,0.488888888888889
"1930",0.774193548387097,0.377068307000665,0.533333333333333,0.864130434782609,0.5,0.869565217391304,0.5,0.130434782608696,3.83333333333333,0.575
"1931",0.870967741935484,0.312169337676038,0.777777777777778,0.933333333333333,0.7,0.952380952380952,0.3,0.0476190476190477,14.7,0.315
"1932",0.774193548387097,0.410538961356559,0.666666666666667,0.835526315789474,0.583333333333333,0.894736842105263,0.416666666666667,0.105263157894737,5.54166666666667,0.465686274509804
"1933",0.935483870967742,0.261064414705584,0.916666666666667,0.986363636363636,1,0.9,0,0.1,10,0
"1934",0.838709677419355,0.373043222671115,0.666666666666667,0.802380952380952,0.5,1,0.5,0,Inf,0.5
"1935",0.870967741935484,0.313058217195646,0.777777777777778,0.926767676767677,0.777777777777778,0.909090909090909,0.222222222222222,0.0909090909090909,8.55555555555555,0.244444444444444
"1936",0.838709677419355,0.382000645141687,0.615384615384615,0.863095238095238,0.571428571428571,0.916666666666667,0.428571428571429,0.0833333333333334,6.85714285714285,0.467532467532468
"1937",0.838709677419355,0.369065045867987,0.761904761904762,0.859090909090909,0.727272727272727,0.9,0.272727272727273,0.1,7.27272727272727,0.303030303030303
"1938",0.806451612903226,0.375072950744823,0.7,0.822727272727273,0.636363636363636,0.9,0.363636363636364,0.1,6.36363636363637,0.404040404040404
"1939",0.838709677419355,0.320745599299227,0.761904761904762,0.904761904761905,0.8,0.857142857142857,0.2,0.142857142857143,5.6,0.233333333333333
"1940",0.709677419354839,0.441084747563188,0.608695652173913,0.866666666666667,0.7,0.714285714285714,0.3,0.285714285714286,2.45,0.42
"1941",0.903225806451613,0.288475772958492,0.857142857142857,0.94047619047619,0.9,0.904761904761905,0.1,0.0952380952380952,9.45,0.110526315789474
"1942",0.774193548387097,0.374586656543728,0.695652173913043,0.905982905982906,0.615384615384615,0.888888888888889,0.384615384615385,0.111111111111111,5.53846153846154,0.432692307692308
"1943",0.903225806451613,0.299051693720835,0.823529411764706,0.96195652173913,0.875,0.91304347826087,0.125,0.0869565217391305,10.0625,0.136904761904762
"1944",0.806451612903226,0.339197414044897,0.7,0.861111111111111,0.777777777777778,0.818181818181818,0.222222222222222,0.181818181818182,4.27777777777778,0.271604938271605
"1945",0.774193548387097,0.316308591967611,0.461538461538462,0.865384615384615,0.6,0.807692307692308,0.4,0.192307692307692,3.12,0.495238095238095
"1946",0.709677419354839,0.438508510917805,0.64,0.797727272727273,0.727272727272727,0.7,0.272727272727273,0.3,2.42424242424242,0.38961038961039
"1947",0.806451612903226,0.334866119860876,0.727272727272727,0.883333333333333,0.8,0.80952380952381,0.2,0.19047619047619,4.2,0.247058823529412
"1948",0.838709677419355,0.350884217953712,0.736842105263158,0.926190476190476,0.7,0.904761904761905,0.3,0.0952380952380952,7.35,0.331578947368421
"1949",0.806451612903226,0.362483664227263,0.625,0.880952380952381,0.714285714285714,0.833333333333333,0.285714285714286,0.166666666666667,4.28571428571429,0.342857142857143
"1950",0.838709677419355,0.326396343906159,0.666666666666667,0.91304347826087,0.625,0.91304347826087,0.375,0.0869565217391305,7.1875,0.410714285714286
"1951",0.709677419354839,0.443421006449716,0.526315789473684,0.779761904761905,0.714285714285714,0.708333333333333,0.285714285714286,0.291666666666667,2.44897959183674,0.403361344537815
"1952",0.806451612903226,0.3774842923103,0.571428571428571,0.878787878787879,0.444444444444444,0.954545454545455,0.555555555555556,0.0454545454545454,9.77777777777779,0.582010582010582
"1953",0.838709677419355,0.370439443500106,0.705882352941177,0.805555555555556,0.666666666666667,0.909090909090909,0.333333333333333,0.0909090909090909,7.33333333333333,0.366666666666667
"1954",0.838709677419355,0.343528992430312,0.761904761904762,0.914285714285714,0.8,0.857142857142857,0.2,0.142857142857143,5.6,0.233333333333333
"1955",0.67741935483871,0.49596820313346,0.5,0.679292929292929,0.555555555555556,0.727272727272727,0.444444444444444,0.272727272727273,2.03703703703704,0.611111111111111
"1956",0.806451612903226,0.360998263467136,0.666666666666667,0.864130434782609,0.75,0.826086956521739,0.25,0.173913043478261,4.3125,0.302631578947368
"1957",0.903225806451613,0.324903531109416,0.869565217391304,0.954545454545455,0.909090909090909,0.9,0.0909090909090909,0.1,9.09090909090909,0.101010101010101
"1958",0.67741935483871,0.482351500656802,0.444444444444444,0.809210526315789,0.333333333333333,0.894736842105263,0.666666666666667,0.105263157894737,3.16666666666667,0.745098039215686
"1959",0.870967741935484,0.382078917672156,0.8,0.864285714285714,0.8,0.904761904761905,0.2,0.0952380952380952,8.4,0.221052631578947
"1960",0.806451612903226,0.324349800401508,0.727272727272727,0.913636363636364,0.727272727272727,0.85,0.272727272727273,0.15,4.84848484848485,0.320855614973262
"1961",0.741935483870968,0.428409105578552,0.428571428571429,0.853260869565217,0.375,0.869565217391304,0.625,0.130434782608696,2.875,0.71875
"1962",0.806451612903226,0.420040306827642,0.785714285714286,0.836134453781513,0.785714285714286,0.823529411764706,0.214285714285714,0.176470588235294,4.45238095238095,0.260204081632653
"1963",0.774193548387097,0.318451344188797,0.588235294117647,0.94,0.833333333333333,0.76,0.166666666666667,0.24,3.47222222222222,0.219298245614035
"1964",0.774193548387097,0.396924317198476,0.695652173913043,0.879385964912281,0.666666666666667,0.842105263157895,0.333333333333333,0.157894736842105,4.22222222222222,0.395833333333333
"1965",0.774193548387097,0.436639413875485,0.631578947368421,0.809210526315789,0.5,0.947368421052632,0.5,0.0526315789473685,9.49999999999999,0.527777777777778
"1966",0.774193548387097,0.37860134129929,0.533333333333333,0.813131313131313,0.444444444444444,0.909090909090909,0.555555555555556,0.0909090909090909,4.88888888888889,0.611111111111111
"1967",0.870967741935484,0.354196573657072,0.714285714285714,0.866161616161616,0.555555555555556,1,0.444444444444444,0,Inf,0.444444444444444
"1968",0.741935483870968,0.467525074979515,0.5,0.875,0.333333333333333,1,0.666666666666667,0,Inf,0.666666666666667
"1969",0.774193548387097,0.407979405683781,0.72,0.899159663865546,0.642857142857143,0.882352941176471,0.357142857142857,0.117647058823529,5.46428571428571,0.404761904761905
"1970",0.870967741935484,0.360482986830673,0.777777777777778,0.886363636363636,0.636363636363636,1,0.363636363636364,0,Inf,0.363636363636364
"1971",0.806451612903226,0.377092729781988,0.571428571428571,0.880769230769231,0.8,0.807692307692308,0.2,0.192307692307692,4.16,0.247619047619048
"1972",0.774193548387097,0.409543966659707,0.461538461538462,0.792929292929293,0.333333333333333,0.954545454545455,0.666666666666667,0.0454545454545454,7.33333333333334,0.698412698412698
"1973",0.806451612903226,0.404359354852756,0.625,0.895454545454546,0.454545454545455,1,0.545454545454545,0,Inf,0.545454545454545
"1974",0.806451612903226,0.360805189637441,0.666666666666667,0.95,0.545454545454545,0.95,0.454545454545455,0.05,10.9090909090909,0.478468899521531
"1975",0.838709677419355,0.316114610925694,0.705882352941177,0.861413043478261,0.75,0.869565217391304,0.25,0.130434782608696,5.75,0.2875
"1976",0.806451612903226,0.3985742169946,0.666666666666667,0.884090909090909,0.545454545454545,0.95,0.454545454545455,0.05,10.9090909090909,0.478468899521531
"1977",0.870967741935484,0.340116299360501,0.8,0.886363636363636,0.727272727272727,0.95,0.272727272727273,0.05,14.5454545454545,0.287081339712919
"1978",0.806451612903226,0.390427733654318,0.666666666666667,0.828571428571429,0.6,0.904761904761905,0.4,0.0952380952380952,6.3,0.442105263157895
"1979",0.806451612903226,0.331149126752764,0.571428571428571,0.834615384615385,0.8,0.807692307692308,0.2,0.192307692307692,4.16,0.247619047619048
"1980",0.838709677419355,0.322067143366162,0.782608695652174,0.95,0.818181818181818,0.85,0.181818181818182,0.15,5.45454545454545,0.213903743315508
"1981",0.741935483870968,0.362957799220451,0.636363636363636,0.925438596491228,0.583333333333333,0.842105263157895,0.416666666666667,0.157894736842105,3.69444444444444,0.494791666666667
"1982",0.838709677419355,0.387152960331085,0.8,0.902380952380952,1,0.761904761904762,0,0.238095238095238,4.2,0
"1983",0.741935483870968,0.440246534475366,0.555555555555556,0.835526315789474,0.416666666666667,0.947368421052632,0.583333333333333,0.0526315789473685,7.91666666666666,0.615740740740741
"1984",0.774193548387097,0.362796112827437,0.695652173913043,0.870454545454545,0.727272727272727,0.8,0.272727272727273,0.2,3.63636363636364,0.340909090909091
"1985",0.709677419354839,0.420413148829358,0.526315789473684,0.803571428571429,0.714285714285714,0.708333333333333,0.285714285714286,0.291666666666667,2.44897959183674,0.403361344537815
"1986",0.838709677419355,0.360853736511071,0.761904761904762,0.871212121212121,0.888888888888889,0.818181818181818,0.111111111111111,0.181818181818182,4.88888888888889,0.135802469135803
"1987",0.838709677419355,0.329822948381771,0.782608695652174,0.931818181818182,0.818181818181818,0.85,0.181818181818182,0.15,5.45454545454545,0.213903743315508
"1988",0.67741935483871,0.468973284644767,0.5,0.813636363636364,0.454545454545455,0.8,0.545454545454545,0.2,2.27272727272727,0.681818181818182
"1989",0.903225806451613,0.336479012528536,0.769230769230769,0.85054347826087,0.625,1,0.375,0,Inf,0.375
"1990",0.806451612903226,0.344554483081234,0.7,0.904040404040404,0.777777777777778,0.818181818181818,0.222222222222222,0.181818181818182,4.27777777777778,0.271604938271605
"1991",0.838709677419355,0.317990369200348,0.736842105263158,0.940217391304348,0.875,0.826086956521739,0.125,0.173913043478261,5.03125,0.151315789473684
"1992",0.774193548387097,0.420766510413649,0.631578947368421,0.871428571428571,0.6,0.857142857142857,0.4,0.142857142857143,4.2,0.466666666666667
"1993",0.709677419354839,0.437767695975429,0.470588235294118,0.773809523809524,0.4,0.857142857142857,0.6,0.142857142857143,2.8,0.7
"1994",0.67741935483871,0.39213175930603,0.545454545454545,0.838383838383838,0.666666666666667,0.681818181818182,0.333333333333333,0.318181818181818,2.09523809523809,0.488888888888889
"1995",0.838709677419355,0.362238355725737,0.761904761904762,0.9,0.8,0.857142857142857,0.2,0.142857142857143,5.6,0.233333333333333
"1996",0.903225806451613,0.271650451802497,0.8,0.986666666666667,1,0.88,0,0.12,8.33333333333333,0
"1997",0.838709677419355,0.309281985425748,0.545454545454545,0.883333333333333,0.5,0.92,0.5,0.08,6.25,0.543478260869565
"1998",0.741935483870968,0.379506563922309,0.555555555555556,0.851010101010101,0.555555555555556,0.818181818181818,0.444444444444444,0.181818181818182,3.05555555555556,0.54320987654321
"1999",0.741935483870968,0.398210266957181,0.428571428571429,0.828571428571429,0.3,0.952380952380952,0.7,0.0476190476190477,6.29999999999999,0.735
"2000",0.838709677419355,0.396732229236571,0.736842105263158,0.934210526315789,0.583333333333333,1,0.416666666666667,0,Inf,0.416666666666667
"2001",0.806451612903226,0.376575445835557,0.666666666666667,0.866161616161616,0.666666666666667,0.863636363636364,0.333333333333333,0.136363636363636,4.88888888888889,0.385964912280702
"2002",0.870967741935484,0.289567057927521,0.75,0.964646464646465,0.666666666666667,0.954545454545455,0.333333333333333,0.0454545454545454,14.6666666666667,0.349206349206349
"2003",0.709677419354839,0.442005853863102,0.571428571428571,0.855263157894737,0.5,0.842105263157895,0.5,0.157894736842105,3.16666666666667,0.59375
"2004",0.741935483870968,0.412925700502305,0.555555555555556,0.810606060606061,0.555555555555556,0.818181818181818,0.444444444444444,0.181818181818182,3.05555555555556,0.54320987654321
"2005",0.774193548387097,0.39426271359801,0.533333333333333,0.729166666666667,0.571428571428571,0.833333333333333,0.428571428571429,0.166666666666667,3.42857142857143,0.514285714285714
"2006",0.903225806451613,0.35315186686109,0.842105263157895,0.959090909090909,0.727272727272727,1,0.272727272727273,0,Inf,0.272727272727273
"2007",0.774193548387097,0.367544107220504,0.666666666666667,0.883333333333333,0.7,0.80952380952381,0.3,0.19047619047619,3.675,0.370588235294118
"2008",0.806451612903226,0.397452668152947,0.727272727272727,0.912393162393162,0.615384615384615,0.944444444444444,0.384615384615385,0.0555555555555556,11.0769230769231,0.407239819004525
"2009",0.67741935483871,0.4542699821813,0.444444444444444,0.752380952380952,0.4,0.80952380952381,0.6,0.19047619047619,2.1,0.741176470588235
"2010",0.774193548387097,0.374214404508089,0.631578947368421,0.857142857142857,0.6,0.857142857142857,0.4,0.142857142857143,4.2,0.466666666666667
"2011",0.774193548387097,0.340913302937469,0.631578947368421,0.891304347826087,0.75,0.782608695652174,0.25,0.217391304347826,3.45,0.319444444444444
"2012",0.774193548387097,0.349770001303519,0.588235294117647,0.913333333333333,0.833333333333333,0.76,0.166666666666667,0.24,3.47222222222222,0.219298245614035
"2013",0.774193548387097,0.380822537485269,0.461538461538462,0.845238095238095,0.428571428571429,0.875,0.571428571428571,0.125,3.42857142857143,0.653061224489796
"2014",0.838709677419355,0.352704132135131,0.666666666666667,0.880434782608696,0.625,0.91304347826087,0.375,0.0869565217391305,7.1875,0.410714285714286
"2015",0.806451612903226,0.397700020734908,0.769230769230769,0.857142857142857,0.714285714285714,0.882352941176471,0.285714285714286,0.117647058823529,6.07142857142857,0.323809523809524
"2016",0.870967741935484,0.342058796767409,0.75,0.871212121212121,0.666666666666667,0.954545454545455,0.333333333333333,0.0454545454545454,14.6666666666667,0.349206349206349
"2017",0.774193548387097,0.411120563727569,0.695652173913043,0.847619047619048,0.8,0.761904761904762,0.2,0.238095238095238,3.36,0.2625
"2018",0.774193548387097,0.358974501053738,0.588235294117647,0.798913043478261,0.625,0.826086956521739,0.375,0.173913043478261,3.59375,0.453947368421053
"2019",0.838709677419355,0.352021972499212,0.736842105263158,0.89047619047619,0.7,0.904761904761905,0.3,0.0952380952380952,7.35,0.331578947368421
"2020",0.806451612903226,0.374707090352668,0.666666666666667,0.938095238095238,0.6,0.904761904761905,0.4,0.0952380952380952,6.3,0.442105263157895
"2021",0.838709677419355,0.341469776269143,0.666666666666667,0.904761904761905,0.714285714285714,0.875,0.285714285714286,0.125,5.71428571428571,0.326530612244898
"2022",0.709677419354839,0.458662282860133,0.608695652173913,0.811965811965812,0.538461538461538,0.833333333333333,0.461538461538462,0.166666666666667,3.23076923076923,0.553846153846154
"2023",0.838709677419355,0.346586723412408,0.615384615384615,0.818452380952381,0.571428571428571,0.916666666666667,0.428571428571429,0.0833333333333334,6.85714285714285,0.467532467532468
"2024",0.67741935483871,0.470638305843721,0.545454545454545,0.713636363636364,0.545454545454545,0.75,0.454545454545455,0.25,2.18181818181818,0.606060606060606
"2025",0.774193548387097,0.379634859709222,0.666666666666667,0.831818181818182,0.636363636363636,0.85,0.363636363636364,0.15,4.24242424242424,0.427807486631016
"2026",0.838709677419355,0.36767163821032,0.666666666666667,0.863636363636364,0.555555555555556,0.954545454545455,0.444444444444444,0.0454545454545454,12.2222222222222,0.465608465608466
"2027",0.806451612903226,0.387598746651251,0.571428571428571,0.820652173913043,0.5,0.91304347826087,0.5,0.0869565217391305,5.75,0.547619047619048
"2028",0.838709677419355,0.334054106540558,0.705882352941177,0.922619047619048,0.857142857142857,0.833333333333333,0.142857142857143,0.166666666666667,5.14285714285714,0.171428571428571
"2029",0.741935483870968,0.41176373004357,0.555555555555556,0.815217391304348,0.625,0.782608695652174,0.375,0.217391304347826,2.875,0.479166666666667
"2030",0.741935483870968,0.421271199672186,0.5,0.865909090909091,0.363636363636364,0.95,0.636363636363636,0.05,7.27272727272727,0.669856459330144
"2031",0.806451612903226,0.378882605454786,0.727272727272727,0.897727272727273,0.727272727272727,0.85,0.272727272727273,0.15,4.84848484848485,0.320855614973262
"2032",0.709677419354839,0.425637501001446,0.470588235294118,0.863636363636364,0.444444444444444,0.818181818181818,0.555555555555556,0.181818181818182,2.44444444444445,0.679012345679012
"2033",0.903225806451613,0.276057951287616,0.823529411764706,0.953804347826087,0.875,0.91304347826087,0.125,0.0869565217391305,10.0625,0.136904761904762
"2034",0.870967741935484,0.32659593294616,0.75,0.853260869565217,0.75,0.91304347826087,0.25,0.0869565217391305,8.62499999999999,0.273809523809524
"2035",0.806451612903226,0.36878126659723,0.571428571428571,0.794642857142857,0.571428571428571,0.875,0.428571428571429,0.125,4.57142857142857,0.489795918367347
"2036",0.838709677419355,0.367581541121609,0.666666666666667,0.839673913043478,0.625,0.91304347826087,0.375,0.0869565217391305,7.1875,0.410714285714286
"2037",0.870967741935484,0.325427562555741,0.8,0.907142857142857,0.8,0.904761904761905,0.2,0.0952380952380952,8.4,0.221052631578947
"2038",0.870967741935484,0.30014486922946,0.714285714285714,0.94047619047619,0.714285714285714,0.916666666666667,0.285714285714286,0.0833333333333334,8.57142857142857,0.311688311688312
"2039",0.838709677419355,0.344104679046831,0.666666666666667,0.863333333333333,0.833333333333333,0.84,0.166666666666667,0.16,5.20833333333333,0.198412698412698
"2040",0.774193548387097,0.37676477448727,0.533333333333333,0.823232323232323,0.444444444444444,0.909090909090909,0.555555555555556,0.0909090909090909,4.88888888888889,0.611111111111111
"2041",0.741935483870968,0.398646927477784,0.666666666666667,0.850877192982456,0.666666666666667,0.789473684210526,0.333333333333333,0.210526315789474,3.16666666666667,0.422222222222222
"2042",0.774193548387097,0.364029681332649,0.588235294117647,0.880952380952381,0.714285714285714,0.791666666666667,0.285714285714286,0.208333333333333,3.42857142857143,0.360902255639098
"2043",0.806451612903226,0.345639897456321,0.7,0.924242424242424,0.777777777777778,0.818181818181818,0.222222222222222,0.181818181818182,4.27777777777778,0.271604938271605
"2044",0.838709677419355,0.321301043318364,0.666666666666667,0.863095238095238,0.714285714285714,0.875,0.285714285714286,0.125,5.71428571428571,0.326530612244898
"2045",0.838709677419355,0.34282327260109,0.705882352941177,0.858695652173913,0.75,0.869565217391304,0.25,0.130434782608696,5.75,0.2875
"2046",0.806451612903226,0.340175420169419,0.5,0.846666666666667,0.5,0.88,0.5,0.12,4.16666666666667,0.568181818181818
"2047",0.67741935483871,0.452717537924476,0.5,0.81359649122807,0.416666666666667,0.842105263157895,0.583333333333333,0.157894736842105,2.63888888888889,0.692708333333333
"2048",0.774193548387097,0.359512220216715,0.461538461538462,0.75297619047619,0.428571428571429,0.875,0.571428571428571,0.125,3.42857142857143,0.653061224489796
"2049",0.870967741935484,0.260827745474918,0.714285714285714,0.973333333333333,0.833333333333333,0.88,0.166666666666667,0.12,6.94444444444444,0.189393939393939
"2050",0.806451612903226,0.362861710666599,0.5,0.848214285714286,0.428571428571429,0.916666666666667,0.571428571428571,0.0833333333333334,5.14285714285714,0.623376623376623
"2051",0.870967741935484,0.299312683778969,0.666666666666667,0.907692307692308,0.8,0.884615384615385,0.2,0.115384615384615,6.93333333333333,0.226086956521739
"2052",0.870967741935484,0.339818278048069,0.777777777777778,0.921428571428571,0.7,0.952380952380952,0.3,0.0476190476190477,14.7,0.315
"2053",0.774193548387097,0.374178575781486,0.72,0.880952380952381,0.9,0.714285714285714,0.1,0.285714285714286,3.15,0.14
"2054",0.870967741935484,0.284437970129313,0.777777777777778,0.956521739130435,0.875,0.869565217391304,0.125,0.130434782608696,6.70833333333333,0.14375
"2055",0.870967741935484,0.309363188707663,0.818181818181818,0.954545454545455,1,0.818181818181818,0,0.181818181818182,5.5,0
"2056",0.870967741935484,0.256685476536293,0.777777777777778,0.967391304347826,0.875,0.869565217391304,0.125,0.130434782608696,6.70833333333333,0.14375
"2057",0.806451612903226,0.305139564282433,0.625,0.880952380952381,0.714285714285714,0.833333333333333,0.285714285714286,0.166666666666667,4.28571428571429,0.342857142857143
"2058",0.741935483870968,0.413287577765802,0.5,0.79047619047619,0.4,0.904761904761905,0.6,0.0952380952380952,4.2,0.663157894736842
"2059",0.903225806451613,0.266602693890115,0.8,0.958333333333333,0.857142857142857,0.916666666666667,0.142857142857143,0.0833333333333334,10.2857142857143,0.155844155844156
"2060",0.741935483870968,0.415708137424711,0.555555555555556,0.826190476190476,0.5,0.857142857142857,0.5,0.142857142857143,3.5,0.583333333333333
"2061",0.806451612903226,0.406407156431254,0.625,0.838383838383838,0.555555555555556,0.909090909090909,0.444444444444444,0.0909090909090909,6.11111111111111,0.488888888888889
"2062",0.838709677419355,0.351036276965678,0.736842105263158,0.897619047619048,0.7,0.904761904761905,0.3,0.0952380952380952,7.35,0.331578947368421
"2063",0.838709677419355,0.337196745329872,0.761904761904762,0.914285714285714,0.8,0.857142857142857,0.2,0.142857142857143,5.6,0.233333333333333
"2064",0.774193548387097,0.427447158153589,0.588235294117647,0.829545454545454,0.454545454545455,0.95,0.545454545454545,0.05,9.09090909090908,0.574162679425837
"2065",0.903225806451613,0.275662168225586,0.727272727272727,0.94,0.666666666666667,0.96,0.333333333333333,0.04,16.6666666666667,0.347222222222222
"2066",0.870967741935484,0.240173063182006,0.666666666666667,1,1,0.851851851851852,0,0.148148148148148,6.75,0
"2067",0.838709677419355,0.36895210378284,0.782608695652174,0.87280701754386,0.75,0.894736842105263,0.25,0.105263157894737,7.125,0.279411764705882
"2068",0.870967741935484,0.326216075327334,0.777777777777778,0.904761904761905,0.7,0.952380952380952,0.3,0.0476190476190477,14.7,0.315
"2069",0.838709677419355,0.360042891722519,0.761904761904762,0.927272727272727,0.727272727272727,0.9,0.272727272727273,0.1,7.27272727272727,0.303030303030303
"2070",0.838709677419355,0.379611938360189,0.545454545454545,0.842307692307692,0.6,0.884615384615385,0.4,0.115384615384615,5.2,0.452173913043478
"2071",0.838709677419355,0.323578764924914,0.736842105263158,0.916666666666667,0.7,0.904761904761905,0.3,0.0952380952380952,7.35,0.331578947368421
"2072",0.870967741935484,0.296862129285188,0.666666666666667,0.903846153846154,0.8,0.884615384615385,0.2,0.115384615384615,6.93333333333333,0.226086956521739
"2073",0.838709677419355,0.328135823855468,0.736842105263158,0.904040404040404,0.777777777777778,0.863636363636364,0.222222222222222,0.136363636363636,5.7037037037037,0.257309941520468
"2074",0.774193548387097,0.39899089913545,0.533333333333333,0.89047619047619,0.4,0.952380952380952,0.6,0.0476190476190477,8.39999999999999,0.63
"2075",0.741935483870968,0.42175566213676,0.6,0.827272727272727,0.545454545454545,0.85,0.454545454545455,0.15,3.63636363636364,0.53475935828877
"2076",0.870967741935484,0.297570490036418,0.75,0.946428571428571,0.857142857142857,0.875,0.142857142857143,0.125,6.85714285714286,0.163265306122449
"2077",0.870967741935484,0.34374742835102,0.714285714285714,0.940217391304348,0.625,0.956521739130435,0.375,0.0434782608695652,14.375,0.392045454545455
"2078",0.838709677419355,0.349984285747406,0.736842105263158,0.897727272727273,0.636363636363636,0.95,0.363636363636364,0.05,12.7272727272727,0.382775119617225
"2079",0.774193548387097,0.399566884515719,0.666666666666667,0.859649122807018,0.583333333333333,0.894736842105263,0.416666666666667,0.105263157894737,5.54166666666667,0.465686274509804
"2080",0.870967741935484,0.312425952046851,0.777777777777778,0.954545454545455,0.777777777777778,0.909090909090909,0.222222222222222,0.0909090909090909,8.55555555555555,0.244444444444444
"2081",0.806451612903226,0.389307092869091,0.625,0.820707070707071,0.555555555555556,0.909090909090909,0.444444444444444,0.0909090909090909,6.11111111111111,0.488888888888889
"2082",0.870967741935484,0.325994273495842,0.777777777777778,0.911904761904762,0.7,0.952380952380952,0.3,0.0476190476190477,14.7,0.315
"2083",0.741935483870968,0.367392088821559,0.555555555555556,0.810606060606061,0.555555555555556,0.818181818181818,0.444444444444444,0.181818181818182,3.05555555555556,0.54320987654321
"2084",0.806451612903226,0.359408476598666,0.666666666666667,0.873809523809524,0.6,0.904761904761905,0.4,0.0952380952380952,6.3,0.442105263157895
"2085",0.806451612903226,0.340017095004896,0.7,0.886363636363636,0.777777777777778,0.818181818181818,0.222222222222222,0.181818181818182,4.27777777777778,0.271604938271605
"2086",0.838709677419355,0.383274398543969,0.782608695652174,0.836363636363636,0.818181818181818,0.85,0.181818181818182,0.15,5.45454545454545,0.213903743315508
"2087",0.838709677419355,0.322481265142092,0.666666666666667,0.902173913043478,0.625,0.91304347826087,0.375,0.0869565217391305,7.1875,0.410714285714286
"2088",0.806451612903226,0.401475804821813,0.666666666666667,0.964912280701754,0.5,1,0.5,0,Inf,0.5
"2089",0.870967741935484,0.274213328871514,0.714285714285714,0.946666666666667,0.833333333333333,0.88,0.166666666666667,0.12,6.94444444444444,0.189393939393939
"2090",0.870967741935484,0.328284370661875,0.8,0.920454545454545,0.727272727272727,0.95,0.272727272727273,0.05,14.5454545454545,0.287081339712919
"2091",0.806451612903226,0.367999373432572,0.5,0.836309523809524,0.428571428571429,0.916666666666667,0.571428571428571,0.0833333333333334,5.14285714285714,0.623376623376623
"2092",0.870967741935484,0.279856630719793,0.714285714285714,0.943333333333333,0.833333333333333,0.88,0.166666666666667,0.12,6.94444444444444,0.189393939393939
"2093",0.806451612903226,0.365602036840865,0.625,0.911616161616162,0.555555555555556,0.909090909090909,0.444444444444444,0.0909090909090909,6.11111111111111,0.488888888888889
"2094",0.741935483870968,0.406510062058063,0.636363636363636,0.88034188034188,0.538461538461538,0.888888888888889,0.461538461538462,0.111111111111111,4.84615384615384,0.519230769230769
"2095",0.774193548387097,0.35568040292683,0.631578947368421,0.927272727272727,0.545454545454545,0.9,0.454545454545455,0.1,5.45454545454546,0.505050505050505
"2096",0.774193548387097,0.374626537092841,0.588235294117647,0.845959595959596,0.555555555555556,0.863636363636364,0.444444444444444,0.136363636363636,4.07407407407407,0.514619883040936
"2097",0.774193548387097,0.375285901740722,0.588235294117647,0.883152173913043,0.625,0.826086956521739,0.375,0.173913043478261,3.59375,0.453947368421053
"2098",0.806451612903226,0.351853069930309,0.571428571428571,0.868686868686869,0.444444444444444,0.954545454545455,0.555555555555556,0.0454545454545454,9.77777777777779,0.582010582010582
"2099",0.645161290322581,0.501629349169847,0.476190476190476,0.663636363636364,0.454545454545455,0.75,0.545454545454545,0.25,1.81818181818182,0.727272727272727
"2100",0.774193548387097,0.381892341201354,0.533333333333333,0.843333333333333,0.666666666666667,0.8,0.333333333333333,0.2,3.33333333333333,0.416666666666667
"2101",0.903225806451613,0.317274882842065,0.842105263157895,0.939393939393939,0.888888888888889,0.909090909090909,0.111111111111111,0.0909090909090909,9.77777777777777,0.122222222222222
"2102",0.903225806451613,0.316875808113741,0.823529411764706,0.916666666666667,0.777777777777778,0.954545454545455,0.222222222222222,0.0454545454545454,17.1111111111111,0.232804232804233
"2103",0.806451612903226,0.365667027727205,0.769230769230769,0.89957264957265,0.769230769230769,0.833333333333333,0.230769230769231,0.166666666666667,4.61538461538462,0.276923076923077
"2104",0.806451612903226,0.355159516465587,0.769230769230769,0.933760683760684,0.769230769230769,0.833333333333333,0.230769230769231,0.166666666666667,4.61538461538462,0.276923076923077
"2105",0.838709677419355,0.343518508305438,0.705882352941177,0.909090909090909,0.666666666666667,0.909090909090909,0.333333333333333,0.0909090909090909,7.33333333333333,0.366666666666667
"2106",0.838709677419355,0.352095345165875,0.761904761904762,0.945454545454545,0.727272727272727,0.9,0.272727272727273,0.1,7.27272727272727,0.303030303030303
"2107",0.774193548387097,0.375195251081692,0.588235294117647,0.820707070707071,0.555555555555556,0.863636363636364,0.444444444444444,0.136363636363636,4.07407407407407,0.514619883040936
"2108",0.741935483870968,0.441856165845654,0.6,0.775252525252525,0.666666666666667,0.772727272727273,0.333333333333333,0.227272727272727,2.93333333333333,0.431372549019608
"2109",0.774193548387097,0.412242030593262,0.631578947368421,0.823809523809524,0.6,0.857142857142857,0.4,0.142857142857143,4.2,0.466666666666667
"2110",0.774193548387097,0.418279784540917,0.695652173913043,0.846153846153846,0.615384615384615,0.888888888888889,0.384615384615385,0.111111111111111,5.53846153846154,0.432692307692308
"2111",0.806451612903226,0.378705630870281,0.727272727272727,0.852272727272727,0.727272727272727,0.85,0.272727272727273,0.15,4.84848484848485,0.320855614973262
"2112",0.774193548387097,0.455545833271845,0.695652173913043,0.916666666666667,0.533333333333333,1,0.466666666666667,0,Inf,0.466666666666667
"2113",0.67741935483871,0.43913656331454,0.5,0.732323232323232,0.555555555555556,0.727272727272727,0.444444444444444,0.272727272727273,2.03703703703704,0.611111111111111
"2114",0.774193548387097,0.368616265947789,0.631578947368421,0.857142857142857,0.6,0.857142857142857,0.4,0.142857142857143,4.2,0.466666666666667
"2115",0.774193548387097,0.401472889258976,0.533333333333333,0.779891304347826,0.5,0.869565217391304,0.5,0.130434782608696,3.83333333333333,0.575
"2116",0.741935483870968,0.389130111253653,0.636363636363636,0.877272727272727,0.636363636363636,0.8,0.363636363636364,0.2,3.18181818181818,0.454545454545455
"2117",0.806451612903226,0.302333202937062,0.625,0.857142857142857,0.714285714285714,0.833333333333333,0.285714285714286,0.166666666666667,4.28571428571429,0.342857142857143
"2118",0.838709677419355,0.334816846493441,0.705882352941177,0.891304347826087,0.75,0.869565217391304,0.25,0.130434782608696,5.75,0.2875
"2119",0.870967741935484,0.348398243197678,0.75,0.929292929292929,0.666666666666667,0.954545454545455,0.333333333333333,0.0454545454545454,14.6666666666667,0.349206349206349
"2120",0.774193548387097,0.412894562323386,0.695652173913043,0.827272727272727,0.727272727272727,0.8,0.272727272727273,0.2,3.63636363636364,0.340909090909091
"2121",0.838709677419355,0.377044254279346,0.666666666666667,0.823232323232323,0.555555555555556,0.954545454545455,0.444444444444444,0.0454545454545454,12.2222222222222,0.465608465608466
"2122",0.774193548387097,0.396850258128794,0.588235294117647,0.79040404040404,0.555555555555556,0.863636363636364,0.444444444444444,0.136363636363636,4.07407407407407,0.514619883040936
"2123",0.903225806451613,0.340530270211187,0.769230769230769,0.940217391304348,0.625,1,0.375,0,Inf,0.375
"2124",0.806451612903226,0.356967130852592,0.666666666666667,0.947619047619048,0.6,0.904761904761905,0.4,0.0952380952380952,6.3,0.442105263157895
"2125",0.870967741935484,0.286859998322288,0.666666666666667,0.946153846153846,0.8,0.884615384615385,0.2,0.115384615384615,6.93333333333333,0.226086956521739
"2126",0.903225806451613,0.335277892830737,0.823529411764706,0.91304347826087,0.875,0.91304347826087,0.125,0.0869565217391305,10.0625,0.136904761904762
"2127",0.741935483870968,0.471333026798183,0.5,0.786363636363636,0.363636363636364,0.95,0.636363636363636,0.05,7.27272727272727,0.669856459330144
"2128",0.838709677419355,0.353646414912778,0.705882352941177,0.876262626262626,0.666666666666667,0.909090909090909,0.333333333333333,0.0909090909090909,7.33333333333333,0.366666666666667
"2129",0.870967741935484,0.315660045892497,0.6,0.896153846153846,0.6,0.923076923076923,0.4,0.0769230769230769,7.80000000000001,0.433333333333333
"2130",0.806451612903226,0.352823134589164,0.666666666666667,0.861413043478261,0.75,0.826086956521739,0.25,0.173913043478261,4.3125,0.302631578947368
"2131",0.741935483870968,0.420504158202974,0.555555555555556,0.795238095238095,0.5,0.857142857142857,0.5,0.142857142857143,3.5,0.583333333333333
"2132",0.67741935483871,0.454913071288992,0.545454545454545,0.807017543859649,0.5,0.789473684210526,0.5,0.210526315789474,2.375,0.633333333333333
"2133",0.806451612903226,0.341568981842972,0.625,0.906666666666667,0.833333333333333,0.8,0.166666666666667,0.2,4.16666666666667,0.208333333333333
"2134",0.838709677419355,0.336865623347905,0.666666666666667,0.956521739130435,0.625,0.91304347826087,0.375,0.0869565217391305,7.1875,0.410714285714286
"2135",0.741935483870968,0.419662062407439,0.666666666666667,0.818181818181818,0.727272727272727,0.75,0.272727272727273,0.25,2.90909090909091,0.363636363636364
"2136",0.806451612903226,0.367778350222906,0.75,0.927350427350427,0.692307692307692,0.888888888888889,0.307692307692308,0.111111111111111,6.23076923076923,0.346153846153846
"2137",0.774193548387097,0.332014907656276,0.588235294117647,0.895833333333333,0.714285714285714,0.791666666666667,0.285714285714286,0.208333333333333,3.42857142857143,0.360902255639098
"2138",0.774193548387097,0.39033165283365,0.533333333333333,0.766304347826087,0.5,0.869565217391304,0.5,0.130434782608696,3.83333333333333,0.575
"2139",0.774193548387097,0.39768170133942,0.72,0.871428571428571,0.9,0.714285714285714,0.1,0.285714285714286,3.15,0.14
"2140",0.806451612903226,0.375210065897308,0.625,0.845108695652174,0.625,0.869565217391304,0.375,0.130434782608696,4.79166666666667,0.43125
"2141",0.806451612903226,0.354716134249634,0.5,0.830769230769231,0.6,0.846153846153846,0.4,0.153846153846154,3.9,0.472727272727273
"2142",0.806451612903226,0.400569473686296,0.727272727272727,0.927350427350427,0.615384615384615,0.944444444444444,0.384615384615385,0.0555555555555556,11.0769230769231,0.407239819004525
"2143",0.838709677419355,0.352459281551432,0.761904761904762,0.895238095238095,0.8,0.857142857142857,0.2,0.142857142857143,5.6,0.233333333333333
"2144",0.838709677419355,0.365102342784338,0.782608695652174,0.918803418803419,0.692307692307692,0.944444444444444,0.307692307692308,0.0555555555555556,12.4615384615385,0.32579185520362
"2145",0.774193548387097,0.443107657824815,0.666666666666667,0.837719298245614,0.583333333333333,0.894736842105263,0.416666666666667,0.105263157894737,5.54166666666667,0.465686274509804
"2146",0.709677419354839,0.408815717199633,0.4,0.776923076923077,0.6,0.730769230769231,0.4,0.269230769230769,2.22857142857143,0.547368421052632
"2147",0.741935483870968,0.415214903190054,0.5,0.755952380952381,0.571428571428571,0.791666666666667,0.428571428571429,0.208333333333333,2.74285714285714,0.541353383458647
"2148",0.806451612903226,0.351208168325665,0.727272727272727,0.927272727272727,0.727272727272727,0.85,0.272727272727273,0.15,4.84848484848485,0.320855614973262
"2149",0.774193548387097,0.373254867931505,0.533333333333333,0.864130434782609,0.5,0.869565217391304,0.5,0.130434782608696,3.83333333333333,0.575
"2150",0.774193548387097,0.439189150346943,0.740740740740741,0.817226890756303,0.714285714285714,0.823529411764706,0.285714285714286,0.176470588235294,4.04761904761905,0.346938775510204
"2151",0.741935483870968,0.41829812875529,0.636363636363636,0.855263157894737,0.583333333333333,0.842105263157895,0.416666666666667,0.157894736842105,3.69444444444444,0.494791666666667
"2152",0.741935483870968,0.474923505722823,0.666666666666667,0.864583333333333,0.533333333333333,0.9375,0.466666666666667,0.0625,8.53333333333333,0.497777777777778
"2153",0.709677419354839,0.43967808058119,0.571428571428571,0.829545454545454,0.545454545454545,0.8,0.454545454545455,0.2,2.72727272727273,0.568181818181818
"2154",0.806451612903226,0.386535520257121,0.666666666666667,0.845959595959596,0.666666666666667,0.863636363636364,0.333333333333333,0.136363636363636,4.88888888888889,0.385964912280702
"2155",0.838709677419355,0.374679468601506,0.782608695652174,0.888636363636364,0.818181818181818,0.85,0.181818181818182,0.15,5.45454545454545,0.213903743315508
"2156",0.806451612903226,0.369963481897442,0.5,0.796153846153846,0.6,0.846153846153846,0.4,0.153846153846154,3.9,0.472727272727273
"2157",0.870967741935484,0.309405095096322,0.818181818181818,0.921428571428571,0.9,0.857142857142857,0.1,0.142857142857143,6.3,0.116666666666667
"2158",0.903225806451613,0.264585091054404,0.857142857142857,0.97979797979798,1,0.863636363636364,0,0.136363636363636,7.33333333333333,0
"2159",0.838709677419355,0.350236260794495,0.705882352941177,0.933333333333333,1,0.8,0,0.2,5,0
"2160",0.774193548387097,0.391435704873429,0.461538461538462,0.846666666666667,0.5,0.84,0.5,0.16,3.125,0.595238095238095
"2161",0.870967741935484,0.320199854720445,0.777777777777778,0.883838383838384,0.777777777777778,0.909090909090909,0.222222222222222,0.0909090909090909,8.55555555555555,0.244444444444444
"2162",0.838709677419355,0.332280978582343,0.705882352941177,0.916666666666667,0.857142857142857,0.833333333333333,0.142857142857143,0.166666666666667,5.14285714285714,0.171428571428571
"2163",0.870967741935484,0.344254324314424,0.8,0.921052631578947,0.666666666666667,1,0.333333333333333,0,Inf,0.333333333333333
"2164",0.903225806451613,0.297605442984153,0.823529411764706,0.956521739130435,0.875,0.91304347826087,0.125,0.0869565217391305,10.0625,0.136904761904762
"2165",0.903225806451613,0.267214044106572,0.823529411764706,0.967391304347826,0.875,0.91304347826087,0.125,0.0869565217391305,10.0625,0.136904761904762
"2166",0.774193548387097,0.421184156166789,0.666666666666667,0.807142857142857,0.7,0.80952380952381,0.3,0.19047619047619,3.675,0.370588235294118
"2167",0.741935483870968,0.418001231650141,0.636363636363636,0.806818181818182,0.636363636363636,0.8,0.363636363636364,0.2,3.18181818181818,0.454545454545455
"2168",0.838709677419355,0.364875234735396,0.761904761904762,0.9,0.8,0.857142857142857,0.2,0.142857142857143,5.6,0.233333333333333
"2169",0.870967741935484,0.325566242833935,0.777777777777778,0.919191919191919,0.777777777777778,0.909090909090909,0.222222222222222,0.0909090909090909,8.55555555555555,0.244444444444444
"2170",0.870967741935484,0.299038282957923,0.75,0.883928571428571,0.857142857142857,0.875,0.142857142857143,0.125,6.85714285714286,0.163265306122449
"2171",0.774193548387097,0.410983834383655,0.631578947368421,0.834090909090909,0.545454545454545,0.9,0.454545454545455,0.1,5.45454545454546,0.505050505050505
"2172",0.741935483870968,0.465737959293253,0.555555555555556,0.761904761904762,0.5,0.857142857142857,0.5,0.142857142857143,3.5,0.583333333333333
"2173",0.870967741935484,0.294239610082945,0.714285714285714,0.906666666666667,0.833333333333333,0.88,0.166666666666667,0.12,6.94444444444444,0.189393939393939
"2174",0.870967741935484,0.338110376281728,0.75,0.888586956521739,0.75,0.91304347826087,0.25,0.0869565217391305,8.62499999999999,0.273809523809524
"2175",0.774193548387097,0.338433687445869,0.533333333333333,0.858695652173913,0.5,0.869565217391304,0.5,0.130434782608696,3.83333333333333,0.575
"2176",0.870967741935484,0.316429927222568,0.8,0.916666666666667,0.888888888888889,0.863636363636364,0.111111111111111,0.136363636363636,6.51851851851852,0.128654970760234
"2177",0.870967741935484,0.319420559535088,0.833333333333333,0.927272727272727,0.909090909090909,0.85,0.0909090909090909,0.15,6.06060606060606,0.106951871657754
"2178",0.774193548387097,0.385803203276437,0.740740740740741,0.895299145299145,0.769230769230769,0.777777777777778,0.230769230769231,0.222222222222222,3.46153846153846,0.296703296703297
"2179",0.838709677419355,0.317869141678545,0.666666666666667,0.92,0.833333333333333,0.84,0.166666666666667,0.16,5.20833333333333,0.198412698412698
"2180",0.870967741935484,0.340863166922551,0.818181818181818,0.923809523809524,0.9,0.857142857142857,0.1,0.142857142857143,6.3,0.116666666666667
"2181",0.870967741935484,0.330253922460694,0.818181818181818,0.904761904761905,0.9,0.857142857142857,0.1,0.142857142857143,6.3,0.116666666666667
"2182",0.806451612903226,0.405239176214271,0.666666666666667,0.807142857142857,0.6,0.904761904761905,0.4,0.0952380952380952,6.3,0.442105263157895
"2183",0.838709677419355,0.348104300990358,0.736842105263158,0.911616161616162,0.777777777777778,0.863636363636364,0.222222222222222,0.136363636363636,5.7037037037037,0.257309941520468
"2184",0.838709677419355,0.383613581664776,0.705882352941177,0.881313131313131,0.666666666666667,0.909090909090909,0.333333333333333,0.0909090909090909,7.33333333333333,0.366666666666667
"2185",0.838709677419355,0.35167459835203,0.761904761904762,0.931818181818182,0.727272727272727,0.9,0.272727272727273,0.1,7.27272727272727,0.303030303030303
"2186",0.774193548387097,0.359080350873899,0.588235294117647,0.888888888888889,0.555555555555556,0.863636363636364,0.444444444444444,0.136363636363636,4.07407407407407,0.514619883040936
"2187",0.838709677419355,0.357399372864047,0.782608695652174,0.910087719298246,0.75,0.894736842105263,0.25,0.105263157894737,7.125,0.279411764705882
"2188",0.774193548387097,0.369193001932314,0.533333333333333,0.836309523809524,0.571428571428571,0.833333333333333,0.428571428571429,0.166666666666667,3.42857142857143,0.514285714285714
"2189",0.806451612903226,0.343702165241229,0.75,0.940789473684211,0.75,0.842105263157895,0.25,0.157894736842105,4.75,0.296875
"2190",0.774193548387097,0.389764621423729,0.740740740740741,0.876068376068376,0.769230769230769,0.777777777777778,0.230769230769231,0.222222222222222,3.46153846153846,0.296703296703297
"2191",0.838709677419355,0.376960244041908,0.615384615384615,0.883928571428571,0.571428571428571,0.916666666666667,0.428571428571429,0.0833333333333334,6.85714285714285,0.467532467532468
"2192",0.806451612903226,0.344089083379521,0.571428571428571,0.818452380952381,0.571428571428571,0.875,0.428571428571429,0.125,4.57142857142857,0.489795918367347
"2193",0.838709677419355,0.351577280334721,0.705882352941177,0.901515151515151,0.666666666666667,0.909090909090909,0.333333333333333,0.0909090909090909,7.33333333333333,0.366666666666667
"2194",0.806451612903226,0.365356307506673,0.7,0.895238095238095,0.7,0.857142857142857,0.3,0.142857142857143,4.9,0.35
"2195",0.774193548387097,0.368446577012905,0.588235294117647,0.815656565656566,0.555555555555556,0.863636363636364,0.444444444444444,0.136363636363636,4.07407407407407,0.514619883040936
"2196",0.838709677419355,0.351372234099598,0.761904761904762,0.90952380952381,0.8,0.857142857142857,0.2,0.142857142857143,5.6,0.233333333333333
"2197",0.741935483870968,0.413358217027254,0.666666666666667,0.828947368421053,0.666666666666667,0.789473684210526,0.333333333333333,0.210526315789474,3.16666666666667,0.422222222222222
"2198",0.838709677419355,0.328299938266476,0.8,0.905701754385965,0.833333333333333,0.842105263157895,0.166666666666667,0.157894736842105,5.27777777777778,0.197916666666667
"2199",0.774193548387097,0.394281385840993,0.695652173913043,0.814285714285714,0.8,0.761904761904762,0.2,0.238095238095238,3.36,0.2625
"2200",0.774193548387097,0.405082100458001,0.588235294117647,0.830808080808081,0.555555555555556,0.863636363636364,0.444444444444444,0.136363636363636,4.07407407407407,0.514619883040936
"2201",0.741935483870968,0.394301199905835,0.555555555555556,0.842857142857143,0.5,0.857142857142857,0.5,0.142857142857143,3.5,0.583333333333333
"2202",0.774193548387097,0.36386496856191,0.631578947368421,0.877717391304348,0.75,0.782608695652174,0.25,0.217391304347826,3.45,0.319444444444444
"2203",0.774193548387097,0.404630097255386,0.461538461538462,0.846666666666667,0.5,0.84,0.5,0.16,3.125,0.595238095238095
"2204",0.806451612903226,0.31979219070105,0.625,0.898809523809524,0.714285714285714,0.833333333333333,0.285714285714286,0.166666666666667,4.28571428571429,0.342857142857143
"2205",0.806451612903226,0.365325542546861,0.5,0.72,0.5,0.88,0.5,0.12,4.16666666666667,0.568181818181818
"2206",0.741935483870968,0.372060268740089,0.555555555555556,0.831521739130435,0.625,0.782608695652174,0.375,0.217391304347826,2.875,0.479166666666667
"2207",0.838709677419355,0.37498183782467,0.736842105263158,0.890909090909091,0.636363636363636,0.95,0.363636363636364,0.05,12.7272727272727,0.382775119617225
"2208",0.774193548387097,0.431951614747749,0.533333333333333,0.845238095238095,0.4,0.952380952380952,0.6,0.0476190476190477,8.39999999999999,0.63
"2209",0.741935483870968,0.414479893342898,0.555555555555556,0.795238095238095,0.5,0.857142857142857,0.5,0.142857142857143,3.5,0.583333333333333
"2210",0.709677419354839,0.423327679148097,0.571428571428571,0.81359649122807,0.5,0.842105263157895,0.5,0.157894736842105,3.16666666666667,0.59375
"2211",0.806451612903226,0.365768326719132,0.7,0.873737373737374,0.777777777777778,0.818181818181818,0.222222222222222,0.181818181818182,4.27777777777778,0.271604938271605
"2212",0.806451612903226,0.376254967810343,0.571428571428571,0.807692307692308,0.8,0.807692307692308,0.2,0.192307692307692,4.16,0.247619047619048
"2213",0.806451612903226,0.375899940394779,0.7,0.907142857142857,0.7,0.857142857142857,0.3,0.142857142857143,4.9,0.35
"2214",0.774193548387097,0.39317061676505,0.695652173913043,0.822368421052632,0.666666666666667,0.842105263157895,0.333333333333333,0.157894736842105,4.22222222222222,0.395833333333333
"2215",0.870967741935484,0.256287526114104,0.714285714285714,0.984615384615385,1,0.846153846153846,0,0.153846153846154,6.5,0
"2216",0.774193548387097,0.387920055225489,0.666666666666667,0.893181818181818,0.636363636363636,0.85,0.363636363636364,0.15,4.24242424242424,0.427807486631016
"2217",0.774193548387097,0.328301028044118,0.666666666666667,0.952380952380952,1,0.708333333333333,0,0.291666666666667,3.42857142857143,0
"2218",0.806451612903226,0.354648734929857,0.75,0.923076923076923,0.692307692307692,0.888888888888889,0.307692307692308,0.111111111111111,6.23076923076923,0.346153846153846
"2219",0.741935483870968,0.378742817970053,0.555555555555556,0.839673913043478,0.625,0.782608695652174,0.375,0.217391304347826,2.875,0.479166666666667
"2220",0.838709677419355,0.305362274450983,0.736842105263158,0.926767676767677,0.777777777777778,0.863636363636364,0.222222222222222,0.136363636363636,5.7037037037037,0.257309941520468
"2221",0.806451612903226,0.388745081389322,0.625,0.85952380952381,0.5,0.952380952380952,0.5,0.0476190476190477,10.5,0.525
"2222",0.838709677419355,0.387956781396557,0.761904761904762,0.905982905982906,0.615384615384615,1,0.384615384615385,0,Inf,0.384615384615385
"2223",0.741935483870968,0.380646520605746,0.5,0.756666666666667,0.666666666666667,0.76,0.333333333333333,0.24,2.77777777777778,0.43859649122807
"2224",0.903225806451613,0.326624838398846,0.823529411764706,0.952380952380952,0.7,1,0.3,0,Inf,0.3
"2225",0.870967741935484,0.289355697899154,0.818181818181818,0.96969696969697,1,0.818181818181818,0,0.181818181818182,5.5,0
"2226",0.838709677419355,0.323680747690554,0.782608695652174,0.934343434343434,1,0.772727272727273,0,0.227272727272727,4.4,0
"2227",0.870967741935484,0.339148030326035,0.777777777777778,0.883838383838384,0.777777777777778,0.909090909090909,0.222222222222222,0.0909090909090909,8.55555555555555,0.244444444444444
"2228",0.903225806451613,0.274667591386422,0.769230769230769,0.970238095238095,0.714285714285714,0.958333333333333,0.285714285714286,0.0416666666666666,17.1428571428572,0.298136645962733
"2229",0.774193548387097,0.378800371704373,0.631578947368421,0.803030303030303,0.666666666666667,0.818181818181818,0.333333333333333,0.181818181818182,3.66666666666667,0.407407407407407
"2230",0.838709677419355,0.356810253358351,0.545454545454545,0.857142857142857,0.428571428571429,0.958333333333333,0.571428571428571,0.0416666666666666,10.2857142857143,0.596273291925466
"2231",0.741935483870968,0.331523769589832,0.333333333333333,0.815384615384615,0.4,0.807692307692308,0.6,0.192307692307692,2.08,0.742857142857143
"2232",0.870967741935484,0.317941492880917,0.818181818181818,0.902272727272727,0.818181818181818,0.9,0.181818181818182,0.1,8.18181818181818,0.202020202020202
"2233",0.806451612903226,0.339321585885695,0.625,0.866847826086957,0.625,0.869565217391304,0.375,0.130434782608696,4.79166666666667,0.43125
"2234",0.903225806451613,0.299702997171848,0.727272727272727,0.81,0.666666666666667,0.96,0.333333333333333,0.04,16.6666666666667,0.347222222222222
"2235",0.774193548387097,0.411499243915925,0.588235294117647,0.741847826086957,0.625,0.826086956521739,0.375,0.173913043478261,3.59375,0.453947368421053
"2236",0.838709677419355,0.319624532123507,0.705882352941177,0.886363636363636,0.666666666666667,0.909090909090909,0.333333333333333,0.0909090909090909,7.33333333333333,0.366666666666667
"2237",0.774193548387097,0.343556463916577,0.666666666666667,0.890909090909091,0.636363636363636,0.85,0.363636363636364,0.15,4.24242424242424,0.427807486631016
"2238",0.838709677419355,0.329990203080954,0.736842105263158,0.878787878787879,0.777777777777778,0.863636363636364,0.222222222222222,0.136363636363636,5.7037037037037,0.257309941520468
"2239",0.774193548387097,0.361494836562701,0.666666666666667,0.856818181818182,0.636363636363636,0.85,0.363636363636364,0.15,4.24242424242424,0.427807486631016
"2240",0.774193548387097,0.422480729976891,0.631578947368421,0.79047619047619,0.6,0.857142857142857,0.4,0.142857142857143,4.2,0.466666666666667
"2241",0.741935483870968,0.439529831539278,0.6,0.810606060606061,0.666666666666667,0.772727272727273,0.333333333333333,0.227272727272727,2.93333333333333,0.431372549019608
"2242",0.838709677419355,0.345308188110692,0.666666666666667,0.875,0.625,0.91304347826087,0.375,0.0869565217391305,7.1875,0.410714285714286
"2243",0.709677419354839,0.419150627801469,0.571428571428571,0.802272727272727,0.545454545454545,0.8,0.454545454545455,0.2,2.72727272727273,0.568181818181818
"2244",0.709677419354839,0.422135363271174,0.608695652173913,0.861111111111111,0.777777777777778,0.681818181818182,0.222222222222222,0.318181818181818,2.44444444444444,0.325925925925926
"2245",0.870967741935484,0.33816649174251,0.777777777777778,0.89945652173913,0.875,0.869565217391304,0.125,0.130434782608696,6.70833333333333,0.14375
"2246",0.741935483870968,0.419668237715985,0.6,0.845959595959596,0.666666666666667,0.772727272727273,0.333333333333333,0.227272727272727,2.93333333333333,0.431372549019608
"2247",0.838709677419355,0.29896105377448,0.705882352941177,0.946428571428571,0.857142857142857,0.833333333333333,0.142857142857143,0.166666666666667,5.14285714285714,0.171428571428571
"2248",0.67741935483871,0.478195109446655,0.444444444444444,0.759090909090909,0.363636363636364,0.85,0.636363636363636,0.15,2.42424242424242,0.748663101604278
"2249",0.709677419354839,0.492466585990025,0.571428571428571,0.793859649122807,0.5,0.842105263157895,0.5,0.157894736842105,3.16666666666667,0.59375
"2250",0.741935483870968,0.451392173269902,0.555555555555556,0.787878787878788,0.555555555555556,0.818181818181818,0.444444444444444,0.181818181818182,3.05555555555556,0.54320987654321
"2251",0.741935483870968,0.441428782062434,0.555555555555556,0.81140350877193,0.416666666666667,0.947368421052632,0.583333333333333,0.0526315789473685,7.91666666666666,0.615740740740741
"2252",0.838709677419355,0.342035861556974,0.761904761904762,0.898989898989899,0.888888888888889,0.818181818181818,0.111111111111111,0.181818181818182,4.88888888888889,0.135802469135803
"2253",0.806451612903226,0.357399310981807,0.666666666666667,0.896739130434783,0.75,0.826086956521739,0.25,0.173913043478261,4.3125,0.302631578947368
"2254",0.645161290322581,0.483864351942399,0.476190476190476,0.764957264957265,0.384615384615385,0.833333333333333,0.615384615384615,0.166666666666667,2.30769230769231,0.738461538461539
"2255",0.838709677419355,0.347878599902604,0.666666666666667,0.856060606060606,0.555555555555556,0.954545454545455,0.444444444444444,0.0454545454545454,12.2222222222222,0.465608465608466
"2256",0.709677419354839,0.443409632401429,0.470588235294118,0.871428571428571,0.4,0.857142857142857,0.6,0.142857142857143,2.8,0.7
"2257",0.741935483870968,0.440711369094424,0.555555555555556,0.850877192982456,0.416666666666667,0.947368421052632,0.583333333333333,0.0526315789473685,7.91666666666666,0.615740740740741
"2258",0.838709677419355,0.321108975939846,0.615384615384615,0.82,0.666666666666667,0.88,0.333333333333333,0.12,5.55555555555556,0.378787878787879
"2259",0.838709677419355,0.348336266176327,0.705882352941177,0.898989898989899,0.666666666666667,0.909090909090909,0.333333333333333,0.0909090909090909,7.33333333333333,0.366666666666667
"2260",0.774193548387097,0.359385884126991,0.631578947368421,0.895238095238095,0.6,0.857142857142857,0.4,0.142857142857143,4.2,0.466666666666667
"2261",0.806451612903226,0.368836154349951,0.5,0.784615384615385,0.6,0.846153846153846,0.4,0.153846153846154,3.9,0.472727272727273
"2262",0.838709677419355,0.332305301016665,0.666666666666667,0.928571428571429,0.714285714285714,0.875,0.285714285714286,0.125,5.71428571428571,0.326530612244898
"2263",0.774193548387097,0.445245761581224,0.631578947368421,0.850877192982456,0.5,0.947368421052632,0.5,0.0526315789473685,9.49999999999999,0.527777777777778
"2264",0.838709677419355,0.362488242140483,0.615384615384615,0.8125,0.571428571428571,0.916666666666667,0.428571428571429,0.0833333333333334,6.85714285714285,0.467532467532468
"2265",0.838709677419355,0.346446077749226,0.545454545454545,0.791666666666667,0.428571428571429,0.958333333333333,0.571428571428571,0.0416666666666666,10.2857142857143,0.596273291925466
"2266",0.774193548387097,0.327344910046846,0.588235294117647,0.907608695652174,0.625,0.826086956521739,0.375,0.173913043478261,3.59375,0.453947368421053
"2267",0.870967741935484,0.29523373293827,0.714285714285714,0.933333333333333,0.833333333333333,0.88,0.166666666666667,0.12,6.94444444444444,0.189393939393939
"2268",0.774193548387097,0.359915921899708,0.631578947368421,0.873737373737374,0.666666666666667,0.818181818181818,0.333333333333333,0.181818181818182,3.66666666666667,0.407407407407407
"2269",0.774193548387097,0.381939760487699,0.631578947368421,0.861904761904762,0.6,0.857142857142857,0.4,0.142857142857143,4.2,0.466666666666667
"2270",0.838709677419355,0.303222084773514,0.666666666666667,0.910714285714286,0.714285714285714,0.875,0.285714285714286,0.125,5.71428571428571,0.326530612244898
"2271",0.645161290322581,0.522111988761387,0.352941176470588,0.618686868686869,0.333333333333333,0.772727272727273,0.666666666666667,0.227272727272727,1.46666666666667,0.862745098039216
"2272",0.774193548387097,0.392886427036603,0.666666666666667,0.839673913043478,0.875,0.739130434782609,0.125,0.260869565217391,3.35416666666667,0.169117647058824
"2273",0.741935483870968,0.408907959023241,0.555555555555556,0.771739130434783,0.625,0.782608695652174,0.375,0.217391304347826,2.875,0.479166666666667
"2274",0.774193548387097,0.355451235360424,0.533333333333333,0.892307692307692,0.8,0.769230769230769,0.2,0.230769230769231,3.46666666666667,0.26
"2275",0.774193548387097,0.350457092435708,0.666666666666667,0.858585858585859,0.777777777777778,0.772727272727273,0.222222222222222,0.227272727272727,3.42222222222222,0.287581699346405
"2276",0.838709677419355,0.329779926829909,0.736842105263158,0.94047619047619,1,0.791666666666667,0,0.208333333333333,4.8,0
"2277",0.870967741935484,0.3216646686327,0.818181818181818,0.916666666666667,0.9,0.857142857142857,0.1,0.142857142857143,6.3,0.116666666666667
"2278",0.774193548387097,0.461320844797147,0.588235294117647,0.747619047619048,0.5,0.904761904761905,0.5,0.0952380952380952,5.25,0.552631578947368
"2279",0.774193548387097,0.413006738506132,0.461538461538462,0.871428571428571,0.3,1,0.7,0,Inf,0.7
"2280",0.806451612903226,0.415346198476024,0.727272727272727,0.82051282051282,0.615384615384615,0.944444444444444,0.384615384615385,0.0555555555555556,11.0769230769231,0.407239819004525
"2281",0.67741935483871,0.45296454317758,0.545454545454545,0.804761904761905,0.6,0.714285714285714,0.4,0.285714285714286,2.1,0.56
"2282",0.67741935483871,0.481091786720832,0.583333333333333,0.784090909090909,0.636363636363636,0.7,0.363636363636364,0.3,2.12121212121212,0.51948051948052
"2283",0.774193548387097,0.400522954864979,0.631578947368421,0.861111111111111,0.666666666666667,0.818181818181818,0.333333333333333,0.181818181818182,3.66666666666667,0.407407407407407
"2284",0.806451612903226,0.36339396536992,0.7,0.898989898989899,0.777777777777778,0.818181818181818,0.222222222222222,0.181818181818182,4.27777777777778,0.271604938271605
"2285",0.709677419354839,0.395018475003397,0.64,0.85,0.727272727272727,0.7,0.272727272727273,0.3,2.42424242424242,0.38961038961039
"2286",0.774193548387097,0.442783696527539,0.758620689655172,0.816666666666667,0.733333333333333,0.8125,0.266666666666667,0.1875,3.91111111111111,0.328205128205128
"2287",0.709677419354839,0.460328273388667,0.64,0.837606837606838,0.615384615384615,0.777777777777778,0.384615384615385,0.222222222222222,2.76923076923077,0.494505494505494
"2288",0.806451612903226,0.37312812270324,0.666666666666667,0.880952380952381,0.6,0.904761904761905,0.4,0.0952380952380952,6.3,0.442105263157895
"2289",0.806451612903226,0.355170703432342,0.571428571428571,0.8125,0.5,0.91304347826087,0.5,0.0869565217391305,5.75,0.547619047619048
"2290",0.838709677419355,0.327645310356231,0.782608695652174,0.927272727272727,0.818181818181818,0.85,0.181818181818182,0.15,5.45454545454545,0.213903743315508
"2291",0.838709677419355,0.307578078939771,0.782608695652174,0.94047619047619,0.9,0.80952380952381,0.1,0.19047619047619,4.725,0.123529411764706
"2292",0.806451612903226,0.347750518747669,0.625,0.848484848484849,0.555555555555556,0.909090909090909,0.444444444444444,0.0909090909090909,6.11111111111111,0.488888888888889
"2293",0.806451612903226,0.408667336535269,0.666666666666667,0.852380952380952,0.6,0.904761904761905,0.4,0.0952380952380952,6.3,0.442105263157895
"2294",0.903225806451613,0.295552212597113,0.769230769230769,0.913690476190476,0.714285714285714,0.958333333333333,0.285714285714286,0.0416666666666666,17.1428571428572,0.298136645962733
"2295",0.838709677419355,0.303644690052209,0.705882352941177,0.926630434782609,0.75,0.869565217391304,0.25,0.130434782608696,5.75,0.2875
"2296",0.838709677419355,0.381201112280089,0.736842105263158,0.921052631578947,0.583333333333333,1,0.416666666666667,0,Inf,0.416666666666667
"2297",0.741935483870968,0.394570973752864,0.6,0.85,0.6,0.80952380952381,0.4,0.19047619047619,3.15,0.494117647058824
"2298",0.870967741935484,0.326500672168261,0.777777777777778,0.848484848484849,0.777777777777778,0.909090909090909,0.222222222222222,0.0909090909090909,8.55555555555555,0.244444444444444
"2299",0.741935483870968,0.427926212355547,0.6,0.838095238095238,0.6,0.80952380952381,0.4,0.19047619047619,3.15,0.494117647058824
"2300",0.870967741935484,0.297469719891546,0.818181818181818,0.952272727272727,0.818181818181818,0.9,0.181818181818182,0.1,8.18181818181818,0.202020202020202
"2301",0.838709677419355,0.295534061199087,0.666666666666667,0.931547619047619,0.714285714285714,0.875,0.285714285714286,0.125,5.71428571428571,0.326530612244898
"2302",0.741935483870968,0.38696780472754,0.6,0.835714285714286,0.6,0.80952380952381,0.4,0.19047619047619,3.15,0.494117647058824
"2303",0.774193548387097,0.412300690025726,0.461538461538462,0.852380952380952,0.3,1,0.7,0,Inf,0.7
"2304",0.709677419354839,0.480389227263128,0.470588235294118,0.790909090909091,0.363636363636364,0.9,0.636363636363636,0.1,3.63636363636364,0.707070707070707
"2305",0.870967741935484,0.32722174679834,0.75,0.823369565217391,0.75,0.91304347826087,0.25,0.0869565217391305,8.62499999999999,0.273809523809524
"2306",0.806451612903226,0.356089409918219,0.727272727272727,0.877272727272727,0.727272727272727,0.85,0.272727272727273,0.15,4.84848484848485,0.320855614973262
"2307",0.870967741935484,0.345118665563873,0.8,0.893939393939394,0.888888888888889,0.863636363636364,0.111111111111111,0.136363636363636,6.51851851851852,0.128654970760234
"2308",0.774193548387097,0.39152902234222,0.631578947368421,0.842391304347826,0.75,0.782608695652174,0.25,0.217391304347826,3.45,0.319444444444444
"2309",0.870967741935484,0.350870048222704,0.714285714285714,0.864130434782609,0.625,0.956521739130435,0.375,0.0434782608695652,14.375,0.392045454545455
"2310",0.838709677419355,0.322998546104482,0.705882352941177,0.9375,0.75,0.869565217391304,0.25,0.130434782608696,5.75,0.2875
"2311",0.806451612903226,0.349318177023793,0.5,0.843333333333333,0.5,0.88,0.5,0.12,4.16666666666667,0.568181818181818
"2312",0.709677419354839,0.478856781132792,0.571428571428571,0.782894736842105,0.5,0.842105263157895,0.5,0.157894736842105,3.16666666666667,0.59375
"2313",0.774193548387097,0.398423864156936,0.72,0.89957264957265,0.692307692307692,0.833333333333333,0.307692307692308,0.166666666666667,4.15384615384616,0.369230769230769
"2314",0.741935483870968,0.459826952819638,0.6,0.765350877192982,0.5,0.894736842105263,0.5,0.105263157894737,4.75,0.558823529411765
"2315",0.838709677419355,0.371157490088124,0.761904761904762,0.950854700854701,0.615384615384615,1,0.384615384615385,0,Inf,0.384615384615385
"2316",0.774193548387097,0.426135650605907,0.631578947368421,0.852380952380952,0.6,0.857142857142857,0.4,0.142857142857143,4.2,0.466666666666667
"2317",0.903225806451613,0.293040385510452,0.842105263157895,0.964646464646465,0.888888888888889,0.909090909090909,0.111111111111111,0.0909090909090909,9.77777777777777,0.122222222222222
"2318",0.806451612903226,0.364877315461774,0.625,0.866847826086957,0.625,0.869565217391304,0.375,0.130434782608696,4.79166666666667,0.43125
"2319",0.741935483870968,0.422649765131819,0.666666666666667,0.839912280701754,0.666666666666667,0.789473684210526,0.333333333333333,0.210526315789474,3.16666666666667,0.422222222222222
"2320",0.870967741935484,0.273976296109491,0.666666666666667,0.938461538461538,0.8,0.884615384615385,0.2,0.115384615384615,6.93333333333333,0.226086956521739
"2321",0.741935483870968,0.41120448804109,0.5,0.8125,0.571428571428571,0.791666666666667,0.428571428571429,0.208333333333333,2.74285714285714,0.541353383458647
"2322",0.741935483870968,0.38979690906575,0.2,0.692307692307692,0.2,0.846153846153846,0.8,0.153846153846154,1.3,0.945454545454546
"2323",0.870967741935484,0.314791352669538,0.75,0.904761904761905,0.857142857142857,0.875,0.142857142857143,0.125,6.85714285714286,0.163265306122449
"2324",0.709677419354839,0.399998434898911,0.666666666666667,0.85042735042735,0.692307692307692,0.722222222222222,0.307692307692308,0.277777777777778,2.49230769230769,0.42603550295858
"2325",0.806451612903226,0.365108294918855,0.727272727272727,0.916666666666667,0.666666666666667,0.894736842105263,0.333333333333333,0.105263157894737,6.33333333333333,0.372549019607843
"2326",0.806451612903226,0.383607642474918,0.666666666666667,0.869047619047619,0.6,0.904761904761905,0.4,0.0952380952380952,6.3,0.442105263157895
"2327",0.741935483870968,0.456904811796556,0.636363636363636,0.837719298245614,0.583333333333333,0.842105263157895,0.416666666666667,0.157894736842105,3.69444444444444,0.494791666666667
"2328",0.870967741935484,0.331192553690025,0.777777777777778,0.957142857142857,0.7,0.952380952380952,0.3,0.0476190476190477,14.7,0.315
"2329",0.806451612903226,0.351305617460035,0.666666666666667,0.896739130434783,0.75,0.826086956521739,0.25,0.173913043478261,4.3125,0.302631578947368
"2330",0.806451612903226,0.405592660954763,0.571428571428571,0.858585858585859,0.444444444444444,0.954545454545455,0.555555555555556,0.0454545454545454,9.77777777777779,0.582010582010582
"2331",0.774193548387097,0.369903766065294,0.72,0.893939393939394,1,0.681818181818182,0,0.318181818181818,3.14285714285714,0
"2332",0.67741935483871,0.433034600793457,0.444444444444444,0.75297619047619,0.571428571428571,0.708333333333333,0.428571428571429,0.291666666666667,1.95918367346939,0.605042016806723
"2333",0.741935483870968,0.432460825163766,0.6,0.809210526315789,0.5,0.894736842105263,0.5,0.105263157894737,4.75,0.558823529411765
"2334",0.774193548387097,0.32518187786266,0.461538461538462,0.830769230769231,0.6,0.807692307692308,0.4,0.192307692307692,3.12,0.495238095238095
"2335",0.838709677419355,0.322452311978787,0.705882352941177,0.839673913043478,0.75,0.869565217391304,0.25,0.130434782608696,5.75,0.2875
"2336",0.806451612903226,0.369229278928151,0.7,0.904545454545455,0.636363636363636,0.9,0.363636363636364,0.1,6.36363636363637,0.404040404040404
"2337",0.774193548387097,0.373950728393043,0.631578947368421,0.868686868686869,0.666666666666667,0.818181818181818,0.333333333333333,0.181818181818182,3.66666666666667,0.407407407407407
"2338",0.838709677419355,0.317266481872,0.666666666666667,0.851190476190476,0.714285714285714,0.875,0.285714285714286,0.125,5.71428571428571,0.326530612244898
"2339",0.870967741935484,0.327359791380056,0.777777777777778,0.914141414141414,0.777777777777778,0.909090909090909,0.222222222222222,0.0909090909090909,8.55555555555555,0.244444444444444
"2340",0.774193548387097,0.381972149086432,0.631578947368421,0.85952380952381,0.6,0.857142857142857,0.4,0.142857142857143,4.2,0.466666666666667
"2341",0.806451612903226,0.369142007164259,0.571428571428571,0.818452380952381,0.571428571428571,0.875,0.428571428571429,0.125,4.57142857142857,0.489795918367347
"2342",0.774193548387097,0.404909059089364,0.631578947368421,0.831521739130435,0.75,0.782608695652174,0.25,0.217391304347826,3.45,0.319444444444444
"2343",0.774193548387097,0.432661998455857,0.631578947368421,0.786363636363636,0.545454545454545,0.9,0.454545454545455,0.1,5.45454545454546,0.505050505050505
"2344",0.838709677419355,0.327310742771645,0.615384615384615,0.923076923076923,0.8,0.846153846153846,0.2,0.153846153846154,5.2,0.236363636363636
"2345",0.903225806451613,0.343659564544622,0.857142857142857,0.932017543859649,0.75,1,0.25,0,Inf,0.25
"2346",0.774193548387097,0.370504893030336,0.533333333333333,0.845238095238095,0.571428571428571,0.833333333333333,0.428571428571429,0.166666666666667,3.42857142857143,0.514285714285714
"2347",0.741935483870968,0.3849625932498,0.333333333333333,0.662037037037037,0.5,0.777777777777778,0.5,0.222222222222222,2.25,0.642857142857143
"2348",0.741935483870968,0.415949709827638,0.6,0.795454545454545,0.545454545454545,0.85,0.454545454545455,0.15,3.63636363636364,0.53475935828877
"2349",0.806451612903226,0.366698034345785,0.666666666666667,0.890476190476191,0.6,0.904761904761905,0.4,0.0952380952380952,6.3,0.442105263157895
"2350",0.870967741935484,0.321284815310125,0.8,0.947619047619048,0.8,0.904761904761905,0.2,0.0952380952380952,8.4,0.221052631578947
"2351",0.741935483870968,0.407275605799053,0.636363636363636,0.868421052631579,0.583333333333333,0.842105263157895,0.416666666666667,0.157894736842105,3.69444444444444,0.494791666666667
"2352",0.806451612903226,0.32853709353045,0.666666666666667,0.939393939393939,0.666666666666667,0.863636363636364,0.333333333333333,0.136363636363636,4.88888888888889,0.385964912280702
"2353",0.774193548387097,0.377700526942771,0.631578947368421,0.920454545454546,0.545454545454545,0.9,0.454545454545455,0.1,5.45454545454546,0.505050505050505
"2354",0.870967741935484,0.334433965590786,0.75,0.94949494949495,0.666666666666667,0.954545454545455,0.333333333333333,0.0454545454545454,14.6666666666667,0.349206349206349
"2355",0.709677419354839,0.407526439205765,0.526315789473684,0.848484848484849,0.555555555555556,0.772727272727273,0.444444444444444,0.227272727272727,2.44444444444444,0.57516339869281
"2356",0.806451612903226,0.374369958563879,0.666666666666667,0.823232323232323,0.666666666666667,0.863636363636364,0.333333333333333,0.136363636363636,4.88888888888889,0.385964912280702
"2357",0.67741935483871,0.464104987004802,0.5,0.839912280701754,0.416666666666667,0.842105263157895,0.583333333333333,0.157894736842105,2.63888888888889,0.692708333333333
"2358",0.709677419354839,0.421070394209384,0.526315789473684,0.857456140350877,0.416666666666667,0.894736842105263,0.583333333333333,0.105263157894737,3.95833333333333,0.651960784313725
"2359",0.741935483870968,0.45613410281316,0.555555555555556,0.833333333333333,0.416666666666667,0.947368421052632,0.583333333333333,0.0526315789473685,7.91666666666666,0.615740740740741
"2360",0.838709677419355,0.365890829538978,0.666666666666667,0.876923076923077,1,0.807692307692308,0,0.192307692307692,5.2,0
"2361",0.838709677419355,0.394248537836192,0.666666666666667,0.747474747474748,0.555555555555556,0.954545454545455,0.444444444444444,0.0454545454545454,12.2222222222222,0.465608465608466
"2362",0.709677419354839,0.445341670378561,0.666666666666667,0.796052631578947,0.75,0.684210526315789,0.25,0.315789473684211,2.375,0.365384615384615
"2363",0.774193548387097,0.369211436827035,0.666666666666667,0.890909090909091,0.636363636363636,0.85,0.363636363636364,0.15,4.24242424242424,0.427807486631016
"2364",0.806451612903226,0.341512114059497,0.666666666666667,0.831521739130435,0.75,0.826086956521739,0.25,0.173913043478261,4.3125,0.302631578947368
"2365",0.838709677419355,0.347030278032269,0.705882352941177,0.855978260869565,0.75,0.869565217391304,0.25,0.130434782608696,5.75,0.2875
"2366",0.838709677419355,0.288550516887197,0.761904761904762,0.954545454545455,0.888888888888889,0.818181818181818,0.111111111111111,0.181818181818182,4.88888888888889,0.135802469135803
"2367",0.838709677419355,0.370033980262592,0.615384615384615,0.735119047619048,0.571428571428571,0.916666666666667,0.428571428571429,0.0833333333333334,6.85714285714285,0.467532467532468
"2368",0.806451612903226,0.347283780533466,0.727272727272727,0.883333333333333,0.8,0.80952380952381,0.2,0.19047619047619,4.2,0.247058823529412
"2369",0.935483870967742,0.275794974537585,0.875,0.970108695652174,0.875,0.956521739130435,0.125,0.0434782608695652,20.125,0.130681818181818
"2370",0.838709677419355,0.337155395005934,0.666666666666667,0.863095238095238,0.714285714285714,0.875,0.285714285714286,0.125,5.71428571428571,0.326530612244898
"2371",0.870967741935484,0.283015041950951,0.777777777777778,0.958333333333333,1,0.833333333333333,0,0.166666666666667,6,0
"2372",0.838709677419355,0.336809576028223,0.736842105263158,0.910326086956522,0.875,0.826086956521739,0.125,0.173913043478261,5.03125,0.151315789473684
"2373",0.741935483870968,0.436451336607954,0.5,0.692934782608696,0.5,0.826086956521739,0.5,0.173913043478261,2.875,0.605263157894737
"2374",0.870967741935484,0.354751830761314,0.818181818181818,0.960526315789474,0.75,0.947368421052632,0.25,0.0526315789473685,14.25,0.263888888888889
"2375",0.806451612903226,0.390081202099953,0.7,0.853260869565217,0.875,0.782608695652174,0.125,0.217391304347826,4.025,0.159722222222222
"2376",0.806451612903226,0.345032311687714,0.7,0.922727272727273,0.636363636363636,0.9,0.363636363636364,0.1,6.36363636363637,0.404040404040404
"2377",0.806451612903226,0.387705341926668,0.625,0.833333333333333,0.5,0.952380952380952,0.5,0.0476190476190477,10.5,0.525
"2378",0.838709677419355,0.367128872166841,0.736842105263158,0.876262626262626,0.777777777777778,0.863636363636364,0.222222222222222,0.136363636363636,5.7037037037037,0.257309941520468
"2379",0.806451612903226,0.326775952416268,0.666666666666667,0.932065217391304,0.75,0.826086956521739,0.25,0.173913043478261,4.3125,0.302631578947368
"2380",0.806451612903226,0.383601075298984,0.7,0.878787878787879,0.777777777777778,0.818181818181818,0.222222222222222,0.181818181818182,4.27777777777778,0.271604938271605
"2381",0.870967741935484,0.310621089454813,0.75,0.984848484848485,0.666666666666667,0.954545454545455,0.333333333333333,0.0454545454545454,14.6666666666667,0.349206349206349
"2382",0.774193548387097,0.360066003067148,0.631578947368421,0.877272727272727,0.545454545454545,0.9,0.454545454545455,0.1,5.45454545454546,0.505050505050505
"2383",0.774193548387097,0.417997219578347,0.666666666666667,0.866666666666667,0.7,0.80952380952381,0.3,0.19047619047619,3.675,0.370588235294118
"2384",0.806451612903226,0.356663298870526,0.625,0.896739130434783,0.625,0.869565217391304,0.375,0.130434782608696,4.79166666666667,0.43125
"2385",0.870967741935484,0.364479657851046,0.818181818181818,0.918859649122807,0.75,0.947368421052632,0.25,0.0526315789473685,14.25,0.263888888888889
"2386",0.774193548387097,0.460871393941073,0.72,0.799145299145299,0.692307692307692,0.833333333333333,0.307692307692308,0.166666666666667,4.15384615384616,0.369230769230769
"2387",0.774193548387097,0.370953451432696,0.631578947368421,0.864130434782609,0.75,0.782608695652174,0.25,0.217391304347826,3.45,0.319444444444444
"2388",0.774193548387097,0.342505805078668,0.588235294117647,0.868686868686869,0.555555555555556,0.863636363636364,0.444444444444444,0.136363636363636,4.07407407407407,0.514619883040936
"2389",0.903225806451613,0.256672034454542,0.857142857142857,1,1,0.863636363636364,0,0.136363636363636,7.33333333333333,0
"2390",0.709677419354839,0.387241237219135,0.307692307692308,0.711538461538462,0.4,0.769230769230769,0.6,0.230769230769231,1.73333333333333,0.78
"2391",0.806451612903226,0.367298120362753,0.7,0.869047619047619,0.7,0.857142857142857,0.3,0.142857142857143,4.9,0.35
"2392",0.774193548387097,0.33747565042047,0.588235294117647,0.924242424242424,0.555555555555556,0.863636363636364,0.444444444444444,0.136363636363636,4.07407407407407,0.514619883040936
"2393",0.806451612903226,0.316006276948562,0.625,0.843333333333333,0.833333333333333,0.8,0.166666666666667,0.2,4.16666666666667,0.208333333333333
"2394",0.870967741935484,0.284295575811073,0.8,0.942857142857143,0.8,0.904761904761905,0.2,0.0952380952380952,8.4,0.221052631578947
"2395",0.67741935483871,0.482611605257224,0.5,0.779545454545455,0.454545454545455,0.8,0.545454545454545,0.2,2.27272727272727,0.681818181818182
"2396",0.838709677419355,0.345617471473794,0.705882352941177,0.907142857142857,0.6,0.952380952380952,0.4,0.0476190476190477,12.6,0.42
"2397",0.838709677419355,0.337548068703162,0.8,0.923809523809524,1,0.761904761904762,0,0.238095238095238,4.2,0
"2398",0.806451612903226,0.417710409491066,0.75,0.886554621848739,0.642857142857143,0.941176470588235,0.357142857142857,0.0588235294117647,10.9285714285714,0.379464285714286
"2399",0.774193548387097,0.419504610343186,0.631578947368421,0.813131313131313,0.666666666666667,0.818181818181818,0.333333333333333,0.181818181818182,3.66666666666667,0.407407407407407
"2400",0.709677419354839,0.470552750100568,0.526315789473684,0.806818181818182,0.454545454545455,0.85,0.545454545454545,0.15,3.03030303030303,0.641711229946524
"2401",0.870967741935484,0.26170313983581,0.8,0.944444444444444,0.888888888888889,0.863636363636364,0.111111111111111,0.136363636363636,6.51851851851852,0.128654970760234
"2402",0.709677419354839,0.427484119274874,0.526315789473684,0.802272727272727,0.454545454545455,0.85,0.545454545454545,0.15,3.03030303030303,0.641711229946524
"2403",0.806451612903226,0.355424644003964,0.727272727272727,0.906818181818182,0.727272727272727,0.85,0.272727272727273,0.15,4.84848484848485,0.320855614973262
"2404",0.741935483870968,0.419008132552324,0.714285714285714,0.858974358974359,0.769230769230769,0.722222222222222,0.230769230769231,0.277777777777778,2.76923076923077,0.319526627218935
"2405",0.870967741935484,0.285318605221649,0.75,0.973333333333333,1,0.84,0,0.16,6.25,0
"2406",0.774193548387097,0.381112405205602,0.666666666666667,0.877272727272727,0.636363636363636,0.85,0.363636363636364,0.15,4.24242424242424,0.427807486631016
"2407",0.870967741935484,0.308907833238429,0.777777777777778,0.93452380952381,1,0.833333333333333,0,0.166666666666667,6,0
"2408",0.838709677419355,0.279020132097387,0.705882352941177,0.964285714285714,0.857142857142857,0.833333333333333,0.142857142857143,0.166666666666667,5.14285714285714,0.171428571428571
"2409",0.838709677419355,0.37032084974197,0.736842105263158,0.9,0.7,0.904761904761905,0.3,0.0952380952380952,7.35,0.331578947368421
"2410",0.741935483870968,0.426319800045446,0.555555555555556,0.816666666666667,0.5,0.857142857142857,0.5,0.142857142857143,3.5,0.583333333333333
"2411",0.838709677419355,0.35020784727117,0.782608695652174,0.894736842105263,0.75,0.894736842105263,0.25,0.105263157894737,7.125,0.279411764705882
"2412",0.806451612903226,0.380121068262721,0.625,0.814285714285714,0.5,0.952380952380952,0.5,0.0476190476190477,10.5,0.525
"2413",0.838709677419355,0.329651214176151,0.705882352941177,0.934343434343434,0.666666666666667,0.909090909090909,0.333333333333333,0.0909090909090909,7.33333333333333,0.366666666666667
"2414",0.774193548387097,0.406471718647827,0.461538461538462,0.815656565656566,0.333333333333333,0.954545454545455,0.666666666666667,0.0454545454545454,7.33333333333334,0.698412698412698
"2415",0.774193548387097,0.347177136980553,0.588235294117647,0.866071428571429,0.714285714285714,0.791666666666667,0.285714285714286,0.208333333333333,3.42857142857143,0.360902255639098
"2416",0.838709677419355,0.353821614457242,0.666666666666667,0.880952380952381,0.714285714285714,0.875,0.285714285714286,0.125,5.71428571428571,0.326530612244898
"2417",0.870967741935484,0.308552409303713,0.8,0.941919191919192,0.888888888888889,0.863636363636364,0.111111111111111,0.136363636363636,6.51851851851852,0.128654970760234
"2418",0.806451612903226,0.30075088233802,0.625,0.94,0.833333333333333,0.8,0.166666666666667,0.2,4.16666666666667,0.208333333333333
"2419",0.838709677419355,0.37202352070535,0.761904761904762,0.843181818181818,0.727272727272727,0.9,0.272727272727273,0.1,7.27272727272727,0.303030303030303
"2420",0.774193548387097,0.347841836142623,0.666666666666667,0.873737373737374,0.777777777777778,0.772727272727273,0.222222222222222,0.227272727272727,3.42222222222222,0.287581699346405
"2421",0.741935483870968,0.38040338711503,0.428571428571429,0.826666666666667,0.5,0.8,0.5,0.2,2.5,0.625
"2422",0.67741935483871,0.474504343196303,0.5,0.795454545454545,0.454545454545455,0.8,0.545454545454545,0.2,2.27272727272727,0.681818181818182
"2423",0.903225806451613,0.297797747707497,0.823529411764706,0.952020202020202,0.777777777777778,0.954545454545455,0.222222222222222,0.0454545454545454,17.1111111111111,0.232804232804233
"2424",0.870967741935484,0.352940399923937,0.833333333333333,0.923076923076923,0.769230769230769,0.944444444444444,0.230769230769231,0.0555555555555556,13.8461538461538,0.244343891402715
"2425",0.709677419354839,0.438430157504566,0.571428571428571,0.868181818181818,0.545454545454545,0.8,0.454545454545455,0.2,2.72727272727273,0.568181818181818
"2426",0.838709677419355,0.306825523192213,0.666666666666667,0.933333333333333,0.833333333333333,0.84,0.166666666666667,0.16,5.20833333333333,0.198412698412698
"2427",0.806451612903226,0.387550573120628,0.727272727272727,0.871428571428571,0.8,0.80952380952381,0.2,0.19047619047619,4.2,0.247058823529412
"2428",0.774193548387097,0.400299707643316,0.363636363636364,0.711309523809524,0.285714285714286,0.916666666666667,0.714285714285714,0.0833333333333334,3.42857142857143,0.779220779220779
"2429",0.806451612903226,0.363612362754422,0.666666666666667,0.936363636363636,0.545454545454545,0.95,0.454545454545455,0.05,10.9090909090909,0.478468899521531
"2430",0.67741935483871,0.426449805353286,0.444444444444444,0.846153846153846,0.8,0.653846153846154,0.2,0.346153846153846,2.31111111111111,0.305882352941176
"2431",0.870967741935484,0.327030777466787,0.777777777777778,0.934782608695652,0.875,0.869565217391304,0.125,0.130434782608696,6.70833333333333,0.14375
"2432",0.774193548387097,0.33883660976881,0.631578947368421,0.891304347826087,0.75,0.782608695652174,0.25,0.217391304347826,3.45,0.319444444444444
"2433",0.774193548387097,0.28505254323082,0.631578947368421,0.931547619047619,0.857142857142857,0.75,0.142857142857143,0.25,3.42857142857143,0.190476190476191
"2434",0.806451612903226,0.399307955456541,0.7,0.859090909090909,0.636363636363636,0.9,0.363636363636364,0.1,6.36363636363637,0.404040404040404
"2435",0.806451612903226,0.394796496961512,0.75,0.876068376068376,0.692307692307692,0.888888888888889,0.307692307692308,0.111111111111111,6.23076923076923,0.346153846153846
"2436",0.67741935483871,0.4642063194921,0.5,0.76010101010101,0.555555555555556,0.727272727272727,0.444444444444444,0.272727272727273,2.03703703703704,0.611111111111111
"2437",0.741935483870968,0.407452115763079,0.666666666666667,0.857456140350877,0.666666666666667,0.789473684210526,0.333333333333333,0.210526315789474,3.16666666666667,0.422222222222222
"2438",0.806451612903226,0.375123538180747,0.571428571428571,0.81547619047619,0.571428571428571,0.875,0.428571428571429,0.125,4.57142857142857,0.489795918367347
"2439",0.709677419354839,0.41214335083439,0.571428571428571,0.818181818181818,0.545454545454545,0.8,0.454545454545455,0.2,2.72727272727273,0.568181818181818
"2440",0.903225806451613,0.299693815422742,0.857142857142857,0.961904761904762,0.9,0.904761904761905,0.1,0.0952380952380952,9.45,0.110526315789474
"2441",0.870967741935484,0.305517263181279,0.666666666666667,0.94047619047619,0.571428571428571,0.958333333333333,0.428571428571429,0.0416666666666666,13.7142857142857,0.447204968944099
"2442",0.774193548387097,0.33186275328968,0.588235294117647,0.891304347826087,0.625,0.826086956521739,0.375,0.173913043478261,3.59375,0.453947368421053
"2443",0.806451612903226,0.400141965078061,0.75,0.949579831932773,0.642857142857143,0.941176470588235,0.357142857142857,0.0588235294117647,10.9285714285714,0.379464285714286
"2444",0.806451612903226,0.384427181608045,0.666666666666667,0.835858585858586,0.666666666666667,0.863636363636364,0.333333333333333,0.136363636363636,4.88888888888889,0.385964912280702
"2445",0.806451612903226,0.38198071599106,0.625,0.8125,0.714285714285714,0.833333333333333,0.285714285714286,0.166666666666667,4.28571428571429,0.342857142857143
"2446",0.806451612903226,0.33629895547059,0.727272727272727,0.904761904761905,0.8,0.80952380952381,0.2,0.19047619047619,4.2,0.247058823529412
"2447",0.774193548387097,0.410354482785055,0.631578947368421,0.803030303030303,0.666666666666667,0.818181818181818,0.333333333333333,0.181818181818182,3.66666666666667,0.407407407407407
"2448",0.741935483870968,0.421870322852588,0.6,0.785326086956522,0.75,0.739130434782609,0.25,0.260869565217391,2.875,0.338235294117647
"2449",0.741935483870968,0.43790366456074,0.428571428571429,0.848484848484849,0.333333333333333,0.909090909090909,0.666666666666667,0.0909090909090909,3.66666666666667,0.733333333333333
"2450",0.806451612903226,0.320020414320556,0.666666666666667,0.833333333333333,0.666666666666667,0.863636363636364,0.333333333333333,0.136363636363636,4.88888888888889,0.385964912280702
"2451",0.806451612903226,0.365179236175019,0.7,0.902173913043478,0.875,0.782608695652174,0.125,0.217391304347826,4.025,0.159722222222222
"2452",0.935483870967742,0.265680898417302,0.857142857142857,0.982142857142857,0.857142857142857,0.958333333333333,0.142857142857143,0.0416666666666666,20.5714285714286,0.149068322981366
"2453",0.806451612903226,0.375839687834459,0.75,0.857456140350877,0.75,0.842105263157895,0.25,0.157894736842105,4.75,0.296875
"2454",0.838709677419355,0.316119125651871,0.782608695652174,0.927272727272727,0.818181818181818,0.85,0.181818181818182,0.15,5.45454545454545,0.213903743315508
"2455",0.806451612903226,0.38842973733611,0.666666666666667,0.853260869565217,0.75,0.826086956521739,0.25,0.173913043478261,4.3125,0.302631578947368
"2456",0.741935483870968,0.410745178201744,0.5,0.80952380952381,0.571428571428571,0.791666666666667,0.428571428571429,0.208333333333333,2.74285714285714,0.541353383458647
"2457",0.838709677419355,0.356779258232844,0.736842105263158,0.868686868686869,0.777777777777778,0.863636363636364,0.222222222222222,0.136363636363636,5.7037037037037,0.257309941520468
"2458",0.774193548387097,0.413591873051169,0.666666666666667,0.87719298245614,0.583333333333333,0.894736842105263,0.416666666666667,0.105263157894737,5.54166666666667,0.465686274509804
"2459",0.838709677419355,0.355211272604284,0.8,0.877272727272727,0.909090909090909,0.8,0.0909090909090909,0.2,4.54545454545455,0.113636363636364
"2460",0.838709677419355,0.373082071657931,0.782608695652174,0.888636363636364,0.818181818181818,0.85,0.181818181818182,0.15,5.45454545454545,0.213903743315508
"2461",0.870967741935484,0.335073656163055,0.714285714285714,0.907608695652174,0.625,0.956521739130435,0.375,0.0434782608695652,14.375,0.392045454545455
"2462",0.870967741935484,0.290264355239556,0.714285714285714,0.961538461538462,1,0.846153846153846,0,0.153846153846154,6.5,0
"2463",0.838709677419355,0.269817209766154,0.666666666666667,0.946666666666667,0.833333333333333,0.84,0.166666666666667,0.16,5.20833333333333,0.198412698412698
"2464",0.774193548387097,0.390274487447906,0.533333333333333,0.720238095238095,0.571428571428571,0.833333333333333,0.428571428571429,0.166666666666667,3.42857142857143,0.514285714285714
"2465",0.709677419354839,0.41545898987607,0.4,0.772727272727273,0.333333333333333,0.863636363636364,0.666666666666667,0.136363636363636,2.44444444444444,0.771929824561404
"2466",0.741935483870968,0.420058464696636,0.6,0.773809523809524,0.6,0.80952380952381,0.4,0.19047619047619,3.15,0.494117647058824
"2467",0.870967741935484,0.344159414133483,0.75,0.893939393939394,0.666666666666667,0.954545454545455,0.333333333333333,0.0454545454545454,14.6666666666667,0.349206349206349
"2468",0.806451612903226,0.388123773941014,0.625,0.744949494949495,0.555555555555556,0.909090909090909,0.444444444444444,0.0909090909090909,6.11111111111111,0.488888888888889
"2469",0.774193548387097,0.345790887643247,0.631578947368421,0.89047619047619,0.6,0.857142857142857,0.4,0.142857142857143,4.2,0.466666666666667
"2470",0.870967741935484,0.365509815209231,0.833333333333333,0.888655462184874,0.714285714285714,1,0.285714285714286,0,Inf,0.285714285714286
"2471",0.838709677419355,0.340091377451299,0.705882352941177,0.939393939393939,0.666666666666667,0.909090909090909,0.333333333333333,0.0909090909090909,7.33333333333333,0.366666666666667
"2472",0.709677419354839,0.368437753442972,0.571428571428571,0.845959595959596,0.666666666666667,0.727272727272727,0.333333333333333,0.272727272727273,2.44444444444444,0.458333333333333
"2473",0.870967741935484,0.301593247800446,0.8,0.966666666666667,0.8,0.904761904761905,0.2,0.0952380952380952,8.4,0.221052631578947
"2474",0.838709677419355,0.33895449093438,0.761904761904762,0.886363636363636,0.888888888888889,0.818181818181818,0.111111111111111,0.181818181818182,4.88888888888889,0.135802469135803
"2475",0.774193548387097,0.382283848255618,0.631578947368421,0.883771929824561,0.5,0.947368421052632,0.5,0.0526315789473685,9.49999999999999,0.527777777777778
"2476",0.838709677419355,0.338901991102492,0.666666666666667,0.945238095238095,0.5,1,0.5,0,Inf,0.5
"2477",0.838709677419355,0.319604303516752,0.761904761904762,0.9,0.8,0.857142857142857,0.2,0.142857142857143,5.6,0.233333333333333
"2478",0.870967741935484,0.326666699848675,0.8,0.888095238095238,0.8,0.904761904761905,0.2,0.0952380952380952,8.4,0.221052631578947
"2479",0.935483870967742,0.262327916189947,0.875,0.976190476190476,1,0.916666666666667,0,0.0833333333333334,12,0
"2480",0.774193548387097,0.382053459573405,0.666666666666667,0.881578947368421,0.583333333333333,0.894736842105263,0.416666666666667,0.105263157894737,5.54166666666667,0.465686274509804
"2481",0.838709677419355,0.352999465978742,0.666666666666667,0.851190476190476,0.714285714285714,0.875,0.285714285714286,0.125,5.71428571428571,0.326530612244898
"2482",0.774193548387097,0.358700541677007,0.631578947368421,0.904761904761905,0.6,0.857142857142857,0.4,0.142857142857143,4.2,0.466666666666667
"2483",0.838709677419355,0.356203047515752,0.615384615384615,0.9,0.8,0.846153846153846,0.2,0.153846153846154,5.2,0.236363636363636
"2484",0.838709677419355,0.344963593422396,0.761904761904762,0.898989898989899,0.888888888888889,0.818181818181818,0.111111111111111,0.181818181818182,4.88888888888889,0.135802469135803
"2485",0.870967741935484,0.335571652625607,0.777777777777778,0.910714285714286,1,0.833333333333333,0,0.166666666666667,6,0
"2486",0.741935483870968,0.396372505530943,0.666666666666667,0.807692307692308,0.615384615384615,0.833333333333333,0.384615384615385,0.166666666666667,3.69230769230769,0.461538461538461
"2487",0.67741935483871,0.447434143238752,0.5,0.801630434782609,0.625,0.695652173913043,0.375,0.304347826086957,2.05357142857143,0.5390625
"2488",0.806451612903226,0.395008331422456,0.727272727272727,0.931623931623932,0.615384615384615,0.944444444444444,0.384615384615385,0.0555555555555556,11.0769230769231,0.407239819004525
"2489",0.774193548387097,0.357664447299745,0.461538461538462,0.923913043478261,0.375,0.91304347826087,0.625,0.0869565217391305,4.3125,0.68452380952381
"2490",0.67741935483871,0.454409531018416,0.583333333333333,0.816239316239316,0.538461538461538,0.777777777777778,0.461538461538462,0.222222222222222,2.42307692307692,0.593406593406593
"2491",0.935483870967742,0.276634501550394,0.833333333333333,0.913333333333333,0.833333333333333,0.96,0.166666666666667,0.04,20.8333333333333,0.173611111111111
"2492",0.806451612903226,0.350983881169202,0.571428571428571,0.853260869565217,0.5,0.91304347826087,0.5,0.0869565217391305,5.75,0.547619047619048
"2493",0.806451612903226,0.328749964550202,0.4,0.833333333333333,0.666666666666667,0.821428571428571,0.333333333333333,0.178571428571429,3.73333333333333,0.405797101449275
"2494",0.838709677419355,0.354852216929458,0.782608695652174,0.906818181818182,0.818181818181818,0.85,0.181818181818182,0.15,5.45454545454545,0.213903743315508
"2495",0.838709677419355,0.336107918160228,0.615384615384615,0.913333333333333,0.666666666666667,0.88,0.333333333333333,0.12,5.55555555555556,0.378787878787879
"2496",0.838709677419355,0.347547466857605,0.666666666666667,0.922619047619048,0.714285714285714,0.875,0.285714285714286,0.125,5.71428571428571,0.326530612244898
"2497",0.774193548387097,0.384036005130644,0.695652173913043,0.859523809523809,0.8,0.761904761904762,0.2,0.238095238095238,3.36,0.2625
"2498",0.806451612903226,0.33884441283291,0.7,0.878787878787879,0.777777777777778,0.818181818181818,0.222222222222222,0.181818181818182,4.27777777777778,0.271604938271605
"2499",0.774193548387097,0.36541842467231,0.363636363636364,0.88,0.333333333333333,0.88,0.666666666666667,0.12,2.77777777777778,0.757575757575758
"2500",0.774193548387097,0.362609115641361,0.588235294117647,0.845238095238095,0.714285714285714,0.791666666666667,0.285714285714286,0.208333333333333,3.42857142857143,0.360902255639098
"2501",0.903225806451613,0.315421120333671,0.727272727272727,0.866071428571429,0.571428571428571,1,0.428571428571429,0,Inf,0.428571428571429
"2502",0.838709677419355,0.315863690585037,0.736842105263158,0.934343434343434,0.777777777777778,0.863636363636364,0.222222222222222,0.136363636363636,5.7037037037037,0.257309941520468
"2503",0.709677419354839,0.431842672515298,0.571428571428571,0.8,0.6,0.761904761904762,0.4,0.238095238095238,2.52,0.525
"2504",0.806451612903226,0.359087914279478,0.727272727272727,0.918859649122807,0.666666666666667,0.894736842105263,0.333333333333333,0.105263157894737,6.33333333333333,0.372549019607843
"2505",0.838709677419355,0.337868432480001,0.666666666666667,0.868686868686869,0.555555555555556,0.954545454545455,0.444444444444444,0.0454545454545454,12.2222222222222,0.465608465608466
"2506",0.741935483870968,0.444888472990175,0.555555555555556,0.786363636363636,0.454545454545455,0.9,0.545454545454545,0.1,4.54545454545455,0.606060606060606
"2507",0.935483870967742,0.252005055847222,0.857142857142857,0.986666666666667,1,0.92,0,0.08,12.5,0
"2508",0.838709677419355,0.290457792827575,0.666666666666667,0.94,0.833333333333333,0.84,0.166666666666667,0.16,5.20833333333333,0.198412698412698
"2509",0.741935483870968,0.361776511955213,0.5,0.81,0.666666666666667,0.76,0.333333333333333,0.24,2.77777777777778,0.43859649122807
"2510",0.870967741935484,0.298357026484772,0.75,0.952380952380952,0.857142857142857,0.875,0.142857142857143,0.125,6.85714285714286,0.163265306122449
"2511",0.741935483870968,0.376946746654125,0.333333333333333,0.833333333333333,0.5,0.777777777777778,0.5,0.222222222222222,2.25,0.642857142857143
"2512",0.806451612903226,0.336924021846893,0.625,0.896739130434783,0.625,0.869565217391304,0.375,0.130434782608696,4.79166666666667,0.43125
"2513",0.741935483870968,0.378881404205568,0.666666666666667,0.868421052631579,0.666666666666667,0.789473684210526,0.333333333333333,0.210526315789474,3.16666666666667,0.422222222222222
"2514",0.774193548387097,0.385589028667173,0.533333333333333,0.840909090909091,0.444444444444444,0.909090909090909,0.555555555555556,0.0909090909090909,4.88888888888889,0.611111111111111
"2515",0.709677419354839,0.445216525098347,0.470588235294118,0.845454545454545,0.363636363636364,0.9,0.636363636363636,0.1,3.63636363636364,0.707070707070707
"2516",0.935483870967742,0.248281067206599,0.857142857142857,0.988095238095238,0.857142857142857,0.958333333333333,0.142857142857143,0.0416666666666666,20.5714285714286,0.149068322981366
"2517",0.806451612903226,0.356271514423556,0.666666666666667,0.880434782608696,0.75,0.826086956521739,0.25,0.173913043478261,4.3125,0.302631578947368
"2518",0.806451612903226,0.334577300824772,0.7,0.958333333333333,1,0.75,0,0.25,4,0
"2519",0.838709677419355,0.339373931401884,0.705882352941177,0.952380952380952,0.6,0.952380952380952,0.4,0.0476190476190477,12.6,0.42
"2520",0.806451612903226,0.393515368893175,0.666666666666667,0.828571428571429,0.6,0.904761904761905,0.4,0.0952380952380952,6.3,0.442105263157895
"2521",0.774193548387097,0.42157518267683,0.588235294117647,0.78030303030303,0.555555555555556,0.863636363636364,0.444444444444444,0.136363636363636,4.07407407407407,0.514619883040936
"2522",0.870967741935484,0.307881889256845,0.777777777777778,0.914141414141414,0.777777777777778,0.909090909090909,0.222222222222222,0.0909090909090909,8.55555555555555,0.244444444444444
"2523",0.774193548387097,0.366527668663309,0.631578947368421,0.803030303030303,0.666666666666667,0.818181818181818,0.333333333333333,0.181818181818182,3.66666666666667,0.407407407407407
"2524",0.838709677419355,0.356355369388518,0.761904761904762,0.898989898989899,0.888888888888889,0.818181818181818,0.111111111111111,0.181818181818182,4.88888888888889,0.135802469135803
"2525",0.774193548387097,0.433312441434813,0.666666666666667,0.809210526315789,0.583333333333333,0.894736842105263,0.416666666666667,0.105263157894737,5.54166666666667,0.465686274509804
"2526",0.838709677419355,0.365723461289402,0.736842105263158,0.9,0.636363636363636,0.95,0.363636363636364,0.05,12.7272727272727,0.382775119617225
"2527",0.774193548387097,0.375408555845064,0.666666666666667,0.852380952380952,0.7,0.80952380952381,0.3,0.19047619047619,3.675,0.370588235294118
"2528",0.741935483870968,0.38260235931369,0.6,0.910087719298246,0.5,0.894736842105263,0.5,0.105263157894737,4.75,0.558823529411765
"2529",0.806451612903226,0.370995835669875,0.4,0.696153846153846,0.4,0.884615384615385,0.6,0.115384615384615,3.46666666666667,0.678260869565217
"2530",0.806451612903226,0.388644455999149,0.727272727272727,0.881578947368421,0.666666666666667,0.894736842105263,0.333333333333333,0.105263157894737,6.33333333333333,0.372549019607843
"2531",0.709677419354839,0.466676504951884,0.526315789473684,0.806818181818182,0.454545454545455,0.85,0.545454545454545,0.15,3.03030303030303,0.641711229946524
"2532",0.838709677419355,0.314271558666298,0.705882352941177,0.926630434782609,0.75,0.869565217391304,0.25,0.130434782608696,5.75,0.2875
"2533",0.806451612903226,0.40901739082205,0.7,0.857142857142857,0.7,0.857142857142857,0.3,0.142857142857143,4.9,0.35
"2534",0.806451612903226,0.35052633204721,0.666666666666667,0.907738095238095,0.857142857142857,0.791666666666667,0.142857142857143,0.208333333333333,4.11428571428571,0.180451127819549
"2535",0.903225806451613,0.308811796506153,0.869565217391304,0.959090909090909,0.909090909090909,0.9,0.0909090909090909,0.1,9.09090909090909,0.101010101010101
"2536",0.806451612903226,0.363289987047988,0.7,0.931818181818182,0.636363636363636,0.9,0.363636363636364,0.1,6.36363636363637,0.404040404040404
"2537",0.903225806451613,0.305635625156355,0.842105263157895,0.904040404040404,0.888888888888889,0.909090909090909,0.111111111111111,0.0909090909090909,9.77777777777777,0.122222222222222
"2538",0.806451612903226,0.347252612918159,0.769230769230769,0.918859649122807,0.833333333333333,0.789473684210526,0.166666666666667,0.210526315789474,3.95833333333333,0.211111111111111
"2539",0.838709677419355,0.338869403051323,0.705882352941177,0.895833333333333,0.857142857142857,0.833333333333333,0.142857142857143,0.166666666666667,5.14285714285714,0.171428571428571
"2540",0.870967741935484,0.344771547967158,0.818181818181818,0.978070175438597,0.75,0.947368421052632,0.25,0.0526315789473685,14.25,0.263888888888889
"2541",0.774193548387097,0.41189566912912,0.533333333333333,0.878787878787879,0.444444444444444,0.909090909090909,0.555555555555556,0.0909090909090909,4.88888888888889,0.611111111111111
"2542",0.806451612903226,0.336174524238383,0.666666666666667,0.847826086956522,0.75,0.826086956521739,0.25,0.173913043478261,4.3125,0.302631578947368
"2543",0.838709677419355,0.333920547891466,0.736842105263158,0.902173913043478,0.875,0.826086956521739,0.125,0.173913043478261,5.03125,0.151315789473684
"2544",0.741935483870968,0.377556873278422,0.6,0.833333333333333,0.6,0.80952380952381,0.4,0.19047619047619,3.15,0.494117647058824
"2545",0.67741935483871,0.47226085109219,0.545454545454545,0.74780701754386,0.5,0.789473684210526,0.5,0.210526315789474,2.375,0.633333333333333
"2546",0.774193548387097,0.361730790354754,0.695652173913043,0.831818181818182,0.727272727272727,0.8,0.272727272727273,0.2,3.63636363636364,0.340909090909091
"2547",0.870967741935484,0.364410291384924,0.714285714285714,0.875,0.714285714285714,0.916666666666667,0.285714285714286,0.0833333333333334,8.57142857142857,0.311688311688312
"2548",0.870967741935484,0.287023894307837,0.8,0.964646464646465,0.888888888888889,0.863636363636364,0.111111111111111,0.136363636363636,6.51851851851852,0.128654970760234
"2549",0.67741935483871,0.491663919632556,0.5,0.720454545454545,0.454545454545455,0.8,0.545454545454545,0.2,2.27272727272727,0.681818181818182
"2550",0.774193548387097,0.40288265725507,0.631578947368421,0.864035087719298,0.5,0.947368421052632,0.5,0.0526315789473685,9.49999999999999,0.527777777777778
"2551",0.774193548387097,0.371665773435571,0.666666666666667,0.843181818181818,0.636363636363636,0.85,0.363636363636364,0.15,4.24242424242424,0.427807486631016
"2552",0.741935483870968,0.400726920365731,0.636363636363636,0.802380952380952,0.7,0.761904761904762,0.3,0.238095238095238,2.94,0.39375
"2553",0.935483870967742,0.306143067109929,0.9,0.990909090909091,0.818181818181818,1,0.181818181818182,0,Inf,0.181818181818182
"2554",0.838709677419355,0.303930928790505,0.615384615384615,0.946153846153846,0.8,0.846153846153846,0.2,0.153846153846154,5.2,0.236363636363636
"2555",0.806451612903226,0.353410304058516,0.666666666666667,0.904761904761905,0.6,0.904761904761905,0.4,0.0952380952380952,6.3,0.442105263157895
"2556",0.774193548387097,0.372427889330457,0.695652173913043,0.89957264957265,0.615384615384615,0.888888888888889,0.384615384615385,0.111111111111111,5.53846153846154,0.432692307692308
"2557",0.67741935483871,0.387716469968624,0.5,0.930769230769231,1,0.615384615384615,0,0.384615384615385,2.6,0
"2558",0.838709677419355,0.349791823663815,0.782608695652174,0.915909090909091,0.818181818181818,0.85,0.181818181818182,0.15,5.45454545454545,0.213903743315508
"2559",0.774193548387097,0.406550660545094,0.666666666666667,0.881818181818182,0.636363636363636,0.85,0.363636363636364,0.15,4.24242424242424,0.427807486631016
"2560",0.870967741935484,0.318358337582652,0.75,0.934343434343434,0.666666666666667,0.954545454545455,0.333333333333333,0.0454545454545454,14.6666666666667,0.349206349206349
"2561",0.774193548387097,0.398964329612165,0.533333333333333,0.826666666666667,0.666666666666667,0.8,0.333333333333333,0.2,3.33333333333333,0.416666666666667
"2562",0.870967741935484,0.284524433960903,0.714285714285714,0.966666666666667,0.833333333333333,0.88,0.166666666666667,0.12,6.94444444444444,0.189393939393939
"2563",0.838709677419355,0.31017142154039,0.705882352941177,0.934782608695652,0.75,0.869565217391304,0.25,0.130434782608696,5.75,0.2875
"2564",0.870967741935484,0.3611546296074,0.714285714285714,0.860119047619048,0.714285714285714,0.916666666666667,0.285714285714286,0.0833333333333334,8.57142857142857,0.311688311688312
"2565",0.709677419354839,0.425799042980406,0.571428571428571,0.820454545454545,0.545454545454545,0.8,0.454545454545455,0.2,2.72727272727273,0.568181818181818
"2566",0.741935483870968,0.40739393925405,0.636363636363636,0.81359649122807,0.583333333333333,0.842105263157895,0.416666666666667,0.157894736842105,3.69444444444444,0.494791666666667
"2567",0.741935483870968,0.436277215056433,0.555555555555556,0.809782608695652,0.625,0.782608695652174,0.375,0.217391304347826,2.875,0.479166666666667
"2568",0.806451612903226,0.377324830945701,0.625,0.845238095238095,0.714285714285714,0.833333333333333,0.285714285714286,0.166666666666667,4.28571428571429,0.342857142857143
"2569",0.870967741935484,0.273751465323866,0.75,0.958333333333333,0.857142857142857,0.875,0.142857142857143,0.125,6.85714285714286,0.163265306122449
"2570",0.903225806451613,0.291666473818036,0.823529411764706,0.951086956521739,0.875,0.91304347826087,0.125,0.0869565217391305,10.0625,0.136904761904762
"2571",0.741935483870968,0.394526279255357,0.428571428571429,0.75297619047619,0.428571428571429,0.833333333333333,0.571428571428571,0.166666666666667,2.57142857142857,0.685714285714286
"2572",0.838709677419355,0.314392987869241,0.666666666666667,0.886904761904762,0.714285714285714,0.875,0.285714285714286,0.125,5.71428571428571,0.326530612244898
"2573",0.741935483870968,0.435930248218527,0.636363636363636,0.837606837606838,0.538461538461538,0.888888888888889,0.461538461538462,0.111111111111111,4.84615384615384,0.519230769230769
"2574",0.774193548387097,0.352435735491481,0.588235294117647,0.813333333333333,0.833333333333333,0.76,0.166666666666667,0.24,3.47222222222222,0.219298245614035
"2575",0.838709677419355,0.358701214828609,0.736842105263158,0.909090909090909,0.636363636363636,0.95,0.363636363636364,0.05,12.7272727272727,0.382775119617225
"2576",0.709677419354839,0.503209797683321,0.608695652173913,0.846638655462185,0.5,0.882352941176471,0.5,0.117647058823529,4.25,0.566666666666667
"2577",0.903225806451613,0.304654342149802,0.857142857142857,0.922727272727273,0.818181818181818,0.95,0.181818181818182,0.05,16.3636363636363,0.191387559808612
"2578",0.838709677419355,0.307122959563592,0.736842105263158,0.961904761904762,0.7,0.904761904761905,0.3,0.0952380952380952,7.35,0.331578947368421
"2579",0.838709677419355,0.323636333656571,0.705882352941177,0.919642857142857,0.857142857142857,0.833333333333333,0.142857142857143,0.166666666666667,5.14285714285714,0.171428571428571
"2580",0.774193548387097,0.412388986967621,0.666666666666667,0.828947368421053,0.583333333333333,0.894736842105263,0.416666666666667,0.105263157894737,5.54166666666667,0.465686274509804
"2581",0.709677419354839,0.436987778847523,0.64,0.780701754385965,0.666666666666667,0.736842105263158,0.333333333333333,0.263157894736842,2.53333333333333,0.452380952380952
"2582",0.903225806451613,0.333293435058527,0.857142857142857,0.956140350877193,0.75,1,0.25,0,Inf,0.25
"2583",0.774193548387097,0.36103857083633,0.666666666666667,0.919047619047619,0.7,0.80952380952381,0.3,0.19047619047619,3.675,0.370588235294118
"2584",0.838709677419355,0.306619644920305,0.705882352941177,0.923913043478261,0.75,0.869565217391304,0.25,0.130434782608696,5.75,0.2875
"2585",0.774193548387097,0.404203729635677,0.666666666666667,0.899122807017544,0.583333333333333,0.894736842105263,0.416666666666667,0.105263157894737,5.54166666666667,0.465686274509804
"2586",0.741935483870968,0.377632794523307,0.555555555555556,0.863636363636364,0.555555555555556,0.818181818181818,0.444444444444444,0.181818181818182,3.05555555555556,0.54320987654321
"2587",0.774193548387097,0.357421341385598,0.588235294117647,0.893939393939394,0.555555555555556,0.863636363636364,0.444444444444444,0.136363636363636,4.07407407407407,0.514619883040936
"2588",0.806451612903226,0.39084845703009,0.666666666666667,0.885714285714286,0.6,0.904761904761905,0.4,0.0952380952380952,6.3,0.442105263157895
"2589",0.838709677419355,0.337996205929821,0.736842105263158,0.892857142857143,0.7,0.904761904761905,0.3,0.0952380952380952,7.35,0.331578947368421
"2590",0.774193548387097,0.405471759083145,0.461538461538462,0.885714285714286,0.3,1,0.7,0,Inf,0.7
"2591",0.774193548387097,0.412941603461317,0.588235294117647,0.75,0.5,0.904761904761905,0.5,0.0952380952380952,5.25,0.552631578947368
"2592",0.838709677419355,0.334628809252497,0.736842105263158,0.898989898989899,0.777777777777778,0.863636363636364,0.222222222222222,0.136363636363636,5.7037037037037,0.257309941520468
"2593",0.774193548387097,0.417838413952992,0.631578947368421,0.857142857142857,0.6,0.857142857142857,0.4,0.142857142857143,4.2,0.466666666666667
"2594",0.838709677419355,0.354550548638067,0.761904761904762,0.936363636363636,0.727272727272727,0.9,0.272727272727273,0.1,7.27272727272727,0.303030303030303
"2595",0.870967741935484,0.325567752621839,0.777777777777778,0.91304347826087,0.875,0.869565217391304,0.125,0.130434782608696,6.70833333333333,0.14375
"2596",0.806451612903226,0.337302385212212,0.666666666666667,0.904040404040404,0.666666666666667,0.863636363636364,0.333333333333333,0.136363636363636,4.88888888888889,0.385964912280702
"2597",0.741935483870968,0.375018320267443,0.555555555555556,0.895238095238095,0.5,0.857142857142857,0.5,0.142857142857143,3.5,0.583333333333333
"2598",0.870967741935484,0.294201697084406,0.8,0.944444444444444,0.888888888888889,0.863636363636364,0.111111111111111,0.136363636363636,6.51851851851852,0.128654970760234
"2599",0.903225806451613,0.290467394218388,0.823529411764706,0.940217391304348,0.875,0.91304347826087,0.125,0.0869565217391305,10.0625,0.136904761904762
"2600",0.806451612903226,0.351812221439503,0.7,0.861904761904762,0.7,0.857142857142857,0.3,0.142857142857143,4.9,0.35
"2601",0.709677419354839,0.477155848318896,0.526315789473684,0.75219298245614,0.416666666666667,0.894736842105263,0.583333333333333,0.105263157894737,3.95833333333333,0.651960784313725
"2602",0.741935483870968,0.412944956718345,0.6,0.830952380952381,0.6,0.80952380952381,0.4,0.19047619047619,3.15,0.494117647058824
"2603",0.741935483870968,0.383489129724728,0.636363636363636,0.853535353535354,0.777777777777778,0.727272727272727,0.222222222222222,0.272727272727273,2.85185185185185,0.305555555555556
"2604",0.806451612903226,0.397038457063353,0.727272727272727,0.871794871794872,0.615384615384615,0.944444444444444,0.384615384615385,0.0555555555555556,11.0769230769231,0.407239819004525
"2605",0.806451612903226,0.383834024848996,0.769230769230769,0.87280701754386,0.833333333333333,0.789473684210526,0.166666666666667,0.210526315789474,3.95833333333333,0.211111111111111
"2606",0.67741935483871,0.480287815845333,0.285714285714286,0.726190476190476,0.2,0.904761904761905,0.8,0.0952380952380952,2.1,0.88421052631579
"2607",0.935483870967742,0.26176959334546,0.857142857142857,0.922619047619048,0.857142857142857,0.958333333333333,0.142857142857143,0.0416666666666666,20.5714285714286,0.149068322981366
"2608",0.806451612903226,0.378815640837024,0.727272727272727,0.895454545454546,0.727272727272727,0.85,0.272727272727273,0.15,4.84848484848485,0.320855614973262
"2609",0.774193548387097,0.354434259175243,0.631578947368421,0.883838383838384,0.666666666666667,0.818181818181818,0.333333333333333,0.181818181818182,3.66666666666667,0.407407407407407
"2610",0.774193548387097,0.38210715201449,0.631578947368421,0.845959595959596,0.666666666666667,0.818181818181818,0.333333333333333,0.181818181818182,3.66666666666667,0.407407407407407
"2611",0.709677419354839,0.454554425185554,0.526315789473684,0.808080808080808,0.555555555555556,0.772727272727273,0.444444444444444,0.227272727272727,2.44444444444444,0.57516339869281
"2612",0.838709677419355,0.345484916610967,0.736842105263158,0.914141414141414,0.777777777777778,0.863636363636364,0.222222222222222,0.136363636363636,5.7037037037037,0.257309941520468
"2613",0.774193548387097,0.4013716595851,0.666666666666667,0.925213675213675,0.538461538461538,0.944444444444444,0.461538461538462,0.0555555555555556,9.69230769230769,0.48868778280543
"2614",0.774193548387097,0.344054448752035,0.588235294117647,0.898809523809524,0.714285714285714,0.791666666666667,0.285714285714286,0.208333333333333,3.42857142857143,0.360902255639098
"2615",0.870967741935484,0.296091817363938,0.75,0.964646464646465,0.666666666666667,0.954545454545455,0.333333333333333,0.0454545454545454,14.6666666666667,0.349206349206349
"2616",0.903225806451613,0.30118264169204,0.769230769230769,0.967391304347826,0.625,1,0.375,0,Inf,0.375
"2617",0.806451612903226,0.322001723367285,0.625,0.933333333333333,0.833333333333333,0.8,0.166666666666667,0.2,4.16666666666667,0.208333333333333
"2618",0.903225806451613,0.30221817488044,0.823529411764706,0.956521739130435,0.875,0.91304347826087,0.125,0.0869565217391305,10.0625,0.136904761904762
"2619",0.838709677419355,0.337841428631616,0.615384615384615,0.940217391304348,0.5,0.956521739130435,0.5,0.0434782608695652,11.5,0.522727272727273
"2620",0.903225806451613,0.307851635882377,0.823529411764706,0.888888888888889,0.777777777777778,0.954545454545455,0.222222222222222,0.0454545454545454,17.1111111111111,0.232804232804233
"2621",0.935483870967742,0.238666338483019,0.857142857142857,0.986666666666667,1,0.92,0,0.08,12.5,0
"2622",0.870967741935484,0.336929397734072,0.8,0.973684210526316,0.666666666666667,1,0.333333333333333,0,Inf,0.333333333333333
"2623",0.870967741935484,0.347232599834747,0.8,0.901515151515151,0.888888888888889,0.863636363636364,0.111111111111111,0.136363636363636,6.51851851851852,0.128654970760234
"2624",0.870967741935484,0.280291462499049,0.75,0.919642857142857,0.857142857142857,0.875,0.142857142857143,0.125,6.85714285714286,0.163265306122449
"2625",0.806451612903226,0.336097948076358,0.625,0.883928571428571,0.714285714285714,0.833333333333333,0.285714285714286,0.166666666666667,4.28571428571429,0.342857142857143
"2626",0.870967741935484,0.318159752853812,0.777777777777778,0.944444444444444,0.777777777777778,0.909090909090909,0.222222222222222,0.0909090909090909,8.55555555555555,0.244444444444444
"2627",0.741935483870968,0.365337679883942,0.555555555555556,0.826086956521739,0.625,0.782608695652174,0.375,0.217391304347826,2.875,0.479166666666667
"2628",0.806451612903226,0.382321251767097,0.571428571428571,0.880952380952381,0.571428571428571,0.875,0.428571428571429,0.125,4.57142857142857,0.489795918367347
"2629",0.870967741935484,0.325014892879387,0.8,0.956521739130435,1,0.826086956521739,0,0.173913043478261,5.75,0
"2630",0.741935483870968,0.398313024817599,0.555555555555556,0.883928571428571,0.714285714285714,0.75,0.285714285714286,0.25,2.85714285714286,0.380952380952381
"2631",0.741935483870968,0.43892004966782,0.6,0.833333333333333,0.5,0.894736842105263,0.5,0.105263157894737,4.75,0.558823529411765
"2632",0.870967741935484,0.259150733393989,0.8,0.978260869565217,1,0.826086956521739,0,0.173913043478261,5.75,0
"2633",0.806451612903226,0.40160239982433,0.5,0.785326086956522,0.375,0.956521739130435,0.625,0.0434782608695652,8.62500000000001,0.653409090909091
"2634",0.741935483870968,0.378750002693399,0.6,0.855978260869565,0.75,0.739130434782609,0.25,0.260869565217391,2.875,0.338235294117647
"2635",0.774193548387097,0.355244552310872,0.666666666666667,0.883838383838384,0.777777777777778,0.772727272727273,0.222222222222222,0.227272727272727,3.42222222222222,0.287581699346405
"2636",0.838709677419355,0.358127414259307,0.736842105263158,0.835858585858586,0.777777777777778,0.863636363636364,0.222222222222222,0.136363636363636,5.7037037037037,0.257309941520468
"2637",0.709677419354839,0.446510418191366,0.526315789473684,0.713636363636364,0.454545454545455,0.85,0.545454545454545,0.15,3.03030303030303,0.641711229946524
"2638",0.838709677419355,0.310950111087671,0.666666666666667,0.892857142857143,0.714285714285714,0.875,0.285714285714286,0.125,5.71428571428571,0.326530612244898
"2639",0.774193548387097,0.302812487644849,0.588235294117647,0.933333333333333,0.833333333333333,0.76,0.166666666666667,0.24,3.47222222222222,0.219298245614035
"2640",0.709677419354839,0.45374118370618,0.526315789473684,0.796195652173913,0.625,0.739130434782609,0.375,0.260869565217391,2.39583333333333,0.507352941176471
"2641",0.838709677419355,0.344908712544246,0.782608695652174,0.904545454545455,0.818181818181818,0.85,0.181818181818182,0.15,5.45454545454545,0.213903743315508
"2642",0.903225806451613,0.261920432482226,0.727272727272727,0.938461538461538,0.8,0.923076923076923,0.2,0.0769230769230769,10.4,0.216666666666667
"2643",0.741935483870968,0.471613392195717,0.636363636363636,0.783613445378151,0.5,0.941176470588235,0.5,0.0588235294117647,8.5,0.53125
"2644",0.741935483870968,0.464884249144346,0.666666666666667,0.86875,0.533333333333333,0.9375,0.466666666666667,0.0625,8.53333333333333,0.497777777777778
"2645",0.774193548387097,0.436083594893215,0.588235294117647,0.777173913043478,0.625,0.826086956521739,0.375,0.173913043478261,3.59375,0.453947368421053
"2646",0.741935483870968,0.474937240954941,0.6,0.840336134453782,0.428571428571429,1,0.571428571428571,0,Inf,0.571428571428571
"2647",0.903225806451613,0.296616296256834,0.88,0.960526315789474,0.916666666666667,0.894736842105263,0.0833333333333334,0.105263157894737,8.70833333333333,0.0931372549019608
"2648",0.870967741935484,0.329449001558932,0.857142857142857,0.907563025210084,0.857142857142857,0.882352941176471,0.142857142857143,0.117647058823529,7.28571428571428,0.161904761904762
"2649",0.67741935483871,0.449438246276748,0.375,0.78030303030303,0.333333333333333,0.818181818181818,0.666666666666667,0.181818181818182,1.83333333333333,0.814814814814815
"2650",0.870967741935484,0.328276943537422,0.75,0.914141414141414,0.666666666666667,0.954545454545455,0.333333333333333,0.0454545454545454,14.6666666666667,0.349206349206349
"2651",0.870967741935484,0.342838889037111,0.833333333333333,0.927272727272727,0.909090909090909,0.85,0.0909090909090909,0.15,6.06060606060606,0.106951871657754
"2652",0.741935483870968,0.385955412862624,0.666666666666667,0.825,0.727272727272727,0.75,0.272727272727273,0.25,2.90909090909091,0.363636363636364
"2653",0.709677419354839,0.467131190776824,0.307692307692308,0.75,0.222222222222222,0.909090909090909,0.777777777777778,0.0909090909090909,2.44444444444444,0.855555555555556
"2654",0.870967741935484,0.335550204468504,0.777777777777778,0.923913043478261,0.875,0.869565217391304,0.125,0.130434782608696,6.70833333333333,0.14375
"2655",0.741935483870968,0.447994249438227,0.6,0.933760683760684,0.461538461538462,0.944444444444444,0.538461538461538,0.0555555555555556,8.3076923076923,0.570135746606335
"2656",0.709677419354839,0.428871474305512,0.571428571428571,0.852380952380952,0.6,0.761904761904762,0.4,0.238095238095238,2.52,0.525
"2657",0.838709677419355,0.289956541741469,0.705882352941177,0.869565217391304,0.75,0.869565217391304,0.25,0.130434782608696,5.75,0.2875
"2658",0.774193548387097,0.374185738612773,0.695652173913043,0.831818181818182,0.727272727272727,0.8,0.272727272727273,0.2,3.63636363636364,0.340909090909091
"2659",0.774193548387097,0.370835843439843,0.588235294117647,0.790760869565217,0.625,0.826086956521739,0.375,0.173913043478261,3.59375,0.453947368421053
"2660",0.709677419354839,0.39440626568464,0.608695652173913,0.828282828282828,0.777777777777778,0.681818181818182,0.222222222222222,0.318181818181818,2.44444444444444,0.325925925925926
"2661",0.870967741935484,0.339993095656308,0.75,0.875,0.857142857142857,0.875,0.142857142857143,0.125,6.85714285714286,0.163265306122449
"2662",0.774193548387097,0.38853026281432,0.72,0.885964912280702,0.75,0.789473684210526,0.25,0.210526315789474,3.5625,0.316666666666667
"2663",0.806451612903226,0.380904232464236,0.727272727272727,0.845454545454545,0.727272727272727,0.85,0.272727272727273,0.15,4.84848484848485,0.320855614973262
"2664",0.838709677419355,0.380177202823978,0.666666666666667,0.864285714285714,0.5,1,0.5,0,Inf,0.5
"2665",0.774193548387097,0.393879660149705,0.666666666666667,0.834090909090909,0.636363636363636,0.85,0.363636363636364,0.15,4.24242424242424,0.427807486631016
"2666",0.903225806451613,0.323346050783658,0.823529411764706,0.962121212121212,0.777777777777778,0.954545454545455,0.222222222222222,0.0454545454545454,17.1111111111111,0.232804232804233
"2667",0.774193548387097,0.446407187286807,0.631578947368421,0.836363636363636,0.545454545454545,0.9,0.454545454545455,0.1,5.45454545454546,0.505050505050505
"2668",0.774193548387097,0.389470525103424,0.666666666666667,0.901315789473684,0.583333333333333,0.894736842105263,0.416666666666667,0.105263157894737,5.54166666666667,0.465686274509804
"2669",0.806451612903226,0.378687165317871,0.75,0.890350877192982,0.75,0.842105263157895,0.25,0.157894736842105,4.75,0.296875
"2670",0.903225806451613,0.312799696876503,0.823529411764706,0.951086956521739,0.875,0.91304347826087,0.125,0.0869565217391305,10.0625,0.136904761904762
"2671",0.838709677419355,0.318997616715529,0.666666666666667,0.96969696969697,0.555555555555556,0.954545454545455,0.444444444444444,0.0454545454545454,12.2222222222222,0.465608465608466
"2672",0.870967741935484,0.335079569379315,0.777777777777778,0.957142857142857,0.7,0.952380952380952,0.3,0.0476190476190477,14.7,0.315
"2673",0.935483870967742,0.260872095721361,0.888888888888889,0.983695652173913,1,0.91304347826087,0,0.0869565217391305,11.5,0
"2674",0.838709677419355,0.357251192199219,0.666666666666667,0.797619047619048,0.714285714285714,0.875,0.285714285714286,0.125,5.71428571428571,0.326530612244898
"2675",0.806451612903226,0.344631064909203,0.7,0.904040404040404,0.777777777777778,0.818181818181818,0.222222222222222,0.181818181818182,4.27777777777778,0.271604938271605
"2676",0.774193548387097,0.408612767114058,0.695652173913043,0.842857142857143,0.8,0.761904761904762,0.2,0.238095238095238,3.36,0.2625
"2677",0.774193548387097,0.438570245711804,0.588235294117647,0.829545454545455,0.454545454545455,0.95,0.545454545454545,0.05,9.09090909090908,0.574162679425837
"2678",0.774193548387097,0.404715545646572,0.631578947368421,0.831818181818182,0.545454545454545,0.9,0.454545454545455,0.1,5.45454545454546,0.505050505050505
"2679",0.870967741935484,0.313065541985869,0.75,0.944444444444444,0.666666666666667,0.954545454545455,0.333333333333333,0.0454545454545454,14.6666666666667,0.349206349206349
"2680",0.67741935483871,0.422727575841672,0.444444444444444,0.762626262626263,0.444444444444444,0.772727272727273,0.555555555555556,0.227272727272727,1.95555555555556,0.718954248366013
"2681",0.806451612903226,0.335459166212548,0.666666666666667,0.873737373737374,0.666666666666667,0.863636363636364,0.333333333333333,0.136363636363636,4.88888888888889,0.385964912280702
"2682",0.774193548387097,0.399400536679659,0.461538461538462,0.858695652173913,0.375,0.91304347826087,0.625,0.0869565217391305,4.3125,0.68452380952381
"2683",0.709677419354839,0.446699025980584,0.526315789473684,0.833333333333333,0.5,0.80952380952381,0.5,0.19047619047619,2.625,0.617647058823529
"2684",0.806451612903226,0.321180598272484,0.571428571428571,0.880952380952381,0.571428571428571,0.875,0.428571428571429,0.125,4.57142857142857,0.489795918367347
"2685",0.741935483870968,0.413428780345952,0.636363636363636,0.825757575757576,0.777777777777778,0.727272727272727,0.222222222222222,0.272727272727273,2.85185185185185,0.305555555555556
"2686",0.709677419354839,0.440983061096164,0.526315789473684,0.871794871794872,0.384615384615385,0.944444444444444,0.615384615384615,0.0555555555555556,6.92307692307692,0.65158371040724
"2687",0.774193548387097,0.357946608521759,0.631578947368421,0.877717391304348,0.75,0.782608695652174,0.25,0.217391304347826,3.45,0.319444444444444
"2688",0.774193548387097,0.361227221408149,0.631578947368421,0.895238095238095,0.6,0.857142857142857,0.4,0.142857142857143,4.2,0.466666666666667
"2689",0.838709677419355,0.319679969521446,0.666666666666667,0.904761904761905,0.714285714285714,0.875,0.285714285714286,0.125,5.71428571428571,0.326530612244898
"2690",0.838709677419355,0.373238424151294,0.8,0.933760683760684,0.769230769230769,0.888888888888889,0.230769230769231,0.111111111111111,6.92307692307692,0.259615384615385
"2691",0.838709677419355,0.355353998504192,0.615384615384615,0.869047619047619,0.571428571428571,0.916666666666667,0.428571428571429,0.0833333333333334,6.85714285714285,0.467532467532468
"2692",0.774193548387097,0.385318080520817,0.533333333333333,0.866666666666667,0.666666666666667,0.8,0.333333333333333,0.2,3.33333333333333,0.416666666666667
"2693",0.741935483870968,0.368238878416042,0.636363636363636,0.854545454545454,0.636363636363636,0.8,0.363636363636364,0.2,3.18181818181818,0.454545454545455
"2694",0.774193548387097,0.346724732782679,0.695652173913043,0.871428571428571,0.8,0.761904761904762,0.2,0.238095238095238,3.36,0.2625
"2695",0.774193548387097,0.397678525974027,0.533333333333333,0.87,0.666666666666667,0.8,0.333333333333333,0.2,3.33333333333333,0.416666666666667
"2696",0.774193548387097,0.354626740117658,0.631578947368421,0.890476190476191,0.6,0.857142857142857,0.4,0.142857142857143,4.2,0.466666666666667
"2697",0.67741935483871,0.418570397598465,0.545454545454545,0.857456140350877,0.5,0.789473684210526,0.5,0.210526315789474,2.375,0.633333333333333
"2698",0.903225806451613,0.266175105747651,0.8,0.94047619047619,0.857142857142857,0.916666666666667,0.142857142857143,0.0833333333333334,10.2857142857143,0.155844155844156
"2699",0.806451612903226,0.337576549876267,0.5,0.8,0.6,0.846153846153846,0.4,0.153846153846154,3.9,0.472727272727273
"2700",0.806451612903226,0.335063696118519,0.666666666666667,0.838383838383838,0.666666666666667,0.863636363636364,0.333333333333333,0.136363636363636,4.88888888888889,0.385964912280702
"2701",0.741935483870968,0.396447908408154,0.428571428571429,0.820652173913043,0.375,0.869565217391304,0.625,0.130434782608696,2.875,0.71875
"2702",0.838709677419355,0.331050869595882,0.761904761904762,0.921428571428571,0.8,0.857142857142857,0.2,0.142857142857143,5.6,0.233333333333333
"2703",0.903225806451613,0.339968481594801,0.823529411764706,0.924242424242424,0.777777777777778,0.954545454545455,0.222222222222222,0.0454545454545454,17.1111111111111,0.232804232804233
"2704",0.870967741935484,0.330611427427307,0.75,0.854166666666667,0.857142857142857,0.875,0.142857142857143,0.125,6.85714285714286,0.163265306122449
"2705",0.774193548387097,0.359097992669948,0.631578947368421,0.866666666666667,0.6,0.857142857142857,0.4,0.142857142857143,4.2,0.466666666666667
"2706",0.709677419354839,0.450718402666345,0.571428571428571,0.774122807017544,0.5,0.842105263157895,0.5,0.157894736842105,3.16666666666667,0.59375
"2707",0.903225806451613,0.312227126839144,0.823529411764706,0.919191919191919,0.777777777777778,0.954545454545455,0.222222222222222,0.0454545454545454,17.1111111111111,0.232804232804233
"2708",0.774193548387097,0.375285629336451,0.588235294117647,0.869047619047619,0.714285714285714,0.791666666666667,0.285714285714286,0.208333333333333,3.42857142857143,0.360902255639098
"2709",0.838709677419355,0.340523721865404,0.736842105263158,0.909090909090909,0.777777777777778,0.863636363636364,0.222222222222222,0.136363636363636,5.7037037037037,0.257309941520468
"2710",0.774193548387097,0.421964998518297,0.588235294117647,0.831140350877193,0.416666666666667,1,0.583333333333333,0,Inf,0.583333333333333
"2711",0.838709677419355,0.333913917633796,0.666666666666667,0.883152173913043,0.625,0.91304347826087,0.375,0.0869565217391305,7.1875,0.410714285714286
"2712",0.838709677419355,0.341741863177368,0.705882352941177,0.907142857142857,0.6,0.952380952380952,0.4,0.0476190476190477,12.6,0.42
"2713",0.774193548387097,0.417040083614797,0.631578947368421,0.838383838383838,0.666666666666667,0.818181818181818,0.333333333333333,0.181818181818182,3.66666666666667,0.407407407407407
"2714",0.806451612903226,0.406445295181761,0.7,0.845454545454545,0.636363636363636,0.9,0.363636363636364,0.1,6.36363636363637,0.404040404040404
"2715",0.774193548387097,0.395904801661839,0.588235294117647,0.876190476190476,0.5,0.904761904761905,0.5,0.0952380952380952,5.25,0.552631578947368
"2716",0.838709677419355,0.321508681278192,0.666666666666667,0.894021739130435,0.625,0.91304347826087,0.375,0.0869565217391305,7.1875,0.410714285714286
"2717",0.774193548387097,0.393072407479078,0.533333333333333,0.884615384615385,0.8,0.769230769230769,0.2,0.230769230769231,3.46666666666667,0.26
"2718",0.709677419354839,0.420087506074941,0.4,0.722826086956522,0.375,0.826086956521739,0.625,0.173913043478261,2.15625,0.756578947368421
"2719",0.870967741935484,0.34993932019488,0.714285714285714,0.892857142857143,0.714285714285714,0.916666666666667,0.285714285714286,0.0833333333333334,8.57142857142857,0.311688311688312
"2720",0.774193548387097,0.355552683431355,0.72,0.903508771929825,0.75,0.789473684210526,0.25,0.210526315789474,3.5625,0.316666666666667
"2721",0.774193548387097,0.387802395791224,0.588235294117647,0.797979797979798,0.555555555555556,0.863636363636364,0.444444444444444,0.136363636363636,4.07407407407407,0.514619883040936
"2722",0.870967741935484,0.299157801693973,0.714285714285714,0.896739130434783,0.625,0.956521739130435,0.375,0.0434782608695652,14.375,0.392045454545455
"2723",0.67741935483871,0.455197634021605,0.375,0.738095238095238,0.428571428571429,0.75,0.571428571428571,0.25,1.71428571428571,0.761904761904762
"2724",0.838709677419355,0.348557366972252,0.666666666666667,0.888888888888889,0.555555555555556,0.954545454545455,0.444444444444444,0.0454545454545454,12.2222222222222,0.465608465608466
"2725",0.806451612903226,0.345365313557784,0.769230769230769,0.885964912280702,0.833333333333333,0.789473684210526,0.166666666666667,0.210526315789474,3.95833333333333,0.211111111111111
"2726",0.838709677419355,0.344645610563378,0.615384615384615,0.823369565217391,0.5,0.956521739130435,0.5,0.0434782608695652,11.5,0.522727272727273
"2727",0.741935483870968,0.410974769987539,0.555555555555556,0.765151515151515,0.555555555555556,0.818181818181818,0.444444444444444,0.181818181818182,3.05555555555556,0.54320987654321
"2728",0.806451612903226,0.350645015682978,0.666666666666667,0.898809523809524,0.857142857142857,0.791666666666667,0.142857142857143,0.208333333333333,4.11428571428571,0.180451127819549
"2729",0.806451612903226,0.353245787764624,0.727272727272727,0.861363636363636,0.727272727272727,0.85,0.272727272727273,0.15,4.84848484848485,0.320855614973262
"2730",0.774193548387097,0.360087275622204,0.588235294117647,0.880952380952381,0.714285714285714,0.791666666666667,0.285714285714286,0.208333333333333,3.42857142857143,0.360902255639098
"2731",0.870967741935484,0.251924340910253,0.714285714285714,0.873333333333333,0.833333333333333,0.88,0.166666666666667,0.12,6.94444444444444,0.189393939393939
"2732",0.903225806451613,0.316732516980495,0.857142857142857,0.938095238095238,0.9,0.904761904761905,0.1,0.0952380952380952,9.45,0.110526315789474
"2733",0.838709677419355,0.31791113460989,0.615384615384615,0.884615384615385,0.8,0.846153846153846,0.2,0.153846153846154,5.2,0.236363636363636
"2734",0.870967741935484,0.342951797601587,0.8,0.923809523809524,0.8,0.904761904761905,0.2,0.0952380952380952,8.4,0.221052631578947
"2735",0.741935483870968,0.400154704238305,0.428571428571429,0.8125,0.375,0.869565217391304,0.625,0.130434782608696,2.875,0.71875
"2736",0.806451612903226,0.433305397865486,0.666666666666667,0.742424242424242,0.666666666666667,0.863636363636364,0.333333333333333,0.136363636363636,4.88888888888889,0.385964912280702
"2737",0.774193548387097,0.413347109160833,0.666666666666667,0.85952380952381,0.7,0.80952380952381,0.3,0.19047619047619,3.675,0.370588235294118
"2738",0.870967741935484,0.385589732435398,0.818181818181818,0.938034188034188,0.692307692307692,1,0.307692307692308,0,Inf,0.307692307692308
"2739",0.806451612903226,0.411911035144073,0.5,0.828282828282828,0.333333333333333,1,0.666666666666667,0,Inf,0.666666666666667
"2740",0.67741935483871,0.463918741502323,0.444444444444444,0.820454545454545,0.363636363636364,0.85,0.636363636363636,0.15,2.42424242424242,0.748663101604278
"2741",0.774193548387097,0.389995967046479,0.631578947368421,0.857142857142857,0.6,0.857142857142857,0.4,0.142857142857143,4.2,0.466666666666667
"2742",0.709677419354839,0.440509495089865,0.181818181818182,0.716666666666667,0.166666666666667,0.84,0.833333333333333,0.16,1.04166666666667,0.992063492063492
"2743",0.870967741935484,0.31223208365815,0.8,0.904040404040404,0.888888888888889,0.863636363636364,0.111111111111111,0.136363636363636,6.51851851851852,0.128654970760234
"2744",0.645161290322581,0.436551243061847,0.592592592592593,0.811965811965812,0.615384615384615,0.666666666666667,0.384615384615385,0.333333333333333,1.84615384615385,0.576923076923077
"2745",0.838709677419355,0.330160611334698,0.666666666666667,0.92,0.833333333333333,0.84,0.166666666666667,0.16,5.20833333333333,0.198412698412698
"2746",0.806451612903226,0.343092310492056,0.625,0.875,0.625,0.869565217391304,0.375,0.130434782608696,4.79166666666667,0.43125
"2747",0.709677419354839,0.450332798947537,0.571428571428571,0.803418803418803,0.461538461538462,0.888888888888889,0.538461538461538,0.111111111111111,4.15384615384615,0.605769230769231
"2748",0.741935483870968,0.475746472000724,0.5,0.758928571428571,0.571428571428571,0.791666666666667,0.428571428571429,0.208333333333333,2.74285714285714,0.541353383458647
"2749",0.741935483870968,0.467479355098814,0.5,0.776190476190476,0.4,0.904761904761905,0.6,0.0952380952380952,4.2,0.663157894736842
"2750",0.612903225806452,0.511021730701605,0.571428571428571,0.73109243697479,0.571428571428571,0.647058823529412,0.428571428571429,0.352941176470588,1.61904761904762,0.662337662337662
"2751",0.806451612903226,0.337388590665436,0.571428571428571,0.84,0.666666666666667,0.84,0.333333333333333,0.16,4.16666666666667,0.396825396825397
"2752",0.806451612903226,0.397297340669944,0.75,0.864035087719298,0.75,0.842105263157895,0.25,0.157894736842105,4.75,0.296875
"2753",0.806451612903226,0.367331577579401,0.727272727272727,0.9,0.8,0.80952380952381,0.2,0.19047619047619,4.2,0.247058823529412
"2754",0.870967741935484,0.321141751011524,0.75,0.896739130434783,0.75,0.91304347826087,0.25,0.0869565217391305,8.62499999999999,0.273809523809524
"2755",0.741935483870968,0.396879409590106,0.6,0.793478260869565,0.75,0.739130434782609,0.25,0.260869565217391,2.875,0.338235294117647
"2756",0.870967741935484,0.318344796628259,0.714285714285714,0.854166666666667,0.714285714285714,0.916666666666667,0.285714285714286,0.0833333333333334,8.57142857142857,0.311688311688312
"2757",0.870967741935484,0.315154906011854,0.777777777777778,0.934343434343434,0.777777777777778,0.909090909090909,0.222222222222222,0.0909090909090909,8.55555555555555,0.244444444444444
"2758",0.774193548387097,0.406952957069464,0.695652173913043,0.818181818181818,0.727272727272727,0.8,0.272727272727273,0.2,3.63636363636364,0.340909090909091
"2759",0.903225806451613,0.312244461828038,0.823529411764706,0.918478260869565,0.875,0.91304347826087,0.125,0.0869565217391305,10.0625,0.136904761904762
"2760",0.806451612903226,0.390291554477222,0.7,0.893181818181818,0.636363636363636,0.9,0.363636363636364,0.1,6.36363636363637,0.404040404040404
"2761",0.806451612903226,0.367211727404059,0.571428571428571,0.783333333333333,0.666666666666667,0.84,0.333333333333333,0.16,4.16666666666667,0.396825396825397
"2762",0.774193548387097,0.443114055730451,0.588235294117647,0.802380952380952,0.5,0.904761904761905,0.5,0.0952380952380952,5.25,0.552631578947368
"2763",0.903225806451613,0.270968487894808,0.8,0.880434782608696,0.75,0.956521739130435,0.25,0.0434782608695652,17.25,0.261363636363636
"2764",0.709677419354839,0.493118600575566,0.526315789473684,0.833333333333333,0.384615384615385,0.944444444444444,0.615384615384615,0.0555555555555556,6.92307692307692,0.65158371040724
"2765",0.806451612903226,0.367291892249241,0.75,0.840909090909091,0.818181818181818,0.8,0.181818181818182,0.2,4.09090909090909,0.227272727272727
"2766",0.741935483870968,0.412560872099009,0.555555555555556,0.869047619047619,0.5,0.857142857142857,0.5,0.142857142857143,3.5,0.583333333333333
"2767",0.806451612903226,0.318001277714671,0.625,0.855978260869565,0.625,0.869565217391304,0.375,0.130434782608696,4.79166666666667,0.43125
"2768",0.806451612903226,0.379354376721107,0.7,0.866161616161616,0.777777777777778,0.818181818181818,0.222222222222222,0.181818181818182,4.27777777777778,0.271604938271605
"2769",0.903225806451613,0.281134684662504,0.8,0.946428571428571,0.857142857142857,0.916666666666667,0.142857142857143,0.0833333333333334,10.2857142857143,0.155844155844156
"2770",0.741935483870968,0.423441754090588,0.555555555555556,0.866228070175439,0.416666666666667,0.947368421052632,0.583333333333333,0.0526315789473685,7.91666666666666,0.615740740740741
"2771",0.774193548387097,0.380755389777792,0.666666666666667,0.905701754385965,0.583333333333333,0.894736842105263,0.416666666666667,0.105263157894737,5.54166666666667,0.465686274509804
"2772",0.67741935483871,0.453821660272232,0.545454545454545,0.791666666666667,0.5,0.789473684210526,0.5,0.210526315789474,2.375,0.633333333333333
"2773",0.774193548387097,0.367853370024707,0.588235294117647,0.839673913043478,0.625,0.826086956521739,0.375,0.173913043478261,3.59375,0.453947368421053
"2774",0.774193548387097,0.323059777767324,0.461538461538462,0.826923076923077,0.6,0.807692307692308,0.4,0.192307692307692,3.12,0.495238095238095
"2775",0.774193548387097,0.32445081384001,0.588235294117647,0.873333333333333,0.833333333333333,0.76,0.166666666666667,0.24,3.47222222222222,0.219298245614035
"2776",0.709677419354839,0.398256318630529,0.666666666666667,0.84047619047619,0.9,0.619047619047619,0.1,0.380952380952381,2.3625,0.161538461538461
"2777",0.870967741935484,0.340478119679131,0.75,0.901515151515151,0.666666666666667,0.954545454545455,0.333333333333333,0.0454545454545454,14.6666666666667,0.349206349206349
"2778",0.903225806451613,0.290618253718395,0.769230769230769,0.931547619047619,0.714285714285714,0.958333333333333,0.285714285714286,0.0416666666666666,17.1428571428572,0.298136645962733
"2779",0.903225806451613,0.319530767916973,0.869565217391304,0.945454545454545,0.909090909090909,0.9,0.0909090909090909,0.1,9.09090909090909,0.101010101010101
"2780",0.806451612903226,0.338492233301053,0.571428571428571,0.863095238095238,0.571428571428571,0.875,0.428571428571429,0.125,4.57142857142857,0.489795918367347
"2781",0.741935483870968,0.388260845405097,0.555555555555556,0.833333333333333,0.555555555555556,0.818181818181818,0.444444444444444,0.181818181818182,3.05555555555556,0.54320987654321
"2782",0.806451612903226,0.396329992182654,0.571428571428571,0.815217391304348,0.5,0.91304347826087,0.5,0.0869565217391305,5.75,0.547619047619048
"2783",0.67741935483871,0.4574090270439,0.285714285714286,0.711309523809524,0.285714285714286,0.791666666666667,0.714285714285714,0.208333333333333,1.37142857142857,0.902255639097744
"2784",0.838709677419355,0.345740741126156,0.615384615384615,0.864130434782609,0.5,0.956521739130435,0.5,0.0434782608695652,11.5,0.522727272727273
"2785",0.838709677419355,0.315942763021369,0.705882352941177,0.902173913043478,0.75,0.869565217391304,0.25,0.130434782608696,5.75,0.2875
"2786",0.806451612903226,0.315024417663479,0.571428571428571,0.836666666666667,0.666666666666667,0.84,0.333333333333333,0.16,4.16666666666667,0.396825396825397
"2787",0.838709677419355,0.327440978177475,0.705882352941177,0.947619047619048,0.6,0.952380952380952,0.4,0.0476190476190477,12.6,0.42
"2788",0.774193548387097,0.402188308997628,0.631578947368421,0.925438596491228,0.5,0.947368421052632,0.5,0.0526315789473685,9.49999999999999,0.527777777777778
"2789",0.774193548387097,0.416742891127469,0.588235294117647,0.792929292929293,0.555555555555556,0.863636363636364,0.444444444444444,0.136363636363636,4.07407407407407,0.514619883040936
"2790",0.774193548387097,0.403715120015767,0.588235294117647,0.85,0.5,0.904761904761905,0.5,0.0952380952380952,5.25,0.552631578947368
"2791",0.774193548387097,0.387683285104521,0.461538461538462,0.815217391304348,0.375,0.91304347826087,0.625,0.0869565217391305,4.3125,0.68452380952381
"2792",0.774193548387097,0.390403279658248,0.588235294117647,0.823369565217391,0.625,0.826086956521739,0.375,0.173913043478261,3.59375,0.453947368421053
"2793",0.774193548387097,0.444187062032339,0.72,0.885416666666667,0.6,0.9375,0.4,0.0625,9.6,0.426666666666667
"2794",0.838709677419355,0.285560046572489,0.736842105263158,0.967391304347826,0.875,0.826086956521739,0.125,0.173913043478261,5.03125,0.151315789473684
"2795",0.774193548387097,0.403558936536325,0.588235294117647,0.828804347826087,0.625,0.826086956521739,0.375,0.173913043478261,3.59375,0.453947368421053
"2796",0.870967741935484,0.329266391698395,0.714285714285714,0.842261904761905,0.714285714285714,0.916666666666667,0.285714285714286,0.0833333333333334,8.57142857142857,0.311688311688312
"2797",0.870967741935484,0.297755941673722,0.8,0.964646464646465,0.888888888888889,0.863636363636364,0.111111111111111,0.136363636363636,6.51851851851852,0.128654970760234
"2798",0.774193548387097,0.390780895346162,0.666666666666667,0.804761904761905,0.7,0.80952380952381,0.3,0.19047619047619,3.675,0.370588235294118
"2799",0.903225806451613,0.325897131352018,0.823529411764706,0.886363636363636,0.777777777777778,0.954545454545455,0.222222222222222,0.0454545454545454,17.1111111111111,0.232804232804233
"2800",0.774193548387097,0.395332211450295,0.533333333333333,0.785714285714286,0.571428571428571,0.833333333333333,0.428571428571429,0.166666666666667,3.42857142857143,0.514285714285714
"2801",0.806451612903226,0.275461539983742,0.625,0.94,0.833333333333333,0.8,0.166666666666667,0.2,4.16666666666667,0.208333333333333
"2802",0.774193548387097,0.37526264329848,0.461538461538462,0.853333333333333,0.5,0.84,0.5,0.16,3.125,0.595238095238095
"2803",0.741935483870968,0.423488284145906,0.428571428571429,0.747474747474748,0.333333333333333,0.909090909090909,0.666666666666667,0.0909090909090909,3.66666666666667,0.733333333333333
"2804",0.870967741935484,0.339340007752724,0.75,0.929292929292929,0.666666666666667,0.954545454545455,0.333333333333333,0.0454545454545454,14.6666666666667,0.349206349206349
"2805",0.903225806451613,0.299524925145084,0.8,0.952380952380952,0.857142857142857,0.916666666666667,0.142857142857143,0.0833333333333334,10.2857142857143,0.155844155844156
"2806",0.806451612903226,0.300923751194826,0.666666666666667,0.910714285714286,0.857142857142857,0.791666666666667,0.142857142857143,0.208333333333333,4.11428571428571,0.180451127819549
"2807",0.870967741935484,0.328459643644295,0.818181818181818,0.897727272727273,0.818181818181818,0.9,0.181818181818182,0.1,8.18181818181818,0.202020202020202
"2808",0.709677419354839,0.466961711756898,0.526315789473684,0.759523809523809,0.5,0.80952380952381,0.5,0.19047619047619,2.625,0.617647058823529
"2809",0.709677419354839,0.473760999691174,0.608695652173913,0.77020202020202,0.777777777777778,0.681818181818182,0.222222222222222,0.318181818181818,2.44444444444444,0.325925925925926
"2810",0.870967741935484,0.308140034937422,0.777777777777778,0.944444444444444,0.777777777777778,0.909090909090909,0.222222222222222,0.0909090909090909,8.55555555555555,0.244444444444444
"2811",0.741935483870968,0.403182334482526,0.6,0.820454545454545,0.545454545454545,0.85,0.454545454545455,0.15,3.63636363636364,0.53475935828877
"2812",0.645161290322581,0.497211660673691,0.421052631578947,0.759090909090909,0.363636363636364,0.8,0.636363636363636,0.2,1.81818181818182,0.795454545454545
"2813",0.806451612903226,0.391446186818125,0.625,0.808080808080808,0.555555555555556,0.909090909090909,0.444444444444444,0.0909090909090909,6.11111111111111,0.488888888888889
"2814",0.774193548387097,0.38463606186674,0.72,0.918803418803419,0.692307692307692,0.833333333333333,0.307692307692308,0.166666666666667,4.15384615384616,0.369230769230769
"2815",0.967741935483871,0.268338338722207,0.933333333333333,0.988095238095238,1,0.958333333333333,0,0.0416666666666666,24,0
"2816",0.806451612903226,0.393924194127782,0.727272727272727,0.916666666666667,0.615384615384615,0.944444444444444,0.384615384615385,0.0555555555555556,11.0769230769231,0.407239819004525
"2817",0.870967741935484,0.359941672152473,0.777777777777778,0.938095238095238,0.7,0.952380952380952,0.3,0.0476190476190477,14.7,0.315
"2818",0.806451612903226,0.409669320677318,0.571428571428571,0.80952380952381,0.4,1,0.6,0,Inf,0.6
"2819",0.741935483870968,0.444566789492698,0.6,0.824786324786325,0.461538461538462,0.944444444444444,0.538461538461538,0.0555555555555556,8.3076923076923,0.570135746606335
"2820",0.645161290322581,0.441171053142706,0.476190476190476,0.755050505050505,0.555555555555556,0.681818181818182,0.444444444444444,0.318181818181818,1.74603174603175,0.651851851851852
"2821",0.774193548387097,0.396513308896089,0.588235294117647,0.765151515151515,0.555555555555556,0.863636363636364,0.444444444444444,0.136363636363636,4.07407407407407,0.514619883040936
"2822",0.870967741935484,0.290746155324325,0.714285714285714,0.964285714285714,0.714285714285714,0.916666666666667,0.285714285714286,0.0833333333333334,8.57142857142857,0.311688311688312
"2823",0.870967741935484,0.313178585774571,0.8,0.954545454545455,0.888888888888889,0.863636363636364,0.111111111111111,0.136363636363636,6.51851851851852,0.128654970760234
"2824",0.806451612903226,0.385790814424091,0.75,0.901709401709402,0.692307692307692,0.888888888888889,0.307692307692308,0.111111111111111,6.23076923076923,0.346153846153846
"2825",0.838709677419355,0.311381615382393,0.666666666666667,0.915760869565217,0.625,0.91304347826087,0.375,0.0869565217391305,7.1875,0.410714285714286
"2826",0.838709677419355,0.364639812866284,0.782608695652174,0.94017094017094,0.692307692307692,0.944444444444444,0.307692307692308,0.0555555555555556,12.4615384615385,0.32579185520362
"2827",0.774193548387097,0.41475169503083,0.461538461538462,0.833333333333333,1,0.75,0,0.25,4,0
"2828",0.741935483870968,0.349022911766019,0.6,0.928571428571429,0.857142857142857,0.708333333333333,0.142857142857143,0.291666666666667,2.93877551020408,0.201680672268908
"2829",0.645161290322581,0.419679944534675,0.476190476190476,0.767676767676768,0.555555555555556,0.681818181818182,0.444444444444444,0.318181818181818,1.74603174603175,0.651851851851852
"2830",0.741935483870968,0.362498112317218,0.636363636363636,0.85,0.7,0.761904761904762,0.3,0.238095238095238,2.94,0.39375
"2831",0.870967741935484,0.321926921073711,0.818181818181818,0.945454545454545,0.818181818181818,0.9,0.181818181818182,0.1,8.18181818181818,0.202020202020202
"2832",0.838709677419355,0.348256373310439,0.782608695652174,0.880952380952381,0.9,0.80952380952381,0.1,0.19047619047619,4.725,0.123529411764706
"2833",0.806451612903226,0.397047832965647,0.625,0.861904761904762,0.5,0.952380952380952,0.5,0.0476190476190477,10.5,0.525
"2834",0.806451612903226,0.410152572476583,0.727272727272727,0.81359649122807,0.666666666666667,0.894736842105263,0.333333333333333,0.105263157894737,6.33333333333333,0.372549019607843
"2835",0.774193548387097,0.331440877001383,0.695652173913043,0.923809523809524,0.8,0.761904761904762,0.2,0.238095238095238,3.36,0.2625
"2836",0.709677419354839,0.493438169156273,0.470588235294118,0.671717171717172,0.444444444444444,0.818181818181818,0.555555555555556,0.181818181818182,2.44444444444445,0.679012345679012
"2837",0.741935483870968,0.411830237559473,0.636363636363636,0.853070175438597,0.583333333333333,0.842105263157895,0.416666666666667,0.157894736842105,3.69444444444444,0.494791666666667
"2838",0.838709677419355,0.328654797249513,0.736842105263158,0.924242424242424,0.777777777777778,0.863636363636364,0.222222222222222,0.136363636363636,5.7037037037037,0.257309941520468
"2839",0.774193548387097,0.427898384680766,0.631578947368421,0.815789473684211,0.5,0.947368421052632,0.5,0.0526315789473685,9.49999999999999,0.527777777777778
"2840",0.741935483870968,0.39656452033125,0.636363636363636,0.87280701754386,0.583333333333333,0.842105263157895,0.416666666666667,0.157894736842105,3.69444444444444,0.494791666666667
"2841",0.806451612903226,0.320114131036293,0.625,0.918478260869565,0.625,0.869565217391304,0.375,0.130434782608696,4.79166666666667,0.43125
"2842",0.903225806451613,0.294486858545325,0.823529411764706,0.921717171717172,0.777777777777778,0.954545454545455,0.222222222222222,0.0454545454545454,17.1111111111111,0.232804232804233
"2843",0.806451612903226,0.360465562271823,0.5,0.786666666666667,0.5,0.88,0.5,0.12,4.16666666666667,0.568181818181818
"2844",0.903225806451613,0.310271253801017,0.823529411764706,0.852380952380952,0.7,1,0.3,0,Inf,0.3
"2845",0.838709677419355,0.364233147148794,0.736842105263158,0.904040404040404,0.777777777777778,0.863636363636364,0.222222222222222,0.136363636363636,5.7037037037037,0.257309941520468
"2846",0.709677419354839,0.467061865863046,0.571428571428571,0.792735042735043,0.461538461538462,0.888888888888889,0.538461538461538,0.111111111111111,4.15384615384615,0.605769230769231
"2847",0.709677419354839,0.457565472807058,0.526315789473684,0.840909090909091,0.454545454545455,0.85,0.545454545454545,0.15,3.03030303030303,0.641711229946524
"2848",0.774193548387097,0.414325918548819,0.588235294117647,0.791666666666667,0.714285714285714,0.791666666666667,0.285714285714286,0.208333333333333,3.42857142857143,0.360902255639098
"2849",0.806451612903226,0.33585681765222,0.727272727272727,0.879385964912281,0.666666666666667,0.894736842105263,0.333333333333333,0.105263157894737,6.33333333333333,0.372549019607843
"2850",0.774193548387097,0.414797351141829,0.631578947368421,0.830808080808081,0.666666666666667,0.818181818181818,0.333333333333333,0.181818181818182,3.66666666666667,0.407407407407407
"2851",0.774193548387097,0.391288176199773,0.631578947368421,0.873737373737374,0.666666666666667,0.818181818181818,0.333333333333333,0.181818181818182,3.66666666666667,0.407407407407407
"2852",0.870967741935484,0.329582772914698,0.8,0.928571428571428,0.8,0.904761904761905,0.2,0.0952380952380952,8.4,0.221052631578947
"2853",0.935483870967742,0.276463812976327,0.833333333333333,0.923333333333333,0.833333333333333,0.96,0.166666666666667,0.04,20.8333333333333,0.173611111111111
"2854",0.838709677419355,0.34995755904732,0.705882352941177,0.869565217391304,0.75,0.869565217391304,0.25,0.130434782608696,5.75,0.2875
"2855",0.806451612903226,0.350068224867078,0.7,0.9,0.7,0.857142857142857,0.3,0.142857142857143,4.9,0.35
"2856",0.774193548387097,0.38547765307036,0.740740740740741,0.847727272727273,0.909090909090909,0.7,0.0909090909090909,0.3,3.03030303030303,0.12987012987013
"2857",0.806451612903226,0.335861714088928,0.727272727272727,0.904545454545455,0.727272727272727,0.85,0.272727272727273,0.15,4.84848484848485,0.320855614973262
"2858",0.774193548387097,0.38493398221326,0.631578947368421,0.866666666666667,0.6,0.857142857142857,0.4,0.142857142857143,4.2,0.466666666666667
"2859",0.870967741935484,0.312277441984952,0.6,0.898148148148148,0.75,0.888888888888889,0.25,0.111111111111111,6.75,0.28125
"2860",0.806451612903226,0.394783119231348,0.7,0.843181818181818,0.636363636363636,0.9,0.363636363636364,0.1,6.36363636363637,0.404040404040404
"2861",0.709677419354839,0.376765854479398,0.571428571428571,0.814285714285714,0.6,0.761904761904762,0.4,0.238095238095238,2.52,0.525
"2862",0.774193548387097,0.382508536349807,0.72,0.890756302521008,0.642857142857143,0.882352941176471,0.357142857142857,0.117647058823529,5.46428571428571,0.404761904761905
"2863",0.741935483870968,0.363362761972677,0.6,0.902380952380952,0.6,0.80952380952381,0.4,0.19047619047619,3.15,0.494117647058824
"2864",0.806451612903226,0.352616891489275,0.571428571428571,0.855978260869565,0.5,0.91304347826087,0.5,0.0869565217391305,5.75,0.547619047619048
"2865",0.870967741935484,0.348370382742506,0.777777777777778,0.930952380952381,0.7,0.952380952380952,0.3,0.0476190476190477,14.7,0.315
"2866",0.838709677419355,0.353179860665765,0.736842105263158,0.929824561403509,0.583333333333333,1,0.416666666666667,0,Inf,0.416666666666667
"2867",0.903225806451613,0.292044262821803,0.823529411764706,0.976190476190476,1,0.875,0,0.125,8,0
"2868",0.838709677419355,0.369557493268838,0.705882352941177,0.936363636363636,0.545454545454545,1,0.454545454545455,0,Inf,0.454545454545455
"2869",0.774193548387097,0.351830560271325,0.666666666666667,0.852380952380952,0.7,0.80952380952381,0.3,0.19047619047619,3.675,0.370588235294118
"2870",0.838709677419355,0.349287940901031,0.705882352941177,0.940909090909091,0.545454545454545,1,0.454545454545455,0,Inf,0.454545454545455
"2871",0.935483870967742,0.249745724066737,0.875,0.976190476190476,1,0.916666666666667,0,0.0833333333333334,12,0
"2872",0.806451612903226,0.427379553018286,0.625,0.834090909090909,0.454545454545455,1,0.545454545454545,0,Inf,0.545454545454545
"2873",0.870967741935484,0.378394588832161,0.75,0.876190476190476,0.6,1,0.4,0,Inf,0.4
"2874",0.870967741935484,0.322020488669403,0.714285714285714,0.857142857142857,0.714285714285714,0.916666666666667,0.285714285714286,0.0833333333333334,8.57142857142857,0.311688311688312
"2875",0.806451612903226,0.364344717145074,0.666666666666667,0.826086956521739,0.75,0.826086956521739,0.25,0.173913043478261,4.3125,0.302631578947368
"2876",0.838709677419355,0.345423362616234,0.736842105263158,0.914141414141414,0.777777777777778,0.863636363636364,0.222222222222222,0.136363636363636,5.7037037037037,0.257309941520468
"2877",0.838709677419355,0.326438192736495,0.666666666666667,0.913333333333333,0.833333333333333,0.84,0.166666666666667,0.16,5.20833333333333,0.198412698412698
"2878",0.774193548387097,0.408001482764672,0.666666666666667,0.914529914529915,0.538461538461538,0.944444444444444,0.461538461538462,0.0555555555555556,9.69230769230769,0.48868778280543
"2879",0.774193548387097,0.398381092405378,0.72,0.866228070175439,0.75,0.789473684210526,0.25,0.210526315789474,3.5625,0.316666666666667
"2880",0.774193548387097,0.427058482490119,0.631578947368421,0.89957264957265,0.461538461538462,1,0.538461538461538,0,Inf,0.538461538461538
"2881",0.67741935483871,0.470402078255666,0.444444444444444,0.824561403508772,0.333333333333333,0.894736842105263,0.666666666666667,0.105263157894737,3.16666666666667,0.745098039215686
"2882",0.709677419354839,0.382661166272666,0.608695652173913,0.85,0.636363636363636,0.75,0.363636363636364,0.25,2.54545454545455,0.484848484848485
"2883",0.67741935483871,0.48034462944033,0.375,0.611413043478261,0.375,0.782608695652174,0.625,0.217391304347826,1.725,0.798611111111111
"2884",0.709677419354839,0.462543980148124,0.571428571428571,0.745614035087719,0.5,0.842105263157895,0.5,0.157894736842105,3.16666666666667,0.59375
"2885",0.741935483870968,0.355323118806927,0.5,0.869047619047619,0.571428571428571,0.791666666666667,0.428571428571429,0.208333333333333,2.74285714285714,0.541353383458647
"2886",0.935483870967742,0.273082782035993,0.875,0.948369565217391,0.875,0.956521739130435,0.125,0.0434782608695652,20.125,0.130681818181818
"2887",0.838709677419355,0.316222033181743,0.705882352941177,0.919191919191919,0.666666666666667,0.909090909090909,0.333333333333333,0.0909090909090909,7.33333333333333,0.366666666666667
"2888",0.806451612903226,0.400398144229371,0.666666666666667,0.932017543859649,0.5,1,0.5,0,Inf,0.5
"2889",0.838709677419355,0.31607531274675,0.666666666666667,0.857142857142857,0.714285714285714,0.875,0.285714285714286,0.125,5.71428571428571,0.326530612244898
"2890",0.774193548387097,0.397500014252353,0.666666666666667,0.845238095238095,0.7,0.80952380952381,0.3,0.19047619047619,3.675,0.370588235294118
"2891",0.709677419354839,0.409246071348143,0.571428571428571,0.847826086956522,0.75,0.695652173913043,0.25,0.304347826086957,2.46428571428571,0.359375
"2892",0.935483870967742,0.277418450336642,0.857142857142857,0.955357142857143,0.857142857142857,0.958333333333333,0.142857142857143,0.0416666666666666,20.5714285714286,0.149068322981366
"2893",0.838709677419355,0.330299720291686,0.782608695652174,0.923809523809524,0.9,0.80952380952381,0.1,0.19047619047619,4.725,0.123529411764706
"2894",0.741935483870968,0.405562667755312,0.5,0.788690476190476,0.571428571428571,0.791666666666667,0.428571428571429,0.208333333333333,2.74285714285714,0.541353383458647
"2895",0.838709677419355,0.348718941932522,0.705882352941177,0.907608695652174,0.75,0.869565217391304,0.25,0.130434782608696,5.75,0.2875
"2896",0.709677419354839,0.414889957735041,0.526315789473684,0.783333333333333,0.5,0.80952380952381,0.5,0.19047619047619,2.625,0.617647058823529
"2897",0.838709677419355,0.335487068141905,0.761904761904762,0.920454545454546,0.727272727272727,0.9,0.272727272727273,0.1,7.27272727272727,0.303030303030303
"2898",0.709677419354839,0.462486680130461,0.571428571428571,0.819327731092437,0.428571428571429,0.941176470588235,0.571428571428571,0.0588235294117647,7.28571428571428,0.607142857142857
"2899",0.838709677419355,0.349947180277812,0.705882352941177,0.894021739130435,0.75,0.869565217391304,0.25,0.130434782608696,5.75,0.2875
"2900",0.645161290322581,0.511703727470726,0.620689655172414,0.735416666666667,0.6,0.6875,0.4,0.3125,1.92,0.581818181818182
"2901",0.870967741935484,0.321377225382538,0.777777777777778,0.888888888888889,0.777777777777778,0.909090909090909,0.222222222222222,0.0909090909090909,8.55555555555555,0.244444444444444
"2902",0.806451612903226,0.35716603683681,0.7,0.913636363636364,0.636363636363636,0.9,0.363636363636364,0.1,6.36363636363637,0.404040404040404
"2903",0.870967741935484,0.247998788840225,0.666666666666667,0.972222222222222,1,0.851851851851852,0,0.148148148148148,6.75,0
"2904",0.838709677419355,0.365642433185025,0.782608695652174,0.9,0.9,0.80952380952381,0.1,0.19047619047619,4.725,0.123529411764706
"2905",0.870967741935484,0.329683372509541,0.8,0.923809523809524,0.8,0.904761904761905,0.2,0.0952380952380952,8.4,0.221052631578947
"2906",0.806451612903226,0.34966465087494,0.666666666666667,0.893939393939394,0.666666666666667,0.863636363636364,0.333333333333333,0.136363636363636,4.88888888888889,0.385964912280702
"2907",0.774193548387097,0.402280636865459,0.363636363636364,0.871212121212121,0.222222222222222,1,0.777777777777778,0,Inf,0.777777777777778
"2908",0.806451612903226,0.362276168411078,0.7,0.888888888888889,0.777777777777778,0.818181818181818,0.222222222222222,0.181818181818182,4.27777777777778,0.271604938271605
"2909",0.838709677419355,0.329309487915696,0.761904761904762,0.929347826086957,1,0.782608695652174,0,0.217391304347826,4.6,0
"2910",0.709677419354839,0.391839839815376,0.470588235294118,0.815656565656566,0.444444444444444,0.818181818181818,0.555555555555556,0.181818181818182,2.44444444444445,0.679012345679012
"2911",0.838709677419355,0.365027221824815,0.761904761904762,0.861363636363636,0.727272727272727,0.9,0.272727272727273,0.1,7.27272727272727,0.303030303030303
"2912",0.870967741935484,0.310307422994194,0.833333333333333,0.951754385964912,0.833333333333333,0.894736842105263,0.166666666666667,0.105263157894737,7.91666666666667,0.186274509803922
"2913",0.806451612903226,0.394624027687859,0.727272727272727,0.876190476190476,0.8,0.80952380952381,0.2,0.19047619047619,4.2,0.247058823529412
"2914",0.806451612903226,0.344366921304435,0.666666666666667,0.866847826086957,0.75,0.826086956521739,0.25,0.173913043478261,4.3125,0.302631578947368
"2915",0.774193548387097,0.367169342006053,0.533333333333333,0.842391304347826,0.5,0.869565217391304,0.5,0.130434782608696,3.83333333333333,0.575
"2916",0.741935483870968,0.333494778443881,0.5,0.913333333333333,0.666666666666667,0.76,0.333333333333333,0.24,2.77777777777778,0.43859649122807
"2917",0.806451612903226,0.393681298812733,0.571428571428571,0.891414141414141,0.444444444444444,0.954545454545455,0.555555555555556,0.0454545454545454,9.77777777777779,0.582010582010582
"2918",0.870967741935484,0.341381044638596,0.75,0.842391304347826,0.75,0.91304347826087,0.25,0.0869565217391305,8.62499999999999,0.273809523809524
"2919",0.870967741935484,0.311175152560631,0.75,0.940217391304348,0.75,0.91304347826087,0.25,0.0869565217391305,8.62499999999999,0.273809523809524
"2920",0.741935483870968,0.389731192035255,0.5,0.858585858585859,0.444444444444444,0.863636363636364,0.555555555555556,0.136363636363636,3.25925925925926,0.64327485380117
"2921",0.806451612903226,0.355929507420113,0.625,0.831521739130435,0.625,0.869565217391304,0.375,0.130434782608696,4.79166666666667,0.43125
"2922",0.774193548387097,0.330812684930695,0.461538461538462,0.9,0.5,0.84,0.5,0.16,3.125,0.595238095238095
"2923",0.709677419354839,0.403055637859689,0.526315789473684,0.822727272727273,0.454545454545455,0.85,0.545454545454545,0.15,3.03030303030303,0.641711229946524
"2924",0.870967741935484,0.323189405988173,0.666666666666667,0.816666666666667,0.666666666666667,0.92,0.333333333333333,0.08,8.33333333333334,0.36231884057971
"2925",0.806451612903226,0.341814332299305,0.769230769230769,0.921052631578947,0.833333333333333,0.789473684210526,0.166666666666667,0.210526315789474,3.95833333333333,0.211111111111111
"2926",0.774193548387097,0.435675445138285,0.588235294117647,0.820454545454545,0.454545454545455,0.95,0.545454545454545,0.05,9.09090909090908,0.574162679425837
"2927",0.838709677419355,0.34749257313625,0.736842105263158,0.922727272727273,0.636363636363636,0.95,0.363636363636364,0.05,12.7272727272727,0.382775119617225
"2928",0.741935483870968,0.396119818049147,0.5,0.808080808080808,0.444444444444444,0.863636363636364,0.555555555555556,0.136363636363636,3.25925925925926,0.64327485380117
"2929",0.870967741935484,0.347475933386131,0.777777777777778,0.883333333333333,0.7,0.952380952380952,0.3,0.0476190476190477,14.7,0.315
"2930",0.709677419354839,0.467536515620042,0.470588235294118,0.683333333333333,0.666666666666667,0.72,0.333333333333333,0.28,2.38095238095238,0.462962962962963
"2931",0.774193548387097,0.375123389978138,0.461538461538462,0.776785714285714,0.428571428571429,0.875,0.571428571428571,0.125,3.42857142857143,0.653061224489796
"2932",0.709677419354839,0.452905950204776,0.608695652173913,0.811965811965812,0.538461538461538,0.833333333333333,0.461538461538462,0.166666666666667,3.23076923076923,0.553846153846154
"2933",0.67741935483871,0.440094956873327,0.375,0.777173913043478,0.375,0.782608695652174,0.625,0.217391304347826,1.725,0.798611111111111
"2934",0.838709677419355,0.361481800514545,0.736842105263158,0.835858585858586,0.777777777777778,0.863636363636364,0.222222222222222,0.136363636363636,5.7037037037037,0.257309941520468
"2935",0.870967741935484,0.307725546358611,0.777777777777778,0.934782608695652,0.875,0.869565217391304,0.125,0.130434782608696,6.70833333333333,0.14375
"2936",0.870967741935484,0.334130071302337,0.818181818181818,0.93859649122807,0.75,0.947368421052632,0.25,0.0526315789473685,14.25,0.263888888888889
"2937",0.741935483870968,0.436919910209828,0.666666666666667,0.801282051282051,0.615384615384615,0.833333333333333,0.384615384615385,0.166666666666667,3.69230769230769,0.461538461538461
"2938",0.806451612903226,0.385155400448522,0.5,0.833333333333333,0.428571428571429,0.916666666666667,0.571428571428571,0.0833333333333334,5.14285714285714,0.623376623376623
"2939",0.741935483870968,0.421339793522716,0.666666666666667,0.835714285714286,0.8,0.714285714285714,0.2,0.285714285714286,2.8,0.28
"2940",0.903225806451613,0.314749295494093,0.769230769230769,0.925595238095238,0.714285714285714,0.958333333333333,0.285714285714286,0.0416666666666666,17.1428571428572,0.298136645962733
"2941",0.806451612903226,0.365224350216958,0.666666666666667,0.845238095238095,0.6,0.904761904761905,0.4,0.0952380952380952,6.3,0.442105263157895
"2942",0.806451612903226,0.387502104846442,0.625,0.8,0.833333333333333,0.8,0.166666666666667,0.2,4.16666666666667,0.208333333333333
"2943",0.741935483870968,0.441803542999073,0.666666666666667,0.879166666666667,0.533333333333333,0.9375,0.466666666666667,0.0625,8.53333333333333,0.497777777777778
"2944",0.806451612903226,0.350383473546382,0.625,0.815217391304348,0.625,0.869565217391304,0.375,0.130434782608696,4.79166666666667,0.43125
"2945",0.838709677419355,0.372801181898166,0.666666666666667,0.868686868686869,0.555555555555556,0.954545454545455,0.444444444444444,0.0454545454545454,12.2222222222222,0.465608465608466
"2946",0.806451612903226,0.342960256648744,0.625,0.904761904761905,0.714285714285714,0.833333333333333,0.285714285714286,0.166666666666667,4.28571428571429,0.342857142857143
"2947",0.870967741935484,0.274595169240284,0.714285714285714,0.966666666666667,0.833333333333333,0.88,0.166666666666667,0.12,6.94444444444444,0.189393939393939
"2948",0.774193548387097,0.402386896514769,0.666666666666667,0.861904761904762,0.7,0.80952380952381,0.3,0.19047619047619,3.675,0.370588235294118
"2949",0.870967741935484,0.304698139716084,0.666666666666667,0.842307692307692,0.8,0.884615384615385,0.2,0.115384615384615,6.93333333333333,0.226086956521739
"2950",0.838709677419355,0.345836854169276,0.761904761904762,0.940789473684211,0.666666666666667,0.947368421052632,0.333333333333333,0.0526315789473685,12.6666666666667,0.351851851851852
"2951",0.741935483870968,0.338871241525605,0.6,0.898809523809524,0.857142857142857,0.708333333333333,0.142857142857143,0.291666666666667,2.93877551020408,0.201680672268908
"2952",0.806451612903226,0.356449719230595,0.571428571428571,0.842261904761905,0.571428571428571,0.875,0.428571428571429,0.125,4.57142857142857,0.489795918367347
"2953",0.870967741935484,0.327502754478885,0.714285714285714,0.901785714285714,0.714285714285714,0.916666666666667,0.285714285714286,0.0833333333333334,8.57142857142857,0.311688311688312
"2954",0.806451612903226,0.424293486939822,0.727272727272727,0.837606837606838,0.615384615384615,0.944444444444444,0.384615384615385,0.0555555555555556,11.0769230769231,0.407239819004525
"2955",0.806451612903226,0.411669286001545,0.625,0.807065217391304,0.625,0.869565217391304,0.375,0.130434782608696,4.79166666666667,0.43125
"2956",0.741935483870968,0.376536868900365,0.555555555555556,0.816666666666667,0.5,0.857142857142857,0.5,0.142857142857143,3.5,0.583333333333333
"2957",0.806451612903226,0.338191457893249,0.7,0.876190476190476,0.7,0.857142857142857,0.3,0.142857142857143,4.9,0.35
"2958",0.870967741935484,0.320877810978799,0.666666666666667,0.87,0.666666666666667,0.92,0.333333333333333,0.08,8.33333333333334,0.36231884057971
"2959",0.806451612903226,0.334987490942121,0.625,0.895833333333333,0.714285714285714,0.833333333333333,0.285714285714286,0.166666666666667,4.28571428571429,0.342857142857143
"2960",0.903225806451613,0.331274463112472,0.8,0.923913043478261,0.75,0.956521739130435,0.25,0.0434782608695652,17.25,0.261363636363636
"2961",0.709677419354839,0.437669955743748,0.571428571428571,0.752525252525252,0.666666666666667,0.727272727272727,0.333333333333333,0.272727272727273,2.44444444444444,0.458333333333333
"2962",0.774193548387097,0.449838433371613,0.695652173913043,0.9,0.533333333333333,1,0.466666666666667,0,Inf,0.466666666666667
"2963",0.774193548387097,0.387879200393837,0.533333333333333,0.820707070707071,0.444444444444444,0.909090909090909,0.555555555555556,0.0909090909090909,4.88888888888889,0.611111111111111
"2964",0.838709677419355,0.325727865019893,0.545454545454545,0.851851851851852,0.75,0.851851851851852,0.25,0.148148148148148,5.0625,0.293478260869565
"2965",0.838709677419355,0.340203835620495,0.736842105263158,0.883838383838384,0.777777777777778,0.863636363636364,0.222222222222222,0.136363636363636,5.7037037037037,0.257309941520468
"2966",0.774193548387097,0.409043783290315,0.588235294117647,0.807142857142857,0.5,0.904761904761905,0.5,0.0952380952380952,5.25,0.552631578947368
"2967",0.870967741935484,0.311562552228559,0.714285714285714,0.945652173913043,0.625,0.956521739130435,0.375,0.0434782608695652,14.375,0.392045454545455
"2968",0.806451612903226,0.328440237690057,0.75,0.886363636363636,0.818181818181818,0.8,0.181818181818182,0.2,4.09090909090909,0.227272727272727
"2969",0.709677419354839,0.410592586459104,0.4,0.758928571428571,0.428571428571429,0.791666666666667,0.571428571428571,0.208333333333333,2.05714285714286,0.721804511278195
"2970",0.741935483870968,0.401112762063787,0.6,0.828571428571429,0.6,0.80952380952381,0.4,0.19047619047619,3.15,0.494117647058824
"2971",0.709677419354839,0.446732940266403,0.571428571428571,0.818376068376068,0.461538461538462,0.888888888888889,0.538461538461538,0.111111111111111,4.15384615384615,0.605769230769231
"2972",0.774193548387097,0.346825361698044,0.588235294117647,0.886904761904762,0.714285714285714,0.791666666666667,0.285714285714286,0.208333333333333,3.42857142857143,0.360902255639098
"2973",0.709677419354839,0.452221638150688,0.470588235294118,0.760869565217391,0.5,0.782608695652174,0.5,0.217391304347826,2.3,0.638888888888889
"2974",0.806451612903226,0.316672935144809,0.727272727272727,0.934343434343434,0.888888888888889,0.772727272727273,0.111111111111111,0.227272727272727,3.91111111111111,0.143790849673203
"2975",0.838709677419355,0.384343634789913,0.761904761904762,0.870454545454545,0.727272727272727,0.9,0.272727272727273,0.1,7.27272727272727,0.303030303030303
"2976",0.838709677419355,0.325975722590914,0.615384615384615,0.93452380952381,0.571428571428571,0.916666666666667,0.428571428571429,0.0833333333333334,6.85714285714285,0.467532467532468
"2977",0.67741935483871,0.443835129051071,0.444444444444444,0.792857142857143,0.4,0.80952380952381,0.6,0.19047619047619,2.1,0.741176470588235
"2978",0.806451612903226,0.370029945442851,0.571428571428571,0.818181818181818,0.444444444444444,0.954545454545455,0.555555555555556,0.0454545454545454,9.77777777777779,0.582010582010582
"2979",0.741935483870968,0.446096240228898,0.5,0.740476190476191,0.4,0.904761904761905,0.6,0.0952380952380952,4.2,0.663157894736842
"2980",0.741935483870968,0.414832262060143,0.6,0.853070175438597,0.5,0.894736842105263,0.5,0.105263157894737,4.75,0.558823529411765
"2981",0.774193548387097,0.377896178252967,0.666666666666667,0.829545454545455,0.636363636363636,0.85,0.363636363636364,0.15,4.24242424242424,0.427807486631016
"2982",0.709677419354839,0.419850652656834,0.608695652173913,0.852380952380952,0.7,0.714285714285714,0.3,0.285714285714286,2.45,0.42
"2983",0.870967741935484,0.337621050428845,0.714285714285714,0.964646464646465,0.555555555555556,1,0.444444444444444,0,Inf,0.444444444444444
"2984",0.806451612903226,0.333380595291914,0.7,0.916666666666667,1,0.75,0,0.25,4,0
"2985",0.67741935483871,0.469441167463715,0.444444444444444,0.735714285714286,0.4,0.80952380952381,0.6,0.19047619047619,2.1,0.741176470588235
"2986",0.806451612903226,0.319441278346521,0.625,0.931547619047619,0.714285714285714,0.833333333333333,0.285714285714286,0.166666666666667,4.28571428571429,0.342857142857143
"2987",0.838709677419355,0.332714614941484,0.666666666666667,0.831521739130435,0.625,0.91304347826087,0.375,0.0869565217391305,7.1875,0.410714285714286
"2988",0.903225806451613,0.278833597854677,0.8,0.956521739130435,0.75,0.956521739130435,0.25,0.0434782608695652,17.25,0.261363636363636
"2989",0.806451612903226,0.295970488954781,0.5,0.907692307692308,0.6,0.846153846153846,0.4,0.153846153846154,3.9,0.472727272727273
"2990",0.67741935483871,0.408404432213279,0.444444444444444,0.803030303030303,0.444444444444444,0.772727272727273,0.555555555555556,0.227272727272727,1.95555555555556,0.718954248366013
"2991",0.774193548387097,0.386812994352962,0.631578947368421,0.863636363636364,0.666666666666667,0.818181818181818,0.333333333333333,0.181818181818182,3.66666666666667,0.407407407407407
"2992",0.838709677419355,0.32002259141499,0.761904761904762,0.963636363636364,0.727272727272727,0.9,0.272727272727273,0.1,7.27272727272727,0.303030303030303
"2993",0.806451612903226,0.348800416502415,0.625,0.875,0.625,0.869565217391304,0.375,0.130434782608696,4.79166666666667,0.43125
"2994",0.774193548387097,0.376289791667039,0.631578947368421,0.861904761904762,0.6,0.857142857142857,0.4,0.142857142857143,4.2,0.466666666666667
"2995",0.806451612903226,0.371474330802685,0.625,0.858585858585859,0.555555555555556,0.909090909090909,0.444444444444444,0.0909090909090909,6.11111111111111,0.488888888888889
"2996",0.838709677419355,0.383365028834182,0.782608695652174,0.903508771929825,0.75,0.894736842105263,0.25,0.105263157894737,7.125,0.279411764705882
"2997",0.741935483870968,0.40221477484136,0.555555555555556,0.838636363636364,0.454545454545455,0.9,0.545454545454545,0.1,4.54545454545455,0.606060606060606
"2998",0.806451612903226,0.349336356947704,0.571428571428571,0.884615384615385,0.8,0.807692307692308,0.2,0.192307692307692,4.16,0.247619047619048
"2999",0.741935483870968,0.422330366169339,0.6,0.868421052631579,0.5,0.894736842105263,0.5,0.105263157894737,4.75,0.558823529411765
"3000",0.612903225806452,0.511330392071945,0.5,0.712121212121212,0.666666666666667,0.590909090909091,0.333333333333333,0.409090909090909,1.62962962962963,0.564102564102564
"3001",0.806451612903226,0.34243266712992,0.666666666666667,0.895238095238095,0.6,0.904761904761905,0.4,0.0952380952380952,6.3,0.442105263157895
"3002",0.838709677419355,0.317032640023668,0.666666666666667,0.921195652173913,0.625,0.91304347826087,0.375,0.0869565217391305,7.1875,0.410714285714286
"3003",0.806451612903226,0.371438884625983,0.666666666666667,0.835714285714286,0.6,0.904761904761905,0.4,0.0952380952380952,6.3,0.442105263157895
"3004",0.67741935483871,0.482441423773249,0.5,0.789473684210526,0.416666666666667,0.842105263157895,0.583333333333333,0.157894736842105,2.63888888888889,0.692708333333333
"3005",0.774193548387097,0.374891153071341,0.666666666666667,0.861363636363636,0.636363636363636,0.85,0.363636363636364,0.15,4.24242424242424,0.427807486631016
"3006",0.903225806451613,0.327146153071076,0.842105263157895,0.928571428571429,0.8,0.952380952380952,0.2,0.0476190476190477,16.8,0.21
"3007",0.741935483870968,0.460965769146529,0.6,0.80982905982906,0.461538461538462,0.944444444444444,0.538461538461538,0.0555555555555556,8.3076923076923,0.570135746606335
"3008",0.870967741935484,0.299710352599668,0.714285714285714,0.925595238095238,0.714285714285714,0.916666666666667,0.285714285714286,0.0833333333333334,8.57142857142857,0.311688311688312
"3009",0.774193548387097,0.379093968393825,0.695652173913043,0.877272727272727,0.727272727272727,0.8,0.272727272727273,0.2,3.63636363636364,0.340909090909091
"3010",0.806451612903226,0.373220077608644,0.666666666666667,0.79040404040404,0.666666666666667,0.863636363636364,0.333333333333333,0.136363636363636,4.88888888888889,0.385964912280702
"3011",0.774193548387097,0.369191277968801,0.533333333333333,0.81547619047619,0.571428571428571,0.833333333333333,0.428571428571429,0.166666666666667,3.42857142857143,0.514285714285714
"3012",0.903225806451613,0.321240896271415,0.8,0.951086956521739,0.75,0.956521739130435,0.25,0.0434782608695652,17.25,0.261363636363636
"3013",0.741935483870968,0.482729347509458,0.666666666666667,0.89375,0.533333333333333,0.9375,0.466666666666667,0.0625,8.53333333333333,0.497777777777778
"3014",0.903225806451613,0.29540463280629,0.769230769230769,0.866071428571429,0.714285714285714,0.958333333333333,0.285714285714286,0.0416666666666666,17.1428571428572,0.298136645962733
"3015",0.806451612903226,0.366073257191996,0.7,0.897727272727273,0.636363636363636,0.9,0.363636363636364,0.1,6.36363636363637,0.404040404040404
"3016",0.774193548387097,0.353542616090797,0.631578947368421,0.954545454545455,0.545454545454545,0.9,0.454545454545455,0.1,5.45454545454546,0.505050505050505
"3017",0.774193548387097,0.432176289466254,0.588235294117647,0.764285714285714,0.5,0.904761904761905,0.5,0.0952380952380952,5.25,0.552631578947368
"3018",0.806451612903226,0.273108810018248,0.7,0.970238095238095,1,0.75,0,0.25,4,0
"3019",0.870967741935484,0.340085712893859,0.777777777777778,0.898989898989899,0.777777777777778,0.909090909090909,0.222222222222222,0.0909090909090909,8.55555555555555,0.244444444444444
"3020",0.870967741935484,0.291895132982478,0.8,0.95959595959596,0.888888888888889,0.863636363636364,0.111111111111111,0.136363636363636,6.51851851851852,0.128654970760234
"3021",0.741935483870968,0.406162292447223,0.555555555555556,0.823809523809524,0.5,0.857142857142857,0.5,0.142857142857143,3.5,0.583333333333333
"3022",0.741935483870968,0.442414609572312,0.6,0.797619047619048,0.6,0.80952380952381,0.4,0.19047619047619,3.15,0.494117647058824
"3023",0.903225806451613,0.298990812368199,0.727272727272727,0.94,0.666666666666667,0.96,0.333333333333333,0.04,16.6666666666667,0.347222222222222
"3024",0.67741935483871,0.42638466163358,0.375,0.77445652173913,0.375,0.782608695652174,0.625,0.217391304347826,1.725,0.798611111111111
"3025",0.870967741935484,0.30325557520585,0.8,0.930952380952381,0.8,0.904761904761905,0.2,0.0952380952380952,8.4,0.221052631578947
"3026",0.806451612903226,0.411620045899622,0.571428571428571,0.817934782608696,0.5,0.91304347826087,0.5,0.0869565217391305,5.75,0.547619047619048
"3027",0.870967741935484,0.35884892969786,0.75,0.885869565217391,0.75,0.91304347826087,0.25,0.0869565217391305,8.62499999999999,0.273809523809524
"3028",0.806451612903226,0.406056430458593,0.666666666666667,0.811363636363636,0.545454545454545,0.95,0.454545454545455,0.05,10.9090909090909,0.478468899521531
"3029",0.903225806451613,0.258961206494745,0.769230769230769,0.94,0.833333333333333,0.92,0.166666666666667,0.08,10.4166666666667,0.181159420289855
"3030",0.870967741935484,0.339714291278161,0.714285714285714,0.883838383838384,0.555555555555556,1,0.444444444444444,0,Inf,0.444444444444444
"3031",0.838709677419355,0.340831104395079,0.736842105263158,0.85054347826087,0.875,0.826086956521739,0.125,0.173913043478261,5.03125,0.151315789473684
"3032",0.903225806451613,0.306112654446237,0.823529411764706,0.944444444444444,0.777777777777778,0.954545454545455,0.222222222222222,0.0454545454545454,17.1111111111111,0.232804232804233
"3033",0.806451612903226,0.377726948836687,0.571428571428571,0.878787878787879,0.444444444444444,0.954545454545455,0.555555555555556,0.0454545454545454,9.77777777777779,0.582010582010582
"3034",0.935483870967742,0.285274524370044,0.833333333333333,0.880952380952381,0.714285714285714,1,0.285714285714286,0,Inf,0.285714285714286
"3035",0.806451612903226,0.377919911046061,0.571428571428571,0.866847826086957,0.5,0.91304347826087,0.5,0.0869565217391305,5.75,0.547619047619048
"3036",0.709677419354839,0.457555683505168,0.526315789473684,0.853070175438597,0.416666666666667,0.894736842105263,0.583333333333333,0.105263157894737,3.95833333333333,0.651960784313725
"3037",0.935483870967742,0.256465908118215,0.875,0.980978260869565,0.875,0.956521739130435,0.125,0.0434782608695652,20.125,0.130681818181818
"3038",0.806451612903226,0.353563066002714,0.7,0.858585858585859,0.777777777777778,0.818181818181818,0.222222222222222,0.181818181818182,4.27777777777778,0.271604938271605
"3039",0.806451612903226,0.378687532582831,0.75,0.857456140350877,0.75,0.842105263157895,0.25,0.157894736842105,4.75,0.296875
"3040",0.806451612903226,0.379368233793003,0.666666666666667,0.845238095238095,0.6,0.904761904761905,0.4,0.0952380952380952,6.3,0.442105263157895
"3041",0.870967741935484,0.337192103749149,0.777777777777778,0.91304347826087,0.875,0.869565217391304,0.125,0.130434782608696,6.70833333333333,0.14375
"3042",0.774193548387097,0.417422535716884,0.631578947368421,0.834090909090909,0.545454545454545,0.9,0.454545454545455,0.1,5.45454545454546,0.505050505050505
"3043",0.806451612903226,0.378455108086897,0.7,0.842391304347826,0.875,0.782608695652174,0.125,0.217391304347826,4.025,0.159722222222222
"3044",0.903225806451613,0.328807015489218,0.857142857142857,0.897619047619048,0.9,0.904761904761905,0.1,0.0952380952380952,9.45,0.110526315789474
"3045",0.870967741935484,0.31977172250246,0.777777777777778,0.939393939393939,0.777777777777778,0.909090909090909,0.222222222222222,0.0909090909090909,8.55555555555555,0.244444444444444
"3046",0.709677419354839,0.443114298298793,0.4,0.68,0.5,0.76,0.5,0.24,2.08333333333333,0.657894736842105
"3047",0.903225806451613,0.316920158401314,0.857142857142857,0.875,0.818181818181818,0.95,0.181818181818182,0.05,16.3636363636363,0.191387559808612
"3048",0.838709677419355,0.35258376692142,0.736842105263158,0.866847826086957,0.875,0.826086956521739,0.125,0.173913043478261,5.03125,0.151315789473684
"3049",0.838709677419355,0.341866019233685,0.782608695652174,0.896929824561403,0.75,0.894736842105263,0.25,0.105263157894737,7.125,0.279411764705882
"3050",0.838709677419355,0.305388084085333,0.705882352941177,0.914141414141414,0.666666666666667,0.909090909090909,0.333333333333333,0.0909090909090909,7.33333333333333,0.366666666666667
"3051",0.741935483870968,0.398273747462901,0.6,0.899122807017544,0.5,0.894736842105263,0.5,0.105263157894737,4.75,0.558823529411765
"3052",0.838709677419355,0.372305782547664,0.761904761904762,0.890350877192982,0.666666666666667,0.947368421052632,0.333333333333333,0.0526315789473685,12.6666666666667,0.351851851851852
"3053",0.838709677419355,0.373937625476412,0.736842105263158,0.85,0.636363636363636,0.95,0.363636363636364,0.05,12.7272727272727,0.382775119617225
"3054",0.774193548387097,0.377050237439076,0.666666666666667,0.880952380952381,0.7,0.80952380952381,0.3,0.19047619047619,3.675,0.370588235294118
"3055",0.67741935483871,0.472706845140247,0.444444444444444,0.793859649122807,0.333333333333333,0.894736842105263,0.666666666666667,0.105263157894737,3.16666666666667,0.745098039215686
"3056",0.709677419354839,0.44604231121839,0.526315789473684,0.766666666666667,0.5,0.80952380952381,0.5,0.19047619047619,2.625,0.617647058823529
"3057",0.774193548387097,0.411755365904009,0.631578947368421,0.888636363636364,0.545454545454545,0.9,0.454545454545455,0.1,5.45454545454546,0.505050505050505
"3058",0.67741935483871,0.433034249768036,0.375,0.714285714285714,0.428571428571429,0.75,0.571428571428571,0.25,1.71428571428571,0.761904761904762
"3059",0.741935483870968,0.419562300693321,0.666666666666667,0.820175438596491,0.666666666666667,0.789473684210526,0.333333333333333,0.210526315789474,3.16666666666667,0.422222222222222
"3060",0.67741935483871,0.473007015960844,0.583333333333333,0.737373737373737,0.777777777777778,0.636363636363636,0.222222222222222,0.363636363636364,2.13888888888889,0.349206349206349
"3061",0.806451612903226,0.361975751134731,0.7,0.815656565656566,0.777777777777778,0.818181818181818,0.222222222222222,0.181818181818182,4.27777777777778,0.271604938271605
"3062",0.806451612903226,0.380045975930059,0.7,0.859090909090909,0.636363636363636,0.9,0.363636363636364,0.1,6.36363636363637,0.404040404040404
"3063",0.741935483870968,0.390326836409776,0.6,0.840909090909091,0.666666666666667,0.772727272727273,0.333333333333333,0.227272727272727,2.93333333333333,0.431372549019608
"3064",0.774193548387097,0.409672662412094,0.631578947368421,0.929824561403509,0.5,0.947368421052632,0.5,0.0526315789473685,9.49999999999999,0.527777777777778
"3065",0.870967741935484,0.322600919653547,0.75,0.918478260869565,0.75,0.91304347826087,0.25,0.0869565217391305,8.62499999999999,0.273809523809524
"3066",0.709677419354839,0.421356274713126,0.571428571428571,0.835714285714286,0.6,0.761904761904762,0.4,0.238095238095238,2.52,0.525
"3067",0.774193548387097,0.424063393935099,0.533333333333333,0.855978260869565,0.5,0.869565217391304,0.5,0.130434782608696,3.83333333333333,0.575
"3068",0.741935483870968,0.439999735859172,0.428571428571429,0.792929292929293,0.333333333333333,0.909090909090909,0.666666666666667,0.0909090909090909,3.66666666666667,0.733333333333333
"3069",0.903225806451613,0.334961347091894,0.823529411764706,0.864130434782609,0.875,0.91304347826087,0.125,0.0869565217391305,10.0625,0.136904761904762
"3070",0.838709677419355,0.355819283228238,0.666666666666667,0.876262626262626,0.555555555555556,0.954545454545455,0.444444444444444,0.0454545454545454,12.2222222222222,0.465608465608466
"3071",0.903225806451613,0.32930232580261,0.8,0.964646464646465,0.666666666666667,1,0.333333333333333,0,Inf,0.333333333333333
"3072",0.838709677419355,0.333057317519161,0.736842105263158,0.909090909090909,0.777777777777778,0.863636363636364,0.222222222222222,0.136363636363636,5.7037037037037,0.257309941520468
"3073",0.806451612903226,0.37646267808488,0.727272727272727,0.843181818181818,0.727272727272727,0.85,0.272727272727273,0.15,4.84848484848485,0.320855614973262
"3074",0.806451612903226,0.315583705360081,0.7,0.929347826086957,0.875,0.782608695652174,0.125,0.217391304347826,4.025,0.159722222222222
"3075",0.774193548387097,0.406984828931826,0.758620689655172,0.846638655462185,0.785714285714286,0.764705882352941,0.214285714285714,0.235294117647059,3.33928571428571,0.28021978021978
"3076",0.741935483870968,0.409080164899275,0.666666666666667,0.901709401709402,0.615384615384615,0.833333333333333,0.384615384615385,0.166666666666667,3.69230769230769,0.461538461538461
"3077",0.774193548387097,0.351981163308495,0.588235294117647,0.839285714285714,0.714285714285714,0.791666666666667,0.285714285714286,0.208333333333333,3.42857142857143,0.360902255639098
"3078",0.774193548387097,0.382345287832143,0.666666666666667,0.885714285714286,0.7,0.80952380952381,0.3,0.19047619047619,3.675,0.370588235294118
"3079",0.806451612903226,0.391699214787841,0.727272727272727,0.866666666666667,0.8,0.80952380952381,0.2,0.19047619047619,4.2,0.247058823529412
"3080",0.806451612903226,0.363143977278864,0.666666666666667,0.914285714285714,0.6,0.904761904761905,0.4,0.0952380952380952,6.3,0.442105263157895
"3081",0.774193548387097,0.372442600205886,0.533333333333333,0.858585858585859,0.444444444444444,0.909090909090909,0.555555555555556,0.0909090909090909,4.88888888888889,0.611111111111111
"3082",0.741935483870968,0.408792018031826,0.6,0.80952380952381,0.6,0.80952380952381,0.4,0.19047619047619,3.15,0.494117647058824
"3083",0.741935483870968,0.433630657660548,0.636363636363636,0.790909090909091,0.636363636363636,0.8,0.363636363636364,0.2,3.18181818181818,0.454545454545455
"3084",0.741935483870968,0.441078002570771,0.428571428571429,0.827380952380952,0.428571428571429,0.833333333333333,0.571428571428571,0.166666666666667,2.57142857142857,0.685714285714286
"3085",0.903225806451613,0.279229743663721,0.823529411764706,0.974747474747475,0.777777777777778,0.954545454545455,0.222222222222222,0.0454545454545454,17.1111111111111,0.232804232804233
"3086",0.806451612903226,0.372284087381087,0.727272727272727,0.914473684210526,0.666666666666667,0.894736842105263,0.333333333333333,0.105263157894737,6.33333333333333,0.372549019607843
"3087",0.838709677419355,0.351133545297292,0.705882352941177,0.901515151515151,0.666666666666667,0.909090909090909,0.333333333333333,0.0909090909090909,7.33333333333333,0.366666666666667
"3088",0.903225806451613,0.277019037896999,0.823529411764706,0.940217391304348,0.875,0.91304347826087,0.125,0.0869565217391305,10.0625,0.136904761904762
"3089",0.774193548387097,0.389278760838219,0.588235294117647,0.777173913043478,0.625,0.826086956521739,0.375,0.173913043478261,3.59375,0.453947368421053
"3090",0.870967741935484,0.325971323702562,0.818181818181818,0.915909090909091,0.818181818181818,0.9,0.181818181818182,0.1,8.18181818181818,0.202020202020202
"3091",0.903225806451613,0.326197363690805,0.842105263157895,0.977272727272727,0.727272727272727,1,0.272727272727273,0,Inf,0.272727272727273
"3092",0.903225806451613,0.299206149892019,0.8,0.964285714285714,0.857142857142857,0.916666666666667,0.142857142857143,0.0833333333333334,10.2857142857143,0.155844155844156
"3093",0.774193548387097,0.416262696777673,0.72,0.847727272727273,0.818181818181818,0.75,0.181818181818182,0.25,3.27272727272727,0.242424242424242
"3094",0.903225806451613,0.350780509568796,0.888888888888889,0.92948717948718,0.923076923076923,0.888888888888889,0.0769230769230769,0.111111111111111,8.3076923076923,0.0865384615384615
"3095",0.741935483870968,0.352312627196371,0.555555555555556,0.843333333333333,0.833333333333333,0.72,0.166666666666667,0.28,2.97619047619048,0.231481481481481
"3096",0.774193548387097,0.399658336756427,0.588235294117647,0.771739130434783,0.625,0.826086956521739,0.375,0.173913043478261,3.59375,0.453947368421053
"3097",0.806451612903226,0.395600997230966,0.7,0.9,0.636363636363636,0.9,0.363636363636364,0.1,6.36363636363637,0.404040404040404
"3098",0.903225806451613,0.268065736031443,0.823529411764706,0.940217391304348,0.875,0.91304347826087,0.125,0.0869565217391305,10.0625,0.136904761904762
"3099",0.741935483870968,0.340670343221457,0.333333333333333,0.796296296296296,0.5,0.777777777777778,0.5,0.222222222222222,2.25,0.642857142857143
"3100",0.806451612903226,0.267457746189996,0.571428571428571,0.961538461538462,0.8,0.807692307692308,0.2,0.192307692307692,4.16,0.247619047619048
"3101",0.806451612903226,0.328975434069891,0.666666666666667,0.868686868686869,0.666666666666667,0.863636363636364,0.333333333333333,0.136363636363636,4.88888888888889,0.385964912280702
"3102",0.774193548387097,0.415437396097268,0.631578947368421,0.846491228070175,0.5,0.947368421052632,0.5,0.0526315789473685,9.49999999999999,0.527777777777778
"3103",0.709677419354839,0.445483168078409,0.571428571428571,0.80982905982906,0.461538461538462,0.888888888888889,0.538461538461538,0.111111111111111,4.15384615384615,0.605769230769231
"3104",0.838709677419355,0.323023608454969,0.666666666666667,0.921717171717172,0.555555555555556,0.954545454545455,0.444444444444444,0.0454545454545454,12.2222222222222,0.465608465608466
"3105",0.741935483870968,0.342250723949097,0.636363636363636,0.904040404040404,0.777777777777778,0.727272727272727,0.222222222222222,0.272727272727273,2.85185185185185,0.305555555555556
"3106",0.806451612903226,0.348625847999753,0.666666666666667,0.853260869565217,0.75,0.826086956521739,0.25,0.173913043478261,4.3125,0.302631578947368
"3107",0.741935483870968,0.455629808780302,0.6,0.824786324786325,0.461538461538462,0.944444444444444,0.538461538461538,0.0555555555555556,8.3076923076923,0.570135746606335
"3108",0.903225806451613,0.310080546908019,0.857142857142857,0.954545454545455,0.818181818181818,0.95,0.181818181818182,0.05,16.3636363636363,0.191387559808612
"3109",0.838709677419355,0.324217803341686,0.705882352941177,0.925595238095238,0.857142857142857,0.833333333333333,0.142857142857143,0.166666666666667,5.14285714285714,0.171428571428571
"3110",0.741935483870968,0.347273104705085,0.636363636363636,0.9,0.7,0.761904761904762,0.3,0.238095238095238,2.94,0.39375
"3111",0.838709677419355,0.356874938798146,0.666666666666667,0.883928571428571,0.714285714285714,0.875,0.285714285714286,0.125,5.71428571428571,0.326530612244898
"3112",0.870967741935484,0.350939197020368,0.818181818181818,0.863636363636364,0.818181818181818,0.9,0.181818181818182,0.1,8.18181818181818,0.202020202020202
"3113",0.709677419354839,0.401236355128817,0.470588235294118,0.8125,0.5,0.782608695652174,0.5,0.217391304347826,2.3,0.638888888888889
"3114",0.774193548387097,0.375072994474534,0.588235294117647,0.906565656565657,0.555555555555556,0.863636363636364,0.444444444444444,0.136363636363636,4.07407407407407,0.514619883040936
"3115",0.806451612903226,0.405393840475757,0.571428571428571,0.773809523809524,0.571428571428571,0.875,0.428571428571429,0.125,4.57142857142857,0.489795918367347
"3116",0.709677419354839,0.422750052556276,0.526315789473684,0.752525252525252,0.555555555555556,0.772727272727273,0.444444444444444,0.227272727272727,2.44444444444444,0.57516339869281
"3117",0.935483870967742,0.239682957182336,0.833333333333333,0.993333333333333,0.833333333333333,0.96,0.166666666666667,0.04,20.8333333333333,0.173611111111111
"3118",0.806451612903226,0.363366626626044,0.625,0.88,0.833333333333333,0.8,0.166666666666667,0.2,4.16666666666667,0.208333333333333
"3119",0.806451612903226,0.356555045703801,0.4,0.863333333333333,0.333333333333333,0.92,0.666666666666667,0.08,4.16666666666667,0.72463768115942
"3120",0.838709677419355,0.389308885182194,0.705882352941177,0.853260869565217,0.75,0.869565217391304,0.25,0.130434782608696,5.75,0.2875
"3121",0.838709677419355,0.349023051615905,0.705882352941177,0.856060606060606,0.666666666666667,0.909090909090909,0.333333333333333,0.0909090909090909,7.33333333333333,0.366666666666667
"3122",0.741935483870968,0.419469040290906,0.555555555555556,0.838383838383838,0.555555555555556,0.818181818181818,0.444444444444444,0.181818181818182,3.05555555555556,0.54320987654321
"3123",0.838709677419355,0.358376934751169,0.782608695652174,0.894736842105263,0.75,0.894736842105263,0.25,0.105263157894737,7.125,0.279411764705882
"3124",0.838709677419355,0.390310101404878,0.761904761904762,0.85,0.727272727272727,0.9,0.272727272727273,0.1,7.27272727272727,0.303030303030303
"3125",0.774193548387097,0.381003834692752,0.695652173913043,0.868181818181818,0.727272727272727,0.8,0.272727272727273,0.2,3.63636363636364,0.340909090909091
"3126",0.774193548387097,0.361727729245874,0.461538461538462,0.837962962962963,0.75,0.777777777777778,0.25,0.222222222222222,3.375,0.321428571428571
"3127",0.806451612903226,0.325323902332104,0.4,0.815384615384615,0.4,0.884615384615385,0.6,0.115384615384615,3.46666666666667,0.678260869565217
"3128",0.774193548387097,0.405682070262794,0.588235294117647,0.845238095238095,0.714285714285714,0.791666666666667,0.285714285714286,0.208333333333333,3.42857142857143,0.360902255639098
"3129",0.774193548387097,0.410675569012489,0.533333333333333,0.895238095238095,0.4,0.952380952380952,0.6,0.0476190476190477,8.39999999999999,0.63
"3130",0.774193548387097,0.356068651196722,0.695652173913043,0.921052631578947,0.666666666666667,0.842105263157895,0.333333333333333,0.157894736842105,4.22222222222222,0.395833333333333
"3131",0.870967741935484,0.32686545213059,0.8,0.871212121212121,0.888888888888889,0.863636363636364,0.111111111111111,0.136363636363636,6.51851851851852,0.128654970760234
"3132",0.903225806451613,0.303706090178368,0.769230769230769,0.880952380952381,0.714285714285714,0.958333333333333,0.285714285714286,0.0416666666666666,17.1428571428572,0.298136645962733
"3133",0.774193548387097,0.40684399887528,0.588235294117647,0.830952380952381,0.5,0.904761904761905,0.5,0.0952380952380952,5.25,0.552631578947368
"3134",0.870967741935484,0.34832471629349,0.818181818181818,0.90952380952381,0.9,0.857142857142857,0.1,0.142857142857143,6.3,0.116666666666667
"3135",0.870967741935484,0.320396639395648,0.75,0.888888888888889,0.666666666666667,0.954545454545455,0.333333333333333,0.0454545454545454,14.6666666666667,0.349206349206349
"3136",0.838709677419355,0.296124113425944,0.705882352941177,0.967391304347826,0.75,0.869565217391304,0.25,0.130434782608696,5.75,0.2875
"3137",0.774193548387097,0.405897070134495,0.666666666666667,0.85,0.636363636363636,0.85,0.363636363636364,0.15,4.24242424242424,0.427807486631016
"3138",0.806451612903226,0.396554935172532,0.571428571428571,0.878787878787879,0.444444444444444,0.954545454545455,0.555555555555556,0.0454545454545454,9.77777777777779,0.582010582010582
"3139",0.838709677419355,0.340492520449472,0.761904761904762,0.914141414141414,0.888888888888889,0.818181818181818,0.111111111111111,0.181818181818182,4.88888888888889,0.135802469135803
"3140",0.806451612903226,0.420527963622033,0.75,0.83974358974359,0.692307692307692,0.888888888888889,0.307692307692308,0.111111111111111,6.23076923076923,0.346153846153846
"3141",0.709677419354839,0.422588989345468,0.526315789473684,0.813636363636364,0.454545454545455,0.85,0.545454545454545,0.15,3.03030303030303,0.641711229946524
"3142",0.870967741935484,0.30839977957671,0.818181818181818,0.963636363636364,0.818181818181818,0.9,0.181818181818182,0.1,8.18181818181818,0.202020202020202
"3143",0.870967741935484,0.286603283956321,0.666666666666667,0.930769230769231,0.8,0.884615384615385,0.2,0.115384615384615,6.93333333333333,0.226086956521739
"3144",0.806451612903226,0.372998376798434,0.666666666666667,0.853535353535354,0.666666666666667,0.863636363636364,0.333333333333333,0.136363636363636,4.88888888888889,0.385964912280702
"3145",0.806451612903226,0.299076034503542,0.625,0.93,0.833333333333333,0.8,0.166666666666667,0.2,4.16666666666667,0.208333333333333
"3146",0.870967741935484,0.361395113861699,0.8,0.847727272727273,0.727272727272727,0.95,0.272727272727273,0.05,14.5454545454545,0.287081339712919
"3147",0.709677419354839,0.417879774677918,0.470588235294118,0.892857142857143,0.4,0.857142857142857,0.6,0.142857142857143,2.8,0.7
"3148",0.741935483870968,0.391866567193921,0.6,0.85054347826087,0.75,0.739130434782609,0.25,0.260869565217391,2.875,0.338235294117647
"3149",0.806451612903226,0.317468913919481,0.666666666666667,0.904891304347826,0.75,0.826086956521739,0.25,0.173913043478261,4.3125,0.302631578947368
"3150",0.709677419354839,0.459145674615645,0.470588235294118,0.797727272727273,0.363636363636364,0.9,0.636363636363636,0.1,3.63636363636364,0.707070707070707
"3151",0.709677419354839,0.42010655876371,0.709677419354839,0.833333333333333,0.6875,0.733333333333333,0.3125,0.266666666666667,2.578125,0.426136363636364
"3152",0.774193548387097,0.376774971084732,0.588235294117647,0.798913043478261,0.625,0.826086956521739,0.375,0.173913043478261,3.59375,0.453947368421053
"3153",0.903225806451613,0.285591723465868,0.727272727272727,0.953333333333333,0.666666666666667,0.96,0.333333333333333,0.04,16.6666666666667,0.347222222222222
"3154",0.838709677419355,0.302949400959054,0.736842105263158,0.918478260869565,0.875,0.826086956521739,0.125,0.173913043478261,5.03125,0.151315789473684
"3155",0.806451612903226,0.368048119625016,0.666666666666667,0.889880952380952,0.857142857142857,0.791666666666667,0.142857142857143,0.208333333333333,4.11428571428571,0.180451127819549
"3156",0.709677419354839,0.433787656847021,0.470588235294118,0.822727272727273,0.363636363636364,0.9,0.636363636363636,0.1,3.63636363636364,0.707070707070707
"3157",0.935483870967742,0.333846925445135,0.875,0.964646464646465,0.777777777777778,1,0.222222222222222,0,Inf,0.222222222222222
"3158",0.806451612903226,0.323839966268317,0.5,0.838461538461538,0.6,0.846153846153846,0.4,0.153846153846154,3.9,0.472727272727273
"3159",0.806451612903226,0.413058570703256,0.666666666666667,0.892543859649123,0.5,1,0.5,0,Inf,0.5
"3160",0.741935483870968,0.386450922650782,0.5,0.833333333333333,0.666666666666667,0.76,0.333333333333333,0.24,2.77777777777778,0.43859649122807
"3161",0.67741935483871,0.539123420177772,0.5,0.697368421052632,0.416666666666667,0.842105263157895,0.583333333333333,0.157894736842105,2.63888888888889,0.692708333333333
"3162",0.774193548387097,0.374161550948212,0.533333333333333,0.794642857142857,0.571428571428571,0.833333333333333,0.428571428571429,0.166666666666667,3.42857142857143,0.514285714285714
"3163",0.806451612903226,0.365806412887609,0.666666666666667,0.888636363636364,0.545454545454545,0.95,0.454545454545455,0.05,10.9090909090909,0.478468899521531
"3164",0.838709677419355,0.342077303528303,0.736842105263158,0.928571428571429,0.7,0.904761904761905,0.3,0.0952380952380952,7.35,0.331578947368421
"3165",0.806451612903226,0.367186168328008,0.666666666666667,0.826086956521739,0.75,0.826086956521739,0.25,0.173913043478261,4.3125,0.302631578947368
"3166",0.806451612903226,0.421539197943728,0.727272727272727,0.955882352941177,0.571428571428571,1,0.428571428571429,0,Inf,0.428571428571429
"3167",0.838709677419355,0.374715722410687,0.666666666666667,0.873333333333333,0.833333333333333,0.84,0.166666666666667,0.16,5.20833333333333,0.198412698412698
"3168",0.741935483870968,0.416018879072564,0.428571428571429,0.733695652173913,0.375,0.869565217391304,0.625,0.130434782608696,2.875,0.71875
"3169",0.774193548387097,0.432803067889316,0.666666666666667,0.871428571428571,0.7,0.80952380952381,0.3,0.19047619047619,3.675,0.370588235294118
"3170",0.709677419354839,0.420010734866986,0.470588235294118,0.792857142857143,0.4,0.857142857142857,0.6,0.142857142857143,2.8,0.7
"3171",0.741935483870968,0.413403030952627,0.555555555555556,0.914473684210526,0.416666666666667,0.947368421052632,0.583333333333333,0.0526315789473685,7.91666666666666,0.615740740740741
"3172",0.741935483870968,0.407144691728623,0.333333333333333,0.888888888888889,0.222222222222222,0.954545454545455,0.777777777777778,0.0454545454545454,4.88888888888889,0.814814814814815
"3173",0.709677419354839,0.430618128930627,0.470588235294118,0.744565217391304,0.5,0.782608695652174,0.5,0.217391304347826,2.3,0.638888888888889
"3174",0.903225806451613,0.280630109878793,0.727272727272727,0.953703703703704,1,0.888888888888889,0,0.111111111111111,9,0
"3175",0.806451612903226,0.383333387406892,0.7,0.876262626262626,0.777777777777778,0.818181818181818,0.222222222222222,0.181818181818182,4.27777777777778,0.271604938271605
"3176",0.838709677419355,0.373735330388637,0.705882352941177,0.869565217391304,0.75,0.869565217391304,0.25,0.130434782608696,5.75,0.2875
"3177",0.870967741935484,0.343061282411307,0.8,0.898989898989899,0.888888888888889,0.863636363636364,0.111111111111111,0.136363636363636,6.51851851851852,0.128654970760234
"3178",0.612903225806452,0.517582179868191,0.538461538461538,0.754545454545455,0.636363636363636,0.6,0.363636363636364,0.4,1.59090909090909,0.606060606060606
"3179",0.870967741935484,0.339045289778158,0.833333333333333,0.93859649122807,0.833333333333333,0.894736842105263,0.166666666666667,0.105263157894737,7.91666666666667,0.186274509803922
"3180",0.67741935483871,0.404783598000323,0.5,0.798913043478261,0.625,0.695652173913043,0.375,0.304347826086957,2.05357142857143,0.5390625
"3181",0.806451612903226,0.35121652265814,0.625,0.836309523809524,0.714285714285714,0.833333333333333,0.285714285714286,0.166666666666667,4.28571428571429,0.342857142857143
"3182",0.774193548387097,0.346388655636165,0.461538461538462,0.806666666666667,0.5,0.84,0.5,0.16,3.125,0.595238095238095
"3183",0.774193548387097,0.445966521975495,0.72,0.793859649122807,0.75,0.789473684210526,0.25,0.210526315789474,3.5625,0.316666666666667
"3184",0.774193548387097,0.392169582209951,0.695652173913043,0.824561403508772,0.666666666666667,0.842105263157895,0.333333333333333,0.157894736842105,4.22222222222222,0.395833333333333
"3185",0.903225806451613,0.311479719175645,0.857142857142857,0.942857142857143,0.9,0.904761904761905,0.1,0.0952380952380952,9.45,0.110526315789474
"3186",0.903225806451613,0.288657264693865,0.857142857142857,0.961904761904762,0.9,0.904761904761905,0.1,0.0952380952380952,9.45,0.110526315789474
"3187",0.806451612903226,0.373855670009603,0.666666666666667,0.888636363636364,0.545454545454545,0.95,0.454545454545455,0.05,10.9090909090909,0.478468899521531
"3188",0.774193548387097,0.35148746903557,0.461538461538462,0.861538461538462,0.6,0.807692307692308,0.4,0.192307692307692,3.12,0.495238095238095
"3189",0.903225806451613,0.315496265039835,0.842105263157895,0.929347826086957,1,0.869565217391304,0,0.130434782608696,7.66666666666667,0
"3190",0.838709677419355,0.329682629271015,0.761904761904762,0.897727272727273,0.727272727272727,0.9,0.272727272727273,0.1,7.27272727272727,0.303030303030303
"3191",0.838709677419355,0.307107352603588,0.736842105263158,0.926190476190476,0.7,0.904761904761905,0.3,0.0952380952380952,7.35,0.331578947368421
"3192",0.870967741935484,0.320714018421652,0.75,0.954545454545454,0.666666666666667,0.954545454545455,0.333333333333333,0.0454545454545454,14.6666666666667,0.349206349206349
"3193",0.741935483870968,0.382256862154308,0.5,0.821428571428571,0.571428571428571,0.791666666666667,0.428571428571429,0.208333333333333,2.74285714285714,0.541353383458647
"3194",0.806451612903226,0.313113923421386,0.666666666666667,0.910714285714286,0.857142857142857,0.791666666666667,0.142857142857143,0.208333333333333,4.11428571428571,0.180451127819549
"3195",0.774193548387097,0.378779286810146,0.631578947368421,0.858695652173913,0.75,0.782608695652174,0.25,0.217391304347826,3.45,0.319444444444444
"3196",0.806451612903226,0.316307237282425,0.571428571428571,0.856666666666667,0.666666666666667,0.84,0.333333333333333,0.16,4.16666666666667,0.396825396825397
"3197",0.645161290322581,0.534373847613871,0.421052631578947,0.771008403361345,0.285714285714286,0.941176470588235,0.714285714285714,0.0588235294117647,4.85714285714286,0.758928571428572
"3198",0.903225806451613,0.28993286318834,0.842105263157895,0.956521739130435,1,0.869565217391304,0,0.130434782608696,7.66666666666667,0
"3199",0.741935483870968,0.435973606567826,0.6,0.834090909090909,0.545454545454545,0.85,0.454545454545455,0.15,3.63636363636364,0.53475935828877
"3200",0.741935483870968,0.402959989462556,0.666666666666667,0.831818181818182,0.727272727272727,0.75,0.272727272727273,0.25,2.90909090909091,0.363636363636364
"3201",0.645161290322581,0.504792786514549,0.521739130434783,0.728991596638655,0.428571428571429,0.823529411764706,0.571428571428571,0.176470588235294,2.42857142857143,0.693877551020408
"3202",0.741935483870968,0.389970228632978,0.428571428571429,0.766304347826087,0.375,0.869565217391304,0.625,0.130434782608696,2.875,0.71875
"3203",0.870967741935484,0.32426560796464,0.666666666666667,0.88,0.666666666666667,0.92,0.333333333333333,0.08,8.33333333333334,0.36231884057971
"3204",0.741935483870968,0.400167835089721,0.636363636363636,0.825,0.636363636363636,0.8,0.363636363636364,0.2,3.18181818181818,0.454545454545455
"3205",0.806451612903226,0.398253801111594,0.7,0.940789473684211,0.583333333333333,0.947368421052632,0.416666666666667,0.0526315789473685,11.0833333333333,0.439814814814815
"3206",0.709677419354839,0.410289766587524,0.571428571428571,0.776190476190476,0.6,0.761904761904762,0.4,0.238095238095238,2.52,0.525
"3207",0.774193548387097,0.360947704556221,0.533333333333333,0.830769230769231,0.8,0.769230769230769,0.2,0.230769230769231,3.46666666666667,0.26
"3208",0.774193548387097,0.37942466389421,0.695652173913043,0.833333333333333,0.8,0.761904761904762,0.2,0.238095238095238,3.36,0.2625
"3209",0.838709677419355,0.350152858303421,0.761904761904762,0.878571428571429,0.8,0.857142857142857,0.2,0.142857142857143,5.6,0.233333333333333
"3210",0.838709677419355,0.34593305612185,0.615384615384615,0.893333333333333,0.666666666666667,0.88,0.333333333333333,0.12,5.55555555555556,0.378787878787879
"3211",0.741935483870968,0.391730355684079,0.555555555555556,0.895454545454546,0.454545454545455,0.9,0.545454545454545,0.1,4.54545454545455,0.606060606060606
"3212",0.838709677419355,0.364314536282607,0.705882352941177,0.871428571428571,0.6,0.952380952380952,0.4,0.0476190476190477,12.6,0.42
"3213",0.838709677419355,0.322781303710951,0.705882352941177,0.941919191919192,0.666666666666667,0.909090909090909,0.333333333333333,0.0909090909090909,7.33333333333333,0.366666666666667
"3214",0.709677419354839,0.382496269935957,0.608695652173913,0.820707070707071,0.777777777777778,0.681818181818182,0.222222222222222,0.318181818181818,2.44444444444444,0.325925925925926
"3215",0.774193548387097,0.46441469725525,0.666666666666667,0.817226890756303,0.5,1,0.5,0,Inf,0.5
"3216",0.709677419354839,0.458064467713676,0.608695652173913,0.765350877192982,0.583333333333333,0.789473684210526,0.416666666666667,0.210526315789474,2.77083333333333,0.527777777777778
"3217",0.741935483870968,0.424057230572601,0.636363636363636,0.793859649122807,0.583333333333333,0.842105263157895,0.416666666666667,0.157894736842105,3.69444444444444,0.494791666666667
"3218",0.741935483870968,0.431932899434617,0.555555555555556,0.804545454545455,0.454545454545455,0.9,0.545454545454545,0.1,4.54545454545455,0.606060606060606
"3219",0.774193548387097,0.38140213759049,0.533333333333333,0.875,0.5,0.869565217391304,0.5,0.130434782608696,3.83333333333333,0.575
"3220",0.709677419354839,0.40334327238846,0.470588235294118,0.800595238095238,0.571428571428571,0.75,0.428571428571429,0.25,2.28571428571429,0.571428571428572
"3221",0.741935483870968,0.405066003657223,0.6,0.806547619047619,0.857142857142857,0.708333333333333,0.142857142857143,0.291666666666667,2.93877551020408,0.201680672268908
"3222",0.870967741935484,0.306351987957616,0.777777777777778,0.941919191919192,0.777777777777778,0.909090909090909,0.222222222222222,0.0909090909090909,8.55555555555555,0.244444444444444
"3223",0.903225806451613,0.282108563553203,0.769230769230769,0.87797619047619,0.714285714285714,0.958333333333333,0.285714285714286,0.0416666666666666,17.1428571428572,0.298136645962733
"3224",0.774193548387097,0.371323628660018,0.695652173913043,0.893939393939394,0.888888888888889,0.727272727272727,0.111111111111111,0.272727272727273,3.25925925925926,0.152777777777778
"3225",0.870967741935484,0.337124300841861,0.777777777777778,0.861111111111111,0.777777777777778,0.909090909090909,0.222222222222222,0.0909090909090909,8.55555555555555,0.244444444444444
"3226",0.806451612903226,0.352080845301116,0.75,0.927272727272727,0.818181818181818,0.8,0.181818181818182,0.2,4.09090909090909,0.227272727272727
"3227",0.870967741935484,0.256549274124157,0.714285714285714,1,1,0.846153846153846,0,0.153846153846154,6.5,0
"3228",0.741935483870968,0.393972315125189,0.636363636363636,0.856060606060606,0.777777777777778,0.727272727272727,0.222222222222222,0.272727272727273,2.85185185185185,0.305555555555556
"3229",0.838709677419355,0.353032475114235,0.736842105263158,0.888095238095238,0.7,0.904761904761905,0.3,0.0952380952380952,7.35,0.331578947368421
"3230",0.741935483870968,0.330015762670486,0.6,0.923913043478261,0.75,0.739130434782609,0.25,0.260869565217391,2.875,0.338235294117647
"3231",0.774193548387097,0.419411490333811,0.666666666666667,0.842105263157895,0.583333333333333,0.894736842105263,0.416666666666667,0.105263157894737,5.54166666666667,0.465686274509804
"3232",0.709677419354839,0.469382323725497,0.470588235294118,0.725,0.363636363636364,0.9,0.636363636363636,0.1,3.63636363636364,0.707070707070707
"3233",0.838709677419355,0.319374207804801,0.736842105263158,0.94047619047619,1,0.791666666666667,0,0.208333333333333,4.8,0
"3234",0.903225806451613,0.352208437891753,0.857142857142857,0.927272727272727,0.818181818181818,0.95,0.181818181818182,0.05,16.3636363636363,0.191387559808612
"3235",0.806451612903226,0.324792962902365,0.571428571428571,0.895833333333333,0.571428571428571,0.875,0.428571428571429,0.125,4.57142857142857,0.489795918367347
"3236",0.741935483870968,0.389356159327984,0.6,0.838636363636364,0.545454545454545,0.85,0.454545454545455,0.15,3.63636363636364,0.53475935828877
"3237",0.774193548387097,0.403262475961404,0.461538461538462,0.723333333333333,0.5,0.84,0.5,0.16,3.125,0.595238095238095
"3238",0.709677419354839,0.456019904862907,0.470588235294118,0.854545454545454,0.363636363636364,0.9,0.636363636363636,0.1,3.63636363636364,0.707070707070707
"3239",0.741935483870968,0.456750154194006,0.6,0.777272727272727,0.545454545454545,0.85,0.454545454545455,0.15,3.63636363636364,0.53475935828877
"3240",0.870967741935484,0.319708017703906,0.8,0.886363636363636,0.888888888888889,0.863636363636364,0.111111111111111,0.136363636363636,6.51851851851852,0.128654970760234
"3241",0.774193548387097,0.376400218617876,0.588235294117647,0.835714285714286,0.5,0.904761904761905,0.5,0.0952380952380952,5.25,0.552631578947368
"3242",0.903225806451613,0.307991293218833,0.666666666666667,0.763333333333333,0.5,1,0.5,0,Inf,0.5
"3243",0.741935483870968,0.439556946707506,0.636363636363636,0.853260869565217,0.875,0.695652173913043,0.125,0.304347826086957,2.875,0.1796875
"3244",0.870967741935484,0.303348531302779,0.777777777777778,0.95959595959596,0.777777777777778,0.909090909090909,0.222222222222222,0.0909090909090909,8.55555555555555,0.244444444444444
"3245",0.903225806451613,0.308946821514193,0.857142857142857,0.952380952380952,0.9,0.904761904761905,0.1,0.0952380952380952,9.45,0.110526315789474
"3246",0.774193548387097,0.376208143761653,0.666666666666667,0.886363636363636,0.636363636363636,0.85,0.363636363636364,0.15,4.24242424242424,0.427807486631016
"3247",0.806451612903226,0.380955420425193,0.7,0.9,0.636363636363636,0.9,0.363636363636364,0.1,6.36363636363637,0.404040404040404
"3248",0.548387096774194,0.590389852167847,0.363636363636364,0.660087719298246,0.333333333333333,0.684210526315789,0.666666666666667,0.315789473684211,1.05555555555556,0.974358974358974
"3249",0.741935483870968,0.418252301243085,0.6,0.85042735042735,0.461538461538462,0.944444444444444,0.538461538461538,0.0555555555555556,8.3076923076923,0.570135746606335
"3250",0.774193548387097,0.400384425033303,0.666666666666667,0.848684210526316,0.583333333333333,0.894736842105263,0.416666666666667,0.105263157894737,5.54166666666667,0.465686274509804
"3251",0.709677419354839,0.454185139246302,0.571428571428571,0.822649572649573,0.461538461538462,0.888888888888889,0.538461538461538,0.111111111111111,4.15384615384615,0.605769230769231
"3252",0.806451612903226,0.350781082268506,0.625,0.87797619047619,0.714285714285714,0.833333333333333,0.285714285714286,0.166666666666667,4.28571428571429,0.342857142857143
"3253",0.806451612903226,0.360507720701221,0.7,0.929347826086957,0.875,0.782608695652174,0.125,0.217391304347826,4.025,0.159722222222222
"3254",0.774193548387097,0.357207196694695,0.631578947368421,0.875,0.75,0.782608695652174,0.25,0.217391304347826,3.45,0.319444444444444
"3255",0.806451612903226,0.344642217462977,0.571428571428571,0.89945652173913,0.5,0.91304347826087,0.5,0.0869565217391305,5.75,0.547619047619048
"3256",0.870967741935484,0.325759754464028,0.714285714285714,0.934782608695652,0.625,0.956521739130435,0.375,0.0434782608695652,14.375,0.392045454545455
"3257",0.774193548387097,0.384654158114141,0.588235294117647,0.861111111111111,0.555555555555556,0.863636363636364,0.444444444444444,0.136363636363636,4.07407407407407,0.514619883040936
"3258",0.838709677419355,0.394180398881931,0.705882352941177,0.821428571428571,0.6,0.952380952380952,0.4,0.0476190476190477,12.6,0.42
"3259",0.774193548387097,0.382096282154682,0.740740740740741,0.911764705882353,0.714285714285714,0.823529411764706,0.285714285714286,0.176470588235294,4.04761904761905,0.346938775510204
"3260",0.806451612903226,0.393344204892926,0.625,0.77445652173913,0.625,0.869565217391304,0.375,0.130434782608696,4.79166666666667,0.43125
"3261",0.806451612903226,0.351218414609811,0.727272727272727,0.884090909090909,0.727272727272727,0.85,0.272727272727273,0.15,4.84848484848485,0.320855614973262
"3262",0.870967741935484,0.312137861227374,0.8,0.957142857142857,0.8,0.904761904761905,0.2,0.0952380952380952,8.4,0.221052631578947
"3263",0.741935483870968,0.407829952638375,0.555555555555556,0.896666666666667,0.833333333333333,0.72,0.166666666666667,0.28,2.97619047619048,0.231481481481481
"3264",0.903225806451613,0.287649461552204,0.769230769230769,0.952380952380952,0.714285714285714,0.958333333333333,0.285714285714286,0.0416666666666666,17.1428571428572,0.298136645962733
"3265",0.612903225806452,0.445470788760486,0.5,0.795454545454545,0.666666666666667,0.590909090909091,0.333333333333333,0.409090909090909,1.62962962962963,0.564102564102564
"3266",0.838709677419355,0.347035566141428,0.736842105263158,0.881313131313131,0.777777777777778,0.863636363636364,0.222222222222222,0.136363636363636,5.7037037037037,0.257309941520468
"3267",0.741935483870968,0.428787034113228,0.555555555555556,0.80952380952381,0.5,0.857142857142857,0.5,0.142857142857143,3.5,0.583333333333333
"3268",0.903225806451613,0.291644847026254,0.8,0.958333333333333,0.857142857142857,0.916666666666667,0.142857142857143,0.0833333333333334,10.2857142857143,0.155844155844156
"3269",0.774193548387097,0.391208282326717,0.533333333333333,0.823076923076923,0.8,0.769230769230769,0.2,0.230769230769231,3.46666666666667,0.26
"3270",0.838709677419355,0.253380834845032,0.615384615384615,0.990740740740741,1,0.814814814814815,0,0.185185185185185,5.4,0
"3271",0.741935483870968,0.409360657065756,0.555555555555556,0.801630434782609,0.625,0.782608695652174,0.375,0.217391304347826,2.875,0.479166666666667
"3272",0.774193548387097,0.376361262876276,0.631578947368421,0.804347826086957,0.75,0.782608695652174,0.25,0.217391304347826,3.45,0.319444444444444
"3273",0.741935483870968,0.377630692884555,0.5,0.74,0.666666666666667,0.76,0.333333333333333,0.24,2.77777777777778,0.43859649122807
"3274",0.774193548387097,0.405720291695988,0.631578947368421,0.815217391304348,0.75,0.782608695652174,0.25,0.217391304347826,3.45,0.319444444444444
"3275",0.806451612903226,0.368014187287962,0.666666666666667,0.864130434782609,0.75,0.826086956521739,0.25,0.173913043478261,4.3125,0.302631578947368
"3276",0.838709677419355,0.301948310690525,0.666666666666667,0.938461538461538,1,0.807692307692308,0,0.192307692307692,5.2,0
"3277",0.870967741935484,0.278395028253909,0.666666666666667,0.969230769230769,0.8,0.884615384615385,0.2,0.115384615384615,6.93333333333333,0.226086956521739
"3278",0.774193548387097,0.392116625924507,0.631578947368421,0.830808080808081,0.666666666666667,0.818181818181818,0.333333333333333,0.181818181818182,3.66666666666667,0.407407407407407
"3279",0.870967741935484,0.30743706778364,0.8,0.945454545454545,0.727272727272727,0.95,0.272727272727273,0.05,14.5454545454545,0.287081339712919
"3280",0.903225806451613,0.313929982866265,0.8,0.934782608695652,0.75,0.956521739130435,0.25,0.0434782608695652,17.25,0.261363636363636
"3281",0.838709677419355,0.340151633507597,0.736842105263158,0.901515151515151,0.777777777777778,0.863636363636364,0.222222222222222,0.136363636363636,5.7037037037037,0.257309941520468
"3282",0.741935483870968,0.409191087245636,0.5,0.828282828282828,0.444444444444444,0.863636363636364,0.555555555555556,0.136363636363636,3.25925925925926,0.64327485380117
"3283",0.709677419354839,0.456794648052731,0.571428571428571,0.826923076923077,0.461538461538462,0.888888888888889,0.538461538461538,0.111111111111111,4.15384615384615,0.605769230769231
"3284",0.741935483870968,0.428916075110586,0.555555555555556,0.785326086956522,0.625,0.782608695652174,0.375,0.217391304347826,2.875,0.479166666666667
"3285",0.645161290322581,0.50762420157562,0.56,0.760683760683761,0.538461538461538,0.722222222222222,0.461538461538462,0.277777777777778,1.93846153846154,0.63905325443787
"3286",0.806451612903226,0.349865847879446,0.727272727272727,0.876190476190476,0.8,0.80952380952381,0.2,0.19047619047619,4.2,0.247058823529412
"3287",0.741935483870968,0.388542582552419,0.555555555555556,0.804347826086957,0.625,0.782608695652174,0.375,0.217391304347826,2.875,0.479166666666667
"3288",0.741935483870968,0.455735538011273,0.6,0.747619047619048,0.6,0.80952380952381,0.4,0.19047619047619,3.15,0.494117647058824
"3289",0.838709677419355,0.328729443762684,0.705882352941177,0.934343434343434,0.666666666666667,0.909090909090909,0.333333333333333,0.0909090909090909,7.33333333333333,0.366666666666667
"3290",0.774193548387097,0.393870794980352,0.740740740740741,0.842105263157895,0.833333333333333,0.736842105263158,0.166666666666667,0.263157894736842,3.16666666666667,0.226190476190476
"3291",0.806451612903226,0.348561125742483,0.666666666666667,0.873737373737374,0.666666666666667,0.863636363636364,0.333333333333333,0.136363636363636,4.88888888888889,0.385964912280702
"3292",0.838709677419355,0.373728363176441,0.615384615384615,0.886904761904762,0.571428571428571,0.916666666666667,0.428571428571429,0.0833333333333334,6.85714285714285,0.467532467532468
"3293",0.806451612903226,0.374819787318922,0.625,0.876190476190476,0.5,0.952380952380952,0.5,0.0476190476190477,10.5,0.525
"3294",0.838709677419355,0.338130138745523,0.736842105263158,0.856060606060606,0.777777777777778,0.863636363636364,0.222222222222222,0.136363636363636,5.7037037037037,0.257309941520468
"3295",0.870967741935484,0.333174409213074,0.777777777777778,0.957142857142857,0.7,0.952380952380952,0.3,0.0476190476190477,14.7,0.315
"3296",0.838709677419355,0.319832419033392,0.705882352941177,0.934343434343434,0.666666666666667,0.909090909090909,0.333333333333333,0.0909090909090909,7.33333333333333,0.366666666666667
"3297",0.935483870967742,0.281673743489202,0.857142857142857,0.976190476190476,0.857142857142857,0.958333333333333,0.142857142857143,0.0416666666666666,20.5714285714286,0.149068322981366
"3298",0.870967741935484,0.379948316886645,0.777777777777778,0.861111111111111,0.777777777777778,0.909090909090909,0.222222222222222,0.0909090909090909,8.55555555555555,0.244444444444444
"3299",0.903225806451613,0.288892866153304,0.842105263157895,0.956521739130435,1,0.869565217391304,0,0.130434782608696,7.66666666666667,0
"3300",0.838709677419355,0.335314030841229,0.705882352941177,0.929292929292929,0.666666666666667,0.909090909090909,0.333333333333333,0.0909090909090909,7.33333333333333,0.366666666666667
"3301",0.806451612903226,0.360399600859897,0.7,0.876262626262626,0.777777777777778,0.818181818181818,0.222222222222222,0.181818181818182,4.27777777777778,0.271604938271605
"3302",0.838709677419355,0.363059243273742,0.666666666666667,0.845238095238095,0.714285714285714,0.875,0.285714285714286,0.125,5.71428571428571,0.326530612244898
"3303",0.838709677419355,0.360134835768371,0.736842105263158,0.888888888888889,0.777777777777778,0.863636363636364,0.222222222222222,0.136363636363636,5.7037037037037,0.257309941520468
"3304",0.774193548387097,0.377866622558694,0.666666666666667,0.870454545454545,0.636363636363636,0.85,0.363636363636364,0.15,4.24242424242424,0.427807486631016
"3305",0.709677419354839,0.434636294442888,0.571428571428571,0.799145299145299,0.461538461538462,0.888888888888889,0.538461538461538,0.111111111111111,4.15384615384615,0.605769230769231
"3306",0.774193548387097,0.389865801302158,0.666666666666667,0.818181818181818,0.777777777777778,0.772727272727273,0.222222222222222,0.227272727272727,3.42222222222222,0.287581699346405
"3307",0.838709677419355,0.363906647667194,0.666666666666667,0.823369565217391,0.625,0.91304347826087,0.375,0.0869565217391305,7.1875,0.410714285714286
"3308",0.806451612903226,0.384766952702877,0.7,0.913636363636364,0.636363636363636,0.9,0.363636363636364,0.1,6.36363636363637,0.404040404040404
"3309",0.806451612903226,0.356575452874676,0.666666666666667,0.833333333333333,0.6,0.904761904761905,0.4,0.0952380952380952,6.3,0.442105263157895
"3310",0.903225806451613,0.296259808540971,0.823529411764706,0.929292929292929,0.777777777777778,0.954545454545455,0.222222222222222,0.0454545454545454,17.1111111111111,0.232804232804233
"3311",0.774193548387097,0.411223467100174,0.588235294117647,0.840909090909091,0.454545454545455,0.95,0.545454545454545,0.05,9.09090909090908,0.574162679425837
"3312",0.967741935483871,0.287870302240696,0.952380952380952,0.936363636363636,0.909090909090909,1,0.0909090909090909,0,Inf,0.0909090909090909
"3313",0.838709677419355,0.27556296358305,0.736842105263158,0.994047619047619,1,0.791666666666667,0,0.208333333333333,4.8,0
"3314",0.838709677419355,0.391363110405466,0.705882352941177,0.823809523809524,0.6,0.952380952380952,0.4,0.0476190476190477,12.6,0.42
"3315",0.741935483870968,0.400999198393055,0.636363636363636,0.795454545454545,0.636363636363636,0.8,0.363636363636364,0.2,3.18181818181818,0.454545454545455
"3316",0.806451612903226,0.357321152635988,0.727272727272727,0.9,0.727272727272727,0.85,0.272727272727273,0.15,4.84848484848485,0.320855614973262
"3317",0.838709677419355,0.395925222226678,0.705882352941177,0.906818181818182,0.545454545454545,1,0.454545454545455,0,Inf,0.454545454545455
"3318",0.741935483870968,0.417475181509485,0.636363636363636,0.804545454545455,0.636363636363636,0.8,0.363636363636364,0.2,3.18181818181818,0.454545454545455
"3319",0.838709677419355,0.304539797246053,0.705882352941177,0.94047619047619,0.857142857142857,0.833333333333333,0.142857142857143,0.166666666666667,5.14285714285714,0.171428571428571
"3320",0.838709677419355,0.374279668745334,0.705882352941177,0.869047619047619,0.857142857142857,0.833333333333333,0.142857142857143,0.166666666666667,5.14285714285714,0.171428571428571
"3321",0.806451612903226,0.302313733033161,0.571428571428571,0.916666666666667,1,0.777777777777778,0,0.222222222222222,4.5,0
"3322",0.838709677419355,0.358401427388635,0.761904761904762,0.842857142857143,0.8,0.857142857142857,0.2,0.142857142857143,5.6,0.233333333333333
"3323",0.870967741935484,0.26343048801763,0.6,0.884259259259259,0.75,0.888888888888889,0.25,0.111111111111111,6.75,0.28125
"3324",0.709677419354839,0.456528377393118,0.608695652173913,0.858695652173913,0.875,0.652173913043478,0.125,0.347826086956522,2.515625,0.191666666666667
"3325",0.806451612903226,0.379361844104455,0.727272727272727,0.834090909090909,0.727272727272727,0.85,0.272727272727273,0.15,4.84848484848485,0.320855614973262
"3326",0.741935483870968,0.40880733097397,0.6,0.845238095238095,0.857142857142857,0.708333333333333,0.142857142857143,0.291666666666667,2.93877551020408,0.201680672268908
"3327",0.806451612903226,0.338793066159444,0.625,0.886904761904762,0.714285714285714,0.833333333333333,0.285714285714286,0.166666666666667,4.28571428571429,0.342857142857143
"3328",0.903225806451613,0.290626644294237,0.823529411764706,0.948369565217391,0.875,0.91304347826087,0.125,0.0869565217391305,10.0625,0.136904761904762
"3329",0.774193548387097,0.380004084687557,0.533333333333333,0.851010101010101,0.444444444444444,0.909090909090909,0.555555555555556,0.0909090909090909,4.88888888888889,0.611111111111111
"3330",0.774193548387097,0.394472987661963,0.461538461538462,0.861413043478261,0.375,0.91304347826087,0.625,0.0869565217391305,4.3125,0.68452380952381
"3331",0.870967741935484,0.369418657085175,0.8,0.918181818181818,0.727272727272727,0.95,0.272727272727273,0.05,14.5454545454545,0.287081339712919
"3332",0.774193548387097,0.444344688773794,0.72,0.891666666666667,0.6,0.9375,0.4,0.0625,9.6,0.426666666666667
"3333",0.870967741935484,0.327679564254636,0.75,0.848214285714286,0.857142857142857,0.875,0.142857142857143,0.125,6.85714285714286,0.163265306122449
"3334",0.774193548387097,0.389291274228687,0.588235294117647,0.873809523809524,0.5,0.904761904761905,0.5,0.0952380952380952,5.25,0.552631578947368
"3335",0.774193548387097,0.378654357364942,0.666666666666667,0.897727272727273,0.636363636363636,0.85,0.363636363636364,0.15,4.24242424242424,0.427807486631016
"3336",0.774193548387097,0.436625745882582,0.666666666666667,0.8,0.7,0.80952380952381,0.3,0.19047619047619,3.675,0.370588235294118
"3337",0.838709677419355,0.360652704820375,0.666666666666667,0.855978260869565,0.625,0.91304347826087,0.375,0.0869565217391305,7.1875,0.410714285714286
"3338",0.903225806451613,0.279378864389067,0.857142857142857,0.971428571428571,0.9,0.904761904761905,0.1,0.0952380952380952,9.45,0.110526315789474
"3339",0.870967741935484,0.306525802333213,0.846153846153846,0.951754385964912,0.916666666666667,0.842105263157895,0.0833333333333334,0.157894736842105,5.80555555555555,0.0989583333333334
"3340",0.870967741935484,0.264677914431934,0.777777777777778,0.967391304347826,0.875,0.869565217391304,0.125,0.130434782608696,6.70833333333333,0.14375
"3341",0.870967741935484,0.304490789894761,0.777777777777778,0.974747474747475,0.777777777777778,0.909090909090909,0.222222222222222,0.0909090909090909,8.55555555555555,0.244444444444444
"3342",0.903225806451613,0.297413170551655,0.842105263157895,0.931818181818182,0.888888888888889,0.909090909090909,0.111111111111111,0.0909090909090909,9.77777777777777,0.122222222222222
"3343",0.774193548387097,0.362749947153852,0.666666666666667,0.876262626262626,0.777777777777778,0.772727272727273,0.222222222222222,0.227272727272727,3.42222222222222,0.287581699346405
"3344",0.838709677419355,0.287781829126623,0.666666666666667,0.943333333333333,0.833333333333333,0.84,0.166666666666667,0.16,5.20833333333333,0.198412698412698
"3345",0.741935483870968,0.367872673557688,0.6,0.873737373737374,0.666666666666667,0.772727272727273,0.333333333333333,0.227272727272727,2.93333333333333,0.431372549019608
"3346",0.903225806451613,0.283119149475322,0.8,0.964285714285714,0.857142857142857,0.916666666666667,0.142857142857143,0.0833333333333334,10.2857142857143,0.155844155844156
"3347",0.774193548387097,0.393809006733828,0.588235294117647,0.793478260869565,0.625,0.826086956521739,0.375,0.173913043478261,3.59375,0.453947368421053
"3348",0.806451612903226,0.356013204087264,0.727272727272727,0.9,0.8,0.80952380952381,0.2,0.19047619047619,4.2,0.247058823529412
"3349",0.709677419354839,0.46433441822924,0.571428571428571,0.837719298245614,0.5,0.842105263157895,0.5,0.157894736842105,3.16666666666667,0.59375
"3350",0.838709677419355,0.340774940074624,0.666666666666667,0.911616161616162,0.555555555555556,0.954545454545455,0.444444444444444,0.0454545454545454,12.2222222222222,0.465608465608466
"3351",0.774193548387097,0.350045853333432,0.631578947368421,0.861111111111111,0.666666666666667,0.818181818181818,0.333333333333333,0.181818181818182,3.66666666666667,0.407407407407407
"3352",0.870967741935484,0.371870034238133,0.777777777777778,0.888586956521739,0.875,0.869565217391304,0.125,0.130434782608696,6.70833333333333,0.14375
"3353",0.709677419354839,0.455890286391797,0.526315789473684,0.761904761904762,0.5,0.80952380952381,0.5,0.19047619047619,2.625,0.617647058823529
"3354",0.774193548387097,0.399541908559654,0.695652173913043,0.865909090909091,0.727272727272727,0.8,0.272727272727273,0.2,3.63636363636364,0.340909090909091
"3355",0.806451612903226,0.368719333730283,0.666666666666667,0.89047619047619,0.6,0.904761904761905,0.4,0.0952380952380952,6.3,0.442105263157895
"3356",0.774193548387097,0.387892906828199,0.695652173913043,0.868181818181818,0.727272727272727,0.8,0.272727272727273,0.2,3.63636363636364,0.340909090909091
"3357",0.67741935483871,0.409288063590321,0.285714285714286,0.715384615384615,0.4,0.730769230769231,0.6,0.269230769230769,1.48571428571429,0.821052631578947
"3358",0.709677419354839,0.442256774326324,0.571428571428571,0.831140350877193,0.5,0.842105263157895,0.5,0.157894736842105,3.16666666666667,0.59375
"3359",0.806451612903226,0.379824460661286,0.5,0.773333333333333,0.5,0.88,0.5,0.12,4.16666666666667,0.568181818181818
"3360",0.806451612903226,0.325333210752545,0.625,0.855978260869565,0.625,0.869565217391304,0.375,0.130434782608696,4.79166666666667,0.43125
"3361",0.806451612903226,0.339734074375264,0.7,0.888095238095238,0.7,0.857142857142857,0.3,0.142857142857143,4.9,0.35
"3362",0.903225806451613,0.310605465748313,0.842105263157895,0.907142857142857,0.8,0.952380952380952,0.2,0.0476190476190477,16.8,0.21
"3363",0.774193548387097,0.385192744584247,0.631578947368421,0.842857142857143,0.6,0.857142857142857,0.4,0.142857142857143,4.2,0.466666666666667
"3364",0.709677419354839,0.404559237270762,0.608695652173913,0.790909090909091,0.636363636363636,0.75,0.363636363636364,0.25,2.54545454545455,0.484848484848485
"3365",0.774193548387097,0.375737764047516,0.695652173913043,0.868181818181818,0.727272727272727,0.8,0.272727272727273,0.2,3.63636363636364,0.340909090909091
"3366",0.709677419354839,0.438833916821981,0.608695652173913,0.79047619047619,0.7,0.714285714285714,0.3,0.285714285714286,2.45,0.42
"3367",0.741935483870968,0.473764850526661,0.555555555555556,0.769021739130435,0.625,0.782608695652174,0.375,0.217391304347826,2.875,0.479166666666667
"3368",0.645161290322581,0.466916987737153,0.352941176470588,0.755434782608696,0.375,0.739130434782609,0.625,0.260869565217391,1.4375,0.845588235294118
"3369",0.806451612903226,0.336676515424573,0.75,0.921428571428571,0.9,0.761904761904762,0.1,0.238095238095238,3.78,0.13125
"3370",0.806451612903226,0.370426780499448,0.625,0.930952380952381,0.5,0.952380952380952,0.5,0.0476190476190477,10.5,0.525
"3371",0.838709677419355,0.368894656108742,0.761904761904762,0.892543859649123,0.666666666666667,0.947368421052632,0.333333333333333,0.0526315789473685,12.6666666666667,0.351851851851852
"3372",0.774193548387097,0.386479253966271,0.666666666666667,0.905701754385965,0.583333333333333,0.894736842105263,0.416666666666667,0.105263157894737,5.54166666666667,0.465686274509804
"3373",0.709677419354839,0.468047230799003,0.470588235294118,0.752380952380952,0.4,0.857142857142857,0.6,0.142857142857143,2.8,0.7
"3374",0.741935483870968,0.415892745887144,0.636363636363636,0.820454545454545,0.636363636363636,0.8,0.363636363636364,0.2,3.18181818181818,0.454545454545455
"3375",0.838709677419355,0.375558164713144,0.736842105263158,0.868181818181818,0.636363636363636,0.95,0.363636363636364,0.05,12.7272727272727,0.382775119617225
"3376",0.774193548387097,0.352594948328451,0.631578947368421,0.843434343434343,0.666666666666667,0.818181818181818,0.333333333333333,0.181818181818182,3.66666666666667,0.407407407407407
"3377",0.870967741935484,0.338676002829616,0.75,0.930952380952381,0.6,1,0.4,0,Inf,0.4
"3378",0.774193548387097,0.389673711040125,0.588235294117647,0.828804347826087,0.625,0.826086956521739,0.375,0.173913043478261,3.59375,0.453947368421053
"3379",0.838709677419355,0.360046502839563,0.705882352941177,0.94047619047619,0.6,0.952380952380952,0.4,0.0476190476190477,12.6,0.42
"3380",0.806451612903226,0.318462179340451,0.571428571428571,0.88,0.666666666666667,0.84,0.333333333333333,0.16,4.16666666666667,0.396825396825397
"3381",0.806451612903226,0.325730739612492,0.625,0.923913043478261,0.625,0.869565217391304,0.375,0.130434782608696,4.79166666666667,0.43125
"3382",0.870967741935484,0.350740257047368,0.75,0.85952380952381,0.6,1,0.4,0,Inf,0.4
"3383",0.806451612903226,0.411217385554439,0.7,0.89957264957265,0.538461538461538,1,0.461538461538462,0,Inf,0.461538461538462
"3384",0.709677419354839,0.474854650699448,0.307692307692308,0.769047619047619,0.2,0.952380952380952,0.8,0.0476190476190477,4.2,0.84
"3385",0.838709677419355,0.307968368027748,0.761904761904762,0.933333333333333,0.8,0.857142857142857,0.2,0.142857142857143,5.6,0.233333333333333
"3386",0.806451612903226,0.371744840090322,0.7,0.826190476190476,0.7,0.857142857142857,0.3,0.142857142857143,4.9,0.35
"3387",0.838709677419355,0.331496990863924,0.736842105263158,0.921717171717172,0.777777777777778,0.863636363636364,0.222222222222222,0.136363636363636,5.7037037037037,0.257309941520468
"3388",0.774193548387097,0.37872972317067,0.695652173913043,0.927350427350427,0.615384615384615,0.888888888888889,0.384615384615385,0.111111111111111,5.53846153846154,0.432692307692308
"3389",0.870967741935484,0.323602764830312,0.833333333333333,0.913636363636364,0.909090909090909,0.85,0.0909090909090909,0.15,6.06060606060606,0.106951871657754
"3390",0.806451612903226,0.327348518906956,0.571428571428571,0.915384615384615,0.8,0.807692307692308,0.2,0.192307692307692,4.16,0.247619047619048
"3391",0.903225806451613,0.307798845411076,0.769230769230769,0.953804347826087,0.625,1,0.375,0,Inf,0.375
"3392",0.806451612903226,0.346315684534445,0.666666666666667,0.873737373737374,0.666666666666667,0.863636363636364,0.333333333333333,0.136363636363636,4.88888888888889,0.385964912280702
"3393",0.774193548387097,0.379433958984292,0.461538461538462,0.81547619047619,0.428571428571429,0.875,0.571428571428571,0.125,3.42857142857143,0.653061224489796
"3394",0.806451612903226,0.387497432407151,0.666666666666667,0.815656565656566,0.666666666666667,0.863636363636364,0.333333333333333,0.136363636363636,4.88888888888889,0.385964912280702
"3395",0.838709677419355,0.357119428535601,0.782608695652174,0.884090909090909,0.818181818181818,0.85,0.181818181818182,0.15,5.45454545454545,0.213903743315508
"3396",0.774193548387097,0.363524811268143,0.666666666666667,0.848484848484849,0.777777777777778,0.772727272727273,0.222222222222222,0.227272727272727,3.42222222222222,0.287581699346405
"3397",0.806451612903226,0.332973236643926,0.625,0.926666666666667,0.833333333333333,0.8,0.166666666666667,0.2,4.16666666666667,0.208333333333333
"3398",0.806451612903226,0.345318159408572,0.769230769230769,0.927350427350427,0.769230769230769,0.833333333333333,0.230769230769231,0.166666666666667,4.61538461538462,0.276923076923077
"3399",0.612903225806452,0.530991527795763,0.454545454545455,0.78781512605042,0.357142857142857,0.823529411764706,0.642857142857143,0.176470588235294,2.02380952380952,0.780612244897959
"3400",0.709677419354839,0.405150796304304,0.526315789473684,0.79040404040404,0.555555555555556,0.772727272727273,0.444444444444444,0.227272727272727,2.44444444444444,0.57516339869281
"3401",0.774193548387097,0.420111594817144,0.631578947368421,0.822727272727273,0.545454545454545,0.9,0.454545454545455,0.1,5.45454545454546,0.505050505050505
"3402",0.903225806451613,0.319663747634115,0.823529411764706,0.941919191919192,0.777777777777778,0.954545454545455,0.222222222222222,0.0454545454545454,17.1111111111111,0.232804232804233
"3403",0.709677419354839,0.419784118157647,0.526315789473684,0.835714285714286,0.5,0.80952380952381,0.5,0.19047619047619,2.625,0.617647058823529
"3404",0.838709677419355,0.365848676904796,0.761904761904762,0.958333333333333,0.666666666666667,0.947368421052632,0.333333333333333,0.0526315789473685,12.6666666666667,0.351851851851852
"3405",0.709677419354839,0.417478168704596,0.666666666666667,0.863247863247863,0.692307692307692,0.722222222222222,0.307692307692308,0.277777777777778,2.49230769230769,0.42603550295858
"3406",0.709677419354839,0.419919784695782,0.470588235294118,0.8125,0.571428571428571,0.75,0.428571428571429,0.25,2.28571428571429,0.571428571428572
"3407",0.774193548387097,0.418741421256084,0.631578947368421,0.806818181818182,0.545454545454545,0.9,0.454545454545455,0.1,5.45454545454546,0.505050505050505
"3408",0.870967741935484,0.336802109915786,0.777777777777778,0.938095238095238,0.7,0.952380952380952,0.3,0.0476190476190477,14.7,0.315
"3409",0.741935483870968,0.38730595466945,0.6,0.829545454545455,0.545454545454545,0.85,0.454545454545455,0.15,3.63636363636364,0.53475935828877
"3410",0.774193548387097,0.327266450226817,0.631578947368421,0.910714285714286,0.857142857142857,0.75,0.142857142857143,0.25,3.42857142857143,0.190476190476191
"3411",0.806451612903226,0.345253543870176,0.727272727272727,0.919047619047619,0.8,0.80952380952381,0.2,0.19047619047619,4.2,0.247058823529412
"3412",0.838709677419355,0.395055124216743,0.545454545454545,0.82,0.5,0.92,0.5,0.08,6.25,0.543478260869565
"3413",0.67741935483871,0.445449713700334,0.285714285714286,0.702380952380952,0.285714285714286,0.791666666666667,0.714285714285714,0.208333333333333,1.37142857142857,0.902255639097744
"3414",0.67741935483871,0.397529177414533,0.642857142857143,0.83974358974359,0.692307692307692,0.666666666666667,0.307692307692308,0.333333333333333,2.07692307692308,0.461538461538462
"3415",0.774193548387097,0.396125064518622,0.666666666666667,0.893181818181818,0.636363636363636,0.85,0.363636363636364,0.15,4.24242424242424,0.427807486631016
"3416",0.709677419354839,0.434768366660742,0.526315789473684,0.840909090909091,0.454545454545455,0.85,0.545454545454545,0.15,3.03030303030303,0.641711229946524
"3417",0.806451612903226,0.357447182914224,0.625,0.787878787878788,0.555555555555556,0.909090909090909,0.444444444444444,0.0909090909090909,6.11111111111111,0.488888888888889
"3418",0.838709677419355,0.377096983449397,0.761904761904762,0.904545454545455,0.727272727272727,0.9,0.272727272727273,0.1,7.27272727272727,0.303030303030303
"3419",0.806451612903226,0.410323574481272,0.625,0.763586956521739,0.625,0.869565217391304,0.375,0.130434782608696,4.79166666666667,0.43125
"3420",0.774193548387097,0.339301896098011,0.533333333333333,0.907608695652174,0.5,0.869565217391304,0.5,0.130434782608696,3.83333333333333,0.575
"3421",0.774193548387097,0.37992603977654,0.631578947368421,0.845108695652174,0.75,0.782608695652174,0.25,0.217391304347826,3.45,0.319444444444444
"3422",0.774193548387097,0.427326469917873,0.631578947368421,0.788636363636364,0.545454545454545,0.9,0.454545454545455,0.1,5.45454545454546,0.505050505050505
"3423",0.838709677419355,0.322241929190947,0.761904761904762,0.916666666666667,0.888888888888889,0.818181818181818,0.111111111111111,0.181818181818182,4.88888888888889,0.135802469135803
"3424",0.967741935483871,0.268384319476371,0.941176470588235,0.983695652173913,1,0.956521739130435,0,0.0434782608695652,23,0
"3425",0.741935483870968,0.378979744515797,0.6,0.830808080808081,0.666666666666667,0.772727272727273,0.333333333333333,0.227272727272727,2.93333333333333,0.431372549019608
"3426",0.870967741935484,0.313782530176269,0.75,0.855978260869565,0.75,0.91304347826087,0.25,0.0869565217391305,8.62499999999999,0.273809523809524
"3427",0.806451612903226,0.374820537823596,0.571428571428571,0.873333333333333,0.666666666666667,0.84,0.333333333333333,0.16,4.16666666666667,0.396825396825397
"3428",0.806451612903226,0.338851270905644,0.7,0.888888888888889,0.777777777777778,0.818181818181818,0.222222222222222,0.181818181818182,4.27777777777778,0.271604938271605
"3429",0.838709677419355,0.342209476289858,0.705882352941177,0.855978260869565,0.75,0.869565217391304,0.25,0.130434782608696,5.75,0.2875
"3430",0.838709677419355,0.345858300714089,0.761904761904762,0.869047619047619,0.8,0.857142857142857,0.2,0.142857142857143,5.6,0.233333333333333
"3431",0.774193548387097,0.425248647101226,0.631578947368421,0.814285714285714,0.6,0.857142857142857,0.4,0.142857142857143,4.2,0.466666666666667
"3432",0.838709677419355,0.328276070653498,0.666666666666667,0.91304347826087,0.625,0.91304347826087,0.375,0.0869565217391305,7.1875,0.410714285714286
"3433",0.838709677419355,0.329077700943952,0.736842105263158,0.9375,0.875,0.826086956521739,0.125,0.173913043478261,5.03125,0.151315789473684
"3434",0.709677419354839,0.425317530691246,0.571428571428571,0.842857142857143,0.6,0.761904761904762,0.4,0.238095238095238,2.52,0.525
"3435",0.870967741935484,0.325183647653853,0.714285714285714,0.876262626262626,0.555555555555556,1,0.444444444444444,0,Inf,0.444444444444444
"3436",0.903225806451613,0.348260263105793,0.823529411764706,0.907608695652174,0.875,0.91304347826087,0.125,0.0869565217391305,10.0625,0.136904761904762
"3437",0.806451612903226,0.377663654260618,0.666666666666667,0.85054347826087,0.75,0.826086956521739,0.25,0.173913043478261,4.3125,0.302631578947368
"3438",0.806451612903226,0.414524151135573,0.5,0.845108695652174,0.375,0.956521739130435,0.625,0.0434782608695652,8.62500000000001,0.653409090909091
"3439",0.774193548387097,0.379099408086929,0.588235294117647,0.875,0.714285714285714,0.791666666666667,0.285714285714286,0.208333333333333,3.42857142857143,0.360902255639098
"3440",0.870967741935484,0.309220285956924,0.714285714285714,0.922619047619048,0.714285714285714,0.916666666666667,0.285714285714286,0.0833333333333334,8.57142857142857,0.311688311688312
"3441",0.903225806451613,0.281479460526324,0.823529411764706,0.958333333333333,1,0.875,0,0.125,8,0
"3442",0.774193548387097,0.417227052392141,0.695652173913043,0.822727272727273,0.727272727272727,0.8,0.272727272727273,0.2,3.63636363636364,0.340909090909091
"3443",0.870967741935484,0.323929115936844,0.75,0.921195652173913,0.75,0.91304347826087,0.25,0.0869565217391305,8.62499999999999,0.273809523809524
"3444",0.838709677419355,0.359436375250817,0.736842105263158,0.915909090909091,0.636363636363636,0.95,0.363636363636364,0.05,12.7272727272727,0.382775119617225
"3445",0.838709677419355,0.339206557176302,0.736842105263158,0.924242424242424,0.777777777777778,0.863636363636364,0.222222222222222,0.136363636363636,5.7037037037037,0.257309941520468
"3446",0.67741935483871,0.381371641089481,0.5,0.777173913043478,0.625,0.695652173913043,0.375,0.304347826086957,2.05357142857143,0.5390625
"3447",0.774193548387097,0.353978632712797,0.533333333333333,0.839673913043478,0.5,0.869565217391304,0.5,0.130434782608696,3.83333333333333,0.575
"3448",0.774193548387097,0.409037351366565,0.666666666666667,0.89957264957265,0.538461538461538,0.944444444444444,0.461538461538462,0.0555555555555556,9.69230769230769,0.48868778280543
"3449",0.806451612903226,0.389396697511349,0.625,0.835714285714286,0.5,0.952380952380952,0.5,0.0476190476190477,10.5,0.525
"3450",0.806451612903226,0.363742681339783,0.7,0.863636363636364,0.777777777777778,0.818181818181818,0.222222222222222,0.181818181818182,4.27777777777778,0.271604938271605
"3451",0.838709677419355,0.323179914436664,0.705882352941177,0.880434782608696,0.75,0.869565217391304,0.25,0.130434782608696,5.75,0.2875
"3452",0.806451612903226,0.40060402589436,0.666666666666667,0.915909090909091,0.545454545454545,0.95,0.454545454545455,0.05,10.9090909090909,0.478468899521531
"3453",0.774193548387097,0.362918863478747,0.666666666666667,0.890909090909091,0.636363636363636,0.85,0.363636363636364,0.15,4.24242424242424,0.427807486631016
"3454",0.806451612903226,0.338499894428041,0.625,0.904761904761905,0.714285714285714,0.833333333333333,0.285714285714286,0.166666666666667,4.28571428571429,0.342857142857143
"3455",0.774193548387097,0.412618614003887,0.666666666666667,0.818181818181818,0.777777777777778,0.772727272727273,0.222222222222222,0.227272727272727,3.42222222222222,0.287581699346405
"3456",0.838709677419355,0.333289085559674,0.761904761904762,0.854761904761905,0.8,0.857142857142857,0.2,0.142857142857143,5.6,0.233333333333333
"3457",0.709677419354839,0.474280399365267,0.526315789473684,0.822727272727273,0.454545454545455,0.85,0.545454545454545,0.15,3.03030303030303,0.641711229946524
"3458",0.870967741935484,0.331759974923505,0.818181818181818,0.940909090909091,0.818181818181818,0.9,0.181818181818182,0.1,8.18181818181818,0.202020202020202
"3459",0.870967741935484,0.326097522819141,0.8,0.897727272727273,0.727272727272727,0.95,0.272727272727273,0.05,14.5454545454545,0.287081339712919
"3460",0.838709677419355,0.326409340892448,0.736842105263158,0.89047619047619,0.7,0.904761904761905,0.3,0.0952380952380952,7.35,0.331578947368421
"3461",0.709677419354839,0.450861426104449,0.470588235294118,0.764880952380952,0.571428571428571,0.75,0.428571428571429,0.25,2.28571428571429,0.571428571428572
"3462",0.774193548387097,0.41513878318343,0.695652173913043,0.888888888888889,0.615384615384615,0.888888888888889,0.384615384615385,0.111111111111111,5.53846153846154,0.432692307692308
"3463",0.67741935483871,0.395751763734905,0.615384615384615,0.840909090909091,0.727272727272727,0.65,0.272727272727273,0.35,2.07792207792208,0.41958041958042
"3464",0.870967741935484,0.362919079046279,0.714285714285714,0.892857142857143,0.714285714285714,0.916666666666667,0.285714285714286,0.0833333333333334,8.57142857142857,0.311688311688312
"3465",0.806451612903226,0.401893840355336,0.727272727272727,0.856837606837607,0.615384615384615,0.944444444444444,0.384615384615385,0.0555555555555556,11.0769230769231,0.407239819004525
"3466",0.741935483870968,0.421620409615211,0.6,0.797727272727273,0.545454545454545,0.85,0.454545454545455,0.15,3.63636363636364,0.53475935828877
"3467",0.774193548387097,0.38227784698747,0.588235294117647,0.880434782608696,0.625,0.826086956521739,0.375,0.173913043478261,3.59375,0.453947368421053
"3468",0.774193548387097,0.409740118553803,0.533333333333333,0.782828282828283,0.444444444444444,0.909090909090909,0.555555555555556,0.0909090909090909,4.88888888888889,0.611111111111111
"3469",0.903225806451613,0.300072396405478,0.823529411764706,0.945652173913043,0.875,0.91304347826087,0.125,0.0869565217391305,10.0625,0.136904761904762
"3470",0.741935483870968,0.407422374486,0.555555555555556,0.763586956521739,0.625,0.782608695652174,0.375,0.217391304347826,2.875,0.479166666666667
"3471",0.806451612903226,0.388641617789931,0.7,0.886363636363636,0.636363636363636,0.9,0.363636363636364,0.1,6.36363636363637,0.404040404040404
"3472",0.903225806451613,0.300857126258142,0.8,0.904761904761905,0.857142857142857,0.916666666666667,0.142857142857143,0.0833333333333334,10.2857142857143,0.155844155844156
"3473",0.870967741935484,0.356090874196401,0.714285714285714,0.929292929292929,0.555555555555556,1,0.444444444444444,0,Inf,0.444444444444444
"3474",0.709677419354839,0.43793386028738,0.571428571428571,0.796052631578947,0.5,0.842105263157895,0.5,0.157894736842105,3.16666666666667,0.59375
"3475",0.774193548387097,0.408499712972662,0.533333333333333,0.863095238095238,0.571428571428571,0.833333333333333,0.428571428571429,0.166666666666667,3.42857142857143,0.514285714285714
"3476",0.806451612903226,0.360699369739765,0.769230769230769,0.923076923076923,0.769230769230769,0.833333333333333,0.230769230769231,0.166666666666667,4.61538461538462,0.276923076923077
"3477",0.741935483870968,0.389186584629939,0.6,0.869047619047619,0.6,0.80952380952381,0.4,0.19047619047619,3.15,0.494117647058824
"3478",0.774193548387097,0.392810372271961,0.695652173913043,0.892543859649123,0.666666666666667,0.842105263157895,0.333333333333333,0.157894736842105,4.22222222222222,0.395833333333333
"3479",0.838709677419355,0.299566156552923,0.705882352941177,0.940217391304348,0.75,0.869565217391304,0.25,0.130434782608696,5.75,0.2875
"3480",0.870967741935484,0.328932807918784,0.777777777777778,0.891304347826087,0.875,0.869565217391304,0.125,0.130434782608696,6.70833333333333,0.14375
"3481",0.806451612903226,0.37903115659312,0.727272727272727,0.892543859649123,0.666666666666667,0.894736842105263,0.333333333333333,0.105263157894737,6.33333333333333,0.372549019607843
"3482",0.806451612903226,0.349865541072521,0.666666666666667,0.907608695652174,0.75,0.826086956521739,0.25,0.173913043478261,4.3125,0.302631578947368
"3483",0.774193548387097,0.367770501964913,0.695652173913043,0.865909090909091,0.727272727272727,0.8,0.272727272727273,0.2,3.63636363636364,0.340909090909091
"3484",0.67741935483871,0.45416342977528,0.615384615384615,0.797008547008547,0.615384615384615,0.722222222222222,0.384615384615385,0.277777777777778,2.21538461538462,0.532544378698225
"3485",0.806451612903226,0.348773740574723,0.666666666666667,0.885714285714286,0.6,0.904761904761905,0.4,0.0952380952380952,6.3,0.442105263157895
"3486",0.838709677419355,0.358805499691818,0.705882352941177,0.880434782608696,0.75,0.869565217391304,0.25,0.130434782608696,5.75,0.2875
"3487",0.774193548387097,0.410305938864864,0.588235294117647,0.864285714285714,0.5,0.904761904761905,0.5,0.0952380952380952,5.25,0.552631578947368
"3488",0.806451612903226,0.387782592844078,0.75,0.861111111111111,0.692307692307692,0.888888888888889,0.307692307692308,0.111111111111111,6.23076923076923,0.346153846153846
"3489",0.774193548387097,0.401903762356076,0.695652173913043,0.85042735042735,0.615384615384615,0.888888888888889,0.384615384615385,0.111111111111111,5.53846153846154,0.432692307692308
"3490",0.774193548387097,0.416872471229707,0.666666666666667,0.857456140350877,0.583333333333333,0.894736842105263,0.416666666666667,0.105263157894737,5.54166666666667,0.465686274509804
"3491",0.806451612903226,0.369747901560245,0.666666666666667,0.886904761904762,0.857142857142857,0.791666666666667,0.142857142857143,0.208333333333333,4.11428571428571,0.180451127819549
"3492",0.774193548387097,0.379290254627175,0.695652173913043,0.883771929824561,0.666666666666667,0.842105263157895,0.333333333333333,0.157894736842105,4.22222222222222,0.395833333333333
"3493",0.838709677419355,0.351829880392456,0.666666666666667,0.873333333333333,0.833333333333333,0.84,0.166666666666667,0.16,5.20833333333333,0.198412698412698
"3494",0.709677419354839,0.409233973543569,0.608695652173913,0.820707070707071,0.777777777777778,0.681818181818182,0.222222222222222,0.318181818181818,2.44444444444444,0.325925925925926
"3495",0.741935483870968,0.404614237223774,0.6,0.831818181818182,0.545454545454545,0.85,0.454545454545455,0.15,3.63636363636364,0.53475935828877
"3496",0.806451612903226,0.372156987279859,0.727272727272727,0.9,0.727272727272727,0.85,0.272727272727273,0.15,4.84848484848485,0.320855614973262
"3497",0.741935483870968,0.360755326624089,0.636363636363636,0.904040404040404,0.777777777777778,0.727272727272727,0.222222222222222,0.272727272727273,2.85185185185185,0.305555555555556
"3498",0.870967741935484,0.293739535023033,0.666666666666667,0.973333333333333,0.666666666666667,0.92,0.333333333333333,0.08,8.33333333333334,0.36231884057971
"3499",0.806451612903226,0.376534406339676,0.666666666666667,0.848484848484849,0.666666666666667,0.863636363636364,0.333333333333333,0.136363636363636,4.88888888888889,0.385964912280702
"3500",0.774193548387097,0.365428303252469,0.666666666666667,0.869047619047619,0.7,0.80952380952381,0.3,0.19047619047619,3.675,0.370588235294118
"3501",0.709677419354839,0.468771207367824,0.470588235294118,0.804545454545455,0.363636363636364,0.9,0.636363636363636,0.1,3.63636363636364,0.707070707070707
"3502",0.67741935483871,0.453114610592583,0.5,0.769021739130435,0.625,0.695652173913043,0.375,0.304347826086957,2.05357142857143,0.5390625
"3503",0.838709677419355,0.34643916231007,0.615384615384615,0.875,0.571428571428571,0.916666666666667,0.428571428571429,0.0833333333333334,6.85714285714285,0.467532467532468
"3504",0.774193548387097,0.39929439421921,0.72,0.878151260504202,0.642857142857143,0.882352941176471,0.357142857142857,0.117647058823529,5.46428571428571,0.404761904761905
"3505",0.838709677419355,0.311869075545483,0.782608695652174,0.959090909090909,0.818181818181818,0.85,0.181818181818182,0.15,5.45454545454545,0.213903743315508
"3506",0.806451612903226,0.411147558653561,0.7,0.842105263157895,0.583333333333333,0.947368421052632,0.416666666666667,0.0526315789473685,11.0833333333333,0.439814814814815
"3507",0.741935483870968,0.403242230400939,0.636363636363636,0.891025641025641,0.538461538461538,0.888888888888889,0.461538461538462,0.111111111111111,4.84615384615384,0.519230769230769
"3508",0.741935483870968,0.43889550045739,0.636363636363636,0.769736842105263,0.583333333333333,0.842105263157895,0.416666666666667,0.157894736842105,3.69444444444444,0.494791666666667
"3509",0.645161290322581,0.492423130570953,0.521739130434783,0.758771929824561,0.5,0.736842105263158,0.5,0.263157894736842,1.9,0.678571428571429
"3510",0.903225806451613,0.304335828793049,0.857142857142857,0.981818181818182,0.818181818181818,0.95,0.181818181818182,0.05,16.3636363636363,0.191387559808612
"3511",0.806451612903226,0.414007553730747,0.7,0.8,0.636363636363636,0.9,0.363636363636364,0.1,6.36363636363637,0.404040404040404
"3512",0.774193548387097,0.396334220183153,0.533333333333333,0.741847826086957,0.5,0.869565217391304,0.5,0.130434782608696,3.83333333333333,0.575
"3513",0.645161290322581,0.479012657771364,0.476190476190476,0.720454545454545,0.454545454545455,0.75,0.545454545454545,0.25,1.81818181818182,0.727272727272727
"3514",0.870967741935484,0.297094518676191,0.777777777777778,0.94949494949495,0.777777777777778,0.909090909090909,0.222222222222222,0.0909090909090909,8.55555555555555,0.244444444444444
"3515",0.903225806451613,0.271908605969972,0.666666666666667,0.796153846153846,0.6,0.961538461538462,0.4,0.0384615384615384,15.6,0.416
"3516",0.870967741935484,0.330409651552498,0.777777777777778,0.904040404040404,0.777777777777778,0.909090909090909,0.222222222222222,0.0909090909090909,8.55555555555555,0.244444444444444
"3517",0.806451612903226,0.363253064575657,0.75,0.895454545454546,0.818181818181818,0.8,0.181818181818182,0.2,4.09090909090909,0.227272727272727
"3518",0.67741935483871,0.472101979787863,0.285714285714286,0.847619047619048,0.2,0.904761904761905,0.8,0.0952380952380952,2.1,0.88421052631579
"3519",0.870967741935484,0.319770097683476,0.666666666666667,0.845238095238095,0.571428571428571,0.958333333333333,0.428571428571429,0.0416666666666666,13.7142857142857,0.447204968944099
"3520",0.870967741935484,0.308707337546138,0.8,0.944444444444444,0.888888888888889,0.863636363636364,0.111111111111111,0.136363636363636,6.51851851851852,0.128654970760234
"3521",0.774193548387097,0.35077582492432,0.631578947368421,0.902173913043478,0.75,0.782608695652174,0.25,0.217391304347826,3.45,0.319444444444444
"3522",0.774193548387097,0.382973950334267,0.695652173913043,0.901709401709402,0.615384615384615,0.888888888888889,0.384615384615385,0.111111111111111,5.53846153846154,0.432692307692308
"3523",0.774193548387097,0.388782993167565,0.631578947368421,0.769021739130435,0.75,0.782608695652174,0.25,0.217391304347826,3.45,0.319444444444444
"3524",0.870967741935484,0.309093371817918,0.75,0.96,1,0.84,0,0.16,6.25,0
"3525",0.741935483870968,0.414294073963712,0.6,0.78030303030303,0.666666666666667,0.772727272727273,0.333333333333333,0.227272727272727,2.93333333333333,0.431372549019608
"3526",0.774193548387097,0.381975972792607,0.631578947368421,0.878571428571429,0.6,0.857142857142857,0.4,0.142857142857143,4.2,0.466666666666667
"3527",0.709677419354839,0.390775288564618,0.470588235294118,0.772727272727273,0.444444444444444,0.818181818181818,0.555555555555556,0.181818181818182,2.44444444444445,0.679012345679012
"3528",0.935483870967742,0.231311952453966,0.9,1,1,0.909090909090909,0,0.0909090909090909,11,0
"3529",0.838709677419355,0.324649723944546,0.761904761904762,0.928571428571429,0.8,0.857142857142857,0.2,0.142857142857143,5.6,0.233333333333333
"3530",0.870967741935484,0.312458329672408,0.714285714285714,0.861413043478261,0.625,0.956521739130435,0.375,0.0434782608695652,14.375,0.392045454545455
"3531",0.870967741935484,0.310596957165467,0.818181818181818,0.938095238095238,0.9,0.857142857142857,0.1,0.142857142857143,6.3,0.116666666666667
"3532",0.806451612903226,0.38700947934461,0.25,0.823076923076923,0.2,0.923076923076923,0.8,0.0769230769230769,2.6,0.866666666666667
"3533",0.838709677419355,0.357345529724301,0.736842105263158,0.933333333333333,0.7,0.904761904761905,0.3,0.0952380952380952,7.35,0.331578947368421
"3534",0.935483870967742,0.278557422578601,0.857142857142857,0.982142857142857,0.857142857142857,0.958333333333333,0.142857142857143,0.0416666666666666,20.5714285714286,0.149068322981366
"3535",0.774193548387097,0.37946892221571,0.695652173913043,0.883771929824561,0.666666666666667,0.842105263157895,0.333333333333333,0.157894736842105,4.22222222222222,0.395833333333333
"3536",0.774193548387097,0.426245386629362,0.461538461538462,0.735119047619048,0.428571428571429,0.875,0.571428571428571,0.125,3.42857142857143,0.653061224489796
"3537",0.903225806451613,0.263491552177706,0.8,0.98,1,0.88,0,0.12,8.33333333333333,0
"3538",0.806451612903226,0.403587734600473,0.7,0.881818181818182,0.636363636363636,0.9,0.363636363636364,0.1,6.36363636363637,0.404040404040404
"3539",0.741935483870968,0.446793656420855,0.692307692307692,0.803418803418803,0.692307692307692,0.777777777777778,0.307692307692308,0.222222222222222,3.11538461538462,0.395604395604396
"3540",0.709677419354839,0.458438179244923,0.470588235294118,0.829545454545455,0.363636363636364,0.9,0.636363636363636,0.1,3.63636363636364,0.707070707070707
"3541",0.838709677419355,0.330571281941935,0.705882352941177,0.880952380952381,0.6,0.952380952380952,0.4,0.0476190476190477,12.6,0.42
"3542",0.774193548387097,0.434700211232244,0.695652173913043,0.831818181818182,0.727272727272727,0.8,0.272727272727273,0.2,3.63636363636364,0.340909090909091
"3543",0.709677419354839,0.442482324383895,0.571428571428571,0.848290598290598,0.461538461538462,0.888888888888889,0.538461538461538,0.111111111111111,4.15384615384615,0.605769230769231
"3544",0.903225806451613,0.268668579133922,0.727272727272727,0.903333333333333,0.666666666666667,0.96,0.333333333333333,0.04,16.6666666666667,0.347222222222222
"3545",0.774193548387097,0.427954827031449,0.666666666666667,0.815789473684211,0.583333333333333,0.894736842105263,0.416666666666667,0.105263157894737,5.54166666666667,0.465686274509804
"3546",0.806451612903226,0.360939025277167,0.7,0.833333333333333,0.777777777777778,0.818181818181818,0.222222222222222,0.181818181818182,4.27777777777778,0.271604938271605
"3547",0.806451612903226,0.394259353617575,0.666666666666667,0.9,0.545454545454545,0.95,0.454545454545455,0.05,10.9090909090909,0.478468899521531
"3548",0.806451612903226,0.396521233809252,0.666666666666667,0.797619047619048,0.6,0.904761904761905,0.4,0.0952380952380952,6.3,0.442105263157895
"3549",0.645161290322581,0.439914786858961,0.352941176470588,0.672619047619048,0.428571428571429,0.708333333333333,0.571428571428571,0.291666666666667,1.46938775510204,0.80672268907563
"3550",0.806451612903226,0.337656405203696,0.666666666666667,0.871212121212121,0.666666666666667,0.863636363636364,0.333333333333333,0.136363636363636,4.88888888888889,0.385964912280702
"3551",0.806451612903226,0.35719689280269,0.7,0.856060606060606,0.777777777777778,0.818181818181818,0.222222222222222,0.181818181818182,4.27777777777778,0.271604938271605
"3552",0.838709677419355,0.336615306266264,0.736842105263158,0.9,0.7,0.904761904761905,0.3,0.0952380952380952,7.35,0.331578947368421
"3553",0.838709677419355,0.360030075010132,0.615384615384615,0.847826086956522,0.5,0.956521739130435,0.5,0.0434782608695652,11.5,0.522727272727273
"3554",0.838709677419355,0.352669712772179,0.666666666666667,0.866847826086957,0.625,0.91304347826087,0.375,0.0869565217391305,7.1875,0.410714285714286
"3555",0.806451612903226,0.355107360660817,0.625,0.904040404040404,0.555555555555556,0.909090909090909,0.444444444444444,0.0909090909090909,6.11111111111111,0.488888888888889
"3556",0.838709677419355,0.292031053189107,0.705882352941177,0.946666666666667,1,0.8,0,0.2,5,0
"3557",0.774193548387097,0.369392847438862,0.631578947368421,0.866161616161616,0.666666666666667,0.818181818181818,0.333333333333333,0.181818181818182,3.66666666666667,0.407407407407407
"3558",0.838709677419355,0.31830445150254,0.444444444444444,0.892307692307692,0.4,0.923076923076923,0.6,0.0769230769230769,5.2,0.65
"3559",0.903225806451613,0.332470323211282,0.869565217391304,0.969298245614035,0.833333333333333,0.947368421052632,0.166666666666667,0.0526315789473685,15.8333333333333,0.175925925925926
"3560",0.741935483870968,0.418735276287726,0.428571428571429,0.72979797979798,0.333333333333333,0.909090909090909,0.666666666666667,0.0909090909090909,3.66666666666667,0.733333333333333
"3561",0.870967741935484,0.327089219033784,0.8,0.90952380952381,0.8,0.904761904761905,0.2,0.0952380952380952,8.4,0.221052631578947
"3562",0.903225806451613,0.327208609503208,0.823529411764706,0.898989898989899,0.777777777777778,0.954545454545455,0.222222222222222,0.0454545454545454,17.1111111111111,0.232804232804233
"3563",0.806451612903226,0.349334824740217,0.7,0.888888888888889,0.777777777777778,0.818181818181818,0.222222222222222,0.181818181818182,4.27777777777778,0.271604938271605
"3564",0.774193548387097,0.383121520990469,0.533333333333333,0.807065217391304,0.5,0.869565217391304,0.5,0.130434782608696,3.83333333333333,0.575
"3565",0.774193548387097,0.397428132818249,0.588235294117647,0.771739130434783,0.625,0.826086956521739,0.375,0.173913043478261,3.59375,0.453947368421053
"3566",0.774193548387097,0.423463684770301,0.666666666666667,0.888888888888889,0.538461538461538,0.944444444444444,0.461538461538462,0.0555555555555556,9.69230769230769,0.48868778280543
"3567",0.838709677419355,0.290073876990184,0.666666666666667,0.94,0.833333333333333,0.84,0.166666666666667,0.16,5.20833333333333,0.198412698412698
"3568",0.838709677419355,0.332333893030382,0.782608695652174,0.947368421052632,0.75,0.894736842105263,0.25,0.105263157894737,7.125,0.279411764705882
"3569",0.709677419354839,0.433057593336117,0.526315789473684,0.808080808080808,0.555555555555556,0.772727272727273,0.444444444444444,0.227272727272727,2.44444444444444,0.57516339869281
"3570",0.870967741935484,0.331615418107469,0.75,0.902173913043478,0.75,0.91304347826087,0.25,0.0869565217391305,8.62499999999999,0.273809523809524
"3571",0.838709677419355,0.327766949363805,0.814814814814815,0.88034188034188,0.846153846153846,0.833333333333333,0.153846153846154,0.166666666666667,5.07692307692308,0.184615384615385
"3572",0.806451612903226,0.386442846153805,0.625,0.797619047619048,0.714285714285714,0.833333333333333,0.285714285714286,0.166666666666667,4.28571428571429,0.342857142857143
"3573",0.741935483870968,0.386697822224663,0.6,0.833333333333333,0.666666666666667,0.772727272727273,0.333333333333333,0.227272727272727,2.93333333333333,0.431372549019608
"3574",0.838709677419355,0.309268197428511,0.705882352941177,0.934782608695652,0.75,0.869565217391304,0.25,0.130434782608696,5.75,0.2875
"3575",0.709677419354839,0.47793413740474,0.608695652173913,0.820833333333333,0.466666666666667,0.9375,0.533333333333333,0.0625,7.46666666666667,0.568888888888889
"3576",0.903225806451613,0.327830298637231,0.823529411764706,0.904891304347826,0.875,0.91304347826087,0.125,0.0869565217391305,10.0625,0.136904761904762
"3577",0.67741935483871,0.477459334012457,0.642857142857143,0.820833333333333,0.5625,0.8,0.4375,0.2,2.8125,0.546875
"3578",0.838709677419355,0.340098457855083,0.705882352941177,0.876262626262626,0.666666666666667,0.909090909090909,0.333333333333333,0.0909090909090909,7.33333333333333,0.366666666666667
"3579",0.870967741935484,0.32603505488308,0.777777777777778,0.911904761904762,0.7,0.952380952380952,0.3,0.0476190476190477,14.7,0.315
"3580",0.806451612903226,0.367228265309671,0.625,0.83695652173913,0.625,0.869565217391304,0.375,0.130434782608696,4.79166666666667,0.43125
"3581",0.806451612903226,0.368694716601241,0.666666666666667,0.828571428571429,0.6,0.904761904761905,0.4,0.0952380952380952,6.3,0.442105263157895
"3582",0.870967741935484,0.300658601854487,0.666666666666667,0.898809523809524,0.571428571428571,0.958333333333333,0.428571428571429,0.0416666666666666,13.7142857142857,0.447204968944099
"3583",0.806451612903226,0.35739608166252,0.571428571428571,0.886904761904762,0.571428571428571,0.875,0.428571428571429,0.125,4.57142857142857,0.489795918367347
"3584",0.903225806451613,0.290448633113419,0.869565217391304,0.952380952380952,1,0.857142857142857,0,0.142857142857143,7,0
"3585",0.774193548387097,0.393763494725982,0.72,0.85,0.818181818181818,0.75,0.181818181818182,0.25,3.27272727272727,0.242424242424242
"3586",0.870967741935484,0.339771807364083,0.777777777777778,0.930952380952381,0.7,0.952380952380952,0.3,0.0476190476190477,14.7,0.315
"3587",0.806451612903226,0.341557755104587,0.7,0.852380952380952,0.7,0.857142857142857,0.3,0.142857142857143,4.9,0.35
"3588",0.870967741935484,0.325183157422548,0.818181818181818,0.90952380952381,0.9,0.857142857142857,0.1,0.142857142857143,6.3,0.116666666666667
"3589",0.806451612903226,0.373412802143863,0.571428571428571,0.868686868686869,0.444444444444444,0.954545454545455,0.555555555555556,0.0454545454545454,9.77777777777779,0.582010582010582
"3590",0.741935483870968,0.474711658113525,0.555555555555556,0.867521367521368,0.384615384615385,1,0.615384615384615,0,Inf,0.615384615384615
"3591",0.774193548387097,0.363429951218056,0.666666666666667,0.893939393939394,0.777777777777778,0.772727272727273,0.222222222222222,0.227272727272727,3.42222222222222,0.287581699346405
"3592",0.838709677419355,0.333490498650818,0.705882352941177,0.907608695652174,0.75,0.869565217391304,0.25,0.130434782608696,5.75,0.2875
"3593",0.774193548387097,0.394646986426569,0.588235294117647,0.802380952380952,0.5,0.904761904761905,0.5,0.0952380952380952,5.25,0.552631578947368
"3594",0.838709677419355,0.385689628268498,0.782608695652174,0.881578947368421,0.75,0.894736842105263,0.25,0.105263157894737,7.125,0.279411764705882
"3595",0.806451612903226,0.383478686064968,0.727272727272727,0.890350877192982,0.666666666666667,0.894736842105263,0.333333333333333,0.105263157894737,6.33333333333333,0.372549019607843
"3596",0.741935483870968,0.37658665388585,0.428571428571429,0.767857142857143,0.428571428571429,0.833333333333333,0.571428571428571,0.166666666666667,2.57142857142857,0.685714285714286
"3597",0.774193548387097,0.33337381444276,0.588235294117647,0.910714285714286,0.714285714285714,0.791666666666667,0.285714285714286,0.208333333333333,3.42857142857143,0.360902255639098
"3598",0.774193548387097,0.395380821268068,0.666666666666667,0.873809523809524,0.7,0.80952380952381,0.3,0.19047619047619,3.675,0.370588235294118
"3599",0.806451612903226,0.377639575809988,0.625,0.909090909090909,0.454545454545455,1,0.545454545454545,0,Inf,0.545454545454545
"3600",0.806451612903226,0.364795699950251,0.727272727272727,0.904040404040404,0.888888888888889,0.772727272727273,0.111111111111111,0.227272727272727,3.91111111111111,0.143790849673203
"3601",0.774193548387097,0.417413748173065,0.588235294117647,0.826086956521739,0.625,0.826086956521739,0.375,0.173913043478261,3.59375,0.453947368421053
"3602",0.838709677419355,0.342280710553728,0.814814814814815,0.918181818181818,1,0.75,0,0.25,4,0
"3603",0.741935483870968,0.410412943184418,0.6,0.800595238095238,0.857142857142857,0.708333333333333,0.142857142857143,0.291666666666667,2.93877551020408,0.201680672268908
"3604",0.774193548387097,0.382185735721178,0.666666666666667,0.910087719298246,0.583333333333333,0.894736842105263,0.416666666666667,0.105263157894737,5.54166666666667,0.465686274509804
"3605",0.935483870967742,0.274722712180872,0.833333333333333,0.973333333333333,0.833333333333333,0.96,0.166666666666667,0.04,20.8333333333333,0.173611111111111
"3606",0.838709677419355,0.343608283374256,0.545454545454545,0.8125,0.428571428571429,0.958333333333333,0.571428571428571,0.0416666666666666,10.2857142857143,0.596273291925466
"3607",0.838709677419355,0.360028229297616,0.666666666666667,0.8125,0.714285714285714,0.875,0.285714285714286,0.125,5.71428571428571,0.326530612244898
"3608",0.806451612903226,0.394798029658727,0.666666666666667,0.826190476190476,0.6,0.904761904761905,0.4,0.0952380952380952,6.3,0.442105263157895
"3609",0.838709677419355,0.323556721222342,0.782608695652174,0.925438596491228,0.75,0.894736842105263,0.25,0.105263157894737,7.125,0.279411764705882
"3610",0.806451612903226,0.338634133874005,0.571428571428571,0.922619047619048,0.571428571428571,0.875,0.428571428571429,0.125,4.57142857142857,0.489795918367347
"3611",0.774193548387097,0.412061615666545,0.631578947368421,0.848484848484849,0.666666666666667,0.818181818181818,0.333333333333333,0.181818181818182,3.66666666666667,0.407407407407407
"3612",0.741935483870968,0.369129153681266,0.555555555555556,0.863095238095238,0.714285714285714,0.75,0.285714285714286,0.25,2.85714285714286,0.380952380952381
"3613",0.741935483870968,0.4258969818179,0.5,0.827272727272727,0.363636363636364,0.95,0.636363636363636,0.05,7.27272727272727,0.669856459330144
"3614",0.709677419354839,0.438224780012861,0.571428571428571,0.837719298245614,0.5,0.842105263157895,0.5,0.157894736842105,3.16666666666667,0.59375
"3615",0.806451612903226,0.362778704573447,0.571428571428571,0.831521739130435,0.5,0.91304347826087,0.5,0.0869565217391305,5.75,0.547619047619048
"3616",0.806451612903226,0.353787518004176,0.7,0.883333333333333,0.7,0.857142857142857,0.3,0.142857142857143,4.9,0.35
"3617",0.903225806451613,0.339164691591271,0.8,0.911616161616162,0.666666666666667,1,0.333333333333333,0,Inf,0.333333333333333
"3618",0.806451612903226,0.336452178633537,0.625,0.889880952380952,0.714285714285714,0.833333333333333,0.285714285714286,0.166666666666667,4.28571428571429,0.342857142857143
"3619",0.935483870967742,0.275174721109265,0.875,0.976190476190476,1,0.916666666666667,0,0.0833333333333334,12,0
"3620",0.806451612903226,0.36287237070666,0.7,0.9,0.636363636363636,0.9,0.363636363636364,0.1,6.36363636363637,0.404040404040404
"3621",0.838709677419355,0.372905205814283,0.705882352941177,0.911904761904762,0.6,0.952380952380952,0.4,0.0476190476190477,12.6,0.42
"3622",0.838709677419355,0.317715025915907,0.761904761904762,0.939393939393939,0.888888888888889,0.818181818181818,0.111111111111111,0.181818181818182,4.88888888888889,0.135802469135803
"3623",0.806451612903226,0.391874830708691,0.7,0.859523809523809,0.7,0.857142857142857,0.3,0.142857142857143,4.9,0.35
"3624",0.806451612903226,0.379109629593443,0.666666666666667,0.845959595959596,0.666666666666667,0.863636363636364,0.333333333333333,0.136363636363636,4.88888888888889,0.385964912280702
"3625",0.870967741935484,0.314980605623312,0.777777777777778,0.895238095238095,0.7,0.952380952380952,0.3,0.0476190476190477,14.7,0.315
"3626",0.870967741935484,0.346832472029097,0.833333333333333,0.918181818181818,0.909090909090909,0.85,0.0909090909090909,0.15,6.06060606060606,0.106951871657754
"3627",0.806451612903226,0.366677809459635,0.75,0.935897435897436,0.692307692307692,0.888888888888889,0.307692307692308,0.111111111111111,6.23076923076923,0.346153846153846
"3628",0.838709677419355,0.38999199247197,0.761904761904762,0.833333333333333,0.8,0.857142857142857,0.2,0.142857142857143,5.6,0.233333333333333
"3629",0.838709677419355,0.373545268869095,0.666666666666667,0.851190476190476,0.714285714285714,0.875,0.285714285714286,0.125,5.71428571428571,0.326530612244898
"3630",0.774193548387097,0.393701358452495,0.666666666666667,0.814285714285714,0.7,0.80952380952381,0.3,0.19047619047619,3.675,0.370588235294118
"3631",0.741935483870968,0.371167163258209,0.636363636363636,0.851010101010101,0.777777777777778,0.727272727272727,0.222222222222222,0.272727272727273,2.85185185185185,0.305555555555556
"3632",0.806451612903226,0.374805770391078,0.727272727272727,0.890350877192982,0.666666666666667,0.894736842105263,0.333333333333333,0.105263157894737,6.33333333333333,0.372549019607843
"3633",0.709677419354839,0.442209035552169,0.4,0.724747474747475,0.333333333333333,0.863636363636364,0.666666666666667,0.136363636363636,2.44444444444444,0.771929824561404
"3634",0.774193548387097,0.400063555098352,0.588235294117647,0.820707070707071,0.555555555555556,0.863636363636364,0.444444444444444,0.136363636363636,4.07407407407407,0.514619883040936
"3635",0.838709677419355,0.336978734091182,0.705882352941177,0.875,0.75,0.869565217391304,0.25,0.130434782608696,5.75,0.2875
"3636",0.741935483870968,0.330196170540048,0.5,0.906666666666667,0.666666666666667,0.76,0.333333333333333,0.24,2.77777777777778,0.43859649122807
"3637",0.870967741935484,0.324381908455758,0.777777777777778,0.885714285714286,0.7,0.952380952380952,0.3,0.0476190476190477,14.7,0.315
"3638",0.741935483870968,0.375750285582937,0.333333333333333,0.723333333333333,0.333333333333333,0.84,0.666666666666667,0.16,2.08333333333333,0.793650793650794
"3639",0.870967741935484,0.323261068054271,0.777777777777778,0.891304347826087,0.875,0.869565217391304,0.125,0.130434782608696,6.70833333333333,0.14375
"3640",0.67741935483871,0.444340291047597,0.285714285714286,0.72,0.333333333333333,0.76,0.666666666666667,0.24,1.38888888888889,0.87719298245614
"3641",0.870967741935484,0.305252238913205,0.8,0.939393939393939,0.888888888888889,0.863636363636364,0.111111111111111,0.136363636363636,6.51851851851852,0.128654970760234
"3642",0.806451612903226,0.325557407417775,0.625,0.892857142857143,0.714285714285714,0.833333333333333,0.285714285714286,0.166666666666667,4.28571428571429,0.342857142857143
"3643",0.741935483870968,0.370772052083198,0.6,0.807142857142857,0.6,0.80952380952381,0.4,0.19047619047619,3.15,0.494117647058824
"3644",0.612903225806452,0.558201461078863,0.6,0.857142857142857,0.9,0.476190476190476,0.1,0.523809523809524,1.71818181818182,0.21
"3645",0.806451612903226,0.377205444819887,0.666666666666667,0.852380952380952,0.6,0.904761904761905,0.4,0.0952380952380952,6.3,0.442105263157895
"3646",0.709677419354839,0.421790529000893,0.571428571428571,0.835714285714286,0.6,0.761904761904762,0.4,0.238095238095238,2.52,0.525
"3647",0.774193548387097,0.444871069836086,0.666666666666667,0.884615384615385,0.538461538461538,0.944444444444444,0.461538461538462,0.0555555555555556,9.69230769230769,0.48868778280543
"3648",0.806451612903226,0.378436000813196,0.7,0.891304347826087,0.875,0.782608695652174,0.125,0.217391304347826,4.025,0.159722222222222
"3649",0.806451612903226,0.363665542262615,0.625,0.88,0.833333333333333,0.8,0.166666666666667,0.2,4.16666666666667,0.208333333333333
"3650",0.741935483870968,0.422019714207623,0.6,0.772727272727273,0.666666666666667,0.772727272727273,0.333333333333333,0.227272727272727,2.93333333333333,0.431372549019608
"3651",0.838709677419355,0.364985452004938,0.736842105263158,0.873809523809524,0.7,0.904761904761905,0.3,0.0952380952380952,7.35,0.331578947368421
"3652",0.838709677419355,0.346582633340065,0.615384615384615,0.875,0.571428571428571,0.916666666666667,0.428571428571429,0.0833333333333334,6.85714285714285,0.467532467532468
"3653",0.838709677419355,0.327398639427975,0.666666666666667,0.87202380952381,0.714285714285714,0.875,0.285714285714286,0.125,5.71428571428571,0.326530612244898
"3654",0.870967741935484,0.340206562767261,0.777777777777778,0.866847826086957,0.875,0.869565217391304,0.125,0.130434782608696,6.70833333333333,0.14375
"3655",0.774193548387097,0.35766634678713,0.631578947368421,0.858585858585859,0.666666666666667,0.818181818181818,0.333333333333333,0.181818181818182,3.66666666666667,0.407407407407407
"3656",0.806451612903226,0.386493099163488,0.625,0.919047619047619,0.5,0.952380952380952,0.5,0.0476190476190477,10.5,0.525
"3657",0.741935483870968,0.360492081881718,0.5,0.826666666666667,0.666666666666667,0.76,0.333333333333333,0.24,2.77777777777778,0.43859649122807
"3658",0.774193548387097,0.334927907837224,0.631578947368421,0.877717391304348,0.75,0.782608695652174,0.25,0.217391304347826,3.45,0.319444444444444
"3659",0.870967741935484,0.31168933005859,0.8,0.883333333333333,0.8,0.904761904761905,0.2,0.0952380952380952,8.4,0.221052631578947
"3660",0.838709677419355,0.307660858271966,0.782608695652174,0.906818181818182,0.818181818181818,0.85,0.181818181818182,0.15,5.45454545454545,0.213903743315508
"3661",0.774193548387097,0.381346937090545,0.666666666666667,0.835714285714286,0.7,0.80952380952381,0.3,0.19047619047619,3.675,0.370588235294118
"3662",0.774193548387097,0.404886992482278,0.631578947368421,0.934210526315789,0.5,0.947368421052632,0.5,0.0526315789473685,9.49999999999999,0.527777777777778
"3663",0.806451612903226,0.349852253161649,0.7,0.835858585858586,0.777777777777778,0.818181818181818,0.222222222222222,0.181818181818182,4.27777777777778,0.271604938271605
"3664",0.709677419354839,0.401743482657608,0.608695652173913,0.836363636363636,0.636363636363636,0.75,0.363636363636364,0.25,2.54545454545455,0.484848484848485
"3665",0.838709677419355,0.330197228062232,0.705882352941177,0.916666666666667,0.6,0.952380952380952,0.4,0.0476190476190477,12.6,0.42
"3666",0.774193548387097,0.393766388347278,0.695652173913043,0.853070175438597,0.666666666666667,0.842105263157895,0.333333333333333,0.157894736842105,4.22222222222222,0.395833333333333
"3667",0.838709677419355,0.327730070007206,0.705882352941177,0.91304347826087,0.75,0.869565217391304,0.25,0.130434782608696,5.75,0.2875
"3668",0.806451612903226,0.376839323943744,0.727272727272727,0.84047619047619,0.8,0.80952380952381,0.2,0.19047619047619,4.2,0.247058823529412
"3669",0.903225806451613,0.307768517816545,0.8,0.945652173913043,0.75,0.956521739130435,0.25,0.0434782608695652,17.25,0.261363636363636
"3670",0.741935483870968,0.418898533709137,0.5,0.888461538461538,0.8,0.730769230769231,0.2,0.269230769230769,2.97142857142857,0.273684210526316
"3671",0.741935483870968,0.425237857877971,0.636363636363636,0.826190476190476,0.7,0.761904761904762,0.3,0.238095238095238,2.94,0.39375
"3672",0.838709677419355,0.348535748161172,0.705882352941177,0.869047619047619,0.6,0.952380952380952,0.4,0.0476190476190477,12.6,0.42
"3673",0.903225806451613,0.317198300742301,0.769230769230769,0.926630434782609,0.625,1,0.375,0,Inf,0.375
"3674",0.774193548387097,0.38875205168513,0.533333333333333,0.876262626262626,0.444444444444444,0.909090909090909,0.555555555555556,0.0909090909090909,4.88888888888889,0.611111111111111
"3675",0.806451612903226,0.351150482374714,0.571428571428571,0.888586956521739,0.5,0.91304347826087,0.5,0.0869565217391305,5.75,0.547619047619048
"3676",0.838709677419355,0.327279148487719,0.736842105263158,0.933333333333333,0.7,0.904761904761905,0.3,0.0952380952380952,7.35,0.331578947368421
"3677",0.838709677419355,0.295337446864823,0.666666666666667,0.913690476190476,0.714285714285714,0.875,0.285714285714286,0.125,5.71428571428571,0.326530612244898
"3678",0.870967741935484,0.294508757176183,0.777777777777778,0.945652173913043,0.875,0.869565217391304,0.125,0.130434782608696,6.70833333333333,0.14375
"3679",0.838709677419355,0.389544788769923,0.8,0.975,0.666666666666667,1,0.333333333333333,0,Inf,0.333333333333333
"3680",0.870967741935484,0.258554413266588,0.777777777777778,0.988095238095238,1,0.833333333333333,0,0.166666666666667,6,0
"3681",0.838709677419355,0.383902252274878,0.761904761904762,0.893162393162393,0.615384615384615,1,0.384615384615385,0,Inf,0.384615384615385
"3682",0.967741935483871,0.264428096261148,0.933333333333333,0.988095238095238,1,0.958333333333333,0,0.0416666666666666,24,0
"3683",0.838709677419355,0.307352247306734,0.761904761904762,0.952380952380952,0.8,0.857142857142857,0.2,0.142857142857143,5.6,0.233333333333333
"3684",0.838709677419355,0.363648794698459,0.782608695652174,0.886363636363636,0.818181818181818,0.85,0.181818181818182,0.15,5.45454545454545,0.213903743315508
"3685",0.806451612903226,0.378918576566646,0.7,0.858585858585859,0.777777777777778,0.818181818181818,0.222222222222222,0.181818181818182,4.27777777777778,0.271604938271605
"3686",0.774193548387097,0.461792916818268,0.72,0.864583333333333,0.6,0.9375,0.4,0.0625,9.6,0.426666666666667
"3687",0.806451612903226,0.367845379387004,0.666666666666667,0.885714285714286,0.6,0.904761904761905,0.4,0.0952380952380952,6.3,0.442105263157895
"3688",0.838709677419355,0.385255285142793,0.761904761904762,0.854545454545455,0.727272727272727,0.9,0.272727272727273,0.1,7.27272727272727,0.303030303030303
"3689",0.774193548387097,0.387948917152771,0.461538461538462,0.8125,0.375,0.91304347826087,0.625,0.0869565217391305,4.3125,0.68452380952381
"3690",0.806451612903226,0.372312503084299,0.571428571428571,0.873333333333333,0.666666666666667,0.84,0.333333333333333,0.16,4.16666666666667,0.396825396825397
"3691",0.741935483870968,0.393719777788226,0.6,0.843434343434343,0.666666666666667,0.772727272727273,0.333333333333333,0.227272727272727,2.93333333333333,0.431372549019608
"3692",0.774193548387097,0.377096472218868,0.666666666666667,0.85952380952381,0.7,0.80952380952381,0.3,0.19047619047619,3.675,0.370588235294118
"3693",0.870967741935484,0.368308281919926,0.75,0.869565217391304,0.75,0.91304347826087,0.25,0.0869565217391305,8.62499999999999,0.273809523809524
"3694",0.774193548387097,0.385629915798321,0.695652173913043,0.89957264957265,0.615384615384615,0.888888888888889,0.384615384615385,0.111111111111111,5.53846153846154,0.432692307692308
"3695",0.838709677419355,0.366225476392875,0.666666666666667,0.85054347826087,0.625,0.91304347826087,0.375,0.0869565217391305,7.1875,0.410714285714286
"3696",0.774193548387097,0.390651564868412,0.588235294117647,0.868686868686869,0.555555555555556,0.863636363636364,0.444444444444444,0.136363636363636,4.07407407407407,0.514619883040936
"3697",0.838709677419355,0.363459077352149,0.705882352941177,0.871212121212121,0.666666666666667,0.909090909090909,0.333333333333333,0.0909090909090909,7.33333333333333,0.366666666666667
"3698",0.870967741935484,0.367632362549847,0.818181818181818,0.94017094017094,0.692307692307692,1,0.307692307692308,0,Inf,0.307692307692308
"3699",0.741935483870968,0.393717690162417,0.666666666666667,0.857456140350877,0.666666666666667,0.789473684210526,0.333333333333333,0.210526315789474,3.16666666666667,0.422222222222222
"3700",0.806451612903226,0.368385730303826,0.625,0.880434782608696,0.625,0.869565217391304,0.375,0.130434782608696,4.79166666666667,0.43125
"3701",0.838709677419355,0.29458116676308,0.705882352941177,0.946428571428571,0.857142857142857,0.833333333333333,0.142857142857143,0.166666666666667,5.14285714285714,0.171428571428571
"3702",0.774193548387097,0.379799759152222,0.666666666666667,0.839673913043478,0.875,0.739130434782609,0.125,0.260869565217391,3.35416666666667,0.169117647058824
"3703",0.903225806451613,0.309076864326926,0.8,0.929347826086957,0.75,0.956521739130435,0.25,0.0434782608695652,17.25,0.261363636363636
"3704",0.838709677419355,0.404022299368057,0.761904761904762,0.908119658119658,0.615384615384615,1,0.384615384615385,0,Inf,0.384615384615385
"3705",0.903225806451613,0.295224159681687,0.823529411764706,0.974747474747475,0.777777777777778,0.954545454545455,0.222222222222222,0.0454545454545454,17.1111111111111,0.232804232804233
"3706",0.806451612903226,0.334059495750204,0.666666666666667,0.902173913043478,0.75,0.826086956521739,0.25,0.173913043478261,4.3125,0.302631578947368
"3707",0.838709677419355,0.366777472242808,0.736842105263158,0.913636363636364,0.636363636363636,0.95,0.363636363636364,0.05,12.7272727272727,0.382775119617225
"3708",0.838709677419355,0.356329544653126,0.782608695652174,0.912280701754386,0.75,0.894736842105263,0.25,0.105263157894737,7.125,0.279411764705882
"3709",0.838709677419355,0.311068012246662,0.761904761904762,0.914141414141414,0.888888888888889,0.818181818181818,0.111111111111111,0.181818181818182,4.88888888888889,0.135802469135803
"3710",0.967741935483871,0.271872065581089,0.923076923076923,0.986666666666667,1,0.96,0,0.04,25,0
"3711",0.774193548387097,0.409528847413504,0.588235294117647,0.828804347826087,0.625,0.826086956521739,0.375,0.173913043478261,3.59375,0.453947368421053
"3712",0.741935483870968,0.397969206664196,0.6,0.864285714285714,0.6,0.80952380952381,0.4,0.19047619047619,3.15,0.494117647058824
"3713",0.806451612903226,0.346301716379035,0.625,0.896464646464647,0.555555555555556,0.909090909090909,0.444444444444444,0.0909090909090909,6.11111111111111,0.488888888888889
"3714",0.741935483870968,0.393046188937774,0.666666666666667,0.836363636363636,0.727272727272727,0.75,0.272727272727273,0.25,2.90909090909091,0.363636363636364
"3715",0.903225806451613,0.262721507686253,0.8,0.976190476190476,0.857142857142857,0.916666666666667,0.142857142857143,0.0833333333333334,10.2857142857143,0.155844155844156
"3716",0.838709677419355,0.379092005036217,0.705882352941177,0.830952380952381,0.6,0.952380952380952,0.4,0.0476190476190477,12.6,0.42
"3717",0.741935483870968,0.369544199590252,0.555555555555556,0.815656565656566,0.555555555555556,0.818181818181818,0.444444444444444,0.181818181818182,3.05555555555556,0.54320987654321
"3718",0.774193548387097,0.434423290862115,0.588235294117647,0.916666666666667,0.416666666666667,1,0.583333333333333,0,Inf,0.583333333333333
"3719",0.774193548387097,0.427934416245813,0.631578947368421,0.884090909090909,0.545454545454545,0.9,0.454545454545455,0.1,5.45454545454546,0.505050505050505
"3720",0.935483870967742,0.233384480774202,0.875,0.972826086956522,0.875,0.956521739130435,0.125,0.0434782608695652,20.125,0.130681818181818
"3721",0.935483870967742,0.25826444626036,0.8,0.972222222222222,1,0.925925925925926,0,0.0740740740740741,13.5,0
"3722",0.741935483870968,0.35429817297902,0.636363636363636,0.863636363636364,0.636363636363636,0.8,0.363636363636364,0.2,3.18181818181818,0.454545454545455
"3723",0.935483870967742,0.316110550171844,0.875,0.956521739130435,0.875,0.956521739130435,0.125,0.0434782608695652,20.125,0.130681818181818
"3724",0.806451612903226,0.292894926941403,0.625,0.863095238095238,0.714285714285714,0.833333333333333,0.285714285714286,0.166666666666667,4.28571428571429,0.342857142857143
"3725",0.806451612903226,0.372346080218421,0.625,0.735119047619048,0.714285714285714,0.833333333333333,0.285714285714286,0.166666666666667,4.28571428571429,0.342857142857143
"3726",0.806451612903226,0.314320481794497,0.625,0.87797619047619,0.714285714285714,0.833333333333333,0.285714285714286,0.166666666666667,4.28571428571429,0.342857142857143
"3727",0.838709677419355,0.367993933330635,0.782608695652174,0.883771929824561,0.75,0.894736842105263,0.25,0.105263157894737,7.125,0.279411764705882
"3728",0.838709677419355,0.377479713284558,0.761904761904762,0.863636363636364,0.727272727272727,0.9,0.272727272727273,0.1,7.27272727272727,0.303030303030303
"3729",0.935483870967742,0.259761784511453,0.833333333333333,0.969230769230769,1,0.923076923076923,0,0.0769230769230769,13,0
"3730",0.806451612903226,0.360691355764753,0.727272727272727,0.859649122807018,0.666666666666667,0.894736842105263,0.333333333333333,0.105263157894737,6.33333333333333,0.372549019607843
"3731",0.774193548387097,0.374435287417175,0.666666666666667,0.927631578947368,0.583333333333333,0.894736842105263,0.416666666666667,0.105263157894737,5.54166666666667,0.465686274509804
"3732",0.709677419354839,0.462898985187897,0.666666666666667,0.773504273504274,0.692307692307692,0.722222222222222,0.307692307692308,0.277777777777778,2.49230769230769,0.42603550295858
"3733",0.67741935483871,0.492788688530685,0.5,0.848739495798319,0.357142857142857,0.941176470588235,0.642857142857143,0.0588235294117647,6.07142857142857,0.683035714285714
"3734",0.838709677419355,0.309754969405515,0.761904761904762,0.94047619047619,0.8,0.857142857142857,0.2,0.142857142857143,5.6,0.233333333333333
"3735",0.741935483870968,0.432559053627188,0.555555555555556,0.827272727272727,0.454545454545455,0.9,0.545454545454545,0.1,4.54545454545455,0.606060606060606
"3736",0.806451612903226,0.344164130988198,0.5,0.883928571428571,0.428571428571429,0.916666666666667,0.571428571428571,0.0833333333333334,5.14285714285714,0.623376623376623
"3737",0.806451612903226,0.341571034527463,0.625,0.853260869565217,0.625,0.869565217391304,0.375,0.130434782608696,4.79166666666667,0.43125
"3738",0.774193548387097,0.344856727989735,0.631578947368421,0.922619047619048,0.857142857142857,0.75,0.142857142857143,0.25,3.42857142857143,0.190476190476191
"3739",0.806451612903226,0.378629475415052,0.571428571428571,0.773809523809524,0.571428571428571,0.875,0.428571428571429,0.125,4.57142857142857,0.489795918367347
"3740",0.838709677419355,0.297158214569683,0.666666666666667,0.93,0.833333333333333,0.84,0.166666666666667,0.16,5.20833333333333,0.198412698412698
"3741",0.774193548387097,0.438364220178684,0.631578947368421,0.85,0.545454545454545,0.9,0.454545454545455,0.1,5.45454545454546,0.505050505050505
"3742",0.806451612903226,0.368687236887108,0.7,0.864285714285714,0.7,0.857142857142857,0.3,0.142857142857143,4.9,0.35
"3743",0.774193548387097,0.373500131441834,0.631578947368421,0.9,0.6,0.857142857142857,0.4,0.142857142857143,4.2,0.466666666666667
"3744",0.903225806451613,0.306823602338535,0.823529411764706,0.945652173913043,0.875,0.91304347826087,0.125,0.0869565217391305,10.0625,0.136904761904762
"3745",0.870967741935484,0.305514798156225,0.714285714285714,0.902173913043478,0.625,0.956521739130435,0.375,0.0434782608695652,14.375,0.392045454545455
"3746",0.870967741935484,0.333396153997172,0.777777777777778,0.934343434343434,0.777777777777778,0.909090909090909,0.222222222222222,0.0909090909090909,8.55555555555555,0.244444444444444
"3747",0.870967741935484,0.346195302844997,0.714285714285714,0.883838383838384,0.555555555555556,1,0.444444444444444,0,Inf,0.444444444444444
"3748",0.774193548387097,0.404556791348587,0.695652173913043,0.863636363636364,0.888888888888889,0.727272727272727,0.111111111111111,0.272727272727273,3.25925925925926,0.152777777777778
"3749",0.838709677419355,0.352481190955607,0.666666666666667,0.823333333333333,0.833333333333333,0.84,0.166666666666667,0.16,5.20833333333333,0.198412698412698
"3750",0.774193548387097,0.420559545437826,0.533333333333333,0.897727272727273,0.363636363636364,1,0.636363636363636,0,Inf,0.636363636363636
"3751",0.67741935483871,0.42428347627624,0.642857142857143,0.824786324786325,0.692307692307692,0.666666666666667,0.307692307692308,0.333333333333333,2.07692307692308,0.461538461538462
"3752",0.806451612903226,0.351423816653151,0.727272727272727,0.918181818181818,0.727272727272727,0.85,0.272727272727273,0.15,4.84848484848485,0.320855614973262
"3753",0.741935483870968,0.402209181105165,0.5,0.871428571428571,0.4,0.904761904761905,0.6,0.0952380952380952,4.2,0.663157894736842
"3754",0.741935483870968,0.415393747047243,0.666666666666667,0.858974358974359,0.615384615384615,0.833333333333333,0.384615384615385,0.166666666666667,3.69230769230769,0.461538461538461
"3755",0.935483870967742,0.322470937569475,0.9,0.959090909090909,0.818181818181818,1,0.181818181818182,0,Inf,0.181818181818182
"3756",0.838709677419355,0.372745986021905,0.705882352941177,0.853260869565217,0.75,0.869565217391304,0.25,0.130434782608696,5.75,0.2875
"3757",0.838709677419355,0.347227393790366,0.545454545454545,0.84,0.5,0.92,0.5,0.08,6.25,0.543478260869565
"3758",0.838709677419355,0.295482564425592,0.705882352941177,0.946428571428571,0.857142857142857,0.833333333333333,0.142857142857143,0.166666666666667,5.14285714285714,0.171428571428571
"3759",0.806451612903226,0.384178458298284,0.727272727272727,0.908119658119658,0.615384615384615,0.944444444444444,0.384615384615385,0.0555555555555556,11.0769230769231,0.407239819004525
"3760",0.935483870967742,0.295758863868005,0.875,0.952020202020202,0.777777777777778,1,0.222222222222222,0,Inf,0.222222222222222
"3761",0.806451612903226,0.365234607758586,0.7,0.93640350877193,0.583333333333333,0.947368421052632,0.416666666666667,0.0526315789473685,11.0833333333333,0.439814814814815
"3762",0.774193548387097,0.321903999980372,0.588235294117647,0.938461538461538,1,0.730769230769231,0,0.269230769230769,3.71428571428571,0
"3763",0.741935483870968,0.39000409475552,0.666666666666667,0.876190476190476,0.8,0.714285714285714,0.2,0.285714285714286,2.8,0.28
"3764",0.67741935483871,0.45358940108775,0.583333333333333,0.786363636363636,0.636363636363636,0.7,0.363636363636364,0.3,2.12121212121212,0.51948051948052
"3765",0.774193548387097,0.365993765299365,0.631578947368421,0.872727272727273,0.545454545454545,0.9,0.454545454545455,0.1,5.45454545454546,0.505050505050505
"3766",0.774193548387097,0.379638947854989,0.588235294117647,0.902272727272727,0.454545454545455,0.95,0.545454545454545,0.05,9.09090909090908,0.574162679425837
"3767",0.741935483870968,0.354396594804228,0.5,0.813333333333333,0.666666666666667,0.76,0.333333333333333,0.24,2.77777777777778,0.43859649122807
"3768",0.870967741935484,0.325002577620379,0.8,0.880952380952381,0.8,0.904761904761905,0.2,0.0952380952380952,8.4,0.221052631578947
"3769",0.774193548387097,0.41738544474408,0.666666666666667,0.825,0.636363636363636,0.85,0.363636363636364,0.15,4.24242424242424,0.427807486631016
"3770",0.774193548387097,0.384637953382589,0.533333333333333,0.766304347826087,0.5,0.869565217391304,0.5,0.130434782608696,3.83333333333333,0.575
"3771",0.774193548387097,0.404587172204896,0.588235294117647,0.866161616161616,0.555555555555556,0.863636363636364,0.444444444444444,0.136363636363636,4.07407407407407,0.514619883040936
"3772",0.67741935483871,0.442860380016473,0.285714285714286,0.757575757575758,0.222222222222222,0.863636363636364,0.777777777777778,0.136363636363636,1.62962962962963,0.900584795321637
"3773",0.806451612903226,0.364937172376398,0.7,0.85,0.7,0.857142857142857,0.3,0.142857142857143,4.9,0.35
"3774",0.709677419354839,0.423668102282655,0.571428571428571,0.855263157894737,0.5,0.842105263157895,0.5,0.157894736842105,3.16666666666667,0.59375
"3775",0.870967741935484,0.359493379127014,0.777777777777778,0.927272727272727,0.636363636363636,1,0.363636363636364,0,Inf,0.363636363636364
"3776",0.806451612903226,0.351613685669914,0.625,0.834239130434783,0.625,0.869565217391304,0.375,0.130434782608696,4.79166666666667,0.43125
"3777",0.806451612903226,0.350511773903845,0.666666666666667,0.863636363636364,0.666666666666667,0.863636363636364,0.333333333333333,0.136363636363636,4.88888888888889,0.385964912280702
"3778",0.838709677419355,0.367469707443302,0.666666666666667,0.762626262626263,0.555555555555556,0.954545454545455,0.444444444444444,0.0454545454545454,12.2222222222222,0.465608465608466
"3779",0.67741935483871,0.472276673747693,0.5,0.711363636363636,0.454545454545455,0.8,0.545454545454545,0.2,2.27272727272727,0.681818181818182
"3780",0.806451612903226,0.319894184617437,0.625,0.919191919191919,0.555555555555556,0.909090909090909,0.444444444444444,0.0909090909090909,6.11111111111111,0.488888888888889
"3781",0.741935483870968,0.39994895629022,0.555555555555556,0.839673913043478,0.625,0.782608695652174,0.375,0.217391304347826,2.875,0.479166666666667
"3782",0.838709677419355,0.341137989077991,0.782608695652174,0.919047619047619,0.9,0.80952380952381,0.1,0.19047619047619,4.725,0.123529411764706
"3783",0.870967741935484,0.325869582112284,0.777777777777778,0.866666666666667,0.7,0.952380952380952,0.3,0.0476190476190477,14.7,0.315
"3784",0.870967741935484,0.357078534605707,0.75,0.933333333333333,0.6,1,0.4,0,Inf,0.4
"3785",0.870967741935484,0.290346625266887,0.75,0.93452380952381,0.857142857142857,0.875,0.142857142857143,0.125,6.85714285714286,0.163265306122449
"3786",0.774193548387097,0.398945221637912,0.631578947368421,0.847826086956522,0.75,0.782608695652174,0.25,0.217391304347826,3.45,0.319444444444444
"3787",0.709677419354839,0.401631757458234,0.470588235294118,0.848484848484849,0.444444444444444,0.818181818181818,0.555555555555556,0.181818181818182,2.44444444444445,0.679012345679012
"3788",0.870967741935484,0.291497470787782,0.75,0.885869565217391,0.75,0.91304347826087,0.25,0.0869565217391305,8.62499999999999,0.273809523809524
"3789",0.774193548387097,0.322986080757027,0.666666666666667,0.929292929292929,0.777777777777778,0.772727272727273,0.222222222222222,0.227272727272727,3.42222222222222,0.287581699346405
"3790",0.741935483870968,0.434119809659091,0.5,0.782608695652174,0.5,0.826086956521739,0.5,0.173913043478261,2.875,0.605263157894737
"3791",0.741935483870968,0.430684596614709,0.428571428571429,0.717261904761905,0.428571428571429,0.833333333333333,0.571428571428571,0.166666666666667,2.57142857142857,0.685714285714286
"3792",0.806451612903226,0.314107239141154,0.727272727272727,0.919191919191919,0.888888888888889,0.772727272727273,0.111111111111111,0.227272727272727,3.91111111111111,0.143790849673203
"3793",0.774193548387097,0.403308516483361,0.666666666666667,0.838383838383838,0.777777777777778,0.772727272727273,0.222222222222222,0.227272727272727,3.42222222222222,0.287581699346405
"3794",0.806451612903226,0.368604150891958,0.666666666666667,0.90952380952381,0.6,0.904761904761905,0.4,0.0952380952380952,6.3,0.442105263157895
"3795",0.838709677419355,0.362491738469968,0.761904761904762,0.929545454545455,0.727272727272727,0.9,0.272727272727273,0.1,7.27272727272727,0.303030303030303
"3796",0.741935483870968,0.441829236640084,0.428571428571429,0.861904761904762,0.3,0.952380952380952,0.7,0.0476190476190477,6.29999999999999,0.735
"3797",0.67741935483871,0.447076495899664,0.583333333333333,0.782051282051282,0.538461538461538,0.777777777777778,0.461538461538462,0.222222222222222,2.42307692307692,0.593406593406593
"3798",0.838709677419355,0.34638332203209,0.814814814814815,0.931623931623932,0.846153846153846,0.833333333333333,0.153846153846154,0.166666666666667,5.07692307692308,0.184615384615385
"3799",0.806451612903226,0.365853098316517,0.7,0.870454545454545,0.636363636363636,0.9,0.363636363636364,0.1,6.36363636363637,0.404040404040404
"3800",0.806451612903226,0.387382060153882,0.571428571428571,0.861413043478261,0.5,0.91304347826087,0.5,0.0869565217391305,5.75,0.547619047619048
"3801",0.741935483870968,0.449240838589301,0.555555555555556,0.838636363636364,0.454545454545455,0.9,0.545454545454545,0.1,4.54545454545455,0.606060606060606
"3802",0.838709677419355,0.356846456954119,0.736842105263158,0.885869565217391,0.875,0.826086956521739,0.125,0.173913043478261,5.03125,0.151315789473684
"3803",0.838709677419355,0.321579409408531,0.666666666666667,0.864130434782609,0.625,0.91304347826087,0.375,0.0869565217391305,7.1875,0.410714285714286
"3804",0.838709677419355,0.307748140607632,0.736842105263158,0.91304347826087,0.875,0.826086956521739,0.125,0.173913043478261,5.03125,0.151315789473684
"3805",0.838709677419355,0.317271445055612,0.761904761904762,0.904761904761905,0.8,0.857142857142857,0.2,0.142857142857143,5.6,0.233333333333333
"3806",0.870967741935484,0.343735504047026,0.75,0.907608695652174,0.75,0.91304347826087,0.25,0.0869565217391305,8.62499999999999,0.273809523809524
"3807",0.774193548387097,0.427140521795455,0.363636363636364,0.74,0.333333333333333,0.88,0.666666666666667,0.12,2.77777777777778,0.757575757575758
"3808",0.838709677419355,0.396852343666532,0.761904761904762,0.871794871794872,0.615384615384615,1,0.384615384615385,0,Inf,0.384615384615385
"3809",0.774193548387097,0.360017426115531,0.363636363636364,0.8,0.333333333333333,0.88,0.666666666666667,0.12,2.77777777777778,0.757575757575758
"3810",0.806451612903226,0.300619587626823,0.625,0.933333333333333,0.833333333333333,0.8,0.166666666666667,0.2,4.16666666666667,0.208333333333333
"3811",0.806451612903226,0.385768400832068,0.625,0.805555555555556,0.555555555555556,0.909090909090909,0.444444444444444,0.0909090909090909,6.11111111111111,0.488888888888889
"3812",0.741935483870968,0.410260687297288,0.555555555555556,0.780952380952381,0.5,0.857142857142857,0.5,0.142857142857143,3.5,0.583333333333333
"3813",0.903225806451613,0.353339642295192,0.842105263157895,0.926190476190476,0.8,0.952380952380952,0.2,0.0476190476190477,16.8,0.21
"3814",0.774193548387097,0.409604130054275,0.533333333333333,0.838383838383838,0.444444444444444,0.909090909090909,0.555555555555556,0.0909090909090909,4.88888888888889,0.611111111111111
"3815",0.870967741935484,0.306608035427328,0.75,0.972222222222222,0.666666666666667,0.954545454545455,0.333333333333333,0.0454545454545454,14.6666666666667,0.349206349206349
"3816",0.774193548387097,0.370023680146316,0.631578947368421,0.853535353535353,0.666666666666667,0.818181818181818,0.333333333333333,0.181818181818182,3.66666666666667,0.407407407407407
"3817",0.806451612903226,0.377299706152371,0.7,0.85,0.636363636363636,0.9,0.363636363636364,0.1,6.36363636363637,0.404040404040404
"3818",0.838709677419355,0.385438801420056,0.545454545454545,0.866847826086957,0.375,1,0.625,0,Inf,0.625
"3819",0.774193548387097,0.418169403251015,0.533333333333333,0.834615384615385,0.8,0.769230769230769,0.2,0.230769230769231,3.46666666666667,0.26
"3820",0.67741935483871,0.443842891878204,0.545454545454545,0.831818181818182,0.545454545454545,0.75,0.454545454545455,0.25,2.18181818181818,0.606060606060606
"3821",0.806451612903226,0.331023816079458,0.625,0.907608695652174,0.625,0.869565217391304,0.375,0.130434782608696,4.79166666666667,0.43125
"3822",0.741935483870968,0.444751004258869,0.5,0.778571428571429,0.4,0.904761904761905,0.6,0.0952380952380952,4.2,0.663157894736842
"3823",0.838709677419355,0.368773800349917,0.736842105263158,0.909090909090909,0.636363636363636,0.95,0.363636363636364,0.05,12.7272727272727,0.382775119617225
"3824",0.903225806451613,0.290304066980366,0.8,0.891304347826087,0.75,0.956521739130435,0.25,0.0434782608695652,17.25,0.261363636363636
"3825",0.806451612903226,0.398093532181638,0.666666666666667,0.836363636363636,0.545454545454545,0.95,0.454545454545455,0.05,10.9090909090909,0.478468899521531
"3826",0.806451612903226,0.376619257815708,0.769230769230769,0.894736842105263,0.833333333333333,0.789473684210526,0.166666666666667,0.210526315789474,3.95833333333333,0.211111111111111
"3827",0.870967741935484,0.350449758510583,0.777777777777778,0.934343434343434,0.777777777777778,0.909090909090909,0.222222222222222,0.0909090909090909,8.55555555555555,0.244444444444444
"3828",0.806451612903226,0.33340096816324,0.666666666666667,0.871212121212121,0.666666666666667,0.863636363636364,0.333333333333333,0.136363636363636,4.88888888888889,0.385964912280702
"3829",0.838709677419355,0.321912712575637,0.736842105263158,0.918478260869565,0.875,0.826086956521739,0.125,0.173913043478261,5.03125,0.151315789473684
"3830",0.774193548387097,0.382245145942365,0.588235294117647,0.779891304347826,0.625,0.826086956521739,0.375,0.173913043478261,3.59375,0.453947368421053
"3831",0.774193548387097,0.353767225812812,0.666666666666667,0.843434343434343,0.777777777777778,0.772727272727273,0.222222222222222,0.227272727272727,3.42222222222222,0.287581699346405
"3832",0.806451612903226,0.333389842080248,0.666666666666667,0.916666666666667,0.857142857142857,0.791666666666667,0.142857142857143,0.208333333333333,4.11428571428571,0.180451127819549
"3833",0.838709677419355,0.339213982429685,0.705882352941177,0.902173913043478,0.75,0.869565217391304,0.25,0.130434782608696,5.75,0.2875
"3834",0.806451612903226,0.343912171641258,0.625,0.880434782608696,0.625,0.869565217391304,0.375,0.130434782608696,4.79166666666667,0.43125
"3835",0.774193548387097,0.391840890463992,0.588235294117647,0.826086956521739,0.625,0.826086956521739,0.375,0.173913043478261,3.59375,0.453947368421053
"3836",0.741935483870968,0.449536981849435,0.6,0.802631578947368,0.5,0.894736842105263,0.5,0.105263157894737,4.75,0.558823529411765
"3837",0.709677419354839,0.387259748474438,0.608695652173913,0.85,0.7,0.714285714285714,0.3,0.285714285714286,2.45,0.42
"3838",0.870967741935484,0.34371101884777,0.75,0.90952380952381,0.6,1,0.4,0,Inf,0.4
"3839",0.838709677419355,0.37885109343466,0.736842105263158,0.856818181818182,0.636363636363636,0.95,0.363636363636364,0.05,12.7272727272727,0.382775119617225
"3840",0.870967741935484,0.31285539676211,0.777777777777778,0.868686868686869,0.777777777777778,0.909090909090909,0.222222222222222,0.0909090909090909,8.55555555555555,0.244444444444444
"3841",0.709677419354839,0.471189511411319,0.526315789473684,0.769736842105263,0.416666666666667,0.894736842105263,0.583333333333333,0.105263157894737,3.95833333333333,0.651960784313725
"3842",0.806451612903226,0.342380591773384,0.727272727272727,0.953947368421053,0.666666666666667,0.894736842105263,0.333333333333333,0.105263157894737,6.33333333333333,0.372549019607843
"3843",0.870967741935484,0.321505015426572,0.777777777777778,0.891414141414141,0.777777777777778,0.909090909090909,0.222222222222222,0.0909090909090909,8.55555555555555,0.244444444444444
"3844",0.838709677419355,0.366823932317219,0.761904761904762,0.909090909090909,0.727272727272727,0.9,0.272727272727273,0.1,7.27272727272727,0.303030303030303
"3845",0.774193548387097,0.368927042420189,0.588235294117647,0.883928571428571,0.714285714285714,0.791666666666667,0.285714285714286,0.208333333333333,3.42857142857143,0.360902255639098
"3846",0.741935483870968,0.390088934055514,0.555555555555556,0.853260869565217,0.625,0.782608695652174,0.375,0.217391304347826,2.875,0.479166666666667
"3847",0.806451612903226,0.44271476693474,0.666666666666667,0.788095238095238,0.6,0.904761904761905,0.4,0.0952380952380952,6.3,0.442105263157895
"3848",0.806451612903226,0.366088577016488,0.666666666666667,0.823232323232323,0.666666666666667,0.863636363636364,0.333333333333333,0.136363636363636,4.88888888888889,0.385964912280702
"3849",0.741935483870968,0.413138583759447,0.555555555555556,0.854166666666667,0.714285714285714,0.75,0.285714285714286,0.25,2.85714285714286,0.380952380952381
"3850",0.806451612903226,0.337993792450829,0.625,0.916666666666667,0.714285714285714,0.833333333333333,0.285714285714286,0.166666666666667,4.28571428571429,0.342857142857143
"3851",0.838709677419355,0.349721052481539,0.705882352941177,0.815656565656566,0.666666666666667,0.909090909090909,0.333333333333333,0.0909090909090909,7.33333333333333,0.366666666666667
"3852",0.806451612903226,0.390589094025282,0.727272727272727,0.897435897435897,0.615384615384615,0.944444444444444,0.384615384615385,0.0555555555555556,11.0769230769231,0.407239819004525
"3853",0.838709677419355,0.37031982643657,0.705882352941177,0.85952380952381,0.6,0.952380952380952,0.4,0.0476190476190477,12.6,0.42
"3854",0.838709677419355,0.329283428604439,0.782608695652174,0.915909090909091,0.818181818181818,0.85,0.181818181818182,0.15,5.45454545454545,0.213903743315508
"3855",0.903225806451613,0.291190968274982,0.8,0.952380952380952,0.857142857142857,0.916666666666667,0.142857142857143,0.0833333333333334,10.2857142857143,0.155844155844156
"3856",0.806451612903226,0.341194345227917,0.727272727272727,0.931818181818182,0.727272727272727,0.85,0.272727272727273,0.15,4.84848484848485,0.320855614973262
"3857",0.741935483870968,0.383209064014313,0.6,0.809782608695652,0.75,0.739130434782609,0.25,0.260869565217391,2.875,0.338235294117647
"3858",0.774193548387097,0.380039361372094,0.533333333333333,0.803333333333333,0.666666666666667,0.8,0.333333333333333,0.2,3.33333333333333,0.416666666666667
"3859",0.870967741935484,0.306072936684331,0.818181818181818,0.919047619047619,0.9,0.857142857142857,0.1,0.142857142857143,6.3,0.116666666666667
"3860",0.741935483870968,0.384731069103469,0.5,0.830357142857143,0.571428571428571,0.791666666666667,0.428571428571429,0.208333333333333,2.74285714285714,0.541353383458647
"3861",0.903225806451613,0.343288150846827,0.727272727272727,0.848214285714286,0.571428571428571,1,0.428571428571429,0,Inf,0.428571428571429
"3862",0.838709677419355,0.305563032185958,0.736842105263158,0.96195652173913,0.875,0.826086956521739,0.125,0.173913043478261,5.03125,0.151315789473684
"3863",0.645161290322581,0.454131492578764,0.521739130434783,0.764285714285714,0.6,0.666666666666667,0.4,0.333333333333333,1.8,0.6
"3864",0.838709677419355,0.356181249087621,0.782608695652174,0.905982905982906,0.692307692307692,0.944444444444444,0.307692307692308,0.0555555555555556,12.4615384615385,0.32579185520362
"3865",0.870967741935484,0.315236206904248,0.777777777777778,0.919191919191919,0.777777777777778,0.909090909090909,0.222222222222222,0.0909090909090909,8.55555555555555,0.244444444444444
"3866",0.870967741935484,0.320702360807528,0.75,0.904891304347826,0.75,0.91304347826087,0.25,0.0869565217391305,8.62499999999999,0.273809523809524
"3867",0.935483870967742,0.305110164991089,0.909090909090909,0.931818181818182,0.909090909090909,0.95,0.0909090909090909,0.05,18.1818181818182,0.0956937799043063
"3868",0.838709677419355,0.366353467644108,0.666666666666667,0.872282608695652,0.625,0.91304347826087,0.375,0.0869565217391305,7.1875,0.410714285714286
"3869",0.806451612903226,0.362915043830687,0.571428571428571,0.833333333333333,0.666666666666667,0.84,0.333333333333333,0.16,4.16666666666667,0.396825396825397
"3870",0.806451612903226,0.373198319837537,0.625,0.86,0.833333333333333,0.8,0.166666666666667,0.2,4.16666666666667,0.208333333333333
"3871",0.838709677419355,0.339884619026933,0.615384615384615,0.895833333333333,0.571428571428571,0.916666666666667,0.428571428571429,0.0833333333333334,6.85714285714285,0.467532467532468
"3872",0.774193548387097,0.406935756993744,0.695652173913043,0.825,0.727272727272727,0.8,0.272727272727273,0.2,3.63636363636364,0.340909090909091
"3873",0.806451612903226,0.388819206904089,0.75,0.920168067226891,0.642857142857143,0.941176470588235,0.357142857142857,0.0588235294117647,10.9285714285714,0.379464285714286
"3874",0.645161290322581,0.454763739483219,0.620689655172414,0.827083333333333,0.6,0.6875,0.4,0.3125,1.92,0.581818181818182
"3875",0.806451612903226,0.391963403487069,0.7,0.940789473684211,0.583333333333333,0.947368421052632,0.416666666666667,0.0526315789473685,11.0833333333333,0.439814814814815
"3876",0.838709677419355,0.333647475602772,0.705882352941177,0.854166666666667,0.857142857142857,0.833333333333333,0.142857142857143,0.166666666666667,5.14285714285714,0.171428571428571
"3877",0.870967741935484,0.333814170233188,0.833333333333333,0.959401709401709,0.769230769230769,0.944444444444444,0.230769230769231,0.0555555555555556,13.8461538461538,0.244343891402715
"3878",0.774193548387097,0.372575699854411,0.533333333333333,0.878787878787879,0.444444444444444,0.909090909090909,0.555555555555556,0.0909090909090909,4.88888888888889,0.611111111111111
"3879",0.838709677419355,0.309829403855476,0.666666666666667,0.901785714285714,0.714285714285714,0.875,0.285714285714286,0.125,5.71428571428571,0.326530612244898
"3880",0.838709677419355,0.356174460511363,0.666666666666667,0.904040404040404,0.555555555555556,0.954545454545455,0.444444444444444,0.0454545454545454,12.2222222222222,0.465608465608466
"3881",0.870967741935484,0.286903371369703,0.75,0.944444444444444,0.666666666666667,0.954545454545455,0.333333333333333,0.0454545454545454,14.6666666666667,0.349206349206349
"3882",0.741935483870968,0.374977615752755,0.666666666666667,0.865909090909091,0.727272727272727,0.75,0.272727272727273,0.25,2.90909090909091,0.363636363636364
"3883",0.806451612903226,0.360467634045413,0.666666666666667,0.852380952380952,0.6,0.904761904761905,0.4,0.0952380952380952,6.3,0.442105263157895
"3884",0.838709677419355,0.343858752003361,0.705882352941177,0.873737373737374,0.666666666666667,0.909090909090909,0.333333333333333,0.0909090909090909,7.33333333333333,0.366666666666667
"3885",0.838709677419355,0.357054165400515,0.705882352941177,0.904040404040404,0.666666666666667,0.909090909090909,0.333333333333333,0.0909090909090909,7.33333333333333,0.366666666666667
"3886",0.806451612903226,0.34916839373338,0.625,0.938095238095238,0.5,0.952380952380952,0.5,0.0476190476190477,10.5,0.525
"3887",0.903225806451613,0.32771621970256,0.769230769230769,0.807065217391304,0.625,1,0.375,0,Inf,0.375
"3888",0.741935483870968,0.467707039789393,0.555555555555556,0.754761904761905,0.5,0.857142857142857,0.5,0.142857142857143,3.5,0.583333333333333
"3889",0.903225806451613,0.284353249738541,0.842105263157895,0.929292929292929,0.888888888888889,0.909090909090909,0.111111111111111,0.0909090909090909,9.77777777777777,0.122222222222222
"3890",0.774193548387097,0.387120040965144,0.588235294117647,0.902380952380952,0.5,0.904761904761905,0.5,0.0952380952380952,5.25,0.552631578947368
"3891",0.709677419354839,0.439714343009177,0.571428571428571,0.742424242424242,0.666666666666667,0.727272727272727,0.333333333333333,0.272727272727273,2.44444444444444,0.458333333333333
"3892",0.838709677419355,0.326574665108598,0.736842105263158,0.888888888888889,0.777777777777778,0.863636363636364,0.222222222222222,0.136363636363636,5.7037037037037,0.257309941520468
"3893",0.838709677419355,0.350651784236292,0.666666666666667,0.838383838383838,0.555555555555556,0.954545454545455,0.444444444444444,0.0454545454545454,12.2222222222222,0.465608465608466
"3894",0.741935483870968,0.355186002905935,0.636363636363636,0.909090909090909,0.636363636363636,0.8,0.363636363636364,0.2,3.18181818181818,0.454545454545455
"3895",0.838709677419355,0.293152113136891,0.666666666666667,0.904761904761905,0.714285714285714,0.875,0.285714285714286,0.125,5.71428571428571,0.326530612244898
"3896",0.774193548387097,0.37931293200591,0.631578947368421,0.914473684210526,0.5,0.947368421052632,0.5,0.0526315789473685,9.49999999999999,0.527777777777778
"3897",0.709677419354839,0.441216645344211,0.526315789473684,0.70959595959596,0.555555555555556,0.772727272727273,0.444444444444444,0.227272727272727,2.44444444444444,0.57516339869281
"3898",0.774193548387097,0.415289521032674,0.72,0.844017094017094,0.692307692307692,0.833333333333333,0.307692307692308,0.166666666666667,4.15384615384616,0.369230769230769
"3899",0.838709677419355,0.350462210058178,0.782608695652174,0.912393162393162,0.692307692307692,0.944444444444444,0.307692307692308,0.0555555555555556,12.4615384615385,0.32579185520362
"3900",0.774193548387097,0.415849332225928,0.631578947368421,0.782828282828283,0.666666666666667,0.818181818181818,0.333333333333333,0.181818181818182,3.66666666666667,0.407407407407407
"3901",0.741935483870968,0.411172849216658,0.636363636363636,0.852380952380952,0.7,0.761904761904762,0.3,0.238095238095238,2.94,0.39375
"3902",0.67741935483871,0.479318894456181,0.5,0.822649572649573,0.384615384615385,0.888888888888889,0.615384615384615,0.111111111111111,3.46153846153846,0.692307692307692
"3903",0.903225806451613,0.305006568509819,0.8,0.919191919191919,0.666666666666667,1,0.333333333333333,0,Inf,0.333333333333333
"3904",0.838709677419355,0.362914852312922,0.736842105263158,0.898989898989899,0.777777777777778,0.863636363636364,0.222222222222222,0.136363636363636,5.7037037037037,0.257309941520468
"3905",0.870967741935484,0.324655308918195,0.833333333333333,0.927631578947368,0.833333333333333,0.894736842105263,0.166666666666667,0.105263157894737,7.91666666666667,0.186274509803922
"3906",0.935483870967742,0.278889688611097,0.875,0.989130434782609,0.875,0.956521739130435,0.125,0.0434782608695652,20.125,0.130681818181818
"3907",0.774193548387097,0.367514512981302,0.533333333333333,0.75,0.571428571428571,0.833333333333333,0.428571428571429,0.166666666666667,3.42857142857143,0.514285714285714
"3908",0.741935483870968,0.361941690028767,0.428571428571429,0.896739130434783,0.375,0.869565217391304,0.625,0.130434782608696,2.875,0.71875
"3909",0.870967741935484,0.319972235874438,0.8,0.886363636363636,0.888888888888889,0.863636363636364,0.111111111111111,0.136363636363636,6.51851851851852,0.128654970760234
"3910",0.709677419354839,0.420656351719831,0.608695652173913,0.804761904761905,0.7,0.714285714285714,0.3,0.285714285714286,2.45,0.42
"3911",0.838709677419355,0.374007260397499,0.705882352941177,0.877272727272727,0.545454545454545,1,0.454545454545455,0,Inf,0.454545454545455
"3912",0.774193548387097,0.361175127819,0.533333333333333,0.809782608695652,0.5,0.869565217391304,0.5,0.130434782608696,3.83333333333333,0.575
"3913",0.774193548387097,0.319061293299092,0.588235294117647,0.913333333333333,0.833333333333333,0.76,0.166666666666667,0.24,3.47222222222222,0.219298245614035
"3914",0.741935483870968,0.396680054125902,0.666666666666667,0.815909090909091,0.727272727272727,0.75,0.272727272727273,0.25,2.90909090909091,0.363636363636364
"3915",0.774193548387097,0.371101607484278,0.533333333333333,0.82,0.666666666666667,0.8,0.333333333333333,0.2,3.33333333333333,0.416666666666667
"3916",0.709677419354839,0.430699145324054,0.666666666666667,0.810416666666667,0.6,0.8125,0.4,0.1875,3.2,0.492307692307692
"3917",0.774193548387097,0.384045663291325,0.588235294117647,0.880952380952381,0.5,0.904761904761905,0.5,0.0952380952380952,5.25,0.552631578947368
"3918",0.741935483870968,0.382734953015586,0.5,0.833333333333333,0.444444444444444,0.863636363636364,0.555555555555556,0.136363636363636,3.25925925925926,0.64327485380117
"3919",0.741935483870968,0.448092246327924,0.555555555555556,0.839912280701754,0.416666666666667,0.947368421052632,0.583333333333333,0.0526315789473685,7.91666666666666,0.615740740740741
"3920",0.806451612903226,0.32818985030049,0.666666666666667,0.815217391304348,0.75,0.826086956521739,0.25,0.173913043478261,4.3125,0.302631578947368
"3921",0.903225806451613,0.288785187326433,0.823529411764706,0.967391304347826,0.875,0.91304347826087,0.125,0.0869565217391305,10.0625,0.136904761904762
"3922",0.774193548387097,0.390546191993367,0.631578947368421,0.871428571428571,0.6,0.857142857142857,0.4,0.142857142857143,4.2,0.466666666666667
"3923",0.806451612903226,0.406030860219969,0.666666666666667,0.884090909090909,0.545454545454545,0.95,0.454545454545455,0.05,10.9090909090909,0.478468899521531
"3924",0.741935483870968,0.401966884029451,0.666666666666667,0.831818181818182,0.727272727272727,0.75,0.272727272727273,0.25,2.90909090909091,0.363636363636364
"3925",0.806451612903226,0.347490175037086,0.571428571428571,0.846666666666667,0.666666666666667,0.84,0.333333333333333,0.16,4.16666666666667,0.396825396825397
"3926",0.806451612903226,0.301585534019336,0.625,0.86,0.833333333333333,0.8,0.166666666666667,0.2,4.16666666666667,0.208333333333333
"3927",0.774193548387097,0.415045444960403,0.666666666666667,0.894736842105263,0.583333333333333,0.894736842105263,0.416666666666667,0.105263157894737,5.54166666666667,0.465686274509804
"3928",0.806451612903226,0.315996130126628,0.666666666666667,0.896739130434783,0.75,0.826086956521739,0.25,0.173913043478261,4.3125,0.302631578947368
"3929",0.838709677419355,0.320870645718963,0.666666666666667,0.910714285714286,0.714285714285714,0.875,0.285714285714286,0.125,5.71428571428571,0.326530612244898
"3930",0.838709677419355,0.326480590657984,0.736842105263158,0.904040404040404,0.777777777777778,0.863636363636364,0.222222222222222,0.136363636363636,5.7037037037037,0.257309941520468
"3931",0.838709677419355,0.302536530385701,0.545454545454545,0.9,0.5,0.92,0.5,0.08,6.25,0.543478260869565
"3932",0.806451612903226,0.404873767479517,0.625,0.75297619047619,0.714285714285714,0.833333333333333,0.285714285714286,0.166666666666667,4.28571428571429,0.342857142857143
"3933",0.838709677419355,0.343124395967032,0.615384615384615,0.92,0.666666666666667,0.88,0.333333333333333,0.12,5.55555555555556,0.378787878787879
"3934",0.838709677419355,0.317017225009925,0.782608695652174,0.927272727272727,0.818181818181818,0.85,0.181818181818182,0.15,5.45454545454545,0.213903743315508
"3935",0.838709677419355,0.34554794868812,0.782608695652174,0.940789473684211,0.75,0.894736842105263,0.25,0.105263157894737,7.125,0.279411764705882
"3936",0.806451612903226,0.36861155876536,0.7,0.909090909090909,0.636363636363636,0.9,0.363636363636364,0.1,6.36363636363637,0.404040404040404
"3937",0.806451612903226,0.412169679582039,0.727272727272727,0.883771929824561,0.666666666666667,0.894736842105263,0.333333333333333,0.105263157894737,6.33333333333333,0.372549019607843
"3938",0.709677419354839,0.41577336285929,0.526315789473684,0.785714285714286,0.5,0.80952380952381,0.5,0.19047619047619,2.625,0.617647058823529
"3939",0.870967741935484,0.320208016576035,0.777777777777778,0.951086956521739,0.875,0.869565217391304,0.125,0.130434782608696,6.70833333333333,0.14375
"3940",0.774193548387097,0.418119578243943,0.588235294117647,0.769047619047619,0.5,0.904761904761905,0.5,0.0952380952380952,5.25,0.552631578947368
"3941",0.870967741935484,0.325049195691354,0.777777777777778,0.946428571428571,1,0.833333333333333,0,0.166666666666667,6,0
"3942",0.838709677419355,0.339798875559603,0.761904761904762,0.9375,1,0.782608695652174,0,0.217391304347826,4.6,0
"3943",0.838709677419355,0.373312107769714,0.736842105263158,0.843434343434343,0.777777777777778,0.863636363636364,0.222222222222222,0.136363636363636,5.7037037037037,0.257309941520468
"3944",0.741935483870968,0.381797408498227,0.6,0.838383838383838,0.666666666666667,0.772727272727273,0.333333333333333,0.227272727272727,2.93333333333333,0.431372549019608
"3945",0.806451612903226,0.346472700925208,0.625,0.907608695652174,0.625,0.869565217391304,0.375,0.130434782608696,4.79166666666667,0.43125
"3946",0.870967741935484,0.330707373834532,0.818181818181818,0.940909090909091,0.818181818181818,0.9,0.181818181818182,0.1,8.18181818181818,0.202020202020202
"3947",0.806451612903226,0.341939356917268,0.5,0.888888888888889,0.75,0.814814814814815,0.25,0.185185185185185,4.05,0.306818181818182
"3948",0.774193548387097,0.360883122782773,0.666666666666667,0.861111111111111,0.777777777777778,0.772727272727273,0.222222222222222,0.227272727272727,3.42222222222222,0.287581699346405
"3949",0.838709677419355,0.371328757636284,0.705882352941177,0.863636363636364,0.545454545454545,1,0.454545454545455,0,Inf,0.454545454545455
"3950",0.774193548387097,0.309746425093203,0.588235294117647,0.93452380952381,0.714285714285714,0.791666666666667,0.285714285714286,0.208333333333333,3.42857142857143,0.360902255639098
"3951",0.806451612903226,0.341874847604734,0.625,0.94,0.833333333333333,0.8,0.166666666666667,0.2,4.16666666666667,0.208333333333333
"3952",0.774193548387097,0.343010784824297,0.631578947368421,0.847826086956522,0.75,0.782608695652174,0.25,0.217391304347826,3.45,0.319444444444444
"3953",0.838709677419355,0.375935476850648,0.8,0.936974789915966,0.714285714285714,0.941176470588235,0.285714285714286,0.0588235294117647,12.1428571428571,0.303571428571429
"3954",0.870967741935484,0.299307494854595,0.818181818181818,0.95,0.818181818181818,0.9,0.181818181818182,0.1,8.18181818181818,0.202020202020202
"3955",0.774193548387097,0.427475095486757,0.631578947368421,0.903846153846154,0.461538461538462,1,0.538461538461538,0,Inf,0.538461538461538
"3956",0.838709677419355,0.362069708613248,0.666666666666667,0.891304347826087,0.625,0.91304347826087,0.375,0.0869565217391305,7.1875,0.410714285714286
"3957",0.67741935483871,0.474829639096338,0.583333333333333,0.728632478632479,0.538461538461538,0.777777777777778,0.461538461538462,0.222222222222222,2.42307692307692,0.593406593406593
"3958",0.67741935483871,0.440324935611191,0.375,0.744949494949495,0.333333333333333,0.818181818181818,0.666666666666667,0.181818181818182,1.83333333333333,0.814814814814815
"3959",0.838709677419355,0.382001812126188,0.705882352941177,0.863095238095238,0.857142857142857,0.833333333333333,0.142857142857143,0.166666666666667,5.14285714285714,0.171428571428571
"3960",0.709677419354839,0.412428388815762,0.4,0.703703703703704,0.75,0.703703703703704,0.25,0.296296296296296,2.53125,0.355263157894737
"3961",0.806451612903226,0.368421625551658,0.625,0.896739130434783,0.625,0.869565217391304,0.375,0.130434782608696,4.79166666666667,0.43125
"3962",0.870967741935484,0.339388455428731,0.8,0.914285714285714,0.8,0.904761904761905,0.2,0.0952380952380952,8.4,0.221052631578947
"3963",0.774193548387097,0.364167365439384,0.666666666666667,0.897619047619048,0.7,0.80952380952381,0.3,0.19047619047619,3.675,0.370588235294118
"3964",0.741935483870968,0.41928898548592,0.555555555555556,0.811363636363636,0.454545454545455,0.9,0.545454545454545,0.1,4.54545454545455,0.606060606060606
"3965",0.774193548387097,0.317266681705899,0.588235294117647,0.92,0.833333333333333,0.76,0.166666666666667,0.24,3.47222222222222,0.219298245614035
"3966",0.741935483870968,0.402862597304547,0.6,0.864285714285714,0.6,0.80952380952381,0.4,0.19047619047619,3.15,0.494117647058824
"3967",0.838709677419355,0.323888828517196,0.615384615384615,0.88,0.666666666666667,0.88,0.333333333333333,0.12,5.55555555555556,0.378787878787879
"3968",0.774193548387097,0.380647016488795,0.461538461538462,0.798913043478261,0.375,0.91304347826087,0.625,0.0869565217391305,4.3125,0.68452380952381
"3969",0.709677419354839,0.381147508047267,0.526315789473684,0.833333333333333,0.555555555555556,0.772727272727273,0.444444444444444,0.227272727272727,2.44444444444444,0.57516339869281
"3970",0.806451612903226,0.36482947702999,0.7,0.893939393939394,0.777777777777778,0.818181818181818,0.222222222222222,0.181818181818182,4.27777777777778,0.271604938271605
"3971",0.774193548387097,0.409811592503008,0.363636363636364,0.861413043478261,0.25,0.956521739130435,0.75,0.0434782608695652,5.75,0.784090909090909
"3972",0.838709677419355,0.326165279108787,0.666666666666667,0.858695652173913,0.625,0.91304347826087,0.375,0.0869565217391305,7.1875,0.410714285714286
"3973",0.774193548387097,0.412733401449497,0.72,0.865546218487395,0.642857142857143,0.882352941176471,0.357142857142857,0.117647058823529,5.46428571428571,0.404761904761905
"3974",0.806451612903226,0.342319925274042,0.666666666666667,0.916666666666667,0.857142857142857,0.791666666666667,0.142857142857143,0.208333333333333,4.11428571428571,0.180451127819549
"3975",0.741935483870968,0.418576054242103,0.5,0.788690476190476,0.571428571428571,0.791666666666667,0.428571428571429,0.208333333333333,2.74285714285714,0.541353383458647
"3976",0.806451612903226,0.365294441071078,0.666666666666667,0.898989898989899,0.666666666666667,0.863636363636364,0.333333333333333,0.136363636363636,4.88888888888889,0.385964912280702
"3977",0.838709677419355,0.281134771888143,0.666666666666667,0.964285714285714,0.714285714285714,0.875,0.285714285714286,0.125,5.71428571428571,0.326530612244898
"3978",0.774193548387097,0.361135890638163,0.631578947368421,0.875,0.857142857142857,0.75,0.142857142857143,0.25,3.42857142857143,0.190476190476191
"3979",0.806451612903226,0.368841932535329,0.625,0.898989898989899,0.555555555555556,0.909090909090909,0.444444444444444,0.0909090909090909,6.11111111111111,0.488888888888889
"3980",0.838709677419355,0.348316096761948,0.761904761904762,0.876262626262626,0.888888888888889,0.818181818181818,0.111111111111111,0.181818181818182,4.88888888888889,0.135802469135803
"3981",0.838709677419355,0.344672329270089,0.705882352941177,0.891304347826087,0.75,0.869565217391304,0.25,0.130434782608696,5.75,0.2875
"3982",0.870967741935484,0.342796187406343,0.8,0.928571428571429,0.8,0.904761904761905,0.2,0.0952380952380952,8.4,0.221052631578947
"3983",0.806451612903226,0.362270666519068,0.727272727272727,0.909090909090909,0.727272727272727,0.85,0.272727272727273,0.15,4.84848484848485,0.320855614973262
"3984",0.903225806451613,0.288577348440152,0.769230769230769,0.830357142857143,0.714285714285714,0.958333333333333,0.285714285714286,0.0416666666666666,17.1428571428572,0.298136645962733
"3985",0.774193548387097,0.393333030510626,0.666666666666667,0.813636363636364,0.636363636363636,0.85,0.363636363636364,0.15,4.24242424242424,0.427807486631016
"3986",0.935483870967742,0.262083783834762,0.888888888888889,0.983695652173913,1,0.91304347826087,0,0.0869565217391305,11.5,0
"3987",0.838709677419355,0.384251080360327,0.615384615384615,0.86,0.666666666666667,0.88,0.333333333333333,0.12,5.55555555555556,0.378787878787879
"3988",0.774193548387097,0.394237059098827,0.666666666666667,0.813636363636364,0.636363636363636,0.85,0.363636363636364,0.15,4.24242424242424,0.427807486631016
"3989",0.903225806451613,0.310313185975113,0.823529411764706,0.974747474747475,0.777777777777778,0.954545454545455,0.222222222222222,0.0454545454545454,17.1111111111111,0.232804232804233
"3990",0.774193548387097,0.347154140532728,0.588235294117647,0.886363636363636,0.555555555555556,0.863636363636364,0.444444444444444,0.136363636363636,4.07407407407407,0.514619883040936
"3991",0.741935483870968,0.409545178472881,0.555555555555556,0.830357142857143,0.714285714285714,0.75,0.285714285714286,0.25,2.85714285714286,0.380952380952381
"3992",0.774193548387097,0.446623125265874,0.695652173913043,0.816239316239316,0.615384615384615,0.888888888888889,0.384615384615385,0.111111111111111,5.53846153846154,0.432692307692308
"3993",0.741935483870968,0.438072911837684,0.6,0.787280701754386,0.5,0.894736842105263,0.5,0.105263157894737,4.75,0.558823529411765
"3994",0.806451612903226,0.393499021574518,0.625,0.826666666666667,0.833333333333333,0.8,0.166666666666667,0.2,4.16666666666667,0.208333333333333
"3995",0.806451612903226,0.349805146129521,0.727272727272727,0.909090909090909,0.727272727272727,0.85,0.272727272727273,0.15,4.84848484848485,0.320855614973262
"3996",0.838709677419355,0.302246033934768,0.666666666666667,0.92,0.833333333333333,0.84,0.166666666666667,0.16,5.20833333333333,0.198412698412698
"3997",0.870967741935484,0.313958557685257,0.818181818181818,0.959090909090909,0.818181818181818,0.9,0.181818181818182,0.1,8.18181818181818,0.202020202020202
"3998",0.838709677419355,0.352768655759156,0.705882352941177,0.878787878787879,0.666666666666667,0.909090909090909,0.333333333333333,0.0909090909090909,7.33333333333333,0.366666666666667
"3999",0.774193548387097,0.357103822160885,0.588235294117647,0.80952380952381,0.714285714285714,0.791666666666667,0.285714285714286,0.208333333333333,3.42857142857143,0.360902255639098
"4000",0.838709677419355,0.286791835082935,0.782608695652174,0.954545454545455,1,0.772727272727273,0,0.227272727272727,4.4,0
"4001",0.806451612903226,0.357682416579303,0.7,0.890909090909091,0.636363636363636,0.9,0.363636363636364,0.1,6.36363636363637,0.404040404040404
"4002",0.838709677419355,0.35590207544338,0.782608695652174,0.90952380952381,0.9,0.80952380952381,0.1,0.19047619047619,4.725,0.123529411764706
"4003",0.806451612903226,0.39371526975303,0.625,0.965909090909091,0.454545454545455,1,0.545454545454545,0,Inf,0.545454545454545
"4004",0.838709677419355,0.353563231658909,0.545454545454545,0.736666666666667,0.5,0.92,0.5,0.08,6.25,0.543478260869565
"4005",0.709677419354839,0.3497007999329,0.571428571428571,0.861111111111111,0.666666666666667,0.727272727272727,0.333333333333333,0.272727272727273,2.44444444444444,0.458333333333333
"4006",0.741935483870968,0.406409910731491,0.6,0.865909090909091,0.545454545454545,0.85,0.454545454545455,0.15,3.63636363636364,0.53475935828877
"4007",0.870967741935484,0.296073195454975,0.714285714285714,0.906666666666667,0.833333333333333,0.88,0.166666666666667,0.12,6.94444444444444,0.189393939393939
"4008",0.838709677419355,0.330417272478549,0.782608695652174,0.904545454545455,0.818181818181818,0.85,0.181818181818182,0.15,5.45454545454545,0.213903743315508
"4009",0.67741935483871,0.515446508731276,0.444444444444444,0.739035087719298,0.333333333333333,0.894736842105263,0.666666666666667,0.105263157894737,3.16666666666667,0.745098039215686
"4010",0.774193548387097,0.348144045510718,0.631578947368421,0.813131313131313,0.666666666666667,0.818181818181818,0.333333333333333,0.181818181818182,3.66666666666667,0.407407407407407
"4011",0.870967741935484,0.318257415246517,0.75,0.929292929292929,0.666666666666667,0.954545454545455,0.333333333333333,0.0454545454545454,14.6666666666667,0.349206349206349
"4012",0.838709677419355,0.32417603263543,0.761904761904762,0.940217391304348,1,0.782608695652174,0,0.217391304347826,4.6,0
"4013",0.67741935483871,0.40252627920657,0.444444444444444,0.773809523809524,0.571428571428571,0.708333333333333,0.428571428571429,0.291666666666667,1.95918367346939,0.605042016806723
"4014",0.774193548387097,0.442891566537266,0.631578947368421,0.814285714285714,0.6,0.857142857142857,0.4,0.142857142857143,4.2,0.466666666666667
"4015",0.709677419354839,0.430887482368775,0.608695652173913,0.778508771929824,0.583333333333333,0.789473684210526,0.416666666666667,0.210526315789474,2.77083333333333,0.527777777777778
"4016",0.709677419354839,0.401115474636939,0.608695652173913,0.828571428571429,0.7,0.714285714285714,0.3,0.285714285714286,2.45,0.42
"4017",0.806451612903226,0.386344973698283,0.571428571428571,0.793478260869565,0.5,0.91304347826087,0.5,0.0869565217391305,5.75,0.547619047619048
"4018",0.741935483870968,0.37206923015344,0.6,0.891304347826087,0.75,0.739130434782609,0.25,0.260869565217391,2.875,0.338235294117647
"4019",0.774193548387097,0.401709894293563,0.631578947368421,0.9,0.6,0.857142857142857,0.4,0.142857142857143,4.2,0.466666666666667
"4020",0.935483870967742,0.275142151004188,0.875,0.97979797979798,0.777777777777778,1,0.222222222222222,0,Inf,0.222222222222222
"4021",0.870967741935484,0.326766246903797,0.777777777777778,0.952380952380952,0.7,0.952380952380952,0.3,0.0476190476190477,14.7,0.315
"4022",0.870967741935484,0.352104093034183,0.777777777777778,0.926190476190476,0.7,0.952380952380952,0.3,0.0476190476190477,14.7,0.315
"4023",0.903225806451613,0.288331780415062,0.842105263157895,0.96195652173913,1,0.869565217391304,0,0.130434782608696,7.66666666666667,0
"4024",0.741935483870968,0.405133990932569,0.555555555555556,0.815656565656566,0.555555555555556,0.818181818181818,0.444444444444444,0.181818181818182,3.05555555555556,0.54320987654321
"4025",0.774193548387097,0.397187874581917,0.533333333333333,0.921428571428571,0.4,0.952380952380952,0.6,0.0476190476190477,8.39999999999999,0.63
"4026",0.774193548387097,0.390758883954777,0.631578947368421,0.85,0.6,0.857142857142857,0.4,0.142857142857143,4.2,0.466666666666667
"4027",0.774193548387097,0.376778038407126,0.695652173913043,0.9,0.727272727272727,0.8,0.272727272727273,0.2,3.63636363636364,0.340909090909091
"4028",0.838709677419355,0.382684880827678,0.782608695652174,0.890350877192982,0.75,0.894736842105263,0.25,0.105263157894737,7.125,0.279411764705882
"4029",0.806451612903226,0.355545926768507,0.7,0.826190476190476,0.7,0.857142857142857,0.3,0.142857142857143,4.9,0.35
"4030",0.774193548387097,0.379765657543762,0.588235294117647,0.805555555555556,0.555555555555556,0.863636363636364,0.444444444444444,0.136363636363636,4.07407407407407,0.514619883040936
"4031",0.903225806451613,0.313611886056924,0.842105263157895,0.945238095238095,0.8,0.952380952380952,0.2,0.0476190476190477,16.8,0.21
"4032",0.806451612903226,0.397334531631646,0.571428571428571,0.80952380952381,0.571428571428571,0.875,0.428571428571429,0.125,4.57142857142857,0.489795918367347
"4033",0.838709677419355,0.3450457156906,0.705882352941177,0.952380952380952,0.6,0.952380952380952,0.4,0.0476190476190477,12.6,0.42
"4034",0.774193548387097,0.405168130256933,0.72,0.868181818181818,0.818181818181818,0.75,0.181818181818182,0.25,3.27272727272727,0.242424242424242
"4035",0.774193548387097,0.362449000451045,0.666666666666667,0.808080808080808,0.777777777777778,0.772727272727273,0.222222222222222,0.227272727272727,3.42222222222222,0.287581699346405
"4036",0.806451612903226,0.3321186966022,0.571428571428571,0.886904761904762,0.571428571428571,0.875,0.428571428571429,0.125,4.57142857142857,0.489795918367347
"4037",0.806451612903226,0.368904090723677,0.666666666666667,0.906565656565657,0.666666666666667,0.863636363636364,0.333333333333333,0.136363636363636,4.88888888888889,0.385964912280702
"4038",0.838709677419355,0.352279322737829,0.615384615384615,0.877717391304348,0.5,0.956521739130435,0.5,0.0434782608695652,11.5,0.522727272727273
"4039",0.870967741935484,0.300395091233612,0.75,0.964646464646465,0.666666666666667,0.954545454545455,0.333333333333333,0.0454545454545454,14.6666666666667,0.349206349206349
"4040",0.870967741935484,0.309818696344747,0.75,0.881313131313131,0.666666666666667,0.954545454545455,0.333333333333333,0.0454545454545454,14.6666666666667,0.349206349206349
"4041",0.774193548387097,0.426249626577158,0.533333333333333,0.8,0.4,0.952380952380952,0.6,0.0476190476190477,8.39999999999999,0.63
"4042",0.838709677419355,0.357745461317568,0.666666666666667,0.881313131313131,0.555555555555556,0.954545454545455,0.444444444444444,0.0454545454545454,12.2222222222222,0.465608465608466
"4043",0.774193548387097,0.410042529796309,0.461538461538462,0.84047619047619,0.3,1,0.7,0,Inf,0.7
"4044",0.741935483870968,0.465271706604951,0.6,0.816239316239316,0.461538461538462,0.944444444444444,0.538461538461538,0.0555555555555556,8.3076923076923,0.570135746606335
"4045",0.774193548387097,0.393118551735658,0.588235294117647,0.871428571428571,0.5,0.904761904761905,0.5,0.0952380952380952,5.25,0.552631578947368
"4046",0.806451612903226,0.35941111452977,0.625,0.866161616161616,0.555555555555556,0.909090909090909,0.444444444444444,0.0909090909090909,6.11111111111111,0.488888888888889
"4047",0.741935483870968,0.360821753066313,0.555555555555556,0.848214285714286,0.714285714285714,0.75,0.285714285714286,0.25,2.85714285714286,0.380952380952381
"4048",0.774193548387097,0.420289207374348,0.72,0.863247863247863,0.692307692307692,0.833333333333333,0.307692307692308,0.166666666666667,4.15384615384616,0.369230769230769
"4049",0.806451612903226,0.369084078888595,0.666666666666667,0.919047619047619,0.6,0.904761904761905,0.4,0.0952380952380952,6.3,0.442105263157895
"4050",0.67741935483871,0.44801868618781,0.545454545454545,0.781818181818182,0.545454545454545,0.75,0.454545454545455,0.25,2.18181818181818,0.606060606060606
"4051",0.774193548387097,0.385998067524521,0.666666666666667,0.848484848484849,0.777777777777778,0.772727272727273,0.222222222222222,0.227272727272727,3.42222222222222,0.287581699346405
"4052",0.838709677419355,0.312026239972249,0.705882352941177,0.944444444444444,0.666666666666667,0.909090909090909,0.333333333333333,0.0909090909090909,7.33333333333333,0.366666666666667
"4053",0.903225806451613,0.282858759314697,0.769230769230769,0.966666666666667,0.833333333333333,0.92,0.166666666666667,0.08,10.4166666666667,0.181159420289855
"4054",0.741935483870968,0.432157273582655,0.555555555555556,0.765151515151515,0.555555555555556,0.818181818181818,0.444444444444444,0.181818181818182,3.05555555555556,0.54320987654321
"4055",0.741935483870968,0.396808044536716,0.666666666666667,0.853070175438597,0.666666666666667,0.789473684210526,0.333333333333333,0.210526315789474,3.16666666666667,0.422222222222222
"4056",0.838709677419355,0.328260804486606,0.666666666666667,0.896739130434783,0.625,0.91304347826087,0.375,0.0869565217391305,7.1875,0.410714285714286
"4057",0.774193548387097,0.380563098331442,0.631578947368421,0.847826086956522,0.75,0.782608695652174,0.25,0.217391304347826,3.45,0.319444444444444
"4058",0.741935483870968,0.428854077803967,0.333333333333333,0.755050505050505,0.222222222222222,0.954545454545455,0.777777777777778,0.0454545454545454,4.88888888888889,0.814814814814815
"4059",0.838709677419355,0.319097497190668,0.705882352941177,0.922619047619048,0.857142857142857,0.833333333333333,0.142857142857143,0.166666666666667,5.14285714285714,0.171428571428571
"4060",0.806451612903226,0.456443961077488,0.75,0.9125,0.6,1,0.4,0,Inf,0.4
"4061",0.870967741935484,0.321176831266034,0.714285714285714,0.922619047619048,0.714285714285714,0.916666666666667,0.285714285714286,0.0833333333333334,8.57142857142857,0.311688311688312
"4062",0.903225806451613,0.284544887315786,0.823529411764706,0.967391304347826,0.875,0.91304347826087,0.125,0.0869565217391305,10.0625,0.136904761904762
"4063",0.806451612903226,0.342101107584175,0.7,0.928571428571429,0.7,0.857142857142857,0.3,0.142857142857143,4.9,0.35
"4064",0.741935483870968,0.421596167120956,0.6,0.8,0.6,0.80952380952381,0.4,0.19047619047619,3.15,0.494117647058824
"4065",0.709677419354839,0.390214361506911,0.307692307692308,0.734615384615385,0.4,0.769230769230769,0.6,0.230769230769231,1.73333333333333,0.78
"4066",0.774193548387097,0.413646824970889,0.461538461538462,0.77020202020202,0.333333333333333,0.954545454545455,0.666666666666667,0.0454545454545454,7.33333333333334,0.698412698412698
"4067",0.806451612903226,0.386483695396024,0.666666666666667,0.863636363636364,0.666666666666667,0.863636363636364,0.333333333333333,0.136363636363636,4.88888888888889,0.385964912280702
"4068",0.806451612903226,0.373810677561478,0.75,0.880952380952381,0.9,0.761904761904762,0.1,0.238095238095238,3.78,0.13125
"4069",0.709677419354839,0.414344795349835,0.608695652173913,0.804545454545455,0.636363636363636,0.75,0.363636363636364,0.25,2.54545454545455,0.484848484848485
"4070",0.741935483870968,0.349296559431219,0.6,0.907608695652174,0.75,0.739130434782609,0.25,0.260869565217391,2.875,0.338235294117647
"4071",0.774193548387097,0.357655495866085,0.631578947368421,0.826086956521739,0.75,0.782608695652174,0.25,0.217391304347826,3.45,0.319444444444444
"4072",0.774193548387097,0.401960801245772,0.666666666666667,0.863636363636364,0.636363636363636,0.85,0.363636363636364,0.15,4.24242424242424,0.427807486631016
"4073",0.838709677419355,0.373671057673768,0.761904761904762,0.910087719298246,0.666666666666667,0.947368421052632,0.333333333333333,0.0526315789473685,12.6666666666667,0.351851851851852
"4074",0.838709677419355,0.284521931788151,0.615384615384615,0.886666666666667,0.666666666666667,0.88,0.333333333333333,0.12,5.55555555555556,0.378787878787879
"4075",0.806451612903226,0.301203755941228,0.571428571428571,0.926666666666667,0.666666666666667,0.84,0.333333333333333,0.16,4.16666666666667,0.396825396825397
"4076",0.806451612903226,0.355446219950595,0.666666666666667,0.873737373737374,0.666666666666667,0.863636363636364,0.333333333333333,0.136363636363636,4.88888888888889,0.385964912280702
"4077",0.806451612903226,0.378171182332117,0.625,0.848484848484849,0.555555555555556,0.909090909090909,0.444444444444444,0.0909090909090909,6.11111111111111,0.488888888888889
"4078",0.741935483870968,0.365092273813829,0.5,0.848214285714286,0.571428571428571,0.791666666666667,0.428571428571429,0.208333333333333,2.74285714285714,0.541353383458647
"4079",0.838709677419355,0.399986402862789,0.705882352941177,0.797619047619048,0.6,0.952380952380952,0.4,0.0476190476190477,12.6,0.42
"4080",0.806451612903226,0.370654436997595,0.666666666666667,0.9,0.6,0.904761904761905,0.4,0.0952380952380952,6.3,0.442105263157895
"4081",0.806451612903226,0.357460266000363,0.5,0.838461538461538,0.6,0.846153846153846,0.4,0.153846153846154,3.9,0.472727272727273
"4082",0.806451612903226,0.418544904241221,0.727272727272727,0.818181818181818,0.727272727272727,0.85,0.272727272727273,0.15,4.84848484848485,0.320855614973262
"4083",0.935483870967742,0.30227388642941,0.875,0.894021739130435,0.875,0.956521739130435,0.125,0.0434782608695652,20.125,0.130681818181818
"4084",0.741935483870968,0.436999997217241,0.636363636363636,0.822368421052632,0.583333333333333,0.842105263157895,0.416666666666667,0.157894736842105,3.69444444444444,0.494791666666667
"4085",0.870967741935484,0.320771684721942,0.777777777777778,0.942857142857143,0.7,0.952380952380952,0.3,0.0476190476190477,14.7,0.315
"4086",0.806451612903226,0.362831331958662,0.571428571428571,0.875,0.571428571428571,0.875,0.428571428571429,0.125,4.57142857142857,0.489795918367347
"4087",0.870967741935484,0.304707914533584,0.8,0.947619047619048,0.8,0.904761904761905,0.2,0.0952380952380952,8.4,0.221052631578947
"4088",0.903225806451613,0.284545949545253,0.823529411764706,0.951086956521739,0.875,0.91304347826087,0.125,0.0869565217391305,10.0625,0.136904761904762
"4089",0.741935483870968,0.377520034525359,0.555555555555556,0.797619047619048,0.714285714285714,0.75,0.285714285714286,0.25,2.85714285714286,0.380952380952381
"4090",0.935483870967742,0.271855330210533,0.875,0.983695652173913,0.875,0.956521739130435,0.125,0.0434782608695652,20.125,0.130681818181818
"4091",0.903225806451613,0.327214916674267,0.823529411764706,0.904040404040404,0.777777777777778,0.954545454545455,0.222222222222222,0.0454545454545454,17.1111111111111,0.232804232804233
"4092",0.870967741935484,0.292378782628049,0.818181818181818,0.961904761904762,0.9,0.857142857142857,0.1,0.142857142857143,6.3,0.116666666666667
"4093",0.774193548387097,0.445541839251311,0.588235294117647,0.861842105263158,0.416666666666667,1,0.583333333333333,0,Inf,0.583333333333333
"4094",0.774193548387097,0.394583391190498,0.588235294117647,0.833333333333333,0.833333333333333,0.76,0.166666666666667,0.24,3.47222222222222,0.219298245614035
"4095",0.838709677419355,0.346804322720386,0.705882352941177,0.9,0.6,0.952380952380952,0.4,0.0476190476190477,12.6,0.42
"4096",0.806451612903226,0.37883869641566,0.7,0.914473684210526,0.583333333333333,0.947368421052632,0.416666666666667,0.0526315789473685,11.0833333333333,0.439814814814815
"4097",0.806451612903226,0.366524099704023,0.571428571428571,0.851190476190476,0.571428571428571,0.875,0.428571428571429,0.125,4.57142857142857,0.489795918367347
"4098",0.774193548387097,0.36875123660522,0.631578947368421,0.881313131313131,0.666666666666667,0.818181818181818,0.333333333333333,0.181818181818182,3.66666666666667,0.407407407407407
"4099",0.709677419354839,0.44745460047588,0.571428571428571,0.829059829059829,0.461538461538462,0.888888888888889,0.538461538461538,0.111111111111111,4.15384615384615,0.605769230769231
"4100",0.774193548387097,0.379993176056997,0.533333333333333,0.833333333333333,0.666666666666667,0.8,0.333333333333333,0.2,3.33333333333333,0.416666666666667
"4101",0.741935483870968,0.411421168365337,0.666666666666667,0.857456140350877,0.666666666666667,0.789473684210526,0.333333333333333,0.210526315789474,3.16666666666667,0.422222222222222
"4102",0.838709677419355,0.327606793347634,0.666666666666667,0.907608695652174,0.625,0.91304347826087,0.375,0.0869565217391305,7.1875,0.410714285714286
"4103",0.838709677419355,0.345576225215172,0.705882352941177,0.923913043478261,0.75,0.869565217391304,0.25,0.130434782608696,5.75,0.2875
"4104",0.806451612903226,0.411211275712172,0.727272727272727,0.844298245614035,0.666666666666667,0.894736842105263,0.333333333333333,0.105263157894737,6.33333333333333,0.372549019607843
"4105",0.806451612903226,0.393351312230552,0.727272727272727,0.883771929824561,0.666666666666667,0.894736842105263,0.333333333333333,0.105263157894737,6.33333333333333,0.372549019607843
"4106",0.806451612903226,0.331002537243566,0.571428571428571,0.806666666666667,0.666666666666667,0.84,0.333333333333333,0.16,4.16666666666667,0.396825396825397
"4107",0.806451612903226,0.363278985876108,0.666666666666667,0.909090909090909,0.545454545454545,0.95,0.454545454545455,0.05,10.9090909090909,0.478468899521531
"4108",0.774193548387097,0.410899136230191,0.666666666666667,0.855263157894737,0.583333333333333,0.894736842105263,0.416666666666667,0.105263157894737,5.54166666666667,0.465686274509804
"4109",0.870967741935484,0.369240577236396,0.8,0.854545454545454,0.727272727272727,0.95,0.272727272727273,0.05,14.5454545454545,0.287081339712919
"4110",0.838709677419355,0.373350535220647,0.736842105263158,0.838636363636364,0.636363636363636,0.95,0.363636363636364,0.05,12.7272727272727,0.382775119617225
"4111",0.903225806451613,0.27200041235978,0.769230769230769,0.933333333333333,0.833333333333333,0.92,0.166666666666667,0.08,10.4166666666667,0.181159420289855
"4112",0.741935483870968,0.40893559481927,0.692307692307692,0.861344537815126,0.642857142857143,0.823529411764706,0.357142857142857,0.176470588235294,3.64285714285714,0.433673469387755
"4113",0.903225806451613,0.285516528291845,0.823529411764706,0.967391304347826,0.875,0.91304347826087,0.125,0.0869565217391305,10.0625,0.136904761904762
"4114",0.741935483870968,0.403991478096978,0.6,0.819047619047619,0.6,0.80952380952381,0.4,0.19047619047619,3.15,0.494117647058824
"4115",0.709677419354839,0.414048065354896,0.571428571428571,0.861842105263158,0.5,0.842105263157895,0.5,0.157894736842105,3.16666666666667,0.59375
"4116",0.838709677419355,0.384576500272436,0.761904761904762,0.834090909090909,0.727272727272727,0.9,0.272727272727273,0.1,7.27272727272727,0.303030303030303
"4117",0.741935483870968,0.449054238638739,0.555555555555556,0.809782608695652,0.625,0.782608695652174,0.375,0.217391304347826,2.875,0.479166666666667
"4118",0.838709677419355,0.324306550238033,0.705882352941177,0.893939393939394,0.666666666666667,0.909090909090909,0.333333333333333,0.0909090909090909,7.33333333333333,0.366666666666667
"4119",0.774193548387097,0.406012106539218,0.461538461538462,0.914285714285714,0.3,1,0.7,0,Inf,0.7
"4120",0.741935483870968,0.399957129883149,0.555555555555556,0.80050505050505,0.555555555555556,0.818181818181818,0.444444444444444,0.181818181818182,3.05555555555556,0.54320987654321
"4121",0.870967741935484,0.303652955598837,0.777777777777778,0.952380952380952,1,0.833333333333333,0,0.166666666666667,6,0
"4122",0.870967741935484,0.35460121402199,0.777777777777778,0.891414141414141,0.777777777777778,0.909090909090909,0.222222222222222,0.0909090909090909,8.55555555555555,0.244444444444444
"4123",0.838709677419355,0.340013467320492,0.705882352941177,0.834239130434783,0.75,0.869565217391304,0.25,0.130434782608696,5.75,0.2875
"4124",0.774193548387097,0.397118622870151,0.588235294117647,0.830952380952381,0.5,0.904761904761905,0.5,0.0952380952380952,5.25,0.552631578947368
"4125",0.838709677419355,0.325381963940394,0.705882352941177,0.929347826086957,0.75,0.869565217391304,0.25,0.130434782608696,5.75,0.2875
"4126",0.741935483870968,0.410772954779807,0.555555555555556,0.797727272727273,0.454545454545455,0.9,0.545454545454545,0.1,4.54545454545455,0.606060606060606
"4127",0.774193548387097,0.421057536436904,0.695652173913043,0.802272727272727,0.727272727272727,0.8,0.272727272727273,0.2,3.63636363636364,0.340909090909091
"4128",0.774193548387097,0.41746601851103,0.631578947368421,0.865909090909091,0.545454545454545,0.9,0.454545454545455,0.1,5.45454545454546,0.505050505050505
"4129",0.903225806451613,0.316451527461667,0.769230769230769,0.904761904761905,0.714285714285714,0.958333333333333,0.285714285714286,0.0416666666666666,17.1428571428572,0.298136645962733
"4130",0.806451612903226,0.433167563784461,0.7,0.806818181818182,0.636363636363636,0.9,0.363636363636364,0.1,6.36363636363637,0.404040404040404
"4131",0.870967741935484,0.333493135899797,0.75,0.929347826086957,0.75,0.91304347826087,0.25,0.0869565217391305,8.62499999999999,0.273809523809524
"4132",0.838709677419355,0.372815357886329,0.814814814814815,0.880252100840336,0.785714285714286,0.882352941176471,0.214285714285714,0.117647058823529,6.67857142857143,0.242857142857143
"4133",0.870967741935484,0.33203254722866,0.75,0.798913043478261,0.75,0.91304347826087,0.25,0.0869565217391305,8.62499999999999,0.273809523809524
"4134",0.774193548387097,0.418834993947206,0.588235294117647,0.829545454545455,0.454545454545455,0.95,0.545454545454545,0.05,9.09090909090908,0.574162679425837
"4135",0.741935483870968,0.412648240643959,0.555555555555556,0.803030303030303,0.555555555555556,0.818181818181818,0.444444444444444,0.181818181818182,3.05555555555556,0.54320987654321
"4136",0.838709677419355,0.300079397206387,0.615384615384615,0.930769230769231,0.8,0.846153846153846,0.2,0.153846153846154,5.2,0.236363636363636
"4137",0.838709677419355,0.33973156715776,0.615384615384615,0.8,0.666666666666667,0.88,0.333333333333333,0.12,5.55555555555556,0.378787878787879
"4138",0.741935483870968,0.398281916836389,0.555555555555556,0.856666666666667,0.833333333333333,0.72,0.166666666666667,0.28,2.97619047619048,0.231481481481481
"4139",0.870967741935484,0.333351353569425,0.8,0.929292929292929,0.888888888888889,0.863636363636364,0.111111111111111,0.136363636363636,6.51851851851852,0.128654970760234
"4140",0.741935483870968,0.333876909903231,0.428571428571429,0.796153846153846,0.6,0.769230769230769,0.4,0.230769230769231,2.6,0.52
"4141",0.774193548387097,0.419597635295165,0.72,0.846491228070175,0.75,0.789473684210526,0.25,0.210526315789474,3.5625,0.316666666666667
"4142",0.870967741935484,0.312544622607305,0.666666666666667,0.907692307692308,0.8,0.884615384615385,0.2,0.115384615384615,6.93333333333333,0.226086956521739
"4143",0.806451612903226,0.359218285993702,0.625,0.834239130434783,0.625,0.869565217391304,0.375,0.130434782608696,4.79166666666667,0.43125
"4144",0.870967741935484,0.297276834103142,0.714285714285714,0.921195652173913,0.625,0.956521739130435,0.375,0.0434782608695652,14.375,0.392045454545455
"4145",0.806451612903226,0.35664234260637,0.5,0.843333333333333,0.5,0.88,0.5,0.12,4.16666666666667,0.568181818181818
"4146",0.774193548387097,0.399565693409278,0.666666666666667,0.93859649122807,0.583333333333333,0.894736842105263,0.416666666666667,0.105263157894737,5.54166666666667,0.465686274509804
"4147",0.838709677419355,0.343859670602721,0.545454545454545,0.813333333333333,0.5,0.92,0.5,0.08,6.25,0.543478260869565
"4148",0.870967741935484,0.321172751202533,0.8,0.968181818181818,0.727272727272727,0.95,0.272727272727273,0.05,14.5454545454545,0.287081339712919
"4149",0.741935483870968,0.415226483409025,0.6,0.848484848484849,0.666666666666667,0.772727272727273,0.333333333333333,0.227272727272727,2.93333333333333,0.431372549019608
"4150",0.935483870967742,0.246353570960088,0.9,0.98989898989899,1,0.909090909090909,0,0.0909090909090909,11,0
"4151",0.870967741935484,0.27894978194033,0.75,0.949404761904762,0.857142857142857,0.875,0.142857142857143,0.125,6.85714285714286,0.163265306122449
"4152",0.774193548387097,0.406274862999492,0.695652173913043,0.859090909090909,0.727272727272727,0.8,0.272727272727273,0.2,3.63636363636364,0.340909090909091
"4153",0.838709677419355,0.374919483990003,0.736842105263158,0.898989898989899,0.777777777777778,0.863636363636364,0.222222222222222,0.136363636363636,5.7037037037037,0.257309941520468
"4154",0.838709677419355,0.279135211469375,0.705882352941177,0.895833333333333,0.857142857142857,0.833333333333333,0.142857142857143,0.166666666666667,5.14285714285714,0.171428571428571
"4155",0.870967741935484,0.310756488998367,0.777777777777778,0.883838383838384,0.777777777777778,0.909090909090909,0.222222222222222,0.0909090909090909,8.55555555555555,0.244444444444444
"4156",0.870967741935484,0.352960063917404,0.8,0.895454545454546,0.727272727272727,0.95,0.272727272727273,0.05,14.5454545454545,0.287081339712919
"4157",0.774193548387097,0.352938014504233,0.666666666666667,0.890909090909091,0.636363636363636,0.85,0.363636363636364,0.15,4.24242424242424,0.427807486631016
"4158",0.741935483870968,0.394760463246315,0.6,0.830952380952381,0.6,0.80952380952381,0.4,0.19047619047619,3.15,0.494117647058824
"4159",0.774193548387097,0.40418721545665,0.588235294117647,0.895238095238095,0.5,0.904761904761905,0.5,0.0952380952380952,5.25,0.552631578947368
"4160",0.838709677419355,0.313010958651625,0.761904761904762,0.911904761904762,0.8,0.857142857142857,0.2,0.142857142857143,5.6,0.233333333333333
"4161",0.870967741935484,0.313349082345588,0.75,0.964646464646465,0.666666666666667,0.954545454545455,0.333333333333333,0.0454545454545454,14.6666666666667,0.349206349206349
"4162",0.838709677419355,0.339217904854136,0.736842105263158,0.931818181818182,0.777777777777778,0.863636363636364,0.222222222222222,0.136363636363636,5.7037037037037,0.257309941520468
"4163",0.709677419354839,0.394076285746551,0.526315789473684,0.823809523809524,0.5,0.80952380952381,0.5,0.19047619047619,2.625,0.617647058823529
"4164",0.806451612903226,0.351051675798778,0.7,0.893939393939394,0.777777777777778,0.818181818181818,0.222222222222222,0.181818181818182,4.27777777777778,0.271604938271605
"4165",0.774193548387097,0.378827756477033,0.631578947368421,0.885714285714286,0.6,0.857142857142857,0.4,0.142857142857143,4.2,0.466666666666667
"4166",0.709677419354839,0.455973675959429,0.64,0.846153846153846,0.615384615384615,0.777777777777778,0.384615384615385,0.222222222222222,2.76923076923077,0.494505494505494
"4167",0.870967741935484,0.290632409063029,0.714285714285714,0.926666666666667,0.833333333333333,0.88,0.166666666666667,0.12,6.94444444444444,0.189393939393939
"4168",0.838709677419355,0.339456827606392,0.705882352941177,0.893939393939394,0.666666666666667,0.909090909090909,0.333333333333333,0.0909090909090909,7.33333333333333,0.366666666666667
"4169",0.838709677419355,0.35568794728945,0.782608695652174,0.918181818181818,0.818181818181818,0.85,0.181818181818182,0.15,5.45454545454545,0.213903743315508
"4170",0.806451612903226,0.329084422341967,0.75,0.933333333333333,0.9,0.761904761904762,0.1,0.238095238095238,3.78,0.13125
"4171",0.838709677419355,0.361855502608913,0.8,0.909090909090909,0.909090909090909,0.8,0.0909090909090909,0.2,4.54545454545455,0.113636363636364
"4172",0.741935483870968,0.399014023723359,0.6,0.817934782608696,0.75,0.739130434782609,0.25,0.260869565217391,2.875,0.338235294117647
"4173",0.774193548387097,0.405662892834959,0.461538461538462,0.723214285714286,0.428571428571429,0.875,0.571428571428571,0.125,3.42857142857143,0.653061224489796
"4174",0.903225806451613,0.296626213632806,0.823529411764706,0.944444444444444,0.777777777777778,0.954545454545455,0.222222222222222,0.0454545454545454,17.1111111111111,0.232804232804233
"4175",0.806451612903226,0.367949004215265,0.7,0.879545454545455,0.636363636363636,0.9,0.363636363636364,0.1,6.36363636363637,0.404040404040404
"4176",0.741935483870968,0.43331020400977,0.428571428571429,0.747474747474748,0.333333333333333,0.909090909090909,0.666666666666667,0.0909090909090909,3.66666666666667,0.733333333333333
"4177",0.838709677419355,0.358003284384713,0.705882352941177,0.863095238095238,0.857142857142857,0.833333333333333,0.142857142857143,0.166666666666667,5.14285714285714,0.171428571428571
"4178",0.838709677419355,0.348414783534301,0.545454545454545,0.889880952380952,0.428571428571429,0.958333333333333,0.571428571428571,0.0416666666666666,10.2857142857143,0.596273291925466
"4179",0.774193548387097,0.367998306743666,0.631578947368421,0.894021739130435,0.75,0.782608695652174,0.25,0.217391304347826,3.45,0.319444444444444
"4180",0.806451612903226,0.401452977649527,0.625,0.831521739130435,0.625,0.869565217391304,0.375,0.130434782608696,4.79166666666667,0.43125
"4181",0.870967741935484,0.336644916623806,0.714285714285714,0.919191919191919,0.555555555555556,1,0.444444444444444,0,Inf,0.444444444444444
"4182",0.645161290322581,0.482329611115259,0.421052631578947,0.741228070175439,0.333333333333333,0.842105263157895,0.666666666666667,0.157894736842105,2.11111111111111,0.791666666666667
"4183",0.806451612903226,0.377606655126254,0.727272727272727,0.878787878787879,0.888888888888889,0.772727272727273,0.111111111111111,0.227272727272727,3.91111111111111,0.143790849673203
"4184",0.870967741935484,0.297222024140656,0.777777777777778,0.934343434343434,0.777777777777778,0.909090909090909,0.222222222222222,0.0909090909090909,8.55555555555555,0.244444444444444
"4185",0.870967741935484,0.326244917862268,0.714285714285714,0.89,0.833333333333333,0.88,0.166666666666667,0.12,6.94444444444444,0.189393939393939
"4186",0.774193548387097,0.382411635000283,0.695652173913043,0.885964912280702,0.666666666666667,0.842105263157895,0.333333333333333,0.157894736842105,4.22222222222222,0.395833333333333
"4187",0.838709677419355,0.338259452141203,0.761904761904762,0.919047619047619,0.8,0.857142857142857,0.2,0.142857142857143,5.6,0.233333333333333
"4188",0.806451612903226,0.352761713732806,0.7,0.85,0.7,0.857142857142857,0.3,0.142857142857143,4.9,0.35
"4189",0.838709677419355,0.336186148489908,0.705882352941177,0.894021739130435,0.75,0.869565217391304,0.25,0.130434782608696,5.75,0.2875
"4190",0.870967741935484,0.318926129756841,0.75,0.919642857142857,0.857142857142857,0.875,0.142857142857143,0.125,6.85714285714286,0.163265306122449
"4191",0.67741935483871,0.500051740342408,0.615384615384615,0.81875,0.533333333333333,0.8125,0.466666666666667,0.1875,2.84444444444444,0.574358974358974
"4192",0.67741935483871,0.49074128367443,0.5,0.799145299145299,0.384615384615385,0.888888888888889,0.615384615384615,0.111111111111111,3.46153846153846,0.692307692307692
"4193",0.903225806451613,0.323743022231854,0.869565217391304,0.929824561403509,0.833333333333333,0.947368421052632,0.166666666666667,0.0526315789473685,15.8333333333333,0.175925925925926
"4194",0.709677419354839,0.445313002466697,0.571428571428571,0.838636363636364,0.545454545454545,0.8,0.454545454545455,0.2,2.72727272727273,0.568181818181818
"4195",0.806451612903226,0.367470525689287,0.571428571428571,0.80952380952381,0.571428571428571,0.875,0.428571428571429,0.125,4.57142857142857,0.489795918367347
"4196",0.806451612903226,0.35055778626458,0.7,0.878787878787879,0.777777777777778,0.818181818181818,0.222222222222222,0.181818181818182,4.27777777777778,0.271604938271605
"4197",0.774193548387097,0.432389735608066,0.666666666666667,0.81140350877193,0.583333333333333,0.894736842105263,0.416666666666667,0.105263157894737,5.54166666666667,0.465686274509804
"4198",0.838709677419355,0.384496180599558,0.736842105263158,0.854545454545454,0.636363636363636,0.95,0.363636363636364,0.05,12.7272727272727,0.382775119617225
"4199",0.774193548387097,0.335169342283489,0.72,0.902272727272727,0.818181818181818,0.75,0.181818181818182,0.25,3.27272727272727,0.242424242424242
"4200",0.741935483870968,0.479082898996834,0.555555555555556,0.741228070175439,0.416666666666667,0.947368421052632,0.583333333333333,0.0526315789473685,7.91666666666666,0.615740740740741
"4201",0.870967741935484,0.310182932421622,0.8,0.94949494949495,0.888888888888889,0.863636363636364,0.111111111111111,0.136363636363636,6.51851851851852,0.128654970760234
"4202",0.806451612903226,0.299722471408753,0.5,0.853846153846154,0.6,0.846153846153846,0.4,0.153846153846154,3.9,0.472727272727273
"4203",0.806451612903226,0.367107293105522,0.625,0.801630434782609,0.625,0.869565217391304,0.375,0.130434782608696,4.79166666666667,0.43125
"4204",0.806451612903226,0.361483429084993,0.7,0.909090909090909,0.777777777777778,0.818181818181818,0.222222222222222,0.181818181818182,4.27777777777778,0.271604938271605
"4205",0.741935483870968,0.347669771279634,0.6,0.896739130434783,0.75,0.739130434782609,0.25,0.260869565217391,2.875,0.338235294117647
"4206",0.709677419354839,0.507003903160438,0.571428571428571,0.771008403361345,0.428571428571429,0.941176470588235,0.571428571428571,0.0588235294117647,7.28571428571428,0.607142857142857
"4207",0.870967741935484,0.335656857209541,0.777777777777778,0.893939393939394,0.777777777777778,0.909090909090909,0.222222222222222,0.0909090909090909,8.55555555555555,0.244444444444444
"4208",0.838709677419355,0.347686622800261,0.736842105263158,0.923809523809524,0.7,0.904761904761905,0.3,0.0952380952380952,7.35,0.331578947368421
"4209",0.741935483870968,0.391595137118269,0.5,0.958333333333333,1,0.703703703703704,0,0.296296296296296,3.375,0
"4210",0.806451612903226,0.32591705861113,0.7,0.93452380952381,1,0.75,0,0.25,4,0
"4211",0.870967741935484,0.306685287943341,0.777777777777778,0.964646464646465,0.777777777777778,0.909090909090909,0.222222222222222,0.0909090909090909,8.55555555555555,0.244444444444444
"4212",0.806451612903226,0.380378355314928,0.625,0.820652173913043,0.625,0.869565217391304,0.375,0.130434782608696,4.79166666666667,0.43125
"4213",0.774193548387097,0.369559007476199,0.666666666666667,0.845959595959596,0.777777777777778,0.772727272727273,0.222222222222222,0.227272727272727,3.42222222222222,0.287581699346405
"4214",0.774193548387097,0.376957610982409,0.666666666666667,0.802380952380952,0.7,0.80952380952381,0.3,0.19047619047619,3.675,0.370588235294118
"4215",0.903225806451613,0.315240112753346,0.823529411764706,0.911616161616162,0.777777777777778,0.954545454545455,0.222222222222222,0.0454545454545454,17.1111111111111,0.232804232804233
"4216",0.774193548387097,0.355925282592126,0.631578947368421,0.888095238095238,0.6,0.857142857142857,0.4,0.142857142857143,4.2,0.466666666666667
"4217",0.709677419354839,0.439524949106152,0.526315789473684,0.828282828282828,0.555555555555556,0.772727272727273,0.444444444444444,0.227272727272727,2.44444444444444,0.57516339869281
"4218",0.838709677419355,0.350231108128871,0.705882352941177,0.895238095238095,0.6,0.952380952380952,0.4,0.0476190476190477,12.6,0.42
"4219",0.741935483870968,0.386935939038322,0.555555555555556,0.861904761904762,0.5,0.857142857142857,0.5,0.142857142857143,3.5,0.583333333333333
"4220",0.774193548387097,0.391252635652949,0.588235294117647,0.854545454545454,0.454545454545455,0.95,0.545454545454545,0.05,9.09090909090908,0.574162679425837
"4221",0.838709677419355,0.368139948458397,0.705882352941177,0.881818181818182,0.545454545454545,1,0.454545454545455,0,Inf,0.454545454545455
"4222",0.806451612903226,0.374608530190886,0.7,0.890350877192982,0.583333333333333,0.947368421052632,0.416666666666667,0.0526315789473685,11.0833333333333,0.439814814814815
"4223",0.709677419354839,0.483130206154544,0.608695652173913,0.767543859649123,0.583333333333333,0.789473684210526,0.416666666666667,0.210526315789474,2.77083333333333,0.527777777777778
"4224",0.838709677419355,0.332207204267173,0.761904761904762,0.863636363636364,0.727272727272727,0.9,0.272727272727273,0.1,7.27272727272727,0.303030303030303
"4225",0.645161290322581,0.518870175977533,0.476190476190476,0.75,0.384615384615385,0.833333333333333,0.615384615384615,0.166666666666667,2.30769230769231,0.738461538461539
"4226",0.870967741935484,0.311361132899105,0.6,0.93,0.5,0.96,0.5,0.04,12.5,0.520833333333333
"4227",0.838709677419355,0.32908554766687,0.545454545454545,0.846666666666667,0.5,0.92,0.5,0.08,6.25,0.543478260869565
"4228",0.838709677419355,0.333202842100225,0.444444444444444,0.806666666666667,0.333333333333333,0.96,0.666666666666667,0.04,8.33333333333333,0.694444444444445
"4229",0.741935483870968,0.447143771644993,0.333333333333333,0.695652173913043,0.25,0.91304347826087,0.75,0.0869565217391305,2.875,0.821428571428572
"4230",0.774193548387097,0.424622315433849,0.695652173913043,0.886554621848739,0.571428571428571,0.941176470588235,0.428571428571429,0.0588235294117647,9.71428571428571,0.455357142857143
"4231",0.774193548387097,0.366638546359957,0.588235294117647,0.833333333333333,0.555555555555556,0.863636363636364,0.444444444444444,0.136363636363636,4.07407407407407,0.514619883040936
"4232",0.806451612903226,0.364880360811211,0.625,0.817934782608696,0.625,0.869565217391304,0.375,0.130434782608696,4.79166666666667,0.43125
"4233",0.741935483870968,0.461994069083092,0.666666666666667,0.820175438596491,0.666666666666667,0.789473684210526,0.333333333333333,0.210526315789474,3.16666666666667,0.422222222222222
"4234",0.870967741935484,0.331071680865381,0.75,0.861111111111111,0.666666666666667,0.954545454545455,0.333333333333333,0.0454545454545454,14.6666666666667,0.349206349206349
"4235",0.870967741935484,0.258591654794273,0.666666666666667,1,1,0.851851851851852,0,0.148148148148148,6.75,0
"4236",0.806451612903226,0.366055877926236,0.75,0.918803418803419,0.692307692307692,0.888888888888889,0.307692307692308,0.111111111111111,6.23076923076923,0.346153846153846
"4237",0.741935483870968,0.448942511839656,0.733333333333333,0.79375,0.6875,0.8,0.3125,0.2,3.4375,0.390625
"4238",0.741935483870968,0.434476618017266,0.666666666666667,0.825,0.727272727272727,0.75,0.272727272727273,0.25,2.90909090909091,0.363636363636364
"4239",0.903225806451613,0.292277827119575,0.769230769230769,0.93452380952381,0.714285714285714,0.958333333333333,0.285714285714286,0.0416666666666666,17.1428571428572,0.298136645962733
"4240",0.870967741935484,0.299615079296082,0.714285714285714,0.955357142857143,0.714285714285714,0.916666666666667,0.285714285714286,0.0833333333333334,8.57142857142857,0.311688311688312
"4241",0.806451612903226,0.384407006050377,0.666666666666667,0.911363636363636,0.545454545454545,0.95,0.454545454545455,0.05,10.9090909090909,0.478468899521531
"4242",0.806451612903226,0.327154789720023,0.571428571428571,0.915384615384615,0.8,0.807692307692308,0.2,0.192307692307692,4.16,0.247619047619048
"4243",0.838709677419355,0.301064967614783,0.761904761904762,0.934782608695652,1,0.782608695652174,0,0.217391304347826,4.6,0
"4244",0.838709677419355,0.364654590458317,0.761904761904762,0.925438596491228,0.666666666666667,0.947368421052632,0.333333333333333,0.0526315789473685,12.6666666666667,0.351851851851852
"4245",0.741935483870968,0.42017283500365,0.428571428571429,0.89047619047619,0.3,0.952380952380952,0.7,0.0476190476190477,6.29999999999999,0.735
"4246",0.774193548387097,0.365316758399136,0.695652173913043,0.903508771929824,0.666666666666667,0.842105263157895,0.333333333333333,0.157894736842105,4.22222222222222,0.395833333333333
"4247",0.774193548387097,0.397827417596553,0.631578947368421,0.802380952380952,0.6,0.857142857142857,0.4,0.142857142857143,4.2,0.466666666666667
"4248",0.838709677419355,0.321984104906593,0.736842105263158,0.902380952380952,0.7,0.904761904761905,0.3,0.0952380952380952,7.35,0.331578947368421
"4249",0.709677419354839,0.431380499765262,0.571428571428571,0.852564102564103,0.461538461538462,0.888888888888889,0.538461538461538,0.111111111111111,4.15384615384615,0.605769230769231
"4250",0.870967741935484,0.328297427713466,0.8,0.928571428571429,0.8,0.904761904761905,0.2,0.0952380952380952,8.4,0.221052631578947
"4251",0.741935483870968,0.392288678403338,0.555555555555556,0.843434343434343,0.555555555555556,0.818181818181818,0.444444444444444,0.181818181818182,3.05555555555556,0.54320987654321
"4252",0.774193548387097,0.351189717742463,0.631578947368421,0.883333333333333,0.6,0.857142857142857,0.4,0.142857142857143,4.2,0.466666666666667
"4253",0.870967741935484,0.336248165697658,0.8,0.868686868686869,0.888888888888889,0.863636363636364,0.111111111111111,0.136363636363636,6.51851851851852,0.128654970760234
"4254",0.838709677419355,0.338977321251583,0.666666666666667,0.904761904761905,0.714285714285714,0.875,0.285714285714286,0.125,5.71428571428571,0.326530612244898
"4255",0.935483870967742,0.225052278302136,0.857142857142857,0.993333333333333,1,0.92,0,0.08,12.5,0
"4256",0.806451612903226,0.288062180404539,0.666666666666667,0.951086956521739,0.75,0.826086956521739,0.25,0.173913043478261,4.3125,0.302631578947368
"4257",0.806451612903226,0.383487460587664,0.75,0.868421052631579,0.75,0.842105263157895,0.25,0.157894736842105,4.75,0.296875
"4258",0.645161290322581,0.475889676467525,0.421052631578947,0.77020202020202,0.444444444444444,0.727272727272727,0.555555555555556,0.272727272727273,1.62962962962963,0.763888888888889
"4259",0.903225806451613,0.270866896809693,0.727272727272727,0.969230769230769,0.8,0.923076923076923,0.2,0.0769230769230769,10.4,0.216666666666667
"4260",0.709677419354839,0.426971759250041,0.307692307692308,0.843333333333333,0.333333333333333,0.8,0.666666666666667,0.2,1.66666666666667,0.833333333333333
"4261",0.838709677419355,0.377959925456873,0.736842105263158,0.808080808080808,0.777777777777778,0.863636363636364,0.222222222222222,0.136363636363636,5.7037037037037,0.257309941520468
"4262",0.806451612903226,0.340314121955505,0.727272727272727,0.921717171717172,0.888888888888889,0.772727272727273,0.111111111111111,0.227272727272727,3.91111111111111,0.143790849673203
"4263",0.935483870967742,0.307676210702101,0.888888888888889,0.96969696969697,0.888888888888889,0.954545454545455,0.111111111111111,0.0454545454545454,19.5555555555556,0.116402116402116
"4264",0.838709677419355,0.365680114965715,0.761904761904762,0.870454545454545,0.727272727272727,0.9,0.272727272727273,0.1,7.27272727272727,0.303030303030303
"4265",0.741935483870968,0.407946771862799,0.555555555555556,0.861413043478261,0.625,0.782608695652174,0.375,0.217391304347826,2.875,0.479166666666667
"4266",0.806451612903226,0.358925679243769,0.7,0.925,0.636363636363636,0.9,0.363636363636364,0.1,6.36363636363637,0.404040404040404
"4267",0.741935483870968,0.410711344340119,0.6,0.861363636363636,0.545454545454545,0.85,0.454545454545455,0.15,3.63636363636364,0.53475935828877
"4268",0.838709677419355,0.316664640261918,0.761904761904762,0.963636363636364,0.727272727272727,0.9,0.272727272727273,0.1,7.27272727272727,0.303030303030303
"4269",0.774193548387097,0.394233287827991,0.666666666666667,0.904545454545455,0.636363636363636,0.85,0.363636363636364,0.15,4.24242424242424,0.427807486631016
"4270",0.838709677419355,0.38154482762336,0.761904761904762,0.854761904761905,0.8,0.857142857142857,0.2,0.142857142857143,5.6,0.233333333333333
"4271",0.806451612903226,0.357020106653794,0.666666666666667,0.875,0.75,0.826086956521739,0.25,0.173913043478261,4.3125,0.302631578947368
"4272",0.903225806451613,0.299793193322555,0.823529411764706,0.974747474747475,0.777777777777778,0.954545454545455,0.222222222222222,0.0454545454545454,17.1111111111111,0.232804232804233
"4273",0.806451612903226,0.34874773165578,0.7,0.916666666666667,0.7,0.857142857142857,0.3,0.142857142857143,4.9,0.35
"4274",0.741935483870968,0.434306161501017,0.6,0.809090909090909,0.545454545454545,0.85,0.454545454545455,0.15,3.63636363636364,0.53475935828877
"4275",0.806451612903226,0.316493325939768,0.571428571428571,0.886666666666667,0.666666666666667,0.84,0.333333333333333,0.16,4.16666666666667,0.396825396825397
"4276",0.774193548387097,0.42345851975329,0.631578947368421,0.866666666666667,0.6,0.857142857142857,0.4,0.142857142857143,4.2,0.466666666666667
"4277",0.806451612903226,0.381542360896664,0.666666666666667,0.90952380952381,0.6,0.904761904761905,0.4,0.0952380952380952,6.3,0.442105263157895
"4278",0.806451612903226,0.32535279580218,0.571428571428571,0.806666666666667,0.666666666666667,0.84,0.333333333333333,0.16,4.16666666666667,0.396825396825397
"4279",0.709677419354839,0.421416259579501,0.4,0.782828282828283,0.333333333333333,0.863636363636364,0.666666666666667,0.136363636363636,2.44444444444444,0.771929824561404
"4280",0.806451612903226,0.389336020313958,0.5,0.806666666666667,0.5,0.88,0.5,0.12,4.16666666666667,0.568181818181818
"4281",0.903225806451613,0.2811320504049,0.823529411764706,0.967391304347826,0.875,0.91304347826087,0.125,0.0869565217391305,10.0625,0.136904761904762
"4282",0.870967741935484,0.294332887925811,0.777777777777778,0.919191919191919,0.777777777777778,0.909090909090909,0.222222222222222,0.0909090909090909,8.55555555555555,0.244444444444444
"4283",0.67741935483871,0.483645605335093,0.375,0.713333333333333,0.5,0.72,0.5,0.28,1.78571428571429,0.694444444444444
"4284",0.741935483870968,0.428274598036682,0.5,0.81547619047619,0.571428571428571,0.791666666666667,0.428571428571429,0.208333333333333,2.74285714285714,0.541353383458647
"4285",0.838709677419355,0.377208205336194,0.705882352941177,0.815909090909091,0.545454545454545,1,0.454545454545455,0,Inf,0.454545454545455
"4286",0.774193548387097,0.371784885564081,0.588235294117647,0.838383838383838,0.555555555555556,0.863636363636364,0.444444444444444,0.136363636363636,4.07407407407407,0.514619883040936
"4287",0.774193548387097,0.406168567903482,0.533333333333333,0.75,0.571428571428571,0.833333333333333,0.428571428571429,0.166666666666667,3.42857142857143,0.514285714285714
"4288",0.741935483870968,0.39136906393254,0.555555555555556,0.895238095238095,0.5,0.857142857142857,0.5,0.142857142857143,3.5,0.583333333333333
"4289",0.806451612903226,0.357783698421784,0.571428571428571,0.91304347826087,0.5,0.91304347826087,0.5,0.0869565217391305,5.75,0.547619047619048
"4290",0.774193548387097,0.371845419704174,0.588235294117647,0.857142857142857,0.714285714285714,0.791666666666667,0.285714285714286,0.208333333333333,3.42857142857143,0.360902255639098
"4291",0.774193548387097,0.411852071517354,0.666666666666667,0.918803418803419,0.538461538461538,0.944444444444444,0.461538461538462,0.0555555555555556,9.69230769230769,0.48868778280543
"4292",0.838709677419355,0.39203303508326,0.761904761904762,0.888157894736842,0.666666666666667,0.947368421052632,0.333333333333333,0.0526315789473685,12.6666666666667,0.351851851851852
"4293",0.806451612903226,0.351830424811485,0.7,0.919191919191919,0.777777777777778,0.818181818181818,0.222222222222222,0.181818181818182,4.27777777777778,0.271604938271605
"4294",0.774193548387097,0.355568694654089,0.631578947368421,0.858695652173913,0.75,0.782608695652174,0.25,0.217391304347826,3.45,0.319444444444444
"4295",0.838709677419355,0.356690924189607,0.761904761904762,0.956140350877193,0.666666666666667,0.947368421052632,0.333333333333333,0.0526315789473685,12.6666666666667,0.351851851851852
"4296",0.806451612903226,0.381609898353366,0.7,0.856818181818182,0.636363636363636,0.9,0.363636363636364,0.1,6.36363636363637,0.404040404040404
"4297",0.774193548387097,0.389061296931387,0.461538461538462,0.790760869565217,0.375,0.91304347826087,0.625,0.0869565217391305,4.3125,0.68452380952381
"4298",0.774193548387097,0.388343354000511,0.533333333333333,0.730978260869565,0.5,0.869565217391304,0.5,0.130434782608696,3.83333333333333,0.575
"4299",0.806451612903226,0.380977524834824,0.769230769230769,0.897435897435897,0.769230769230769,0.833333333333333,0.230769230769231,0.166666666666667,4.61538461538462,0.276923076923077
"4300",0.838709677419355,0.364922360503927,0.615384615384615,0.8,0.8,0.846153846153846,0.2,0.153846153846154,5.2,0.236363636363636
"4301",0.870967741935484,0.302725124183229,0.818181818181818,0.947619047619048,0.9,0.857142857142857,0.1,0.142857142857143,6.3,0.116666666666667
"4302",0.774193548387097,0.356344143355771,0.631578947368421,0.871212121212121,0.666666666666667,0.818181818181818,0.333333333333333,0.181818181818182,3.66666666666667,0.407407407407407
"4303",0.838709677419355,0.361888522967428,0.666666666666667,0.80050505050505,0.555555555555556,0.954545454545455,0.444444444444444,0.0454545454545454,12.2222222222222,0.465608465608466
"4304",0.741935483870968,0.399879268900916,0.692307692307692,0.909090909090909,1,0.636363636363636,0,0.363636363636364,2.75,0
"4305",0.741935483870968,0.425935023724837,0.714285714285714,0.857142857142857,0.714285714285714,0.764705882352941,0.285714285714286,0.235294117647059,3.03571428571429,0.373626373626374
"4306",0.774193548387097,0.397972309768772,0.695652173913043,0.895299145299145,0.615384615384615,0.888888888888889,0.384615384615385,0.111111111111111,5.53846153846154,0.432692307692308
"4307",0.838709677419355,0.357022591501051,0.736842105263158,0.875,0.875,0.826086956521739,0.125,0.173913043478261,5.03125,0.151315789473684
"4308",0.806451612903226,0.392298304187824,0.666666666666667,0.835858585858586,0.666666666666667,0.863636363636364,0.333333333333333,0.136363636363636,4.88888888888889,0.385964912280702
"4309",0.806451612903226,0.396290589698756,0.727272727272727,0.878205128205128,0.615384615384615,0.944444444444444,0.384615384615385,0.0555555555555556,11.0769230769231,0.407239819004525
"4310",0.774193548387097,0.416014143879105,0.533333333333333,0.805555555555556,0.444444444444444,0.909090909090909,0.555555555555556,0.0909090909090909,4.88888888888889,0.611111111111111
"4311",0.645161290322581,0.513004622508817,0.352941176470588,0.6875,0.428571428571429,0.708333333333333,0.571428571428571,0.291666666666667,1.46938775510204,0.80672268907563
"4312",0.838709677419355,0.304193139997341,0.761904761904762,0.919191919191919,0.888888888888889,0.818181818181818,0.111111111111111,0.181818181818182,4.88888888888889,0.135802469135803
"4313",0.806451612903226,0.357845503196589,0.4,0.886904761904762,0.285714285714286,0.958333333333333,0.714285714285714,0.0416666666666666,6.85714285714286,0.745341614906832
"4314",0.870967741935484,0.311127166652479,0.714285714285714,0.96195652173913,0.625,0.956521739130435,0.375,0.0434782608695652,14.375,0.392045454545455
"4315",0.806451612903226,0.350135498445828,0.666666666666667,0.891304347826087,0.75,0.826086956521739,0.25,0.173913043478261,4.3125,0.302631578947368
"4316",0.935483870967742,0.28661220325331,0.888888888888889,0.964646464646465,0.888888888888889,0.954545454545455,0.111111111111111,0.0454545454545454,19.5555555555556,0.116402116402116
"4317",0.709677419354839,0.410461264968397,0.470588235294118,0.773809523809524,0.571428571428571,0.75,0.428571428571429,0.25,2.28571428571429,0.571428571428572
"4318",0.838709677419355,0.364393850967946,0.705882352941177,0.869047619047619,0.6,0.952380952380952,0.4,0.0476190476190477,12.6,0.42
"4319",0.806451612903226,0.396919905034635,0.7,0.85,0.7,0.857142857142857,0.3,0.142857142857143,4.9,0.35
"4320",0.838709677419355,0.377923764156009,0.736842105263158,0.920454545454545,0.636363636363636,0.95,0.363636363636364,0.05,12.7272727272727,0.382775119617225
"4321",0.806451612903226,0.352952410884049,0.666666666666667,0.861904761904762,0.6,0.904761904761905,0.4,0.0952380952380952,6.3,0.442105263157895
"4322",0.935483870967742,0.271954301483949,0.857142857142857,0.9375,0.857142857142857,0.958333333333333,0.142857142857143,0.0416666666666666,20.5714285714286,0.149068322981366
"4323",0.774193548387097,0.415508664595157,0.461538461538462,0.796195652173913,0.375,0.91304347826087,0.625,0.0869565217391305,4.3125,0.68452380952381
"4324",0.774193548387097,0.353036612548658,0.666666666666667,0.895238095238095,0.7,0.80952380952381,0.3,0.19047619047619,3.675,0.370588235294118
"4325",0.67741935483871,0.409720773441267,0.375,0.705357142857143,0.428571428571429,0.75,0.571428571428571,0.25,1.71428571428571,0.761904761904762
"4326",0.870967741935484,0.373781020726516,0.8,0.888636363636364,0.727272727272727,0.95,0.272727272727273,0.05,14.5454545454545,0.287081339712919
"4327",0.806451612903226,0.387835768464607,0.625,0.847826086956522,0.625,0.869565217391304,0.375,0.130434782608696,4.79166666666667,0.43125
"4328",0.709677419354839,0.434475047936871,0.666666666666667,0.815789473684211,0.75,0.684210526315789,0.25,0.315789473684211,2.375,0.365384615384615
"4329",0.838709677419355,0.292987659738866,0.761904761904762,0.96195652173913,1,0.782608695652174,0,0.217391304347826,4.6,0
"4330",0.741935483870968,0.375247901831082,0.555555555555556,0.845108695652174,0.625,0.782608695652174,0.375,0.217391304347826,2.875,0.479166666666667
"4331",0.774193548387097,0.430853214660159,0.666666666666667,0.895299145299145,0.538461538461538,0.944444444444444,0.461538461538462,0.0555555555555556,9.69230769230769,0.48868778280543
"4332",0.870967741935484,0.31808586781523,0.714285714285714,0.923913043478261,0.625,0.956521739130435,0.375,0.0434782608695652,14.375,0.392045454545455
"4333",0.870967741935484,0.31240889537716,0.666666666666667,0.922619047619048,0.571428571428571,0.958333333333333,0.428571428571429,0.0416666666666666,13.7142857142857,0.447204968944099
"4334",0.870967741935484,0.310661583947049,0.777777777777778,0.916666666666667,0.777777777777778,0.909090909090909,0.222222222222222,0.0909090909090909,8.55555555555555,0.244444444444444
"4335",0.838709677419355,0.338140159081547,0.666666666666667,0.880434782608696,0.625,0.91304347826087,0.375,0.0869565217391305,7.1875,0.410714285714286
"4336",0.709677419354839,0.449104301059734,0.608695652173913,0.850840336134454,0.5,0.882352941176471,0.5,0.117647058823529,4.25,0.566666666666667
"4337",0.774193548387097,0.4070747046708,0.695652173913043,0.792857142857143,0.8,0.761904761904762,0.2,0.238095238095238,3.36,0.2625
"4338",0.838709677419355,0.369685515243723,0.761904761904762,0.880952380952381,0.8,0.857142857142857,0.2,0.142857142857143,5.6,0.233333333333333
"4339",0.806451612903226,0.331965457127247,0.625,0.913333333333333,0.833333333333333,0.8,0.166666666666667,0.2,4.16666666666667,0.208333333333333
"4340",0.838709677419355,0.375613119401377,0.761904761904762,0.869047619047619,0.8,0.857142857142857,0.2,0.142857142857143,5.6,0.233333333333333
"4341",0.806451612903226,0.39021180737393,0.666666666666667,0.895238095238095,0.6,0.904761904761905,0.4,0.0952380952380952,6.3,0.442105263157895
"4342",0.774193548387097,0.377804884354117,0.666666666666667,0.870454545454545,0.636363636363636,0.85,0.363636363636364,0.15,4.24242424242424,0.427807486631016
"4343",0.806451612903226,0.326195703441859,0.666666666666667,0.946428571428571,0.857142857142857,0.791666666666667,0.142857142857143,0.208333333333333,4.11428571428571,0.180451127819549
"4344",0.903225806451613,0.278578061273967,0.769230769230769,0.87,0.833333333333333,0.92,0.166666666666667,0.08,10.4166666666667,0.181159420289855
"4345",0.806451612903226,0.3923899041667,0.785714285714286,0.882352941176471,0.785714285714286,0.823529411764706,0.214285714285714,0.176470588235294,4.45238095238095,0.260204081632653
"4346",0.806451612903226,0.36216962798369,0.727272727272727,0.865909090909091,0.727272727272727,0.85,0.272727272727273,0.15,4.84848484848485,0.320855614973262
"4347",0.741935483870968,0.473323635775765,0.555555555555556,0.822368421052632,0.416666666666667,0.947368421052632,0.583333333333333,0.0526315789473685,7.91666666666666,0.615740740740741
"4348",0.774193548387097,0.386162679628287,0.631578947368421,0.863636363636364,0.545454545454545,0.9,0.454545454545455,0.1,5.45454545454546,0.505050505050505
"4349",0.709677419354839,0.451791829213935,0.608695652173913,0.780952380952381,0.7,0.714285714285714,0.3,0.285714285714286,2.45,0.42
"4350",0.903225806451613,0.268899820408681,0.8,0.956521739130435,0.75,0.956521739130435,0.25,0.0434782608695652,17.25,0.261363636363636
"4351",0.741935483870968,0.420996062765181,0.555555555555556,0.870454545454545,0.454545454545455,0.9,0.545454545454545,0.1,4.54545454545455,0.606060606060606
"4352",0.903225806451613,0.313657915494318,0.842105263157895,0.9,0.8,0.952380952380952,0.2,0.0476190476190477,16.8,0.21
"4353",0.806451612903226,0.332001173197636,0.571428571428571,0.9,0.666666666666667,0.84,0.333333333333333,0.16,4.16666666666667,0.396825396825397
"4354",0.774193548387097,0.364117494481205,0.695652173913043,0.9,0.8,0.761904761904762,0.2,0.238095238095238,3.36,0.2625
"4355",0.838709677419355,0.343302949781335,0.705882352941177,0.853535353535354,0.666666666666667,0.909090909090909,0.333333333333333,0.0909090909090909,7.33333333333333,0.366666666666667
"4356",0.774193548387097,0.351143260524818,0.533333333333333,0.823076923076923,0.8,0.769230769230769,0.2,0.230769230769231,3.46666666666667,0.26
"4357",0.870967741935484,0.361706299576443,0.777777777777778,0.893939393939394,0.777777777777778,0.909090909090909,0.222222222222222,0.0909090909090909,8.55555555555555,0.244444444444444
"4358",0.903225806451613,0.274819855376633,0.8,0.958333333333333,0.857142857142857,0.916666666666667,0.142857142857143,0.0833333333333334,10.2857142857143,0.155844155844156
"4359",0.806451612903226,0.369997709583096,0.7,0.873737373737374,0.777777777777778,0.818181818181818,0.222222222222222,0.181818181818182,4.27777777777778,0.271604938271605
"4360",0.806451612903226,0.380475124186901,0.625,0.83695652173913,0.625,0.869565217391304,0.375,0.130434782608696,4.79166666666667,0.43125
"4361",0.806451612903226,0.373447113370821,0.727272727272727,0.881818181818182,0.727272727272727,0.85,0.272727272727273,0.15,4.84848484848485,0.320855614973262
"4362",0.774193548387097,0.355373193435277,0.695652173913043,0.894736842105263,0.666666666666667,0.842105263157895,0.333333333333333,0.157894736842105,4.22222222222222,0.395833333333333
"4363",0.741935483870968,0.38383344094451,0.6,0.85054347826087,0.75,0.739130434782609,0.25,0.260869565217391,2.875,0.338235294117647
"4364",0.838709677419355,0.330097330591487,0.705882352941177,0.961904761904762,0.6,0.952380952380952,0.4,0.0476190476190477,12.6,0.42
"4365",0.870967741935484,0.286572090594186,0.714285714285714,0.952380952380952,0.714285714285714,0.916666666666667,0.285714285714286,0.0833333333333334,8.57142857142857,0.311688311688312
"4366",0.870967741935484,0.330453960190505,0.777777777777778,0.89945652173913,0.875,0.869565217391304,0.125,0.130434782608696,6.70833333333333,0.14375
"4367",0.838709677419355,0.29483485222291,0.761904761904762,0.952380952380952,0.8,0.857142857142857,0.2,0.142857142857143,5.6,0.233333333333333
"4368",0.741935483870968,0.472091496821719,0.636363636363636,0.742857142857143,0.7,0.761904761904762,0.3,0.238095238095238,2.94,0.39375
"4369",0.838709677419355,0.331585264431256,0.705882352941177,0.888888888888889,0.666666666666667,0.909090909090909,0.333333333333333,0.0909090909090909,7.33333333333333,0.366666666666667
"4370",0.870967741935484,0.334064189392665,0.777777777777778,0.952380952380952,0.7,0.952380952380952,0.3,0.0476190476190477,14.7,0.315
"4371",0.806451612903226,0.387755677323731,0.75,0.907563025210084,0.642857142857143,0.941176470588235,0.357142857142857,0.0588235294117647,10.9285714285714,0.379464285714286
"4372",0.838709677419355,0.343387744818413,0.705882352941177,0.904891304347826,0.75,0.869565217391304,0.25,0.130434782608696,5.75,0.2875
"4373",0.935483870967742,0.288479367545053,0.909090909090909,0.966666666666667,1,0.904761904761905,0,0.0952380952380952,10.5,0
"4374",0.806451612903226,0.423836343126141,0.625,0.804347826086957,0.625,0.869565217391304,0.375,0.130434782608696,4.79166666666667,0.43125
"4375",0.774193548387097,0.40661419184587,0.72,0.882352941176471,0.642857142857143,0.882352941176471,0.357142857142857,0.117647058823529,5.46428571428571,0.404761904761905
"4376",0.774193548387097,0.385552414651004,0.666666666666667,0.881313131313131,0.777777777777778,0.772727272727273,0.222222222222222,0.227272727272727,3.42222222222222,0.287581699346405
"4377",0.838709677419355,0.367378893219066,0.666666666666667,0.866666666666667,0.5,1,0.5,0,Inf,0.5
"4378",0.806451612903226,0.324316381064727,0.75,0.946969696969697,1,0.727272727272727,0,0.272727272727273,3.66666666666667,0
"4379",0.806451612903226,0.396915589084661,0.571428571428571,0.857142857142857,0.571428571428571,0.875,0.428571428571429,0.125,4.57142857142857,0.489795918367347
"4380",0.806451612903226,0.38859577003019,0.75,0.856818181818182,0.818181818181818,0.8,0.181818181818182,0.2,4.09090909090909,0.227272727272727
"4381",0.806451612903226,0.338778361668527,0.625,0.823369565217391,0.625,0.869565217391304,0.375,0.130434782608696,4.79166666666667,0.43125
"4382",0.838709677419355,0.333267824322212,0.444444444444444,0.776666666666667,0.333333333333333,0.96,0.666666666666667,0.04,8.33333333333333,0.694444444444445
"4383",0.870967741935484,0.307424882450575,0.714285714285714,0.904761904761905,0.714285714285714,0.916666666666667,0.285714285714286,0.0833333333333334,8.57142857142857,0.311688311688312
"4384",0.870967741935484,0.352502275175935,0.777777777777778,0.876262626262626,0.777777777777778,0.909090909090909,0.222222222222222,0.0909090909090909,8.55555555555555,0.244444444444444
"4385",0.838709677419355,0.306709282648922,0.736842105263158,0.929347826086957,0.875,0.826086956521739,0.125,0.173913043478261,5.03125,0.151315789473684
"4386",0.774193548387097,0.376672044146439,0.631578947368421,0.895238095238095,0.6,0.857142857142857,0.4,0.142857142857143,4.2,0.466666666666667
"4387",0.806451612903226,0.366512205730882,0.7,0.927272727272727,0.636363636363636,0.9,0.363636363636364,0.1,6.36363636363637,0.404040404040404
"4388",0.67741935483871,0.475551511795745,0.375,0.733333333333333,0.3,0.857142857142857,0.7,0.142857142857143,2.1,0.816666666666667
"4389",0.774193548387097,0.366748276749334,0.588235294117647,0.875,0.625,0.826086956521739,0.375,0.173913043478261,3.59375,0.453947368421053
"4390",0.935483870967742,0.279300184264243,0.909090909090909,0.977272727272727,0.909090909090909,0.95,0.0909090909090909,0.05,18.1818181818182,0.0956937799043063
"4391",0.870967741935484,0.325041910461097,0.777777777777778,0.907608695652174,0.875,0.869565217391304,0.125,0.130434782608696,6.70833333333333,0.14375
"4392",0.870967741935484,0.292417836102323,0.75,0.895833333333333,0.857142857142857,0.875,0.142857142857143,0.125,6.85714285714286,0.163265306122449
"4393",0.709677419354839,0.369903820116821,0.470588235294118,0.818181818181818,0.444444444444444,0.818181818181818,0.555555555555556,0.181818181818182,2.44444444444445,0.679012345679012
"4394",0.838709677419355,0.307397876329139,0.736842105263158,0.926767676767677,0.777777777777778,0.863636363636364,0.222222222222222,0.136363636363636,5.7037037037037,0.257309941520468
"4395",0.806451612903226,0.372571395312756,0.571428571428571,0.888586956521739,0.5,0.91304347826087,0.5,0.0869565217391305,5.75,0.547619047619048
"4396",0.67741935483871,0.438575357952509,0.166666666666667,0.692307692307692,0.2,0.769230769230769,0.8,0.230769230769231,0.866666666666667,1.04
"4397",0.774193548387097,0.424685210392767,0.588235294117647,0.79040404040404,0.555555555555556,0.863636363636364,0.444444444444444,0.136363636363636,4.07407407407407,0.514619883040936
"4398",0.741935483870968,0.393535705670638,0.636363636363636,0.821428571428571,0.7,0.761904761904762,0.3,0.238095238095238,2.94,0.39375
"4399",0.870967741935484,0.32541402032543,0.777777777777778,0.911904761904762,0.7,0.952380952380952,0.3,0.0476190476190477,14.7,0.315
"4400",0.870967741935484,0.337298542914785,0.75,0.988095238095238,0.6,1,0.4,0,Inf,0.4
"4401",0.838709677419355,0.358044502661637,0.736842105263158,0.934090909090909,0.636363636363636,0.95,0.363636363636364,0.05,12.7272727272727,0.382775119617225
"4402",0.806451612903226,0.344942075474109,0.7,0.878571428571429,0.7,0.857142857142857,0.3,0.142857142857143,4.9,0.35
"4403",0.838709677419355,0.37339416562467,0.615384615384615,0.817934782608696,0.5,0.956521739130435,0.5,0.0434782608695652,11.5,0.522727272727273
"4404",0.741935483870968,0.395800403355529,0.636363636363636,0.872727272727273,0.636363636363636,0.8,0.363636363636364,0.2,3.18181818181818,0.454545454545455
"4405",0.774193548387097,0.405525930397135,0.533333333333333,0.778571428571429,0.4,0.952380952380952,0.6,0.0476190476190477,8.39999999999999,0.63
"4406",0.806451612903226,0.352011480511341,0.571428571428571,0.891304347826087,0.5,0.91304347826087,0.5,0.0869565217391305,5.75,0.547619047619048
"4407",0.806451612903226,0.377111095620349,0.625,0.891414141414141,0.555555555555556,0.909090909090909,0.444444444444444,0.0909090909090909,6.11111111111111,0.488888888888889
"4408",0.870967741935484,0.330890622375696,0.818181818181818,0.885714285714286,0.9,0.857142857142857,0.1,0.142857142857143,6.3,0.116666666666667
"4409",0.838709677419355,0.368596532421969,0.736842105263158,0.921052631578947,0.583333333333333,1,0.416666666666667,0,Inf,0.416666666666667
"4410",0.838709677419355,0.305524899125242,0.782608695652174,0.954545454545455,1,0.772727272727273,0,0.227272727272727,4.4,0
"4411",0.709677419354839,0.398328414945622,0.571428571428571,0.815217391304348,0.75,0.695652173913043,0.25,0.304347826086957,2.46428571428571,0.359375
"4412",0.774193548387097,0.367938816349597,0.363636363636364,0.726851851851852,0.5,0.814814814814815,0.5,0.185185185185185,2.7,0.613636363636364
"4413",0.806451612903226,0.340632410669089,0.571428571428571,0.893333333333333,0.666666666666667,0.84,0.333333333333333,0.16,4.16666666666667,0.396825396825397
"4414",0.741935483870968,0.444839452890297,0.5,0.813636363636364,0.363636363636364,0.95,0.636363636363636,0.05,7.27272727272727,0.669856459330144
"4415",0.709677419354839,0.461996506838492,0.608695652173913,0.804824561403509,0.583333333333333,0.789473684210526,0.416666666666667,0.210526315789474,2.77083333333333,0.527777777777778
"4416",0.838709677419355,0.369310553403499,0.705882352941177,0.906565656565657,0.666666666666667,0.909090909090909,0.333333333333333,0.0909090909090909,7.33333333333333,0.366666666666667
"4417",0.774193548387097,0.360609740547276,0.588235294117647,0.853260869565217,0.625,0.826086956521739,0.375,0.173913043478261,3.59375,0.453947368421053
"4418",0.838709677419355,0.386323607173216,0.705882352941177,0.830952380952381,0.6,0.952380952380952,0.4,0.0476190476190477,12.6,0.42
"4419",0.903225806451613,0.268878453523469,0.842105263157895,0.966666666666667,0.8,0.952380952380952,0.2,0.0476190476190477,16.8,0.21
"4420",0.774193548387097,0.438180316483701,0.533333333333333,0.893181818181818,0.363636363636364,1,0.636363636363636,0,Inf,0.636363636363636
"4421",0.806451612903226,0.404421910987759,0.75,0.911764705882353,0.642857142857143,0.941176470588235,0.357142857142857,0.0588235294117647,10.9285714285714,0.379464285714286
"4422",0.806451612903226,0.359526634236221,0.7,0.858695652173913,0.875,0.782608695652174,0.125,0.217391304347826,4.025,0.159722222222222
"4423",0.838709677419355,0.297916969725637,0.666666666666667,0.92,0.833333333333333,0.84,0.166666666666667,0.16,5.20833333333333,0.198412698412698
"4424",0.774193548387097,0.39309098565044,0.666666666666667,0.857456140350877,0.583333333333333,0.894736842105263,0.416666666666667,0.105263157894737,5.54166666666667,0.465686274509804
"4425",0.741935483870968,0.393318897670648,0.555555555555556,0.81547619047619,0.714285714285714,0.75,0.285714285714286,0.25,2.85714285714286,0.380952380952381
"4426",0.806451612903226,0.335919321529886,0.571428571428571,0.828804347826087,0.5,0.91304347826087,0.5,0.0869565217391305,5.75,0.547619047619048
"4427",0.806451612903226,0.400546852428699,0.666666666666667,0.785353535353535,0.666666666666667,0.863636363636364,0.333333333333333,0.136363636363636,4.88888888888889,0.385964912280702
"4428",0.645161290322581,0.448899867355003,0.421052631578947,0.792857142857143,0.4,0.761904761904762,0.6,0.238095238095238,1.68,0.7875
"4429",0.806451612903226,0.382327907523757,0.666666666666667,0.878787878787879,0.666666666666667,0.863636363636364,0.333333333333333,0.136363636363636,4.88888888888889,0.385964912280702
"4430",0.806451612903226,0.374340121574829,0.625,0.895238095238095,0.5,0.952380952380952,0.5,0.0476190476190477,10.5,0.525
"4431",0.806451612903226,0.334334156795145,0.7,0.866666666666667,0.7,0.857142857142857,0.3,0.142857142857143,4.9,0.35
"4432",0.741935483870968,0.402730415025429,0.555555555555556,0.823369565217391,0.625,0.782608695652174,0.375,0.217391304347826,2.875,0.479166666666667
"4433",0.838709677419355,0.320220970389008,0.736842105263158,0.957142857142857,0.7,0.904761904761905,0.3,0.0952380952380952,7.35,0.331578947368421
"4434",0.903225806451613,0.287850065080876,0.823529411764706,0.98989898989899,0.777777777777778,0.954545454545455,0.222222222222222,0.0454545454545454,17.1111111111111,0.232804232804233
"4435",0.838709677419355,0.325483368614366,0.705882352941177,0.880952380952381,0.857142857142857,0.833333333333333,0.142857142857143,0.166666666666667,5.14285714285714,0.171428571428571
"4436",0.806451612903226,0.413534770518628,0.571428571428571,0.782608695652174,0.5,0.91304347826087,0.5,0.0869565217391305,5.75,0.547619047619048
"4437",0.838709677419355,0.344809447528331,0.666666666666667,0.845108695652174,0.625,0.91304347826087,0.375,0.0869565217391305,7.1875,0.410714285714286
"4438",0.709677419354839,0.472084261005064,0.571428571428571,0.793859649122807,0.5,0.842105263157895,0.5,0.157894736842105,3.16666666666667,0.59375
"4439",0.870967741935484,0.305983937737016,0.714285714285714,0.931547619047619,0.714285714285714,0.916666666666667,0.285714285714286,0.0833333333333334,8.57142857142857,0.311688311688312
"4440",0.709677419354839,0.443912409588749,0.4,0.80952380952381,0.3,0.904761904761905,0.7,0.0952380952380952,3.15,0.773684210526316
"4441",0.903225806451613,0.317197693914274,0.8,0.95959595959596,0.666666666666667,1,0.333333333333333,0,Inf,0.333333333333333
"4442",0.903225806451613,0.291966353262576,0.769230769230769,0.92,0.833333333333333,0.92,0.166666666666667,0.08,10.4166666666667,0.181159420289855
"4443",0.806451612903226,0.41250504318151,0.666666666666667,0.847619047619048,0.6,0.904761904761905,0.4,0.0952380952380952,6.3,0.442105263157895
"4444",0.741935483870968,0.411201789863191,0.5,0.818181818181818,0.444444444444444,0.863636363636364,0.555555555555556,0.136363636363636,3.25925925925926,0.64327485380117
"4445",0.806451612903226,0.401379985805941,0.666666666666667,0.820707070707071,0.666666666666667,0.863636363636364,0.333333333333333,0.136363636363636,4.88888888888889,0.385964912280702
"4446",0.67741935483871,0.496376947743029,0.615384615384615,0.7875,0.533333333333333,0.8125,0.466666666666667,0.1875,2.84444444444444,0.574358974358974
"4447",0.806451612903226,0.359362657558931,0.625,0.807065217391304,0.625,0.869565217391304,0.375,0.130434782608696,4.79166666666667,0.43125
"4448",0.838709677419355,0.377290504659616,0.736842105263158,0.856818181818182,0.636363636363636,0.95,0.363636363636364,0.05,12.7272727272727,0.382775119617225
"4449",0.870967741935484,0.320591092824426,0.714285714285714,0.904761904761905,0.714285714285714,0.916666666666667,0.285714285714286,0.0833333333333334,8.57142857142857,0.311688311688312
"4450",0.774193548387097,0.387844836705547,0.72,0.893162393162393,0.692307692307692,0.833333333333333,0.307692307692308,0.166666666666667,4.15384615384616,0.369230769230769
"4451",0.67741935483871,0.483595870354812,0.545454545454545,0.715909090909091,0.545454545454545,0.75,0.454545454545455,0.25,2.18181818181818,0.606060606060606
"4452",0.774193548387097,0.439764838782802,0.72,0.822649572649573,0.692307692307692,0.833333333333333,0.307692307692308,0.166666666666667,4.15384615384616,0.369230769230769
"4453",0.741935483870968,0.439503019601438,0.666666666666667,0.842436974789916,0.571428571428571,0.882352941176471,0.428571428571429,0.117647058823529,4.85714285714286,0.485714285714286
"4454",0.774193548387097,0.419772701444997,0.666666666666667,0.895299145299145,0.538461538461538,0.944444444444444,0.461538461538462,0.0555555555555556,9.69230769230769,0.48868778280543
"4455",0.774193548387097,0.343081765136359,0.363636363636364,0.853846153846154,0.4,0.846153846153846,0.6,0.153846153846154,2.6,0.709090909090909
"4456",0.903225806451613,0.320212457429735,0.842105263157895,0.952380952380952,0.8,0.952380952380952,0.2,0.0476190476190477,16.8,0.21
"4457",0.774193548387097,0.362007111318087,0.695652173913043,0.909090909090909,0.727272727272727,0.8,0.272727272727273,0.2,3.63636363636364,0.340909090909091
"4458",0.709677419354839,0.401868032651673,0.4,0.788690476190476,0.428571428571429,0.791666666666667,0.571428571428571,0.208333333333333,2.05714285714286,0.721804511278195
"4459",0.903225806451613,0.305826495846622,0.666666666666667,0.880769230769231,0.6,0.961538461538462,0.4,0.0384615384615384,15.6,0.416
"4460",0.774193548387097,0.396108499943003,0.631578947368421,0.835714285714286,0.6,0.857142857142857,0.4,0.142857142857143,4.2,0.466666666666667
"4461",0.838709677419355,0.296779165739706,0.666666666666667,0.906666666666667,0.833333333333333,0.84,0.166666666666667,0.16,5.20833333333333,0.198412698412698
"4462",0.774193548387097,0.355339229817248,0.695652173913043,0.881818181818182,0.727272727272727,0.8,0.272727272727273,0.2,3.63636363636364,0.340909090909091
"4463",0.774193548387097,0.383412379309795,0.533333333333333,0.80050505050505,0.444444444444444,0.909090909090909,0.555555555555556,0.0909090909090909,4.88888888888889,0.611111111111111
"4464",0.806451612903226,0.376330783046467,0.7,0.879545454545455,0.636363636363636,0.9,0.363636363636364,0.1,6.36363636363637,0.404040404040404
"4465",0.741935483870968,0.431512358102232,0.6,0.80050505050505,0.666666666666667,0.772727272727273,0.333333333333333,0.227272727272727,2.93333333333333,0.431372549019608
"4466",0.774193548387097,0.416023758393219,0.631578947368421,0.782828282828283,0.666666666666667,0.818181818181818,0.333333333333333,0.181818181818182,3.66666666666667,0.407407407407407
"4467",0.870967741935484,0.308758797907002,0.777777777777778,0.980952380952381,0.7,0.952380952380952,0.3,0.0476190476190477,14.7,0.315
"4468",0.806451612903226,0.354029554215864,0.666666666666667,0.873737373737374,0.666666666666667,0.863636363636364,0.333333333333333,0.136363636363636,4.88888888888889,0.385964912280702
"4469",0.806451612903226,0.349565442997492,0.666666666666667,0.888095238095238,0.6,0.904761904761905,0.4,0.0952380952380952,6.3,0.442105263157895
"4470",0.838709677419355,0.385016443209094,0.666666666666667,0.777173913043478,0.625,0.91304347826087,0.375,0.0869565217391305,7.1875,0.410714285714286
"4471",0.806451612903226,0.376808858955688,0.666666666666667,0.823232323232323,0.666666666666667,0.863636363636364,0.333333333333333,0.136363636363636,4.88888888888889,0.385964912280702
"4472",0.806451612903226,0.387142224112759,0.625,0.869047619047619,0.5,0.952380952380952,0.5,0.0476190476190477,10.5,0.525
"4473",0.741935483870968,0.452015028726539,0.5,0.769021739130435,0.5,0.826086956521739,0.5,0.173913043478261,2.875,0.605263157894737
"4474",0.774193548387097,0.366860289139255,0.666666666666667,0.896739130434783,0.875,0.739130434782609,0.125,0.260869565217391,3.35416666666667,0.169117647058824
"4475",0.806451612903226,0.376685040894441,0.625,0.818452380952381,0.714285714285714,0.833333333333333,0.285714285714286,0.166666666666667,4.28571428571429,0.342857142857143
"4476",0.741935483870968,0.375654352276479,0.5,0.797979797979798,0.444444444444444,0.863636363636364,0.555555555555556,0.136363636363636,3.25925925925926,0.64327485380117
"4477",0.870967741935484,0.309538281631312,0.75,0.916666666666667,0.857142857142857,0.875,0.142857142857143,0.125,6.85714285714286,0.163265306122449
"4478",0.741935483870968,0.434745776394585,0.555555555555556,0.793181818181818,0.454545454545455,0.9,0.545454545454545,0.1,4.54545454545455,0.606060606060606
"4479",0.870967741935484,0.348782950088818,0.8,0.904761904761905,0.8,0.904761904761905,0.2,0.0952380952380952,8.4,0.221052631578947
"4480",0.741935483870968,0.420520554131938,0.5,0.828282828282828,0.444444444444444,0.863636363636364,0.555555555555556,0.136363636363636,3.25925925925926,0.64327485380117
"4481",0.838709677419355,0.330614075203092,0.705882352941177,0.889880952380952,0.857142857142857,0.833333333333333,0.142857142857143,0.166666666666667,5.14285714285714,0.171428571428571
"4482",0.774193548387097,0.387409353098444,0.588235294117647,0.883928571428571,0.714285714285714,0.791666666666667,0.285714285714286,0.208333333333333,3.42857142857143,0.360902255639098
"4483",0.838709677419355,0.3559242781309,0.666666666666667,0.914141414141414,0.555555555555556,0.954545454545455,0.444444444444444,0.0454545454545454,12.2222222222222,0.465608465608466
"4484",0.774193548387097,0.404214986262203,0.631578947368421,0.813131313131313,0.666666666666667,0.818181818181818,0.333333333333333,0.181818181818182,3.66666666666667,0.407407407407407
"4485",0.774193548387097,0.381581547716829,0.631578947368421,0.871428571428571,0.6,0.857142857142857,0.4,0.142857142857143,4.2,0.466666666666667
"4486",0.806451612903226,0.368585247585272,0.666666666666667,0.85952380952381,0.6,0.904761904761905,0.4,0.0952380952380952,6.3,0.442105263157895
"4487",0.774193548387097,0.346120263430828,0.631578947368421,0.926666666666667,1,0.72,0,0.28,3.57142857142857,0
"4488",0.838709677419355,0.36230527190673,0.736842105263158,0.920454545454545,0.636363636363636,0.95,0.363636363636364,0.05,12.7272727272727,0.382775119617225
"4489",0.774193548387097,0.414540939130643,0.533333333333333,0.804347826086957,0.5,0.869565217391304,0.5,0.130434782608696,3.83333333333333,0.575
"4490",0.741935483870968,0.423202814997806,0.666666666666667,0.883333333333333,0.8,0.714285714285714,0.2,0.285714285714286,2.8,0.28
"4491",0.741935483870968,0.389706948110526,0.666666666666667,0.869047619047619,0.8,0.714285714285714,0.2,0.285714285714286,2.8,0.28
"4492",0.67741935483871,0.452825144039643,0.545454545454545,0.796052631578947,0.5,0.789473684210526,0.5,0.210526315789474,2.375,0.633333333333333
"4493",0.838709677419355,0.347718331665777,0.761904761904762,0.866666666666667,0.8,0.857142857142857,0.2,0.142857142857143,5.6,0.233333333333333
"4494",0.709677419354839,0.4488635789994,0.608695652173913,0.802631578947368,0.583333333333333,0.789473684210526,0.416666666666667,0.210526315789474,2.77083333333333,0.527777777777778
"4495",0.806451612903226,0.362147814664824,0.625,0.806547619047619,0.714285714285714,0.833333333333333,0.285714285714286,0.166666666666667,4.28571428571429,0.342857142857143
"4496",0.741935483870968,0.407278937412241,0.5,0.785326086956522,0.5,0.826086956521739,0.5,0.173913043478261,2.875,0.605263157894737
"4497",0.741935483870968,0.410858796927739,0.555555555555556,0.792929292929293,0.555555555555556,0.818181818181818,0.444444444444444,0.181818181818182,3.05555555555556,0.54320987654321
"4498",0.838709677419355,0.319027501334702,0.736842105263158,0.929347826086957,0.875,0.826086956521739,0.125,0.173913043478261,5.03125,0.151315789473684
"4499",0.806451612903226,0.3677132008176,0.666666666666667,0.813131313131313,0.666666666666667,0.863636363636364,0.333333333333333,0.136363636363636,4.88888888888889,0.385964912280702
"4500",0.709677419354839,0.446394220256533,0.571428571428571,0.807692307692308,0.461538461538462,0.888888888888889,0.538461538461538,0.111111111111111,4.15384615384615,0.605769230769231
"4501",0.838709677419355,0.33530776942886,0.666666666666667,0.92,0.833333333333333,0.84,0.166666666666667,0.16,5.20833333333333,0.198412698412698
"4502",0.709677419354839,0.429415345879017,0.666666666666667,0.831818181818182,0.818181818181818,0.65,0.181818181818182,0.35,2.33766233766234,0.27972027972028
"4503",0.741935483870968,0.445379484155895,0.6,0.781818181818182,0.545454545454545,0.85,0.454545454545455,0.15,3.63636363636364,0.53475935828877
"4504",0.67741935483871,0.460505807285716,0.666666666666667,0.814583333333333,0.625,0.733333333333333,0.375,0.266666666666667,2.34375,0.511363636363636
"4505",0.741935483870968,0.351133624235731,0.6,0.891304347826087,0.75,0.739130434782609,0.25,0.260869565217391,2.875,0.338235294117647
"4506",0.806451612903226,0.382543489794645,0.666666666666667,0.845959595959596,0.666666666666667,0.863636363636364,0.333333333333333,0.136363636363636,4.88888888888889,0.385964912280702
"4507",0.774193548387097,0.37770362659032,0.461538461538462,0.732142857142857,0.428571428571429,0.875,0.571428571428571,0.125,3.42857142857143,0.653061224489796
"4508",0.806451612903226,0.320014380034314,0.7,0.919047619047619,0.7,0.857142857142857,0.3,0.142857142857143,4.9,0.35
"4509",0.774193548387097,0.430036990551816,0.695652173913043,0.880252100840336,0.571428571428571,0.941176470588235,0.428571428571429,0.0588235294117647,9.71428571428571,0.455357142857143
"4510",0.741935483870968,0.42489985183795,0.6,0.923076923076923,0.461538461538462,0.944444444444444,0.538461538461538,0.0555555555555556,8.3076923076923,0.570135746606335
"4511",0.806451612903226,0.395236334116772,0.666666666666667,0.886904761904762,0.857142857142857,0.791666666666667,0.142857142857143,0.208333333333333,4.11428571428571,0.180451127819549
"4512",0.774193548387097,0.398579596838282,0.631578947368421,0.80050505050505,0.666666666666667,0.818181818181818,0.333333333333333,0.181818181818182,3.66666666666667,0.407407407407407
"4513",0.870967741935484,0.302024198918434,0.777777777777778,0.940217391304348,0.875,0.869565217391304,0.125,0.130434782608696,6.70833333333333,0.14375
"4514",0.741935483870968,0.411802443694801,0.555555555555556,0.77445652173913,0.625,0.782608695652174,0.375,0.217391304347826,2.875,0.479166666666667
"4515",0.741935483870968,0.421583401737667,0.333333333333333,0.714285714285714,0.285714285714286,0.875,0.714285714285714,0.125,2.28571428571429,0.816326530612245
"4516",0.838709677419355,0.348277445080085,0.705882352941177,0.85054347826087,0.75,0.869565217391304,0.25,0.130434782608696,5.75,0.2875
"4517",0.806451612903226,0.40364117101424,0.7,0.79047619047619,0.7,0.857142857142857,0.3,0.142857142857143,4.9,0.35
"4518",0.870967741935484,0.302901744218049,0.777777777777778,0.95959595959596,0.777777777777778,0.909090909090909,0.222222222222222,0.0909090909090909,8.55555555555555,0.244444444444444
"4519",0.903225806451613,0.346237654938584,0.842105263157895,0.933333333333333,0.8,0.952380952380952,0.2,0.0476190476190477,16.8,0.21
"4520",0.806451612903226,0.349972572770463,0.727272727272727,0.886363636363636,0.727272727272727,0.85,0.272727272727273,0.15,4.84848484848485,0.320855614973262
"4521",0.774193548387097,0.400332279075059,0.695652173913043,0.811363636363636,0.727272727272727,0.8,0.272727272727273,0.2,3.63636363636364,0.340909090909091
"4522",0.806451612903226,0.348509640135657,0.571428571428571,0.9,0.8,0.807692307692308,0.2,0.192307692307692,4.16,0.247619047619048
"4523",0.709677419354839,0.429084264040297,0.608695652173913,0.840909090909091,0.636363636363636,0.75,0.363636363636364,0.25,2.54545454545455,0.484848484848485
"4524",0.806451612903226,0.339532778643117,0.571428571428571,0.823333333333333,0.666666666666667,0.84,0.333333333333333,0.16,4.16666666666667,0.396825396825397
"4525",0.709677419354839,0.408202491837198,0.4,0.824404761904762,0.428571428571429,0.791666666666667,0.571428571428571,0.208333333333333,2.05714285714286,0.721804511278195
"4526",0.870967741935484,0.332758178965448,0.777777777777778,0.933333333333333,0.7,0.952380952380952,0.3,0.0476190476190477,14.7,0.315
"4527",0.903225806451613,0.319550878106263,0.842105263157895,0.957142857142857,0.8,0.952380952380952,0.2,0.0476190476190477,16.8,0.21
"4528",0.903225806451613,0.326118117290497,0.842105263157895,0.938095238095238,0.8,0.952380952380952,0.2,0.0476190476190477,16.8,0.21
"4529",0.774193548387097,0.342186614423729,0.631578947368421,0.94047619047619,0.857142857142857,0.75,0.142857142857143,0.25,3.42857142857143,0.190476190476191
"4530",0.806451612903226,0.391129741178859,0.666666666666667,0.854761904761905,0.6,0.904761904761905,0.4,0.0952380952380952,6.3,0.442105263157895
"4531",0.709677419354839,0.383735191967094,0.689655172413793,0.864035087719298,0.833333333333333,0.631578947368421,0.166666666666667,0.368421052631579,2.26190476190476,0.263888888888889
"4532",0.870967741935484,0.358158069642814,0.666666666666667,0.932065217391304,0.5,1,0.5,0,Inf,0.5
"4533",0.774193548387097,0.426378733268464,0.666666666666667,0.802272727272727,0.636363636363636,0.85,0.363636363636364,0.15,4.24242424242424,0.427807486631016
"4534",0.806451612903226,0.359830053258047,0.625,0.904040404040404,0.555555555555556,0.909090909090909,0.444444444444444,0.0909090909090909,6.11111111111111,0.488888888888889
"4535",0.774193548387097,0.389314891697362,0.533333333333333,0.843434343434343,0.444444444444444,0.909090909090909,0.555555555555556,0.0909090909090909,4.88888888888889,0.611111111111111
"4536",0.741935483870968,0.374962123334521,0.636363636363636,0.883838383838384,0.777777777777778,0.727272727272727,0.222222222222222,0.272727272727273,2.85185185185185,0.305555555555556
"4537",0.903225806451613,0.30735857262558,0.869565217391304,0.972727272727273,0.909090909090909,0.9,0.0909090909090909,0.1,9.09090909090909,0.101010101010101
"4538",0.774193548387097,0.43105206373244,0.588235294117647,0.803030303030303,0.555555555555556,0.863636363636364,0.444444444444444,0.136363636363636,4.07407407407407,0.514619883040936
"4539",0.903225806451613,0.276239199807814,0.823529411764706,0.978260869565217,0.875,0.91304347826087,0.125,0.0869565217391305,10.0625,0.136904761904762
"4540",0.741935483870968,0.391274198955242,0.666666666666667,0.878205128205128,0.615384615384615,0.833333333333333,0.384615384615385,0.166666666666667,3.69230769230769,0.461538461538461
"4541",0.838709677419355,0.33109135177158,0.761904761904762,0.929347826086957,1,0.782608695652174,0,0.217391304347826,4.6,0
"4542",0.903225806451613,0.306760214070503,0.8,0.934343434343434,0.666666666666667,1,0.333333333333333,0,Inf,0.333333333333333
"4543",0.741935483870968,0.373170914914433,0.555555555555556,0.866071428571429,0.714285714285714,0.75,0.285714285714286,0.25,2.85714285714286,0.380952380952381
"4544",0.838709677419355,0.347819775540502,0.666666666666667,0.880434782608696,0.625,0.91304347826087,0.375,0.0869565217391305,7.1875,0.410714285714286
"4545",0.838709677419355,0.343015427155097,0.615384615384615,0.892857142857143,0.571428571428571,0.916666666666667,0.428571428571429,0.0833333333333334,6.85714285714285,0.467532467532468
"4546",0.838709677419355,0.39080069069483,0.761904761904762,0.907894736842105,0.666666666666667,0.947368421052632,0.333333333333333,0.0526315789473685,12.6666666666667,0.351851851851852
"4547",0.806451612903226,0.388373251619458,0.769230769230769,0.954166666666667,0.666666666666667,0.9375,0.333333333333333,0.0625,10.6666666666667,0.355555555555556
"4548",0.774193548387097,0.411398744678502,0.695652173913043,0.890756302521008,0.571428571428571,0.941176470588235,0.428571428571429,0.0588235294117647,9.71428571428571,0.455357142857143
"4549",0.870967741935484,0.296875602023876,0.8,0.966666666666667,0.8,0.904761904761905,0.2,0.0952380952380952,8.4,0.221052631578947
"4550",0.709677419354839,0.391197164932513,0.526315789473684,0.804761904761905,0.5,0.80952380952381,0.5,0.19047619047619,2.625,0.617647058823529
"4551",0.870967741935484,0.305436638838601,0.777777777777778,0.915760869565217,0.875,0.869565217391304,0.125,0.130434782608696,6.70833333333333,0.14375
"4552",0.774193548387097,0.397556036018418,0.666666666666667,0.851010101010101,0.777777777777778,0.772727272727273,0.222222222222222,0.227272727272727,3.42222222222222,0.287581699346405
"4553",0.903225806451613,0.281659121577755,0.823529411764706,0.942934782608696,0.875,0.91304347826087,0.125,0.0869565217391305,10.0625,0.136904761904762
"4554",0.709677419354839,0.448639334410938,0.571428571428571,0.81359649122807,0.5,0.842105263157895,0.5,0.157894736842105,3.16666666666667,0.59375
"4555",0.838709677419355,0.331613981388008,0.782608695652174,0.890909090909091,0.818181818181818,0.85,0.181818181818182,0.15,5.45454545454545,0.213903743315508
"4556",0.903225806451613,0.307980545190826,0.823529411764706,0.901515151515151,0.777777777777778,0.954545454545455,0.222222222222222,0.0454545454545454,17.1111111111111,0.232804232804233
"4557",0.709677419354839,0.463895770920659,0.608695652173913,0.813025210084034,0.5,0.882352941176471,0.5,0.117647058823529,4.25,0.566666666666667
"4558",0.903225806451613,0.289070016489208,0.857142857142857,0.972222222222222,1,0.863636363636364,0,0.136363636363636,7.33333333333333,0
"4559",0.806451612903226,0.370495112946594,0.666666666666667,0.851190476190476,0.857142857142857,0.791666666666667,0.142857142857143,0.208333333333333,4.11428571428571,0.180451127819549
"4560",0.870967741935484,0.366369626175235,0.75,0.861413043478261,0.75,0.91304347826087,0.25,0.0869565217391305,8.62499999999999,0.273809523809524
"4561",0.903225806451613,0.290480034614296,0.823529411764706,0.945652173913043,0.875,0.91304347826087,0.125,0.0869565217391305,10.0625,0.136904761904762
"4562",0.870967741935484,0.334039302526045,0.8,0.902380952380952,0.8,0.904761904761905,0.2,0.0952380952380952,8.4,0.221052631578947
"4563",0.838709677419355,0.395741166305193,0.782608695652174,0.881578947368421,0.75,0.894736842105263,0.25,0.105263157894737,7.125,0.279411764705882
"4564",0.838709677419355,0.342614478144414,0.705882352941177,0.898989898989899,0.666666666666667,0.909090909090909,0.333333333333333,0.0909090909090909,7.33333333333333,0.366666666666667
"4565",0.870967741935484,0.303727032081012,0.75,0.864130434782609,0.75,0.91304347826087,0.25,0.0869565217391305,8.62499999999999,0.273809523809524
"4566",0.806451612903226,0.335246407099661,0.769230769230769,0.927272727272727,0.909090909090909,0.75,0.0909090909090909,0.25,3.63636363636364,0.121212121212121
"4567",0.870967741935484,0.344472179178254,0.714285714285714,0.898809523809524,0.714285714285714,0.916666666666667,0.285714285714286,0.0833333333333334,8.57142857142857,0.311688311688312
"4568",0.838709677419355,0.340403869086382,0.615384615384615,0.883152173913043,0.5,0.956521739130435,0.5,0.0434782608695652,11.5,0.522727272727273
"4569",0.870967741935484,0.384802806980335,0.75,0.785353535353535,0.666666666666667,0.954545454545455,0.333333333333333,0.0454545454545454,14.6666666666667,0.349206349206349
"4570",0.741935483870968,0.384155312517509,0.6,0.892857142857143,0.6,0.80952380952381,0.4,0.19047619047619,3.15,0.494117647058824
"4571",0.806451612903226,0.358812112472006,0.75,0.865909090909091,0.818181818181818,0.8,0.181818181818182,0.2,4.09090909090909,0.227272727272727
"4572",0.870967741935484,0.329700264762566,0.8,0.929292929292929,0.888888888888889,0.863636363636364,0.111111111111111,0.136363636363636,6.51851851851852,0.128654970760234
"4573",0.806451612903226,0.399884843451211,0.666666666666667,0.835858585858586,0.666666666666667,0.863636363636364,0.333333333333333,0.136363636363636,4.88888888888889,0.385964912280702
"4574",0.774193548387097,0.368771205376534,0.695652173913043,0.909090909090909,0.888888888888889,0.727272727272727,0.111111111111111,0.272727272727273,3.25925925925926,0.152777777777778
"4575",0.774193548387097,0.375385015939121,0.695652173913043,0.871428571428571,0.8,0.761904761904762,0.2,0.238095238095238,3.36,0.2625
"4576",0.903225806451613,0.298473617172958,0.842105263157895,0.952380952380952,0.8,0.952380952380952,0.2,0.0476190476190477,16.8,0.21
"4577",0.806451612903226,0.348973166688891,0.625,0.845108695652174,0.625,0.869565217391304,0.375,0.130434782608696,4.79166666666667,0.43125
"4578",0.709677419354839,0.43884072703376,0.571428571428571,0.801282051282051,0.461538461538462,0.888888888888889,0.538461538461538,0.111111111111111,4.15384615384615,0.605769230769231
"4579",0.774193548387097,0.379850000099024,0.666666666666667,0.869047619047619,0.7,0.80952380952381,0.3,0.19047619047619,3.675,0.370588235294118
"4580",0.774193548387097,0.380495382147608,0.666666666666667,0.852380952380952,0.7,0.80952380952381,0.3,0.19047619047619,3.675,0.370588235294118
"4581",0.806451612903226,0.371559788878472,0.7,0.923245614035088,0.583333333333333,0.947368421052632,0.416666666666667,0.0526315789473685,11.0833333333333,0.439814814814815
"4582",0.741935483870968,0.392795449819267,0.5,0.866666666666667,0.4,0.904761904761905,0.6,0.0952380952380952,4.2,0.663157894736842
"4583",0.774193548387097,0.418032186816397,0.588235294117647,0.823369565217391,0.625,0.826086956521739,0.375,0.173913043478261,3.59375,0.453947368421053
"4584",0.806451612903226,0.402835328896841,0.727272727272727,0.871794871794872,0.615384615384615,0.944444444444444,0.384615384615385,0.0555555555555556,11.0769230769231,0.407239819004525
"4585",0.870967741935484,0.338400418738715,0.75,0.856060606060606,0.666666666666667,0.954545454545455,0.333333333333333,0.0454545454545454,14.6666666666667,0.349206349206349
"4586",0.774193548387097,0.389458371703164,0.740740740740741,0.859523809523809,1,0.666666666666667,0,0.333333333333333,3,0
"4587",0.838709677419355,0.371051037303779,0.8,0.899122807017544,0.833333333333333,0.842105263157895,0.166666666666667,0.157894736842105,5.27777777777778,0.197916666666667
"4588",0.806451612903226,0.365477796579114,0.666666666666667,0.909090909090909,0.545454545454545,0.95,0.454545454545455,0.05,10.9090909090909,0.478468899521531
"4589",0.709677419354839,0.422210359534546,0.4,0.801630434782609,0.375,0.826086956521739,0.625,0.173913043478261,2.15625,0.756578947368421
"4590",0.709677419354839,0.421587618042528,0.571428571428571,0.785353535353535,0.666666666666667,0.727272727272727,0.333333333333333,0.272727272727273,2.44444444444444,0.458333333333333
"4591",0.838709677419355,0.3049434460024,0.666666666666667,0.913333333333333,0.833333333333333,0.84,0.166666666666667,0.16,5.20833333333333,0.198412698412698
"4592",0.741935483870968,0.397128133510296,0.5,0.840909090909091,0.444444444444444,0.863636363636364,0.555555555555556,0.136363636363636,3.25925925925926,0.64327485380117
"4593",0.774193548387097,0.387571824897394,0.631578947368421,0.813131313131313,0.666666666666667,0.818181818181818,0.333333333333333,0.181818181818182,3.66666666666667,0.407407407407407
"4594",0.935483870967742,0.306007548872895,0.888888888888889,0.929292929292929,0.888888888888889,0.954545454545455,0.111111111111111,0.0454545454545454,19.5555555555556,0.116402116402116
"4595",0.806451612903226,0.409976796156073,0.666666666666667,0.856818181818182,0.545454545454545,0.95,0.454545454545455,0.05,10.9090909090909,0.478468899521531
"4596",0.935483870967742,0.242070187851713,0.9,1,1,0.909090909090909,0,0.0909090909090909,11,0
"4597",0.838709677419355,0.385214266712606,0.705882352941177,0.879545454545455,0.545454545454545,1,0.454545454545455,0,Inf,0.454545454545455
"4598",0.903225806451613,0.313557735674396,0.857142857142857,0.923809523809524,0.9,0.904761904761905,0.1,0.0952380952380952,9.45,0.110526315789474
"4599",0.806451612903226,0.34091682903433,0.75,0.918181818181818,0.818181818181818,0.8,0.181818181818182,0.2,4.09090909090909,0.227272727272727
"4600",0.806451612903226,0.407415771028108,0.7,0.852564102564103,0.538461538461538,1,0.461538461538462,0,Inf,0.461538461538462
"4601",0.838709677419355,0.351656537410634,0.736842105263158,0.848484848484849,0.777777777777778,0.863636363636364,0.222222222222222,0.136363636363636,5.7037037037037,0.257309941520468
"4602",0.838709677419355,0.368453305994138,0.615384615384615,0.839285714285714,0.571428571428571,0.916666666666667,0.428571428571429,0.0833333333333334,6.85714285714285,0.467532467532468
"4603",0.709677419354839,0.489009419384119,0.470588235294118,0.75,0.4,0.857142857142857,0.6,0.142857142857143,2.8,0.7
"4604",0.838709677419355,0.344127715705765,0.736842105263158,0.907142857142857,0.7,0.904761904761905,0.3,0.0952380952380952,7.35,0.331578947368421
"4605",0.838709677419355,0.371208053861638,0.814814814814815,0.888157894736842,0.916666666666667,0.789473684210526,0.0833333333333334,0.210526315789474,4.35416666666667,0.105555555555556
"4606",0.806451612903226,0.379912869363482,0.666666666666667,0.828571428571429,0.6,0.904761904761905,0.4,0.0952380952380952,6.3,0.442105263157895
"4607",0.870967741935484,0.369393137299468,0.75,0.9,1,0.84,0,0.16,6.25,0
"4608",0.870967741935484,0.282715490940347,0.714285714285714,0.928571428571428,0.714285714285714,0.916666666666667,0.285714285714286,0.0833333333333334,8.57142857142857,0.311688311688312
"4609",0.774193548387097,0.380463809862337,0.666666666666667,0.861111111111111,0.777777777777778,0.772727272727273,0.222222222222222,0.227272727272727,3.42222222222222,0.287581699346405
"4610",0.806451612903226,0.357320189920418,0.7,0.904040404040404,0.777777777777778,0.818181818181818,0.222222222222222,0.181818181818182,4.27777777777778,0.271604938271605
"4611",0.870967741935484,0.34868788671902,0.8,0.931818181818182,0.727272727272727,0.95,0.272727272727273,0.05,14.5454545454545,0.287081339712919
"4612",0.870967741935484,0.329295179847992,0.714285714285714,0.873737373737374,0.555555555555556,1,0.444444444444444,0,Inf,0.444444444444444
"4613",0.806451612903226,0.397215776290939,0.75,0.840909090909091,0.818181818181818,0.8,0.181818181818182,0.2,4.09090909090909,0.227272727272727
"4614",0.774193548387097,0.37117781295261,0.695652173913043,0.873809523809524,0.8,0.761904761904762,0.2,0.238095238095238,3.36,0.2625
"4615",0.774193548387097,0.410280670329936,0.631578947368421,0.879385964912281,0.5,0.947368421052632,0.5,0.0526315789473685,9.49999999999999,0.527777777777778
"4616",0.806451612903226,0.333467775747402,0.666666666666667,0.83695652173913,0.75,0.826086956521739,0.25,0.173913043478261,4.3125,0.302631578947368
"4617",0.67741935483871,0.407155981268654,0.5,0.833333333333333,0.5,0.761904761904762,0.5,0.238095238095238,2.1,0.65625
"4618",0.806451612903226,0.381378288291159,0.7,0.823809523809524,0.7,0.857142857142857,0.3,0.142857142857143,4.9,0.35
"4619",0.806451612903226,0.373107656929543,0.7,0.838636363636364,0.636363636363636,0.9,0.363636363636364,0.1,6.36363636363637,0.404040404040404
"4620",0.741935483870968,0.42681643646766,0.6,0.787878787878788,0.666666666666667,0.772727272727273,0.333333333333333,0.227272727272727,2.93333333333333,0.431372549019608
"4621",0.741935483870968,0.435985334480613,0.6,0.844017094017094,0.461538461538462,0.944444444444444,0.538461538461538,0.0555555555555556,8.3076923076923,0.570135746606335
"4622",0.806451612903226,0.310365627218032,0.75,0.947619047619048,0.9,0.761904761904762,0.1,0.238095238095238,3.78,0.13125
"4623",0.774193548387097,0.400509577505613,0.631578947368421,0.838383838383838,0.666666666666667,0.818181818181818,0.333333333333333,0.181818181818182,3.66666666666667,0.407407407407407
"4624",0.774193548387097,0.42550425798265,0.666666666666667,0.871794871794872,0.538461538461538,0.944444444444444,0.461538461538462,0.0555555555555556,9.69230769230769,0.48868778280543
"4625",0.838709677419355,0.339614633137075,0.705882352941177,0.921717171717172,0.666666666666667,0.909090909090909,0.333333333333333,0.0909090909090909,7.33333333333333,0.366666666666667
"4626",0.806451612903226,0.345898899145787,0.666666666666667,0.875,0.75,0.826086956521739,0.25,0.173913043478261,4.3125,0.302631578947368
"4627",0.870967741935484,0.299397982348274,0.833333333333333,0.977272727272727,0.909090909090909,0.85,0.0909090909090909,0.15,6.06060606060606,0.106951871657754
"4628",0.806451612903226,0.321376468190152,0.666666666666667,0.896739130434783,0.75,0.826086956521739,0.25,0.173913043478261,4.3125,0.302631578947368
"4629",0.806451612903226,0.360356318677018,0.727272727272727,0.838095238095238,0.8,0.80952380952381,0.2,0.19047619047619,4.2,0.247058823529412
"4630",0.838709677419355,0.291024890135944,0.666666666666667,0.953846153846154,1,0.807692307692308,0,0.192307692307692,5.2,0
"4631",0.806451612903226,0.349151519205201,0.571428571428571,0.873333333333333,0.666666666666667,0.84,0.333333333333333,0.16,4.16666666666667,0.396825396825397
"4632",0.806451612903226,0.367759447072023,0.769230769230769,0.929824561403509,0.833333333333333,0.789473684210526,0.166666666666667,0.210526315789474,3.95833333333333,0.211111111111111
"4633",0.903225806451613,0.320648818313696,0.769230769230769,0.886904761904762,0.714285714285714,0.958333333333333,0.285714285714286,0.0416666666666666,17.1428571428572,0.298136645962733
"4634",0.806451612903226,0.328342234234851,0.666666666666667,0.880952380952381,0.6,0.904761904761905,0.4,0.0952380952380952,6.3,0.442105263157895
"4635",0.903225806451613,0.281412291183596,0.823529411764706,0.964285714285714,1,0.875,0,0.125,8,0
"4636",0.806451612903226,0.339084443858591,0.7,0.890476190476191,0.7,0.857142857142857,0.3,0.142857142857143,4.9,0.35
"4637",0.838709677419355,0.338225145807716,0.736842105263158,0.904040404040404,0.777777777777778,0.863636363636364,0.222222222222222,0.136363636363636,5.7037037037037,0.257309941520468
"4638",0.838709677419355,0.392787110843535,0.705882352941177,0.857142857142857,0.6,0.952380952380952,0.4,0.0476190476190477,12.6,0.42
"4639",0.741935483870968,0.394729680147155,0.5,0.856060606060606,0.444444444444444,0.863636363636364,0.555555555555556,0.136363636363636,3.25925925925926,0.64327485380117
"4640",0.774193548387097,0.336555026273182,0.588235294117647,0.901515151515151,0.555555555555556,0.863636363636364,0.444444444444444,0.136363636363636,4.07407407407407,0.514619883040936
"4641",0.774193548387097,0.386702517298987,0.695652173913043,0.901709401709402,0.615384615384615,0.888888888888889,0.384615384615385,0.111111111111111,5.53846153846154,0.432692307692308
"4642",0.903225806451613,0.309287428292492,0.8,0.946428571428571,0.857142857142857,0.916666666666667,0.142857142857143,0.0833333333333334,10.2857142857143,0.155844155844156
"4643",0.774193548387097,0.403267380115077,0.363636363636364,0.794642857142857,0.285714285714286,0.916666666666667,0.714285714285714,0.0833333333333334,3.42857142857143,0.779220779220779
"4644",0.838709677419355,0.351966797641509,0.736842105263158,0.90952380952381,0.7,0.904761904761905,0.3,0.0952380952380952,7.35,0.331578947368421
"4645",0.838709677419355,0.359059064085967,0.705882352941177,0.914141414141414,0.666666666666667,0.909090909090909,0.333333333333333,0.0909090909090909,7.33333333333333,0.366666666666667
"4646",0.709677419354839,0.442401334249085,0.470588235294118,0.815909090909091,0.363636363636364,0.9,0.636363636363636,0.1,3.63636363636364,0.707070707070707
"4647",0.645161290322581,0.515883404248234,0.421052631578947,0.790909090909091,0.363636363636364,0.8,0.636363636363636,0.2,1.81818181818182,0.795454545454545
"4648",0.935483870967742,0.293069990500124,0.888888888888889,0.964646464646465,0.888888888888889,0.954545454545455,0.111111111111111,0.0454545454545454,19.5555555555556,0.116402116402116
"4649",0.774193548387097,0.387721410986216,0.666666666666667,0.857456140350877,0.583333333333333,0.894736842105263,0.416666666666667,0.105263157894737,5.54166666666667,0.465686274509804
"4650",0.870967741935484,0.331929378296633,0.777777777777778,0.873737373737374,0.777777777777778,0.909090909090909,0.222222222222222,0.0909090909090909,8.55555555555555,0.244444444444444
"4651",0.774193548387097,0.371223839004791,0.695652173913043,0.836363636363636,0.727272727272727,0.8,0.272727272727273,0.2,3.63636363636364,0.340909090909091
"4652",0.741935483870968,0.40948396542779,0.428571428571429,0.838383838383838,0.333333333333333,0.909090909090909,0.666666666666667,0.0909090909090909,3.66666666666667,0.733333333333333
"4653",0.806451612903226,0.364014961832905,0.727272727272727,0.873809523809524,0.8,0.80952380952381,0.2,0.19047619047619,4.2,0.247058823529412
"4654",0.806451612903226,0.375030661835003,0.5,0.813333333333333,0.5,0.88,0.5,0.12,4.16666666666667,0.568181818181818
"4655",0.870967741935484,0.306067065057009,0.818181818181818,0.94047619047619,0.9,0.857142857142857,0.1,0.142857142857143,6.3,0.116666666666667
"4656",0.774193548387097,0.394416367509439,0.533333333333333,0.855978260869565,0.5,0.869565217391304,0.5,0.130434782608696,3.83333333333333,0.575
"4657",0.774193548387097,0.39476134090185,0.666666666666667,0.870454545454545,0.636363636363636,0.85,0.363636363636364,0.15,4.24242424242424,0.427807486631016
"4658",0.806451612903226,0.385878426513506,0.75,0.866228070175439,0.75,0.842105263157895,0.25,0.157894736842105,4.75,0.296875
"4659",0.741935483870968,0.438867712992246,0.5,0.71195652173913,0.5,0.826086956521739,0.5,0.173913043478261,2.875,0.605263157894737
"4660",0.838709677419355,0.389643258128887,0.705882352941177,0.821428571428571,0.6,0.952380952380952,0.4,0.0476190476190477,12.6,0.42
"4661",0.870967741935484,0.288885321147184,0.777777777777778,0.956521739130435,0.875,0.869565217391304,0.125,0.130434782608696,6.70833333333333,0.14375
"4662",0.741935483870968,0.4854608741739,0.5,0.842105263157895,0.333333333333333,1,0.666666666666667,0,Inf,0.666666666666667
"4663",0.709677419354839,0.428204202788657,0.571428571428571,0.778508771929825,0.5,0.842105263157895,0.5,0.157894736842105,3.16666666666667,0.59375
"4664",0.903225806451613,0.25989202752447,0.823529411764706,0.976190476190476,1,0.875,0,0.125,8,0
"4665",0.838709677419355,0.350275532719744,0.782608695652174,0.913636363636364,0.818181818181818,0.85,0.181818181818182,0.15,5.45454545454545,0.213903743315508
"4666",0.806451612903226,0.377294856958503,0.625,0.817934782608696,0.625,0.869565217391304,0.375,0.130434782608696,4.79166666666667,0.43125
"4667",0.838709677419355,0.349903566084611,0.736842105263158,0.833333333333333,0.7,0.904761904761905,0.3,0.0952380952380952,7.35,0.331578947368421
"4668",0.838709677419355,0.334348870069745,0.761904761904762,0.926190476190476,0.8,0.857142857142857,0.2,0.142857142857143,5.6,0.233333333333333
"4669",0.838709677419355,0.333095583139233,0.705882352941177,0.891304347826087,0.75,0.869565217391304,0.25,0.130434782608696,5.75,0.2875
"4670",0.838709677419355,0.389756141844927,0.761904761904762,0.850877192982456,0.666666666666667,0.947368421052632,0.333333333333333,0.0526315789473685,12.6666666666667,0.351851851851852
"4671",0.709677419354839,0.450276711894624,0.64,0.852083333333333,0.533333333333333,0.875,0.466666666666667,0.125,4.26666666666667,0.533333333333333
"4672",0.774193548387097,0.408519718061701,0.588235294117647,0.880952380952381,0.5,0.904761904761905,0.5,0.0952380952380952,5.25,0.552631578947368
"4673",0.838709677419355,0.345912317024677,0.761904761904762,0.906818181818182,0.727272727272727,0.9,0.272727272727273,0.1,7.27272727272727,0.303030303030303
"4674",0.806451612903226,0.367735317262516,0.7,0.904545454545455,0.636363636363636,0.9,0.363636363636364,0.1,6.36363636363637,0.404040404040404
"4675",0.741935483870968,0.400043083833591,0.6,0.838095238095238,0.6,0.80952380952381,0.4,0.19047619047619,3.15,0.494117647058824
"4676",0.741935483870968,0.349175555280284,0.555555555555556,0.851190476190476,0.714285714285714,0.75,0.285714285714286,0.25,2.85714285714286,0.380952380952381
"4677",0.806451612903226,0.357156655900891,0.727272727272727,0.9,0.8,0.80952380952381,0.2,0.19047619047619,4.2,0.247058823529412
"4678",0.774193548387097,0.39479117306356,0.666666666666667,0.854545454545454,0.636363636363636,0.85,0.363636363636364,0.15,4.24242424242424,0.427807486631016
"4679",0.838709677419355,0.314784496333068,0.736842105263158,0.945652173913043,0.875,0.826086956521739,0.125,0.173913043478261,5.03125,0.151315789473684
"4680",0.870967741935484,0.345606665791507,0.75,0.942857142857143,0.6,1,0.4,0,Inf,0.4
"4681",0.806451612903226,0.362040632889552,0.7,0.904040404040404,0.777777777777778,0.818181818181818,0.222222222222222,0.181818181818182,4.27777777777778,0.271604938271605
"4682",0.806451612903226,0.351865529405087,0.625,0.851190476190476,0.714285714285714,0.833333333333333,0.285714285714286,0.166666666666667,4.28571428571429,0.342857142857143
"4683",0.741935483870968,0.394241972512177,0.714285714285714,0.881578947368421,0.833333333333333,0.684210526315789,0.166666666666667,0.315789473684211,2.63888888888889,0.243589743589744
"4684",0.67741935483871,0.445238382889905,0.615384615384615,0.756578947368421,0.666666666666667,0.684210526315789,0.333333333333333,0.315789473684211,2.11111111111111,0.487179487179487
"4685",0.870967741935484,0.339624714703962,0.75,0.869565217391304,0.75,0.91304347826087,0.25,0.0869565217391305,8.62499999999999,0.273809523809524
"4686",0.870967741935484,0.344535420784007,0.75,0.886363636363636,0.666666666666667,0.954545454545455,0.333333333333333,0.0454545454545454,14.6666666666667,0.349206349206349
"4687",0.870967741935484,0.343477788403198,0.8,0.951754385964912,0.666666666666667,1,0.333333333333333,0,Inf,0.333333333333333
"4688",0.903225806451613,0.283263130082189,0.857142857142857,0.974747474747475,1,0.863636363636364,0,0.136363636363636,7.33333333333333,0
"4689",0.838709677419355,0.32954012633454,0.736842105263158,0.928571428571429,1,0.791666666666667,0,0.208333333333333,4.8,0
"4690",0.709677419354839,0.438110476817153,0.470588235294118,0.761904761904762,0.571428571428571,0.75,0.428571428571429,0.25,2.28571428571429,0.571428571428572
"4691",0.709677419354839,0.477033774058034,0.608695652173913,0.85,0.466666666666667,0.9375,0.533333333333333,0.0625,7.46666666666667,0.568888888888889
"4692",0.741935483870968,0.4324313831969,0.6,0.780952380952381,0.6,0.80952380952381,0.4,0.19047619047619,3.15,0.494117647058824
"4693",0.741935483870968,0.467266114479794,0.6,0.837606837606838,0.461538461538462,0.944444444444444,0.538461538461538,0.0555555555555556,8.3076923076923,0.570135746606335
"4694",0.838709677419355,0.321288865310094,0.736842105263158,0.895238095238095,0.7,0.904761904761905,0.3,0.0952380952380952,7.35,0.331578947368421
"4695",0.709677419354839,0.419737346200077,0.526315789473684,0.847826086956522,0.625,0.739130434782609,0.375,0.260869565217391,2.39583333333333,0.507352941176471
"4696",0.806451612903226,0.397341355827281,0.5,0.817934782608696,0.375,0.956521739130435,0.625,0.0434782608695652,8.62500000000001,0.653409090909091
"4697",0.774193548387097,0.339977909830784,0.666666666666667,0.924242424242424,0.777777777777778,0.772727272727273,0.222222222222222,0.227272727272727,3.42222222222222,0.287581699346405
"4698",0.870967741935484,0.344540957176704,0.818181818181818,0.918859649122807,0.75,0.947368421052632,0.25,0.0526315789473685,14.25,0.263888888888889
"4699",0.806451612903226,0.444432094527589,0.666666666666667,0.782608695652174,0.75,0.826086956521739,0.25,0.173913043478261,4.3125,0.302631578947368
"4700",0.838709677419355,0.326661967362868,0.666666666666667,0.906666666666667,0.833333333333333,0.84,0.166666666666667,0.16,5.20833333333333,0.198412698412698
"4701",0.774193548387097,0.409651550469031,0.695652173913043,0.784188034188034,0.615384615384615,0.888888888888889,0.384615384615385,0.111111111111111,5.53846153846154,0.432692307692308
"4702",0.709677419354839,0.47562024640658,0.571428571428571,0.890756302521008,0.428571428571429,0.941176470588235,0.571428571428571,0.0588235294117647,7.28571428571428,0.607142857142857
"4703",0.838709677419355,0.342261696663124,0.705882352941177,0.916666666666667,1,0.8,0,0.2,5,0
"4704",0.774193548387097,0.406000086818424,0.666666666666667,0.865909090909091,0.636363636363636,0.85,0.363636363636364,0.15,4.24242424242424,0.427807486631016
"4705",0.838709677419355,0.350200199011115,0.814814814814815,0.925438596491228,0.916666666666667,0.789473684210526,0.0833333333333334,0.210526315789474,4.35416666666667,0.105555555555556
"4706",0.67741935483871,0.410515392388026,0.5,0.838095238095238,0.5,0.761904761904762,0.5,0.238095238095238,2.1,0.65625
"4707",0.838709677419355,0.332584349546603,0.736842105263158,0.858585858585859,0.777777777777778,0.863636363636364,0.222222222222222,0.136363636363636,5.7037037037037,0.257309941520468
"4708",0.741935483870968,0.433557329929954,0.6,0.864035087719298,0.5,0.894736842105263,0.5,0.105263157894737,4.75,0.558823529411765
"4709",0.774193548387097,0.411911460576946,0.666666666666667,0.816666666666667,0.7,0.80952380952381,0.3,0.19047619047619,3.675,0.370588235294118
"4710",0.741935483870968,0.400648840396109,0.6,0.785714285714286,0.6,0.80952380952381,0.4,0.19047619047619,3.15,0.494117647058824
"4711",0.870967741935484,0.322796785828056,0.75,0.951086956521739,0.75,0.91304347826087,0.25,0.0869565217391305,8.62499999999999,0.273809523809524
"4712",0.774193548387097,0.343764550595178,0.695652173913043,0.876262626262626,0.888888888888889,0.727272727272727,0.111111111111111,0.272727272727273,3.25925925925926,0.152777777777778
"4713",0.935483870967742,0.291544242573278,0.833333333333333,0.916666666666667,0.714285714285714,1,0.285714285714286,0,Inf,0.285714285714286
"4714",0.870967741935484,0.298612888373636,0.714285714285714,0.94,0.833333333333333,0.88,0.166666666666667,0.12,6.94444444444444,0.189393939393939
"4715",0.838709677419355,0.298407222620697,0.761904761904762,0.956521739130435,1,0.782608695652174,0,0.217391304347826,4.6,0
"4716",0.741935483870968,0.373240576199242,0.428571428571429,0.823076923076923,0.6,0.769230769230769,0.4,0.230769230769231,2.6,0.52
"4717",0.806451612903226,0.381325568935061,0.727272727272727,0.851010101010101,0.888888888888889,0.772727272727273,0.111111111111111,0.227272727272727,3.91111111111111,0.143790849673203
"4718",0.774193548387097,0.414987051487421,0.588235294117647,0.778571428571429,0.5,0.904761904761905,0.5,0.0952380952380952,5.25,0.552631578947368
"4719",0.774193548387097,0.364728293693754,0.461538461538462,0.833333333333333,0.428571428571429,0.875,0.571428571428571,0.125,3.42857142857143,0.653061224489796
"4720",0.806451612903226,0.354451450352952,0.625,0.866071428571429,0.714285714285714,0.833333333333333,0.285714285714286,0.166666666666667,4.28571428571429,0.342857142857143
"4721",0.838709677419355,0.349481563033991,0.736842105263158,0.888888888888889,0.777777777777778,0.863636363636364,0.222222222222222,0.136363636363636,5.7037037037037,0.257309941520468
"4722",0.870967741935484,0.331545757123383,0.8,0.963636363636364,0.727272727272727,0.95,0.272727272727273,0.05,14.5454545454545,0.287081339712919
"4723",0.838709677419355,0.38163595304078,0.761904761904762,0.9,0.8,0.857142857142857,0.2,0.142857142857143,5.6,0.233333333333333
"4724",0.838709677419355,0.338706810410722,0.705882352941177,0.919047619047619,0.6,0.952380952380952,0.4,0.0476190476190477,12.6,0.42
"4725",0.870967741935484,0.312815321664107,0.777777777777778,0.891304347826087,0.875,0.869565217391304,0.125,0.130434782608696,6.70833333333333,0.14375
"4726",0.806451612903226,0.3160624179936,0.666666666666667,0.916666666666667,0.666666666666667,0.863636363636364,0.333333333333333,0.136363636363636,4.88888888888889,0.385964912280702
"4727",0.774193548387097,0.365409375459807,0.695652173913043,0.923076923076923,0.615384615384615,0.888888888888889,0.384615384615385,0.111111111111111,5.53846153846154,0.432692307692308
"4728",0.870967741935484,0.338010780834598,0.777777777777778,0.877717391304348,0.875,0.869565217391304,0.125,0.130434782608696,6.70833333333333,0.14375
"4729",0.903225806451613,0.295010125317799,0.842105263157895,0.953804347826087,1,0.869565217391304,0,0.130434782608696,7.66666666666667,0
"4730",0.709677419354839,0.46082119062277,0.571428571428571,0.755050505050505,0.666666666666667,0.727272727272727,0.333333333333333,0.272727272727273,2.44444444444444,0.458333333333333
"4731",0.838709677419355,0.316933301386373,0.666666666666667,0.904761904761905,0.714285714285714,0.875,0.285714285714286,0.125,5.71428571428571,0.326530612244898
"4732",0.806451612903226,0.381622531008973,0.7,0.886363636363636,0.636363636363636,0.9,0.363636363636364,0.1,6.36363636363637,0.404040404040404
"4733",0.709677419354839,0.406341166986754,0.608695652173913,0.833333333333333,0.583333333333333,0.789473684210526,0.416666666666667,0.210526315789474,2.77083333333333,0.527777777777778
"4734",0.806451612903226,0.405051757961607,0.625,0.847727272727273,0.454545454545455,1,0.545454545454545,0,Inf,0.545454545454545
"4735",0.774193548387097,0.418704567641023,0.695652173913043,0.797727272727273,0.727272727272727,0.8,0.272727272727273,0.2,3.63636363636364,0.340909090909091
"4736",0.774193548387097,0.446808424695232,0.631578947368421,0.804545454545455,0.545454545454545,0.9,0.454545454545455,0.1,5.45454545454546,0.505050505050505
"4737",0.870967741935484,0.29494536273112,0.8,0.944444444444444,0.888888888888889,0.863636363636364,0.111111111111111,0.136363636363636,6.51851851851852,0.128654970760234
"4738",0.870967741935484,0.299013792497062,0.777777777777778,0.94047619047619,0.7,0.952380952380952,0.3,0.0476190476190477,14.7,0.315
"4739",0.709677419354839,0.400340309898877,0.526315789473684,0.808080808080808,0.555555555555556,0.772727272727273,0.444444444444444,0.227272727272727,2.44444444444444,0.57516339869281
"4740",0.741935483870968,0.433014654161226,0.555555555555556,0.836309523809524,0.714285714285714,0.75,0.285714285714286,0.25,2.85714285714286,0.380952380952381
"4741",0.935483870967742,0.253135063583723,0.8,0.962962962962963,1,0.925925925925926,0,0.0740740740740741,13.5,0
"4742",0.741935483870968,0.447663575609362,0.5,0.777777777777778,0.444444444444444,0.863636363636364,0.555555555555556,0.136363636363636,3.25925925925926,0.64327485380117
"4743",0.806451612903226,0.397901273023072,0.666666666666667,0.880952380952381,0.6,0.904761904761905,0.4,0.0952380952380952,6.3,0.442105263157895
"4744",0.838709677419355,0.39900235351891,0.736842105263158,0.904545454545455,0.636363636363636,0.95,0.363636363636364,0.05,12.7272727272727,0.382775119617225
"4745",0.806451612903226,0.329302026219154,0.625,0.866071428571429,0.714285714285714,0.833333333333333,0.285714285714286,0.166666666666667,4.28571428571429,0.342857142857143
"4746",0.806451612903226,0.353870379723726,0.666666666666667,0.845238095238095,0.857142857142857,0.791666666666667,0.142857142857143,0.208333333333333,4.11428571428571,0.180451127819549
"4747",0.774193548387097,0.377711273893224,0.72,0.876068376068376,0.692307692307692,0.833333333333333,0.307692307692308,0.166666666666667,4.15384615384616,0.369230769230769
"4748",0.774193548387097,0.36571039015494,0.695652173913043,0.880952380952381,0.8,0.761904761904762,0.2,0.238095238095238,3.36,0.2625
"4749",0.806451612903226,0.360891248713826,0.75,0.890909090909091,0.818181818181818,0.8,0.181818181818182,0.2,4.09090909090909,0.227272727272727
"4750",0.741935483870968,0.43089726952253,0.333333333333333,0.782608695652174,0.25,0.91304347826087,0.75,0.0869565217391305,2.875,0.821428571428572
"4751",0.903225806451613,0.342882522289308,0.857142857142857,0.904545454545455,0.818181818181818,0.95,0.181818181818182,0.05,16.3636363636363,0.191387559808612
"4752",0.741935483870968,0.417528247342275,0.5,0.8125,0.5,0.826086956521739,0.5,0.173913043478261,2.875,0.605263157894737
"4753",0.67741935483871,0.450773369500662,0.545454545454545,0.804824561403509,0.5,0.789473684210526,0.5,0.210526315789474,2.375,0.633333333333333
"4754",0.838709677419355,0.340129904803146,0.736842105263158,0.880952380952381,0.7,0.904761904761905,0.3,0.0952380952380952,7.35,0.331578947368421
"4755",0.806451612903226,0.323840027508038,0.571428571428571,0.88,0.666666666666667,0.84,0.333333333333333,0.16,4.16666666666667,0.396825396825397
"4756",0.806451612903226,0.347273512477135,0.666666666666667,0.910326086956522,0.75,0.826086956521739,0.25,0.173913043478261,4.3125,0.302631578947368
"4757",0.774193548387097,0.363094879758179,0.588235294117647,0.861413043478261,0.625,0.826086956521739,0.375,0.173913043478261,3.59375,0.453947368421053
"4758",0.838709677419355,0.363508967826526,0.615384615384615,0.839673913043478,0.5,0.956521739130435,0.5,0.0434782608695652,11.5,0.522727272727273
"4759",0.741935483870968,0.364282157027396,0.636363636363636,0.901515151515151,0.777777777777778,0.727272727272727,0.222222222222222,0.272727272727273,2.85185185185185,0.305555555555556
"4760",0.806451612903226,0.367326274444803,0.666666666666667,0.868686868686869,0.666666666666667,0.863636363636364,0.333333333333333,0.136363636363636,4.88888888888889,0.385964912280702
"4761",0.774193548387097,0.37180404404913,0.631578947368421,0.861904761904762,0.6,0.857142857142857,0.4,0.142857142857143,4.2,0.466666666666667
"4762",0.838709677419355,0.310090773019388,0.761904761904762,0.909090909090909,0.727272727272727,0.9,0.272727272727273,0.1,7.27272727272727,0.303030303030303
"4763",0.741935483870968,0.387572258579465,0.5,0.842391304347826,0.5,0.826086956521739,0.5,0.173913043478261,2.875,0.605263157894737
"4764",0.806451612903226,0.356710303286174,0.666666666666667,0.885714285714286,0.6,0.904761904761905,0.4,0.0952380952380952,6.3,0.442105263157895
"4765",0.903225806451613,0.311522155350946,0.869565217391304,0.960526315789474,0.833333333333333,0.947368421052632,0.166666666666667,0.0526315789473685,15.8333333333333,0.175925925925926
"4766",0.806451612903226,0.391054933233567,0.7,0.888888888888889,0.777777777777778,0.818181818181818,0.222222222222222,0.181818181818182,4.27777777777778,0.271604938271605
"4767",0.774193548387097,0.375415222502802,0.588235294117647,0.843333333333333,0.833333333333333,0.76,0.166666666666667,0.24,3.47222222222222,0.219298245614035
"4768",0.838709677419355,0.374618759313061,0.736842105263158,0.828282828282828,0.777777777777778,0.863636363636364,0.222222222222222,0.136363636363636,5.7037037037037,0.257309941520468
"4769",1,0.253767987411897,1,1,1,1,0,0,Inf,0
"4770",0.870967741935484,0.315720133901177,0.75,0.93452380952381,0.857142857142857,0.875,0.142857142857143,0.125,6.85714285714286,0.163265306122449
"4771",0.838709677419355,0.366926576968932,0.782608695652174,0.865909090909091,0.818181818181818,0.85,0.181818181818182,0.15,5.45454545454545,0.213903743315508
"4772",0.67741935483871,0.447120626500513,0.545454545454545,0.778571428571429,0.6,0.714285714285714,0.4,0.285714285714286,2.1,0.56
"4773",0.903225806451613,0.298200773393321,0.8,0.951086956521739,0.75,0.956521739130435,0.25,0.0434782608695652,17.25,0.261363636363636
"4774",0.806451612903226,0.352222403920188,0.571428571428571,0.86,0.666666666666667,0.84,0.333333333333333,0.16,4.16666666666667,0.396825396825397
"4775",0.903225806451613,0.289250118062305,0.8,0.967391304347826,0.75,0.956521739130435,0.25,0.0434782608695652,17.25,0.261363636363636
"4776",0.870967741935484,0.292857614616071,0.75,0.986666666666667,1,0.84,0,0.16,6.25,0
"4777",0.741935483870968,0.390244530993912,0.692307692307692,0.870454545454545,0.818181818181818,0.7,0.181818181818182,0.3,2.72727272727273,0.25974025974026
"4778",0.774193548387097,0.333373514183498,0.588235294117647,0.875,0.625,0.826086956521739,0.375,0.173913043478261,3.59375,0.453947368421053
"4779",0.741935483870968,0.420019232211019,0.692307692307692,0.865546218487395,0.642857142857143,0.823529411764706,0.357142857142857,0.176470588235294,3.64285714285714,0.433673469387755
"4780",0.741935483870968,0.471340797123825,0.555555555555556,0.863333333333333,0.833333333333333,0.72,0.166666666666667,0.28,2.97619047619048,0.231481481481481
"4781",0.806451612903226,0.34788782439533,0.5,0.907738095238095,0.428571428571429,0.916666666666667,0.571428571428571,0.0833333333333334,5.14285714285714,0.623376623376623
"4782",0.806451612903226,0.369835427148001,0.571428571428571,0.848214285714286,0.571428571428571,0.875,0.428571428571429,0.125,4.57142857142857,0.489795918367347
"4783",0.709677419354839,0.408974306402081,0.608695652173913,0.852380952380952,0.7,0.714285714285714,0.3,0.285714285714286,2.45,0.42
"4784",0.709677419354839,0.445312087175545,0.4,0.761904761904762,0.428571428571429,0.791666666666667,0.571428571428571,0.208333333333333,2.05714285714286,0.721804511278195
"4785",0.838709677419355,0.290995417826471,0.666666666666667,0.846666666666667,0.833333333333333,0.84,0.166666666666667,0.16,5.20833333333333,0.198412698412698
"4786",0.870967741935484,0.358398478018966,0.714285714285714,0.80952380952381,0.714285714285714,0.916666666666667,0.285714285714286,0.0833333333333334,8.57142857142857,0.311688311688312
"4787",0.903225806451613,0.30091147094713,0.857142857142857,0.972727272727273,0.818181818181818,0.95,0.181818181818182,0.05,16.3636363636363,0.191387559808612
"4788",0.870967741935484,0.346076118869661,0.777777777777778,0.893939393939394,0.777777777777778,0.909090909090909,0.222222222222222,0.0909090909090909,8.55555555555555,0.244444444444444
"4789",0.741935483870968,0.371454496994479,0.5,0.875,0.571428571428571,0.791666666666667,0.428571428571429,0.208333333333333,2.74285714285714,0.541353383458647
"4790",0.838709677419355,0.385927080926162,0.736842105263158,0.880434782608696,0.875,0.826086956521739,0.125,0.173913043478261,5.03125,0.151315789473684
"4791",0.774193548387097,0.412768423965882,0.666666666666667,0.842857142857143,0.7,0.80952380952381,0.3,0.19047619047619,3.675,0.370588235294118
"4792",0.903225806451613,0.318030777007834,0.8,0.820652173913043,0.75,0.956521739130435,0.25,0.0434782608695652,17.25,0.261363636363636
"4793",0.935483870967742,0.266442625246029,0.9,0.985714285714286,0.9,0.952380952380952,0.1,0.0476190476190477,18.9,0.105
"4794",0.903225806451613,0.31963319749989,0.769230769230769,0.918478260869565,0.625,1,0.375,0,Inf,0.375
"4795",0.741935483870968,0.393695212581109,0.636363636363636,0.872727272727273,0.636363636363636,0.8,0.363636363636364,0.2,3.18181818181818,0.454545454545455
"4796",0.774193548387097,0.377932792306765,0.533333333333333,0.801630434782609,0.5,0.869565217391304,0.5,0.130434782608696,3.83333333333333,0.575
"4797",0.741935483870968,0.382651190849534,0.555555555555556,0.864130434782609,0.625,0.782608695652174,0.375,0.217391304347826,2.875,0.479166666666667
"4798",0.806451612903226,0.367949794688036,0.625,0.835858585858586,0.555555555555556,0.909090909090909,0.444444444444444,0.0909090909090909,6.11111111111111,0.488888888888889
"4799",0.806451612903226,0.3830169101194,0.7,0.883771929824561,0.583333333333333,0.947368421052632,0.416666666666667,0.0526315789473685,11.0833333333333,0.439814814814815
"4800",0.838709677419355,0.355950661598533,0.736842105263158,0.85,0.7,0.904761904761905,0.3,0.0952380952380952,7.35,0.331578947368421
"4801",0.870967741935484,0.311734443543863,0.666666666666667,0.926666666666667,0.666666666666667,0.92,0.333333333333333,0.08,8.33333333333334,0.36231884057971
"4802",0.709677419354839,0.460891333826156,0.4,0.859090909090909,0.272727272727273,0.95,0.727272727272727,0.05,5.45454545454545,0.76555023923445
"4803",0.709677419354839,0.430506487052134,0.608695652173913,0.807017543859649,0.583333333333333,0.789473684210526,0.416666666666667,0.210526315789474,2.77083333333333,0.527777777777778
"4804",0.870967741935484,0.315778660861724,0.75,0.962121212121212,0.666666666666667,0.954545454545455,0.333333333333333,0.0454545454545454,14.6666666666667,0.349206349206349
"4805",0.903225806451613,0.249851067776149,0.769230769230769,0.984615384615385,1,0.884615384615385,0,0.115384615384615,8.66666666666666,0
"4806",0.838709677419355,0.283382902810801,0.666666666666667,0.946428571428571,0.714285714285714,0.875,0.285714285714286,0.125,5.71428571428571,0.326530612244898
"4807",0.741935483870968,0.380116987498298,0.6,0.838383838383838,0.666666666666667,0.772727272727273,0.333333333333333,0.227272727272727,2.93333333333333,0.431372549019608
"4808",0.774193548387097,0.388082447104329,0.533333333333333,0.888095238095238,0.4,0.952380952380952,0.6,0.0476190476190477,8.39999999999999,0.63
"4809",0.870967741935484,0.311665486153821,0.666666666666667,0.92,0.666666666666667,0.92,0.333333333333333,0.08,8.33333333333334,0.36231884057971
"4810",0.806451612903226,0.340346851443011,0.571428571428571,0.827380952380952,0.571428571428571,0.875,0.428571428571429,0.125,4.57142857142857,0.489795918367347
"4811",0.806451612903226,0.381636721909279,0.666666666666667,0.880952380952381,0.6,0.904761904761905,0.4,0.0952380952380952,6.3,0.442105263157895
"4812",0.774193548387097,0.425087730198682,0.533333333333333,0.75,0.5,0.869565217391304,0.5,0.130434782608696,3.83333333333333,0.575
"4813",0.774193548387097,0.421049782026529,0.588235294117647,0.827272727272727,0.454545454545455,0.95,0.545454545454545,0.05,9.09090909090908,0.574162679425837
"4814",0.903225806451613,0.286772555446897,0.727272727272727,0.888461538461539,0.8,0.923076923076923,0.2,0.0769230769230769,10.4,0.216666666666667
"4815",0.741935483870968,0.449079719166497,0.666666666666667,0.854700854700855,0.615384615384615,0.833333333333333,0.384615384615385,0.166666666666667,3.69230769230769,0.461538461538461
"4816",0.870967741935484,0.353979198263116,0.818181818181818,0.922727272727273,0.818181818181818,0.9,0.181818181818182,0.1,8.18181818181818,0.202020202020202
"4817",0.806451612903226,0.373723366359599,0.4,0.726923076923077,0.4,0.884615384615385,0.6,0.115384615384615,3.46666666666667,0.678260869565217
"4818",0.838709677419355,0.360118148736956,0.761904761904762,0.897727272727273,0.727272727272727,0.9,0.272727272727273,0.1,7.27272727272727,0.303030303030303
"4819",0.741935483870968,0.383961092449143,0.555555555555556,0.826086956521739,0.625,0.782608695652174,0.375,0.217391304347826,2.875,0.479166666666667
"4820",0.806451612903226,0.365045616705387,0.666666666666667,0.901515151515151,0.666666666666667,0.863636363636364,0.333333333333333,0.136363636363636,4.88888888888889,0.385964912280702
"4821",0.741935483870968,0.493315354760378,0.666666666666667,0.829166666666667,0.533333333333333,0.9375,0.466666666666667,0.0625,8.53333333333333,0.497777777777778
"4822",0.903225806451613,0.306062277710809,0.823529411764706,0.891414141414141,0.777777777777778,0.954545454545455,0.222222222222222,0.0454545454545454,17.1111111111111,0.232804232804233
"4823",0.806451612903226,0.381862208668291,0.666666666666667,0.777173913043478,0.75,0.826086956521739,0.25,0.173913043478261,4.3125,0.302631578947368
"4824",0.806451612903226,0.331306456052219,0.666666666666667,0.928571428571429,0.857142857142857,0.791666666666667,0.142857142857143,0.208333333333333,4.11428571428571,0.180451127819549
"4825",0.806451612903226,0.356851787412433,0.666666666666667,0.795454545454545,0.666666666666667,0.863636363636364,0.333333333333333,0.136363636363636,4.88888888888889,0.385964912280702
"4826",0.806451612903226,0.38806735715809,0.625,0.795454545454545,0.555555555555556,0.909090909090909,0.444444444444444,0.0909090909090909,6.11111111111111,0.488888888888889
"4827",0.806451612903226,0.396621498184969,0.666666666666667,0.868181818181818,0.545454545454545,0.95,0.454545454545455,0.05,10.9090909090909,0.478468899521531
"4828",0.806451612903226,0.388664706135192,0.7,0.847619047619048,0.7,0.857142857142857,0.3,0.142857142857143,4.9,0.35
"4829",0.741935483870968,0.441486887479473,0.6,0.747727272727273,0.545454545454545,0.85,0.454545454545455,0.15,3.63636363636364,0.53475935828877
"4830",0.774193548387097,0.394272647165056,0.666666666666667,0.840909090909091,0.636363636363636,0.85,0.363636363636364,0.15,4.24242424242424,0.427807486631016
"4831",0.838709677419355,0.312953973388627,0.545454545454545,0.892307692307692,0.6,0.884615384615385,0.4,0.115384615384615,5.2,0.452173913043478
"4832",0.838709677419355,0.373397651511895,0.736842105263158,0.868686868686869,0.777777777777778,0.863636363636364,0.222222222222222,0.136363636363636,5.7037037037037,0.257309941520468
"4833",0.870967741935484,0.310407419612864,0.818181818181818,0.919047619047619,0.9,0.857142857142857,0.1,0.142857142857143,6.3,0.116666666666667
"4834",0.838709677419355,0.34107215422227,0.666666666666667,0.918478260869565,0.625,0.91304347826087,0.375,0.0869565217391305,7.1875,0.410714285714286
"4835",0.774193548387097,0.394351422981126,0.695652173913043,0.817982456140351,0.666666666666667,0.842105263157895,0.333333333333333,0.157894736842105,4.22222222222222,0.395833333333333
"4836",0.838709677419355,0.373693738976715,0.545454545454545,0.763586956521739,0.375,1,0.625,0,Inf,0.625
"4837",0.935483870967742,0.291393742836532,0.875,0.978260869565217,0.875,0.956521739130435,0.125,0.0434782608695652,20.125,0.130681818181818
"4838",0.903225806451613,0.272998514214225,0.8,0.958333333333333,0.857142857142857,0.916666666666667,0.142857142857143,0.0833333333333334,10.2857142857143,0.155844155844156
"4839",0.838709677419355,0.345577624532508,0.666666666666667,0.779761904761905,0.714285714285714,0.875,0.285714285714286,0.125,5.71428571428571,0.326530612244898
"4840",0.838709677419355,0.364865635269327,0.761904761904762,0.897727272727273,0.727272727272727,0.9,0.272727272727273,0.1,7.27272727272727,0.303030303030303
"4841",0.806451612903226,0.330797695338198,0.5,0.9,0.6,0.846153846153846,0.4,0.153846153846154,3.9,0.472727272727273
"4842",0.838709677419355,0.346627070957986,0.705882352941177,0.897619047619048,0.6,0.952380952380952,0.4,0.0476190476190477,12.6,0.42
"4843",0.774193548387097,0.396734295224089,0.695652173913043,0.861363636363636,0.727272727272727,0.8,0.272727272727273,0.2,3.63636363636364,0.340909090909091
"4844",0.774193548387097,0.372395871517381,0.666666666666667,0.847727272727273,0.636363636363636,0.85,0.363636363636364,0.15,4.24242424242424,0.427807486631016
"4845",0.870967741935484,0.365305084073788,0.818181818181818,0.881578947368421,0.75,0.947368421052632,0.25,0.0526315789473685,14.25,0.263888888888889
"4846",0.709677419354839,0.444344496940909,0.608695652173913,0.780701754385965,0.583333333333333,0.789473684210526,0.416666666666667,0.210526315789474,2.77083333333333,0.527777777777778
"4847",0.741935483870968,0.3942807865775,0.6,0.864130434782609,0.75,0.739130434782609,0.25,0.260869565217391,2.875,0.338235294117647
"4848",0.806451612903226,0.367010738962631,0.625,0.871212121212121,0.555555555555556,0.909090909090909,0.444444444444444,0.0909090909090909,6.11111111111111,0.488888888888889
"4849",0.774193548387097,0.435872921858716,0.631578947368421,0.788095238095238,0.6,0.857142857142857,0.4,0.142857142857143,4.2,0.466666666666667
"4850",0.903225806451613,0.285870445858132,0.823529411764706,0.951086956521739,0.875,0.91304347826087,0.125,0.0869565217391305,10.0625,0.136904761904762
"4851",0.709677419354839,0.435923066999835,0.608695652173913,0.828947368421053,0.583333333333333,0.789473684210526,0.416666666666667,0.210526315789474,2.77083333333333,0.527777777777778
"4852",0.838709677419355,0.35799542314776,0.761904761904762,0.881578947368421,0.666666666666667,0.947368421052632,0.333333333333333,0.0526315789473685,12.6666666666667,0.351851851851852
"4853",0.806451612903226,0.333230391015862,0.75,0.872727272727273,0.818181818181818,0.8,0.181818181818182,0.2,4.09090909090909,0.227272727272727
"4854",0.67741935483871,0.420358148858985,0.5,0.752380952380952,0.5,0.761904761904762,0.5,0.238095238095238,2.1,0.65625
"4855",0.774193548387097,0.39404284922738,0.666666666666667,0.884615384615385,0.538461538461538,0.944444444444444,0.461538461538462,0.0555555555555556,9.69230769230769,0.48868778280543
"4856",0.709677419354839,0.379846574882316,0.571428571428571,0.792929292929293,0.666666666666667,0.727272727272727,0.333333333333333,0.272727272727273,2.44444444444444,0.458333333333333
"4857",0.838709677419355,0.401261153246629,0.736842105263158,0.896929824561403,0.583333333333333,1,0.416666666666667,0,Inf,0.416666666666667
"4858",0.709677419354839,0.46274967391283,0.470588235294118,0.732142857142857,0.571428571428571,0.75,0.428571428571429,0.25,2.28571428571429,0.571428571428572
"4859",0.838709677419355,0.347143519090656,0.8,0.913636363636364,0.909090909090909,0.8,0.0909090909090909,0.2,4.54545454545455,0.113636363636364
"4860",0.903225806451613,0.352694994386277,0.857142857142857,0.929824561403509,0.75,1,0.25,0,Inf,0.25
"4861",0.709677419354839,0.420328872716094,0.571428571428571,0.861842105263158,0.5,0.842105263157895,0.5,0.157894736842105,3.16666666666667,0.59375
"4862",0.774193548387097,0.366355218113274,0.666666666666667,0.888095238095238,0.7,0.80952380952381,0.3,0.19047619047619,3.675,0.370588235294118
"4863",0.741935483870968,0.412516026385556,0.636363636363636,0.816666666666667,0.7,0.761904761904762,0.3,0.238095238095238,2.94,0.39375
"4864",0.806451612903226,0.35648418138946,0.7,0.893939393939394,0.777777777777778,0.818181818181818,0.222222222222222,0.181818181818182,4.27777777777778,0.271604938271605
"4865",0.774193548387097,0.393909749293663,0.588235294117647,0.858585858585859,0.555555555555556,0.863636363636364,0.444444444444444,0.136363636363636,4.07407407407407,0.514619883040936
"4866",0.774193548387097,0.430101410615164,0.533333333333333,0.785714285714286,0.4,0.952380952380952,0.6,0.0476190476190477,8.39999999999999,0.63
"4867",0.774193548387097,0.40722659943505,0.695652173913043,0.928571428571429,0.571428571428571,0.941176470588235,0.428571428571429,0.0588235294117647,9.71428571428571,0.455357142857143
"4868",0.870967741935484,0.274230538457893,0.666666666666667,0.846666666666667,0.666666666666667,0.92,0.333333333333333,0.08,8.33333333333334,0.36231884057971
"4869",0.838709677419355,0.328347222447117,0.736842105263158,0.942857142857143,0.7,0.904761904761905,0.3,0.0952380952380952,7.35,0.331578947368421
"4870",0.838709677419355,0.344741545574105,0.705882352941177,0.94949494949495,0.666666666666667,0.909090909090909,0.333333333333333,0.0909090909090909,7.33333333333333,0.366666666666667
"4871",0.870967741935484,0.330609906619554,0.666666666666667,0.883333333333333,0.666666666666667,0.92,0.333333333333333,0.08,8.33333333333334,0.36231884057971
"4872",0.806451612903226,0.402420373821143,0.666666666666667,0.861111111111111,0.666666666666667,0.863636363636364,0.333333333333333,0.136363636363636,4.88888888888889,0.385964912280702
"4873",0.806451612903226,0.282485076022896,0.4,0.763888888888889,0.5,0.851851851851852,0.5,0.148148148148148,3.375,0.58695652173913
"4874",0.806451612903226,0.409364367212963,0.7,0.843181818181818,0.636363636363636,0.9,0.363636363636364,0.1,6.36363636363637,0.404040404040404
"4875",0.741935483870968,0.40833235896538,0.5,0.838383838383838,0.444444444444444,0.863636363636364,0.555555555555556,0.136363636363636,3.25925925925926,0.64327485380117
"4876",0.903225806451613,0.288525757838168,0.823529411764706,0.923913043478261,0.875,0.91304347826087,0.125,0.0869565217391305,10.0625,0.136904761904762
"4877",0.838709677419355,0.357056364104443,0.782608695652174,0.904545454545455,0.818181818181818,0.85,0.181818181818182,0.15,5.45454545454545,0.213903743315508
"4878",0.838709677419355,0.355068197070858,0.736842105263158,0.878571428571429,0.7,0.904761904761905,0.3,0.0952380952380952,7.35,0.331578947368421
"4879",0.741935483870968,0.368980796101021,0.692307692307692,0.890350877192982,0.75,0.736842105263158,0.25,0.263157894736842,2.85,0.339285714285714
"4880",0.806451612903226,0.400304654227714,0.7,0.804824561403509,0.583333333333333,0.947368421052632,0.416666666666667,0.0526315789473685,11.0833333333333,0.439814814814815
"4881",0.774193548387097,0.409473306256218,0.631578947368421,0.86,1,0.72,0,0.28,3.57142857142857,0
"4882",0.806451612903226,0.365132612439663,0.666666666666667,0.852380952380952,0.6,0.904761904761905,0.4,0.0952380952380952,6.3,0.442105263157895
"4883",0.67741935483871,0.517339212246173,0.444444444444444,0.725,0.363636363636364,0.85,0.636363636363636,0.15,2.42424242424242,0.748663101604278
"4884",0.709677419354839,0.447347089544306,0.470588235294118,0.806818181818182,0.363636363636364,0.9,0.636363636363636,0.1,3.63636363636364,0.707070707070707
"4885",0.774193548387097,0.411189660916986,0.666666666666667,0.841880341880342,0.538461538461538,0.944444444444444,0.461538461538462,0.0555555555555556,9.69230769230769,0.48868778280543
"4886",0.838709677419355,0.354626324153784,0.705882352941177,0.883333333333333,0.6,0.952380952380952,0.4,0.0476190476190477,12.6,0.42
"4887",0.838709677419355,0.353640462073634,0.666666666666667,0.858695652173913,0.625,0.91304347826087,0.375,0.0869565217391305,7.1875,0.410714285714286
"4888",0.806451612903226,0.40382504843348,0.75,0.903846153846154,0.692307692307692,0.888888888888889,0.307692307692308,0.111111111111111,6.23076923076923,0.346153846153846
"4889",0.806451612903226,0.38050571274793,0.7,0.868686868686869,0.777777777777778,0.818181818181818,0.222222222222222,0.181818181818182,4.27777777777778,0.271604938271605
"4890",0.870967741935484,0.315789614002387,0.75,0.919642857142857,0.857142857142857,0.875,0.142857142857143,0.125,6.85714285714286,0.163265306122449
"4891",0.774193548387097,0.38181282789314,0.666666666666667,0.909090909090909,0.636363636363636,0.85,0.363636363636364,0.15,4.24242424242424,0.427807486631016
"4892",0.903225806451613,0.330174003416656,0.842105263157895,0.980952380952381,0.8,0.952380952380952,0.2,0.0476190476190477,16.8,0.21
"4893",0.741935483870968,0.434620161794289,0.6,0.777777777777778,0.666666666666667,0.772727272727273,0.333333333333333,0.227272727272727,2.93333333333333,0.431372549019608
"4894",0.774193548387097,0.373007975012535,0.631578947368421,0.906818181818182,0.545454545454545,0.9,0.454545454545455,0.1,5.45454545454546,0.505050505050505
"4895",0.806451612903226,0.387640447159829,0.727272727272727,0.85,0.727272727272727,0.85,0.272727272727273,0.15,4.84848484848485,0.320855614973262
"4896",0.774193548387097,0.399130082374444,0.588235294117647,0.833333333333333,0.714285714285714,0.791666666666667,0.285714285714286,0.208333333333333,3.42857142857143,0.360902255639098
"4897",0.806451612903226,0.403798707420356,0.625,0.845238095238095,0.5,0.952380952380952,0.5,0.0476190476190477,10.5,0.525
"4898",0.838709677419355,0.362558439373505,0.782608695652174,0.888888888888889,0.692307692307692,0.944444444444444,0.307692307692308,0.0555555555555556,12.4615384615385,0.32579185520362
"4899",0.870967741935484,0.305404125343484,0.75,0.921717171717172,0.666666666666667,0.954545454545455,0.333333333333333,0.0454545454545454,14.6666666666667,0.349206349206349
"4900",0.774193548387097,0.422820659090035,0.631578947368421,0.938034188034188,0.461538461538462,1,0.538461538461538,0,Inf,0.538461538461538
"4901",0.903225806451613,0.321869943888716,0.857142857142857,0.968181818181818,0.818181818181818,0.95,0.181818181818182,0.05,16.3636363636363,0.191387559808612
"4902",0.870967741935484,0.327950597555222,0.75,0.839673913043478,0.75,0.91304347826087,0.25,0.0869565217391305,8.62499999999999,0.273809523809524
"4903",0.870967741935484,0.364611622254919,0.75,0.885714285714286,0.6,1,0.4,0,Inf,0.4
"4904",0.870967741935484,0.304360174806638,0.777777777777778,0.966666666666667,0.7,0.952380952380952,0.3,0.0476190476190477,14.7,0.315
"4905",0.838709677419355,0.352889628248428,0.736842105263158,0.904545454545455,0.636363636363636,0.95,0.363636363636364,0.05,12.7272727272727,0.382775119617225
"4906",0.774193548387097,0.416683662155472,0.631578947368421,0.773809523809524,0.6,0.857142857142857,0.4,0.142857142857143,4.2,0.466666666666667
"4907",0.741935483870968,0.417543256486986,0.636363636363636,0.861111111111111,0.538461538461538,0.888888888888889,0.461538461538462,0.111111111111111,4.84615384615384,0.519230769230769
"4908",0.870967741935484,0.315090510542698,0.75,0.945652173913043,0.75,0.91304347826087,0.25,0.0869565217391305,8.62499999999999,0.273809523809524
"4909",0.903225806451613,0.301863521967025,0.842105263157895,0.95959595959596,0.888888888888889,0.909090909090909,0.111111111111111,0.0909090909090909,9.77777777777777,0.122222222222222
"4910",0.709677419354839,0.439070608552269,0.470588235294118,0.722222222222222,0.444444444444444,0.818181818181818,0.555555555555556,0.181818181818182,2.44444444444445,0.679012345679012
"4911",0.67741935483871,0.474830812122517,0.166666666666667,0.755050505050505,0.111111111111111,0.909090909090909,0.888888888888889,0.0909090909090909,1.22222222222222,0.977777777777778
"4912",0.806451612903226,0.364718074051098,0.666666666666667,0.843434343434343,0.666666666666667,0.863636363636364,0.333333333333333,0.136363636363636,4.88888888888889,0.385964912280702
"4913",0.806451612903226,0.32623811419215,0.625,0.910714285714286,0.714285714285714,0.833333333333333,0.285714285714286,0.166666666666667,4.28571428571429,0.342857142857143
"4914",0.838709677419355,0.331447638232471,0.666666666666667,0.96969696969697,0.555555555555556,0.954545454545455,0.444444444444444,0.0454545454545454,12.2222222222222,0.465608465608466
"4915",0.806451612903226,0.318751733207108,0.666666666666667,0.872023809523809,0.857142857142857,0.791666666666667,0.142857142857143,0.208333333333333,4.11428571428571,0.180451127819549
"4916",0.774193548387097,0.400031946258161,0.758620689655172,0.82563025210084,0.785714285714286,0.764705882352941,0.214285714285714,0.235294117647059,3.33928571428571,0.28021978021978
"4917",0.709677419354839,0.431036815185807,0.526315789473684,0.842857142857143,0.5,0.80952380952381,0.5,0.19047619047619,2.625,0.617647058823529
"4918",0.806451612903226,0.388229385789324,0.666666666666667,0.810606060606061,0.666666666666667,0.863636363636364,0.333333333333333,0.136363636363636,4.88888888888889,0.385964912280702
"4919",0.935483870967742,0.288171191315343,0.875,0.940217391304348,0.875,0.956521739130435,0.125,0.0434782608695652,20.125,0.130681818181818
"4920",0.806451612903226,0.410140282221601,0.769230769230769,0.9,0.666666666666667,0.9375,0.333333333333333,0.0625,10.6666666666667,0.355555555555556
"4921",0.967741935483871,0.300145713212448,0.923076923076923,0.988095238095238,0.857142857142857,1,0.142857142857143,0,Inf,0.142857142857143
"4922",0.774193548387097,0.393034653183227,0.72,0.9,0.9,0.714285714285714,0.1,0.285714285714286,3.15,0.14
"4923",0.838709677419355,0.368336778803524,0.666666666666667,0.871212121212121,0.555555555555556,0.954545454545455,0.444444444444444,0.0454545454545454,12.2222222222222,0.465608465608466
"4924",0.838709677419355,0.327839790553318,0.736842105263158,0.926190476190476,0.7,0.904761904761905,0.3,0.0952380952380952,7.35,0.331578947368421
"4925",0.870967741935484,0.318453981639948,0.833333333333333,0.954545454545455,0.909090909090909,0.85,0.0909090909090909,0.15,6.06060606060606,0.106951871657754
"4926",0.709677419354839,0.459714071799215,0.526315789473684,0.756578947368421,0.416666666666667,0.894736842105263,0.583333333333333,0.105263157894737,3.95833333333333,0.651960784313725
"4927",0.838709677419355,0.359480558576984,0.666666666666667,0.891304347826087,0.625,0.91304347826087,0.375,0.0869565217391305,7.1875,0.410714285714286
"4928",0.903225806451613,0.278333746083011,0.769230769230769,0.863095238095238,0.714285714285714,0.958333333333333,0.285714285714286,0.0416666666666666,17.1428571428572,0.298136645962733
"4929",0.741935483870968,0.399090198340629,0.555555555555556,0.809782608695652,0.625,0.782608695652174,0.375,0.217391304347826,2.875,0.479166666666667
"4930",0.838709677419355,0.320887622831289,0.761904761904762,0.897619047619048,0.8,0.857142857142857,0.2,0.142857142857143,5.6,0.233333333333333
"4931",0.709677419354839,0.440112303286905,0.526315789473684,0.808080808080808,0.555555555555556,0.772727272727273,0.444444444444444,0.227272727272727,2.44444444444444,0.57516339869281
"4932",0.838709677419355,0.341563217255412,0.761904761904762,0.929292929292929,0.888888888888889,0.818181818181818,0.111111111111111,0.181818181818182,4.88888888888889,0.135802469135803
"4933",0.935483870967742,0.251171957526536,0.857142857142857,1,1,0.92,0,0.08,12.5,0
"4934",0.806451612903226,0.374825418989806,0.7,0.847619047619048,0.7,0.857142857142857,0.3,0.142857142857143,4.9,0.35
"4935",0.709677419354839,0.474959742078981,0.526315789473684,0.784090909090909,0.454545454545455,0.85,0.545454545454545,0.15,3.03030303030303,0.641711229946524
"4936",0.774193548387097,0.390985975184667,0.631578947368421,0.894736842105263,0.5,0.947368421052632,0.5,0.0526315789473685,9.49999999999999,0.527777777777778
"4937",0.838709677419355,0.376218543707291,0.615384615384615,0.827380952380952,0.571428571428571,0.916666666666667,0.428571428571429,0.0833333333333334,6.85714285714285,0.467532467532468
"4938",0.709677419354839,0.458205214537504,0.526315789473684,0.879385964912281,0.416666666666667,0.894736842105263,0.583333333333333,0.105263157894737,3.95833333333333,0.651960784313725
"4939",0.838709677419355,0.280252999473207,0.705882352941177,0.940217391304348,0.75,0.869565217391304,0.25,0.130434782608696,5.75,0.2875
"4940",0.838709677419355,0.314403462177376,0.666666666666667,0.91304347826087,0.625,0.91304347826087,0.375,0.0869565217391305,7.1875,0.410714285714286
"4941",0.903225806451613,0.286494682616328,0.823529411764706,0.898989898989899,0.777777777777778,0.954545454545455,0.222222222222222,0.0454545454545454,17.1111111111111,0.232804232804233
"4942",0.838709677419355,0.318338470906968,0.666666666666667,0.880434782608696,0.625,0.91304347826087,0.375,0.0869565217391305,7.1875,0.410714285714286
"4943",0.870967741935484,0.364250032600968,0.777777777777778,0.902272727272727,0.636363636363636,1,0.363636363636364,0,Inf,0.363636363636364
"4944",0.741935483870968,0.365261084489577,0.6,0.864130434782609,0.75,0.739130434782609,0.25,0.260869565217391,2.875,0.338235294117647
"4945",0.838709677419355,0.333123000807956,0.615384615384615,0.81547619047619,0.571428571428571,0.916666666666667,0.428571428571429,0.0833333333333334,6.85714285714285,0.467532467532468
"4946",0.838709677419355,0.328466101877675,0.705882352941177,0.923913043478261,0.75,0.869565217391304,0.25,0.130434782608696,5.75,0.2875
"4947",0.870967741935484,0.295333717183125,0.666666666666667,0.933333333333333,0.666666666666667,0.92,0.333333333333333,0.08,8.33333333333334,0.36231884057971
"4948",0.806451612903226,0.373185952800007,0.727272727272727,0.852272727272727,0.727272727272727,0.85,0.272727272727273,0.15,4.84848484848485,0.320855614973262
"4949",0.67741935483871,0.472229674530206,0.583333333333333,0.80982905982906,0.538461538461538,0.777777777777778,0.461538461538462,0.222222222222222,2.42307692307692,0.593406593406593
"4950",0.838709677419355,0.37540778728022,0.615384615384615,0.790760869565217,0.5,0.956521739130435,0.5,0.0434782608695652,11.5,0.522727272727273
"4951",0.774193548387097,0.386640866393453,0.631578947368421,0.78804347826087,0.75,0.782608695652174,0.25,0.217391304347826,3.45,0.319444444444444
"4952",0.806451612903226,0.378301000979227,0.625,0.893939393939394,0.555555555555556,0.909090909090909,0.444444444444444,0.0909090909090909,6.11111111111111,0.488888888888889
"4953",0.870967741935484,0.294986047971103,0.8,0.967171717171717,0.888888888888889,0.863636363636364,0.111111111111111,0.136363636363636,6.51851851851852,0.128654970760234
"4954",0.774193548387097,0.324771873369917,0.461538461538462,0.876666666666667,0.5,0.84,0.5,0.16,3.125,0.595238095238095
"4955",0.806451612903226,0.366844947344376,0.625,0.876262626262626,0.555555555555556,0.909090909090909,0.444444444444444,0.0909090909090909,6.11111111111111,0.488888888888889
"4956",0.774193548387097,0.393364240937122,0.666666666666667,0.790909090909091,0.636363636363636,0.85,0.363636363636364,0.15,4.24242424242424,0.427807486631016
"4957",0.838709677419355,0.320378764989417,0.705882352941177,0.954545454545455,0.666666666666667,0.909090909090909,0.333333333333333,0.0909090909090909,7.33333333333333,0.366666666666667
"4958",0.838709677419355,0.382265822819029,0.666666666666667,0.928571428571429,0.5,1,0.5,0,Inf,0.5
"4959",0.774193548387097,0.385461853935152,0.695652173913043,0.901709401709402,0.615384615384615,0.888888888888889,0.384615384615385,0.111111111111111,5.53846153846154,0.432692307692308
"4960",0.838709677419355,0.380127704032042,0.615384615384615,0.777173913043478,0.5,0.956521739130435,0.5,0.0434782608695652,11.5,0.522727272727273
"4961",0.741935483870968,0.366176733886423,0.555555555555556,0.913333333333333,0.833333333333333,0.72,0.166666666666667,0.28,2.97619047619048,0.231481481481481
"4962",0.806451612903226,0.412531401136527,0.727272727272727,0.868421052631579,0.666666666666667,0.894736842105263,0.333333333333333,0.105263157894737,6.33333333333333,0.372549019607843
"4963",0.806451612903226,0.377767488910358,0.666666666666667,0.866666666666667,0.6,0.904761904761905,0.4,0.0952380952380952,6.3,0.442105263157895
"4964",0.774193548387097,0.357601697613558,0.533333333333333,0.88,0.666666666666667,0.8,0.333333333333333,0.2,3.33333333333333,0.416666666666667
"4965",0.806451612903226,0.353292062240932,0.625,0.851190476190476,0.714285714285714,0.833333333333333,0.285714285714286,0.166666666666667,4.28571428571429,0.342857142857143
"4966",0.774193548387097,0.377912685555313,0.666666666666667,0.905701754385965,0.583333333333333,0.894736842105263,0.416666666666667,0.105263157894737,5.54166666666667,0.465686274509804
"4967",0.870967741935484,0.31002898651106,0.818181818181818,0.942857142857143,0.9,0.857142857142857,0.1,0.142857142857143,6.3,0.116666666666667
"4968",0.709677419354839,0.431182752871308,0.571428571428571,0.787878787878788,0.666666666666667,0.727272727272727,0.333333333333333,0.272727272727273,2.44444444444444,0.458333333333333
"4969",0.870967741935484,0.291960904928223,0.8,0.954545454545455,0.888888888888889,0.863636363636364,0.111111111111111,0.136363636363636,6.51851851851852,0.128654970760234
"4970",0.870967741935484,0.327362764715611,0.714285714285714,0.839285714285714,0.714285714285714,0.916666666666667,0.285714285714286,0.0833333333333334,8.57142857142857,0.311688311688312
"4971",0.806451612903226,0.304662509935203,0.571428571428571,0.923076923076923,0.8,0.807692307692308,0.2,0.192307692307692,4.16,0.247619047619048
"4972",0.870967741935484,0.276920299702482,0.666666666666667,0.981481481481482,1,0.851851851851852,0,0.148148148148148,6.75,0
"4973",0.709677419354839,0.434809038389124,0.470588235294118,0.720238095238095,0.571428571428571,0.75,0.428571428571429,0.25,2.28571428571429,0.571428571428572
"4974",0.838709677419355,0.326799733391703,0.666666666666667,0.830357142857143,0.714285714285714,0.875,0.285714285714286,0.125,5.71428571428571,0.326530612244898
"4975",0.870967741935484,0.284074214272173,0.75,0.934782608695652,0.75,0.91304347826087,0.25,0.0869565217391305,8.62499999999999,0.273809523809524
"4976",0.806451612903226,0.371261553270689,0.75,0.876068376068376,0.692307692307692,0.888888888888889,0.307692307692308,0.111111111111111,6.23076923076923,0.346153846153846
"4977",0.806451612903226,0.347155353521885,0.7,0.876190476190476,0.7,0.857142857142857,0.3,0.142857142857143,4.9,0.35
"4978",0.774193548387097,0.352938369360452,0.533333333333333,0.807065217391304,0.5,0.869565217391304,0.5,0.130434782608696,3.83333333333333,0.575
"4979",0.774193548387097,0.382034407138857,0.631578947368421,0.897619047619048,0.6,0.857142857142857,0.4,0.142857142857143,4.2,0.466666666666667
"4980",0.870967741935484,0.32342883443852,0.714285714285714,0.922619047619048,0.714285714285714,0.916666666666667,0.285714285714286,0.0833333333333334,8.57142857142857,0.311688311688312
"4981",0.838709677419355,0.363509967246336,0.736842105263158,0.892543859649123,0.583333333333333,1,0.416666666666667,0,Inf,0.416666666666667
"4982",0.806451612903226,0.355105122829399,0.7,0.907142857142857,0.7,0.857142857142857,0.3,0.142857142857143,4.9,0.35
"4983",0.741935483870968,0.403690606803463,0.5,0.922727272727273,0.363636363636364,0.95,0.636363636363636,0.05,7.27272727272727,0.669856459330144
"4984",0.838709677419355,0.304788680716959,0.736842105263158,0.957070707070707,0.777777777777778,0.863636363636364,0.222222222222222,0.136363636363636,5.7037037037037,0.257309941520468
"4985",0.806451612903226,0.381865196898842,0.666666666666667,0.865909090909091,0.545454545454545,0.95,0.454545454545455,0.05,10.9090909090909,0.478468899521531
"4986",0.838709677419355,0.333674306808661,0.736842105263158,0.906565656565657,0.777777777777778,0.863636363636364,0.222222222222222,0.136363636363636,5.7037037037037,0.257309941520468
"4987",0.806451612903226,0.385031499156621,0.7,0.814285714285714,0.7,0.857142857142857,0.3,0.142857142857143,4.9,0.35
"4988",0.838709677419355,0.329922685387473,0.705882352941177,0.885869565217391,0.75,0.869565217391304,0.25,0.130434782608696,5.75,0.2875
"4989",0.870967741935484,0.255169205995733,0.777777777777778,0.96195652173913,0.875,0.869565217391304,0.125,0.130434782608696,6.70833333333333,0.14375
"4990",0.838709677419355,0.353336029330539,0.761904761904762,0.922727272727273,0.727272727272727,0.9,0.272727272727273,0.1,7.27272727272727,0.303030303030303
"4991",0.838709677419355,0.308140641513325,0.545454545454545,0.811538461538462,0.6,0.884615384615385,0.4,0.115384615384615,5.2,0.452173913043478
"4992",0.709677419354839,0.46846947139883,0.4,0.780952380952381,0.3,0.904761904761905,0.7,0.0952380952380952,3.15,0.773684210526316
"4993",0.774193548387097,0.382928458144806,0.666666666666667,0.907894736842105,0.583333333333333,0.894736842105263,0.416666666666667,0.105263157894737,5.54166666666667,0.465686274509804
"4994",0.935483870967742,0.264250420376518,0.875,0.976190476190476,1,0.916666666666667,0,0.0833333333333334,12,0
"4995",0.741935483870968,0.422611561980222,0.428571428571429,0.817934782608696,0.375,0.869565217391304,0.625,0.130434782608696,2.875,0.71875
"4996",0.806451612903226,0.388692447590169,0.7,0.877272727272727,0.636363636363636,0.9,0.363636363636364,0.1,6.36363636363637,0.404040404040404
"4997",0.806451612903226,0.354704673190769,0.571428571428571,0.89945652173913,0.5,0.91304347826087,0.5,0.0869565217391305,5.75,0.547619047619048
"4998",0.903225806451613,0.298127298359813,0.769230769230769,0.95,0.833333333333333,0.92,0.166666666666667,0.08,10.4166666666667,0.181159420289855
"4999",0.774193548387097,0.406193302677826,0.695652173913043,0.85,0.727272727272727,0.8,0.272727272727273,0.2,3.63636363636364,0.340909090909091
"5000",0.838709677419355,0.377299583235986,0.761904761904762,0.913636363636364,0.727272727272727,0.9,0.272727272727273,0.1,7.27272727272727,0.303030303030303
