"","optimal_cutoff","optimal_SUVcutoff","acc","rmse","f1","auc","sens","spec","fnr","fpr","plr","nlr"
"1",0.2525,7.53053848801145,0.8,0.434639259110646,0.75,0.784688995215311,0.818181818181818,0.789473684210526,0.181818181818182,0.210526315789474,3.88636363636364,0.23030303030303
"2",0.4935,8.50174697896987,0.766666666666667,0.42884744822724,0.666666666666667,0.832386363636364,0.875,0.727272727272727,0.125,0.272727272727273,3.20833333333333,0.171875
"3",0.39,9.50638546763787,0.866666666666667,0.386360950086951,0.8,0.92,0.8,0.9,0.2,0.1,8,0.222222222222222
"4",0.2275,6.51328377033512,0.8,0.4042733760287,0.769230769230769,0.911483253588517,0.909090909090909,0.736842105263158,0.0909090909090909,0.263157894736842,3.45454545454545,0.123376623376623
"5",0.291,7.65942951395013,0.733333333333333,0.402245794612823,0.666666666666667,0.78,0.8,0.7,0.2,0.3,2.66666666666667,0.285714285714286
"6",0.3385,9.04138141944265,0.833333333333333,0.420285195390703,0.736842105263158,0.803827751196172,0.636363636363636,0.947368421052632,0.363636363636364,0.0526315789473685,12.0909090909091,0.383838383838384
"7",0.2415,7.13425829826897,0.666666666666667,0.448079502367195,0.666666666666667,0.775462962962963,0.833333333333333,0.555555555555556,0.166666666666667,0.444444444444444,1.875,0.3
"8",0.293,7.51217607153208,0.833333333333333,0.392419868675851,0.705882352941177,0.792613636363636,0.75,0.863636363636364,0.25,0.136363636363636,5.5,0.289473684210526
"9",0.2965,7.53157219752761,0.7,0.461732668861728,0.571428571428571,0.693181818181818,0.75,0.681818181818182,0.25,0.318181818181818,2.35714285714286,0.366666666666667
"10",0.414,9.01978192973131,0.9,0.34131061891295,0.727272727272727,0.854166666666667,0.666666666666667,0.958333333333333,0.333333333333333,0.0416666666666666,16,0.347826086956522
"11",0.232,7.52459148438705,0.866666666666667,0.454033699701485,0.818181818181818,0.849537037037037,0.75,0.944444444444444,0.25,0.0555555555555556,13.5,0.264705882352941
"12",0.297,7.52249217027929,0.833333333333333,0.362170209669726,0.705882352941177,0.816770186335404,0.857142857142857,0.826086956521739,0.142857142857143,0.173913043478261,4.92857142857143,0.172932330827068
"13",0.289,7.51494051848662,0.766666666666667,0.400207332200143,0.666666666666667,0.785714285714286,0.777777777777778,0.761904761904762,0.222222222222222,0.238095238095238,3.26666666666667,0.291666666666667
"14",0.2405,7.08212128118874,0.766666666666667,0.431988495799198,0.666666666666667,0.755,0.7,0.8,0.3,0.2,3.5,0.375
"15",0.241,6.5200077385347,0.833333333333333,0.382092451936977,0.761904761904762,0.867724867724868,0.888888888888889,0.80952380952381,0.111111111111111,0.19047619047619,4.66666666666667,0.137254901960784
"16",0.818,10.4435914594058,0.8,0.476204257399334,0.571428571428571,0.68944099378882,0.571428571428571,0.869565217391304,0.428571428571429,0.130434782608696,4.38095238095238,0.492857142857143
"17",0.3235,7.51407034249467,0.9,0.339442693099854,0.823529411764706,0.950310559006211,1,0.869565217391304,0,0.130434782608696,7.66666666666667,0
"18",0.286,7.52959319602327,0.866666666666667,0.397445695444079,0.8,0.80952380952381,0.888888888888889,0.857142857142857,0.111111111111111,0.142857142857143,6.22222222222222,0.12962962962963
"19",0.3405,8.50415806071401,0.9,0.35711146941735,0.823529411764706,0.928571428571429,0.777777777777778,0.952380952380952,0.222222222222222,0.0476190476190477,16.3333333333333,0.233333333333333
"20",0.2945,7.50775490374057,0.8,0.38430154311192,0.75,0.8725,0.9,0.75,0.1,0.25,3.6,0.133333333333333
"21",0.5965,9.48365654151771,0.733333333333333,0.483311814276825,0.5,0.624338624338624,0.444444444444444,0.857142857142857,0.555555555555556,0.142857142857143,3.11111111111111,0.648148148148148
"22",0.27,7.51021644504336,0.866666666666667,0.396312683369653,0.8,0.9025,0.8,0.9,0.2,0.1,8,0.222222222222222
"23",0.4055,8.55873401465119,0.866666666666667,0.336388954616198,0.666666666666667,0.932,0.8,0.88,0.2,0.12,6.66666666666667,0.227272727272727
"24",0.264,6.51993472451676,0.8,0.364391375939878,0.727272727272727,0.883522727272727,1,0.727272727272727,0,0.272727272727273,3.66666666666667,0
"25",0.2945,7.53101993993175,0.733333333333333,0.430790401254875,0.6,0.736024844720497,0.857142857142857,0.695652173913043,0.142857142857143,0.304347826086957,2.81632653061224,0.205357142857143
"26",0.287,7.51599676045104,0.766666666666667,0.397320009897491,0.631578947368421,0.796296296296296,0.666666666666667,0.80952380952381,0.333333333333333,0.19047619047619,3.5,0.411764705882353
"27",0.2815,7.517702625797,0.733333333333333,0.440089896108133,0.6,0.698412698412698,0.666666666666667,0.761904761904762,0.333333333333333,0.238095238095238,2.8,0.4375
"28",0.2725,7.52120395855387,0.7,0.451204586026047,0.666666666666667,0.696172248803828,0.818181818181818,0.631578947368421,0.181818181818182,0.368421052631579,2.22077922077922,0.287878787878788
"29",0.2825,7.5142230532933,0.766666666666667,0.406072128801042,0.631578947368421,0.748677248677249,0.666666666666667,0.80952380952381,0.333333333333333,0.19047619047619,3.5,0.411764705882353
"30",0.278,7.52619000769297,0.833333333333333,0.376380002197626,0.782608695652174,0.9,0.9,0.8,0.1,0.2,4.5,0.125
"31",0.232,7.06295044897499,0.866666666666667,0.441935978750028,0.866666666666667,0.900452488687783,1,0.764705882352941,0,0.235294117647059,4.25,0
"32",0.1915,6.5408001088354,0.766666666666667,0.407840917369071,0.695652173913043,0.80952380952381,0.888888888888889,0.714285714285714,0.111111111111111,0.285714285714286,3.11111111111111,0.155555555555556
"33",0.4475,9.50534146455423,0.833333333333333,0.367732105036762,0.615384615384615,0.826086956521739,0.571428571428571,0.91304347826087,0.428571428571429,0.0869565217391305,6.57142857142857,0.469387755102041
"34",0.2985,7.50642702465606,0.833333333333333,0.375667436507406,0.761904761904762,0.896825396825397,0.888888888888889,0.80952380952381,0.111111111111111,0.19047619047619,4.66666666666667,0.137254901960784
"35",0.3315,8.09073033538884,0.833333333333333,0.386687299957897,0.736842105263158,0.785,0.7,0.9,0.3,0.1,7,0.333333333333333
"36",0.2755,7.50823887365746,0.866666666666667,0.402178598292903,0.818181818181818,0.9125,0.9,0.85,0.1,0.15,6,0.117647058823529
"37",0.4455,8.50923210326419,0.866666666666667,0.366684596606329,0.75,0.87888198757764,0.857142857142857,0.869565217391304,0.142857142857143,0.130434782608696,6.57142857142857,0.164285714285714
"38",0.3325,8.50508030036298,0.866666666666667,0.390254891773876,0.8,0.84,0.8,0.9,0.2,0.1,8,0.222222222222222
"39",0.31,7.51534559425504,0.833333333333333,0.36416672445507,0.736842105263158,0.900568181818182,0.875,0.818181818181818,0.125,0.181818181818182,4.8125,0.152777777777778
"40",0.3955,9.50597655423119,0.9,0.374454033219005,0.857142857142857,0.9275,0.9,0.9,0.1,0.1,9,0.111111111111111
"41",0.2005,6.54246293918741,0.7,0.426451852990719,0.608695652173913,0.764204545454545,0.875,0.636363636363636,0.125,0.363636363636364,2.40625,0.196428571428571
"42",0.253,7.51525161660587,0.933333333333333,0.434948809746881,0.928571428571429,0.923076923076923,1,0.882352941176471,0,0.117647058823529,8.5,0
"43",0.1785,6.52311379024669,0.8,0.499499334090403,0.8125,0.870535714285714,0.928571428571429,0.6875,0.0714285714285714,0.3125,2.97142857142857,0.103896103896104
"44",0.234,7.12800322519003,0.8,0.41603345486459,0.769230769230769,0.839712918660287,0.909090909090909,0.736842105263158,0.0909090909090909,0.263157894736842,3.45454545454545,0.123376623376623
"45",0.472,8.50316541062944,0.866666666666667,0.363354644634502,0.75,0.899305555555556,1,0.833333333333333,0,0.166666666666667,6,0
"46",0.482,9.50366550490089,0.833333333333333,0.364515334238124,0.666666666666667,0.822916666666667,0.833333333333333,0.833333333333333,0.166666666666667,0.166666666666667,5,0.2
"47",0.187,6.54613863631943,0.766666666666667,0.40840700564318,0.666666666666667,0.784090909090909,0.875,0.727272727272727,0.125,0.272727272727273,3.20833333333333,0.171875
"48",0.3115,7.52278323848979,0.766666666666667,0.417768048018004,0.631578947368421,0.788819875776397,0.857142857142857,0.739130434782609,0.142857142857143,0.260869565217391,3.28571428571429,0.19327731092437
"49",0.2325,6.5156736682957,0.7,0.401497318910879,0.571428571428571,0.75,0.75,0.681818181818182,0.25,0.318181818181818,2.35714285714286,0.366666666666667
"50",0.5,10.0020995106228,0.866666666666667,0.355313668245234,0.6,0.788194444444445,0.5,0.958333333333333,0.5,0.0416666666666666,12,0.521739130434783
"51",0.311,7.50949008158622,0.8,0.378682955908274,0.666666666666667,0.8125,0.75,0.818181818181818,0.25,0.181818181818182,4.125,0.305555555555556
"52",0.433,8.5141667366231,0.7,0.501068847306508,0.64,0.680555555555556,0.666666666666667,0.722222222222222,0.333333333333333,0.277777777777778,2.4,0.461538461538462
"53",0.206,7.52809185709789,0.8,0.52024114840311,0.823529411764706,0.816964285714286,0.875,0.714285714285714,0.125,0.285714285714286,3.0625,0.175
"54",0.1685,5.53119844790596,0.8,0.439846952561114,0.785714285714286,0.872685185185185,0.916666666666667,0.722222222222222,0.0833333333333334,0.277777777777778,3.3,0.115384615384615
"55",0.3675,8.51253249819153,0.766666666666667,0.39132058486528,0.588235294117647,0.806818181818182,0.625,0.818181818181818,0.375,0.181818181818182,3.4375,0.458333333333333
"56",0.457,9.50186878042765,0.866666666666667,0.34095045110569,0.666666666666667,0.902777777777778,0.666666666666667,0.916666666666667,0.333333333333333,0.0833333333333334,8,0.363636363636364
"57",0.2825,7.50416747212639,0.833333333333333,0.394545837059322,0.8,0.868421052631579,0.909090909090909,0.789473684210526,0.0909090909090909,0.210526315789474,4.31818181818182,0.115151515151515
"58",0.2015,6.51839130442855,0.766666666666667,0.45107323467445,0.740740740740741,0.793981481481482,0.833333333333333,0.722222222222222,0.166666666666667,0.277777777777778,3,0.230769230769231
"59",0.3025,7.51160183735212,0.8,0.387027760102047,0.7,0.826704545454546,0.875,0.772727272727273,0.125,0.227272727272727,3.85,0.161764705882353
"60",0.291,7.52028297564201,0.833333333333333,0.37612397600262,0.8,0.8875,1,0.75,0,0.25,4,0
"61",0.2435,7.53464257208604,0.833333333333333,0.431369795036642,0.736842105263158,0.76984126984127,0.777777777777778,0.857142857142857,0.222222222222222,0.142857142857143,5.44444444444444,0.259259259259259
"62",0.2155,7.07207367519521,0.833333333333333,0.444693353557711,0.782608695652174,0.861111111111111,0.75,0.888888888888889,0.25,0.111111111111111,6.75,0.28125
"63",0.25,7.5382760942488,0.7,0.471702770103356,0.64,0.722488038277512,0.727272727272727,0.684210526315789,0.272727272727273,0.315789473684211,2.3030303030303,0.398601398601399
"64",0.3995,7.70794793626541,0.8,0.384735980487708,0.571428571428571,0.894230769230769,1,0.769230769230769,0,0.230769230769231,4.33333333333333,0
"65",0.2035,7.15691560811808,0.733333333333333,0.45462425863087,0.666666666666667,0.763157894736842,0.727272727272727,0.736842105263158,0.272727272727273,0.263157894736842,2.76363636363636,0.37012987012987
"66",0.4125,8.54670686540252,0.866666666666667,0.334086226075981,0.666666666666667,0.924,0.8,0.88,0.2,0.12,6.66666666666667,0.227272727272727
"67",0.301,7.5321395200954,0.7,0.441400779909513,0.64,0.7625,0.8,0.65,0.2,0.35,2.28571428571429,0.307692307692308
"68",0.2935,7.52382167562588,0.8,0.376275964252369,0.75,0.855,0.9,0.75,0.1,0.25,3.6,0.133333333333333
"69",0.307,7.51989332513821,0.833333333333333,0.374729429556488,0.705882352941177,0.863354037267081,0.857142857142857,0.826086956521739,0.142857142857143,0.173913043478261,4.92857142857143,0.172932330827068
"70",0.3485,7.5179338542133,0.766666666666667,0.391758892348285,0.631578947368421,0.854166666666667,1,0.708333333333333,0,0.291666666666667,3.42857142857143,0
"71",0.7085,12.9490932415044,0.9,0.34513836396703,0.571428571428571,0.876,0.4,1,0.6,0,Inf,0.6
"72",0.474,10.4992006905057,0.933333333333333,0.335567593820167,0.833333333333333,0.903726708074534,0.714285714285714,1,0.285714285714286,0,Inf,0.285714285714286
"73",0.352,8.51093867608604,0.866666666666667,0.37581687683096,0.777777777777778,0.857142857142857,0.777777777777778,0.904761904761905,0.222222222222222,0.0952380952380952,8.16666666666667,0.245614035087719
"74",0.248,6.50769976974105,0.833333333333333,0.367641239405022,0.736842105263158,0.835227272727273,0.875,0.818181818181818,0.125,0.181818181818182,4.8125,0.152777777777778
"75",0.285,7.5191198743154,0.733333333333333,0.410355598150878,0.555555555555556,0.758522727272727,0.625,0.772727272727273,0.375,0.227272727272727,2.75,0.485294117647059
"76",0.28,7.52942110497583,0.766666666666667,0.407673701341493,0.695652173913043,0.8175,0.8,0.75,0.2,0.25,3.2,0.266666666666667
"77",0.235,7.53229634703523,0.866666666666667,0.446670323647023,0.866666666666667,0.891402714932127,1,0.764705882352941,0,0.235294117647059,4.25,0
"78",0.2655,7.51822738676405,0.8,0.422558817934903,0.75,0.803827751196172,0.818181818181818,0.789473684210526,0.181818181818182,0.210526315789474,3.88636363636364,0.23030303030303
"79",0.095,5.56836120308907,0.566666666666667,0.488485495537799,0.518518518518518,0.678977272727273,0.875,0.454545454545455,0.125,0.545454545454545,1.60416666666667,0.275
"80",0.22,6.52409483815269,0.8,0.42721802136643,0.769230769230769,0.827751196172249,0.909090909090909,0.736842105263158,0.0909090909090909,0.263157894736842,3.45454545454545,0.123376623376623
"81",0.2435,7.14911142956555,0.7,0.43399451011852,0.571428571428571,0.698863636363636,0.75,0.681818181818182,0.25,0.318181818181818,2.35714285714286,0.366666666666667
"82",0.325,7.50724273525362,0.833333333333333,0.351866193889333,0.736842105263158,0.925465838509317,1,0.782608695652174,0,0.217391304347826,4.6,0
"83",0.2965,7.51834190146129,0.833333333333333,0.398926580006393,0.736842105263158,0.772727272727273,0.875,0.818181818181818,0.125,0.181818181818182,4.8125,0.152777777777778
"84",0.2585,7.51413918217218,0.766666666666667,0.432480971118406,0.72,0.77511961722488,0.818181818181818,0.736842105263158,0.181818181818182,0.263157894736842,3.10909090909091,0.246753246753247
"85",0.2915,7.52249748945615,0.666666666666667,0.430719058860459,0.5,0.636363636363636,0.625,0.681818181818182,0.375,0.318181818181818,1.96428571428571,0.55
"86",0.284,7.52611933190278,0.8,0.405423008101802,0.7,0.759259259259259,0.777777777777778,0.80952380952381,0.222222222222222,0.19047619047619,4.08333333333333,0.274509803921569
"87",0.045,3.53675716060821,0.533333333333333,0.555775652984547,0.681818181818182,0.633333333333333,1,0.0666666666666667,0,0.933333333333333,1.07142857142857,0
"88",0.2785,7.51398955564992,0.833333333333333,0.383511094484802,0.736842105263158,0.894179894179894,0.777777777777778,0.857142857142857,0.222222222222222,0.142857142857143,5.44444444444444,0.259259259259259
"89",0.41,8.50467733976771,0.766666666666667,0.38793474075223,0.533333333333333,0.756944444444444,0.666666666666667,0.791666666666667,0.333333333333333,0.208333333333333,3.2,0.421052631578947
"90",0.277,7.06025862410197,0.833333333333333,0.377860931565056,0.736842105263158,0.880681818181818,0.875,0.818181818181818,0.125,0.181818181818182,4.8125,0.152777777777778
"91",0.096,5.56778574510539,0.566666666666667,0.500716386722715,0.606060606060606,0.657894736842105,0.909090909090909,0.368421052631579,0.0909090909090909,0.631578947368421,1.43939393939394,0.246753246753247
"92",0.259,7.52415771589485,0.8,0.420644840629685,0.769230769230769,0.835648148148148,0.833333333333333,0.777777777777778,0.166666666666667,0.222222222222222,3.75,0.214285714285714
"93",0.265,7.50785944013228,0.933333333333333,0.405215108940214,0.909090909090909,0.904306220095694,0.909090909090909,0.947368421052632,0.0909090909090909,0.0526315789473685,17.2727272727273,0.095959595959596
"94",0.2985,8.05069041099505,0.866666666666667,0.401383897778859,0.8,0.899521531100478,0.727272727272727,0.947368421052632,0.272727272727273,0.0526315789473685,13.8181818181818,0.287878787878788
"95",0.4905,9.50287026395769,0.9,0.350254491036879,0.823529411764706,0.904761904761905,0.777777777777778,0.952380952380952,0.222222222222222,0.0476190476190477,16.3333333333333,0.233333333333333
"96",0.428,9.51102164965327,0.833333333333333,0.384836756882299,0.705882352941177,0.82010582010582,0.666666666666667,0.904761904761905,0.333333333333333,0.0952380952380952,7,0.368421052631579
"97",0.3035,7.5085969167901,0.833333333333333,0.37544905051528,0.761904761904762,0.878306878306878,0.888888888888889,0.80952380952381,0.111111111111111,0.19047619047619,4.66666666666667,0.137254901960784
"98",0.2965,7.5202188973261,0.766666666666667,0.414065293881071,0.740740740740741,0.784688995215311,0.909090909090909,0.684210526315789,0.0909090909090909,0.315789473684211,2.87878787878788,0.132867132867133
"99",0.3095,8.51655327847738,0.866666666666667,0.409325945096983,0.818181818181818,0.858796296296296,0.75,0.944444444444444,0.25,0.0555555555555556,13.5,0.264705882352941
"100",0.519,10.4982537096564,0.9,0.351970943000938,0.823529411764706,0.923295454545455,0.875,0.909090909090909,0.125,0.0909090909090909,9.625,0.1375
"101",0.2745,7.5186381232308,0.866666666666667,0.408503807385487,0.846153846153846,0.894736842105263,1,0.789473684210526,0,0.210526315789474,4.75,0
"102",0.5045,10.4976366811813,0.933333333333333,0.332181386804811,0.8,0.951388888888889,0.666666666666667,1,0.333333333333333,0,Inf,0.333333333333333
"103",0.2795,7.5104842025693,0.8,0.402872864664015,0.75,0.8525,0.9,0.75,0.1,0.25,3.6,0.133333333333333
"104",0.2715,7.51253006384485,0.866666666666667,0.401654250550226,0.818181818181818,0.849282296650718,0.818181818181818,0.894736842105263,0.181818181818182,0.105263157894737,7.77272727272727,0.203208556149733
"105",0.3275,7.51518015142149,0.8,0.389329103221225,0.666666666666667,0.770186335403727,0.857142857142857,0.782608695652174,0.142857142857143,0.217391304347826,3.94285714285714,0.182539682539683
"106",0.254,6.51574950445779,0.733333333333333,0.383644982319442,0.666666666666667,0.832386363636364,1,0.636363636363636,0,0.363636363636364,2.75,0
"107",0.6375,9.47405395145568,0.766666666666667,0.464164438813684,0.588235294117647,0.721590909090909,0.625,0.818181818181818,0.375,0.181818181818182,3.4375,0.458333333333333
"108",0.273,7.5072825242949,0.866666666666667,0.3936296848589,0.833333333333333,0.91866028708134,0.909090909090909,0.842105263157895,0.0909090909090909,0.157894736842105,5.75757575757576,0.107954545454545
"109",0.225,6.52385299909982,0.7,0.410103441658945,0.608695652173913,0.793650793650794,0.777777777777778,0.666666666666667,0.222222222222222,0.333333333333333,2.33333333333333,0.333333333333333
"110",0.2935,7.50851575348317,0.766666666666667,0.390282830642776,0.758620689655172,0.88755980861244,1,0.631578947368421,0,0.368421052631579,2.71428571428571,0
"111",0.2785,6.51673414507915,0.9,0.341722172440351,0.8,0.923611111111111,1,0.875,0,0.125,8,0
"112",0.4055,9.02594149759449,0.833333333333333,0.368918668143507,0.705882352941177,0.883522727272727,0.75,0.863636363636364,0.25,0.136363636363636,5.5,0.289473684210526
"113",0.289,7.51664780994872,0.866666666666667,0.389241758915563,0.8,0.841269841269841,0.888888888888889,0.857142857142857,0.111111111111111,0.142857142857143,6.22222222222222,0.12962962962963
"114",0.45,9.50945589799591,0.866666666666667,0.368630891949882,0.666666666666667,0.754658385093168,0.571428571428571,0.956521739130435,0.428571428571429,0.0434782608695652,13.1428571428572,0.448051948051948
"115",0.318,7.5120680026474,0.733333333333333,0.385024540049154,0.636363636363636,0.821022727272727,0.875,0.681818181818182,0.125,0.318181818181818,2.75,0.183333333333333
"116",0.28,7.52460916269648,0.833333333333333,0.400731389911853,0.782608695652174,0.8575,0.9,0.8,0.1,0.2,4.5,0.125
"117",0.343,7.52292223359704,0.8,0.400592907424783,0.75,0.857142857142857,1,0.714285714285714,0,0.285714285714286,3.5,0
"118",0.324,7.51075426907089,0.8,0.379087793565487,0.666666666666667,0.838509316770186,0.857142857142857,0.782608695652174,0.142857142857143,0.217391304347826,3.94285714285714,0.182539682539683
"119",0.251,7.09611279991955,0.866666666666667,0.360407476278252,0.846153846153846,0.909090909090909,1,0.789473684210526,0,0.210526315789474,4.75,0
"120",0.565,10.4899141136744,0.9,0.349927612836529,0.571428571428571,0.855769230769231,0.5,0.961538461538462,0.5,0.0384615384615384,13,0.52
"121",0.5575,9.49024468054878,0.733333333333333,0.457957950870793,0.666666666666667,0.75,0.666666666666667,0.777777777777778,0.333333333333333,0.222222222222222,3,0.428571428571429
"122",0.2485,7.13534451520892,0.766666666666667,0.418933305998347,0.72,0.83,0.9,0.7,0.1,0.3,3,0.142857142857143
"123",0.2845,7.5210614599717,0.833333333333333,0.386508691262815,0.736842105263158,0.812169312169312,0.777777777777778,0.857142857142857,0.222222222222222,0.142857142857143,5.44444444444444,0.259259259259259
"124",0.293,7.51038444135265,0.8,0.384900084123606,0.75,0.9,0.9,0.75,0.1,0.25,3.6,0.133333333333333
"125",0.475,9.50270423149352,0.866666666666667,0.374618290563743,0.833333333333333,0.891203703703704,0.833333333333333,0.888888888888889,0.166666666666667,0.111111111111111,7.5,0.1875
"126",0.667,9.15470811831052,0.733333333333333,0.530377532260836,0.333333333333333,0.46875,0.333333333333333,0.833333333333333,0.666666666666667,0.166666666666667,2,0.8
"127",0.184,6.55146776693745,0.7,0.465170496506202,0.709677419354839,0.743055555555556,0.916666666666667,0.555555555555556,0.0833333333333334,0.444444444444444,2.0625,0.15
"128",0.2175,6.51949574448061,0.8,0.403653964653655,0.727272727272727,0.805,0.8,0.8,0.2,0.2,4,0.25
"129",0.353,8.51287659044586,0.833333333333333,0.397094651641811,0.705882352941177,0.783068783068783,0.666666666666667,0.904761904761905,0.333333333333333,0.0952380952380952,7,0.368421052631579
"130",0.2955,7.51271141772969,0.8,0.396759173763622,0.727272727272727,0.822751322751323,0.888888888888889,0.761904761904762,0.111111111111111,0.238095238095238,3.73333333333333,0.145833333333333
"131",0.32,7.51446211184892,0.866666666666667,0.34988829824674,0.777777777777778,0.93167701863354,1,0.826086956521739,0,0.173913043478261,5.75,0
"132",0.443,9.50644662228277,0.766666666666667,0.41129679151136,0.588235294117647,0.761904761904762,0.555555555555556,0.857142857142857,0.444444444444444,0.142857142857143,3.88888888888889,0.518518518518518
"133",0.32,7.51504713270192,0.866666666666667,0.350309280524423,0.777777777777778,0.925465838509317,1,0.826086956521739,0,0.173913043478261,5.75,0
"134",0.253,7.52014716700741,0.866666666666667,0.428576803465002,0.833333333333333,0.889952153110048,0.909090909090909,0.842105263157895,0.0909090909090909,0.157894736842105,5.75757575757576,0.107954545454545
"135",0.4435,9.5011508798765,0.833333333333333,0.365714522214828,0.666666666666667,0.857954545454545,0.625,0.909090909090909,0.375,0.0909090909090909,6.875,0.4125
"136",0.2755,7.5146938692973,0.8,0.408009081349626,0.75,0.834928229665072,0.818181818181818,0.789473684210526,0.181818181818182,0.210526315789474,3.88636363636364,0.23030303030303
"137",0.4565,10.0736256514225,0.866666666666667,0.355859653431078,0.666666666666667,0.866477272727273,0.5,1,0.5,0,Inf,0.5
"138",0.2845,7.50964443905724,0.9,0.381851946571533,0.842105263157895,0.957671957671958,0.888888888888889,0.904761904761905,0.111111111111111,0.0952380952380952,9.33333333333333,0.12280701754386
"139",0.478,10.0064042401987,0.9,0.338981323491927,0.769230769230769,0.909937888198758,0.714285714285714,0.956521739130435,0.285714285714286,0.0434782608695652,16.4285714285714,0.298701298701299
"140",0.3305,7.51648467164585,0.8,0.358765012302819,0.7,0.897515527950311,1,0.739130434782609,0,0.260869565217391,3.83333333333333,0
"141",0.3085,7.53101961555152,0.733333333333333,0.437120410630845,0.636363636363636,0.764204545454545,0.875,0.681818181818182,0.125,0.318181818181818,2.75,0.183333333333333
"142",0.428,9.03208371568418,0.833333333333333,0.401814997430308,0.736842105263158,0.8175,0.7,0.9,0.3,0.1,7,0.333333333333333
"143",0.259,7.50934775763706,0.9,0.418087708279489,0.88,0.886574074074074,0.916666666666667,0.888888888888889,0.0833333333333334,0.111111111111111,8.25,0.09375
"144",0.3105,7.5107723956545,0.8,0.376587014690176,0.7,0.872159090909091,0.875,0.772727272727273,0.125,0.227272727272727,3.85,0.161764705882353
"145",0.2965,7.51267622954169,0.7,0.413810506965881,0.666666666666667,0.79,0.9,0.6,0.1,0.4,2.25,0.166666666666667
"146",0.322,7.50920251570921,0.9,0.339226210578377,0.842105263157895,0.943181818181818,1,0.863636363636364,0,0.136363636363636,7.33333333333333,0
"147",0.4055,9.50456370497823,0.8,0.404318598513695,0.7,0.845,0.7,0.85,0.3,0.15,4.66666666666667,0.352941176470588
"148",0.2145,7.51483612701333,0.8,0.503467200753041,0.823529411764706,0.892857142857143,0.875,0.714285714285714,0.125,0.285714285714286,3.0625,0.175
"149",0.302,7.51372192472827,0.8,0.388507041560227,0.769230769230769,0.86,1,0.7,0,0.3,3.33333333333333,0
"150",0.574,9.48987806370274,0.8,0.409063963587576,0.727272727272727,0.815,0.8,0.8,0.2,0.2,4,0.25
"151",0.205,6.54542282716589,0.7,0.460909670269795,0.666666666666667,0.767195767195767,1,0.571428571428571,0,0.428571428571429,2.33333333333333,0
"152",0.307,7.51224821759304,0.733333333333333,0.389951724734785,0.555555555555556,0.760869565217391,0.714285714285714,0.739130434782609,0.285714285714286,0.260869565217391,2.73809523809524,0.38655462184874
"153",0.214,6.52654311269328,0.733333333333333,0.436135308218863,0.714285714285714,0.813397129186603,0.909090909090909,0.631578947368421,0.0909090909090909,0.368421052631579,2.46753246753247,0.143939393939394
"154",0.2565,7.52226523732419,0.7,0.457529765299717,0.64,0.698564593301435,0.727272727272727,0.684210526315789,0.272727272727273,0.315789473684211,2.3030303030303,0.398601398601399
"155",0.6845,9.46607393364903,0.8,0.463475371931003,0.625,0.680124223602484,0.714285714285714,0.826086956521739,0.285714285714286,0.173913043478261,4.10714285714286,0.345864661654135
"156",0.3635,8.50734284573899,0.833333333333333,0.371934651110777,0.705882352941177,0.826704545454545,0.75,0.863636363636364,0.25,0.136363636363636,5.5,0.289473684210526
"157",0.147,6.55764657743245,0.7,0.480248127328974,0.689655172413793,0.752314814814815,0.833333333333333,0.611111111111111,0.166666666666667,0.388888888888889,2.14285714285714,0.272727272727273
"158",0.4105,9.50964016516999,0.9,0.360303303084335,0.769230769230769,0.934659090909091,0.625,1,0.375,0,Inf,0.375
"159",0.242,7.52713480499366,0.9,0.427465728452973,0.857142857142857,0.8325,0.9,0.9,0.1,0.1,9,0.111111111111111
"160",0.172,6.55073875401657,0.766666666666667,0.459727217765233,0.740740740740741,0.760765550239234,0.909090909090909,0.684210526315789,0.0909090909090909,0.315789473684211,2.87878787878788,0.132867132867133
"161",0.287,7.51997584247885,0.7,0.42184984589566,0.571428571428571,0.711640211640212,0.666666666666667,0.714285714285714,0.333333333333333,0.285714285714286,2.33333333333333,0.466666666666667
"162",0.2485,7.51540400636773,0.733333333333333,0.454579797014155,0.714285714285714,0.828703703703704,0.833333333333333,0.666666666666667,0.166666666666667,0.333333333333333,2.5,0.25
"163",0.275,7.5194076353506,0.8,0.416296433006692,0.75,0.8325,0.9,0.75,0.1,0.25,3.6,0.133333333333333
"164",0.262,7.51670898836708,0.866666666666667,0.408824059509508,0.818181818181818,0.882775119617225,0.818181818181818,0.894736842105263,0.181818181818182,0.105263157894737,7.77272727272727,0.203208556149733
"165",0.3855,9.49926019900675,0.866666666666667,0.392126515855995,0.8,0.89,0.8,0.9,0.2,0.1,8,0.222222222222222
"166",0.2485,6.52105447367332,0.766666666666667,0.374866818422228,0.631578947368421,0.791925465838509,0.857142857142857,0.739130434782609,0.142857142857143,0.260869565217391,3.28571428571429,0.19327731092437
"167",0.1205,6.57391633039678,0.666666666666667,0.520844006166501,0.583333333333333,0.67,0.7,0.65,0.3,0.35,2,0.461538461538462
"168",0.4345,9.50296185693976,0.866666666666667,0.381321791448475,0.714285714285714,0.752840909090909,0.625,0.954545454545455,0.375,0.0454545454545454,13.75,0.392857142857143
"169",0.506,8.99868307842306,0.8,0.395588648687893,0.571428571428571,0.791925465838509,0.571428571428571,0.869565217391304,0.428571428571429,0.130434782608696,4.38095238095238,0.492857142857143
"170",0.319,7.52385976726396,0.833333333333333,0.355553195094613,0.736842105263158,0.894409937888199,1,0.782608695652174,0,0.217391304347826,4.6,0
"171",0.2655,7.51542672096804,0.8,0.421878589646081,0.727272727272727,0.84,0.8,0.8,0.2,0.2,4,0.25
"172",0.2485,7.06992145599024,0.7,0.41464298211597,0.666666666666667,0.76555023923445,0.818181818181818,0.631578947368421,0.181818181818182,0.368421052631579,2.22077922077922,0.287878787878788
"173",0.2915,7.50959345735687,0.833333333333333,0.383674490416699,0.761904761904762,0.862433862433862,0.888888888888889,0.80952380952381,0.111111111111111,0.19047619047619,4.66666666666667,0.137254901960784
"174",0.2195,7.15130394237164,0.766666666666667,0.423516219819552,0.666666666666667,0.791005291005291,0.777777777777778,0.761904761904762,0.222222222222222,0.238095238095238,3.26666666666667,0.291666666666667
"175",0.248,7.07336564631531,0.8,0.415580739149985,0.666666666666667,0.804232804232804,0.666666666666667,0.857142857142857,0.333333333333333,0.142857142857143,4.66666666666667,0.388888888888889
"176",0.272,7.52122628814583,0.733333333333333,0.439970086342088,0.692307692307692,0.746411483253589,0.818181818181818,0.684210526315789,0.181818181818182,0.315789473684211,2.59090909090909,0.265734265734266
"177",0.274,7.5194428010713,0.833333333333333,0.412321950902445,0.736842105263158,0.759259259259259,0.777777777777778,0.857142857142857,0.222222222222222,0.142857142857143,5.44444444444444,0.259259259259259
"178",0.287,7.50817014548982,0.8,0.391380008318905,0.785714285714286,0.861111111111111,0.916666666666667,0.722222222222222,0.0833333333333334,0.277777777777778,3.3,0.115384615384615
"179",0.31,7.5184072450741,0.7,0.394827730414593,0.571428571428571,0.732954545454545,0.75,0.681818181818182,0.25,0.318181818181818,2.35714285714286,0.366666666666667
"180",0.324,7.51653929995211,0.833333333333333,0.363106181030837,0.705882352941177,0.850694444444444,1,0.791666666666667,0,0.208333333333333,4.8,0
"181",0.3455,7.51164918394549,0.833333333333333,0.338698929642322,0.666666666666667,0.92,1,0.8,0,0.2,5,0
"182",0.2045,6.51300227219255,0.8,0.444859557145682,0.8,0.841628959276018,0.923076923076923,0.705882352941177,0.0769230769230769,0.294117647058823,3.13846153846154,0.108974358974359
"183",0.2715,7.51376138476378,0.8,0.411840424185601,0.769230769230769,0.901913875598086,0.909090909090909,0.736842105263158,0.0909090909090909,0.263157894736842,3.45454545454545,0.123376623376623
"184",0.223,6.51301134552673,0.8,0.408448047593241,0.769230769230769,0.851674641148325,0.909090909090909,0.736842105263158,0.0909090909090909,0.263157894736842,3.45454545454545,0.123376623376623
"185",0.1845,6.54445280884356,0.833333333333333,0.401058705475086,0.761904761904762,0.843915343915344,0.888888888888889,0.80952380952381,0.111111111111111,0.19047619047619,4.66666666666667,0.137254901960784
"186",0.4005,8.51272843604894,0.833333333333333,0.391437507976525,0.705882352941177,0.82010582010582,0.666666666666667,0.904761904761905,0.333333333333333,0.0952380952380952,7,0.368421052631579
"187",0.399,8.51337812283867,0.766666666666667,0.437937213210655,0.695652173913043,0.76555023923445,0.727272727272727,0.789473684210526,0.272727272727273,0.210526315789474,3.45454545454546,0.345454545454545
"188",0.3095,7.50657701200128,0.833333333333333,0.352042529161002,0.736842105263158,0.886363636363636,0.875,0.818181818181818,0.125,0.181818181818182,4.8125,0.152777777777778
"189",0.3245,7.52304433270486,0.733333333333333,0.400728573193548,0.666666666666667,0.838068181818182,1,0.636363636363636,0,0.363636363636364,2.75,0
"190",0.29,7.52912160868561,0.733333333333333,0.438794711632498,0.636363636363636,0.76984126984127,0.777777777777778,0.714285714285714,0.222222222222222,0.285714285714286,2.72222222222222,0.311111111111111
"191",0.599,9.48497367303836,0.833333333333333,0.401415931788666,0.666666666666667,0.81055900621118,0.714285714285714,0.869565217391304,0.285714285714286,0.130434782608696,5.47619047619048,0.328571428571429
"192",0.2625,7.04743400586437,0.833333333333333,0.384017036396527,0.782608695652174,0.895,0.9,0.8,0.1,0.2,4.5,0.125
"193",0.29,7.52707928176445,0.766666666666667,0.41558951932234,0.740740740740741,0.822966507177033,0.909090909090909,0.684210526315789,0.0909090909090909,0.315789473684211,2.87878787878788,0.132867132867133
"194",0.248,7.50475455768338,0.866666666666667,0.432035807587076,0.833333333333333,0.884259259259259,0.833333333333333,0.888888888888889,0.166666666666667,0.111111111111111,7.5,0.1875
"195",0.32,7.51543254202183,0.9,0.344662469282146,0.823529411764706,0.934782608695652,1,0.869565217391304,0,0.130434782608696,7.66666666666667,0
"196",0.4235,8.50963229120854,0.866666666666667,0.372629860659952,0.777777777777778,0.852272727272727,0.875,0.863636363636364,0.125,0.136363636363636,6.41666666666667,0.144736842105263
"197",0.18,6.54387376125972,0.866666666666667,0.400480448660866,0.777777777777778,0.857954545454545,0.875,0.863636363636364,0.125,0.136363636363636,6.41666666666667,0.144736842105263
"198",0.592,9.48769129815537,0.833333333333333,0.399928021885398,0.666666666666667,0.804347826086957,0.714285714285714,0.869565217391304,0.285714285714286,0.130434782608696,5.47619047619048,0.328571428571429
"199",0.2955,7.73768765840227,0.666666666666667,0.417231891583904,0.666666666666667,0.798611111111111,0.833333333333333,0.555555555555556,0.166666666666667,0.444444444444444,1.875,0.3
"200",0.339,8.5091512304817,0.833333333333333,0.405049237427144,0.761904761904762,0.8525,0.8,0.85,0.2,0.15,5.33333333333333,0.235294117647059
"201",0.1995,6.50900902082181,0.833333333333333,0.455971683070359,0.838709677419355,0.866071428571429,0.928571428571429,0.75,0.0714285714285714,0.25,3.71428571428571,0.0952380952380952
"202",0.1885,6.50223178774089,0.866666666666667,0.489418292792631,0.882352941176471,0.891111111111111,1,0.733333333333333,0,0.266666666666667,3.75,0
"203",0.266,7.51889829703165,0.833333333333333,0.421134790309965,0.827586206896552,0.925925925925926,1,0.722222222222222,0,0.277777777777778,3.6,0
"204",0.2395,7.53538173858269,0.8,0.451145997301308,0.785714285714286,0.809954751131222,0.846153846153846,0.764705882352941,0.153846153846154,0.235294117647059,3.59615384615385,0.201183431952663
"205",0.2575,7.07825907373105,0.8,0.409902658848192,0.625,0.698757763975155,0.714285714285714,0.826086956521739,0.285714285714286,0.173913043478261,4.10714285714286,0.345864661654135
"206",0.247,7.13706665662616,0.733333333333333,0.424322590491457,0.666666666666667,0.76984126984127,0.888888888888889,0.666666666666667,0.111111111111111,0.333333333333333,2.66666666666667,0.166666666666667
"207",0.252,7.52986043959596,0.8,0.448037810378595,0.785714285714286,0.810185185185185,0.916666666666667,0.722222222222222,0.0833333333333334,0.277777777777778,3.3,0.115384615384615
"208",0.274,7.51498341903646,0.833333333333333,0.405257960956805,0.782608695652174,0.84688995215311,0.818181818181818,0.842105263157895,0.181818181818182,0.157894736842105,5.18181818181818,0.215909090909091
"209",0.4545,9.56044908981218,0.9,0.339045822970981,0.571428571428571,0.836,0.4,1,0.6,0,Inf,0.6
"210",0.2635,7.0669596355052,0.766666666666667,0.411263143095199,0.666666666666667,0.793650793650794,0.777777777777778,0.761904761904762,0.222222222222222,0.238095238095238,3.26666666666667,0.291666666666667
"211",0.3,7.51109770427193,0.9,0.362708737289464,0.823529411764706,0.849431818181818,0.875,0.909090909090909,0.125,0.0909090909090909,9.625,0.1375
"212",0.363,7.5052086446688,0.8,0.357096574827952,0.571428571428571,0.870192307692308,1,0.769230769230769,0,0.230769230769231,4.33333333333333,0
"213",0.269,6.51032713128104,0.733333333333333,0.368638192602836,0.636363636363636,0.869565217391304,1,0.652173913043478,0,0.347826086956522,2.875,0
"214",0.243,7.51734478871426,0.8,0.457502170965966,0.7,0.7875,0.7,0.85,0.3,0.15,4.66666666666667,0.352941176470588
"215",0.6135,9.93575778856066,0.833333333333333,0.396601354849789,0.666666666666667,0.8125,0.625,0.909090909090909,0.375,0.0909090909090909,6.875,0.4125
"216",0.2085,7.54619456822379,0.733333333333333,0.492924430097502,0.692307692307692,0.74537037037037,0.75,0.722222222222222,0.25,0.277777777777778,2.7,0.346153846153846
"217",0.3165,7.51655688796539,0.8,0.379215084154833,0.7,0.806818181818182,0.875,0.772727272727273,0.125,0.227272727272727,3.85,0.161764705882353
"218",0.299,7.50216649029476,0.866666666666667,0.367086133439335,0.833333333333333,0.9425,1,0.8,0,0.2,5,0
"219",0.3235,8.03432433878997,0.9,0.356021809274471,0.8,0.912698412698413,0.666666666666667,1,0.333333333333333,0,Inf,0.333333333333333
"220",0.3865,9.01372703585072,0.9,0.34619686997419,0.823529411764706,0.948863636363636,0.875,0.909090909090909,0.125,0.0909090909090909,9.625,0.1375
"221",0.2625,7.52527297049693,0.833333333333333,0.416377296158352,0.814814814814815,0.826388888888889,0.916666666666667,0.777777777777778,0.0833333333333334,0.222222222222222,4.125,0.107142857142857
"222",0.4655,9.49816764266853,0.833333333333333,0.376283536307475,0.666666666666667,0.822981366459627,0.714285714285714,0.869565217391304,0.285714285714286,0.130434782608696,5.47619047619048,0.328571428571429
"223",0.3965,8.51586614436067,0.8,0.409980748692008,0.666666666666667,0.759259259259259,0.666666666666667,0.857142857142857,0.333333333333333,0.142857142857143,4.66666666666667,0.388888888888889
"224",0.5605,9.49103908129071,0.866666666666667,0.381151515861514,0.714285714285714,0.804347826086957,0.714285714285714,0.91304347826087,0.285714285714286,0.0869565217391305,8.21428571428571,0.312925170068027
"225",0.2555,7.51712428402942,0.766666666666667,0.426177496244964,0.695652173913043,0.794258373205742,0.727272727272727,0.789473684210526,0.272727272727273,0.210526315789474,3.45454545454546,0.345454545454545
"226",0.316,7.53078392215915,0.733333333333333,0.451252031014636,0.555555555555556,0.680124223602484,0.714285714285714,0.739130434782609,0.285714285714286,0.260869565217391,2.73809523809524,0.38655462184874
"227",0.3375,7.5163349621961,0.766666666666667,0.374442656661022,0.588235294117647,0.805555555555556,0.833333333333333,0.75,0.166666666666667,0.25,3.33333333333333,0.222222222222222
"228",0.2525,7.52633748734183,0.833333333333333,0.432033417383857,0.8,0.830143540669856,0.909090909090909,0.789473684210526,0.0909090909090909,0.210526315789474,4.31818181818182,0.115151515151515
"229",0.313,7.52998237848187,0.733333333333333,0.441666120356046,0.555555555555556,0.751552795031056,0.714285714285714,0.739130434782609,0.285714285714286,0.260869565217391,2.73809523809524,0.38655462184874
"230",0.599,9.48476975211829,0.8,0.42859143578278,0.571428571428571,0.701863354037267,0.571428571428571,0.869565217391304,0.428571428571429,0.130434782608696,4.38095238095238,0.492857142857143
"231",0.4405,10.5075807366733,0.866666666666667,0.385222506341463,0.75,0.905,0.6,1,0.4,0,Inf,0.4
"232",0.3205,7.5215082480215,0.733333333333333,0.417133464093148,0.6,0.779503105590062,0.857142857142857,0.695652173913043,0.142857142857143,0.304347826086957,2.81632653061224,0.205357142857143
"233",0.2745,7.53406824667066,0.7,0.48175502304087,0.608695652173913,0.695767195767196,0.777777777777778,0.666666666666667,0.222222222222222,0.333333333333333,2.33333333333333,0.333333333333333
"234",0.236,6.52005130096348,0.833333333333333,0.389780359145367,0.761904761904762,0.849206349206349,0.888888888888889,0.80952380952381,0.111111111111111,0.19047619047619,4.66666666666667,0.137254901960784
"235",0.3735,9.03104731563718,0.866666666666667,0.365080771371959,0.8,0.885,0.8,0.9,0.2,0.1,8,0.222222222222222
"236",0.318,7.51490281952284,0.866666666666667,0.347917360851686,0.777777777777778,0.944099378881988,1,0.826086956521739,0,0.173913043478261,5.75,0
"237",0.273,7.52003079025947,0.8,0.409857611530506,0.7,0.825396825396825,0.777777777777778,0.80952380952381,0.222222222222222,0.19047619047619,4.08333333333333,0.274509803921569
"238",0.236,7.51896050983189,0.8,0.459774676456683,0.75,0.805555555555556,0.75,0.833333333333333,0.25,0.166666666666667,4.5,0.3
"239",0.443,9.01395325589536,0.833333333333333,0.381239056818012,0.615384615384615,0.732638888888889,0.666666666666667,0.875,0.333333333333333,0.125,5.33333333333333,0.380952380952381
"240",0.2635,7.51779313559603,0.766666666666667,0.423423830925212,0.666666666666667,0.7175,0.7,0.8,0.3,0.2,3.5,0.375
"241",0.1975,6.95079451326286,0.733333333333333,0.463898142794318,0.666666666666667,0.725,0.8,0.7,0.2,0.3,2.66666666666667,0.285714285714286
"242",0.2105,6.52113077540235,0.766666666666667,0.432976225812582,0.72,0.760765550239235,0.818181818181818,0.736842105263158,0.181818181818182,0.263157894736842,3.10909090909091,0.246753246753247
"243",0.3565,8.51210155500908,0.966666666666667,0.334257591901676,0.933333333333333,0.994318181818182,0.875,1,0.125,0,Inf,0.125
"244",0.1965,7.08399775810849,0.733333333333333,0.505003611311323,0.764705882352941,0.748888888888889,0.866666666666667,0.6,0.133333333333333,0.4,2.16666666666667,0.222222222222222
"245",0.308,7.51804913826457,0.766666666666667,0.392614332097673,0.666666666666667,0.829545454545455,0.875,0.727272727272727,0.125,0.272727272727273,3.20833333333333,0.171875
"246",0.45,10.5034351324244,0.9,0.359236154096726,0.8,0.873015873015873,0.666666666666667,1,0.333333333333333,0,Inf,0.333333333333333
"247",0.274,7.51027204603707,0.8,0.402010629244063,0.769230769230769,0.858796296296296,0.833333333333333,0.777777777777778,0.166666666666667,0.222222222222222,3.75,0.214285714285714
"248",0.262,7.05929665101031,0.766666666666667,0.396973061185372,0.72,0.855,0.9,0.7,0.1,0.3,3,0.142857142857143
"249",0.598,9.48377009759776,0.8,0.394507655480617,0.7,0.865079365079365,0.777777777777778,0.80952380952381,0.222222222222222,0.19047619047619,4.08333333333333,0.274509803921569
"250",0.3835,8.51556730252379,0.8,0.410193784462046,0.625,0.746031746031746,0.555555555555556,0.904761904761905,0.444444444444444,0.0952380952380952,5.83333333333333,0.491228070175439
"251",0.4615,9.50197504389929,0.866666666666667,0.371434213345547,0.666666666666667,0.802083333333333,0.666666666666667,0.916666666666667,0.333333333333333,0.0833333333333334,8,0.363636363636364
"252",0.184,6.54467555043354,0.833333333333333,0.377735678363994,0.666666666666667,0.81055900621118,0.714285714285714,0.869565217391304,0.285714285714286,0.130434782608696,5.47619047619048,0.328571428571429
"253",0.208,7.13556674469758,0.833333333333333,0.44229869946957,0.814814814814815,0.833333333333333,0.916666666666667,0.777777777777778,0.0833333333333334,0.222222222222222,4.125,0.107142857142857
"254",0.2425,7.53877060750607,0.766666666666667,0.444722461774647,0.72,0.80622009569378,0.818181818181818,0.736842105263158,0.181818181818182,0.263157894736842,3.10909090909091,0.246753246753247
"255",0.273,7.52002661974546,0.866666666666667,0.405966652766878,0.818181818181818,0.9275,0.9,0.85,0.1,0.15,6,0.117647058823529
"256",0.249,7.51956246006695,0.8,0.432609802526561,0.75,0.793981481481482,0.75,0.833333333333333,0.25,0.166666666666667,4.5,0.3
"257",0.291,7.52203419196423,0.733333333333333,0.404686804060605,0.666666666666667,0.7675,0.8,0.7,0.2,0.3,2.66666666666667,0.285714285714286
"258",0.238,7.51072155696662,0.9,0.463910594385965,0.903225806451613,0.941964285714286,1,0.8125,0,0.1875,5.33333333333333,0
"259",0.253,7.51494201741499,0.766666666666667,0.44340179734623,0.72,0.766203703703704,0.75,0.777777777777778,0.25,0.222222222222222,3.375,0.321428571428571
"260",0.467,9.50025605729213,0.8,0.411338852479366,0.625,0.698863636363636,0.625,0.863636363636364,0.375,0.136363636363636,4.58333333333333,0.434210526315789
"261",0.3115,8.05454450356056,0.8,0.419897263936812,0.666666666666667,0.8,0.6,0.9,0.4,0.1,6,0.444444444444444
"262",0.3865,9.0295883782097,0.933333333333333,0.333333367069123,0.857142857142857,0.919254658385093,0.857142857142857,0.956521739130435,0.142857142857143,0.0434782608695652,19.7142857142857,0.149350649350649
"263",0.293,7.51354476037101,0.866666666666667,0.378665608229666,0.777777777777778,0.863636363636364,0.875,0.863636363636364,0.125,0.136363636363636,6.41666666666667,0.144736842105263
"264",0.481,9.50579280787718,0.866666666666667,0.3746253306163,0.777777777777778,0.895,0.7,0.95,0.3,0.05,14,0.315789473684211
"265",0.3,7.5178352819694,0.866666666666667,0.383173628794385,0.818181818181818,0.902116402116402,1,0.80952380952381,0,0.19047619047619,5.25,0
"266",0.386,8.50998274553059,0.9,0.321493990726538,0.8,0.96875,1,0.875,0,0.125,8,0
"267",0.727,12.4866861136319,0.933333333333333,0.367984443203088,0.75,0.848,0.6,1,0.4,0,Inf,0.4
"268",0.7975,12.880736510097,0.8,0.461026709283574,0.5,0.626984126984127,0.333333333333333,1,0.666666666666667,0,Inf,0.666666666666667
"269",0.325,7.51742498488112,0.8,0.350627152977285,0.7,0.903726708074534,1,0.739130434782609,0,0.260869565217391,3.83333333333333,0
"270",0.262,7.51032240628681,0.8,0.433642565102706,0.75,0.794258373205742,0.818181818181818,0.789473684210526,0.181818181818182,0.210526315789474,3.88636363636364,0.23030303030303
"271",0.426,9.51220369838701,0.8,0.381742848811408,0.7,0.87,0.7,0.85,0.3,0.15,4.66666666666667,0.352941176470588
"272",0.31,7.50942019542605,0.866666666666667,0.35344430015967,0.777777777777778,0.917613636363636,0.875,0.863636363636364,0.125,0.136363636363636,6.41666666666667,0.144736842105263
"273",0.277,7.50523027283097,0.866666666666667,0.401931843235824,0.846153846153846,0.935406698564593,1,0.789473684210526,0,0.210526315789474,4.75,0
"274",0.4115,9.50773006344107,0.9,0.356179130294758,0.842105263157895,0.899470899470899,0.888888888888889,0.904761904761905,0.111111111111111,0.0952380952380952,9.33333333333333,0.12280701754386
"275",0.348,7.5153716800298,0.733333333333333,0.374177968353286,0.555555555555556,0.808,1,0.68,0,0.32,3.125,0
"276",0.2705,7.5187735758421,0.833333333333333,0.416123656079103,0.782608695652174,0.855,0.9,0.8,0.1,0.2,4.5,0.125
"277",0.324,7.50767012624094,0.733333333333333,0.398305580760601,0.636363636363636,0.786931818181818,0.875,0.681818181818182,0.125,0.318181818181818,2.75,0.183333333333333
"278",0.3585,8.50942552538958,0.866666666666667,0.377241008055859,0.714285714285714,0.78125,0.625,0.954545454545455,0.375,0.0454545454545454,13.75,0.392857142857143
"279",0.294,7.51054516132035,0.733333333333333,0.400525247201728,0.636363636363636,0.76984126984127,0.777777777777778,0.714285714285714,0.222222222222222,0.285714285714286,2.72222222222222,0.311111111111111
"280",0.2095,6.51523882257775,0.8,0.429638860630607,0.769230769230769,0.842592592592593,0.833333333333333,0.777777777777778,0.166666666666667,0.222222222222222,3.75,0.214285714285714
"281",0.3365,7.52482403963588,0.766666666666667,0.42723168880181,0.631578947368421,0.788819875776397,0.857142857142857,0.739130434782609,0.142857142857143,0.260869565217391,3.28571428571429,0.19327731092437
"282",0.334,7.52533327043882,0.733333333333333,0.438083731010284,0.6,0.732919254658385,0.857142857142857,0.695652173913043,0.142857142857143,0.304347826086957,2.81632653061224,0.205357142857143
"283",0.34,8.51550287494199,0.833333333333333,0.389057831306158,0.705882352941177,0.812169312169312,0.666666666666667,0.904761904761905,0.333333333333333,0.0952380952380952,7,0.368421052631579
"284",0.3915,9.50990663656448,0.866666666666667,0.383201152645574,0.777777777777778,0.91,0.7,0.95,0.3,0.05,14,0.315789473684211
"285",0.256,7.51537679640422,0.8,0.425621817992467,0.727272727272727,0.873205741626794,0.727272727272727,0.842105263157895,0.272727272727273,0.157894736842105,4.6060606060606,0.323863636363636
"286",0.2225,7.52461784061303,0.833333333333333,0.485041870133644,0.8,0.769230769230769,0.769230769230769,0.882352941176471,0.230769230769231,0.117647058823529,6.53846153846154,0.261538461538461
"287",0.2765,7.51124763005249,0.933333333333333,0.398734603399727,0.909090909090909,0.9325,1,0.9,0,0.1,10,0
"288",0.255,7.53556427197737,0.766666666666667,0.468365784151195,0.740740740740741,0.772727272727273,0.909090909090909,0.684210526315789,0.0909090909090909,0.315789473684211,2.87878787878788,0.132867132867133
"289",0.3445,9.03369276305357,0.866666666666667,0.404463183713655,0.818181818181818,0.880382775119617,0.818181818181818,0.894736842105263,0.181818181818182,0.105263157894737,7.77272727272727,0.203208556149733
"290",0.31,7.63854637135793,0.766666666666667,0.383236849529612,0.666666666666667,0.826704545454545,0.875,0.727272727272727,0.125,0.272727272727273,3.20833333333333,0.171875
"291",0.3415,8.58010513083392,0.866666666666667,0.379348988794399,0.8,0.94,0.8,0.9,0.2,0.1,8,0.222222222222222
"292",0.3505,8.50850717391397,0.833333333333333,0.375321523878904,0.736842105263158,0.873015873015873,0.777777777777778,0.857142857142857,0.222222222222222,0.142857142857143,5.44444444444444,0.259259259259259
"293",0.2695,7.51734653536709,0.766666666666667,0.415733772646852,0.695652173913043,0.81,0.8,0.75,0.2,0.25,3.2,0.266666666666667
"294",0.3095,7.52272010144022,0.766666666666667,0.381976320326848,0.631578947368421,0.816770186335404,0.857142857142857,0.739130434782609,0.142857142857143,0.260869565217391,3.28571428571429,0.19327731092437
"295",0.3285,7.52207817251225,0.766666666666667,0.402838539100619,0.588235294117647,0.805555555555556,0.833333333333333,0.75,0.166666666666667,0.25,3.33333333333333,0.222222222222222
"296",0.221,7.53275774712448,0.833333333333333,0.457322773681833,0.814814814814815,0.843891402714932,0.846153846153846,0.823529411764706,0.153846153846154,0.176470588235294,4.79487179487179,0.186813186813187
"297",0.223,7.14569530945111,0.8,0.395898449238248,0.727272727272727,0.7975,0.8,0.8,0.2,0.2,4,0.25
"298",0.356,8.5078240649481,0.833333333333333,0.387792349907548,0.705882352941177,0.812169312169312,0.666666666666667,0.904761904761905,0.333333333333333,0.0952380952380952,7,0.368421052631579
"299",0.246,6.51925118916602,0.7,0.427065455045618,0.608695652173913,0.707386363636364,0.875,0.636363636363636,0.125,0.363636363636364,2.40625,0.196428571428571
"300",0.2285,6.52189496915981,0.666666666666667,0.410830201566701,0.615384615384615,0.78,0.8,0.6,0.2,0.4,2,0.333333333333333
"301",0.2365,7.51737398428449,0.866666666666667,0.437757584377357,0.833333333333333,0.895927601809955,0.769230769230769,0.941176470588235,0.230769230769231,0.0588235294117647,13.0769230769231,0.245192307692308
"302",0.2515,7.50725074495859,0.9,0.427381855820301,0.869565217391304,0.907407407407407,0.833333333333333,0.944444444444444,0.166666666666667,0.0555555555555556,15,0.176470588235294
"303",0.2875,7.0572788049927,0.766666666666667,0.358780918873128,0.666666666666667,0.8125,0.875,0.727272727272727,0.125,0.272727272727273,3.20833333333333,0.171875
"304",0.2905,7.51507355973583,0.8,0.380163834613692,0.727272727272727,0.8275,0.8,0.8,0.2,0.2,4,0.25
"305",0.279,7.51552345826396,0.833333333333333,0.410416882456751,0.782608695652174,0.83,0.9,0.8,0.1,0.2,4.5,0.125
"306",0.428,9.50728856734016,0.8,0.398629837510606,0.625,0.756613756613757,0.555555555555556,0.904761904761905,0.444444444444444,0.0952380952380952,5.83333333333333,0.491228070175439
"307",0.256,7.51904234362165,0.8,0.436026094178273,0.727272727272727,0.782296650717703,0.727272727272727,0.842105263157895,0.272727272727273,0.157894736842105,4.6060606060606,0.323863636363636
"308",0.353,8.03384764227837,0.866666666666667,0.345787817588208,0.666666666666667,0.899305555555556,0.666666666666667,0.916666666666667,0.333333333333333,0.0833333333333334,8,0.363636363636364
"309",0.2155,6.52186716766935,0.633333333333333,0.440708885526605,0.620689655172414,0.727272727272727,0.818181818181818,0.526315789473684,0.181818181818182,0.473684210526316,1.72727272727273,0.345454545454545
"310",0.3285,8.51113778119025,0.8,0.412576203278316,0.769230769230769,0.833333333333333,0.833333333333333,0.777777777777778,0.166666666666667,0.222222222222222,3.75,0.214285714285714
"311",0.4675,9.50653336514616,0.833333333333333,0.423850115197325,0.814814814814815,0.8125,0.785714285714286,0.875,0.214285714285714,0.125,6.28571428571429,0.244897959183673
"312",0.3365,8.51678521084738,0.833333333333333,0.394518878684554,0.782608695652174,0.895,0.9,0.8,0.1,0.2,4.5,0.125
"313",0.307,8.51048180466616,0.8,0.424198495102382,0.75,0.868055555555556,0.75,0.833333333333333,0.25,0.166666666666667,4.5,0.3
"314",0.2875,7.50657912723578,0.733333333333333,0.405715503007948,0.714285714285714,0.851674641148325,0.909090909090909,0.631578947368421,0.0909090909090909,0.368421052631579,2.46753246753247,0.143939393939394
"315",0.348,8.50887000341893,0.866666666666667,0.37829648777142,0.818181818181818,0.9025,0.9,0.85,0.1,0.15,6,0.117647058823529
"316",0.276,7.51178087799953,0.833333333333333,0.395057933129137,0.782608695652174,0.9075,0.9,0.8,0.1,0.2,4.5,0.125
"317",0.2845,7.52649075811777,0.833333333333333,0.381564208807343,0.761904761904762,0.849206349206349,0.888888888888889,0.80952380952381,0.111111111111111,0.19047619047619,4.66666666666667,0.137254901960784
"318",0.3325,7.50704714010162,0.866666666666667,0.341078128853262,0.777777777777778,0.928571428571429,1,0.826086956521739,0,0.173913043478261,5.75,0
"319",0.321,7.51649847743216,0.833333333333333,0.356010836212966,0.761904761904762,0.903409090909091,1,0.772727272727273,0,0.227272727272727,4.4,0
"320",0.225,7.51563543365464,0.966666666666667,0.473926257707253,0.962962962962963,0.970982142857143,0.928571428571429,1,0.0714285714285714,0,Inf,0.0714285714285714
"321",0.304,7.52814234914279,0.833333333333333,0.400162674123334,0.8,0.8575,1,0.75,0,0.25,4,0
"322",0.17,6.54674966615217,0.8,0.436862708043002,0.769230769230769,0.779904306220096,0.909090909090909,0.736842105263158,0.0909090909090909,0.263157894736842,3.45454545454545,0.123376623376623
"323",0.311,7.52629923826579,0.8,0.389816975671408,0.666666666666667,0.819875776397516,0.857142857142857,0.782608695652174,0.142857142857143,0.217391304347826,3.94285714285714,0.182539682539683
"324",0.3325,7.51901730069137,0.733333333333333,0.379324217740465,0.428571428571429,0.62,0.6,0.76,0.4,0.24,2.5,0.526315789473684
"325",0.262,7.51296649514358,0.766666666666667,0.434229155280857,0.72,0.767942583732057,0.818181818181818,0.736842105263158,0.181818181818182,0.263157894736842,3.10909090909091,0.246753246753247
"326",0.41,10.0213867415252,0.866666666666667,0.38275371745574,0.777777777777778,0.875,0.7,0.95,0.3,0.05,14,0.315789473684211
"327",0.562,10.4960325772184,0.833333333333333,0.404057567910491,0.545454545454545,0.726708074534162,0.428571428571429,0.956521739130435,0.571428571428571,0.0434782608695652,9.85714285714286,0.597402597402597
"328",0.4165,9.22170436501628,0.833333333333333,0.357234865727426,0.666666666666667,0.889204545454545,0.625,0.909090909090909,0.375,0.0909090909090909,6.875,0.4125
"329",0.349,7.51826070957531,0.733333333333333,0.370798169779497,0.6,0.861111111111111,1,0.666666666666667,0,0.333333333333333,3,0
"330",0.2725,7.51914944797385,0.866666666666667,0.409677196442369,0.846153846153846,0.944976076555024,1,0.789473684210526,0,0.210526315789474,4.75,0
"331",0.3185,7.51167522150488,0.8,0.359079322798026,0.666666666666667,0.885093167701863,0.857142857142857,0.782608695652174,0.142857142857143,0.217391304347826,3.94285714285714,0.182539682539683
"332",0.285,7.50986348426916,0.8,0.387811895149914,0.727272727272727,0.845,0.8,0.8,0.2,0.2,4,0.25
"333",0.296,7.51951535337501,0.966666666666667,0.3587741859454,0.947368421052632,0.992063492063492,1,0.952380952380952,0,0.0476190476190477,21,0
"334",0.313,7.50632187962835,0.766666666666667,0.369084672988937,0.72,0.886243386243386,1,0.666666666666667,0,0.333333333333333,3,0
"335",0.447,9.5312665218944,0.866666666666667,0.35649377510104,0.714285714285714,0.847826086956522,0.714285714285714,0.91304347826087,0.285714285714286,0.0869565217391305,8.21428571428571,0.312925170068027
"336",0.293,7.51419844386146,0.833333333333333,0.381088629638675,0.8,0.9275,1,0.75,0,0.25,4,0
"337",0.288,7.52523532806169,0.733333333333333,0.404836991893361,0.692307692307692,0.82,0.9,0.65,0.1,0.35,2.57142857142857,0.153846153846154
"338",0.289,7.51842620078498,0.766666666666667,0.399325999938493,0.588235294117647,0.727272727272727,0.625,0.818181818181818,0.375,0.181818181818182,3.4375,0.458333333333333
"339",0.3885,9.51084988050793,0.866666666666667,0.384016882816197,0.8,0.9125,0.8,0.9,0.2,0.1,8,0.222222222222222
"340",0.2855,7.51755797292082,0.866666666666667,0.400944965405847,0.818181818181818,0.865079365079365,1,0.80952380952381,0,0.19047619047619,5.25,0
"341",0.36,7.52179542467119,0.733333333333333,0.458122665896318,0.5,0.692,0.8,0.72,0.2,0.28,2.85714285714286,0.277777777777778
"342",0.296,7.51140499831017,0.9,0.367395032188059,0.823529411764706,0.886363636363636,0.875,0.909090909090909,0.125,0.0909090909090909,9.625,0.1375
"343",0.242,7.51093523679607,0.866666666666667,0.445469551363515,0.846153846153846,0.941176470588235,0.846153846153846,0.882352941176471,0.153846153846154,0.117647058823529,7.19230769230769,0.174358974358974
"344",0.2265,7.53823065271549,0.733333333333333,0.477655629070312,0.733333333333333,0.760180995475113,0.846153846153846,0.647058823529412,0.153846153846154,0.352941176470588,2.3974358974359,0.237762237762238
"345",0.2705,7.51659115705301,0.766666666666667,0.428815610959362,0.666666666666667,0.74,0.7,0.8,0.3,0.2,3.5,0.375
"346",0.26,6.51132357975878,0.766666666666667,0.363053196591983,0.631578947368421,0.832298136645963,0.857142857142857,0.739130434782609,0.142857142857143,0.260869565217391,3.28571428571429,0.19327731092437
"347",0.232,7.54418773386993,0.733333333333333,0.464854745237475,0.6,0.687830687830688,0.666666666666667,0.761904761904762,0.333333333333333,0.238095238095238,2.8,0.4375
"348",0.2975,7.52769551690896,0.8,0.41768306699975,0.727272727272727,0.828042328042328,0.888888888888889,0.761904761904762,0.111111111111111,0.238095238095238,3.73333333333333,0.145833333333333
"349",0.1955,6.52623486971964,0.733333333333333,0.467235677783021,0.714285714285714,0.756944444444444,0.833333333333333,0.666666666666667,0.166666666666667,0.333333333333333,2.5,0.25
"350",0.2905,7.51241850216041,0.9,0.389082102273233,0.869565217391304,0.9,1,0.85,0,0.15,6.66666666666667,0
"351",0.2575,6.52067332086884,0.733333333333333,0.388626546243381,0.636363636363636,0.804347826086957,1,0.652173913043478,0,0.347826086956522,2.875,0
"352",0.2635,7.51337117241153,0.833333333333333,0.413187449687892,0.8,0.894736842105263,0.909090909090909,0.789473684210526,0.0909090909090909,0.210526315789474,4.31818181818182,0.115151515151515
"353",0.2295,7.51513608722832,0.866666666666667,0.466084515450132,0.857142857142857,0.850446428571429,0.857142857142857,0.875,0.142857142857143,0.125,6.85714285714286,0.163265306122449
"354",0.2465,7.53297843752363,0.766666666666667,0.462572893488866,0.758620689655172,0.739819004524887,0.846153846153846,0.705882352941177,0.153846153846154,0.294117647058823,2.87692307692308,0.217948717948718
"355",0.2885,7.05325349084252,0.8,0.359438919372519,0.666666666666667,0.894409937888199,0.857142857142857,0.782608695652174,0.142857142857143,0.217391304347826,3.94285714285714,0.182539682539683
"356",0.3255,7.51436029382291,0.833333333333333,0.371399054828492,0.705882352941177,0.850694444444444,1,0.791666666666667,0,0.208333333333333,4.8,0
"357",0.2415,6.52239607704451,0.7,0.39121468194143,0.571428571428571,0.767045454545455,0.75,0.681818181818182,0.25,0.318181818181818,2.35714285714286,0.366666666666667
"358",0.216,6.52161393866642,0.766666666666667,0.420273716302347,0.72,0.811004784688995,0.818181818181818,0.736842105263158,0.181818181818182,0.263157894736842,3.10909090909091,0.246753246753247
"359",0.226,7.07186223874088,0.8,0.43704823520747,0.769230769230769,0.826388888888889,0.833333333333333,0.777777777777778,0.166666666666667,0.222222222222222,3.75,0.214285714285714
"360",0.2865,7.50726010680084,0.866666666666667,0.387646815418948,0.833333333333333,0.92,1,0.8,0,0.2,5,0
"361",0.2575,7.51707928242037,0.833333333333333,0.430419227485957,0.782608695652174,0.827751196172249,0.818181818181818,0.842105263157895,0.181818181818182,0.157894736842105,5.18181818181818,0.215909090909091
"362",0.2375,7.50781265195349,0.8,0.462990489207047,0.8,0.879464285714286,0.857142857142857,0.75,0.142857142857143,0.25,3.42857142857143,0.190476190476191
"363",0.3195,7.5145570152374,0.733333333333333,0.379879040933594,0.555555555555556,0.785714285714286,0.714285714285714,0.739130434782609,0.285714285714286,0.260869565217391,2.73809523809524,0.38655462184874
"364",0.141,5.53131755494965,0.6,0.482608965319035,0.6,0.67,0.9,0.45,0.1,0.55,1.63636363636364,0.222222222222222
"365",0.294,7.51128602151407,0.833333333333333,0.377661876200651,0.782608695652174,0.920634920634921,1,0.761904761904762,0,0.238095238095238,4.2,0
"366",0.3615,9.03720996362591,0.866666666666667,0.395834344534414,0.75,0.805,0.6,1,0.4,0,Inf,0.4
"367",0.2835,7.51414521015586,0.833333333333333,0.389491245177707,0.761904761904762,0.888888888888889,0.888888888888889,0.80952380952381,0.111111111111111,0.19047619047619,4.66666666666667,0.137254901960784
"368",0.38,8.51568577145132,0.833333333333333,0.394152467959745,0.736842105263158,0.825,0.7,0.9,0.3,0.1,7,0.333333333333333
"369",0.196,6.52592794005869,0.8,0.454903490005205,0.769230769230769,0.831018518518518,0.833333333333333,0.777777777777778,0.166666666666667,0.222222222222222,3.75,0.214285714285714
"370",0.2885,7.52087149413954,0.733333333333333,0.409176086252874,0.636363636363636,0.777777777777778,0.777777777777778,0.714285714285714,0.222222222222222,0.285714285714286,2.72222222222222,0.311111111111111
"371",0.2875,7.52008216460819,0.833333333333333,0.387297413037875,0.782608695652174,0.8975,0.9,0.8,0.1,0.2,4.5,0.125
"372",0.431,9.5014861147169,0.933333333333333,0.33579383678208,0.8,0.930555555555556,0.666666666666667,1,0.333333333333333,0,Inf,0.333333333333333
"373",0.449,8.50761114970799,0.833333333333333,0.406869131075328,0.545454545454545,0.74,0.6,0.88,0.4,0.12,5,0.454545454545455
"374",0.312,7.52302085590631,0.766666666666667,0.383555281455436,0.533333333333333,0.772,0.8,0.76,0.2,0.24,3.33333333333333,0.263157894736842
"375",0.558,9.48959875087058,0.9,0.368248733537819,0.8,0.804347826086956,0.857142857142857,0.91304347826087,0.142857142857143,0.0869565217391305,9.85714285714285,0.156462585034014
"376",0.593,9.96040210134528,0.9,0.345004840736498,0.769230769230769,0.894409937888199,0.714285714285714,0.956521739130435,0.285714285714286,0.0434782608695652,16.4285714285714,0.298701298701299
"377",0.382,9.50497844872842,0.833333333333333,0.408245345098109,0.736842105263158,0.837320574162679,0.636363636363636,0.947368421052632,0.363636363636364,0.0526315789473685,12.0909090909091,0.383838383838384
"378",0.283,7.51342747250938,0.733333333333333,0.405258776808013,0.714285714285714,0.856459330143541,0.909090909090909,0.631578947368421,0.0909090909090909,0.368421052631579,2.46753246753247,0.143939393939394
"379",0.3395,8.51021566580859,0.833333333333333,0.394298597919462,0.761904761904762,0.85,0.8,0.85,0.2,0.15,5.33333333333333,0.235294117647059
"380",0.322,9.04001638629175,0.833333333333333,0.445920894831627,0.8,0.830316742081448,0.769230769230769,0.882352941176471,0.230769230769231,0.117647058823529,6.53846153846154,0.261538461538461
"381",0.2635,7.51226064737626,0.833333333333333,0.425727423173616,0.8,0.863636363636364,0.909090909090909,0.789473684210526,0.0909090909090909,0.210526315789474,4.31818181818182,0.115151515151515
"382",0.551,10.4954498155866,0.833333333333333,0.374635764215239,0.615384615384615,0.813664596273292,0.571428571428571,0.91304347826087,0.428571428571429,0.0869565217391305,6.57142857142857,0.469387755102041
"383",0.253,7.53053750506635,0.8,0.437651057038837,0.785714285714286,0.81712962962963,0.916666666666667,0.722222222222222,0.0833333333333334,0.277777777777778,3.3,0.115384615384615
"384",0.287,7.51393232300159,0.833333333333333,0.409768012326925,0.782608695652174,0.854497354497354,1,0.761904761904762,0,0.238095238095238,4.2,0
"385",0.2775,7.51750939526044,0.733333333333333,0.423684672232349,0.6,0.708994708994709,0.666666666666667,0.761904761904762,0.333333333333333,0.238095238095238,2.8,0.4375
"386",0.2115,6.52679960285012,0.7,0.422559632558969,0.64,0.76555023923445,0.727272727272727,0.684210526315789,0.272727272727273,0.315789473684211,2.3030303030303,0.398601398601399
"387",0.287,7.5193255184016,0.733333333333333,0.398601706376954,0.666666666666667,0.81,0.8,0.7,0.2,0.3,2.66666666666667,0.285714285714286
"388",0.39,9.49841754227668,0.933333333333333,0.354657041418595,0.888888888888889,0.965608465608466,0.888888888888889,0.952380952380952,0.111111111111111,0.0476190476190477,18.6666666666666,0.116666666666667
"389",0.3635,8.59385887221114,0.8,0.409453871195957,0.666666666666667,0.746031746031746,0.666666666666667,0.857142857142857,0.333333333333333,0.142857142857143,4.66666666666667,0.388888888888889
"390",0.197,6.51760933786845,0.766666666666667,0.444692881699822,0.758620689655172,0.839366515837104,0.846153846153846,0.705882352941177,0.153846153846154,0.294117647058823,2.87692307692308,0.217948717948718
"391",0.9155,12.4426433030209,0.866666666666667,0.432063577932375,0.666666666666667,0.816770186335404,0.571428571428571,0.956521739130435,0.428571428571429,0.0434782608695652,13.1428571428572,0.448051948051948
"392",0.283,7.52735577060282,0.866666666666667,0.360355105855115,0.8,0.849206349206349,0.888888888888889,0.857142857142857,0.111111111111111,0.142857142857143,6.22222222222222,0.12962962962963
"393",0.3165,7.52323522996934,0.866666666666667,0.344820509958104,0.818181818181818,0.912698412698413,1,0.80952380952381,0,0.19047619047619,5.25,0
"394",0.384,8.51027727058803,0.866666666666667,0.338877803371094,0.714285714285714,0.87888198757764,0.714285714285714,0.91304347826087,0.285714285714286,0.0869565217391305,8.21428571428571,0.312925170068027
"395",0.3895,9.08056715987432,0.833333333333333,0.393256055621052,0.666666666666667,0.775132275132275,0.555555555555556,0.952380952380952,0.444444444444444,0.0476190476190477,11.6666666666667,0.466666666666667
"396",0.2105,6.52571894289552,0.7,0.442810782965977,0.64,0.7225,0.8,0.65,0.2,0.35,2.28571428571429,0.307692307692308
"397",0.375,8.50466146464803,0.833333333333333,0.374658671928497,0.705882352941177,0.815340909090909,0.75,0.863636363636364,0.25,0.136363636363636,5.5,0.289473684210526
"398",0.2945,7.51652567643145,0.866666666666667,0.3804854763445,0.777777777777778,0.872159090909091,0.875,0.863636363636364,0.125,0.136363636363636,6.41666666666667,0.144736842105263
"399",0.246,7.51766088216361,0.833333333333333,0.442293980676276,0.827586206896552,0.873303167420814,0.923076923076923,0.764705882352941,0.0769230769230769,0.235294117647059,3.92307692307692,0.100591715976331
"400",0.273,7.51799128735992,0.8,0.424940272499658,0.769230769230769,0.856459330143541,0.909090909090909,0.736842105263158,0.0909090909090909,0.263157894736842,3.45454545454545,0.123376623376623
"401",0.202,6.52068260577796,0.7,0.456411411546664,0.64,0.695,0.8,0.65,0.2,0.35,2.28571428571429,0.307692307692308
"402",0.3055,7.51063680661752,0.8,0.386184865106749,0.769230769230769,0.8625,1,0.7,0,0.3,3.33333333333333,0
"403",0.259,7.5147229679689,0.8,0.44723376433596,0.785714285714286,0.782407407407407,0.916666666666667,0.722222222222222,0.0833333333333334,0.277777777777778,3.3,0.115384615384615
"404",0.6165,9.93965707121374,0.833333333333333,0.389797425972413,0.666666666666667,0.838068181818182,0.625,0.909090909090909,0.375,0.0909090909090909,6.875,0.4125
"405",0.282,7.51979155064232,0.833333333333333,0.399686881598706,0.736842105263158,0.843915343915344,0.777777777777778,0.857142857142857,0.222222222222222,0.142857142857143,5.44444444444444,0.259259259259259
"406",0.2495,7.51569483217734,0.866666666666667,0.436808867119077,0.833333333333333,0.87799043062201,0.909090909090909,0.842105263157895,0.0909090909090909,0.157894736842105,5.75757575757576,0.107954545454545
"407",0.2555,7.53175720709774,0.833333333333333,0.438328010027824,0.838709677419355,0.816964285714286,0.928571428571429,0.75,0.0714285714285714,0.25,3.71428571428571,0.0952380952380952
"408",0.322,7.51459703924376,0.9,0.328280437591666,0.8,0.923611111111111,1,0.875,0,0.125,8,0
"409",0.2825,7.51580834561434,0.8,0.401153678977681,0.625,0.715909090909091,0.625,0.863636363636364,0.375,0.136363636363636,4.58333333333333,0.434210526315789
"410",0.545,9.4934109402059,0.833333333333333,0.389830019369935,0.736842105263158,0.851851851851852,0.777777777777778,0.857142857142857,0.222222222222222,0.142857142857143,5.44444444444444,0.259259259259259
"411",0.17,6.51899309390406,0.8,0.51335519846233,0.823529411764706,0.817777777777778,0.933333333333333,0.666666666666667,0.0666666666666667,0.333333333333333,2.8,0.1
"412",0.2065,6.54508001537146,0.7,0.424660601106221,0.470588235294118,0.676,0.8,0.68,0.2,0.32,2.5,0.294117647058823
"413",0.4815,9.01313982198961,0.833333333333333,0.380178739415531,0.736842105263158,0.822751322751323,0.777777777777778,0.857142857142857,0.222222222222222,0.142857142857143,5.44444444444444,0.259259259259259
"414",0.2385,7.54163424155615,0.733333333333333,0.481818749930312,0.692307692307692,0.767942583732057,0.818181818181818,0.684210526315789,0.181818181818182,0.315789473684211,2.59090909090909,0.265734265734266
"415",0.3415,7.51251548827727,0.766666666666667,0.362117652271553,0.588235294117647,0.875,0.833333333333333,0.75,0.166666666666667,0.25,3.33333333333333,0.222222222222222
"416",0.5035,8.50167548228846,0.8,0.409535907040798,0.625,0.857638888888889,0.833333333333333,0.791666666666667,0.166666666666667,0.208333333333333,4,0.210526315789474
"417",0.256,7.5226444672022,0.666666666666667,0.459309151808651,0.615384615384615,0.703703703703704,0.666666666666667,0.666666666666667,0.333333333333333,0.333333333333333,2,0.5
"418",0.367,8.50854375759708,0.9,0.344771619750407,0.769230769230769,0.93167701863354,0.714285714285714,0.956521739130435,0.285714285714286,0.0434782608695652,16.4285714285714,0.298701298701299
"419",0.327,7.51746407841689,0.733333333333333,0.385695201324149,0.5,0.756,0.8,0.72,0.2,0.28,2.85714285714286,0.277777777777778
"420",0.278,6.52076587824944,0.733333333333333,0.361534508123241,0.5,0.816,0.8,0.72,0.2,0.28,2.85714285714286,0.277777777777778
"421",0.2065,6.51670619284035,0.7,0.430871854859681,0.64,0.760765550239234,0.727272727272727,0.684210526315789,0.272727272727273,0.315789473684211,2.3030303030303,0.398601398601399
"422",0.252,7.52800029607273,0.866666666666667,0.420292667350737,0.846153846153846,0.831018518518518,0.916666666666667,0.833333333333333,0.0833333333333334,0.166666666666667,5.5,0.1
"423",0.648,10.483206917772,0.866666666666667,0.360186104268184,0.75,0.862433862433862,0.666666666666667,0.952380952380952,0.333333333333333,0.0476190476190477,14,0.35
"424",0.448,9.50112140527374,0.8,0.409077561683638,0.5,0.673295454545455,0.375,0.954545454545455,0.625,0.0454545454545454,8.25000000000001,0.654761904761905
"425",0.3105,7.51521825236135,0.8,0.385743629310437,0.7,0.792613636363636,0.875,0.772727272727273,0.125,0.227272727272727,3.85,0.161764705882353
"426",0.184,5.51955911129467,0.633333333333333,0.402828901380592,0.592592592592593,0.767195767195767,0.888888888888889,0.523809523809524,0.111111111111111,0.476190476190476,1.86666666666667,0.212121212121212
"427",0.3095,7.50570407299847,0.833333333333333,0.358182067436797,0.761904761904762,0.897727272727273,1,0.772727272727273,0,0.227272727272727,4.4,0
"428",0.308,7.52415115473192,0.766666666666667,0.398898916195519,0.631578947368421,0.826086956521739,0.857142857142857,0.739130434782609,0.142857142857143,0.260869565217391,3.28571428571429,0.19327731092437
"429",0.2655,6.52060072042267,0.8,0.355358239599269,0.625,0.84375,0.833333333333333,0.791666666666667,0.166666666666667,0.208333333333333,4,0.210526315789474
"430",0.327,7.52442177348694,0.7,0.418086247886787,0.470588235294118,0.722222222222222,0.666666666666667,0.708333333333333,0.333333333333333,0.291666666666667,2.28571428571429,0.470588235294118
"431",0.398,9.50103834007018,0.9,0.370589643651556,0.823529411764706,0.928571428571428,0.777777777777778,0.952380952380952,0.222222222222222,0.0476190476190477,16.3333333333333,0.233333333333333
"432",0.403,9.19693441043491,0.833333333333333,0.371652013753562,0.666666666666667,0.851851851851852,0.555555555555556,0.952380952380952,0.444444444444444,0.0476190476190477,11.6666666666667,0.466666666666667
"433",0.6195,9.93862537007102,0.866666666666667,0.367946715021313,0.714285714285714,0.832298136645963,0.714285714285714,0.91304347826087,0.285714285714286,0.0869565217391305,8.21428571428571,0.312925170068027
"434",0.345,7.52483344204054,0.733333333333333,0.450782167424305,0.6,0.763975155279503,0.857142857142857,0.695652173913043,0.142857142857143,0.304347826086957,2.81632653061224,0.205357142857143
"435",0.229,6.52517945598268,0.633333333333333,0.427223249070579,0.476190476190476,0.659090909090909,0.625,0.636363636363636,0.375,0.363636363636364,1.71875,0.589285714285714
"436",0.2985,7.51197069864572,0.8,0.409574328291801,0.75,0.8,0.9,0.75,0.1,0.25,3.6,0.133333333333333
"437",0.437,9.53089000674307,0.833333333333333,0.368159162293888,0.666666666666667,0.849431818181818,0.625,0.909090909090909,0.375,0.0909090909090909,6.875,0.4125
"438",0.3075,7.50965085605787,0.866666666666667,0.381332014188224,0.777777777777778,0.880681818181818,0.875,0.863636363636364,0.125,0.136363636363636,6.41666666666667,0.144736842105263
"439",0.544,9.49554961683979,0.866666666666667,0.368627401330755,0.666666666666667,0.788194444444445,0.666666666666667,0.916666666666667,0.333333333333333,0.0833333333333334,8,0.363636363636364
"440",0.1195,6.20328139815371,0.666666666666667,0.486287724295454,0.722222222222222,0.717777777777778,0.866666666666667,0.466666666666667,0.133333333333333,0.533333333333333,1.625,0.285714285714286
"441",0.2455,7.51698236138748,0.8,0.455465236343381,0.785714285714286,0.832579185520362,0.846153846153846,0.764705882352941,0.153846153846154,0.235294117647059,3.59615384615385,0.201183431952663
"442",0.398,8.50275370774031,0.9,0.331388233270111,0.727272727272727,0.936,0.8,0.92,0.2,0.08,10,0.217391304347826
"443",0.3395,7.51378588273425,0.866666666666667,0.329909572065297,0.714285714285714,0.94,1,0.84,0,0.16,6.25,0
"444",0.451,9.01879000750309,0.9,0.330150723551693,0.769230769230769,0.96,1,0.88,0,0.12,8.33333333333333,0
"445",0.42,8.50614997102266,0.9,0.321461831293825,0.727272727272727,0.961538461538462,1,0.884615384615385,0,0.115384615384615,8.66666666666666,0
"446",0.236,6.51571837368461,0.8,0.3843493046737,0.7,0.851851851851852,0.777777777777778,0.80952380952381,0.222222222222222,0.19047619047619,4.08333333333333,0.274509803921569
"447",0.309,7.52194152036024,0.866666666666667,0.365779446532744,0.777777777777778,0.897515527950311,1,0.826086956521739,0,0.173913043478261,5.75,0
"448",0.25,7.51900472377099,0.833333333333333,0.438500571099659,0.8,0.840277777777778,0.833333333333333,0.833333333333333,0.166666666666667,0.166666666666667,5,0.2
"449",0.304,7.5214977213957,0.833333333333333,0.350411893390749,0.736842105263158,0.90625,0.875,0.818181818181818,0.125,0.181818181818182,4.8125,0.152777777777778
"450",0.2005,6.5448926526334,0.733333333333333,0.414404911424495,0.6,0.77639751552795,0.857142857142857,0.695652173913043,0.142857142857143,0.304347826086957,2.81632653061224,0.205357142857143
"451",0.2685,7.53410120647979,0.766666666666667,0.42538529172942,0.666666666666667,0.76984126984127,0.777777777777778,0.761904761904762,0.222222222222222,0.238095238095238,3.26666666666667,0.291666666666667
"452",0.2675,7.5147292570421,0.833333333333333,0.418410638331029,0.814814814814815,0.851851851851852,0.916666666666667,0.777777777777778,0.0833333333333334,0.222222222222222,4.125,0.107142857142857
"453",0.3805,8.50818317198305,0.833333333333333,0.368426579526874,0.666666666666667,0.816770186335404,0.714285714285714,0.869565217391304,0.285714285714286,0.130434782608696,5.47619047619048,0.328571428571429
"454",0.509,9.48962090633472,0.8,0.391364979528289,0.571428571428571,0.777777777777778,0.666666666666667,0.833333333333333,0.333333333333333,0.166666666666667,4,0.4
"455",0.7905,12.89003133879,0.833333333333333,0.440784665438982,0.615384615384615,0.716931216931217,0.444444444444444,1,0.555555555555556,0,Inf,0.555555555555556
"456",0.2725,7.52473712349731,0.766666666666667,0.421377773763329,0.72,0.8075,0.9,0.7,0.1,0.3,3,0.142857142857143
"457",0.2845,7.51870215885274,0.766666666666667,0.41022087996075,0.695652173913043,0.7975,0.8,0.75,0.2,0.25,3.2,0.266666666666667
"458",0.2195,6.51950205659006,0.766666666666667,0.42452317898154,0.740740740740741,0.834928229665072,0.909090909090909,0.684210526315789,0.0909090909090909,0.315789473684211,2.87878787878788,0.132867132867133
"459",0.5115,8.99348887219539,0.833333333333333,0.384972248310927,0.705882352941177,0.818181818181818,0.75,0.863636363636364,0.25,0.136363636363636,5.5,0.289473684210526
"460",0.2735,7.52990017007983,0.766666666666667,0.41945843619335,0.666666666666667,0.806878306878307,0.777777777777778,0.761904761904762,0.222222222222222,0.238095238095238,3.26666666666667,0.291666666666667
"461",0.2685,7.51206511233937,0.866666666666667,0.400010005874258,0.818181818181818,0.837320574162679,0.818181818181818,0.894736842105263,0.181818181818182,0.105263157894737,7.77272727272727,0.203208556149733
"462",0.287,7.51338849952949,0.8,0.418465800833543,0.7,0.727513227513227,0.777777777777778,0.80952380952381,0.222222222222222,0.19047619047619,4.08333333333333,0.274509803921569
"463",0.2075,6.08315933381982,0.8,0.393545340692067,0.666666666666667,0.857954545454545,0.75,0.818181818181818,0.25,0.181818181818182,4.125,0.305555555555556
"464",0.5785,9.49167221601221,0.9,0.351266960522139,0.8,0.919254658385093,0.857142857142857,0.91304347826087,0.142857142857143,0.0869565217391305,9.85714285714285,0.156462585034014
"465",0.655,9.47461202188588,0.833333333333333,0.408304481459543,0.545454545454545,0.850961538461538,0.75,0.846153846153846,0.25,0.153846153846154,4.875,0.295454545454545
"466",0.312,7.51559619191548,0.766666666666667,0.370925658912953,0.740740740740741,0.8975,1,0.65,0,0.35,2.85714285714286,0
"467",0.3475,7.51853903885282,0.833333333333333,0.355667882817984,0.666666666666667,0.9,1,0.8,0,0.2,5,0
"468",0.5855,8.48245007642731,0.7,0.507232931543432,0.64,0.775132275132275,0.888888888888889,0.619047619047619,0.111111111111111,0.380952380952381,2.33333333333333,0.17948717948718
"469",0.2565,7.51324734646632,0.833333333333333,0.424754173363868,0.814814814814815,0.877828054298643,0.846153846153846,0.823529411764706,0.153846153846154,0.176470588235294,4.79487179487179,0.186813186813187
"470",0.2415,6.50764598658738,0.8,0.381259133260178,0.727272727272727,0.902116402116402,0.888888888888889,0.761904761904762,0.111111111111111,0.238095238095238,3.73333333333333,0.145833333333333
"471",0.2685,7.51781316164806,0.866666666666667,0.414072583158498,0.833333333333333,0.892344497607655,0.909090909090909,0.842105263157895,0.0909090909090909,0.157894736842105,5.75757575757576,0.107954545454545
"472",0.286,7.52202855209969,0.966666666666667,0.343798042834431,0.947368421052632,0.952380952380952,1,0.952380952380952,0,0.0476190476190477,21,0
"473",0.2545,7.52199447420394,0.666666666666667,0.444540120814134,0.583333333333333,0.717703349282297,0.636363636363636,0.684210526315789,0.363636363636364,0.315789473684211,2.01515151515152,0.531468531468531
"474",0.325,7.51521644890069,0.733333333333333,0.389055715729989,0.5,0.736111111111111,0.666666666666667,0.75,0.333333333333333,0.25,2.66666666666667,0.444444444444444
"475",0.311,7.51606325466183,0.766666666666667,0.367297164586188,0.72,0.891534391534392,1,0.666666666666667,0,0.333333333333333,3,0
"476",0.293,7.51013822370195,0.933333333333333,0.362298247344559,0.888888888888889,0.957671957671958,0.888888888888889,0.952380952380952,0.111111111111111,0.0476190476190477,18.6666666666666,0.116666666666667
"477",0.329,7.52401033903332,0.8,0.363193511557164,0.571428571428571,0.74,0.8,0.8,0.2,0.2,4,0.25
"478",0.3685,8.50719482784294,0.9,0.346207976352254,0.842105263157895,0.896825396825397,0.888888888888889,0.904761904761905,0.111111111111111,0.0952380952380952,9.33333333333333,0.12280701754386
"479",0.2765,7.51587046646874,0.9,0.392766973712901,0.857142857142857,0.97,0.9,0.9,0.1,0.1,9,0.111111111111111
"480",0.7605,10.4603503618496,0.8,0.437281755637473,0.625,0.786931818181818,0.625,0.863636363636364,0.375,0.136363636363636,4.58333333333333,0.434210526315789
"481",0.3515,8.06109750942804,0.9,0.330323493089467,0.823529411764706,0.914772727272727,0.875,0.909090909090909,0.125,0.0909090909090909,9.625,0.1375
"482",0.298,7.5244335315846,0.8,0.398318411705074,0.727272727272727,0.82010582010582,0.888888888888889,0.761904761904762,0.111111111111111,0.238095238095238,3.73333333333333,0.145833333333333
"483",0.3275,7.51339183892788,0.833333333333333,0.358916701113422,0.736842105263158,0.881987577639752,1,0.782608695652174,0,0.217391304347826,4.6,0
"484",0.465,10.0104032640428,0.933333333333333,0.321474638835326,0.833333333333333,0.972222222222222,0.833333333333333,0.958333333333333,0.166666666666667,0.0416666666666666,20,0.173913043478261
"485",0.3345,9.50744351377585,0.866666666666667,0.42360130320666,0.833333333333333,0.916289592760181,0.769230769230769,0.941176470588235,0.230769230769231,0.0588235294117647,13.0769230769231,0.245192307692308
"486",0.2645,7.51251615232403,0.7,0.442663827833645,0.689655172413793,0.773148148148148,0.833333333333333,0.611111111111111,0.166666666666667,0.388888888888889,2.14285714285714,0.272727272727273
"487",0.2695,7.52875551337949,0.9,0.388308553402275,0.8,0.900621118012422,0.857142857142857,0.91304347826087,0.142857142857143,0.0869565217391305,9.85714285714285,0.156462585034014
"488",0.3495,8.51311955093375,0.933333333333333,0.349862164384513,0.9,0.976190476190476,1,0.904761904761905,0,0.0952380952380952,10.5,0
"489",0.2795,7.52874514558251,0.766666666666667,0.407802346914177,0.695652173913043,0.81,0.8,0.75,0.2,0.25,3.2,0.266666666666667
"490",0.4625,10.0052681912672,0.9,0.339213419706828,0.769230769230769,0.850931677018633,0.714285714285714,0.956521739130435,0.285714285714286,0.0434782608695652,16.4285714285714,0.298701298701299
"491",0.506,10.4933957311967,0.866666666666667,0.367643489657591,0.75,0.894886363636364,0.75,0.909090909090909,0.25,0.0909090909090909,8.25,0.275
"492",0.318,7.51831380297073,0.866666666666667,0.341602895408073,0.75,0.940993788819876,0.857142857142857,0.869565217391304,0.142857142857143,0.130434782608696,6.57142857142857,0.164285714285714
"493",0.3255,8.50644397375023,0.9,0.396246719018032,0.869565217391304,0.942583732057416,0.909090909090909,0.894736842105263,0.0909090909090909,0.105263157894737,8.63636363636364,0.101604278074866
"494",0.2825,7.51985324706786,0.8,0.406813298868063,0.727272727272727,0.8625,0.8,0.8,0.2,0.2,4,0.25
"495",0.2655,7.50817891349433,0.866666666666667,0.422482134648122,0.818181818181818,0.8575,0.9,0.85,0.1,0.15,6,0.117647058823529
"496",0.244,7.51379736717884,0.866666666666667,0.4312599759443,0.8,0.794258373205742,0.727272727272727,0.947368421052632,0.272727272727273,0.0526315789473685,13.8181818181818,0.287878787878788
"497",0.2995,7.50690780502194,0.9,0.360634443856992,0.857142857142857,0.96031746031746,1,0.857142857142857,0,0.142857142857143,7,0
"498",0.695,12.4872924315246,0.866666666666667,0.371723768791042,0.6,0.770186335403727,0.428571428571429,1,0.571428571428571,0,Inf,0.571428571428571
"499",0.3055,7.51437240798964,0.866666666666667,0.365271952223211,0.714285714285714,0.829192546583851,0.714285714285714,0.91304347826087,0.285714285714286,0.0869565217391305,8.21428571428571,0.312925170068027
"500",0.2935,7.52025308924789,0.866666666666667,0.384862497485479,0.833333333333333,0.92,1,0.8,0,0.2,5,0
"501",0.2485,6.65456956914751,0.8,0.370710218977272,0.666666666666667,0.826704545454546,0.75,0.818181818181818,0.25,0.181818181818182,4.125,0.305555555555556
"502",0.2875,7.51918973577554,0.7,0.429942451299133,0.526315789473684,0.659090909090909,0.625,0.727272727272727,0.375,0.272727272727273,2.29166666666667,0.515625
"503",0.2865,7.50859949336985,0.866666666666667,0.36929377560567,0.8,0.915343915343915,0.888888888888889,0.857142857142857,0.111111111111111,0.142857142857143,6.22222222222222,0.12962962962963
"504",0.26,6.52441711836856,0.633333333333333,0.401119938949648,0.56,0.763975155279503,1,0.521739130434783,0,0.478260869565217,2.09090909090909,0
"505",0.316,7.51731957747014,0.8,0.357497160630249,0.727272727272727,0.87037037037037,0.888888888888889,0.761904761904762,0.111111111111111,0.238095238095238,3.73333333333333,0.145833333333333
"506",0.3025,7.51580183831098,0.833333333333333,0.365520583671738,0.761904761904762,0.925925925925926,0.888888888888889,0.80952380952381,0.111111111111111,0.19047619047619,4.66666666666667,0.137254901960784
"507",0.347,8.50311972756475,0.9,0.360505349304983,0.842105263157895,0.947089947089947,0.888888888888889,0.904761904761905,0.111111111111111,0.0952380952380952,9.33333333333333,0.12280701754386
"508",0.174,6.53325630092818,0.666666666666667,0.495456899495023,0.6875,0.705357142857143,0.785714285714286,0.5625,0.214285714285714,0.4375,1.79591836734694,0.380952380952381
"509",0.3245,8.51236262214681,0.833333333333333,0.395025110640697,0.782608695652174,0.849282296650718,0.818181818181818,0.842105263157895,0.181818181818182,0.157894736842105,5.18181818181818,0.215909090909091
"510",0.3325,8.5178385507786,0.8,0.430482205374786,0.7,0.758373205741627,0.636363636363636,0.894736842105263,0.363636363636364,0.105263157894737,6.04545454545455,0.406417112299465
"511",0.329,7.51951961757333,0.8,0.363274072668229,0.7,0.894409937888199,1,0.739130434782609,0,0.260869565217391,3.83333333333333,0
"512",0.47,9.50323603930698,0.8,0.412262693149785,0.571428571428571,0.710227272727273,0.5,0.909090909090909,0.5,0.0909090909090909,5.5,0.55
"513",0.2425,6.52125532016477,0.8,0.389759240553084,0.7,0.789772727272727,0.875,0.772727272727273,0.125,0.227272727272727,3.85,0.161764705882353
"514",0.319,8.51886622041297,0.866666666666667,0.393935081204047,0.777777777777778,0.889952153110048,0.636363636363636,1,0.363636363636364,0,Inf,0.363636363636364
"515",0.312,8.04268344374879,0.933333333333333,0.36840362608365,0.9,0.9775,0.9,0.95,0.1,0.05,18,0.105263157894737
"516",0.331,7.50910063506391,0.766666666666667,0.37275727020618,0.666666666666667,0.857142857142857,1,0.695652173913043,0,0.304347826086957,3.28571428571429,0
"517",0.4945,10.5039180757597,0.966666666666667,0.334744126133213,0.909090909090909,0.989583333333333,0.833333333333333,1,0.166666666666667,0,Inf,0.166666666666667
"518",0.168,6.55272911455359,0.666666666666667,0.485684282102185,0.545454545454545,0.701704545454545,0.75,0.636363636363636,0.25,0.363636363636364,2.0625,0.392857142857143
"519",0.184,6.54140698186631,0.8,0.42394949312426,0.785714285714286,0.856459330143541,1,0.684210526315789,0,0.315789473684211,3.16666666666667,0
"520",0.2995,7.52566199035803,0.766666666666667,0.42644279529657,0.631578947368421,0.726708074534161,0.857142857142857,0.739130434782609,0.142857142857143,0.260869565217391,3.28571428571429,0.19327731092437
"521",0.3065,7.50714926940673,0.866666666666667,0.365285007470138,0.8,0.923295454545455,1,0.818181818181818,0,0.181818181818182,5.5,0
"522",0.2985,7.51760329334222,0.833333333333333,0.387033596840461,0.782608695652174,0.83,0.9,0.8,0.1,0.2,4.5,0.125
"523",0.236,7.51940339894655,0.8,0.450837066004759,0.7,0.820574162679426,0.636363636363636,0.894736842105263,0.363636363636364,0.105263157894737,6.04545454545455,0.406417112299465
"524",0.601,9.48768111959228,0.833333333333333,0.369779445607008,0.615384615384615,0.88,0.8,0.84,0.2,0.16,5,0.238095238095238
"525",0.2485,7.19260764682336,0.666666666666667,0.490212587080061,0.615384615384615,0.7025,0.8,0.6,0.2,0.4,2,0.333333333333333
"526",0.266,7.07325293303815,0.733333333333333,0.405699877953104,0.636363636363636,0.772486772486772,0.777777777777778,0.714285714285714,0.222222222222222,0.285714285714286,2.72222222222222,0.311111111111111
"527",0.3205,7.52218654138873,0.766666666666667,0.428342639212509,0.72,0.815,0.9,0.7,0.1,0.3,3,0.142857142857143
"528",0.273,7.51665792348611,0.833333333333333,0.410972006216385,0.736842105263158,0.814814814814815,0.777777777777778,0.857142857142857,0.222222222222222,0.142857142857143,5.44444444444444,0.259259259259259
"529",0.271,7.51769795038031,0.766666666666667,0.424145060857968,0.695652173913043,0.785,0.8,0.75,0.2,0.25,3.2,0.266666666666667
"530",0.3745,8.510358472568,0.766666666666667,0.403462248863831,0.631578947368421,0.78042328042328,0.666666666666667,0.80952380952381,0.333333333333333,0.19047619047619,3.5,0.411764705882353
"531",0.2585,7.52013550700554,0.833333333333333,0.42493272131522,0.761904761904762,0.81,0.8,0.85,0.2,0.15,5.33333333333333,0.235294117647059
"532",0.1975,6.53302810189171,0.733333333333333,0.40674931405752,0.666666666666667,0.82010582010582,0.888888888888889,0.666666666666667,0.111111111111111,0.333333333333333,2.66666666666667,0.166666666666667
"533",0.355,8.60244376866159,0.8,0.402956590662181,0.666666666666667,0.75,0.6,0.9,0.4,0.1,6,0.444444444444444
"534",0.2825,7.5220750922926,0.866666666666667,0.403307480507867,0.8,0.838624338624339,0.888888888888889,0.857142857142857,0.111111111111111,0.142857142857143,6.22222222222222,0.12962962962963
"535",0.2725,7.53766272347719,0.766666666666667,0.479059853085529,0.666666666666667,0.748677248677249,0.777777777777778,0.761904761904762,0.222222222222222,0.238095238095238,3.26666666666667,0.291666666666667
"536",0.5645,9.48910140142801,0.8,0.423378556110984,0.571428571428571,0.707386363636364,0.5,0.909090909090909,0.5,0.0909090909090909,5.5,0.55
"537",0.292,7.52559860136067,0.833333333333333,0.375425762442501,0.736842105263158,0.818181818181818,0.875,0.818181818181818,0.125,0.181818181818182,4.8125,0.152777777777778
"538",0.3295,7.50897470803835,0.733333333333333,0.387804755794304,0.555555555555556,0.763975155279503,0.714285714285714,0.739130434782609,0.285714285714286,0.260869565217391,2.73809523809524,0.38655462184874
"539",0.2755,7.51486577327055,0.833333333333333,0.388014940014211,0.761904761904762,0.8625,0.8,0.85,0.2,0.15,5.33333333333333,0.235294117647059
"540",0.3025,7.50187238921041,0.866666666666667,0.36462651805503,0.833333333333333,0.935,1,0.8,0,0.2,5,0
"541",0.4685,9.02214763205486,0.766666666666667,0.446010055434338,0.666666666666667,0.748803827751196,0.636363636363636,0.842105263157895,0.363636363636364,0.157894736842105,4.03030303030303,0.431818181818182
"542",0.3395,8.50809550989137,0.833333333333333,0.393802934093936,0.736842105263158,0.8625,0.7,0.9,0.3,0.1,7,0.333333333333333
"543",0.3805,9.51236953055567,0.9,0.388522217953702,0.823529411764706,0.845,0.7,1,0.3,0,Inf,0.3
"544",0.27,7.5276605017921,0.9,0.399151019469569,0.823529411764706,0.900568181818182,0.875,0.909090909090909,0.125,0.0909090909090909,9.625,0.1375
"545",0.2235,7.52262828806371,0.8,0.478114078834825,0.785714285714286,0.785714285714286,0.785714285714286,0.8125,0.214285714285714,0.1875,4.19047619047619,0.263736263736264
"546",0.234,7.06874573874556,0.833333333333333,0.421733495538477,0.761904761904762,0.845,0.8,0.85,0.2,0.15,5.33333333333333,0.235294117647059
"547",0.254,7.50798206158422,0.833333333333333,0.434569084738423,0.8,0.872685185185185,0.833333333333333,0.833333333333333,0.166666666666667,0.166666666666667,5,0.2
"548",0.1675,6.17350489323713,0.7,0.431098627604811,0.666666666666667,0.795,0.9,0.6,0.1,0.4,2.25,0.166666666666667
"549",0.378,8.06441286400427,0.833333333333333,0.375372268782853,0.666666666666667,0.829192546583851,0.714285714285714,0.869565217391304,0.285714285714286,0.130434782608696,5.47619047619048,0.328571428571429
"550",0.3095,7.51783211446455,0.7,0.393714866715087,0.608695652173913,0.772727272727273,0.875,0.636363636363636,0.125,0.363636363636364,2.40625,0.196428571428571
"551",0.2785,7.51747347552627,0.8,0.406093834356279,0.7,0.775132275132275,0.777777777777778,0.80952380952381,0.222222222222222,0.19047619047619,4.08333333333333,0.274509803921569
"552",0.512,10.5003957276808,0.866666666666667,0.351571720322248,0.666666666666667,0.885093167701863,0.571428571428571,0.956521739130435,0.428571428571429,0.0434782608695652,13.1428571428572,0.448051948051948
"553",0.1885,5.52716632164633,0.666666666666667,0.400886842898932,0.642857142857143,0.82,0.9,0.55,0.1,0.45,2,0.181818181818182
"554",0.554,9.49270014870881,0.866666666666667,0.352027790852526,0.714285714285714,0.897515527950311,0.714285714285714,0.91304347826087,0.285714285714286,0.0869565217391305,8.21428571428571,0.312925170068027
"555",0.2625,7.04633591426969,0.866666666666667,0.385944800932841,0.846153846153846,0.91866028708134,1,0.789473684210526,0,0.210526315789474,4.75,0
"556",0.2965,7.52640432751605,0.866666666666667,0.362640408316926,0.8,0.91005291005291,0.888888888888889,0.857142857142857,0.111111111111111,0.142857142857143,6.22222222222222,0.12962962962963
"557",0.2395,7.53424619419984,0.833333333333333,0.433409524387055,0.8,0.805555555555556,0.833333333333333,0.833333333333333,0.166666666666667,0.166666666666667,5,0.2
"558",0.302,7.50554394453033,0.866666666666667,0.359188297351012,0.8,0.925925925925926,0.888888888888889,0.857142857142857,0.111111111111111,0.142857142857143,6.22222222222222,0.12962962962963
"559",0.281,7.50756842971788,0.8,0.40464902875201,0.727272727272727,0.83,0.8,0.8,0.2,0.2,4,0.25
"560",0.7665,10.4539324085667,0.833333333333333,0.440118891005575,0.545454545454545,0.6875,0.5,0.916666666666667,0.5,0.0833333333333334,6,0.545454545454546
"561",0.275,7.52791549091004,0.8,0.423920123088495,0.769230769230769,0.813397129186603,0.909090909090909,0.736842105263158,0.0909090909090909,0.263157894736842,3.45454545454545,0.123376623376623
"562",0.281,7.52656979326727,0.833333333333333,0.393528424157093,0.761904761904762,0.841269841269841,0.888888888888889,0.80952380952381,0.111111111111111,0.19047619047619,4.66666666666667,0.137254901960784
"563",0.272,8.50367472516034,0.866666666666667,0.456318307375054,0.846153846153846,0.921875,0.785714285714286,0.9375,0.214285714285714,0.0625,12.5714285714286,0.228571428571429
"564",0.1835,5.52641703003054,0.7,0.400427770219182,0.608695652173913,0.769886363636364,0.875,0.636363636363636,0.125,0.363636363636364,2.40625,0.196428571428571
"565",0.2995,7.51931483602381,0.866666666666667,0.366317847494172,0.818181818181818,0.928571428571428,1,0.80952380952381,0,0.19047619047619,5.25,0
"566",0.2185,7.0835042411939,0.766666666666667,0.463804982742821,0.72,0.791866028708134,0.818181818181818,0.736842105263158,0.181818181818182,0.263157894736842,3.10909090909091,0.246753246753247
"567",0.308,7.51365877831153,0.766666666666667,0.381443948570375,0.72,0.8994708994709,1,0.666666666666667,0,0.333333333333333,3,0
"568",0.303,7.5089035664217,0.8,0.388067371183678,0.727272727272727,0.828042328042328,0.888888888888889,0.761904761904762,0.111111111111111,0.238095238095238,3.73333333333333,0.145833333333333
"569",0.2645,7.51553418912435,0.766666666666667,0.433608371158349,0.740740740740741,0.800925925925926,0.833333333333333,0.722222222222222,0.166666666666667,0.277777777777778,3,0.230769230769231
"570",0.296,7.51693096254628,0.8,0.368631300359645,0.7,0.862433862433862,0.777777777777778,0.80952380952381,0.222222222222222,0.19047619047619,4.08333333333333,0.274509803921569
"571",0.265,7.53263722701752,0.766666666666667,0.440425599743081,0.666666666666667,0.788359788359788,0.777777777777778,0.761904761904762,0.222222222222222,0.238095238095238,3.26666666666667,0.291666666666667
"572",0.382,9.03000307993961,0.9,0.342785141985965,0.823529411764706,0.880952380952381,0.777777777777778,0.952380952380952,0.222222222222222,0.0476190476190477,16.3333333333333,0.233333333333333
"573",0.3475,8.03724608350459,0.833333333333333,0.358604492995714,0.666666666666667,0.885093167701863,0.714285714285714,0.869565217391304,0.285714285714286,0.130434782608696,5.47619047619048,0.328571428571429
"574",0.311,7.50866830064316,0.9,0.355287642976416,0.842105263157895,0.943181818181818,1,0.863636363636364,0,0.136363636363636,7.33333333333333,0
"575",0.293,7.52007575351901,0.866666666666667,0.373543063749602,0.818181818181818,0.8775,0.9,0.85,0.1,0.15,6,0.117647058823529
"576",0.2535,7.53371867376157,0.766666666666667,0.455038637646171,0.72,0.736842105263158,0.818181818181818,0.736842105263158,0.181818181818182,0.263157894736842,3.10909090909091,0.246753246753247
"577",0.333,7.51090422743648,0.866666666666667,0.339520199168877,0.75,0.9375,1,0.833333333333333,0,0.166666666666667,6,0
"578",0.297,7.51811226825699,0.833333333333333,0.386720565639824,0.736842105263158,0.84375,0.875,0.818181818181818,0.125,0.181818181818182,4.8125,0.152777777777778
"579",0.383,9.02674638060648,0.9,0.344478378771119,0.842105263157895,0.886243386243386,0.888888888888889,0.904761904761905,0.111111111111111,0.0952380952380952,9.33333333333333,0.12280701754386
"580",0.3005,7.51443658641327,0.766666666666667,0.398344053781862,0.533333333333333,0.754658385093168,0.571428571428571,0.826086956521739,0.428571428571429,0.173913043478261,3.28571428571429,0.518796992481203
"581",0.2725,7.50852039662604,0.833333333333333,0.387073304039328,0.782608695652174,0.916267942583732,0.818181818181818,0.842105263157895,0.181818181818182,0.157894736842105,5.18181818181818,0.215909090909091
"582",0.3455,8.50983659687279,0.9,0.362990058517315,0.8,0.869318181818182,0.75,0.954545454545455,0.25,0.0454545454545454,16.5,0.261904761904762
"583",0.1425,6.56639406872201,0.666666666666667,0.51255284928935,0.583333333333333,0.658730158730159,0.777777777777778,0.619047619047619,0.222222222222222,0.380952380952381,2.04166666666667,0.358974358974359
"584",0.2695,7.51436242829965,0.8,0.414987270122756,0.7,0.8125,0.7,0.85,0.3,0.15,4.66666666666667,0.352941176470588
"585",0.3085,7.51407899793797,0.9,0.364872660337971,0.823529411764706,0.919254658385093,1,0.869565217391304,0,0.130434782608696,7.66666666666667,0
"586",0.301,7.51441449694735,0.866666666666667,0.367259505841363,0.75,0.857954545454545,0.75,0.909090909090909,0.25,0.0909090909090909,8.25,0.275
"587",0.2955,7.51666999183708,0.766666666666667,0.399712952244161,0.631578947368421,0.775568181818182,0.75,0.772727272727273,0.25,0.227272727272727,3.3,0.323529411764706
"588",0.2045,7.1625456087732,0.733333333333333,0.45530091869623,0.666666666666667,0.760765550239234,0.727272727272727,0.736842105263158,0.272727272727273,0.263157894736842,2.76363636363636,0.37012987012987
"589",0.488,9.49890314498277,0.866666666666667,0.349453952549275,0.666666666666667,0.912,0.8,0.88,0.2,0.12,6.66666666666667,0.227272727272727
"590",0.275,7.52150729820595,0.733333333333333,0.41799367070114,0.6,0.746031746031746,0.666666666666667,0.761904761904762,0.333333333333333,0.238095238095238,2.8,0.4375
"591",0.276,7.51535659537746,0.866666666666667,0.404092055066302,0.833333333333333,0.923444976076555,0.909090909090909,0.842105263157895,0.0909090909090909,0.157894736842105,5.75757575757576,0.107954545454545
"592",0.2245,6.52541744313009,0.866666666666667,0.397623940116047,0.8,0.886243386243386,0.888888888888889,0.857142857142857,0.111111111111111,0.142857142857143,6.22222222222222,0.12962962962963
"593",0.3305,7.50799429316054,0.833333333333333,0.345007054149531,0.705882352941177,0.916666666666667,1,0.791666666666667,0,0.208333333333333,4.8,0
"594",0.264,7.54847069982731,0.666666666666667,0.508773621742929,0.545454545454545,0.6275,0.6,0.7,0.4,0.3,2,0.571428571428572
"595",0.24,7.53222360735266,0.8,0.447383700481168,0.75,0.822966507177034,0.818181818181818,0.789473684210526,0.181818181818182,0.210526315789474,3.88636363636364,0.23030303030303
"596",0.2485,6.51856018547746,0.7,0.384146395566687,0.526315789473684,0.767080745341615,0.714285714285714,0.695652173913043,0.285714285714286,0.304347826086957,2.3469387755102,0.410714285714286
"597",0.218,6.51251405166197,0.8,0.427201951347234,0.785714285714286,0.875,0.916666666666667,0.722222222222222,0.0833333333333334,0.277777777777778,3.3,0.115384615384615
"598",0.1995,6.52275986316344,0.7,0.443464426824938,0.608695652173913,0.735,0.7,0.7,0.3,0.3,2.33333333333333,0.428571428571429
"599",0.2905,7.52741949945445,0.866666666666667,0.376754927268439,0.75,0.838509316770186,0.857142857142857,0.869565217391304,0.142857142857143,0.130434782608696,6.57142857142857,0.164285714285714
"600",0.414,8.51046701064893,0.833333333333333,0.389595921993428,0.736842105263158,0.812169312169312,0.777777777777778,0.857142857142857,0.222222222222222,0.142857142857143,5.44444444444444,0.259259259259259
"601",0.298,7.51856305808092,0.9,0.329220426624778,0.857142857142857,0.941798941798942,1,0.857142857142857,0,0.142857142857143,7,0
"602",0.276,7.05256076920773,0.766666666666667,0.387606129466995,0.740740740740741,0.8625,1,0.65,0,0.35,2.85714285714286,0
"603",0.3005,7.51253549609861,0.766666666666667,0.379484871649274,0.631578947368421,0.775568181818182,0.75,0.772727272727273,0.25,0.227272727272727,3.3,0.323529411764706
"604",0.2505,7.52297516941414,0.833333333333333,0.425426073385816,0.827586206896552,0.868778280542986,0.923076923076923,0.764705882352941,0.0769230769230769,0.235294117647059,3.92307692307692,0.100591715976331
"605",0.262,7.50480168777662,0.766666666666667,0.431188700286556,0.774193548387097,0.857466063348416,0.923076923076923,0.647058823529412,0.0769230769230769,0.352941176470588,2.61538461538462,0.118881118881119
"606",0.2055,6.5424353746812,0.666666666666667,0.447399319988994,0.5,0.708333333333333,0.833333333333333,0.625,0.166666666666667,0.375,2.22222222222222,0.266666666666667
"607",0.361,8.06133962714924,0.866666666666667,0.34395594390755,0.666666666666667,0.895833333333333,0.666666666666667,0.916666666666667,0.333333333333333,0.0833333333333334,8,0.363636363636364
"608",0.2695,7.51079528506887,0.866666666666667,0.414511139699463,0.846153846153846,0.891203703703704,0.916666666666667,0.833333333333333,0.0833333333333334,0.166666666666667,5.5,0.1
"609",0.6015,9.48840064103854,0.833333333333333,0.39188564661968,0.666666666666667,0.809027777777778,0.833333333333333,0.833333333333333,0.166666666666667,0.166666666666667,5,0.2
"610",0.567,9.49565051372246,0.933333333333333,0.328538522436516,0.75,0.870192307692308,0.75,0.961538461538462,0.25,0.0384615384615384,19.5,0.26
"611",0.2605,7.51449867085061,0.866666666666667,0.412106732566463,0.846153846153846,0.928240740740741,0.916666666666667,0.833333333333333,0.0833333333333334,0.166666666666667,5.5,0.1
"612",0.2365,6.51259385294543,0.833333333333333,0.392989532008455,0.782608695652174,0.894179894179894,1,0.761904761904762,0,0.238095238095238,4.2,0
"613",0.2135,6.52147509523833,0.8,0.410554005634166,0.727272727272727,0.82,0.8,0.8,0.2,0.2,4,0.25
"614",0.2385,6.51730594039863,0.666666666666667,0.414966156565542,0.615384615384615,0.753968253968254,0.888888888888889,0.571428571428571,0.111111111111111,0.428571428571429,2.07407407407407,0.194444444444445
"615",0.2235,6.51209200345123,0.8,0.409664128023994,0.785714285714286,0.875,0.916666666666667,0.722222222222222,0.0833333333333334,0.277777777777778,3.3,0.115384615384615
"616",0.3205,8.50502069889532,0.866666666666667,0.40658722623736,0.8,0.832535885167464,0.727272727272727,0.947368421052632,0.272727272727273,0.0526315789473685,13.8181818181818,0.287878787878788
"617",0.3115,7.51415580323748,0.733333333333333,0.400052412827632,0.555555555555556,0.680124223602484,0.714285714285714,0.739130434782609,0.285714285714286,0.260869565217391,2.73809523809524,0.38655462184874
"618",0.354,8.5101061879968,0.833333333333333,0.369183420007395,0.736842105263158,0.878306878306878,0.777777777777778,0.857142857142857,0.222222222222222,0.142857142857143,5.44444444444444,0.259259259259259
"619",0.2215,7.15810903228756,0.7,0.447155991664246,0.608695652173913,0.725,0.7,0.7,0.3,0.3,2.33333333333333,0.428571428571429
"620",0.298,7.52860775017588,0.8,0.402378219673858,0.727272727272727,0.828042328042328,0.888888888888889,0.761904761904762,0.111111111111111,0.238095238095238,3.73333333333333,0.145833333333333
"621",0.2285,6.51660852538084,0.833333333333333,0.395968506461861,0.782608695652174,0.8425,0.9,0.8,0.1,0.2,4.5,0.125
"622",0.2975,7.51312324895579,0.833333333333333,0.381142127703775,0.736842105263158,0.823863636363636,0.875,0.818181818181818,0.125,0.181818181818182,4.8125,0.152777777777778
"623",0.2855,7.5108118746658,0.833333333333333,0.386878372160929,0.761904761904762,0.878306878306878,0.888888888888889,0.80952380952381,0.111111111111111,0.19047619047619,4.66666666666667,0.137254901960784
"624",0.3225,7.52185274642187,0.8,0.377395147922275,0.666666666666667,0.791925465838509,0.857142857142857,0.782608695652174,0.142857142857143,0.217391304347826,3.94285714285714,0.182539682539683
"625",0.3105,7.52852742408473,0.733333333333333,0.43843176497182,0.6,0.767045454545455,0.75,0.727272727272727,0.25,0.272727272727273,2.75,0.34375
"626",0.2745,7.52775309271463,0.866666666666667,0.386139579975027,0.846153846153846,0.886574074074074,0.916666666666667,0.833333333333333,0.0833333333333334,0.166666666666667,5.5,0.1
"627",0.436,9.50180807682727,0.9,0.36315201656442,0.823529411764706,0.855113636363636,0.875,0.909090909090909,0.125,0.0909090909090909,9.625,0.1375
"628",0.334,7.51870453014738,0.833333333333333,0.366214523100098,0.705882352941177,0.847222222222222,1,0.791666666666667,0,0.208333333333333,4.8,0
"629",0.367,9.51061073562148,0.866666666666667,0.387708629530009,0.777777777777778,0.892344497607656,0.636363636363636,1,0.363636363636364,0,Inf,0.363636363636364
"630",0.305,7.52190589928581,0.833333333333333,0.362776333309277,0.761904761904762,0.883597883597884,0.888888888888889,0.80952380952381,0.111111111111111,0.19047619047619,4.66666666666667,0.137254901960784
"631",0.294,7.51167199634829,0.866666666666667,0.368915142221993,0.8,0.899470899470899,0.888888888888889,0.857142857142857,0.111111111111111,0.142857142857143,6.22222222222222,0.12962962962963
"632",0.303,7.5126569675615,0.733333333333333,0.401876321850684,0.636363636363636,0.806878306878307,0.777777777777778,0.714285714285714,0.222222222222222,0.285714285714286,2.72222222222222,0.311111111111111
"633",0.2665,7.51568526182117,0.9,0.408078920949012,0.869565217391304,0.892344497607655,0.909090909090909,0.894736842105263,0.0909090909090909,0.105263157894737,8.63636363636364,0.101604278074866
"634",0.184,6.52921865649501,0.7,0.470595493337433,0.64,0.720095693779904,0.727272727272727,0.684210526315789,0.272727272727273,0.315789473684211,2.3030303030303,0.398601398601399
"635",0.2505,7.04263272608726,0.966666666666667,0.405737964170917,0.956521739130435,0.960648148148148,0.916666666666667,1,0.0833333333333334,0,Inf,0.0833333333333334
"636",0.502,9.99949567691886,0.833333333333333,0.361565521864236,0.666666666666667,0.847826086956522,0.714285714285714,0.869565217391304,0.285714285714286,0.130434782608696,5.47619047619048,0.328571428571429
"637",0.2895,7.51495912745543,0.8,0.401711992559142,0.8,0.849537037037037,1,0.666666666666667,0,0.333333333333333,3,0
"638",0.3375,7.51609964811935,0.733333333333333,0.360204138270968,0.555555555555556,0.850694444444445,0.833333333333333,0.708333333333333,0.166666666666667,0.291666666666667,2.85714285714286,0.235294117647059
"639",0.5005,8.50016626393863,0.733333333333333,0.463904422363806,0.636363636363636,0.783068783068783,0.777777777777778,0.714285714285714,0.222222222222222,0.285714285714286,2.72222222222222,0.311111111111111
"640",0.6175,9.48558092839749,0.833333333333333,0.390127903574126,0.615384615384615,0.888,0.8,0.84,0.2,0.16,5,0.238095238095238
"641",0.276,7.51689205106719,0.833333333333333,0.396815893891464,0.761904761904762,0.8175,0.8,0.85,0.2,0.15,5.33333333333333,0.235294117647059
"642",0.2585,7.51624770497108,0.766666666666667,0.426847529653127,0.72,0.842105263157895,0.818181818181818,0.736842105263158,0.181818181818182,0.263157894736842,3.10909090909091,0.246753246753247
"643",0.2315,6.51604880665456,0.766666666666667,0.410109730910316,0.758620689655172,0.863636363636364,1,0.631578947368421,0,0.368421052631579,2.71428571428571,0
"644",0.6205,9.48284397616147,0.866666666666667,0.382473315941657,0.5,0.641975308641975,0.666666666666667,0.888888888888889,0.333333333333333,0.111111111111111,6,0.375
"645",0.2465,7.5130701172085,0.766666666666667,0.446159453249056,0.72,0.80787037037037,0.75,0.777777777777778,0.25,0.222222222222222,3.375,0.321428571428571
"646",0.2875,7.53057529399663,0.766666666666667,0.412060668057066,0.72,0.79,0.9,0.7,0.1,0.3,3,0.142857142857143
"647",0.288,7.11083707873867,0.733333333333333,0.403152013110696,0.6,0.795138888888889,1,0.666666666666667,0,0.333333333333333,3,0
"648",0.252,7.51429799141444,0.9,0.420335000205981,0.869565217391304,0.875,0.833333333333333,0.944444444444444,0.166666666666667,0.0555555555555556,15,0.176470588235294
"649",0.2945,7.51680222455963,0.733333333333333,0.416615732718278,0.692307692307692,0.8,0.9,0.65,0.1,0.35,2.57142857142857,0.153846153846154
"650",0.1695,6.5438508510435,0.7,0.429450436004327,0.64,0.73,0.8,0.65,0.2,0.35,2.28571428571429,0.307692307692308
"651",0.5,10.4994554915466,0.933333333333333,0.327702356938912,0.833333333333333,0.894409937888199,0.714285714285714,1,0.285714285714286,0,Inf,0.285714285714286
"652",0.193,6.53310607181939,0.8,0.394099831603988,0.7,0.857954545454545,0.875,0.772727272727273,0.125,0.227272727272727,3.85,0.161764705882353
"653",0.253,6.514537961274,0.766666666666667,0.366453286143664,0.631578947368421,0.819875776397516,0.857142857142857,0.739130434782609,0.142857142857143,0.260869565217391,3.28571428571429,0.19327731092437
"654",0.205,6.53850664753289,0.7,0.426347980418548,0.709677419354839,0.796650717703349,1,0.526315789473684,0,0.473684210526316,2.11111111111111,0
"655",0.2575,7.53520397303684,0.833333333333333,0.43093110257432,0.761904761904762,0.765,0.8,0.85,0.2,0.15,5.33333333333333,0.235294117647059
"656",0.283,7.50670308170048,0.866666666666667,0.392650740916127,0.833333333333333,0.935,1,0.8,0,0.2,5,0
"657",0.2435,7.05598986845161,0.8,0.420941400835968,0.769230769230769,0.863636363636364,0.909090909090909,0.736842105263158,0.0909090909090909,0.263157894736842,3.45454545454545,0.123376623376623
"658",0.32,8.58130406999187,0.866666666666667,0.40138626452981,0.833333333333333,0.837962962962963,0.833333333333333,0.888888888888889,0.166666666666667,0.111111111111111,7.5,0.1875
"659",0.2865,8.52110978392136,0.733333333333333,0.474901336761093,0.692307692307692,0.758928571428571,0.642857142857143,0.8125,0.357142857142857,0.1875,3.42857142857143,0.439560439560439
"660",0.231,6.51171050993391,0.833333333333333,0.388177076869486,0.8,0.870813397129187,0.909090909090909,0.789473684210526,0.0909090909090909,0.210526315789474,4.31818181818182,0.115151515151515
"661",0.299,7.51595864191868,0.8,0.384735804759855,0.75,0.875,0.9,0.75,0.1,0.25,3.6,0.133333333333333
"662",0.2815,7.50624038856868,0.833333333333333,0.397137932521568,0.761904761904762,0.8875,0.8,0.85,0.2,0.15,5.33333333333333,0.235294117647059
"663",0.3465,7.50547533412728,0.866666666666667,0.333216886131815,0.714285714285714,0.92,1,0.84,0,0.16,6.25,0
"664",0.4835,10.5046202626211,0.9,0.356841773892497,0.8,0.815340909090909,0.75,0.954545454545455,0.25,0.0454545454545454,16.5,0.261904761904762
"665",0.262,7.06521152990099,0.766666666666667,0.39326045339261,0.740740740740741,0.858851674641148,0.909090909090909,0.684210526315789,0.0909090909090909,0.315789473684211,2.87878787878788,0.132867132867133
"666",0.334,8.50762493725364,0.833333333333333,0.40087955640472,0.736842105263158,0.89,0.7,0.9,0.3,0.1,7,0.333333333333333
"667",0.126,5.54602216503715,0.666666666666667,0.437730429478154,0.642857142857143,0.783068783068783,1,0.523809523809524,0,0.476190476190476,2.1,0
"668",0.45,10.4976007880945,0.866666666666667,0.376905759190821,0.75,0.8625,0.6,1,0.4,0,Inf,0.4
"669",0.5145,8.99040290960038,0.8,0.431018711154569,0.666666666666667,0.748677248677249,0.666666666666667,0.857142857142857,0.333333333333333,0.142857142857143,4.66666666666667,0.388888888888889
"670",0.254,7.51077393046053,0.8,0.449253395887183,0.769230769230769,0.803240740740741,0.833333333333333,0.777777777777778,0.166666666666667,0.222222222222222,3.75,0.214285714285714
"671",0.3545,8.5137143890267,0.833333333333333,0.373121493312373,0.782608695652174,0.9025,0.9,0.8,0.1,0.2,4.5,0.125
"672",0.2005,6.51950753677765,0.733333333333333,0.430951524632297,0.636363636363636,0.74,0.7,0.75,0.3,0.25,2.8,0.4
"673",0.2415,6.51617831303537,0.766666666666667,0.409150675302634,0.758620689655172,0.830143540669856,1,0.631578947368421,0,0.368421052631579,2.71428571428571,0
"674",0.2785,7.50769343950624,0.9,0.390157040174366,0.857142857142857,0.95,0.9,0.9,0.1,0.1,9,0.111111111111111
"675",0.295,7.51053568760663,0.8,0.398245973281144,0.7,0.826704545454545,0.875,0.772727272727273,0.125,0.227272727272727,3.85,0.161764705882353
"676",0.306,7.51406147425266,0.9,0.352057650600112,0.823529411764706,0.931818181818182,0.875,0.909090909090909,0.125,0.0909090909090909,9.625,0.1375
"677",0.322,8.04665213070984,0.833333333333333,0.386379870469391,0.666666666666667,0.822751322751323,0.555555555555556,0.952380952380952,0.444444444444444,0.0476190476190477,11.6666666666667,0.466666666666667
"678",0.243,6.52203084549939,0.666666666666667,0.391229372901165,0.5,0.708074534161491,0.714285714285714,0.652173913043478,0.285714285714286,0.347826086956522,2.05357142857143,0.438095238095238
"679",0.3265,7.5179437543904,0.7,0.386051596339838,0.526315789473684,0.729166666666667,0.833333333333333,0.666666666666667,0.166666666666667,0.333333333333333,2.5,0.25
"680",0.3075,7.52042393203521,0.8,0.370906808613904,0.727272727272727,0.872159090909091,1,0.727272727272727,0,0.272727272727273,3.66666666666667,0
"681",0.3095,7.51223368632505,0.833333333333333,0.368296051603702,0.736842105263158,0.897727272727273,0.875,0.818181818181818,0.125,0.181818181818182,4.8125,0.152777777777778
"682",0.4175,9.49991374865046,0.866666666666667,0.379797172473522,0.777777777777778,0.7775,0.7,0.95,0.3,0.05,14,0.315789473684211
"683",0.3045,8.50792169578602,0.866666666666667,0.40979389460884,0.777777777777778,0.861244019138756,0.636363636363636,1,0.363636363636364,0,Inf,0.363636363636364
"684",0.2695,7.53133655042847,0.8,0.449513764687631,0.75,0.7675,0.9,0.75,0.1,0.25,3.6,0.133333333333333
"685",0.2635,7.51216266452418,0.866666666666667,0.418338664937027,0.833333333333333,0.894736842105263,0.909090909090909,0.842105263157895,0.0909090909090909,0.157894736842105,5.75757575757576,0.107954545454545
"686",0.215,6.5266128336456,0.733333333333333,0.431104526632375,0.714285714285714,0.747685185185185,0.833333333333333,0.666666666666667,0.166666666666667,0.333333333333333,2.5,0.25
"687",0.304,7.50528921336044,0.833333333333333,0.369258562672824,0.736842105263158,0.860795454545455,0.875,0.818181818181818,0.125,0.181818181818182,4.8125,0.152777777777778
"688",0.193,6.52005377829351,0.733333333333333,0.46647187798968,0.714285714285714,0.798611111111111,0.833333333333333,0.666666666666667,0.166666666666667,0.333333333333333,2.5,0.25
"689",0.308,7.5156832749564,0.8,0.378805745932874,0.727272727272727,0.849206349206349,0.888888888888889,0.761904761904762,0.111111111111111,0.238095238095238,3.73333333333333,0.145833333333333
"690",0.383,9.50983382868347,0.933333333333333,0.378031075384954,0.888888888888889,0.8575,0.8,1,0.2,0,Inf,0.2
"691",0.2205,6.53178056437653,0.7,0.419331263245362,0.526315789473684,0.71875,0.625,0.727272727272727,0.375,0.272727272727273,2.29166666666667,0.515625
"692",0.4865,9.99907207143327,0.866666666666667,0.348928799199867,0.714285714285714,0.91304347826087,0.714285714285714,0.91304347826087,0.285714285714286,0.0869565217391305,8.21428571428571,0.312925170068027
"693",0.3615,9.51136647411524,0.866666666666667,0.42693390641206,0.777777777777778,0.815789473684211,0.636363636363636,1,0.363636363636364,0,Inf,0.363636363636364
"694",0.2885,7.51211745033373,0.833333333333333,0.382178177934545,0.782608695652174,0.925,0.9,0.8,0.1,0.2,4.5,0.125
"695",0.278,7.52843398621771,0.766666666666667,0.440036346311616,0.758620689655172,0.782407407407407,0.916666666666667,0.666666666666667,0.0833333333333334,0.333333333333333,2.75,0.125
"696",0.2715,7.51567889296647,0.833333333333333,0.407634455852557,0.782608695652174,0.897129186602871,0.818181818181818,0.842105263157895,0.181818181818182,0.157894736842105,5.18181818181818,0.215909090909091
"697",0.311,7.52541771509642,0.733333333333333,0.420099392344739,0.636363636363636,0.761363636363636,0.875,0.681818181818182,0.125,0.318181818181818,2.75,0.183333333333333
"698",0.2665,7.541949571391,0.666666666666667,0.512678411206369,0.615384615384615,0.629186602870813,0.727272727272727,0.631578947368421,0.272727272727273,0.368421052631579,1.97402597402597,0.431818181818182
"699",0.2505,7.53051005261328,0.866666666666667,0.429956981505412,0.833333333333333,0.842105263157895,0.909090909090909,0.842105263157895,0.0909090909090909,0.157894736842105,5.75757575757576,0.107954545454545
"700",0.1795,6.53045323221754,0.733333333333333,0.477880490731459,0.714285714285714,0.746606334841629,0.769230769230769,0.705882352941177,0.230769230769231,0.294117647058823,2.61538461538462,0.326923076923077
"701",0.6175,9.94499943476294,0.833333333333333,0.36951644222529,0.666666666666667,0.866459627329193,0.714285714285714,0.869565217391304,0.285714285714286,0.130434782608696,5.47619047619048,0.328571428571429
"702",0.278,7.50804521839226,0.866666666666667,0.392692009171562,0.818181818181818,0.91,0.9,0.85,0.1,0.15,6,0.117647058823529
"703",0.3275,7.51424706765185,0.866666666666667,0.345128804858907,0.777777777777778,0.928571428571429,1,0.826086956521739,0,0.173913043478261,5.75,0
"704",0.28,7.50883769715268,0.8,0.395766749756598,0.727272727272727,0.835,0.8,0.8,0.2,0.2,4,0.25
"705",0.272,7.51120108448151,0.766666666666667,0.407165699011426,0.740740740740741,0.885167464114833,0.909090909090909,0.684210526315789,0.0909090909090909,0.315789473684211,2.87878787878788,0.132867132867133
"706",0.275,7.51711931456588,0.733333333333333,0.417744497421632,0.666666666666667,0.7725,0.8,0.7,0.2,0.3,2.66666666666667,0.285714285714286
"707",0.38,8.5126433044739,0.8,0.422061142189744,0.75,0.803240740740741,0.75,0.833333333333333,0.25,0.166666666666667,4.5,0.3
"708",0.3805,8.50703891603761,0.833333333333333,0.354305296652573,0.666666666666667,0.854037267080745,0.714285714285714,0.869565217391304,0.285714285714286,0.130434782608696,5.47619047619048,0.328571428571429
"709",0.3005,7.51083958265647,0.733333333333333,0.395493947156179,0.714285714285714,0.865,1,0.6,0,0.4,2.5,0
"710",0.303,7.50892989375011,0.733333333333333,0.394510977509003,0.6,0.767045454545455,0.75,0.727272727272727,0.25,0.272727272727273,2.75,0.34375
"711",0.4445,9.04859318101107,0.833333333333333,0.357244623238197,0.666666666666667,0.900621118012422,0.714285714285714,0.869565217391304,0.285714285714286,0.130434782608696,5.47619047619048,0.328571428571429
"712",0.317,8.51573817810096,0.8,0.420719308769029,0.769230769230769,0.809954751131222,0.769230769230769,0.823529411764706,0.230769230769231,0.176470588235294,4.35897435897436,0.28021978021978
"713",0.511,9.49792267706479,0.9,0.363874140903287,0.823529411764706,0.851851851851852,0.777777777777778,0.952380952380952,0.222222222222222,0.0476190476190477,16.3333333333333,0.233333333333333
"714",0.5335,9.49378295786043,0.866666666666667,0.373033475774077,0.777777777777778,0.875661375661376,0.777777777777778,0.904761904761905,0.222222222222222,0.0952380952380952,8.16666666666667,0.245614035087719
"715",0.2295,7.51764184145442,0.8,0.463393493570306,0.75,0.819444444444444,0.75,0.833333333333333,0.25,0.166666666666667,4.5,0.3
"716",0.36,9.50133396960601,0.866666666666667,0.418357354096822,0.818181818181818,0.877314814814815,0.75,0.944444444444444,0.25,0.0555555555555556,13.5,0.264705882352941
"717",0.207,6.51915046553486,0.9,0.43986368051066,0.888888888888889,0.9375,1,0.833333333333333,0,0.166666666666667,6,0
"718",0.442,9.06360853888243,0.8,0.389381545003852,0.571428571428571,0.760869565217391,0.571428571428571,0.869565217391304,0.428571428571429,0.130434782608696,4.38095238095238,0.492857142857143
"719",0.541,10.4972381940446,0.9,0.354316736606406,0.727272727272727,0.871527777777778,0.666666666666667,0.958333333333333,0.333333333333333,0.0416666666666666,16,0.347826086956522
"720",0.3005,7.51169447280806,0.766666666666667,0.400322005194804,0.695652173913043,0.785714285714286,0.888888888888889,0.714285714285714,0.111111111111111,0.285714285714286,3.11111111111111,0.155555555555556
"721",0.282,7.52671676323949,0.9,0.374844369177026,0.842105263157895,0.899470899470899,0.888888888888889,0.904761904761905,0.111111111111111,0.0952380952380952,9.33333333333333,0.12280701754386
"722",0.2035,6.52599719135656,0.9,0.437390616986405,0.88,0.902777777777778,0.916666666666667,0.888888888888889,0.0833333333333334,0.111111111111111,8.25,0.09375
"723",0.3375,8.51024749061116,0.833333333333333,0.393940851773197,0.705882352941177,0.7775,0.6,0.95,0.4,0.05,12,0.421052631578947
"724",0.295,7.52629016992005,0.8,0.391041930293917,0.727272727272727,0.804232804232804,0.888888888888889,0.761904761904762,0.111111111111111,0.238095238095238,3.73333333333333,0.145833333333333
"725",0.285,7.53149944222387,0.766666666666667,0.411395588766331,0.588235294117647,0.714285714285714,0.714285714285714,0.782608695652174,0.285714285714286,0.217391304347826,3.28571428571429,0.365079365079365
"726",0.5075,10.5005452852265,0.866666666666667,0.360724522469559,0.75,0.798295454545455,0.75,0.909090909090909,0.25,0.0909090909090909,8.25,0.275
"727",0.284,7.52509120042703,0.8,0.408761512262635,0.727272727272727,0.841269841269841,0.888888888888889,0.761904761904762,0.111111111111111,0.238095238095238,3.73333333333333,0.145833333333333
"728",0.0945,5.54486907324277,0.766666666666667,0.485715553896902,0.8,0.785714285714286,1,0.5625,0,0.4375,2.28571428571429,0
"729",0.2335,7.52116521741701,0.7,0.479052102253107,0.689655172413793,0.739819004524887,0.769230769230769,0.647058823529412,0.230769230769231,0.352941176470588,2.17948717948718,0.356643356643357
"730",0.2725,7.0531144972335,0.8,0.380349618933459,0.769230769230769,0.89,1,0.7,0,0.3,3.33333333333333,0
"731",0.313,7.52265989688859,0.833333333333333,0.359363759073188,0.736842105263158,0.900621118012422,1,0.782608695652174,0,0.217391304347826,4.6,0
"732",0.263,7.53593232972476,0.766666666666667,0.452613216413175,0.72,0.741626794258373,0.818181818181818,0.736842105263158,0.181818181818182,0.263157894736842,3.10909090909091,0.246753246753247
"733",0.1795,6.52394949173204,0.7,0.489333808140207,0.727272727272727,0.772321428571429,0.857142857142857,0.5625,0.142857142857143,0.4375,1.95918367346939,0.253968253968254
"734",0.458,10.4976975103886,0.866666666666667,0.372299933745005,0.777777777777778,0.88,0.7,0.95,0.3,0.05,14,0.315789473684211
"735",0.2735,7.50981579347839,0.833333333333333,0.397672762695434,0.8,0.894736842105263,0.909090909090909,0.789473684210526,0.0909090909090909,0.210526315789474,4.31818181818182,0.115151515151515
"736",0.085,5.56612277217259,0.6,0.476070212366877,0.625,0.729166666666667,0.833333333333333,0.444444444444444,0.166666666666667,0.555555555555556,1.5,0.375
"737",0.2845,7.52412987292704,0.766666666666667,0.420866145526682,0.588235294117647,0.673295454545455,0.625,0.818181818181818,0.375,0.181818181818182,3.4375,0.458333333333333
"738",0.223,7.54119792634421,0.733333333333333,0.500486331340081,0.692307692307692,0.75,0.75,0.722222222222222,0.25,0.277777777777778,2.7,0.346153846153846
"739",0.1275,5.51761212785279,0.733333333333333,0.518150803757284,0.777777777777778,0.815555555555556,0.933333333333333,0.533333333333333,0.0666666666666667,0.466666666666667,2,0.125
"740",0.427,8.50960066937045,0.833333333333333,0.374431556548003,0.666666666666667,0.838509316770186,0.714285714285714,0.869565217391304,0.285714285714286,0.130434782608696,5.47619047619048,0.328571428571429
"741",0.1515,5.53456283204917,0.733333333333333,0.453629904163718,0.714285714285714,0.799043062200957,0.909090909090909,0.631578947368421,0.0909090909090909,0.368421052631579,2.46753246753247,0.143939393939394
"742",0.414,9.01988481393967,0.866666666666667,0.345662079887609,0.714285714285714,0.916149068322981,0.714285714285714,0.91304347826087,0.285714285714286,0.0869565217391305,8.21428571428571,0.312925170068027
"743",0.327,8.038674415036,0.8,0.39334423198036,0.666666666666667,0.835978835978836,0.666666666666667,0.857142857142857,0.333333333333333,0.142857142857143,4.66666666666667,0.388888888888889
"744",0.573,9.48997436622022,0.833333333333333,0.410592352614888,0.705882352941177,0.772727272727273,0.75,0.863636363636364,0.25,0.136363636363636,5.5,0.289473684210526
"745",0.312,7.50383848119085,0.833333333333333,0.355058513194668,0.761904761904762,0.902116402116402,0.888888888888889,0.80952380952381,0.111111111111111,0.19047619047619,4.66666666666667,0.137254901960784
"746",0.525,10.4994130644721,0.9,0.329163913828628,0.666666666666667,0.924,0.6,0.96,0.4,0.04,15,0.416666666666667
"747",0.275,7.52543085296445,0.733333333333333,0.416664670927654,0.714285714285714,0.820574162679426,0.909090909090909,0.631578947368421,0.0909090909090909,0.368421052631579,2.46753246753247,0.143939393939394
"748",0.452,9.50395683333173,0.866666666666667,0.357402475109089,0.666666666666667,0.832298136645963,0.571428571428571,0.956521739130435,0.428571428571429,0.0434782608695652,13.1428571428572,0.448051948051948
"749",0.3,7.51421459488173,0.733333333333333,0.41169367506601,0.6,0.747159090909091,0.75,0.727272727272727,0.25,0.272727272727273,2.75,0.34375
"750",0.2455,7.53259208531187,0.833333333333333,0.423511519367277,0.761904761904762,0.8425,0.8,0.85,0.2,0.15,5.33333333333333,0.235294117647059
"751",0.2145,6.50831086942317,0.866666666666667,0.423160701471407,0.846153846153846,0.900452488687783,0.846153846153846,0.882352941176471,0.153846153846154,0.117647058823529,7.19230769230769,0.174358974358974
"752",0.542,9.49436220786853,0.866666666666667,0.351516747251656,0.714285714285714,0.903726708074534,0.714285714285714,0.91304347826087,0.285714285714286,0.0869565217391305,8.21428571428571,0.312925170068027
"753",0.368,7.51974590455003,0.766666666666667,0.453564254627056,0.695652173913043,0.818181818181818,1,0.681818181818182,0,0.318181818181818,3.14285714285714,0
"754",0.1725,6.54298865144385,0.766666666666667,0.437777971617796,0.740740740740741,0.789473684210526,0.909090909090909,0.684210526315789,0.0909090909090909,0.315789473684211,2.87878787878788,0.132867132867133
"755",0.304,7.51841943042663,0.833333333333333,0.365944705246446,0.736842105263158,0.840909090909091,0.875,0.818181818181818,0.125,0.181818181818182,4.8125,0.152777777777778
"756",0.3635,8.51121154839223,0.8,0.39423729241721,0.7,0.814814814814815,0.777777777777778,0.80952380952381,0.222222222222222,0.19047619047619,4.08333333333333,0.274509803921569
"757",0.308,7.51091316718238,0.866666666666667,0.35476942883529,0.75,0.847826086956522,0.857142857142857,0.869565217391304,0.142857142857143,0.130434782608696,6.57142857142857,0.164285714285714
"758",0.545,10.4985254035199,0.8,0.415438138928449,0.666666666666667,0.735,0.6,0.9,0.4,0.1,6,0.444444444444444
"759",0.298,7.51161501354636,0.833333333333333,0.372782709674839,0.761904761904762,0.851851851851852,0.888888888888889,0.80952380952381,0.111111111111111,0.19047619047619,4.66666666666667,0.137254901960784
"760",0.258,7.51458824519933,0.833333333333333,0.433770048813395,0.761904761904762,0.8175,0.8,0.85,0.2,0.15,5.33333333333333,0.235294117647059
"761",0.263,7.51818184229934,0.766666666666667,0.425044572507453,0.72,0.808612440191388,0.818181818181818,0.736842105263158,0.181818181818182,0.263157894736842,3.10909090909091,0.246753246753247
"762",0.3815,8.50438205090009,0.8,0.382392559004468,0.625,0.736024844720497,0.714285714285714,0.826086956521739,0.285714285714286,0.173913043478261,4.10714285714286,0.345864661654135
"763",0.706,10.4761460250995,0.9,0.347719466078464,0.727272727272727,0.936,0.8,0.92,0.2,0.08,10,0.217391304347826
"764",0.2695,7.04888223122795,0.833333333333333,0.377250701158407,0.761904761904762,0.912698412698413,0.888888888888889,0.80952380952381,0.111111111111111,0.19047619047619,4.66666666666667,0.137254901960784
"765",0.203,5.52553233764022,0.733333333333333,0.370566822994602,0.636363636363636,0.852272727272727,0.875,0.681818181818182,0.125,0.318181818181818,2.75,0.183333333333333
"766",0.29,7.51522583883717,0.833333333333333,0.385637145815659,0.761904761904762,0.833333333333333,0.888888888888889,0.80952380952381,0.111111111111111,0.19047619047619,4.66666666666667,0.137254901960784
"767",0.287,7.51428933840942,0.833333333333333,0.38269449493452,0.782608695652174,0.9225,0.9,0.8,0.1,0.2,4.5,0.125
"768",0.57,10.4917249486575,0.9,0.351949997521653,0.571428571428571,0.725961538461538,0.5,0.961538461538462,0.5,0.0384615384615384,13,0.52
"769",0.28,7.52400146753223,0.833333333333333,0.395124453915006,0.761904761904762,0.814814814814815,0.888888888888889,0.80952380952381,0.111111111111111,0.19047619047619,4.66666666666667,0.137254901960784
"770",0.4515,10.4960078694364,0.833333333333333,0.37877151852607,0.782608695652174,0.909090909090909,0.818181818181818,0.842105263157895,0.181818181818182,0.157894736842105,5.18181818181818,0.215909090909091
"771",0.6805,10.475390222215,0.833333333333333,0.37375853837901,0.705882352941177,0.878306878306878,0.666666666666667,0.904761904761905,0.333333333333333,0.0952380952380952,7,0.368421052631579
"772",0.2905,7.52904309443559,0.7,0.403788926353432,0.526315789473684,0.751552795031056,0.714285714285714,0.695652173913043,0.285714285714286,0.304347826086957,2.3469387755102,0.410714285714286
"773",0.373,8.51118872849083,0.8,0.386157818928056,0.7,0.822751322751323,0.777777777777778,0.80952380952381,0.222222222222222,0.19047619047619,4.08333333333333,0.274509803921569
"774",0.457,9.49622313686694,0.9,0.351072781063502,0.8,0.860248447204969,0.857142857142857,0.91304347826087,0.142857142857143,0.0869565217391305,9.85714285714285,0.156462585034014
"775",0.2595,8.05208023954878,0.866666666666667,0.453731856340242,0.8,0.925925925925926,0.666666666666667,1,0.333333333333333,0,Inf,0.333333333333333
"776",0.275,7.52980181009457,0.766666666666667,0.438088604414527,0.72,0.815,0.9,0.7,0.1,0.3,3,0.142857142857143
"777",0.312,7.51645395582934,0.7,0.397325007868115,0.571428571428571,0.741477272727273,0.75,0.681818181818182,0.25,0.318181818181818,2.35714285714286,0.366666666666667
"778",0.2905,7.51038045201751,0.833333333333333,0.38628380456405,0.761904761904762,0.857142857142857,0.888888888888889,0.80952380952381,0.111111111111111,0.19047619047619,4.66666666666667,0.137254901960784
"779",0.2805,7.05065609518154,0.833333333333333,0.370971423064822,0.782608695652174,0.904761904761905,1,0.761904761904762,0,0.238095238095238,4.2,0
"780",0.307,7.51005974106408,0.866666666666667,0.365457713779962,0.8,0.934659090909091,1,0.818181818181818,0,0.181818181818182,5.5,0
"781",0.277,7.04445599524759,0.833333333333333,0.36832208975286,0.782608695652174,0.904761904761905,1,0.761904761904762,0,0.238095238095238,4.2,0
"782",0.292,7.51622204965759,0.833333333333333,0.376331697731065,0.736842105263158,0.854497354497354,0.777777777777778,0.857142857142857,0.222222222222222,0.142857142857143,5.44444444444444,0.259259259259259
"783",0.2635,7.53049421900079,0.8,0.438097308358118,0.785714285714286,0.81712962962963,0.916666666666667,0.722222222222222,0.0833333333333334,0.277777777777778,3.3,0.115384615384615
"784",0.2895,7.51522151909154,0.833333333333333,0.379744177044728,0.736842105263158,0.85978835978836,0.777777777777778,0.857142857142857,0.222222222222222,0.142857142857143,5.44444444444444,0.259259259259259
"785",0.3715,7.52143559388192,0.666666666666667,0.478272684186002,0.5,0.760416666666667,0.833333333333333,0.625,0.166666666666667,0.375,2.22222222222222,0.266666666666667
"786",0.589,11.5750314004663,0.866666666666667,0.363584978859367,0.666666666666667,0.806818181818182,0.5,1,0.5,0,Inf,0.5
"787",0.26,7.51922275406567,0.866666666666667,0.417550375675655,0.833333333333333,0.895833333333333,0.833333333333333,0.888888888888889,0.166666666666667,0.111111111111111,7.5,0.1875
"788",0.338,7.52209631672275,0.766666666666667,0.393228723131913,0.631578947368421,0.81055900621118,0.857142857142857,0.739130434782609,0.142857142857143,0.260869565217391,3.28571428571429,0.19327731092437
"789",0.2975,7.51284854554213,0.8,0.388042626044383,0.727272727272727,0.843915343915344,0.888888888888889,0.761904761904762,0.111111111111111,0.238095238095238,3.73333333333333,0.145833333333333
"790",0.4285,9.50286830542323,0.9,0.355426747670382,0.823529411764706,0.87037037037037,0.777777777777778,0.952380952380952,0.222222222222222,0.0476190476190477,16.3333333333333,0.233333333333333
"791",0.2695,7.52091440645169,0.8,0.409434085866875,0.7,0.7825,0.7,0.85,0.3,0.15,4.66666666666667,0.352941176470588
"792",0.3385,7.51621548797319,0.766666666666667,0.373817041333031,0.631578947368421,0.864583333333333,1,0.708333333333333,0,0.291666666666667,3.42857142857143,0
"793",0.2225,6.53304534470235,0.7,0.388627845944677,0.470588235294118,0.76,0.8,0.68,0.2,0.32,2.5,0.294117647058823
"794",0.708,9.46281173464827,0.8,0.482113729039044,0.4,0.600961538461538,0.5,0.846153846153846,0.5,0.153846153846154,3.25,0.590909090909091
"795",0.2915,7.50783419297964,0.833333333333333,0.373928921819468,0.782608695652174,0.8975,0.9,0.8,0.1,0.2,4.5,0.125
"796",0.263,7.51123065646046,0.766666666666667,0.427893531113944,0.72,0.8075,0.9,0.7,0.1,0.3,3,0.142857142857143
"797",0.21,7.53632660969566,0.8,0.486400391203443,0.769230769230769,0.759259259259259,0.833333333333333,0.777777777777778,0.166666666666667,0.222222222222222,3.75,0.214285714285714
"798",0.31,7.52877013710375,0.733333333333333,0.433188030719995,0.636363636363636,0.758522727272727,0.875,0.681818181818182,0.125,0.318181818181818,2.75,0.183333333333333
"799",0.3065,7.51351877257199,0.933333333333333,0.348302805125583,0.9,0.96031746031746,1,0.904761904761905,0,0.0952380952380952,10.5,0
"800",0.2515,7.52085216892883,0.766666666666667,0.438856818066898,0.695652173913043,0.803827751196172,0.727272727272727,0.789473684210526,0.272727272727273,0.210526315789474,3.45454545454546,0.345454545454545
"801",0.342,7.51458923111647,0.7,0.399145833242956,0.571428571428571,0.782608695652174,0.857142857142857,0.652173913043478,0.142857142857143,0.347826086956522,2.46428571428571,0.219047619047619
"802",0.3135,7.51310599877497,0.733333333333333,0.385219421674539,0.555555555555556,0.739130434782609,0.714285714285714,0.739130434782609,0.285714285714286,0.260869565217391,2.73809523809524,0.38655462184874
"803",0.2635,7.52940618423721,0.8,0.410256613297314,0.75,0.779904306220096,0.818181818181818,0.789473684210526,0.181818181818182,0.210526315789474,3.88636363636364,0.23030303030303
"804",0.199,6.53918270735379,0.766666666666667,0.381750773388267,0.695652173913043,0.857142857142857,0.888888888888889,0.714285714285714,0.111111111111111,0.285714285714286,3.11111111111111,0.155555555555556
"805",0.2885,7.51282813016291,0.766666666666667,0.393722830401085,0.666666666666667,0.793650793650794,0.777777777777778,0.761904761904762,0.222222222222222,0.238095238095238,3.26666666666667,0.291666666666667
"806",0.2965,7.5128710396568,0.8,0.40330329066825,0.727272727272727,0.830687830687831,0.888888888888889,0.761904761904762,0.111111111111111,0.238095238095238,3.73333333333333,0.145833333333333
"807",0.293,7.52182137016143,0.833333333333333,0.394853889193228,0.736842105263158,0.855113636363636,0.875,0.818181818181818,0.125,0.181818181818182,4.8125,0.152777777777778
"808",0.1895,6.07385951209117,0.833333333333333,0.443167897543627,0.827586206896552,0.886877828054299,0.923076923076923,0.764705882352941,0.0769230769230769,0.235294117647059,3.92307692307692,0.100591715976331
"809",0.254,7.51492100886376,0.733333333333333,0.436905474223603,0.692307692307692,0.787037037037037,0.75,0.722222222222222,0.25,0.277777777777778,2.7,0.346153846153846
"810",0.233,7.5142936627858,0.9,0.467233898996271,0.903225806451613,0.908482142857143,1,0.8125,0,0.1875,5.33333333333333,0
"811",0.298,7.51808118670329,0.866666666666667,0.361554575902633,0.8,0.912698412698413,0.888888888888889,0.857142857142857,0.111111111111111,0.142857142857143,6.22222222222222,0.12962962962963
"812",0.3925,9.50443363797572,0.933333333333333,0.352861881016531,0.875,0.883597883597884,0.777777777777778,1,0.222222222222222,0,Inf,0.222222222222222
"813",0.357,7.51027034176524,0.8,0.365488461213747,0.625,0.876,1,0.76,0,0.24,4.16666666666667,0
"814",0.314,7.51371206651358,0.833333333333333,0.352664992488536,0.761904761904762,0.940340909090909,1,0.772727272727273,0,0.227272727272727,4.4,0
"815",0.285,7.11544170344415,0.733333333333333,0.415960095278414,0.5,0.772,0.8,0.72,0.2,0.28,2.85714285714286,0.277777777777778
"816",0.4345,8.57432842599067,0.833333333333333,0.373644217201554,0.666666666666667,0.801242236024845,0.714285714285714,0.869565217391304,0.285714285714286,0.130434782608696,5.47619047619048,0.328571428571429
"817",0.279,7.510397493973,0.866666666666667,0.392101334475423,0.8,0.9225,0.8,0.9,0.2,0.1,8,0.222222222222222
"818",0.292,7.51155792603993,0.8,0.394930905277144,0.727272727272727,0.82010582010582,0.888888888888889,0.761904761904762,0.111111111111111,0.238095238095238,3.73333333333333,0.145833333333333
"819",0.2595,7.51656798100584,0.8,0.431300864905587,0.75,0.787081339712919,0.818181818181818,0.789473684210526,0.181818181818182,0.210526315789474,3.88636363636364,0.23030303030303
"820",0.3815,8.51091100391513,0.866666666666667,0.378040391006009,0.714285714285714,0.720496894409938,0.714285714285714,0.91304347826087,0.285714285714286,0.0869565217391305,8.21428571428571,0.312925170068027
"821",0.263,7.5163281113758,0.766666666666667,0.435277064763913,0.695652173913043,0.7975,0.8,0.75,0.2,0.25,3.2,0.266666666666667
"822",0.2875,7.52776891016828,0.733333333333333,0.42993598959389,0.692307692307692,0.805,0.9,0.65,0.1,0.35,2.57142857142857,0.153846153846154
"823",0.305,7.51630862616826,0.8,0.38703097145621,0.625,0.826086956521739,0.714285714285714,0.826086956521739,0.285714285714286,0.173913043478261,4.10714285714286,0.345864661654135
"824",0.4605,9.52685582595864,0.866666666666667,0.35583456403437,0.5,0.684,0.4,0.96,0.6,0.04,9.99999999999999,0.625
"825",0.3135,8.6264342849655,0.866666666666667,0.4104271988847,0.8,0.916267942583732,0.727272727272727,0.947368421052632,0.272727272727273,0.0526315789473685,13.8181818181818,0.287878787878788
"826",0.192,6.53967335992375,0.7,0.457397187924331,0.608695652173913,0.704545454545454,0.875,0.636363636363636,0.125,0.363636363636364,2.40625,0.196428571428571
"827",0.6435,9.92315332443559,0.866666666666667,0.380278254131339,0.777777777777778,0.825396825396825,0.777777777777778,0.904761904761905,0.222222222222222,0.0952380952380952,8.16666666666667,0.245614035087719
"828",0.459,9.50175935840007,0.866666666666667,0.356135101366471,0.666666666666667,0.798611111111111,0.666666666666667,0.916666666666667,0.333333333333333,0.0833333333333334,8,0.363636363636364
"829",0.282,7.5122139164368,0.9,0.382987125460438,0.823529411764706,0.875661375661376,0.777777777777778,0.952380952380952,0.222222222222222,0.0476190476190477,16.3333333333333,0.233333333333333
"830",0.24,7.52349545055529,0.733333333333333,0.471245983647872,0.636363636363636,0.712918660287081,0.636363636363636,0.789473684210526,0.363636363636364,0.210526315789474,3.02272727272727,0.460606060606061
"831",0.257,7.52246039814986,0.733333333333333,0.437748698942582,0.714285714285714,0.849537037037037,0.833333333333333,0.666666666666667,0.166666666666667,0.333333333333333,2.5,0.25
"832",0.2385,7.17750313012557,0.766666666666667,0.465014143520068,0.666666666666667,0.761904761904762,0.777777777777778,0.761904761904762,0.222222222222222,0.238095238095238,3.26666666666667,0.291666666666667
"833",0.298,7.51306298234938,0.733333333333333,0.40007550880107,0.733333333333333,0.858851674641148,1,0.578947368421053,0,0.421052631578947,2.375,0
"834",0.2875,7.51890282016805,0.766666666666667,0.402808589981808,0.588235294117647,0.764204545454545,0.625,0.818181818181818,0.375,0.181818181818182,3.4375,0.458333333333333
"835",0.2865,7.51522242887206,0.866666666666667,0.380440120550161,0.833333333333333,0.9625,1,0.8,0,0.2,5,0
"836",0.2615,7.50829759270345,0.866666666666667,0.429584910532677,0.833333333333333,0.849282296650718,0.909090909090909,0.842105263157895,0.0909090909090909,0.157894736842105,5.75757575757576,0.107954545454545
"837",0.265,7.51318579207951,0.833333333333333,0.417562432847933,0.782608695652174,0.894736842105263,0.818181818181818,0.842105263157895,0.181818181818182,0.157894736842105,5.18181818181818,0.215909090909091
"838",0.1725,6.5459853216382,0.7,0.455341615756443,0.666666666666667,0.76,0.9,0.6,0.1,0.4,2.25,0.166666666666667
"839",0.319,7.5175262013055,0.8,0.385453211171193,0.625,0.729166666666667,0.833333333333333,0.791666666666667,0.166666666666667,0.208333333333333,4,0.210526315789474
"840",0.375,9.0307055087723,0.9,0.364659310830072,0.842105263157895,0.907407407407407,0.888888888888889,0.904761904761905,0.111111111111111,0.0952380952380952,9.33333333333333,0.12280701754386
"841",0.645,12.49001824041,0.933333333333333,0.330744187232325,0.8,0.934027777777778,0.666666666666667,1,0.333333333333333,0,Inf,0.333333333333333
"842",0.2465,7.52706501402804,0.9,0.41847908264996,0.88,0.87037037037037,0.916666666666667,0.888888888888889,0.0833333333333334,0.111111111111111,8.25,0.09375
"843",0.2115,6.51880787903769,0.733333333333333,0.434067661471236,0.733333333333333,0.844907407407407,0.916666666666667,0.611111111111111,0.0833333333333334,0.388888888888889,2.35714285714286,0.136363636363636
"844",0.3,7.51773772467711,0.766666666666667,0.410463674119997,0.631578947368421,0.715909090909091,0.75,0.772727272727273,0.25,0.227272727272727,3.3,0.323529411764706
"845",0.2715,7.52078924019533,0.733333333333333,0.429724086132871,0.666666666666667,0.741626794258373,0.727272727272727,0.736842105263158,0.272727272727273,0.263157894736842,2.76363636363636,0.37012987012987
"846",0.2795,6.5166134152396,0.766666666666667,0.351424321109008,0.631578947368421,0.899305555555556,1,0.708333333333333,0,0.291666666666667,3.42857142857143,0
"847",0.299,7.51844270179223,0.766666666666667,0.391278427443035,0.72,0.8725,0.9,0.7,0.1,0.3,3,0.142857142857143
"848",0.352,8.51263842436863,0.933333333333333,0.355514179187239,0.888888888888889,0.965608465608466,0.888888888888889,0.952380952380952,0.111111111111111,0.0476190476190477,18.6666666666666,0.116666666666667
"849",0.5425,10.4919309837045,0.866666666666667,0.355096210733766,0.666666666666667,0.798611111111111,0.666666666666667,0.916666666666667,0.333333333333333,0.0833333333333334,8,0.363636363636364
"850",0.459,9.50087100625946,0.933333333333333,0.34787293269843,0.75,0.852,0.6,1,0.4,0,Inf,0.4
"851",0.547,8.9732486616508,0.8,0.427284576887666,0.625,0.760869565217391,0.714285714285714,0.826086956521739,0.285714285714286,0.173913043478261,4.10714285714286,0.345864661654135
"852",0.2125,6.52773332551242,0.633333333333333,0.467347464831142,0.645161290322581,0.660287081339713,0.909090909090909,0.473684210526316,0.0909090909090909,0.526315789473684,1.72727272727273,0.191919191919192
"853",0.5385,10.5003378412185,0.933333333333333,0.328064717633294,0.8,0.952,0.8,0.96,0.2,0.04,20,0.208333333333333
"854",0.2585,7.51954157112736,0.8,0.436623190164158,0.75,0.837320574162679,0.818181818181818,0.789473684210526,0.181818181818182,0.210526315789474,3.88636363636364,0.23030303030303
"855",0.212,6.51415577471718,0.8,0.429241725512458,0.75,0.87799043062201,0.818181818181818,0.789473684210526,0.181818181818182,0.210526315789474,3.88636363636364,0.23030303030303
"856",0.5435,9.4975314459004,0.866666666666667,0.353436188671074,0.777777777777778,0.838624338624339,0.777777777777778,0.904761904761905,0.222222222222222,0.0952380952380952,8.16666666666667,0.245614035087719
"857",0.615,9.48368754197152,0.833333333333333,0.388286767410604,0.736842105263158,0.883522727272727,0.875,0.818181818181818,0.125,0.181818181818182,4.8125,0.152777777777778
"858",0.533,9.49324590074938,0.833333333333333,0.380994727084079,0.705882352941177,0.867724867724868,0.666666666666667,0.904761904761905,0.333333333333333,0.0952380952380952,7,0.368421052631579
"859",0.2745,7.52835630213029,0.8,0.406848550725442,0.727272727272727,0.85978835978836,0.888888888888889,0.761904761904762,0.111111111111111,0.238095238095238,3.73333333333333,0.145833333333333
"860",0.2255,6.529800433374,0.7,0.42561622571442,0.608695652173913,0.701058201058201,0.777777777777778,0.666666666666667,0.222222222222222,0.333333333333333,2.33333333333333,0.333333333333333
"861",0.3585,8.5055061666149,0.833333333333333,0.382679392814542,0.761904761904762,0.89,0.8,0.85,0.2,0.15,5.33333333333333,0.235294117647059
"862",0.2715,7.51301571314306,0.833333333333333,0.413885334342235,0.8,0.861244019138756,0.909090909090909,0.789473684210526,0.0909090909090909,0.210526315789474,4.31818181818182,0.115151515151515
"863",0.436,9.50279074522738,0.866666666666667,0.374408767549669,0.8,0.875661375661376,0.888888888888889,0.857142857142857,0.111111111111111,0.142857142857143,6.22222222222222,0.12962962962963
"864",0.316,7.51487382795343,0.866666666666667,0.349144204837261,0.75,0.885093167701863,0.857142857142857,0.869565217391304,0.142857142857143,0.130434782608696,6.57142857142857,0.164285714285714
"865",0.25,6.52292666469947,0.666666666666667,0.409838908991261,0.545454545454545,0.726708074534162,0.857142857142857,0.608695652173913,0.142857142857143,0.391304347826087,2.19047619047619,0.23469387755102
"866",0.301,7.51564304131462,0.8,0.367524144640088,0.7,0.857142857142857,0.777777777777778,0.80952380952381,0.222222222222222,0.19047619047619,4.08333333333333,0.274509803921569
"867",0.2585,6.51689547411097,0.766666666666667,0.371895306211707,0.631578947368421,0.81055900621118,0.857142857142857,0.739130434782609,0.142857142857143,0.260869565217391,3.28571428571429,0.19327731092437
"868",0.294,7.52289383131349,0.833333333333333,0.382060226777238,0.782608695652174,0.888888888888889,1,0.761904761904762,0,0.238095238095238,4.2,0
"869",0.08,5.57677509347119,0.666666666666667,0.497515940348983,0.615384615384615,0.716931216931217,0.888888888888889,0.571428571428571,0.111111111111111,0.428571428571429,2.07407407407407,0.194444444444445
"870",0.208,7.52853085164276,0.8,0.513020293882329,0.8125,0.790178571428571,0.8125,0.785714285714286,0.1875,0.214285714285714,3.79166666666667,0.238636363636364
"871",0.3115,7.53451699242912,0.7,0.475098483535913,0.571428571428571,0.701704545454545,0.75,0.681818181818182,0.25,0.318181818181818,2.35714285714286,0.366666666666667
"872",0.4525,9.50794647516107,0.866666666666667,0.346069896056517,0.666666666666667,0.854166666666667,0.666666666666667,0.916666666666667,0.333333333333333,0.0833333333333334,8,0.363636363636364
"873",0.225,7.13828886318973,0.733333333333333,0.428081657052864,0.666666666666667,0.79,0.8,0.7,0.2,0.3,2.66666666666667,0.285714285714286
"874",0.243,6.51740707495651,0.633333333333333,0.409724837527598,0.620689655172414,0.8,0.9,0.5,0.1,0.5,1.8,0.2
"875",0.272,7.51823556636586,0.666666666666667,0.451071539672096,0.583333333333333,0.6775,0.7,0.65,0.3,0.35,2,0.461538461538462
"876",0.268,7.53078900879827,0.8,0.409637752297413,0.727272727272727,0.7875,0.8,0.8,0.2,0.2,4,0.25
"877",0.253,7.54138454269271,0.733333333333333,0.492328247768109,0.692307692307692,0.705741626794258,0.818181818181818,0.684210526315789,0.181818181818182,0.315789473684211,2.59090909090909,0.265734265734266
"878",0.209,6.5143418740354,0.8,0.441478231521092,0.785714285714286,0.861111111111111,0.916666666666667,0.722222222222222,0.0833333333333334,0.277777777777778,3.3,0.115384615384615
"879",0.479,9.01229559600846,0.833333333333333,0.37572602915776,0.705882352941177,0.829545454545455,0.75,0.863636363636364,0.25,0.136363636363636,5.5,0.289473684210526
"880",0.2085,5.52515316947663,0.666666666666667,0.378783498845998,0.583333333333333,0.822981366459627,1,0.565217391304348,0,0.434782608695652,2.3,0
"881",0.5845,9.49168680947696,0.833333333333333,0.394016053867256,0.705882352941177,0.829545454545455,0.75,0.863636363636364,0.25,0.136363636363636,5.5,0.289473684210526
"882",0.2895,7.51064107539215,0.833333333333333,0.379979218482087,0.8,0.945,1,0.75,0,0.25,4,0
"883",0.255,6.51368608116731,0.866666666666667,0.364439594687294,0.8,0.926136363636364,1,0.818181818181818,0,0.181818181818182,5.5,0
"884",0.281,7.5110679654564,0.733333333333333,0.405240167839962,0.692307692307692,0.808612440191388,0.818181818181818,0.684210526315789,0.181818181818182,0.315789473684211,2.59090909090909,0.265734265734266
"885",0.276,7.52507337065559,0.8,0.413814090782697,0.666666666666667,0.753968253968254,0.666666666666667,0.857142857142857,0.333333333333333,0.142857142857143,4.66666666666667,0.388888888888889
"886",0.2655,7.53188519411027,0.8,0.424991763159826,0.727272727272727,0.7975,0.8,0.8,0.2,0.2,4,0.25
"887",0.4905,10.4945149283911,0.866666666666667,0.382151882065211,0.777777777777778,0.82,0.7,0.95,0.3,0.05,14,0.315789473684211
"888",0.3605,8.02595187199615,0.9,0.332055497782255,0.666666666666667,0.86,0.6,0.96,0.4,0.04,15,0.416666666666667
"889",0.2355,6.51556553564222,0.833333333333333,0.385311625448583,0.761904761904762,0.915343915343915,0.888888888888889,0.80952380952381,0.111111111111111,0.19047619047619,4.66666666666667,0.137254901960784
"890",0.282,7.51791008000058,0.733333333333333,0.414848099718825,0.666666666666667,0.8075,0.8,0.7,0.2,0.3,2.66666666666667,0.285714285714286
"891",0.2195,7.07404307921914,0.766666666666667,0.462306654733799,0.740740740740741,0.8125,0.833333333333333,0.722222222222222,0.166666666666667,0.277777777777778,3,0.230769230769231
"892",0.292,7.51294656823656,0.866666666666667,0.370292788329978,0.75,0.897727272727273,0.75,0.909090909090909,0.25,0.0909090909090909,8.25,0.275
"893",0.1435,6.21009109276096,0.766666666666667,0.445952234263649,0.666666666666667,0.785714285714286,0.777777777777778,0.761904761904762,0.222222222222222,0.238095238095238,3.26666666666667,0.291666666666667
"894",0.269,7.53357898979521,0.766666666666667,0.480664051410736,0.740740740740741,0.748803827751196,0.909090909090909,0.684210526315789,0.0909090909090909,0.315789473684211,2.87878787878788,0.132867132867133
"895",0.2725,7.51112181694391,0.8,0.411938589637067,0.75,0.8525,0.9,0.75,0.1,0.25,3.6,0.133333333333333
"896",0.289,7.51187427854086,0.833333333333333,0.380871868261574,0.705882352941177,0.855113636363636,0.75,0.863636363636364,0.25,0.136363636363636,5.5,0.289473684210526
"897",0.236,6.51712009801537,0.766666666666667,0.403820437893349,0.758620689655172,0.87799043062201,1,0.631578947368421,0,0.368421052631579,2.71428571428571,0
"898",0.665,10.4814280789523,0.9,0.32271356918501,0.727272727272727,0.932,0.8,0.92,0.2,0.08,10,0.217391304347826
"899",0.511,8.49916376467926,0.8,0.4202513834618,0.666666666666667,0.850931677018634,0.857142857142857,0.782608695652174,0.142857142857143,0.217391304347826,3.94285714285714,0.182539682539683
"900",0.273,7.51903952494789,0.733333333333333,0.412457134771559,0.636363636363636,0.76,0.7,0.75,0.3,0.25,2.8,0.4
"901",0.283,7.52292425765626,0.8,0.399753955743547,0.75,0.855,0.9,0.75,0.1,0.25,3.6,0.133333333333333
"902",0.2065,6.53490422699798,0.733333333333333,0.388445811123036,0.636363636363636,0.84375,0.875,0.681818181818182,0.125,0.318181818181818,2.75,0.183333333333333
"903",0.2585,6.50861613388156,0.8,0.367754157387072,0.727272727272727,0.928977272727273,1,0.727272727272727,0,0.272727272727273,3.66666666666667,0
"904",0.2795,7.51477755182194,0.8,0.421916726814943,0.75,0.79,0.9,0.75,0.1,0.25,3.6,0.133333333333333
"905",0.2565,7.51322405048019,0.833333333333333,0.426335872894863,0.814814814814815,0.854166666666667,0.916666666666667,0.777777777777778,0.0833333333333334,0.222222222222222,4.125,0.107142857142857
"906",0.188,6.53525202351651,0.833333333333333,0.410005511479264,0.814814814814815,0.866028708133971,1,0.736842105263158,0,0.263157894736842,3.8,0
"907",0.109,6.56317832095764,0.666666666666667,0.489089048632501,0.583333333333333,0.69377990430622,0.636363636363636,0.684210526315789,0.363636363636364,0.315789473684211,2.01515151515152,0.531468531468531
"908",0.2315,7.5243252094295,0.866666666666667,0.464879288153644,0.857142857142857,0.895089285714286,0.857142857142857,0.875,0.142857142857143,0.125,6.85714285714286,0.163265306122449
"909",0.414,9.50625428363094,0.9,0.353823271911469,0.823529411764706,0.87037037037037,0.777777777777778,0.952380952380952,0.222222222222222,0.0476190476190477,16.3333333333333,0.233333333333333
"910",0.2945,7.51637038698211,0.666666666666667,0.428369631610877,0.615384615384615,0.7175,0.8,0.6,0.2,0.4,2,0.333333333333333
"911",0.2785,7.50454333850108,0.9,0.395975273771518,0.869565217391304,0.921052631578947,0.909090909090909,0.894736842105263,0.0909090909090909,0.105263157894737,8.63636363636364,0.101604278074866
"912",0.2645,7.50645652478747,0.8,0.421491024743912,0.785714285714286,0.863425925925926,0.916666666666667,0.722222222222222,0.0833333333333334,0.277777777777778,3.3,0.115384615384615
"913",0.2405,7.51887203393903,0.833333333333333,0.460920526666163,0.827586206896552,0.893665158371041,0.923076923076923,0.764705882352941,0.0769230769230769,0.235294117647059,3.92307692307692,0.100591715976331
"914",0.3045,7.06301774478198,0.666666666666667,0.395890888739212,0.375,0.676,0.6,0.68,0.4,0.32,1.875,0.588235294117647
"915",0.2255,6.516809047033,0.833333333333333,0.423783340504268,0.814814814814815,0.894736842105263,1,0.736842105263158,0,0.263157894736842,3.8,0
"916",0.3535,8.49980803735003,0.933333333333333,0.344137382869556,0.875,0.985795454545455,0.875,0.954545454545455,0.125,0.0454545454545454,19.25,0.130952380952381
"917",0.274,7.513462032033,0.766666666666667,0.418630193866623,0.740740740740741,0.866028708133971,0.909090909090909,0.684210526315789,0.0909090909090909,0.315789473684211,2.87878787878788,0.132867132867133
"918",0.287,7.51555905246289,0.866666666666667,0.380043493185699,0.818181818181818,0.9275,0.9,0.85,0.1,0.15,6,0.117647058823529
"919",0.36,8.07212698147898,0.8,0.40687525219665,0.666666666666667,0.833333333333333,0.666666666666667,0.857142857142857,0.333333333333333,0.142857142857143,4.66666666666667,0.388888888888889
"920",0.3945,8.50303175219861,0.866666666666667,0.347672684773065,0.714285714285714,0.923611111111111,0.833333333333333,0.875,0.166666666666667,0.125,6.66666666666667,0.19047619047619
"921",0.2365,7.51278673015425,0.866666666666667,0.467223444994959,0.846153846153846,0.893665158371041,0.846153846153846,0.882352941176471,0.153846153846154,0.117647058823529,7.19230769230769,0.174358974358974
"922",0.3045,7.51602990602234,0.766666666666667,0.385876878379409,0.695652173913043,0.87037037037037,0.888888888888889,0.714285714285714,0.111111111111111,0.285714285714286,3.11111111111111,0.155555555555556
"923",0.141,6.55912230346367,0.666666666666667,0.47353381039009,0.545454545454545,0.682539682539683,0.666666666666667,0.666666666666667,0.333333333333333,0.333333333333333,2,0.5
"924",0.3135,7.52054094865488,0.833333333333333,0.365225273976284,0.705882352941177,0.885416666666667,1,0.791666666666667,0,0.208333333333333,4.8,0
"925",0.125,6.57187868421009,0.7,0.515646374771139,0.571428571428571,0.626984126984127,0.666666666666667,0.714285714285714,0.333333333333333,0.285714285714286,2.33333333333333,0.466666666666667
"926",0.2735,7.5337603080397,0.766666666666667,0.419816306728958,0.666666666666667,0.777777777777778,0.777777777777778,0.761904761904762,0.222222222222222,0.238095238095238,3.26666666666667,0.291666666666667
"927",0.29,7.51471879575079,0.8,0.378552813728636,0.75,0.905,0.9,0.75,0.1,0.25,3.6,0.133333333333333
"928",0.291,8.5154409790359,0.8,0.458107396777831,0.769230769230769,0.790178571428571,0.714285714285714,0.875,0.285714285714286,0.125,5.71428571428571,0.326530612244898
"929",0.2865,7.520936028723,0.766666666666667,0.409697388019572,0.666666666666667,0.740740740740741,0.777777777777778,0.761904761904762,0.222222222222222,0.238095238095238,3.26666666666667,0.291666666666667
"930",0.3065,7.51442442992381,0.866666666666667,0.366359240347156,0.714285714285714,0.854037267080745,0.714285714285714,0.91304347826087,0.285714285714286,0.0869565217391305,8.21428571428571,0.312925170068027
"931",0.1965,6.5240217431384,0.666666666666667,0.469592639857503,0.666666666666667,0.712962962962963,0.833333333333333,0.555555555555556,0.166666666666667,0.444444444444444,1.875,0.3
"932",0.426,9.50446526062623,0.9,0.363697046531107,0.8,0.786931818181818,0.75,0.954545454545455,0.25,0.0454545454545454,16.5,0.261904761904762
"933",0.2615,7.50949928632633,0.866666666666667,0.423598942595992,0.846153846153846,0.9375,0.916666666666667,0.833333333333333,0.0833333333333334,0.166666666666667,5.5,0.1
"934",0.2955,7.52774255840154,0.766666666666667,0.409611845347552,0.695652173913043,0.783068783068783,0.888888888888889,0.714285714285714,0.111111111111111,0.285714285714286,3.11111111111111,0.155555555555556
"935",0.2505,7.52244254995329,0.8,0.439438188715227,0.785714285714286,0.834841628959276,0.846153846153846,0.764705882352941,0.153846153846154,0.235294117647059,3.59615384615385,0.201183431952663
"936",0.2185,6.53387826959737,0.7,0.411771784767763,0.64,0.821022727272727,1,0.590909090909091,0,0.409090909090909,2.44444444444444,0
"937",0.2855,7.51452894558661,0.766666666666667,0.399034652506634,0.695652173913043,0.78,0.8,0.75,0.2,0.25,3.2,0.266666666666667
"938",0.235,7.17280871147264,0.633333333333333,0.459785398348988,0.476190476190476,0.65625,0.625,0.636363636363636,0.375,0.363636363636364,1.71875,0.589285714285714
"939",0.284,7.53051063286175,0.766666666666667,0.439310646427092,0.72,0.7725,0.9,0.7,0.1,0.3,3,0.142857142857143
"940",0.2225,6.51378367964373,0.8,0.421196658441769,0.8,0.886574074074074,1,0.666666666666667,0,0.333333333333333,3,0
"941",0.212,6.51369195043539,0.833333333333333,0.436498309546189,0.827586206896552,0.914351851851852,1,0.722222222222222,0,0.277777777777778,3.6,0
"942",0.299,7.51681387643964,0.866666666666667,0.376047123165563,0.818181818181818,0.917989417989418,1,0.80952380952381,0,0.19047619047619,5.25,0
"943",0.421,8.50883114917066,0.833333333333333,0.379035472462503,0.8,0.873205741626794,0.909090909090909,0.789473684210526,0.0909090909090909,0.210526315789474,4.31818181818182,0.115151515151515
"944",0.285,7.51388873435555,0.9,0.384835479266761,0.869565217391304,0.9425,1,0.85,0,0.15,6.66666666666667,0
"945",0.28,7.51095836405705,0.866666666666667,0.382890413089567,0.777777777777778,0.888888888888889,0.777777777777778,0.904761904761905,0.222222222222222,0.0952380952380952,8.16666666666667,0.245614035087719
"946",0.307,7.51806695724581,0.766666666666667,0.37605754423209,0.695652173913043,0.854497354497354,0.888888888888889,0.714285714285714,0.111111111111111,0.285714285714286,3.11111111111111,0.155555555555556
"947",0.3035,7.51882776037585,0.733333333333333,0.409441484688836,0.692307692307692,0.8075,0.9,0.65,0.1,0.35,2.57142857142857,0.153846153846154
"948",0.373,8.51292691282934,0.8,0.381570646720772,0.625,0.75,0.625,0.863636363636364,0.375,0.136363636363636,4.58333333333333,0.434210526315789
"949",0.387,9.13137963572843,0.866666666666667,0.374477223922551,0.666666666666667,0.735795454545454,0.5,1,0.5,0,Inf,0.5
"950",0.2145,6.51115956078562,0.8,0.42814636924712,0.8,0.828054298642534,0.923076923076923,0.705882352941177,0.0769230769230769,0.294117647058823,3.13846153846154,0.108974358974359
"951",0.24,7.51326939869521,0.833333333333333,0.438460594219977,0.736842105263158,0.803827751196172,0.636363636363636,0.947368421052632,0.363636363636364,0.0526315789473685,12.0909090909091,0.383838383838384
"952",0.2555,7.50744540882739,0.8,0.429337687393553,0.769230769230769,0.842592592592593,0.833333333333333,0.777777777777778,0.166666666666667,0.222222222222222,3.75,0.214285714285714
"953",0.318,8.51714957520276,0.833333333333333,0.415071438185951,0.736842105263158,0.796650717703349,0.636363636363636,0.947368421052632,0.363636363636364,0.0526315789473685,12.0909090909091,0.383838383838384
"954",0.953,12.7046586515549,0.866666666666667,0.459209642926343,0.5,0.612,0.4,0.96,0.6,0.04,9.99999999999999,0.625
"955",0.282,7.51350245883913,0.9,0.388936924586858,0.857142857142857,0.9025,0.9,0.9,0.1,0.1,9,0.111111111111111
"956",0.1545,6.55092214102574,0.7,0.468970989942166,0.608695652173913,0.69047619047619,0.777777777777778,0.666666666666667,0.222222222222222,0.333333333333333,2.33333333333333,0.333333333333333
"957",0.2685,7.52037620384325,0.833333333333333,0.411397084740301,0.782608695652174,0.880382775119617,0.818181818181818,0.842105263157895,0.181818181818182,0.157894736842105,5.18181818181818,0.215909090909091
"958",0.454,9.50297009858009,0.9,0.344538294993365,0.666666666666667,0.798611111111111,0.5,1,0.5,0,Inf,0.5
"959",0.291,7.51579284756711,0.8,0.382782098334799,0.7,0.883597883597884,0.777777777777778,0.80952380952381,0.222222222222222,0.19047619047619,4.08333333333333,0.274509803921569
"960",0.2715,7.05092232710527,0.833333333333333,0.375875851252761,0.736842105263158,0.832386363636364,0.875,0.818181818181818,0.125,0.181818181818182,4.8125,0.152777777777778
"961",0.365,8.50485659449847,0.9,0.356570456730034,0.823529411764706,0.883522727272727,0.875,0.909090909090909,0.125,0.0909090909090909,9.625,0.1375
"962",0.2835,7.51894454727554,0.8,0.403992156525095,0.75,0.8,0.9,0.75,0.1,0.25,3.6,0.133333333333333
"963",0.2915,7.51166760990481,0.8,0.414628818210527,0.727272727272727,0.80952380952381,0.888888888888889,0.761904761904762,0.111111111111111,0.238095238095238,3.73333333333333,0.145833333333333
"964",0.321,7.51303598938806,0.9,0.343569760234586,0.823529411764706,0.937888198757764,1,0.869565217391304,0,0.130434782608696,7.66666666666667,0
"965",0.327,7.51017071657236,0.866666666666667,0.346487967858378,0.714285714285714,0.909722222222222,0.833333333333333,0.875,0.166666666666667,0.125,6.66666666666667,0.19047619047619
"966",0.298,7.51061914104753,0.9,0.3682159055293,0.823529411764706,0.946022727272727,0.875,0.909090909090909,0.125,0.0909090909090909,9.625,0.1375
"967",0.555,9.49195718479734,0.833333333333333,0.387183601686295,0.705882352941177,0.806878306878307,0.666666666666667,0.904761904761905,0.333333333333333,0.0952380952380952,7,0.368421052631579
"968",0.3085,8.5973698896984,0.866666666666667,0.40527030117833,0.8,0.898148148148148,0.666666666666667,1,0.333333333333333,0,Inf,0.333333333333333
"969",0.336,7.51563761473057,0.766666666666667,0.364437888645133,0.533333333333333,0.788,0.8,0.76,0.2,0.24,3.33333333333333,0.263157894736842
"970",0.3115,7.51415580735438,0.833333333333333,0.36154922537998,0.666666666666667,0.748447204968944,0.714285714285714,0.869565217391304,0.285714285714286,0.130434782608696,5.47619047619048,0.328571428571429
"971",0.275,7.0507855631144,0.833333333333333,0.378376082049265,0.761904761904762,0.87037037037037,0.888888888888889,0.80952380952381,0.111111111111111,0.19047619047619,4.66666666666667,0.137254901960784
"972",0.3,7.52091241331567,0.833333333333333,0.386665453133626,0.761904761904762,0.866477272727273,1,0.772727272727273,0,0.227272727272727,4.4,0
"973",0.2225,6.52077783907867,0.8,0.410787345283275,0.75,0.8375,0.9,0.75,0.1,0.25,3.6,0.133333333333333
"974",0.4895,10.0048726321393,0.866666666666667,0.37355869640869,0.777777777777778,0.838068181818182,0.875,0.863636363636364,0.125,0.136363636363636,6.41666666666667,0.144736842105263
"975",0.2645,7.52174273289789,0.766666666666667,0.423593524226427,0.631578947368421,0.740740740740741,0.666666666666667,0.80952380952381,0.333333333333333,0.19047619047619,3.5,0.411764705882353
"976",0.306,7.5187599798575,0.8,0.374508861056696,0.727272727272727,0.880681818181818,1,0.727272727272727,0,0.272727272727273,3.66666666666667,0
"977",0.309,8.51081308591146,0.866666666666667,0.411862617130412,0.833333333333333,0.884259259259259,0.833333333333333,0.888888888888889,0.166666666666667,0.111111111111111,7.5,0.1875
"978",0.212,6.5443219006313,0.666666666666667,0.446774604566351,0.444444444444444,0.696,0.8,0.64,0.2,0.36,2.22222222222222,0.3125
"979",0.2625,7.53302544152996,0.766666666666667,0.417641137440726,0.72,0.782296650717703,0.818181818181818,0.736842105263158,0.181818181818182,0.263157894736842,3.10909090909091,0.246753246753247
"980",0.308,7.51741188781433,0.9,0.344841663074483,0.857142857142857,0.968253968253968,1,0.857142857142857,0,0.142857142857143,7,0
"981",0.2645,7.51766657525659,0.8,0.421584252040145,0.785714285714286,0.868055555555556,0.916666666666667,0.722222222222222,0.0833333333333334,0.277777777777778,3.3,0.115384615384615
"982",0.331,7.51700893478977,0.766666666666667,0.387701773590839,0.588235294117647,0.809027777777778,0.833333333333333,0.75,0.166666666666667,0.25,3.33333333333333,0.222222222222222
"983",0.2695,7.51730346853481,0.8,0.42303793816776,0.727272727272727,0.77,0.8,0.8,0.2,0.2,4,0.25
"984",0.354,8.50244968686778,0.833333333333333,0.382966650096123,0.736842105263158,0.862433862433862,0.777777777777778,0.857142857142857,0.222222222222222,0.142857142857143,5.44444444444444,0.259259259259259
"985",0.47,9.49956550028874,0.833333333333333,0.395957933682224,0.8,0.866515837104072,0.769230769230769,0.882352941176471,0.230769230769231,0.117647058823529,6.53846153846154,0.261538461538461
"986",0.3545,7.52617034520671,0.7,0.465656144285385,0.608695652173913,0.784090909090909,0.875,0.636363636363636,0.125,0.363636363636364,2.40625,0.196428571428571
"987",0.305,7.51555836526957,0.8,0.38621587786268,0.727272727272727,0.825396825396825,0.888888888888889,0.761904761904762,0.111111111111111,0.238095238095238,3.73333333333333,0.145833333333333
"988",0.456,8.50564554699132,0.766666666666667,0.430553950312238,0.695652173913043,0.775,0.8,0.75,0.2,0.25,3.2,0.266666666666667
"989",0.528,10.4990101940375,0.9,0.355603627813299,0.769230769230769,0.847826086956522,0.714285714285714,0.956521739130435,0.285714285714286,0.0434782608695652,16.4285714285714,0.298701298701299
"990",0.46,9.50174680587964,0.833333333333333,0.372617854836824,0.615384615384615,0.77639751552795,0.571428571428571,0.91304347826087,0.428571428571429,0.0869565217391305,6.57142857142857,0.469387755102041
"991",0.224,6.51935479489569,0.766666666666667,0.416054731388871,0.740740740740741,0.822966507177033,0.909090909090909,0.684210526315789,0.0909090909090909,0.315789473684211,2.87878787878788,0.132867132867133
"992",0.248,6.52103293629986,0.7,0.400055241298601,0.608695652173913,0.801136363636364,0.875,0.636363636363636,0.125,0.363636363636364,2.40625,0.196428571428571
"993",0.255,7.5242566301051,0.9,0.405671299028332,0.896551724137931,0.895927601809955,1,0.823529411764706,0,0.176470588235294,5.66666666666667,0
"994",0.2975,7.14360909509747,0.733333333333333,0.460567937548362,0.555555555555556,0.760416666666667,0.833333333333333,0.708333333333333,0.166666666666667,0.291666666666667,2.85714285714286,0.235294117647059
"995",0.2395,7.07531895912982,0.766666666666667,0.410538408707827,0.666666666666667,0.81,0.7,0.8,0.3,0.2,3.5,0.375
"996",0.2525,6.52140770377827,0.766666666666667,0.38175071778805,0.695652173913043,0.867724867724868,0.888888888888889,0.714285714285714,0.111111111111111,0.285714285714286,3.11111111111111,0.155555555555556
"997",0.3255,7.51400415173029,0.7,0.378755784300932,0.470588235294118,0.732638888888889,0.666666666666667,0.708333333333333,0.333333333333333,0.291666666666667,2.28571428571429,0.470588235294118
"998",0.468,8.50266037752083,0.866666666666667,0.358045197269812,0.777777777777778,0.891304347826087,1,0.826086956521739,0,0.173913043478261,5.75,0
"999",0.3455,7.52110537299296,0.8,0.371187324356397,0.666666666666667,0.881944444444445,1,0.75,0,0.25,4,0
"1000",0.316,7.51884688607089,0.8,0.399012965594869,0.7,0.78125,0.875,0.772727272727273,0.125,0.227272727272727,3.85,0.161764705882353
"1001",0.389,9.51290759945013,0.9,0.371051918083891,0.842105263157895,0.95,0.8,0.95,0.2,0.05,16,0.210526315789474
"1002",0.4315,9.50071367702167,0.866666666666667,0.356101869177129,0.75,0.875,0.75,0.909090909090909,0.25,0.0909090909090909,8.25,0.275
"1003",0.2575,6.51520631771645,0.733333333333333,0.384373574357671,0.666666666666667,0.809659090909091,1,0.636363636363636,0,0.363636363636364,2.75,0
"1004",0.6735,10.4797126609656,0.833333333333333,0.381509398049289,0.761904761904762,0.87,0.8,0.85,0.2,0.15,5.33333333333333,0.235294117647059
"1005",0.335,7.52205553557659,0.8,0.371577091775438,0.7,0.881987577639752,1,0.739130434782609,0,0.260869565217391,3.83333333333333,0
"1006",0.235,7.51593151226285,0.966666666666667,0.453895475501041,0.96,0.932126696832579,0.923076923076923,1,0.0769230769230769,0,Inf,0.0769230769230769
"1007",0.2335,7.53916715005803,0.766666666666667,0.440483912569145,0.695652173913043,0.777511961722488,0.727272727272727,0.789473684210526,0.272727272727273,0.210526315789474,3.45454545454546,0.345454545454545
"1008",0.3395,7.52319874573789,0.7,0.408510575312727,0.470588235294118,0.768,0.8,0.68,0.2,0.32,2.5,0.294117647058823
"1009",0.2725,7.52014277401466,0.8,0.393386169729093,0.666666666666667,0.785714285714286,0.666666666666667,0.857142857142857,0.333333333333333,0.142857142857143,4.66666666666667,0.388888888888889
"1010",0.2855,7.51463135776454,0.833333333333333,0.384285578044947,0.705882352941177,0.801136363636364,0.75,0.863636363636364,0.25,0.136363636363636,5.5,0.289473684210526
"1011",0.354,8.51700166908412,0.833333333333333,0.393771307668516,0.615384615384615,0.78125,0.5,0.954545454545455,0.5,0.0454545454545454,11,0.523809523809524
"1012",0.3235,7.51467583496257,0.766666666666667,0.377340549323778,0.695652173913043,0.852272727272727,1,0.681818181818182,0,0.318181818181818,3.14285714285714,0
"1013",0.248,7.50863014893427,0.866666666666667,0.438778960852959,0.857142857142857,0.891402714932127,0.923076923076923,0.823529411764706,0.0769230769230769,0.176470588235294,5.23076923076923,0.0934065934065934
"1014",0.412,9.0173214436689,0.933333333333333,0.325332927988355,0.857142857142857,0.96583850931677,0.857142857142857,0.956521739130435,0.142857142857143,0.0434782608695652,19.7142857142857,0.149350649350649
"1015",0.2845,7.5179276793899,0.9,0.349583654633231,0.869565217391304,0.94,1,0.85,0,0.15,6.66666666666667,0
"1016",0.4575,8.56126165626941,0.8,0.411018323090525,0.666666666666667,0.801136363636364,0.75,0.818181818181818,0.25,0.181818181818182,4.125,0.305555555555556
"1017",0.6615,10.4801010751764,0.933333333333333,0.324400885412289,0.833333333333333,0.934027777777778,0.833333333333333,0.958333333333333,0.166666666666667,0.0416666666666666,20,0.173913043478261
"1018",0.3085,7.50787363988185,0.766666666666667,0.382508772597219,0.631578947368421,0.81055900621118,0.857142857142857,0.739130434782609,0.142857142857143,0.260869565217391,3.28571428571429,0.19327731092437
"1019",0.2305,6.51275548328946,0.8,0.408808257919351,0.75,0.854497354497354,1,0.714285714285714,0,0.285714285714286,3.5,0
"1020",0.3,7.51194189110056,0.833333333333333,0.378894881415126,0.705882352941177,0.761363636363636,0.75,0.863636363636364,0.25,0.136363636363636,5.5,0.289473684210526
"1021",0.1945,6.52756983155669,0.833333333333333,0.463569399139206,0.814814814814815,0.833333333333333,0.916666666666667,0.777777777777778,0.0833333333333334,0.222222222222222,4.125,0.107142857142857
"1022",0.2485,7.51829903290159,0.766666666666667,0.454997998951221,0.740740740740741,0.803240740740741,0.833333333333333,0.722222222222222,0.166666666666667,0.277777777777778,3,0.230769230769231
"1023",0.3215,7.52609853197759,0.7,0.432241013695371,0.608695652173913,0.78125,0.875,0.636363636363636,0.125,0.363636363636364,2.40625,0.196428571428571
"1024",0.282,7.51953427157232,0.866666666666667,0.394691338746746,0.857142857142857,0.909722222222222,1,0.777777777777778,0,0.222222222222222,4.5,0
"1025",0.339,7.5262108338833,0.7,0.467398624479069,0.571428571428571,0.72360248447205,0.857142857142857,0.652173913043478,0.142857142857143,0.347826086956522,2.46428571428571,0.219047619047619
"1026",0.2935,7.5106098704774,0.733333333333333,0.397330878770518,0.6,0.738636363636364,0.75,0.727272727272727,0.25,0.272727272727273,2.75,0.34375
"1027",0.294,7.51900128336961,0.766666666666667,0.403282526156306,0.695652173913043,0.812169312169312,0.888888888888889,0.714285714285714,0.111111111111111,0.285714285714286,3.11111111111111,0.155555555555556
"1028",0.2215,7.05825768015037,0.833333333333333,0.459516121088982,0.838709677419355,0.901785714285714,0.928571428571429,0.75,0.0714285714285714,0.25,3.71428571428571,0.0952380952380952
"1029",0.2575,7.52018625503605,0.8,0.428293090205188,0.75,0.873205741626794,0.818181818181818,0.789473684210526,0.181818181818182,0.210526315789474,3.88636363636364,0.23030303030303
"1030",0.32,7.51280934886107,0.733333333333333,0.408336180436384,0.6,0.717391304347826,0.857142857142857,0.695652173913043,0.142857142857143,0.304347826086957,2.81632653061224,0.205357142857143
"1031",0.237,7.53744742755953,0.833333333333333,0.419297072467308,0.736842105263158,0.785,0.7,0.9,0.3,0.1,7,0.333333333333333
"1032",0.364,9.50907831596373,0.833333333333333,0.411813115774332,0.736842105263158,0.842592592592593,0.583333333333333,1,0.416666666666667,0,Inf,0.416666666666667
"1033",0.377,8.5108158636642,0.9,0.336109348679472,0.727272727272727,0.84375,0.666666666666667,0.958333333333333,0.333333333333333,0.0416666666666666,16,0.347826086956522
"1034",0.3085,7.51501270747864,0.833333333333333,0.362557697009908,0.615384615384615,0.71875,0.666666666666667,0.875,0.333333333333333,0.125,5.33333333333333,0.380952380952381
"1035",0.233,7.53415294614822,0.766666666666667,0.449985267198514,0.695652173913043,0.787081339712919,0.727272727272727,0.789473684210526,0.272727272727273,0.210526315789474,3.45454545454546,0.345454545454545
"1036",0.263,7.5088934162681,0.766666666666667,0.40904532849366,0.740740740740741,0.833333333333333,0.833333333333333,0.722222222222222,0.166666666666667,0.277777777777778,3,0.230769230769231
"1037",0.317,7.51299153067544,0.8,0.365260619498393,0.571428571428571,0.788194444444445,0.666666666666667,0.833333333333333,0.333333333333333,0.166666666666667,4,0.4
"1038",0.735,12.4753778315027,0.833333333333333,0.423177333830658,0.545454545454545,0.642045454545455,0.375,1,0.625,0,Inf,0.625
"1039",0.2595,7.51115688450489,0.8,0.429411359321651,0.769230769230769,0.81712962962963,0.833333333333333,0.777777777777778,0.166666666666667,0.222222222222222,3.75,0.214285714285714
"1040",0.3135,7.51429235484113,0.766666666666667,0.383353795707709,0.666666666666667,0.801136363636364,0.875,0.727272727272727,0.125,0.272727272727273,3.20833333333333,0.171875
"1041",0.2895,7.51356102004955,0.833333333333333,0.386999658666497,0.736842105263158,0.841269841269841,0.777777777777778,0.857142857142857,0.222222222222222,0.142857142857143,5.44444444444444,0.259259259259259
"1042",0.2945,7.51008343332757,0.833333333333333,0.378386131351448,0.736842105263158,0.857954545454545,0.875,0.818181818181818,0.125,0.181818181818182,4.8125,0.152777777777778
"1043",0.2855,7.51770643961049,0.8,0.401142480451375,0.7,0.764550264550265,0.777777777777778,0.80952380952381,0.222222222222222,0.19047619047619,4.08333333333333,0.274509803921569
"1044",0.3875,8.51750991248036,0.8,0.451174247449833,0.571428571428571,0.65625,0.5,0.909090909090909,0.5,0.0909090909090909,5.5,0.55
"1045",0.3925,8.51382392568852,0.866666666666667,0.396970255293872,0.8,0.84,0.8,0.9,0.2,0.1,8,0.222222222222222
"1046",0.2305,7.54061906849685,0.766666666666667,0.462983905733969,0.695652173913043,0.779904306220096,0.727272727272727,0.789473684210526,0.272727272727273,0.210526315789474,3.45454545454546,0.345454545454545
"1047",0.314,7.51372162856348,0.833333333333333,0.358176559066219,0.705882352941177,0.897515527950311,0.857142857142857,0.826086956521739,0.142857142857143,0.173913043478261,4.92857142857143,0.172932330827068
"1048",0.271,7.51395284378358,0.866666666666667,0.406232606174785,0.818181818181818,0.9,0.9,0.85,0.1,0.15,6,0.117647058823529
"1049",0.1935,5.527108819674,0.733333333333333,0.387805414717977,0.636363636363636,0.821022727272727,0.875,0.681818181818182,0.125,0.318181818181818,2.75,0.183333333333333
"1050",0.26,7.51692899425529,0.666666666666667,0.458972729379344,0.583333333333333,0.6825,0.7,0.65,0.3,0.35,2,0.461538461538462
"1051",0.3285,7.50900430425418,0.866666666666667,0.329682654969115,0.777777777777778,0.959627329192547,1,0.826086956521739,0,0.173913043478261,5.75,0
"1052",0.2855,7.52934062409235,0.8,0.398883051954689,0.7,0.817460317460317,0.777777777777778,0.80952380952381,0.222222222222222,0.19047619047619,4.08333333333333,0.274509803921569
"1053",0.282,7.52605548122682,0.866666666666667,0.372049296136521,0.75,0.823863636363636,0.75,0.909090909090909,0.25,0.0909090909090909,8.25,0.275
"1054",0.2795,7.5166962154712,0.8,0.407457675208412,0.727272727272727,0.814814814814815,0.888888888888889,0.761904761904762,0.111111111111111,0.238095238095238,3.73333333333333,0.145833333333333
"1055",0.234,7.07190934256322,0.8,0.42903086758437,0.75,0.856459330143541,0.818181818181818,0.789473684210526,0.181818181818182,0.210526315789474,3.88636363636364,0.23030303030303
"1056",0.2905,7.51938629647585,0.966666666666667,0.367198430066077,0.947368421052632,0.994708994708995,1,0.952380952380952,0,0.0476190476190477,21,0
"1057",0.4075,9.05857377959023,0.833333333333333,0.357053376822051,0.666666666666667,0.863636363636364,0.625,0.909090909090909,0.375,0.0909090909090909,6.875,0.4125
"1058",0.3935,8.50602778775276,0.9,0.329612280301434,0.769230769230769,0.881944444444444,0.833333333333333,0.916666666666667,0.166666666666667,0.0833333333333334,10,0.181818181818182
"1059",0.492,9.00444151455033,0.833333333333333,0.37740163677011,0.705882352941177,0.869318181818182,0.75,0.863636363636364,0.25,0.136363636363636,5.5,0.289473684210526
"1060",0.266,7.03511003501871,0.866666666666667,0.390246530242947,0.846153846153846,0.940191387559809,1,0.789473684210526,0,0.210526315789474,4.75,0
"1061",0.257,6.50893558093347,0.733333333333333,0.377379962937852,0.692307692307692,0.878306878306878,1,0.619047619047619,0,0.380952380952381,2.625,0
"1062",0.2995,7.51081444537368,0.9,0.364720827075045,0.842105263157895,0.974431818181818,1,0.863636363636364,0,0.136363636363636,7.33333333333333,0
"1063",0.3025,7.5097553573605,0.833333333333333,0.37144141584876,0.782608695652174,0.928571428571428,1,0.761904761904762,0,0.238095238095238,4.2,0
"1064",0.339,8.50777556393104,0.9,0.367082126766752,0.857142857142857,0.89,0.9,0.9,0.1,0.1,9,0.111111111111111
"1065",0.3175,7.5114833077308,0.766666666666667,0.378357238151301,0.631578947368421,0.832298136645963,0.857142857142857,0.739130434782609,0.142857142857143,0.260869565217391,3.28571428571429,0.19327731092437
"1066",0.161,5.5342645491846,0.633333333333333,0.427913982793664,0.56,0.722222222222222,0.777777777777778,0.571428571428571,0.222222222222222,0.428571428571429,1.81481481481481,0.388888888888889
"1067",0.87,11.7936670379111,0.9,0.40865424277883,0.571428571428571,0.783653846153846,0.5,0.961538461538462,0.5,0.0384615384615384,13,0.52
"1068",0.194,6.51763773609058,0.766666666666667,0.466194632858846,0.787878787878788,0.792410714285714,0.928571428571429,0.625,0.0714285714285714,0.375,2.47619047619048,0.114285714285714
"1069",0.38,8.50544829829577,0.9,0.353745825446398,0.8,0.906832298136646,0.857142857142857,0.91304347826087,0.142857142857143,0.0869565217391305,9.85714285714285,0.156462585034014
"1070",0.2895,7.50293904827282,0.9,0.372513348295177,0.842105263157895,0.970899470899471,0.888888888888889,0.904761904761905,0.111111111111111,0.0952380952380952,9.33333333333333,0.12280701754386
"1071",0.2805,7.50965989453805,0.766666666666667,0.398767808311062,0.72,0.851674641148325,0.818181818181818,0.736842105263158,0.181818181818182,0.263157894736842,3.10909090909091,0.246753246753247
"1072",0.293,7.51065622626328,0.833333333333333,0.375929923463053,0.782608695652174,0.9325,0.9,0.8,0.1,0.2,4.5,0.125
"1073",0.361,8.51414147847385,0.8,0.407406928127824,0.727272727272727,0.765,0.8,0.8,0.2,0.2,4,0.25
"1074",0.252,7.51754759291759,0.833333333333333,0.44131161194023,0.814814814814815,0.863425925925926,0.916666666666667,0.777777777777778,0.0833333333333334,0.222222222222222,4.125,0.107142857142857
"1075",0.2415,6.51882087335865,0.866666666666667,0.387465154540929,0.833333333333333,0.9375,1,0.8,0,0.2,5,0
"1076",0.3035,7.52301211681705,0.733333333333333,0.408074419923382,0.636363636363636,0.818181818181818,0.875,0.681818181818182,0.125,0.318181818181818,2.75,0.183333333333333
"1077",0.42,8.51145830221087,0.833333333333333,0.404108913477326,0.736842105263158,0.80952380952381,0.777777777777778,0.857142857142857,0.222222222222222,0.142857142857143,5.44444444444444,0.259259259259259
"1078",0.295,7.51151152183609,0.766666666666667,0.405421469626815,0.666666666666667,0.825396825396825,0.777777777777778,0.761904761904762,0.222222222222222,0.238095238095238,3.26666666666667,0.291666666666667
"1079",0.2475,6.51882992706308,0.8,0.36711028608347,0.727272727272727,0.878306878306878,0.888888888888889,0.761904761904762,0.111111111111111,0.238095238095238,3.73333333333333,0.145833333333333
"1080",0.188,6.53012524599349,0.7,0.457481569826083,0.64,0.705741626794258,0.727272727272727,0.684210526315789,0.272727272727273,0.315789473684211,2.3030303030303,0.398601398601399
"1081",0.188,7.18404322804958,0.733333333333333,0.461331821449467,0.666666666666667,0.741626794258373,0.727272727272727,0.736842105263158,0.272727272727273,0.263157894736842,2.76363636363636,0.37012987012987
"1082",0.2675,7.51171958996007,0.833333333333333,0.410083384583139,0.782608695652174,0.882775119617225,0.818181818181818,0.842105263157895,0.181818181818182,0.157894736842105,5.18181818181818,0.215909090909091
"1083",0.4375,9.50503801912286,0.866666666666667,0.389693476981041,0.714285714285714,0.764204545454546,0.625,0.954545454545455,0.375,0.0454545454545454,13.75,0.392857142857143
"1084",0.304,7.50432851744734,0.866666666666667,0.369203081727958,0.818181818181818,0.915343915343915,1,0.80952380952381,0,0.19047619047619,5.25,0
"1085",0.297,7.51556393814544,0.9,0.346696267647101,0.857142857142857,0.928571428571428,1,0.857142857142857,0,0.142857142857143,7,0
"1086",0.2835,7.52248288644601,0.733333333333333,0.417735765083813,0.636363636363636,0.748677248677249,0.777777777777778,0.714285714285714,0.222222222222222,0.285714285714286,2.72222222222222,0.311111111111111
"1087",0.288,7.52104033781468,0.733333333333333,0.404034516267101,0.636363636363636,0.761904761904762,0.777777777777778,0.714285714285714,0.222222222222222,0.285714285714286,2.72222222222222,0.311111111111111
"1088",0.2275,7.55152221901051,0.733333333333333,0.491766311155202,0.666666666666667,0.708133971291866,0.727272727272727,0.736842105263158,0.272727272727273,0.263157894736842,2.76363636363636,0.37012987012987
"1089",0.367,7.5201939405224,0.766666666666667,0.432579179552934,0.631578947368421,0.822916666666667,1,0.708333333333333,0,0.291666666666667,3.42857142857143,0
"1090",0.29,6.51815411911278,0.766666666666667,0.343222926257471,0.588235294117647,0.888,1,0.72,0,0.28,3.57142857142857,0
"1091",0.315,7.62586891134047,0.733333333333333,0.396020908855606,0.666666666666667,0.817460317460317,0.888888888888889,0.666666666666667,0.111111111111111,0.333333333333333,2.66666666666667,0.166666666666667
"1092",0.3255,7.51657925547675,0.8,0.376740511444261,0.7,0.850931677018633,1,0.739130434782609,0,0.260869565217391,3.83333333333333,0
"1093",0.2455,7.05599318247122,0.866666666666667,0.398665707087851,0.818181818181818,0.885167464114833,0.818181818181818,0.894736842105263,0.181818181818182,0.105263157894737,7.77272727272727,0.203208556149733
"1094",0.2925,7.5227695443784,0.833333333333333,0.401452370044167,0.761904761904762,0.849206349206349,0.888888888888889,0.80952380952381,0.111111111111111,0.19047619047619,4.66666666666667,0.137254901960784
"1095",0.2555,7.10625444286763,0.833333333333333,0.359811131653748,0.8,0.9,1,0.75,0,0.25,4,0
"1096",0.224,7.07215327153546,0.8,0.442773291775812,0.785714285714286,0.839366515837104,0.846153846153846,0.764705882352941,0.153846153846154,0.235294117647059,3.59615384615385,0.201183431952663
"1097",0.462,8.03347793979576,0.666666666666667,0.525314157964577,0.5,0.684659090909091,0.625,0.681818181818182,0.375,0.318181818181818,1.96428571428571,0.55
"1098",0.241,6.51675581793401,0.9,0.404301354272345,0.888888888888889,0.974537037037037,1,0.833333333333333,0,0.166666666666667,6,0
"1099",0.2655,6.52111656390685,0.866666666666667,0.347215740501296,0.8,0.943181818181818,1,0.818181818181818,0,0.181818181818182,5.5,0
"1100",0.54,9.49649191623891,0.8,0.410087944893517,0.7,0.79,0.7,0.85,0.3,0.15,4.66666666666667,0.352941176470588
"1101",0.2635,7.51614841621511,0.7,0.448226889226288,0.608695652173913,0.7225,0.7,0.7,0.3,0.3,2.33333333333333,0.428571428571429
"1102",0.161,6.55531754042421,0.7,0.461756376579928,0.666666666666667,0.753588516746411,0.818181818181818,0.631578947368421,0.181818181818182,0.368421052631579,2.22077922077922,0.287878787878788
"1103",0.4295,9.5071380985099,0.833333333333333,0.368666241608214,0.736842105263158,0.85978835978836,0.777777777777778,0.857142857142857,0.222222222222222,0.142857142857143,5.44444444444444,0.259259259259259
"1104",0.272,7.53189186801264,0.8,0.431085445120548,0.769230769230769,0.813397129186603,0.909090909090909,0.736842105263158,0.0909090909090909,0.263157894736842,3.45454545454545,0.123376623376623
"1105",0.257,7.51433288458926,0.8,0.423717900606488,0.769230769230769,0.821759259259259,0.833333333333333,0.777777777777778,0.166666666666667,0.222222222222222,3.75,0.214285714285714
"1106",0.316,7.51807347425339,0.8,0.378707543945507,0.571428571428571,0.736111111111111,0.666666666666667,0.833333333333333,0.333333333333333,0.166666666666667,4,0.4
"1107",0.368,8.506126905906,0.933333333333333,0.350373172003817,0.857142857142857,0.972049689440994,0.857142857142857,0.956521739130435,0.142857142857143,0.0434782608695652,19.7142857142857,0.149350649350649
"1108",0.2275,6.51741292068381,0.866666666666667,0.401815874144007,0.8,0.862433862433862,0.888888888888889,0.857142857142857,0.111111111111111,0.142857142857143,6.22222222222222,0.12962962962963
"1109",0.2635,7.52266827819515,0.733333333333333,0.450798773251772,0.692307692307692,0.736842105263158,0.818181818181818,0.684210526315789,0.181818181818182,0.315789473684211,2.59090909090909,0.265734265734266
"1110",0.381,8.51301279500677,0.833333333333333,0.374855396988023,0.705882352941177,0.849431818181818,0.75,0.863636363636364,0.25,0.136363636363636,5.5,0.289473684210526
"1111",0.249,7.50817195374282,0.866666666666667,0.43696501803641,0.833333333333333,0.87962962962963,0.833333333333333,0.888888888888889,0.166666666666667,0.111111111111111,7.5,0.1875
"1112",0.56,9.4885759981324,0.8,0.436568087142686,0.571428571428571,0.676136363636364,0.5,0.909090909090909,0.5,0.0909090909090909,5.5,0.55
"1113",0.321,7.51298261970689,0.833333333333333,0.34516126850565,0.705882352941177,0.863354037267081,0.857142857142857,0.826086956521739,0.142857142857143,0.173913043478261,4.92857142857143,0.172932330827068
"1114",0.3085,7.51609055568829,0.8,0.36784875046497,0.727272727272727,0.883597883597884,0.888888888888889,0.761904761904762,0.111111111111111,0.238095238095238,3.73333333333333,0.145833333333333
"1115",0.3505,8.51492858857015,0.766666666666667,0.405387884630583,0.666666666666667,0.8125,0.7,0.8,0.3,0.2,3.5,0.375
"1116",0.3185,7.50950026567529,0.833333333333333,0.363971684523649,0.736842105263158,0.897727272727273,0.875,0.818181818181818,0.125,0.181818181818182,4.8125,0.152777777777778
"1117",0.25,7.51586891330643,0.8,0.446645160949026,0.769230769230769,0.868055555555556,0.833333333333333,0.777777777777778,0.166666666666667,0.222222222222222,3.75,0.214285714285714
"1118",0.259,7.51626394504487,0.933333333333333,0.412677555904928,0.909090909090909,0.947368421052632,0.909090909090909,0.947368421052632,0.0909090909090909,0.0526315789473685,17.2727272727273,0.095959595959596
"1119",0.318,8.51167007680011,0.833333333333333,0.421322240766008,0.705882352941177,0.7625,0.6,0.95,0.4,0.05,12,0.421052631578947
"1120",0.306,7.52266229978662,0.833333333333333,0.380770920135436,0.761904761904762,0.866477272727273,1,0.772727272727273,0,0.227272727272727,4.4,0
"1121",0.304,7.51397409404237,0.733333333333333,0.425484399757008,0.636363636363636,0.732954545454545,0.875,0.681818181818182,0.125,0.318181818181818,2.75,0.183333333333333
"1122",0.199,6.52993198802018,0.766666666666667,0.40475257454456,0.740740740740741,0.8425,1,0.65,0,0.35,2.85714285714286,0
"1123",0.2345,7.51155385909533,0.866666666666667,0.466756673475233,0.857142857142857,0.873303167420814,0.923076923076923,0.823529411764706,0.0769230769230769,0.176470588235294,5.23076923076923,0.0934065934065934
"1124",0.598,9.4877040656531,0.8,0.398835558949281,0.7,0.862433862433862,0.777777777777778,0.80952380952381,0.222222222222222,0.19047619047619,4.08333333333333,0.274509803921569
"1125",0.29,7.50648356317848,0.9,0.37481950750285,0.869565217391304,0.9275,1,0.85,0,0.15,6.66666666666667,0
"1126",0.2755,7.51896665690593,0.8,0.42045228625396,0.7,0.746031746031746,0.777777777777778,0.80952380952381,0.222222222222222,0.19047619047619,4.08333333333333,0.274509803921569
"1127",0.3145,7.50694614484141,0.8,0.351234273132954,0.666666666666667,0.854037267080745,0.857142857142857,0.782608695652174,0.142857142857143,0.217391304347826,3.94285714285714,0.182539682539683
"1128",0.2695,7.52214807483846,0.9,0.383344803625611,0.869565217391304,0.916267942583732,0.909090909090909,0.894736842105263,0.0909090909090909,0.105263157894737,8.63636363636364,0.101604278074866
"1129",0.5515,9.49512475499851,0.8,0.422131246469382,0.666666666666667,0.7825,0.6,0.9,0.4,0.1,6,0.444444444444444
"1130",0.3235,7.51468457409972,0.733333333333333,0.392491966639925,0.555555555555556,0.751552795031056,0.714285714285714,0.739130434782609,0.285714285714286,0.260869565217391,2.73809523809524,0.38655462184874
"1131",0.2435,7.52837199197491,0.833333333333333,0.41383887687277,0.814814814814815,0.846153846153846,0.846153846153846,0.823529411764706,0.153846153846154,0.176470588235294,4.79487179487179,0.186813186813187
"1132",0.2875,7.51412403089119,0.866666666666667,0.386865740004955,0.833333333333333,0.905,1,0.8,0,0.2,5,0
"1133",0.2855,7.52653189080516,0.833333333333333,0.39570209901675,0.761904761904762,0.841269841269841,0.888888888888889,0.80952380952381,0.111111111111111,0.19047619047619,4.66666666666667,0.137254901960784
"1134",0.409,9.54605090761486,0.9,0.353648314101129,0.823529411764706,0.875661375661376,0.777777777777778,0.952380952380952,0.222222222222222,0.0476190476190477,16.3333333333333,0.233333333333333
"1135",0.2795,7.54003183251761,0.8,0.482238709206776,0.769230769230769,0.722488038277512,0.909090909090909,0.736842105263158,0.0909090909090909,0.263157894736842,3.45454545454545,0.123376623376623
"1136",0.4715,8.50359889594488,0.866666666666667,0.368284723617526,0.75,0.902777777777778,1,0.833333333333333,0,0.166666666666667,6,0
"1137",0.252,6.523532406953,0.733333333333333,0.383424823121545,0.6,0.782608695652174,0.857142857142857,0.695652173913043,0.142857142857143,0.304347826086957,2.81632653061224,0.205357142857143
"1138",0.2635,7.53271459671186,0.766666666666667,0.426581325450978,0.695652173913043,0.7825,0.8,0.75,0.2,0.25,3.2,0.266666666666667
"1139",0.2975,7.52383507901542,0.8,0.382465560177676,0.625,0.801242236024845,0.714285714285714,0.826086956521739,0.285714285714286,0.173913043478261,4.10714285714286,0.345864661654135
"1140",0.4575,9.50107853694365,0.833333333333333,0.392988786843435,0.545454545454545,0.754658385093168,0.428571428571429,0.956521739130435,0.571428571428571,0.0434782608695652,9.85714285714286,0.597402597402597
"1141",0.308,7.51671858963988,0.733333333333333,0.420970751260283,0.6,0.693181818181818,0.75,0.727272727272727,0.25,0.272727272727273,2.75,0.34375
"1142",0.35,7.50489464481353,0.9,0.323524864565619,0.769230769230769,0.956,1,0.88,0,0.12,8.33333333333333,0
"1143",0.2005,6.52337080734046,0.766666666666667,0.458452319059021,0.774193548387097,0.883928571428571,0.857142857142857,0.6875,0.142857142857143,0.3125,2.74285714285714,0.207792207792208
"1144",0.278,7.53301324505569,0.7,0.459619486544928,0.64,0.7325,0.8,0.65,0.2,0.35,2.28571428571429,0.307692307692308
"1145",0.2555,7.52954642658122,0.766666666666667,0.418481748148079,0.666666666666667,0.788359788359788,0.777777777777778,0.761904761904762,0.222222222222222,0.238095238095238,3.26666666666667,0.291666666666667
"1146",0.3225,7.506865515629,0.733333333333333,0.388398444909937,0.636363636363636,0.786931818181818,0.875,0.681818181818182,0.125,0.318181818181818,2.75,0.183333333333333
"1147",0.406,9.49727746058911,0.9,0.358556106047044,0.823529411764706,0.933862433862434,0.777777777777778,0.952380952380952,0.222222222222222,0.0476190476190477,16.3333333333333,0.233333333333333
"1148",0.477,10.0212618709606,0.866666666666667,0.353059322353934,0.666666666666667,0.891304347826087,0.571428571428571,0.956521739130435,0.428571428571429,0.0434782608695652,13.1428571428572,0.448051948051948
"1149",0.2935,7.52624126012718,0.8,0.37260987745718,0.7,0.846590909090909,0.875,0.772727272727273,0.125,0.227272727272727,3.85,0.161764705882353
"1150",0.3535,8.51084879365546,0.933333333333333,0.360389230384793,0.875,0.914772727272727,0.875,0.954545454545455,0.125,0.0454545454545454,19.25,0.130952380952381
"1151",0.329,7.51432060650731,0.8,0.359693469047888,0.571428571428571,0.770833333333333,0.666666666666667,0.833333333333333,0.333333333333333,0.166666666666667,4,0.4
"1152",0.2265,7.12642513381629,0.866666666666667,0.382946452293387,0.8,0.883597883597884,0.888888888888889,0.857142857142857,0.111111111111111,0.142857142857143,6.22222222222222,0.12962962962963
"1153",0.3065,7.51545644002001,0.766666666666667,0.383606498588857,0.588235294117647,0.717391304347826,0.714285714285714,0.782608695652174,0.285714285714286,0.217391304347826,3.28571428571429,0.365079365079365
"1154",0.2455,6.51276581804546,0.766666666666667,0.388093225899667,0.72,0.846560846560847,1,0.666666666666667,0,0.333333333333333,3,0
"1155",0.436,9.50422654669367,0.866666666666667,0.357929003170218,0.666666666666667,0.835403726708075,0.571428571428571,0.956521739130435,0.428571428571429,0.0434782608695652,13.1428571428572,0.448051948051948
"1156",0.2905,7.51591586811387,0.733333333333333,0.414262963173909,0.714285714285714,0.80622009569378,0.909090909090909,0.631578947368421,0.0909090909090909,0.368421052631579,2.46753246753247,0.143939393939394
"1157",0.4625,9.01756029244642,0.866666666666667,0.362688905886612,0.666666666666667,0.829192546583851,0.571428571428571,0.956521739130435,0.428571428571429,0.0434782608695652,13.1428571428572,0.448051948051948
"1158",0.2365,7.53379327427828,0.833333333333333,0.417533198341554,0.814814814814815,0.839285714285714,0.785714285714286,0.875,0.214285714285714,0.125,6.28571428571429,0.244897959183673
"1159",0.436,8.51019722495018,0.833333333333333,0.388579699792226,0.705882352941177,0.832298136645963,0.857142857142857,0.826086956521739,0.142857142857143,0.173913043478261,4.92857142857143,0.172932330827068
"1160",0.406,9.06507304577136,0.8,0.391269864128314,0.666666666666667,0.798941798941799,0.666666666666667,0.857142857142857,0.333333333333333,0.142857142857143,4.66666666666667,0.388888888888889
"1161",0.2795,7.53126723373977,0.733333333333333,0.438477182531416,0.666666666666667,0.7675,0.8,0.7,0.2,0.3,2.66666666666667,0.285714285714286
"1162",0.301,7.52460310589399,0.8,0.402759373425768,0.7,0.809659090909091,0.875,0.772727272727273,0.125,0.227272727272727,3.85,0.161764705882353
"1163",0.307,7.5173156560678,0.766666666666667,0.383755148101579,0.695652173913043,0.865079365079365,0.888888888888889,0.714285714285714,0.111111111111111,0.285714285714286,3.11111111111111,0.155555555555556
"1164",0.328,7.51334496289978,0.8,0.366316420305232,0.625,0.819444444444445,0.833333333333333,0.791666666666667,0.166666666666667,0.208333333333333,4,0.210526315789474
"1165",0.2875,7.5075376987316,0.833333333333333,0.392388093375552,0.761904761904762,0.8525,0.8,0.85,0.2,0.15,5.33333333333333,0.235294117647059
"1166",0.4325,9.50173555815157,0.833333333333333,0.38328109047067,0.705882352941177,0.785714285714286,0.666666666666667,0.904761904761905,0.333333333333333,0.0952380952380952,7,0.368421052631579
"1167",0.4,9.50387582076063,0.866666666666667,0.360552837305378,0.777777777777778,0.8625,0.7,0.95,0.3,0.05,14,0.315789473684211
"1168",0.295,7.51160657389947,0.866666666666667,0.368831612678939,0.777777777777778,0.872159090909091,0.875,0.863636363636364,0.125,0.136363636363636,6.41666666666667,0.144736842105263
"1169",0.2725,7.51023652579448,0.833333333333333,0.40134970636919,0.782608695652174,0.897129186602871,0.818181818181818,0.842105263157895,0.181818181818182,0.157894736842105,5.18181818181818,0.215909090909091
"1170",0.469,8.5069307715771,0.8,0.403398967398111,0.7,0.849431818181818,0.875,0.772727272727273,0.125,0.227272727272727,3.85,0.161764705882353
"1171",0.28,7.51775247422249,0.766666666666667,0.405458822715699,0.695652173913043,0.8625,0.8,0.75,0.2,0.25,3.2,0.266666666666667
"1172",0.3325,8.50201897672413,0.866666666666667,0.389377701720214,0.818181818181818,0.91,0.9,0.85,0.1,0.15,6,0.117647058823529
"1173",0.292,7.5285252837568,0.8,0.404858808748293,0.8125,0.828054298642534,1,0.647058823529412,0,0.352941176470588,2.83333333333333,0
"1174",0.387,8.50432521194381,0.9,0.338612522744558,0.8,0.950310559006211,0.857142857142857,0.91304347826087,0.142857142857143,0.0869565217391305,9.85714285714285,0.156462585034014
"1175",0.333,9.50358778038125,0.866666666666667,0.432424853381091,0.818181818181818,0.902714932126697,0.692307692307692,1,0.307692307692308,0,Inf,0.307692307692308
"1176",0.21,6.53596753861307,0.733333333333333,0.40710705891071,0.692307692307692,0.830687830687831,1,0.619047619047619,0,0.380952380952381,2.625,0
"1177",0.2565,7.51032298638015,0.9,0.430771715391182,0.888888888888889,0.952488687782805,0.923076923076923,0.882352941176471,0.0769230769230769,0.117647058823529,7.84615384615384,0.0871794871794871
"1178",0.201,5.52807457859723,0.7,0.390968903928656,0.64,0.826704545454545,1,0.590909090909091,0,0.409090909090909,2.44444444444444,0
"1179",0.241,7.51415009320825,0.833333333333333,0.453169021408823,0.814814814814815,0.82579185520362,0.846153846153846,0.823529411764706,0.153846153846154,0.176470588235294,4.79487179487179,0.186813186813187
"1180",0.2525,7.07901844335922,0.766666666666667,0.417942867944937,0.666666666666667,0.801587301587302,0.777777777777778,0.761904761904762,0.222222222222222,0.238095238095238,3.26666666666667,0.291666666666667
"1181",0.308,7.50990845289922,0.766666666666667,0.377342313790638,0.666666666666667,0.8125,0.875,0.727272727272727,0.125,0.272727272727273,3.20833333333333,0.171875
"1182",0.2725,7.52201870635875,0.8,0.408223400906068,0.666666666666667,0.767195767195767,0.666666666666667,0.857142857142857,0.333333333333333,0.142857142857143,4.66666666666667,0.388888888888889
"1183",0.199,6.53322027504364,0.8,0.411848570343805,0.769230769230769,0.8475,1,0.7,0,0.3,3.33333333333333,0
"1184",0.2745,6.51654763400715,0.7,0.372129300738975,0.571428571428571,0.847222222222222,1,0.625,0,0.375,2.66666666666667,0
"1185",0.269,7.52221655186202,0.8,0.402361824920221,0.75,0.820574162679426,0.818181818181818,0.789473684210526,0.181818181818182,0.210526315789474,3.88636363636364,0.23030303030303
"1186",0.341,8.51064495472883,0.933333333333333,0.370659473010767,0.888888888888889,0.87037037037037,0.888888888888889,0.952380952380952,0.111111111111111,0.0476190476190477,18.6666666666666,0.116666666666667
"1187",0.425,9.5062326803281,0.833333333333333,0.383124285155553,0.705882352941177,0.822751322751323,0.666666666666667,0.904761904761905,0.333333333333333,0.0952380952380952,7,0.368421052631579
"1188",0.2135,6.52357459893806,0.766666666666667,0.430954704526504,0.695652173913043,0.745,0.8,0.75,0.2,0.25,3.2,0.266666666666667
"1189",0.282,7.50573898631425,0.866666666666667,0.380277654684441,0.818181818181818,0.8875,0.9,0.85,0.1,0.15,6,0.117647058823529
"1190",0.282,7.51468663606353,0.733333333333333,0.430605899339779,0.666666666666667,0.7575,0.8,0.7,0.2,0.3,2.66666666666667,0.285714285714286
"1191",0.301,7.52728984809135,0.733333333333333,0.420617383773721,0.6,0.772727272727273,0.75,0.727272727272727,0.25,0.272727272727273,2.75,0.34375
"1192",0.295,7.50650885302917,0.866666666666667,0.366439205806224,0.75,0.838068181818182,0.75,0.909090909090909,0.25,0.0909090909090909,8.25,0.275
"1193",0.2405,7.50779906269323,0.766666666666667,0.462020411540804,0.774193548387097,0.84375,0.857142857142857,0.6875,0.142857142857143,0.3125,2.74285714285714,0.207792207792208
"1194",0.3095,7.52680162427412,0.766666666666667,0.408151751769585,0.533333333333333,0.725694444444444,0.666666666666667,0.791666666666667,0.333333333333333,0.208333333333333,3.2,0.421052631578947
"1195",0.248,7.514279432729,0.833333333333333,0.445680085260922,0.8,0.824074074074074,0.833333333333333,0.833333333333333,0.166666666666667,0.166666666666667,5,0.2
"1196",0.548,9.49297829967633,0.8,0.414869931809774,0.571428571428571,0.738636363636364,0.5,0.909090909090909,0.5,0.0909090909090909,5.5,0.55
"1197",0.205,7.06575255338768,0.8,0.493591800612201,0.8125,0.811111111111111,0.866666666666667,0.733333333333333,0.133333333333333,0.266666666666667,3.25,0.181818181818182
"1198",0.288,7.51418824693848,0.833333333333333,0.383013737268196,0.736842105263158,0.862433862433862,0.777777777777778,0.857142857142857,0.222222222222222,0.142857142857143,5.44444444444444,0.259259259259259
"1199",0.4215,9.02463718318706,0.833333333333333,0.358308926041641,0.666666666666667,0.804347826086956,0.714285714285714,0.869565217391304,0.285714285714286,0.130434782608696,5.47619047619048,0.328571428571429
"1200",0.4015,8.51177914481777,0.866666666666667,0.341005168253987,0.8,0.948863636363636,1,0.818181818181818,0,0.181818181818182,5.5,0
"1201",0.299,7.51294671123534,0.8,0.384205542533843,0.727272727272727,0.896825396825397,0.888888888888889,0.761904761904762,0.111111111111111,0.238095238095238,3.73333333333333,0.145833333333333
"1202",0.247,6.51274052467287,0.833333333333333,0.376529548331336,0.8,0.8975,1,0.75,0,0.25,4,0
"1203",0.3195,7.51126373117122,0.833333333333333,0.356999850973747,0.705882352941177,0.857142857142857,0.857142857142857,0.826086956521739,0.142857142857143,0.173913043478261,4.92857142857143,0.172932330827068
"1204",0.374,8.07054730601662,0.8,0.385710278111744,0.571428571428571,0.763888888888889,0.666666666666667,0.833333333333333,0.333333333333333,0.166666666666667,4,0.4
"1205",0.2605,7.51137646539067,0.8,0.429556442194802,0.769230769230769,0.851851851851852,0.833333333333333,0.777777777777778,0.166666666666667,0.222222222222222,3.75,0.214285714285714
"1206",0.2355,7.51560707734033,0.733333333333333,0.466094454015767,0.714285714285714,0.762443438914027,0.769230769230769,0.705882352941177,0.230769230769231,0.294117647058823,2.61538461538462,0.326923076923077
"1207",0.3815,9.51334376711478,0.9,0.374718146347387,0.823529411764706,0.955,0.7,1,0.3,0,Inf,0.3
"1208",0.068,5.57027717049629,0.733333333333333,0.498258035480248,0.692307692307692,0.729665071770335,0.818181818181818,0.684210526315789,0.181818181818182,0.315789473684211,2.59090909090909,0.265734265734266
"1209",0.197,6.53530403725158,0.8,0.420799761895845,0.75,0.82010582010582,1,0.714285714285714,0,0.285714285714286,3.5,0
"1210",0.2755,7.51025240840779,0.833333333333333,0.397335068116395,0.761904761904762,0.8675,0.8,0.85,0.2,0.15,5.33333333333333,0.235294117647059
"1211",0.2975,7.51014540037966,0.766666666666667,0.389632588578662,0.631578947368421,0.798295454545454,0.75,0.772727272727273,0.25,0.227272727272727,3.3,0.323529411764706
"1212",0.2905,7.52772380300111,0.8,0.39410590651782,0.7,0.860795454545455,0.875,0.772727272727273,0.125,0.227272727272727,3.85,0.161764705882353
"1213",0.3335,7.52195086676001,0.833333333333333,0.391033802136152,0.736842105263158,0.866459627329193,1,0.782608695652174,0,0.217391304347826,4.6,0
"1214",0.247,6.51583152398862,0.8,0.372472297601081,0.727272727272727,0.846560846560847,0.888888888888889,0.761904761904762,0.111111111111111,0.238095238095238,3.73333333333333,0.145833333333333
"1215",0.5165,10.5024042659134,0.833333333333333,0.376492549221021,0.615384615384615,0.821022727272727,0.5,0.954545454545455,0.5,0.0454545454545454,11,0.523809523809524
"1216",0.323,7.51055726378109,0.833333333333333,0.354410133847922,0.761904761904762,0.909090909090909,1,0.772727272727273,0,0.227272727272727,4.4,0
"1217",0.311,7.51665391351377,0.833333333333333,0.388361083517188,0.761904761904762,0.852272727272727,1,0.772727272727273,0,0.227272727272727,4.4,0
"1218",0.252,7.52633124321797,0.866666666666667,0.41579768312273,0.846153846153846,0.881944444444444,0.916666666666667,0.833333333333333,0.0833333333333334,0.166666666666667,5.5,0.1
"1219",0.2705,7.06176843673487,0.766666666666667,0.38695133290618,0.695652173913043,0.804232804232804,0.888888888888889,0.714285714285714,0.111111111111111,0.285714285714286,3.11111111111111,0.155555555555556
"1220",0.3675,8.510455024279,0.833333333333333,0.366806329993899,0.736842105263158,0.806878306878307,0.777777777777778,0.857142857142857,0.222222222222222,0.142857142857143,5.44444444444444,0.259259259259259
"1221",0.208,6.54342985238449,0.666666666666667,0.433892785973174,0.615384615384615,0.783068783068783,0.888888888888889,0.571428571428571,0.111111111111111,0.428571428571429,2.07407407407407,0.194444444444445
"1222",0.559,9.49428542538018,0.866666666666667,0.362018543145457,0.714285714285714,0.866459627329193,0.714285714285714,0.91304347826087,0.285714285714286,0.0869565217391305,8.21428571428571,0.312925170068027
"1223",0.2165,7.53010222766572,0.733333333333333,0.502378152508889,0.692307692307692,0.712669683257919,0.692307692307692,0.764705882352941,0.307692307692308,0.235294117647059,2.94230769230769,0.402366863905326
"1224",0.2465,7.52962299936185,0.766666666666667,0.432741958602276,0.695652173913043,0.784688995215311,0.727272727272727,0.789473684210526,0.272727272727273,0.210526315789474,3.45454545454546,0.345454545454545
"1225",0.2735,7.51560182433513,0.8,0.416199265250993,0.7,0.767195767195767,0.777777777777778,0.80952380952381,0.222222222222222,0.19047619047619,4.08333333333333,0.274509803921569
"1226",0.1775,6.55386572136312,0.733333333333333,0.455940339624503,0.714285714285714,0.76555023923445,0.909090909090909,0.631578947368421,0.0909090909090909,0.368421052631579,2.46753246753247,0.143939393939394
"1227",0.288,7.51419586467763,0.866666666666667,0.380217532176496,0.818181818181818,0.9075,0.9,0.85,0.1,0.15,6,0.117647058823529
"1228",0.238,7.51367837942842,0.733333333333333,0.469425350204446,0.75,0.758928571428571,0.857142857142857,0.625,0.142857142857143,0.375,2.28571428571429,0.228571428571429
"1229",0.2735,7.52809710396016,0.733333333333333,0.433265944062787,0.714285714285714,0.796650717703349,0.909090909090909,0.631578947368421,0.0909090909090909,0.368421052631579,2.46753246753247,0.143939393939394
"1230",0.452,9.50406591074898,0.833333333333333,0.35383398310032,0.705882352941177,0.863636363636364,0.75,0.863636363636364,0.25,0.136363636363636,5.5,0.289473684210526
"1231",0.323,7.51979037184485,0.833333333333333,0.355389173495532,0.761904761904762,0.900568181818182,1,0.772727272727273,0,0.227272727272727,4.4,0
"1232",0.2875,7.51721337791835,0.9,0.381823581043898,0.823529411764706,0.928977272727273,0.875,0.909090909090909,0.125,0.0909090909090909,9.625,0.1375
"1233",0.265,7.51760047906895,0.9,0.409614952353974,0.823529411764706,0.917989417989418,0.777777777777778,0.952380952380952,0.222222222222222,0.0476190476190477,16.3333333333333,0.233333333333333
"1234",0.1435,6.55852020057619,0.733333333333333,0.471934993760251,0.555555555555556,0.658385093167702,0.714285714285714,0.739130434782609,0.285714285714286,0.260869565217391,2.73809523809524,0.38655462184874
"1235",0.267,7.51922895421368,0.866666666666667,0.410643048223031,0.846153846153846,0.925925925925926,0.916666666666667,0.833333333333333,0.0833333333333334,0.166666666666667,5.5,0.1
"1236",0.2865,7.51245365250455,0.8,0.387536757835426,0.7,0.846560846560847,0.777777777777778,0.80952380952381,0.222222222222222,0.19047619047619,4.08333333333333,0.274509803921569
"1237",0.258,7.51709080709458,0.8,0.434180547939005,0.75,0.815789473684211,0.818181818181818,0.789473684210526,0.181818181818182,0.210526315789474,3.88636363636364,0.23030303030303
"1238",0.3935,9.03572810243325,0.766666666666667,0.42788183564842,0.631578947368421,0.695,0.6,0.85,0.4,0.15,4,0.470588235294118
"1239",0.329,7.50913631896059,0.866666666666667,0.337557743294868,0.777777777777778,0.940993788819876,1,0.826086956521739,0,0.173913043478261,5.75,0
"1240",0.233,6.51787758949897,0.766666666666667,0.387261490743758,0.631578947368421,0.782608695652174,0.857142857142857,0.739130434782609,0.142857142857143,0.260869565217391,3.28571428571429,0.19327731092437
"1241",0.4705,10.0780321944927,0.833333333333333,0.393196363917943,0.666666666666667,0.777777777777778,0.555555555555556,0.952380952380952,0.444444444444444,0.0476190476190477,11.6666666666667,0.466666666666667
"1242",0.201,6.5343561279275,0.866666666666667,0.375362735657949,0.846153846153846,0.913875598086124,1,0.789473684210526,0,0.210526315789474,4.75,0
"1243",0.291,7.52882205733451,0.766666666666667,0.418027724103416,0.666666666666667,0.806878306878307,0.777777777777778,0.761904761904762,0.222222222222222,0.238095238095238,3.26666666666667,0.291666666666667
"1244",0.394,8.51216864109498,0.866666666666667,0.345034761045088,0.714285714285714,0.913194444444444,0.833333333333333,0.875,0.166666666666667,0.125,6.66666666666667,0.19047619047619
"1245",0.3215,7.52556425177632,0.8,0.391367603281647,0.727272727272727,0.866477272727273,1,0.727272727272727,0,0.272727272727273,3.66666666666667,0
"1246",0.2705,7.51837250693356,0.8,0.424989438432577,0.75,0.827751196172249,0.818181818181818,0.789473684210526,0.181818181818182,0.210526315789474,3.88636363636364,0.23030303030303
"1247",0.2575,7.51579883336581,0.833333333333333,0.441923181631109,0.782608695652174,0.825358851674641,0.818181818181818,0.842105263157895,0.181818181818182,0.157894736842105,5.18181818181818,0.215909090909091
"1248",0.514,10.5036878729569,0.9,0.361187513458227,0.666666666666667,0.784722222222222,0.5,1,0.5,0,Inf,0.5
"1249",0.323,7.52908928871603,0.7,0.463077315723696,0.526315789473684,0.72360248447205,0.714285714285714,0.695652173913043,0.285714285714286,0.304347826086957,2.3469387755102,0.410714285714286
"1250",0.243,7.51464516884807,0.9,0.457911303452967,0.903225806451613,0.950892857142857,1,0.8125,0,0.1875,5.33333333333333,0
"1251",0.3235,7.51068723313872,0.833333333333333,0.361684570556081,0.666666666666667,0.78125,0.833333333333333,0.833333333333333,0.166666666666667,0.166666666666667,5,0.2
"1252",0.3595,8.50851211623273,0.9,0.358134331628092,0.823529411764706,0.926136363636364,0.875,0.909090909090909,0.125,0.0909090909090909,9.625,0.1375
"1253",0.4365,9.58391561615604,0.8,0.388645995663091,0.666666666666667,0.822751322751323,0.666666666666667,0.857142857142857,0.333333333333333,0.142857142857143,4.66666666666667,0.388888888888889
"1254",0.3345,7.51103551649192,0.866666666666667,0.339558637714359,0.714285714285714,0.850694444444445,0.833333333333333,0.875,0.166666666666667,0.125,6.66666666666667,0.19047619047619
"1255",0.326,7.5243888376277,0.766666666666667,0.413250540308227,0.695652173913043,0.826704545454545,1,0.681818181818182,0,0.318181818181818,3.14285714285714,0
"1256",0.2565,7.04182547213734,0.833333333333333,0.404910634317436,0.827586206896552,0.905092592592593,1,0.722222222222222,0,0.277777777777778,3.6,0
"1257",0.481,10.0081589939824,0.966666666666667,0.325966374257515,0.923076923076923,0.986111111111111,1,0.958333333333333,0,0.0416666666666666,24,0
"1258",0.2065,7.54946274394094,0.7,0.482622318876114,0.608695652173913,0.674641148325359,0.636363636363636,0.736842105263158,0.363636363636364,0.263157894736842,2.41818181818182,0.493506493506494
"1259",0.301,7.52566145938453,0.8,0.411868402274054,0.785714285714286,0.842105263157895,1,0.684210526315789,0,0.315789473684211,3.16666666666667,0
"1260",0.3155,8.50554237621141,0.9,0.391102250578576,0.857142857142857,0.916267942583732,0.818181818181818,0.947368421052632,0.181818181818182,0.0526315789473685,15.5454545454545,0.191919191919192
"1261",0.2635,7.51670934216158,0.9,0.402116475349751,0.857142857142857,0.856459330143541,0.818181818181818,0.947368421052632,0.181818181818182,0.0526315789473685,15.5454545454545,0.191919191919192
"1262",0.146,6.55085060643291,0.8,0.46872848564286,0.8,0.798642533936652,0.923076923076923,0.705882352941177,0.0769230769230769,0.294117647058823,3.13846153846154,0.108974358974359
"1263",0.285,7.51301597887832,0.866666666666667,0.386476209797965,0.818181818181818,0.9175,0.9,0.85,0.1,0.15,6,0.117647058823529
"1264",0.3745,8.50791406474264,0.9,0.335052058052514,0.769230769230769,0.860248447204969,0.714285714285714,0.956521739130435,0.285714285714286,0.0434782608695652,16.4285714285714,0.298701298701299
"1265",0.2745,7.52959915651671,0.866666666666667,0.380671197399694,0.777777777777778,0.843915343915344,0.777777777777778,0.904761904761905,0.222222222222222,0.0952380952380952,8.16666666666667,0.245614035087719
"1266",0.5615,10.49725959793,0.866666666666667,0.365768041809974,0.5,0.704,0.4,0.96,0.6,0.04,9.99999999999999,0.625
"1267",0.247,7.51083219924064,0.9,0.430957781607689,0.857142857142857,0.905092592592593,0.75,1,0.25,0,Inf,0.25
"1268",0.205,7.14998028556398,0.833333333333333,0.440479860135997,0.8,0.835648148148148,0.833333333333333,0.833333333333333,0.166666666666667,0.166666666666667,5,0.2
"1269",0.314,8.51152008586756,0.866666666666667,0.395549203181234,0.777777777777778,0.844497607655502,0.636363636363636,1,0.363636363636364,0,Inf,0.363636363636364
"1270",0.246,6.52132248562793,0.7,0.395595743629805,0.64,0.791005291005291,0.888888888888889,0.619047619047619,0.111111111111111,0.380952380952381,2.33333333333333,0.17948717948718
"1271",0.2845,7.50901898864018,0.933333333333333,0.376539748374804,0.9,0.9825,0.9,0.95,0.1,0.05,18,0.105263157894737
"1272",0.661,12.4944350728679,0.9,0.349616129700932,0.666666666666667,0.833333333333333,0.5,1,0.5,0,Inf,0.5
"1273",0.2755,7.10560961810922,0.833333333333333,0.3414777459371,0.761904761904762,0.909090909090909,1,0.772727272727273,0,0.227272727272727,4.4,0
"1274",0.3425,7.51210820165473,0.9,0.327483197288564,0.769230769230769,0.96,1,0.88,0,0.12,8.33333333333333,0
"1275",0.161,6.55020329417725,0.8,0.428348994403408,0.75,0.782296650717703,0.818181818181818,0.789473684210526,0.181818181818182,0.210526315789474,3.88636363636364,0.23030303030303
"1276",0.1915,6.53572561320444,0.8,0.381182834447237,0.769230769230769,0.87799043062201,0.909090909090909,0.736842105263158,0.0909090909090909,0.263157894736842,3.45454545454545,0.123376623376623
"1277",0.358,9.09228408951646,0.833333333333333,0.405840957043723,0.666666666666667,0.8275,0.5,1,0.5,0,Inf,0.5
"1278",0.4315,9.50950689714881,0.833333333333333,0.388815640392199,0.666666666666667,0.806818181818182,0.625,0.909090909090909,0.375,0.0909090909090909,6.875,0.4125
"1279",0.2825,7.5274962253115,0.8,0.400699573551124,0.666666666666667,0.798295454545455,0.75,0.818181818181818,0.25,0.181818181818182,4.125,0.305555555555556
"1280",0.361,8.50768657934091,0.733333333333333,0.417499138938234,0.6,0.7275,0.6,0.8,0.4,0.2,3,0.5
"1281",0.2415,6.51576175150512,0.866666666666667,0.374177650572647,0.818181818181818,0.94,0.9,0.85,0.1,0.15,6,0.117647058823529
"1282",0.318,7.50671230128747,0.866666666666667,0.344635653809804,0.75,0.881987577639752,0.857142857142857,0.869565217391304,0.142857142857143,0.130434782608696,6.57142857142857,0.164285714285714
"1283",0.2255,7.0513776214626,0.8,0.454795976324255,0.8,0.870535714285714,0.857142857142857,0.75,0.142857142857143,0.25,3.42857142857143,0.190476190476191
"1284",0.2815,7.52595189486016,0.766666666666667,0.426899848183579,0.72,0.775,0.9,0.7,0.1,0.3,3,0.142857142857143
"1285",0.4115,8.51078823220355,0.866666666666667,0.374016557321389,0.8,0.828042328042328,0.888888888888889,0.857142857142857,0.111111111111111,0.142857142857143,6.22222222222222,0.12962962962963
"1286",0.5,10.5012070068806,0.866666666666667,0.362491086337696,0.714285714285714,0.889204545454546,0.625,0.954545454545455,0.375,0.0454545454545454,13.75,0.392857142857143
"1287",0.303,7.51943129741342,0.766666666666667,0.39326611234186,0.666666666666667,0.806818181818182,0.875,0.727272727272727,0.125,0.272727272727273,3.20833333333333,0.171875
"1288",0.3995,9.02132374307415,0.866666666666667,0.357967582210123,0.666666666666667,0.847826086956522,0.571428571428571,0.956521739130435,0.428571428571429,0.0434782608695652,13.1428571428572,0.448051948051948
"1289",0.24,7.12409690547906,0.8,0.401461319052401,0.666666666666667,0.855113636363636,0.75,0.818181818181818,0.25,0.181818181818182,4.125,0.305555555555556
"1290",0.3435,7.51711749888984,0.7,0.397968707093329,0.571428571428571,0.78125,1,0.625,0,0.375,2.66666666666667,0
"1291",0.278,7.515214237578,0.866666666666667,0.387350693688663,0.8,0.8575,0.8,0.9,0.2,0.1,8,0.222222222222222
"1292",0.31,7.51509468824013,0.866666666666667,0.357887307375299,0.777777777777778,0.923295454545455,0.875,0.863636363636364,0.125,0.136363636363636,6.41666666666667,0.144736842105263
"1293",0.287,7.5150699469214,0.8,0.39663281322585,0.7,0.812169312169312,0.777777777777778,0.80952380952381,0.222222222222222,0.19047619047619,4.08333333333333,0.274509803921569
"1294",0.258,7.52764201960199,0.8,0.427359410465776,0.75,0.818181818181818,0.818181818181818,0.789473684210526,0.181818181818182,0.210526315789474,3.88636363636364,0.23030303030303
"1295",0.212,7.51591078153618,0.766666666666667,0.49599267431412,0.740740740740741,0.776785714285714,0.714285714285714,0.8125,0.285714285714286,0.1875,3.80952380952381,0.351648351648352
"1296",0.306,7.52760325638657,0.766666666666667,0.452762008911592,0.695652173913043,0.764550264550265,0.888888888888889,0.714285714285714,0.111111111111111,0.285714285714286,3.11111111111111,0.155555555555556
"1297",0.295,7.51943447872085,0.7,0.443235230621014,0.608695652173913,0.693121693121693,0.777777777777778,0.666666666666667,0.222222222222222,0.333333333333333,2.33333333333333,0.333333333333333
"1298",0.2875,7.51363530664642,0.8,0.402091804374652,0.727272727272727,0.814814814814815,0.888888888888889,0.761904761904762,0.111111111111111,0.238095238095238,3.73333333333333,0.145833333333333
"1299",0.2655,7.04309805108398,0.833333333333333,0.382381874498615,0.782608695652174,0.9,0.9,0.8,0.1,0.2,4.5,0.125
"1300",0.2475,7.12937564347127,0.833333333333333,0.418936512503267,0.8,0.825,1,0.75,0,0.25,4,0
"1301",0.3675,8.5102964596322,0.866666666666667,0.351504584582726,0.714285714285714,0.778409090909091,0.625,0.954545454545455,0.375,0.0454545454545454,13.75,0.392857142857143
"1302",0.276,7.50655065923082,0.8,0.403007402390564,0.75,0.839712918660287,0.818181818181818,0.789473684210526,0.181818181818182,0.210526315789474,3.88636363636364,0.23030303030303
"1303",0.293,7.50696061308723,0.8,0.377424187971051,0.75,0.9025,0.9,0.75,0.1,0.25,3.6,0.133333333333333
"1304",0.46,8.50458428345235,0.866666666666667,0.361708737698775,0.714285714285714,0.895833333333333,0.833333333333333,0.875,0.166666666666667,0.125,6.66666666666667,0.19047619047619
"1305",0.282,7.52974457432416,0.8,0.398094600246182,0.666666666666667,0.775568181818182,0.75,0.818181818181818,0.25,0.181818181818182,4.125,0.305555555555556
"1306",0.265,7.51703511406988,0.733333333333333,0.431712847070877,0.636363636363636,0.7425,0.7,0.75,0.3,0.25,2.8,0.4
"1307",0.31,7.52291077282431,0.8,0.39082187341764,0.666666666666667,0.767080745341615,0.857142857142857,0.782608695652174,0.142857142857143,0.217391304347826,3.94285714285714,0.182539682539683
"1308",0.328,8.50941523824117,0.866666666666667,0.386249107459353,0.833333333333333,0.911483253588517,0.909090909090909,0.842105263157895,0.0909090909090909,0.157894736842105,5.75757575757576,0.107954545454545
"1309",0.487,9.50157470088062,0.833333333333333,0.412805938011066,0.761904761904762,0.791666666666667,0.666666666666667,0.944444444444444,0.333333333333333,0.0555555555555556,12,0.352941176470588
"1310",0.273,7.52734020281575,0.8,0.419499759504806,0.75,0.7975,0.9,0.75,0.1,0.25,3.6,0.133333333333333
"1311",0.1525,6.57262270529449,0.7,0.494805077583112,0.666666666666667,0.720095693779904,0.818181818181818,0.631578947368421,0.181818181818182,0.368421052631579,2.22077922077922,0.287878787878788
"1312",0.23,7.54799518690222,0.7,0.492164769307996,0.571428571428571,0.6575,0.6,0.75,0.4,0.25,2.4,0.533333333333333
"1313",0.2235,7.07519814203895,0.766666666666667,0.434124846466097,0.740740740740741,0.823529411764706,0.769230769230769,0.764705882352941,0.230769230769231,0.235294117647059,3.26923076923077,0.301775147928994
"1314",0.303,7.51371356413853,0.766666666666667,0.389864504169477,0.695652173913043,0.835978835978836,0.888888888888889,0.714285714285714,0.111111111111111,0.285714285714286,3.11111111111111,0.155555555555556
"1315",0.4255,9.50708735911725,0.9,0.350830826022834,0.727272727272727,0.922360248447205,0.571428571428571,1,0.428571428571429,0,Inf,0.428571428571429
"1316",0.3075,7.51387974077581,0.833333333333333,0.363232549130402,0.705882352941177,0.840909090909091,0.75,0.863636363636364,0.25,0.136363636363636,5.5,0.289473684210526
"1317",0.2745,7.51758855609297,0.733333333333333,0.421022516258355,0.6,0.764550264550265,0.666666666666667,0.761904761904762,0.333333333333333,0.238095238095238,2.8,0.4375
"1318",0.2675,7.13531897139916,0.766666666666667,0.424239231185652,0.666666666666667,0.778409090909091,0.875,0.727272727272727,0.125,0.272727272727273,3.20833333333333,0.171875
"1319",0.2665,7.51887169632564,0.766666666666667,0.432447498073838,0.740740740740741,0.784688995215311,0.909090909090909,0.684210526315789,0.0909090909090909,0.315789473684211,2.87878787878788,0.132867132867133
"1320",0.4285,9.50492251250421,0.866666666666667,0.344600087248955,0.75,0.928977272727273,0.75,0.909090909090909,0.25,0.0909090909090909,8.25,0.275
"1321",0.3885,8.50802746788257,0.866666666666667,0.347513590976979,0.75,0.91304347826087,0.857142857142857,0.869565217391304,0.142857142857143,0.130434782608696,6.57142857142857,0.164285714285714
"1322",0.2935,7.52898249626508,0.8,0.399278237917307,0.75,0.805,0.9,0.75,0.1,0.25,3.6,0.133333333333333
"1323",0.298,7.5105691543779,0.8,0.399610887034757,0.727272727272727,0.788359788359788,0.888888888888889,0.761904761904762,0.111111111111111,0.238095238095238,3.73333333333333,0.145833333333333
"1324",0.271,7.51406493284815,0.866666666666667,0.410386694573734,0.846153846153846,0.91866028708134,1,0.789473684210526,0,0.210526315789474,4.75,0
"1325",0.357,9.50358985005471,0.933333333333333,0.392954682548441,0.9,0.952153110047847,0.818181818181818,1,0.181818181818182,0,Inf,0.181818181818182
"1326",0.3105,7.52708270254839,0.7,0.450431987144219,0.608695652173913,0.738636363636364,0.875,0.636363636363636,0.125,0.363636363636364,2.40625,0.196428571428571
"1327",0.269,7.50639836459505,0.833333333333333,0.414410929925086,0.8,0.861244019138756,0.909090909090909,0.789473684210526,0.0909090909090909,0.210526315789474,4.31818181818182,0.115151515151515
"1328",0.2985,7.52431633428771,0.8,0.392866690402612,0.75,0.8575,0.9,0.75,0.1,0.25,3.6,0.133333333333333
"1329",0.5295,9.49521281259198,0.866666666666667,0.362966952880053,0.777777777777778,0.862433862433862,0.777777777777778,0.904761904761905,0.222222222222222,0.0952380952380952,8.16666666666667,0.245614035087719
"1330",0.204,6.51230213961089,0.8,0.456042047868881,0.8125,0.834821428571429,0.928571428571429,0.6875,0.0714285714285714,0.3125,2.97142857142857,0.103896103896104
"1331",0.273,8.05825208360854,0.833333333333333,0.433554547531628,0.761904761904762,0.784722222222222,0.666666666666667,0.944444444444444,0.333333333333333,0.0555555555555556,12,0.352941176470588
"1332",0.248,7.51853600453702,0.866666666666667,0.4381500598692,0.846153846153846,0.893665158371041,0.846153846153846,0.882352941176471,0.153846153846154,0.117647058823529,7.19230769230769,0.174358974358974
"1333",0.407,9.50354069595786,0.9,0.362748229742028,0.769230769230769,0.855113636363636,0.625,1,0.375,0,Inf,0.375
"1334",0.1975,7.53914125552411,0.866666666666667,0.466978868617708,0.777777777777778,0.825,0.7,0.95,0.3,0.05,14,0.315789473684211
"1335",0.32,8.50927166385462,0.833333333333333,0.409004087301334,0.761904761904762,0.858851674641148,0.727272727272727,0.894736842105263,0.272727272727273,0.105263157894737,6.90909090909091,0.304812834224599
"1336",0.4135,9.50947458727476,0.866666666666667,0.386669500358338,0.75,0.793650793650794,0.666666666666667,0.952380952380952,0.333333333333333,0.0476190476190477,14,0.35
"1337",0.3045,7.51687876801627,0.766666666666667,0.387197690575702,0.695652173913043,0.851851851851852,0.888888888888889,0.714285714285714,0.111111111111111,0.285714285714286,3.11111111111111,0.155555555555556
"1338",0.3905,8.49969730270765,0.866666666666667,0.34687492181561,0.75,0.937888198757764,0.857142857142857,0.869565217391304,0.142857142857143,0.130434782608696,6.57142857142857,0.164285714285714
"1339",0.2795,7.51055945573711,0.866666666666667,0.393697312047757,0.818181818181818,0.925,0.9,0.85,0.1,0.15,6,0.117647058823529
"1340",0.3055,7.50858338907654,0.933333333333333,0.352907901484831,0.875,0.981366459627329,1,0.91304347826087,0,0.0869565217391305,11.5,0
"1341",0.2805,7.51011911682462,0.833333333333333,0.399065722646894,0.736842105263158,0.814814814814815,0.777777777777778,0.857142857142857,0.222222222222222,0.142857142857143,5.44444444444444,0.259259259259259
"1342",0.268,7.52007560667512,0.733333333333333,0.440541484928421,0.692307692307692,0.763157894736842,0.818181818181818,0.684210526315789,0.181818181818182,0.315789473684211,2.59090909090909,0.265734265734266
"1343",0.102,5.55518485846929,0.733333333333333,0.439224404406337,0.733333333333333,0.793981481481482,0.916666666666667,0.611111111111111,0.0833333333333334,0.388888888888889,2.35714285714286,0.136363636363636
"1344",0.269,7.52000113352988,0.766666666666667,0.412258530171267,0.588235294117647,0.722222222222222,0.555555555555556,0.857142857142857,0.444444444444444,0.142857142857143,3.88888888888889,0.518518518518518
"1345",0.9285,12.4301265068775,0.833333333333333,0.453430536762886,0.545454545454545,0.667701863354037,0.428571428571429,0.956521739130435,0.571428571428571,0.0434782608695652,9.85714285714286,0.597402597402597
"1346",0.2965,7.04318635728604,0.8,0.353243911267133,0.727272727272727,0.90625,1,0.727272727272727,0,0.272727272727273,3.66666666666667,0
"1347",0.3075,7.50955039953572,0.766666666666667,0.402384573123327,0.631578947368421,0.786931818181818,0.75,0.772727272727273,0.25,0.227272727272727,3.3,0.323529411764706
"1348",0.273,7.51031405943613,0.866666666666667,0.403127303055528,0.818181818181818,0.87,0.9,0.85,0.1,0.15,6,0.117647058823529
"1349",0.3465,9.03497789188934,0.866666666666667,0.409388972814407,0.8,0.830143540669856,0.727272727272727,0.947368421052632,0.272727272727273,0.0526315789473685,13.8181818181818,0.287878787878788
"1350",0.3145,7.50852725139846,0.766666666666667,0.371778920717359,0.588235294117647,0.779503105590062,0.714285714285714,0.782608695652174,0.285714285714286,0.217391304347826,3.28571428571429,0.365079365079365
"1351",0.436,9.50414756004379,0.9,0.343979977810929,0.8,0.947204968944099,0.857142857142857,0.91304347826087,0.142857142857143,0.0869565217391305,9.85714285714285,0.156462585034014
"1352",0.33,7.52245665413835,0.8,0.381127605137716,0.75,0.888888888888889,1,0.714285714285714,0,0.285714285714286,3.5,0
"1353",0.217,7.52174018585575,0.733333333333333,0.489367650346632,0.692307692307692,0.766968325791855,0.692307692307692,0.764705882352941,0.307692307692308,0.235294117647059,2.94230769230769,0.402366863905326
"1354",0.2325,7.50787842040624,0.833333333333333,0.472370542198422,0.848484848484849,0.853333333333333,0.933333333333333,0.733333333333333,0.0666666666666667,0.266666666666667,3.5,0.0909090909090909
"1355",0.418,9.50244015701599,0.9,0.337495357817171,0.823529411764706,0.951704545454545,0.875,0.909090909090909,0.125,0.0909090909090909,9.625,0.1375
"1356",0.229,7.51659746600601,0.766666666666667,0.472224910353184,0.740740740740741,0.782805429864253,0.769230769230769,0.764705882352941,0.230769230769231,0.235294117647059,3.26923076923077,0.301775147928994
"1357",0.256,6.51916680458715,0.733333333333333,0.387645534210056,0.636363636363636,0.838068181818182,0.875,0.681818181818182,0.125,0.318181818181818,2.75,0.183333333333333
"1358",0.33,7.51302516176222,0.8,0.358339883482613,0.625,0.822916666666667,0.833333333333333,0.791666666666667,0.166666666666667,0.208333333333333,4,0.210526315789474
"1359",0.271,7.51669949502903,0.733333333333333,0.435798805853748,0.714285714285714,0.760765550239234,0.909090909090909,0.631578947368421,0.0909090909090909,0.368421052631579,2.46753246753247,0.143939393939394
"1360",0.285,7.51945802364708,0.733333333333333,0.407545752010196,0.636363636363636,0.753968253968254,0.777777777777778,0.714285714285714,0.222222222222222,0.285714285714286,2.72222222222222,0.311111111111111
"1361",0.351,8.50594797105114,0.9,0.354429564358591,0.823529411764706,0.957386363636364,0.875,0.909090909090909,0.125,0.0909090909090909,9.625,0.1375
"1362",0.416,9.50894771864666,0.8,0.398313836399463,0.7,0.825358851674641,0.636363636363636,0.894736842105263,0.363636363636364,0.105263157894737,6.04545454545455,0.406417112299465
"1363",0.233,7.06968395788457,0.833333333333333,0.420188209691768,0.782608695652174,0.88755980861244,0.818181818181818,0.842105263157895,0.181818181818182,0.157894736842105,5.18181818181818,0.215909090909091
"1364",0.3015,7.50832469656935,0.833333333333333,0.366963504637157,0.705882352941177,0.90625,0.75,0.863636363636364,0.25,0.136363636363636,5.5,0.289473684210526
"1365",0.3515,8.504577978986,0.833333333333333,0.383948004470773,0.705882352941177,0.899470899470899,0.666666666666667,0.904761904761905,0.333333333333333,0.0952380952380952,7,0.368421052631579
"1366",0.1885,6.54415481814572,0.7,0.44621478724599,0.608695652173913,0.735795454545454,0.875,0.636363636363636,0.125,0.363636363636364,2.40625,0.196428571428571
"1367",0.308,7.51661286630014,0.833333333333333,0.373105949929847,0.666666666666667,0.838509316770186,0.714285714285714,0.869565217391304,0.285714285714286,0.130434782608696,5.47619047619048,0.328571428571429
"1368",0.2045,7.27470642372657,0.633333333333333,0.56253953947938,0.476190476190476,0.556818181818182,0.625,0.636363636363636,0.375,0.363636363636364,1.71875,0.589285714285714
"1369",0.206,6.53111482851989,0.7,0.45007020442293,0.571428571428571,0.677248677248677,0.666666666666667,0.714285714285714,0.333333333333333,0.285714285714286,2.33333333333333,0.466666666666667
"1370",0.2605,7.51796529546382,0.8,0.427362129413937,0.769230769230769,0.803240740740741,0.833333333333333,0.777777777777778,0.166666666666667,0.222222222222222,3.75,0.214285714285714
"1371",0.2895,7.51607686722435,0.866666666666667,0.385830924992896,0.833333333333333,0.895,1,0.8,0,0.2,5,0
"1372",0.314,7.51464559329831,0.866666666666667,0.344943008971617,0.777777777777778,0.943181818181818,0.875,0.863636363636364,0.125,0.136363636363636,6.41666666666667,0.144736842105263
"1373",0.253,7.5115607640685,0.833333333333333,0.425724348615413,0.782608695652174,0.826388888888889,0.75,0.888888888888889,0.25,0.111111111111111,6.75,0.28125
"1374",0.2745,7.51668121114519,0.866666666666667,0.394834367108649,0.818181818181818,0.89,0.9,0.85,0.1,0.15,6,0.117647058823529
"1375",0.193,6.54963870669954,0.7,0.439855638326281,0.64,0.788359788359788,0.888888888888889,0.619047619047619,0.111111111111111,0.380952380952381,2.33333333333333,0.17948717948718
"1376",0.3075,7.51632450355639,0.733333333333333,0.423370014796964,0.6,0.727272727272727,0.75,0.727272727272727,0.25,0.272727272727273,2.75,0.34375
"1377",0.657,9.47702947162003,0.833333333333333,0.408441780675563,0.615384615384615,0.884,0.8,0.84,0.2,0.16,5,0.238095238095238
"1378",0.56,9.49309189232873,0.9,0.359778577256413,0.842105263157895,0.843915343915344,0.888888888888889,0.904761904761905,0.111111111111111,0.0952380952380952,9.33333333333333,0.12280701754386
"1379",0.387,9.02834383643625,0.833333333333333,0.389481084875567,0.705882352941177,0.814814814814815,0.666666666666667,0.904761904761905,0.333333333333333,0.0952380952380952,7,0.368421052631579
"1380",0.2665,7.51977894392914,0.766666666666667,0.420780217501643,0.72,0.80622009569378,0.818181818181818,0.736842105263158,0.181818181818182,0.263157894736842,3.10909090909091,0.246753246753247
"1381",0.275,7.52759196874573,0.833333333333333,0.404181423880381,0.761904761904762,0.838624338624339,0.888888888888889,0.80952380952381,0.111111111111111,0.19047619047619,4.66666666666667,0.137254901960784
"1382",0.173,6.53366089917477,0.833333333333333,0.413810092683888,0.827586206896552,0.850678733031674,0.923076923076923,0.764705882352941,0.0769230769230769,0.235294117647059,3.92307692307692,0.100591715976331
"1383",0.641,9.47969098417052,0.833333333333333,0.414005649353189,0.666666666666667,0.850694444444445,0.833333333333333,0.833333333333333,0.166666666666667,0.166666666666667,5,0.2
"1384",0.2085,7.19674732148193,0.733333333333333,0.488954759550801,0.636363636363636,0.669312169312169,0.777777777777778,0.714285714285714,0.222222222222222,0.285714285714286,2.72222222222222,0.311111111111111
"1385",0.3145,7.51228746935205,0.8,0.361627658951687,0.7,0.821022727272727,0.875,0.772727272727273,0.125,0.227272727272727,3.85,0.161764705882353
"1386",0.3005,7.50752178732751,0.866666666666667,0.371557244119435,0.8,0.915343915343915,0.888888888888889,0.857142857142857,0.111111111111111,0.142857142857143,6.22222222222222,0.12962962962963
"1387",0.2775,7.52567052002982,0.8,0.393790277782888,0.769230769230769,0.873205741626794,0.909090909090909,0.736842105263158,0.0909090909090909,0.263157894736842,3.45454545454545,0.123376623376623
"1388",0.2805,7.52003094176405,0.8,0.40457757365244,0.666666666666667,0.786931818181818,0.75,0.818181818181818,0.25,0.181818181818182,4.125,0.305555555555556
"1389",0.1365,6.55097894756821,0.766666666666667,0.48395641548914,0.72,0.72488038277512,0.818181818181818,0.736842105263158,0.181818181818182,0.263157894736842,3.10909090909091,0.246753246753247
"1390",0.298,7.51438011658036,0.8,0.380403366942678,0.75,0.86,0.9,0.75,0.1,0.25,3.6,0.133333333333333
"1391",0.28,7.06346084505182,0.833333333333333,0.359740228168779,0.705882352941177,0.816770186335404,0.857142857142857,0.826086956521739,0.142857142857143,0.173913043478261,4.92857142857143,0.172932330827068
"1392",0.26,7.51934047961589,0.833333333333333,0.418412534492219,0.8,0.837962962962963,0.833333333333333,0.833333333333333,0.166666666666667,0.166666666666667,5,0.2
"1393",0.195,6.06391864659442,0.9,0.425746636979557,0.88,0.946759259259259,0.916666666666667,0.888888888888889,0.0833333333333334,0.111111111111111,8.25,0.09375
"1394",0.246,7.51386160426747,0.8,0.447983746632402,0.785714285714286,0.832579185520362,0.846153846153846,0.764705882352941,0.153846153846154,0.235294117647059,3.59615384615385,0.201183431952663
"1395",0.223,6.51763064102363,0.8,0.393188136480837,0.7,0.796296296296296,0.777777777777778,0.80952380952381,0.222222222222222,0.19047619047619,4.08333333333333,0.274509803921569
"1396",0.554,10.497243613306,0.866666666666667,0.363084612311601,0.666666666666667,0.795138888888889,0.666666666666667,0.916666666666667,0.333333333333333,0.0833333333333334,8,0.363636363636364
"1397",0.264,7.51241734206359,0.8,0.433114016289391,0.785714285714286,0.837962962962963,0.916666666666667,0.722222222222222,0.0833333333333334,0.277777777777778,3.3,0.115384615384615
"1398",0.483,9.50150141201295,0.8,0.40196130588793,0.625,0.741477272727273,0.625,0.863636363636364,0.375,0.136363636363636,4.58333333333333,0.434210526315789
"1399",0.3065,7.52310433611481,0.766666666666667,0.413161419106898,0.72,0.835,0.9,0.7,0.1,0.3,3,0.142857142857143
"1400",0.2195,6.53738222167234,0.766666666666667,0.392973741935914,0.631578947368421,0.836805555555556,1,0.708333333333333,0,0.291666666666667,3.42857142857143,0
"1401",0.2995,7.53089339581583,0.7,0.483105301516444,0.526315789473684,0.673913043478261,0.714285714285714,0.695652173913043,0.285714285714286,0.304347826086957,2.3469387755102,0.410714285714286
"1402",0.6485,12.4890613503316,0.9,0.358192288757896,0.769230769230769,0.835227272727273,0.625,1,0.375,0,Inf,0.375
"1403",0.3035,7.51040000981712,0.8,0.381348713571949,0.769230769230769,0.89,1,0.7,0,0.3,3.33333333333333,0
"1404",0.3775,9.50456538097288,0.9,0.377117949158731,0.842105263157895,0.915,0.8,0.95,0.2,0.05,16,0.210526315789474
"1405",0.168,5.52009497107421,0.8,0.436001835081521,0.785714285714286,0.847222222222222,0.916666666666667,0.722222222222222,0.0833333333333334,0.277777777777778,3.3,0.115384615384615
"1406",0.2585,7.51740555979391,0.766666666666667,0.436153587179115,0.740740740740741,0.782407407407407,0.833333333333333,0.722222222222222,0.166666666666667,0.277777777777778,3,0.230769230769231
"1407",0.2725,7.54043888235788,0.666666666666667,0.470798239597637,0.583333333333333,0.68,0.7,0.65,0.3,0.35,2,0.461538461538462
"1408",0.3335,8.51173201337358,0.833333333333333,0.402400191806791,0.736842105263158,0.85,0.7,0.9,0.3,0.1,7,0.333333333333333
"1409",0.309,7.51744600518389,0.866666666666667,0.36667574488211,0.777777777777778,0.892045454545455,0.875,0.863636363636364,0.125,0.136363636363636,6.41666666666667,0.144736842105263
"1410",0.283,7.51258316702548,0.8,0.402037118805176,0.727272727272727,0.867724867724868,0.888888888888889,0.761904761904762,0.111111111111111,0.238095238095238,3.73333333333333,0.145833333333333
"1411",0.3465,8.50466849270705,0.8,0.411024345125555,0.666666666666667,0.761904761904762,0.666666666666667,0.857142857142857,0.333333333333333,0.142857142857143,4.66666666666667,0.388888888888889
"1412",0.1655,6.55031886551341,0.8,0.42322049975898,0.727272727272727,0.82,0.8,0.8,0.2,0.2,4,0.25
"1413",0.3745,9.49863086157207,0.866666666666667,0.39711347302737,0.8,0.880382775119617,0.727272727272727,0.947368421052632,0.272727272727273,0.0526315789473685,13.8181818181818,0.287878787878788
"1414",0.266,7.51944550202594,0.866666666666667,0.40570431150325,0.818181818181818,0.913875598086124,0.818181818181818,0.894736842105263,0.181818181818182,0.105263157894737,7.77272727272727,0.203208556149733
"1415",0.209,7.51357854178521,0.833333333333333,0.512928247729908,0.848484848484849,0.857142857142857,0.875,0.785714285714286,0.125,0.214285714285714,4.08333333333333,0.159090909090909
"1416",0.2905,7.52118351716742,0.833333333333333,0.384821925271047,0.814814814814815,0.935406698564593,1,0.736842105263158,0,0.263157894736842,3.8,0
"1417",0.3065,8.51287038887529,0.833333333333333,0.439237742379599,0.736842105263158,0.813397129186603,0.636363636363636,0.947368421052632,0.363636363636364,0.0526315789473685,12.0909090909091,0.383838383838384
"1418",0.247,7.53855445420807,0.8,0.458027612335542,0.727272727272727,0.7425,0.8,0.8,0.2,0.2,4,0.25
"1419",0.4075,9.06264915849002,0.833333333333333,0.363451745758586,0.666666666666667,0.852272727272727,0.625,0.909090909090909,0.375,0.0909090909090909,6.875,0.4125
"1420",0.387,9.0947124164786,0.9,0.341079073869071,0.8,0.954545454545455,0.75,0.954545454545455,0.25,0.0454545454545454,16.5,0.261904761904762
"1421",0.4875,9.50009132700059,0.833333333333333,0.372374183890203,0.615384615384615,0.809027777777778,0.666666666666667,0.875,0.333333333333333,0.125,5.33333333333333,0.380952380952381
"1422",0.4925,9.00538429015973,0.833333333333333,0.401441411539385,0.666666666666667,0.792613636363636,0.625,0.909090909090909,0.375,0.0909090909090909,6.875,0.4125
"1423",0.2755,7.12840213045627,0.733333333333333,0.418745751418191,0.6,0.804347826086957,0.857142857142857,0.695652173913043,0.142857142857143,0.304347826086957,2.81632653061224,0.205357142857143
"1424",0.2185,6.54570463237883,0.7,0.436935161056921,0.526315789473684,0.8125,0.833333333333333,0.666666666666667,0.166666666666667,0.333333333333333,2.5,0.25
"1425",0.2635,7.52103765962086,0.666666666666667,0.463529342773345,0.705882352941177,0.721719457013575,0.923076923076923,0.470588235294118,0.0769230769230769,0.529411764705882,1.74358974358974,0.163461538461538
"1426",0.2715,7.51894304404704,0.766666666666667,0.426121757552243,0.666666666666667,0.7875,0.7,0.8,0.3,0.2,3.5,0.375
"1427",0.3785,8.51157512870538,0.933333333333333,0.331960014031462,0.833333333333333,0.934027777777778,0.833333333333333,0.958333333333333,0.166666666666667,0.0416666666666666,20,0.173913043478261
"1428",0.2425,7.51951787494682,0.8,0.45432908141313,0.785714285714286,0.798642533936652,0.846153846153846,0.764705882352941,0.153846153846154,0.235294117647059,3.59615384615385,0.201183431952663
"1429",0.299,7.51377028997554,0.8,0.398444525520587,0.727272727272727,0.828042328042328,0.888888888888889,0.761904761904762,0.111111111111111,0.238095238095238,3.73333333333333,0.145833333333333
"1430",0.5795,10.4954457221448,0.8,0.403851188864399,0.571428571428571,0.760869565217391,0.571428571428571,0.869565217391304,0.428571428571429,0.130434782608696,4.38095238095238,0.492857142857143
"1431",0.196,5.52801662211151,0.7,0.408289358874914,0.666666666666667,0.80952380952381,1,0.571428571428571,0,0.428571428571429,2.33333333333333,0
"1432",0.4035,9.50642434860303,0.966666666666667,0.341283399456612,0.933333333333333,0.928977272727273,0.875,1,0.125,0,Inf,0.125
"1433",0.3275,7.51642166851792,0.833333333333333,0.344533639659065,0.736842105263158,0.925465838509317,1,0.782608695652174,0,0.217391304347826,4.6,0
"1434",0.406,9.50589660683483,0.9,0.368386831118947,0.823529411764706,0.891534391534392,0.777777777777778,0.952380952380952,0.222222222222222,0.0476190476190477,16.3333333333333,0.233333333333333
"1435",0.165,6.54786924066987,0.7,0.45217045051713,0.64,0.725,0.8,0.65,0.2,0.35,2.28571428571429,0.307692307692308
"1436",0.704,10.4708477372112,0.866666666666667,0.37618999108184,0.666666666666667,0.875,0.666666666666667,0.916666666666667,0.333333333333333,0.0833333333333334,8,0.363636363636364
"1437",0.2915,7.5137703801208,0.8,0.399103949691461,0.7,0.798941798941799,0.777777777777778,0.80952380952381,0.222222222222222,0.19047619047619,4.08333333333333,0.274509803921569
"1438",0.258,7.05379728630071,0.9,0.38920602708429,0.857142857142857,0.895,0.9,0.9,0.1,0.1,9,0.111111111111111
"1439",0.287,7.53301152348106,0.766666666666667,0.421399787403365,0.631578947368421,0.767045454545455,0.75,0.772727272727273,0.25,0.227272727272727,3.3,0.323529411764706
"1440",0.223,7.5129527524111,0.833333333333333,0.480886224423546,0.827586206896552,0.852678571428571,0.857142857142857,0.8125,0.142857142857143,0.1875,4.57142857142857,0.175824175824176
"1441",0.341,7.50350520819278,0.8,0.362992270127725,0.666666666666667,0.888888888888889,1,0.75,0,0.25,4,0
"1442",0.019,3.56594965959701,0.333333333333333,0.502197540385809,0.411764705882353,0.555900621118012,1,0.130434782608696,0,0.869565217391304,1.15,0
"1443",0.248,6.52177124539523,0.666666666666667,0.415254614827556,0.615384615384615,0.741477272727273,1,0.545454545454545,0,0.454545454545455,2.2,0
"1444",0.31,7.51170912135809,0.766666666666667,0.37195161210717,0.695652173913043,0.830687830687831,0.888888888888889,0.714285714285714,0.111111111111111,0.285714285714286,3.11111111111111,0.155555555555556
"1445",0.2155,6.51500514865951,0.833333333333333,0.422317306915226,0.8,0.858851674641148,0.909090909090909,0.789473684210526,0.0909090909090909,0.210526315789474,4.31818181818182,0.115151515151515
"1446",0.3275,7.51890126923491,0.766666666666667,0.385176425553539,0.588235294117647,0.833333333333333,0.833333333333333,0.75,0.166666666666667,0.25,3.33333333333333,0.222222222222222
"1447",0.2705,7.50528969824677,0.9,0.407783719615839,0.88,0.913875598086124,1,0.842105263157895,0,0.157894736842105,6.33333333333333,0
"1448",0.3215,7.5135856439452,0.8,0.37008819906358,0.666666666666667,0.819875776397516,0.857142857142857,0.782608695652174,0.142857142857143,0.217391304347826,3.94285714285714,0.182539682539683
"1449",0.3205,7.51327693607749,0.7,0.387007572688486,0.526315789473684,0.791925465838509,0.714285714285714,0.695652173913043,0.285714285714286,0.304347826086957,2.3469387755102,0.410714285714286
"1450",0.3045,7.51626670647764,0.7,0.406833159247924,0.470588235294118,0.645962732919255,0.571428571428571,0.739130434782609,0.428571428571429,0.260869565217391,2.19047619047619,0.579831932773109
"1451",0.278,7.5311836424037,0.7,0.444006557558697,0.470588235294118,0.683229813664596,0.571428571428571,0.739130434782609,0.428571428571429,0.260869565217391,2.19047619047619,0.579831932773109
"1452",0.308,7.50772577525285,0.833333333333333,0.374895085571577,0.736842105263158,0.84375,0.875,0.818181818181818,0.125,0.181818181818182,4.8125,0.152777777777778
"1453",0.3015,7.50977723248234,0.933333333333333,0.359484393763809,0.888888888888889,0.963068181818182,1,0.909090909090909,0,0.0909090909090909,11,0
"1454",0.472,9.50318248328821,0.766666666666667,0.395795054949123,0.533333333333333,0.751552795031056,0.571428571428571,0.826086956521739,0.428571428571429,0.173913043478261,3.28571428571429,0.518796992481203
"1455",0.263,7.50638884012627,0.833333333333333,0.415061363761686,0.8,0.868421052631579,0.909090909090909,0.789473684210526,0.0909090909090909,0.210526315789474,4.31818181818182,0.115151515151515
"1456",0.156,7.22710958365089,0.733333333333333,0.503511910242844,0.666666666666667,0.743055555555556,0.666666666666667,0.777777777777778,0.333333333333333,0.222222222222222,3,0.428571428571429
"1457",0.228,7.13736905118392,0.766666666666667,0.426027685738631,0.740740740740741,0.789473684210526,0.909090909090909,0.684210526315789,0.0909090909090909,0.315789473684211,2.87878787878788,0.132867132867133
"1458",0.2485,6.5199162912801,0.7,0.395150834006082,0.608695652173913,0.795454545454545,0.875,0.636363636363636,0.125,0.363636363636364,2.40625,0.196428571428571
"1459",0.2215,6.51458684708164,0.933333333333333,0.423093392587338,0.923076923076923,0.956018518518518,1,0.888888888888889,0,0.111111111111111,9,0
"1460",0.5265,9.49646323417639,0.833333333333333,0.389188109281641,0.736842105263158,0.8275,0.7,0.9,0.3,0.1,7,0.333333333333333
"1461",0.3155,8.50678434714644,0.933333333333333,0.388700469587891,0.909090909090909,0.966507177033493,0.909090909090909,0.947368421052632,0.0909090909090909,0.0526315789473685,17.2727272727273,0.095959595959596
"1462",0.28,7.51916600832202,0.733333333333333,0.420389003271346,0.6,0.78042328042328,0.666666666666667,0.761904761904762,0.333333333333333,0.238095238095238,2.8,0.4375
"1463",0.232,6.52384091062967,0.833333333333333,0.391493709409021,0.782608695652174,0.9025,0.9,0.8,0.1,0.2,4.5,0.125
"1464",0.565,9.49011703776946,0.933333333333333,0.322888932361375,0.833333333333333,0.944,1,0.92,0,0.08,12.5,0
"1465",0.495,10.4977557744657,0.866666666666667,0.3785291829695,0.666666666666667,0.798295454545454,0.5,1,0.5,0,Inf,0.5
"1466",0.4095,9.50268432801541,0.9,0.357143581149827,0.8,0.934659090909091,0.75,0.954545454545455,0.25,0.0454545454545454,16.5,0.261904761904762
"1467",0.2335,7.53163990381091,0.8,0.451603999451493,0.769230769230769,0.805555555555556,0.833333333333333,0.777777777777778,0.166666666666667,0.222222222222222,3.75,0.214285714285714
"1468",0.3465,7.51320594917225,0.766666666666667,0.363696036745179,0.631578947368421,0.868055555555556,1,0.708333333333333,0,0.291666666666667,3.42857142857143,0
"1469",0.3415,8.5085512139383,0.833333333333333,0.393530150388355,0.705882352941177,0.78042328042328,0.666666666666667,0.904761904761905,0.333333333333333,0.0952380952380952,7,0.368421052631579
"1470",0.393,9.03100854909072,0.866666666666667,0.353040335710911,0.75,0.852272727272727,0.75,0.909090909090909,0.25,0.0909090909090909,8.25,0.275
"1471",0.485,10.4942927495495,0.9,0.34447981016635,0.727272727272727,0.925465838509317,0.571428571428571,1,0.428571428571429,0,Inf,0.428571428571429
"1472",0.192,6.51663897433934,0.766666666666667,0.472328246664325,0.72,0.744019138755981,0.818181818181818,0.736842105263158,0.181818181818182,0.263157894736842,3.10909090909091,0.246753246753247
"1473",0.2595,7.52748324125988,0.833333333333333,0.41570133088059,0.8,0.803240740740741,0.833333333333333,0.833333333333333,0.166666666666667,0.166666666666667,5,0.2
"1474",0.283,7.52832357671735,0.8,0.422216083967217,0.727272727272727,0.804232804232804,0.888888888888889,0.761904761904762,0.111111111111111,0.238095238095238,3.73333333333333,0.145833333333333
"1475",0.375,8.50721805254011,0.9,0.348284268269168,0.823529411764706,0.934659090909091,0.875,0.909090909090909,0.125,0.0909090909090909,9.625,0.1375
"1476",0.2435,6.51638956725467,0.833333333333333,0.376842392167449,0.736842105263158,0.894886363636364,0.875,0.818181818181818,0.125,0.181818181818182,4.8125,0.152777777777778
"1477",0.6075,9.48693577107172,0.8,0.400434804392693,0.5,0.82,0.6,0.84,0.4,0.16,3.75,0.476190476190476
"1478",0.317,8.51327994702962,0.833333333333333,0.414309590364433,0.782608695652174,0.842105263157895,0.818181818181818,0.842105263157895,0.181818181818182,0.157894736842105,5.18181818181818,0.215909090909091
"1479",0.2885,7.50599729567068,0.8,0.383381473919978,0.7,0.865079365079365,0.777777777777778,0.80952380952381,0.222222222222222,0.19047619047619,4.08333333333333,0.274509803921569
"1480",0.732,12.4856596195983,0.933333333333333,0.375187714642332,0.666666666666667,0.8125,0.5,1,0.5,0,Inf,0.5
"1481",0.3175,7.51384987672583,0.9,0.345523539678746,0.8,0.87888198757764,0.857142857142857,0.91304347826087,0.142857142857143,0.0869565217391305,9.85714285714285,0.156462585034014
"1482",0.215,7.53850968567149,0.766666666666667,0.488113712818924,0.758620689655172,0.771493212669683,0.846153846153846,0.705882352941177,0.153846153846154,0.294117647058823,2.87692307692308,0.217948717948718
"1483",0.2975,7.50604388007771,0.833333333333333,0.383898460863742,0.761904761904762,0.849206349206349,0.888888888888889,0.80952380952381,0.111111111111111,0.19047619047619,4.66666666666667,0.137254901960784
"1484",0.291,7.52541051215223,0.8,0.392173522554823,0.727272727272727,0.857142857142857,0.888888888888889,0.761904761904762,0.111111111111111,0.238095238095238,3.73333333333333,0.145833333333333
"1485",0.187,6.5590748031202,0.566666666666667,0.502297801406215,0.380952380952381,0.565972222222222,0.666666666666667,0.541666666666667,0.333333333333333,0.458333333333333,1.45454545454545,0.615384615384616
"1486",0.2125,7.5257537515942,0.833333333333333,0.506712346894859,0.8,0.812217194570136,0.769230769230769,0.882352941176471,0.230769230769231,0.117647058823529,6.53846153846154,0.261538461538461
"1487",0.4605,8.50584777244778,0.766666666666667,0.423632446562975,0.533333333333333,0.739583333333333,0.666666666666667,0.791666666666667,0.333333333333333,0.208333333333333,3.2,0.421052631578947
"1488",0.1895,6.54223001087271,0.7,0.432117598673931,0.64,0.775132275132275,0.888888888888889,0.619047619047619,0.111111111111111,0.380952380952381,2.33333333333333,0.17948717948718
"1489",0.2675,7.14032549479214,0.733333333333333,0.429991990048176,0.666666666666667,0.796296296296296,0.888888888888889,0.666666666666667,0.111111111111111,0.333333333333333,2.66666666666667,0.166666666666667
"1490",0.2875,7.52844676619732,0.866666666666667,0.361482372170357,0.8,0.875661375661376,0.888888888888889,0.857142857142857,0.111111111111111,0.142857142857143,6.22222222222222,0.12962962962963
"1491",0.725,12.4762739317282,0.9,0.374456927338354,0.666666666666667,0.857638888888889,0.5,1,0.5,0,Inf,0.5
"1492",0.294,7.51546700723092,0.833333333333333,0.392943270253054,0.705882352941177,0.815340909090909,0.75,0.863636363636364,0.25,0.136363636363636,5.5,0.289473684210526
"1493",0.504,10.5021158832783,0.833333333333333,0.38334066407051,0.705882352941177,0.82010582010582,0.666666666666667,0.904761904761905,0.333333333333333,0.0952380952380952,7,0.368421052631579
"1494",0.3685,8.50275390765213,0.866666666666667,0.349549381947427,0.714285714285714,0.87888198757764,0.714285714285714,0.91304347826087,0.285714285714286,0.0869565217391305,8.21428571428571,0.312925170068027
"1495",0.294,7.51233191189709,0.833333333333333,0.387273830818296,0.782608695652174,0.899470899470899,1,0.761904761904762,0,0.238095238095238,4.2,0
"1496",0.6005,9.9408204176562,0.833333333333333,0.398392388708927,0.545454545454545,0.698757763975155,0.428571428571429,0.956521739130435,0.571428571428571,0.0434782608695652,9.85714285714286,0.597402597402597
"1497",0.472,10.0320955991304,0.9,0.33062866815518,0.666666666666667,0.916666666666667,0.5,1,0.5,0,Inf,0.5
"1498",0.2725,7.52176667682191,0.9,0.402997210225639,0.857142857142857,0.935,0.9,0.9,0.1,0.1,9,0.111111111111111
"1499",0.3255,8.0879116238205,0.766666666666667,0.425638856423404,0.666666666666667,0.791866028708134,0.636363636363636,0.842105263157895,0.363636363636364,0.157894736842105,4.03030303030303,0.431818181818182
"1500",0.2935,7.52479325390889,0.9,0.360152503573646,0.869565217391304,0.9125,1,0.85,0,0.15,6.66666666666667,0
"1501",0.289,7.51491754108338,0.8,0.388505960178815,0.75,0.8575,0.9,0.75,0.1,0.25,3.6,0.133333333333333
"1502",0.3005,7.51003461110785,0.833333333333333,0.36608430387234,0.761904761904762,0.931216931216931,0.888888888888889,0.80952380952381,0.111111111111111,0.19047619047619,4.66666666666667,0.137254901960784
"1503",0.233,7.06820390927355,0.833333333333333,0.42312176251763,0.782608695652174,0.870813397129187,0.818181818181818,0.842105263157895,0.181818181818182,0.157894736842105,5.18181818181818,0.215909090909091
"1504",0.433,8.50613157954232,0.833333333333333,0.357400841435257,0.761904761904762,0.907407407407407,0.888888888888889,0.80952380952381,0.111111111111111,0.19047619047619,4.66666666666667,0.137254901960784
"1505",0.4565,9.50292529005137,0.9,0.345157889598398,0.727272727272727,0.881944444444444,0.666666666666667,0.958333333333333,0.333333333333333,0.0416666666666666,16,0.347826086956522
"1506",0.2295,6.52669280248086,0.666666666666667,0.421105393488195,0.615384615384615,0.7675,0.8,0.6,0.2,0.4,2,0.333333333333333
"1507",0.4555,9.50524498621984,0.933333333333333,0.320614834495008,0.857142857142857,0.982638888888889,1,0.916666666666667,0,0.0833333333333334,12,0
"1508",0.2485,6.51899306731083,0.733333333333333,0.382874273519403,0.636363636363636,0.821022727272727,0.875,0.681818181818182,0.125,0.318181818181818,2.75,0.183333333333333
"1509",0.2485,6.5108911391351,0.833333333333333,0.356945323200376,0.615384615384615,0.732638888888889,0.666666666666667,0.875,0.333333333333333,0.125,5.33333333333333,0.380952380952381
"1510",0.2675,7.51341533900653,0.8,0.434669527458312,0.75,0.80622009569378,0.818181818181818,0.789473684210526,0.181818181818182,0.210526315789474,3.88636363636364,0.23030303030303
"1511",0.1905,6.5398964178185,0.8,0.414280343154454,0.727272727272727,0.838624338624339,0.888888888888889,0.761904761904762,0.111111111111111,0.238095238095238,3.73333333333333,0.145833333333333
"1512",0.306,7.50752069949994,0.766666666666667,0.381444391562455,0.666666666666667,0.826704545454545,0.875,0.727272727272727,0.125,0.272727272727273,3.20833333333333,0.171875
"1513",0.297,7.51465535386324,0.9,0.38126888673277,0.823529411764706,0.855113636363636,0.875,0.909090909090909,0.125,0.0909090909090909,9.625,0.1375
"1514",0.279,7.52903765218426,0.8,0.409328915322952,0.666666666666667,0.769886363636364,0.75,0.818181818181818,0.25,0.181818181818182,4.125,0.305555555555556
"1515",0.2925,7.52960691453734,0.733333333333333,0.411326887813411,0.5,0.677083333333333,0.666666666666667,0.75,0.333333333333333,0.25,2.66666666666667,0.444444444444444
"1516",0.242,7.52824270017731,0.8,0.455818533841034,0.8125,0.810267857142857,0.928571428571429,0.6875,0.0714285714285714,0.3125,2.97142857142857,0.103896103896104
"1517",0.6685,10.4783643610125,0.866666666666667,0.35813335204606,0.777777777777778,0.843915343915344,0.777777777777778,0.904761904761905,0.222222222222222,0.0952380952380952,8.16666666666667,0.245614035087719
"1518",0.3395,8.51215573078668,0.733333333333333,0.43473514025236,0.6,0.6825,0.6,0.8,0.4,0.2,3,0.5
"1519",0.438,9.50537833555583,0.9,0.33991118363413,0.727272727272727,0.90625,0.666666666666667,0.958333333333333,0.333333333333333,0.0416666666666666,16,0.347826086956522
"1520",0.543,9.4960779135814,0.866666666666667,0.382335425024374,0.6,0.763888888888889,0.5,0.958333333333333,0.5,0.0416666666666666,12,0.521739130434783
"1521",0.3085,7.51316144980802,0.833333333333333,0.358856108121844,0.761904761904762,0.9375,1,0.772727272727273,0,0.227272727272727,4.4,0
"1522",0.2085,6.49983576495564,0.866666666666667,0.4424711320018,0.857142857142857,0.916289592760181,0.923076923076923,0.823529411764706,0.0769230769230769,0.176470588235294,5.23076923076923,0.0934065934065934
"1523",0.2085,6.52064549767433,0.633333333333333,0.450114036891155,0.521739130434783,0.664021164021164,0.666666666666667,0.619047619047619,0.333333333333333,0.380952380952381,1.75,0.538461538461539
"1524",0.353,8.50346086124045,0.9,0.349742594601842,0.842105263157895,0.955026455026455,0.888888888888889,0.904761904761905,0.111111111111111,0.0952380952380952,9.33333333333333,0.12280701754386
"1525",0.258,7.51939676182166,0.766666666666667,0.428538077628213,0.72,0.858851674641148,0.818181818181818,0.736842105263158,0.181818181818182,0.263157894736842,3.10909090909091,0.246753246753247
"1526",0.3285,7.52925968826387,0.733333333333333,0.452806800500005,0.692307692307692,0.7475,0.9,0.65,0.1,0.35,2.57142857142857,0.153846153846154
"1527",0.2775,7.5316336186554,0.766666666666667,0.431513400228232,0.740740740740741,0.794258373205742,0.909090909090909,0.684210526315789,0.0909090909090909,0.315789473684211,2.87878787878788,0.132867132867133
"1528",0.238,6.51780490257823,0.833333333333333,0.398862463046214,0.8,0.9125,1,0.75,0,0.25,4,0
"1529",0.553,10.4976894568434,0.866666666666667,0.37318713309503,0.6,0.75,0.5,0.958333333333333,0.5,0.0416666666666666,12,0.521739130434783
"1530",0.176,6.53393503151663,0.8,0.415499527721103,0.769230769230769,0.851674641148325,0.909090909090909,0.736842105263158,0.0909090909090909,0.263157894736842,3.45454545454545,0.123376623376623
"1531",0.177,6.52319869687092,0.8,0.504084724539412,0.823529411764706,0.875555555555556,0.933333333333333,0.666666666666667,0.0666666666666667,0.333333333333333,2.8,0.1
"1532",0.364,8.5049914357578,0.733333333333333,0.403074163857296,0.636363636363636,0.8025,0.7,0.75,0.3,0.25,2.8,0.4
"1533",0.237,7.51564960875622,0.733333333333333,0.473193248927083,0.75,0.744444444444444,0.8,0.666666666666667,0.2,0.333333333333333,2.4,0.3
"1534",0.4215,9.02155433462033,0.833333333333333,0.373324632372361,0.615384615384615,0.745341614906832,0.571428571428571,0.91304347826087,0.428571428571429,0.0869565217391305,6.57142857142857,0.469387755102041
"1535",0.386,9.50783231656599,0.9,0.388264741882942,0.842105263157895,0.86,0.8,0.95,0.2,0.05,16,0.210526315789474
"1536",0.3265,7.50860810830417,0.866666666666667,0.353344896170656,0.777777777777778,0.916149068322981,1,0.826086956521739,0,0.173913043478261,5.75,0
"1537",0.624,11.874936315334,0.933333333333333,0.329403811061458,0.666666666666667,0.817307692307692,0.5,1,0.5,0,Inf,0.5
"1538",0.285,7.52716026687286,0.8,0.385291510453246,0.727272727272727,0.878306878306878,0.888888888888889,0.761904761904762,0.111111111111111,0.238095238095238,3.73333333333333,0.145833333333333
"1539",0.1615,6.54754490850617,0.733333333333333,0.468508338362613,0.714285714285714,0.746411483253589,0.909090909090909,0.631578947368421,0.0909090909090909,0.368421052631579,2.46753246753247,0.143939393939394
"1540",0.173,5.52560331824172,0.733333333333333,0.403059166129096,0.636363636363636,0.777777777777778,0.777777777777778,0.714285714285714,0.222222222222222,0.285714285714286,2.72222222222222,0.311111111111111
"1541",0.3365,8.51562045723145,0.8,0.41316540584801,0.727272727272727,0.779904306220096,0.727272727272727,0.842105263157895,0.272727272727273,0.157894736842105,4.6060606060606,0.323863636363636
"1542",0.4015,9.07309438840567,0.833333333333333,0.386072451648134,0.666666666666667,0.778409090909091,0.625,0.909090909090909,0.375,0.0909090909090909,6.875,0.4125
"1543",0.3695,8.50359459039105,0.9,0.345498073101776,0.823529411764706,0.968944099378882,1,0.869565217391304,0,0.130434782608696,7.66666666666667,0
"1544",0.283,7.52361354165087,0.733333333333333,0.435918436766934,0.714285714285714,0.746411483253589,0.909090909090909,0.631578947368421,0.0909090909090909,0.368421052631579,2.46753246753247,0.143939393939394
"1545",0.302,7.50693199521575,0.766666666666667,0.388157977481286,0.695652173913043,0.85978835978836,0.888888888888889,0.714285714285714,0.111111111111111,0.285714285714286,3.11111111111111,0.155555555555556
"1546",0.3655,9.03024273073695,0.866666666666667,0.377459405191524,0.75,0.880952380952381,0.666666666666667,0.952380952380952,0.333333333333333,0.0476190476190477,14,0.35
"1547",0.2485,6.51444766995732,0.766666666666667,0.394775512600048,0.72,0.830687830687831,1,0.666666666666667,0,0.333333333333333,3,0
"1548",0.3775,8.51517078260409,0.833333333333333,0.399716350624615,0.705882352941177,0.785714285714286,0.666666666666667,0.904761904761905,0.333333333333333,0.0952380952380952,7,0.368421052631579
"1549",0.271,7.51471947489801,0.833333333333333,0.412213205807812,0.782608695652174,0.858851674641148,0.818181818181818,0.842105263157895,0.181818181818182,0.157894736842105,5.18181818181818,0.215909090909091
"1550",0.268,7.06810288745941,0.766666666666667,0.395813623942047,0.666666666666667,0.846560846560847,0.777777777777778,0.761904761904762,0.222222222222222,0.238095238095238,3.26666666666667,0.291666666666667
"1551",0.3455,8.5083410916291,0.833333333333333,0.398157847351112,0.736842105263158,0.849206349206349,0.777777777777778,0.857142857142857,0.222222222222222,0.142857142857143,5.44444444444444,0.259259259259259
"1552",0.345,8.19414362883028,0.766666666666667,0.392637322301793,0.666666666666667,0.791005291005291,0.777777777777778,0.761904761904762,0.222222222222222,0.238095238095238,3.26666666666667,0.291666666666667
"1553",0.199,6.52141353867164,0.866666666666667,0.456485463382738,0.857142857142857,0.918552036199095,0.923076923076923,0.823529411764706,0.0769230769230769,0.176470588235294,5.23076923076923,0.0934065934065934
"1554",0.5405,8.89994553491971,0.8,0.386303454709827,0.666666666666667,0.888198757763975,0.857142857142857,0.782608695652174,0.142857142857143,0.217391304347826,3.94285714285714,0.182539682539683
"1555",0.3925,9.51148708393783,0.866666666666667,0.372239709933017,0.777777777777778,0.8975,0.7,0.95,0.3,0.05,14,0.315789473684211
"1556",0.26,7.51315767858037,0.833333333333333,0.423412571284653,0.814814814814815,0.909502262443439,0.846153846153846,0.823529411764706,0.153846153846154,0.176470588235294,4.79487179487179,0.186813186813187
"1557",0.232,7.50111177130531,0.9,0.476993709688977,0.903225806451613,0.930803571428571,1,0.8125,0,0.1875,5.33333333333333,0
"1558",0.285,7.52114564171387,0.766666666666667,0.411556379094611,0.740740740740741,0.796650717703349,0.909090909090909,0.684210526315789,0.0909090909090909,0.315789473684211,2.87878787878788,0.132867132867133
"1559",0.3865,8.50167196105013,0.833333333333333,0.374210178473815,0.666666666666667,0.863354037267081,0.714285714285714,0.869565217391304,0.285714285714286,0.130434782608696,5.47619047619048,0.328571428571429
"1560",0.268,7.52932458577429,0.866666666666667,0.426458056568872,0.846153846153846,0.84688995215311,1,0.789473684210526,0,0.210526315789474,4.75,0
"1561",0.2835,7.51930880237979,0.733333333333333,0.440324649918093,0.666666666666667,0.72,0.8,0.7,0.2,0.3,2.66666666666667,0.285714285714286
"1562",0.3025,7.51872570903801,0.666666666666667,0.404990217037605,0.5,0.695652173913043,0.714285714285714,0.652173913043478,0.285714285714286,0.347826086956522,2.05357142857143,0.438095238095238
"1563",0.2135,7.53680766816546,0.833333333333333,0.459807709306459,0.8,0.80787037037037,0.833333333333333,0.833333333333333,0.166666666666667,0.166666666666667,5,0.2
"1564",0.4185,9.50476355281564,0.9,0.375601387059279,0.8,0.866477272727273,0.75,0.954545454545455,0.25,0.0454545454545454,16.5,0.261904761904762
"1565",0.3065,7.50943850700122,0.866666666666667,0.362299701523555,0.777777777777778,0.920454545454545,0.875,0.863636363636364,0.125,0.136363636363636,6.41666666666667,0.144736842105263
"1566",0.2645,7.52227359696683,0.866666666666667,0.407801870174091,0.818181818181818,0.901913875598086,0.818181818181818,0.894736842105263,0.181818181818182,0.105263157894737,7.77272727272727,0.203208556149733
"1567",0.439,9.50519353851376,0.9,0.332208610883017,0.8,0.947204968944099,0.857142857142857,0.91304347826087,0.142857142857143,0.0869565217391305,9.85714285714285,0.156462585034014
"1568",0.1665,5.51726772090203,0.6,0.445165712989687,0.647058823529412,0.738425925925926,0.916666666666667,0.388888888888889,0.0833333333333334,0.611111111111111,1.5,0.214285714285714
"1569",0.313,7.52476104973842,0.8,0.387306440290122,0.625,0.815972222222222,0.833333333333333,0.791666666666667,0.166666666666667,0.208333333333333,4,0.210526315789474
"1570",0.3465,7.51203513093213,0.766666666666667,0.369949227967445,0.588235294117647,0.864583333333333,0.833333333333333,0.75,0.166666666666667,0.25,3.33333333333333,0.222222222222222
"1571",0.2965,8.51529310371262,0.8,0.440555118354646,0.769230769230769,0.864253393665158,0.769230769230769,0.823529411764706,0.230769230769231,0.176470588235294,4.35897435897436,0.28021978021978
"1572",0.274,7.06178905959671,0.7,0.397369781754715,0.666666666666667,0.82,0.9,0.6,0.1,0.4,2.25,0.166666666666667
"1573",0.2605,7.1237341108747,0.8,0.404471003720487,0.727272727272727,0.828042328042328,0.888888888888889,0.761904761904762,0.111111111111111,0.238095238095238,3.73333333333333,0.145833333333333
"1574",0.282,7.50395153896029,0.833333333333333,0.399750974164489,0.8,0.873205741626794,0.909090909090909,0.789473684210526,0.0909090909090909,0.210526315789474,4.31818181818182,0.115151515151515
"1575",0.2265,7.51869106422124,0.8,0.483971668279027,0.785714285714286,0.785067873303167,0.846153846153846,0.764705882352941,0.153846153846154,0.235294117647059,3.59615384615385,0.201183431952663
"1576",0.161,6.54880007458745,0.766666666666667,0.446066711665339,0.72,0.801435406698565,0.818181818181818,0.736842105263158,0.181818181818182,0.263157894736842,3.10909090909091,0.246753246753247
"1577",0.3015,7.50685735111376,0.866666666666667,0.365442528164443,0.8,0.912698412698413,0.888888888888889,0.857142857142857,0.111111111111111,0.142857142857143,6.22222222222222,0.12962962962963
"1578",0.4845,10.4992713981982,0.933333333333333,0.347056869331951,0.833333333333333,0.944099378881988,0.714285714285714,1,0.285714285714286,0,Inf,0.285714285714286
"1579",0.3265,7.51449155342898,0.833333333333333,0.367743890280734,0.736842105263158,0.866459627329193,1,0.782608695652174,0,0.217391304347826,4.6,0
"1580",0.5215,9.99312248992387,0.833333333333333,0.367778391519846,0.666666666666667,0.913194444444444,0.833333333333333,0.833333333333333,0.166666666666667,0.166666666666667,5,0.2
"1581",0.4205,9.02234616874777,0.9,0.348914791207761,0.666666666666667,0.857638888888889,0.5,1,0.5,0,Inf,0.5
"1582",0.265,7.51175707697772,0.8,0.419543751642358,0.785714285714286,0.863425925925926,0.916666666666667,0.722222222222222,0.0833333333333334,0.277777777777778,3.3,0.115384615384615
"1583",0.583,10.3942075144843,0.9,0.360257121647944,0.666666666666667,0.951923076923077,0.75,0.923076923076923,0.25,0.0769230769230769,9.75000000000001,0.270833333333333
"1584",0.2485,7.51484998167239,0.766666666666667,0.459575920985751,0.740740740740741,0.777777777777778,0.833333333333333,0.722222222222222,0.166666666666667,0.277777777777778,3,0.230769230769231
"1585",0.2915,7.51308073842852,0.766666666666667,0.397046781805221,0.695652173913043,0.82010582010582,0.888888888888889,0.714285714285714,0.111111111111111,0.285714285714286,3.11111111111111,0.155555555555556
"1586",0.1285,6.5650124283279,0.7,0.496929202390714,0.608695652173913,0.6975,0.7,0.7,0.3,0.3,2.33333333333333,0.428571428571429
"1587",0.331,7.50743850663434,0.766666666666667,0.365420621980125,0.588235294117647,0.8125,0.833333333333333,0.75,0.166666666666667,0.25,3.33333333333333,0.222222222222222
"1588",0.311,7.5219348969148,0.733333333333333,0.399402468206335,0.636363636363636,0.829545454545455,0.875,0.681818181818182,0.125,0.318181818181818,2.75,0.183333333333333
"1589",0.298,7.53011432539517,0.8,0.391476025741327,0.666666666666667,0.779503105590062,0.857142857142857,0.782608695652174,0.142857142857143,0.217391304347826,3.94285714285714,0.182539682539683
"1590",0.9355,12.750832518402,0.9,0.416783814122723,0.666666666666667,0.816,0.6,0.96,0.4,0.04,15,0.416666666666667
"1591",0.252,6.50869028088935,0.833333333333333,0.361792898643022,0.761904761904762,0.904761904761905,0.888888888888889,0.80952380952381,0.111111111111111,0.19047619047619,4.66666666666667,0.137254901960784
"1592",0.131,6.54938186720519,0.833333333333333,0.450584629928385,0.736842105263158,0.82010582010582,0.777777777777778,0.857142857142857,0.222222222222222,0.142857142857143,5.44444444444444,0.259259259259259
"1593",0.2955,7.52782579216517,0.733333333333333,0.449630802173146,0.733333333333333,0.759259259259259,0.916666666666667,0.611111111111111,0.0833333333333334,0.388888888888889,2.35714285714286,0.136363636363636
"1594",0.2055,6.53922888475952,0.766666666666667,0.42019233058189,0.72,0.801587301587302,1,0.666666666666667,0,0.333333333333333,3,0
"1595",0.3825,8.50637964505592,0.866666666666667,0.365583596479092,0.75,0.826086956521739,0.857142857142857,0.869565217391304,0.142857142857143,0.130434782608696,6.57142857142857,0.164285714285714
"1596",0.3105,7.51095854449394,0.766666666666667,0.371499168035267,0.588235294117647,0.791925465838509,0.714285714285714,0.782608695652174,0.285714285714286,0.217391304347826,3.28571428571429,0.365079365079365
"1597",0.2595,7.51316254635542,0.8,0.446853379359649,0.785714285714286,0.821759259259259,0.916666666666667,0.722222222222222,0.0833333333333334,0.277777777777778,3.3,0.115384615384615
"1598",0.2975,7.52147211458088,0.8,0.387026453260879,0.75,0.8375,0.9,0.75,0.1,0.25,3.6,0.133333333333333
"1599",0.189,6.51441141670139,0.833333333333333,0.48072150307169,0.838709677419355,0.801339285714286,0.928571428571429,0.75,0.0714285714285714,0.25,3.71428571428571,0.0952380952380952
"1600",0.5435,11.0216588566361,0.866666666666667,0.355627240798619,0.666666666666667,0.894886363636364,0.5,1,0.5,0,Inf,0.5
"1601",0.329,7.51975152438104,0.766666666666667,0.376856401901162,0.666666666666667,0.860248447204969,1,0.695652173913043,0,0.304347826086957,3.28571428571429,0
"1602",0.133,6.54350907848548,0.8,0.484479291921104,0.8,0.792410714285714,0.857142857142857,0.75,0.142857142857143,0.25,3.42857142857143,0.190476190476191
"1603",0.3035,7.53065623890819,0.7,0.448493564758987,0.666666666666667,0.7475,0.9,0.6,0.1,0.4,2.25,0.166666666666667
"1604",0.4285,9.5003623791192,0.9,0.360191945423103,0.842105263157895,0.928571428571429,0.888888888888889,0.904761904761905,0.111111111111111,0.0952380952380952,9.33333333333333,0.12280701754386
"1605",0.2465,7.52125465265402,0.866666666666667,0.429189223813938,0.833333333333333,0.881944444444445,0.833333333333333,0.888888888888889,0.166666666666667,0.111111111111111,7.5,0.1875
"1606",0.402,9.06617081262468,0.8,0.396514632048505,0.666666666666667,0.809523809523809,0.666666666666667,0.857142857142857,0.333333333333333,0.142857142857143,4.66666666666667,0.388888888888889
"1607",0.2535,6.51832775792647,0.7,0.403165093884436,0.64,0.798941798941799,0.888888888888889,0.619047619047619,0.111111111111111,0.380952380952381,2.33333333333333,0.17948717948718
"1608",0.1285,6.55056471499794,0.8,0.485240764955417,0.8,0.805803571428571,0.857142857142857,0.75,0.142857142857143,0.25,3.42857142857143,0.190476190476191
"1609",0.3835,9.50876061002485,0.9,0.392720948778746,0.857142857142857,0.842105263157895,0.818181818181818,0.947368421052632,0.181818181818182,0.0526315789473685,15.5454545454545,0.191919191919192
"1610",0.632,10.4893498667469,0.766666666666667,0.440009668588882,0.588235294117647,0.747159090909091,0.625,0.818181818181818,0.375,0.181818181818182,3.4375,0.458333333333333
"1611",0.2625,7.50779209628108,0.9,0.411956677281859,0.857142857142857,0.868421052631579,0.818181818181818,0.947368421052632,0.181818181818182,0.0526315789473685,15.5454545454545,0.191919191919192
"1612",0.618,9.69486427209612,0.866666666666667,0.35112770649992,0.666666666666667,0.832,0.8,0.88,0.2,0.12,6.66666666666667,0.227272727272727
"1613",0.2095,6.51754961559688,0.833333333333333,0.429113339252274,0.8,0.880382775119617,0.909090909090909,0.789473684210526,0.0909090909090909,0.210526315789474,4.31818181818182,0.115151515151515
"1614",0.253,6.52255948267433,0.7,0.388004536206718,0.608695652173913,0.798295454545455,0.875,0.636363636363636,0.125,0.363636363636364,2.40625,0.196428571428571
"1615",0.299,8.50971135630941,0.9,0.41795054728031,0.857142857142857,0.93287037037037,0.75,1,0.25,0,Inf,0.25
"1616",0.302,7.51069813011448,0.866666666666667,0.359549555359379,0.777777777777778,0.860795454545455,0.875,0.863636363636364,0.125,0.136363636363636,6.41666666666667,0.144736842105263
"1617",0.366,9.02765203511991,0.866666666666667,0.373589588719058,0.8,0.9,0.8,0.9,0.2,0.1,8,0.222222222222222
"1618",0.2515,7.05954564551726,0.866666666666667,0.414609981285725,0.846153846153846,0.875598086124402,1,0.789473684210526,0,0.210526315789474,4.75,0
"1619",0.1205,6.56276845988356,0.7,0.51941304530767,0.689655172413793,0.676470588235294,0.769230769230769,0.647058823529412,0.230769230769231,0.352941176470588,2.17948717948718,0.356643356643357
"1620",0.3865,8.51030445573658,0.8,0.398492684426126,0.625,0.713068181818182,0.625,0.863636363636364,0.375,0.136363636363636,4.58333333333333,0.434210526315789
"1621",0.786,13.5955026286886,0.9,0.371642404929536,0.4,0.716346153846154,0.25,1,0.75,0,Inf,0.75
"1622",0.3165,7.50895581094677,0.766666666666667,0.396206584504711,0.72,0.851851851851852,1,0.666666666666667,0,0.333333333333333,3,0
"1623",0.2975,7.52717967141052,0.733333333333333,0.406091251243777,0.636363636363636,0.777777777777778,0.777777777777778,0.714285714285714,0.222222222222222,0.285714285714286,2.72222222222222,0.311111111111111
"1624",0.236,7.08315183585357,0.666666666666667,0.447525211360736,0.583333333333333,0.7075,0.7,0.65,0.3,0.35,2,0.461538461538462
"1625",0.1985,7.153658523677,0.8,0.441569754949762,0.785714285714286,0.800904977375566,0.846153846153846,0.764705882352941,0.153846153846154,0.235294117647059,3.59615384615385,0.201183431952663
"1626",0.222,6.50528056877506,0.833333333333333,0.422696323814014,0.827586206896552,0.93287037037037,1,0.722222222222222,0,0.277777777777778,3.6,0
"1627",0.293,7.51167822907602,0.866666666666667,0.364037549740318,0.818181818181818,0.915,0.9,0.85,0.1,0.15,6,0.117647058823529
"1628",0.2865,6.51528082607009,0.866666666666667,0.32965946783478,0.75,0.954861111111111,1,0.833333333333333,0,0.166666666666667,6,0
"1629",0.3505,7.51774314415782,0.7,0.42212529060729,0.608695652173913,0.798136645962733,1,0.608695652173913,0,0.391304347826087,2.55555555555556,0
"1630",0.2995,7.52311155335285,0.766666666666667,0.402029750988293,0.72,0.851851851851852,1,0.666666666666667,0,0.333333333333333,3,0
"1631",0.2725,7.05140765584932,0.9,0.358418333657139,0.857142857142857,0.8975,0.9,0.9,0.1,0.1,9,0.111111111111111
"1632",0.4325,9.50157103728129,0.866666666666667,0.34037197612003,0.777777777777778,0.946022727272727,0.875,0.863636363636364,0.125,0.136363636363636,6.41666666666667,0.144736842105263
"1633",0.3085,7.51889784058372,0.8,0.378732423390406,0.7,0.815340909090909,0.875,0.772727272727273,0.125,0.227272727272727,3.85,0.161764705882353
"1634",0.4085,9.50768496053065,0.9,0.379183862383447,0.8,0.873015873015873,0.666666666666667,1,0.333333333333333,0,Inf,0.333333333333333
"1635",0.209,5.5143730581651,0.8,0.369858379383613,0.7,0.866459627329193,1,0.739130434782609,0,0.260869565217391,3.83333333333333,0
"1636",0.264,6.51775560664356,0.8,0.369669090748787,0.7,0.84472049689441,1,0.739130434782609,0,0.260869565217391,3.83333333333333,0
"1637",0.2775,7.50780583786091,0.833333333333333,0.403953411250598,0.8,0.904306220095694,0.909090909090909,0.789473684210526,0.0909090909090909,0.210526315789474,4.31818181818182,0.115151515151515
"1638",0.365,9.49983003462815,0.833333333333333,0.412833014265091,0.761904761904762,0.875,0.666666666666667,0.944444444444444,0.333333333333333,0.0555555555555556,12,0.352941176470588
"1639",0.252,7.0602743559261,0.9,0.39379560950752,0.857142857142857,0.86,0.9,0.9,0.1,0.1,9,0.111111111111111
"1640",0.3275,8.51241846239906,0.833333333333333,0.406409203532336,0.705882352941177,0.801587301587302,0.666666666666667,0.904761904761905,0.333333333333333,0.0952380952380952,7,0.368421052631579
"1641",0.42,9.50931842527966,0.8,0.434653695500117,0.666666666666667,0.7175,0.6,0.9,0.4,0.1,6,0.444444444444444
"1642",0.2365,7.07876322893623,0.766666666666667,0.436030441046472,0.666666666666667,0.805,0.7,0.8,0.3,0.2,3.5,0.375
"1643",0.2425,7.11498265185948,0.833333333333333,0.402611354036767,0.8,0.8475,1,0.75,0,0.25,4,0
"1644",0.3035,7.52442619479334,0.8,0.402928192456001,0.769230769230769,0.84,1,0.7,0,0.3,3.33333333333333,0
"1645",0.2005,5.52381356406627,0.533333333333333,0.404065383182361,0.416666666666667,0.645833333333333,0.833333333333333,0.458333333333333,0.166666666666667,0.541666666666667,1.53846153846154,0.363636363636364
"1646",0.301,7.52204519282957,0.7,0.41718335133228,0.470588235294118,0.642857142857143,0.571428571428571,0.739130434782609,0.428571428571429,0.260869565217391,2.19047619047619,0.579831932773109
"1647",0.324,7.52007609448332,0.833333333333333,0.372195443170583,0.761904761904762,0.886363636363636,1,0.772727272727273,0,0.227272727272727,4.4,0
"1648",0.4105,9.50071409468425,0.833333333333333,0.38230063475163,0.666666666666667,0.791005291005291,0.555555555555556,0.952380952380952,0.444444444444444,0.0476190476190477,11.6666666666667,0.466666666666667
"1649",0.2645,7.51589384225362,0.766666666666667,0.433054929820684,0.72,0.811004784688995,0.818181818181818,0.736842105263158,0.181818181818182,0.263157894736842,3.10909090909091,0.246753246753247
"1650",0.512,9.49663905431135,0.833333333333333,0.413408829319076,0.705882352941177,0.785,0.6,0.95,0.4,0.05,12,0.421052631578947
"1651",0.266,7.51205066302967,0.933333333333333,0.408005927708047,0.9,0.9325,0.9,0.95,0.1,0.05,18,0.105263157894737
"1652",0.2285,6.5146685775684,0.8,0.387455373366217,0.75,0.834928229665072,0.818181818181818,0.789473684210526,0.181818181818182,0.210526315789474,3.88636363636364,0.23030303030303
"1653",0.438,9.49940961685181,0.833333333333333,0.37813013225387,0.761904761904762,0.87037037037037,0.888888888888889,0.80952380952381,0.111111111111111,0.19047619047619,4.66666666666667,0.137254901960784
"1654",0.31,7.51699392391253,0.766666666666667,0.397132641890369,0.631578947368421,0.735795454545455,0.75,0.772727272727273,0.25,0.227272727272727,3.3,0.323529411764706
"1655",0.379,8.50269858221628,0.866666666666667,0.350827088964225,0.75,0.872159090909091,0.75,0.909090909090909,0.25,0.0909090909090909,8.25,0.275
"1656",0.254,7.51090243606834,0.866666666666667,0.431002625996093,0.833333333333333,0.886574074074074,0.833333333333333,0.888888888888889,0.166666666666667,0.111111111111111,7.5,0.1875
"1657",0.34,8.50960075807016,0.866666666666667,0.36983271614469,0.75,0.85978835978836,0.666666666666667,0.952380952380952,0.333333333333333,0.0476190476190477,14,0.35
"1658",0.239,7.51813389902393,0.766666666666667,0.458921100107073,0.72,0.796296296296296,0.75,0.777777777777778,0.25,0.222222222222222,3.375,0.321428571428571
"1659",0.2155,7.53383116041086,0.833333333333333,0.476581496577815,0.827586206896552,0.830357142857143,0.857142857142857,0.8125,0.142857142857143,0.1875,4.57142857142857,0.175824175824176
"1660",0.1805,6.54256234223762,0.833333333333333,0.408596830174871,0.8,0.844497607655502,0.909090909090909,0.789473684210526,0.0909090909090909,0.210526315789474,4.31818181818182,0.115151515151515
"1661",0.2205,7.15995881719324,0.833333333333333,0.411372607306683,0.705882352941177,0.761363636363636,0.75,0.863636363636364,0.25,0.136363636363636,5.5,0.289473684210526
"1662",0.4275,10.0954643813261,0.833333333333333,0.39399437857446,0.666666666666667,0.8425,0.5,1,0.5,0,Inf,0.5
"1663",0.3315,7.50373306874229,0.766666666666667,0.361144251970326,0.588235294117647,0.850694444444444,0.833333333333333,0.75,0.166666666666667,0.25,3.33333333333333,0.222222222222222
"1664",0.302,7.50969813924176,0.833333333333333,0.389538289871646,0.736842105263158,0.784090909090909,0.875,0.818181818181818,0.125,0.181818181818182,4.8125,0.152777777777778
"1665",0.294,7.50562900038961,0.933333333333333,0.365842111685279,0.9,0.944444444444444,1,0.904761904761905,0,0.0952380952380952,10.5,0
"1666",0.2405,7.54107184179697,0.766666666666667,0.483799721210462,0.695652173913043,0.74,0.8,0.75,0.2,0.25,3.2,0.266666666666667
"1667",0.324,8.51141773682872,0.866666666666667,0.413174359133638,0.818181818181818,0.837320574162679,0.818181818181818,0.894736842105263,0.181818181818182,0.105263157894737,7.77272727272727,0.203208556149733
"1668",0.32,7.51156031257946,0.866666666666667,0.369071720703421,0.777777777777778,0.888198757763975,1,0.826086956521739,0,0.173913043478261,5.75,0
"1669",0.2435,7.16087860685839,0.7,0.463804662022957,0.64,0.7375,0.8,0.65,0.2,0.35,2.28571428571429,0.307692307692308
"1670",0.2155,5.51687873329602,0.7,0.364742935771442,0.608695652173913,0.863354037267081,1,0.608695652173913,0,0.391304347826087,2.55555555555556,0
"1671",0.2595,7.16507835216818,0.766666666666667,0.427913567442208,0.666666666666667,0.746031746031746,0.777777777777778,0.761904761904762,0.222222222222222,0.238095238095238,3.26666666666667,0.291666666666667
"1672",0.2725,7.51159128490985,0.833333333333333,0.398077658312839,0.782608695652174,0.866028708133971,0.818181818181818,0.842105263157895,0.181818181818182,0.157894736842105,5.18181818181818,0.215909090909091
"1673",0.296,7.51358092872306,0.8,0.392375918621195,0.785714285714286,0.870813397129187,1,0.684210526315789,0,0.315789473684211,3.16666666666667,0
"1674",0.3695,8.51187000468452,0.833333333333333,0.38341645921511,0.666666666666667,0.767080745341615,0.714285714285714,0.869565217391304,0.285714285714286,0.130434782608696,5.47619047619048,0.328571428571429
"1675",0.253,7.53332623947238,0.8,0.418514958687471,0.769230769230769,0.824074074074074,0.833333333333333,0.777777777777778,0.166666666666667,0.222222222222222,3.75,0.214285714285714
"1676",0.3455,7.51118598600682,0.766666666666667,0.357049779645733,0.631578947368421,0.881944444444444,1,0.708333333333333,0,0.291666666666667,3.42857142857143,0
"1677",0.1165,5.5399173166861,0.633333333333333,0.510989064390075,0.620689655172414,0.659722222222222,0.75,0.555555555555556,0.25,0.444444444444444,1.6875,0.45
"1678",0.259,7.51801105956471,0.8,0.451347655468627,0.785714285714286,0.763888888888889,0.916666666666667,0.722222222222222,0.0833333333333334,0.277777777777778,3.3,0.115384615384615
"1679",0.239,7.52145770031203,0.766666666666667,0.459268666895602,0.758620689655172,0.843891402714932,0.846153846153846,0.705882352941177,0.153846153846154,0.294117647058823,2.87692307692308,0.217948717948718
"1680",0.2855,7.51506379828893,0.8,0.392632555504012,0.769230769230769,0.880382775119617,0.909090909090909,0.736842105263158,0.0909090909090909,0.263157894736842,3.45454545454545,0.123376623376623
"1681",0.266,7.50244762974013,0.9,0.415709396498034,0.88,0.925925925925926,0.916666666666667,0.888888888888889,0.0833333333333334,0.111111111111111,8.25,0.09375
"1682",0.3,7.50322248716122,0.866666666666667,0.361615364780822,0.777777777777778,0.889204545454545,0.875,0.863636363636364,0.125,0.136363636363636,6.41666666666667,0.144736842105263
"1683",0.2725,7.52777049474383,0.766666666666667,0.410758443369606,0.774193548387097,0.807692307692308,0.923076923076923,0.647058823529412,0.0769230769230769,0.352941176470588,2.61538461538462,0.118881118881119
"1684",0.3055,7.52063391111206,0.9,0.352231158807831,0.842105263157895,0.903409090909091,1,0.863636363636364,0,0.136363636363636,7.33333333333333,0
"1685",0.6695,10.4743586990907,0.833333333333333,0.396504444925415,0.615384615384615,0.829192546583851,0.571428571428571,0.91304347826087,0.428571428571429,0.0869565217391305,6.57142857142857,0.469387755102041
"1686",0.316,7.50386191639639,0.866666666666667,0.344218219201742,0.777777777777778,0.883522727272727,0.875,0.863636363636364,0.125,0.136363636363636,6.41666666666667,0.144736842105263
"1687",0.227,6.51038866276025,0.766666666666667,0.407331703252945,0.740740740740741,0.815789473684211,0.909090909090909,0.684210526315789,0.0909090909090909,0.315789473684211,2.87878787878788,0.132867132867133
"1688",0.328,7.52550076576431,0.733333333333333,0.417992390250053,0.6,0.77639751552795,0.857142857142857,0.695652173913043,0.142857142857143,0.304347826086957,2.81632653061224,0.205357142857143
"1689",0.4555,9.16924999301793,0.866666666666667,0.369949058665376,0.8,0.89,0.8,0.9,0.2,0.1,8,0.222222222222222
"1690",0.3875,8.50767570078236,0.866666666666667,0.372758293868353,0.75,0.795031055900621,0.857142857142857,0.869565217391304,0.142857142857143,0.130434782608696,6.57142857142857,0.164285714285714
"1691",0.3225,8.51349159394797,0.966666666666667,0.370725461697242,0.947368421052632,0.995,0.9,1,0.1,0,Inf,0.1
"1692",0.247,6.51213045373063,0.766666666666667,0.39205819009198,0.740740740740741,0.85,1,0.65,0,0.35,2.85714285714286,0
"1693",0.3025,7.5109546335612,0.8,0.3680112950327,0.625,0.823863636363636,0.625,0.863636363636364,0.375,0.136363636363636,4.58333333333333,0.434210526315789
"1694",0.1925,6.53012275805164,0.733333333333333,0.472264583567492,0.733333333333333,0.757918552036199,0.846153846153846,0.647058823529412,0.153846153846154,0.352941176470588,2.3974358974359,0.237762237762238
"1695",0.281,7.52344957494088,0.8,0.399029828607935,0.7,0.855113636363636,0.875,0.772727272727273,0.125,0.227272727272727,3.85,0.161764705882353
"1696",0.3385,8.50477917068343,0.866666666666667,0.394580661590065,0.818181818181818,0.8675,0.9,0.85,0.1,0.15,6,0.117647058823529
"1697",0.655,9.47323292431855,0.8,0.449027491001003,0.625,0.760869565217391,0.714285714285714,0.826086956521739,0.285714285714286,0.173913043478261,4.10714285714286,0.345864661654135
"1698",0.247,7.51581795317652,0.766666666666667,0.481757406925762,0.72,0.727272727272727,0.818181818181818,0.736842105263158,0.181818181818182,0.263157894736842,3.10909090909091,0.246753246753247
"1699",0.442,9.5002379266593,0.8,0.393292154691466,0.7,0.78,0.7,0.85,0.3,0.15,4.66666666666667,0.352941176470588
"1700",0.334,8.51489718317174,0.8,0.417297751456042,0.666666666666667,0.765,0.6,0.9,0.4,0.1,6,0.444444444444444
"1701",0.1885,5.5167545886479,0.733333333333333,0.389261176511761,0.6,0.795031055900621,0.857142857142857,0.695652173913043,0.142857142857143,0.304347826086957,2.81632653061224,0.205357142857143
"1702",0.2725,7.51347209352299,0.9,0.391956471223049,0.869565217391304,0.91866028708134,0.909090909090909,0.894736842105263,0.0909090909090909,0.105263157894737,8.63636363636364,0.101604278074866
"1703",0.298,7.51353209157499,0.766666666666667,0.401014872409654,0.666666666666667,0.804232804232804,0.777777777777778,0.761904761904762,0.222222222222222,0.238095238095238,3.26666666666667,0.291666666666667
"1704",0.544,8.97727020527966,0.833333333333333,0.392171959400814,0.705882352941177,0.816770186335404,0.857142857142857,0.826086956521739,0.142857142857143,0.173913043478261,4.92857142857143,0.172932330827068
"1705",0.123,6.56334746270321,0.633333333333333,0.50760122698262,0.645161290322581,0.671945701357466,0.769230769230769,0.529411764705882,0.230769230769231,0.470588235294118,1.63461538461538,0.435897435897436
"1706",0.681,10.4767799894324,0.866666666666667,0.382168576651378,0.714285714285714,0.832386363636364,0.625,0.954545454545455,0.375,0.0454545454545454,13.75,0.392857142857143
"1707",0.2775,7.54249093097324,0.733333333333333,0.501835162430511,0.636363636363636,0.687830687830688,0.777777777777778,0.714285714285714,0.222222222222222,0.285714285714286,2.72222222222222,0.311111111111111
"1708",0.563,9.49207241510106,0.866666666666667,0.350972043615837,0.714285714285714,0.909937888198758,0.714285714285714,0.91304347826087,0.285714285714286,0.0869565217391305,8.21428571428571,0.312925170068027
"1709",0.2625,7.51483947088105,0.866666666666667,0.416672072579471,0.818181818181818,0.866028708133971,0.818181818181818,0.894736842105263,0.181818181818182,0.105263157894737,7.77272727272727,0.203208556149733
"1710",0.291,7.5176557665435,0.8,0.376602714243596,0.727272727272727,0.845,0.8,0.8,0.2,0.2,4,0.25
"1711",0.3215,8.51617207344455,0.833333333333333,0.411875300092964,0.761904761904762,0.813397129186603,0.727272727272727,0.894736842105263,0.272727272727273,0.105263157894737,6.90909090909091,0.304812834224599
"1712",0.525,9.49987777649953,0.833333333333333,0.415913353728099,0.782608695652174,0.801435406698565,0.818181818181818,0.842105263157895,0.181818181818182,0.157894736842105,5.18181818181818,0.215909090909091
"1713",0.7255,10.4608408939551,0.8,0.450894931999291,0.625,0.738095238095238,0.555555555555556,0.904761904761905,0.444444444444444,0.0952380952380952,5.83333333333333,0.491228070175439
"1714",0.2795,7.53183226819369,0.766666666666667,0.439214775318109,0.72,0.8075,0.9,0.7,0.1,0.3,3,0.142857142857143
"1715",0.258,7.53076122517479,0.833333333333333,0.394427359141566,0.761904761904762,0.7925,0.8,0.85,0.2,0.15,5.33333333333333,0.235294117647059
"1716",0.6995,10.0403400748261,0.8,0.439651704819822,0.5,0.729166666666667,0.5,0.875,0.5,0.125,4,0.571428571428571
"1717",0.293,7.51007349990423,0.833333333333333,0.370039409271904,0.736842105263158,0.925925925925926,0.777777777777778,0.857142857142857,0.222222222222222,0.142857142857143,5.44444444444444,0.259259259259259
"1718",0.2455,7.51706830506599,0.8,0.447824566135044,0.75,0.800925925925926,0.75,0.833333333333333,0.25,0.166666666666667,4.5,0.3
"1719",0.263,7.51568102763899,0.833333333333333,0.425252992262129,0.782608695652174,0.861244019138756,0.818181818181818,0.842105263157895,0.181818181818182,0.157894736842105,5.18181818181818,0.215909090909091
"1720",0.3175,8.50974270724285,0.833333333333333,0.417296137924806,0.736842105263158,0.803827751196172,0.636363636363636,0.947368421052632,0.363636363636364,0.0526315789473685,12.0909090909091,0.383838383838384
"1721",0.2675,7.5224027017211,0.833333333333333,0.408396439497242,0.782608695652174,0.84688995215311,0.818181818181818,0.842105263157895,0.181818181818182,0.157894736842105,5.18181818181818,0.215909090909091
"1722",0.385,9.50151159954998,0.9,0.374868962662266,0.823529411764706,0.8925,0.7,1,0.3,0,Inf,0.3
"1723",0.276,6.51829930459247,0.733333333333333,0.350339085284529,0.636363636363636,0.891304347826087,1,0.652173913043478,0,0.347826086956522,2.875,0
"1724",0.29,7.52644974344798,0.8,0.373971632856755,0.7,0.840909090909091,0.875,0.772727272727273,0.125,0.227272727272727,3.85,0.161764705882353
"1725",0.4155,9.50761048316503,0.933333333333333,0.341475162036329,0.875,0.943181818181818,0.875,0.954545454545455,0.125,0.0454545454545454,19.25,0.130952380952381
"1726",0.223,6.54227558505298,0.533333333333333,0.459264415855594,0.461538461538462,0.692546583850932,0.857142857142857,0.434782608695652,0.142857142857143,0.565217391304348,1.51648351648352,0.328571428571429
"1727",0.2345,6.53268359150142,0.766666666666667,0.367282744544666,0.631578947368421,0.871527777777778,1,0.708333333333333,0,0.291666666666667,3.42857142857143,0
"1728",0.395,8.51223586325802,0.8,0.409458141288165,0.7,0.8075,0.7,0.85,0.3,0.15,4.66666666666667,0.352941176470588
"1729",0.3855,8.51605114851496,0.833333333333333,0.387004685347566,0.782608695652174,0.837320574162679,0.818181818181818,0.842105263157895,0.181818181818182,0.157894736842105,5.18181818181818,0.215909090909091
"1730",0.675,10.4778945186375,0.866666666666667,0.384055621086282,0.714285714285714,0.809659090909091,0.625,0.954545454545455,0.375,0.0454545454545454,13.75,0.392857142857143
"1731",0.3345,8.50308676786344,0.933333333333333,0.359255170119826,0.9,0.985,0.9,0.95,0.1,0.05,18,0.105263157894737
"1732",0.4035,8.51205705061212,0.833333333333333,0.368276772681821,0.666666666666667,0.826704545454546,0.625,0.909090909090909,0.375,0.0909090909090909,6.875,0.4125
"1733",0.2785,7.51225016838931,0.766666666666667,0.402405941419735,0.740740740740741,0.873205741626794,0.909090909090909,0.684210526315789,0.0909090909090909,0.315789473684211,2.87878787878788,0.132867132867133
"1734",0.2865,7.51667377719173,0.9,0.386254848949036,0.842105263157895,0.886243386243386,0.888888888888889,0.904761904761905,0.111111111111111,0.0952380952380952,9.33333333333333,0.12280701754386
"1735",0.182,5.51794133529884,0.666666666666667,0.403163874332104,0.583333333333333,0.752840909090909,0.875,0.590909090909091,0.125,0.409090909090909,2.13888888888889,0.211538461538462
"1736",0.28,7.528202461536,0.8,0.423627327787544,0.785714285714286,0.821759259259259,0.916666666666667,0.722222222222222,0.0833333333333334,0.277777777777778,3.3,0.115384615384615
"1737",0.277,7.53132257910215,0.733333333333333,0.445171549738709,0.692307692307692,0.770334928229665,0.818181818181818,0.684210526315789,0.181818181818182,0.315789473684211,2.59090909090909,0.265734265734266
"1738",0.332,7.51093230617878,0.8,0.367348852156441,0.7,0.885093167701863,1,0.739130434782609,0,0.260869565217391,3.83333333333333,0
"1739",0.26,7.53545081986869,0.733333333333333,0.441035681746827,0.636363636363636,0.75,0.7,0.75,0.3,0.25,2.8,0.4
"1740",0.1885,6.54281278853489,0.733333333333333,0.408278753546113,0.666666666666667,0.82010582010582,0.888888888888889,0.666666666666667,0.111111111111111,0.333333333333333,2.66666666666667,0.166666666666667
"1741",0.2905,8.51419446661651,0.833333333333333,0.460933493480969,0.782608695652174,0.796380090497738,0.692307692307692,0.941176470588235,0.307692307692308,0.0588235294117647,11.7692307692308,0.326923076923077
"1742",0.3075,7.5085442024301,0.9,0.355092921730347,0.842105263157895,0.943181818181818,1,0.863636363636364,0,0.136363636363636,7.33333333333333,0
"1743",0.2915,7.51498198849355,0.866666666666667,0.384606227453269,0.833333333333333,0.894736842105263,0.909090909090909,0.842105263157895,0.0909090909090909,0.157894736842105,5.75757575757576,0.107954545454545
"1744",0.1545,6.53981631888543,0.8,0.465056188855665,0.8125,0.801339285714286,0.928571428571429,0.6875,0.0714285714285714,0.3125,2.97142857142857,0.103896103896104
"1745",0.684,12.4839902346816,0.9,0.351802015185314,0.666666666666667,0.809027777777778,0.5,1,0.5,0,Inf,0.5
"1746",0.423,9.59561686268653,0.8,0.393035854725704,0.666666666666667,0.8,0.6,0.9,0.4,0.1,6,0.444444444444444
"1747",0.283,7.50607914548422,0.8,0.398314121064688,0.727272727272727,0.8725,0.8,0.8,0.2,0.2,4,0.25
"1748",0.2845,7.51695927742713,0.733333333333333,0.414821581882649,0.666666666666667,0.7975,0.8,0.7,0.2,0.3,2.66666666666667,0.285714285714286
"1749",0.321,7.52755639099307,0.8,0.411577281963186,0.625,0.770833333333333,0.833333333333333,0.791666666666667,0.166666666666667,0.208333333333333,4,0.210526315789474
"1750",0.3,7.51924861952475,0.733333333333333,0.407405136160189,0.666666666666667,0.775132275132275,0.888888888888889,0.666666666666667,0.111111111111111,0.333333333333333,2.66666666666667,0.166666666666667
"1751",0.2805,7.51471979372653,0.766666666666667,0.425378229369349,0.758620689655172,0.822966507177033,1,0.631578947368421,0,0.368421052631579,2.71428571428571,0
"1752",0.3805,8.50940999476479,0.933333333333333,0.333779558113971,0.909090909090909,0.94,1,0.9,0,0.1,10,0
"1753",0.2945,7.51650801289844,0.7,0.419630017533345,0.571428571428571,0.740740740740741,0.666666666666667,0.714285714285714,0.333333333333333,0.285714285714286,2.33333333333333,0.466666666666667
"1754",0.39,8.50739817181473,0.833333333333333,0.37605275488392,0.705882352941177,0.807453416149068,0.857142857142857,0.826086956521739,0.142857142857143,0.173913043478261,4.92857142857143,0.172932330827068
"1755",0.252,7.50977436212163,0.8,0.440996946049338,0.75,0.808612440191388,0.818181818181818,0.789473684210526,0.181818181818182,0.210526315789474,3.88636363636364,0.23030303030303
"1756",0.33,7.52368867641073,0.8,0.408602538511064,0.7,0.819875776397516,1,0.739130434782609,0,0.260869565217391,3.83333333333333,0
"1757",0.511,10.5047277645345,0.866666666666667,0.363704294057054,0.6,0.770186335403727,0.428571428571429,1,0.571428571428571,0,Inf,0.571428571428571
"1758",0.3175,7.51882557635839,0.833333333333333,0.345006804753248,0.761904761904762,0.911931818181818,1,0.772727272727273,0,0.227272727272727,4.4,0
"1759",0.2515,7.53280653812767,0.8,0.446331583962808,0.75,0.777511961722488,0.818181818181818,0.789473684210526,0.181818181818182,0.210526315789474,3.88636363636364,0.23030303030303
"1760",0.2655,7.50967662502062,0.8,0.407080769854169,0.75,0.868421052631579,0.818181818181818,0.789473684210526,0.181818181818182,0.210526315789474,3.88636363636364,0.23030303030303
"1761",0.3035,7.51716678469788,0.833333333333333,0.373164746744589,0.736842105263158,0.903409090909091,0.875,0.818181818181818,0.125,0.181818181818182,4.8125,0.152777777777778
"1762",0.1535,6.55298136722166,0.7,0.461798052914103,0.64,0.7225,0.8,0.65,0.2,0.35,2.28571428571429,0.307692307692308
"1763",0.2565,7.51951978871799,0.833333333333333,0.433150782942045,0.782608695652174,0.837320574162679,0.818181818181818,0.842105263157895,0.181818181818182,0.157894736842105,5.18181818181818,0.215909090909091
"1764",0.249,7.51226406269925,0.833333333333333,0.442691765738021,0.8,0.80787037037037,0.833333333333333,0.833333333333333,0.166666666666667,0.166666666666667,5,0.2
"1765",0.2775,7.51339870297077,0.8,0.42885373401448,0.75,0.77,0.9,0.75,0.1,0.25,3.6,0.133333333333333
"1766",0.237,6.51581312325721,0.733333333333333,0.391839599086901,0.555555555555556,0.779503105590062,0.714285714285714,0.739130434782609,0.285714285714286,0.260869565217391,2.73809523809524,0.38655462184874
"1767",0.2675,7.10837533216374,0.8,0.382188960400833,0.75,0.867724867724868,1,0.714285714285714,0,0.285714285714286,3.5,0
"1768",0.2655,7.51292321065548,0.933333333333333,0.400098658707669,0.909090909090909,0.925837320574163,0.909090909090909,0.947368421052632,0.0909090909090909,0.0526315789473685,17.2727272727273,0.095959595959596
"1769",0.3255,7.52753734247359,0.733333333333333,0.447819650466697,0.636363636363636,0.767045454545455,0.875,0.681818181818182,0.125,0.318181818181818,2.75,0.183333333333333
"1770",0.2405,6.5078480794353,0.8,0.388276557541015,0.75,0.8625,0.9,0.75,0.1,0.25,3.6,0.133333333333333
"1771",0.162,6.50640865036128,0.866666666666667,0.549085216939176,0.888888888888889,0.866515837104072,0.941176470588235,0.769230769230769,0.0588235294117647,0.230769230769231,4.07843137254902,0.0764705882352941
"1772",0.2665,7.5081775577949,0.866666666666667,0.409833996353058,0.846153846153846,0.907407407407407,0.916666666666667,0.833333333333333,0.0833333333333334,0.166666666666667,5.5,0.1
"1773",0.3075,7.50427470342334,0.8,0.381110504795823,0.75,0.875661375661376,1,0.714285714285714,0,0.285714285714286,3.5,0
"1774",0.4055,9.50565761981405,0.833333333333333,0.411758748719051,0.666666666666667,0.775132275132275,0.555555555555556,0.952380952380952,0.444444444444444,0.0476190476190477,11.6666666666667,0.466666666666667
"1775",0.214,7.51988113971849,0.766666666666667,0.492920345178943,0.740740740740741,0.78125,0.714285714285714,0.8125,0.285714285714286,0.1875,3.80952380952381,0.351648351648352
"1776",0.317,7.51735434568464,0.866666666666667,0.35506612387774,0.777777777777778,0.909937888198758,1,0.826086956521739,0,0.173913043478261,5.75,0
"1777",0.23,7.51715810003331,0.866666666666667,0.471132039227837,0.857142857142857,0.880090497737557,0.923076923076923,0.823529411764706,0.0769230769230769,0.176470588235294,5.23076923076923,0.0934065934065934
"1778",0.244,7.53964746011006,0.733333333333333,0.445107385670878,0.6,0.7325,0.6,0.8,0.4,0.2,3,0.5
"1779",0.2895,7.5222704240097,0.766666666666667,0.400883321642713,0.758620689655172,0.866028708133971,1,0.631578947368421,0,0.368421052631579,2.71428571428571,0
"1780",0.2765,7.51350798263812,0.833333333333333,0.39798739125498,0.8,0.88755980861244,0.909090909090909,0.789473684210526,0.0909090909090909,0.210526315789474,4.31818181818182,0.115151515151515
"1781",0.2565,7.5133033033367,0.866666666666667,0.430973117715528,0.846153846153846,0.884259259259259,0.916666666666667,0.833333333333333,0.0833333333333334,0.166666666666667,5.5,0.1
"1782",0.273,6.50554478462863,0.866666666666667,0.336957181529061,0.777777777777778,0.944099378881988,1,0.826086956521739,0,0.173913043478261,5.75,0
"1783",0.2805,7.50819737847602,0.866666666666667,0.39130383146303,0.8,0.92,0.8,0.9,0.2,0.1,8,0.222222222222222
"1784",0.485,9.50619559068339,0.833333333333333,0.371653819161526,0.615384615384615,0.770833333333333,0.666666666666667,0.875,0.333333333333333,0.125,5.33333333333333,0.380952380952381
"1785",0.308,7.52584901067283,0.766666666666667,0.40143885587158,0.666666666666667,0.803977272727273,0.875,0.727272727272727,0.125,0.272727272727273,3.20833333333333,0.171875
"1786",0.2795,7.51558502375247,0.8,0.414309624008385,0.75,0.8325,0.9,0.75,0.1,0.25,3.6,0.133333333333333
"1787",0.264,7.51342150512214,0.866666666666667,0.419990916224544,0.833333333333333,0.875598086124402,0.909090909090909,0.842105263157895,0.0909090909090909,0.157894736842105,5.75757575757576,0.107954545454545
"1788",0.7115,10.4782244653944,0.9,0.336455648398448,0.727272727272727,0.94,0.8,0.92,0.2,0.08,10,0.217391304347826
"1789",0.3235,7.515114325221,0.866666666666667,0.350458256105099,0.6,0.812,0.6,0.92,0.4,0.08,7.5,0.434782608695652
"1790",0.2785,7.52716088484589,0.8,0.401043533419604,0.727272727272727,0.81,0.8,0.8,0.2,0.2,4,0.25
"1791",0.2605,7.51468928335524,0.8,0.434764340361263,0.727272727272727,0.775,0.8,0.8,0.2,0.2,4,0.25
"1792",0.243,7.50848491273816,0.866666666666667,0.446721369299588,0.833333333333333,0.921296296296296,0.833333333333333,0.888888888888889,0.166666666666667,0.111111111111111,7.5,0.1875
"1793",0.2015,6.52075414318267,0.9,0.465275011959814,0.903225806451613,0.957589285714286,1,0.8125,0,0.1875,5.33333333333333,0
"1794",0.2825,7.51621695213568,0.9,0.38480805687085,0.857142857142857,0.8675,0.9,0.9,0.1,0.1,9,0.111111111111111
"1795",0.1705,5.52232206421203,0.666666666666667,0.433306444790497,0.615384615384615,0.743386243386243,0.888888888888889,0.571428571428571,0.111111111111111,0.428571428571429,2.07407407407407,0.194444444444445
"1796",0.2945,7.53055730979163,0.866666666666667,0.401555315314117,0.8,0.814814814814815,0.888888888888889,0.857142857142857,0.111111111111111,0.142857142857143,6.22222222222222,0.12962962962963
"1797",0.194,6.53058547766666,0.866666666666667,0.394451903833243,0.833333333333333,0.89,1,0.8,0,0.2,5,0
"1798",0.439,9.50785548290558,0.866666666666667,0.341273131067187,0.714285714285714,0.919254658385093,0.714285714285714,0.91304347826087,0.285714285714286,0.0869565217391305,8.21428571428571,0.312925170068027
"1799",0.3055,7.51343751605433,0.766666666666667,0.397653747715295,0.695652173913043,0.822751322751323,0.888888888888889,0.714285714285714,0.111111111111111,0.285714285714286,3.11111111111111,0.155555555555556
"1800",0.252,7.51867009109515,0.866666666666667,0.44767606713168,0.866666666666667,0.85972850678733,1,0.764705882352941,0,0.235294117647059,4.25,0
"1801",0.294,7.52792291570981,0.733333333333333,0.461003480148997,0.75,0.752314814814815,1,0.555555555555556,0,0.444444444444444,2.25,0
"1802",0.1955,7.55043279210813,0.8,0.508326904243421,0.769230769230769,0.744343891402715,0.769230769230769,0.823529411764706,0.230769230769231,0.176470588235294,4.35897435897436,0.28021978021978
"1803",0.31,7.51187426663613,0.8,0.37162517156658,0.7,0.849431818181818,0.875,0.772727272727273,0.125,0.227272727272727,3.85,0.161764705882353
"1804",0.4045,9.5069568210763,0.866666666666667,0.361529464598573,0.777777777777778,0.931216931216931,0.777777777777778,0.904761904761905,0.222222222222222,0.0952380952380952,8.16666666666667,0.245614035087719
"1805",0.469,9.0144392013131,0.866666666666667,0.354114875021736,0.75,0.897727272727273,0.75,0.909090909090909,0.25,0.0909090909090909,8.25,0.275
"1806",0.254,7.52041742084849,0.7,0.451012478365513,0.709677419354839,0.771493212669683,0.846153846153846,0.588235294117647,0.153846153846154,0.411764705882353,2.05494505494506,0.261538461538462
"1807",0.274,7.06442789236025,0.8,0.388516983185254,0.7,0.823863636363636,0.875,0.772727272727273,0.125,0.227272727272727,3.85,0.161764705882353
"1808",0.1985,6.5466058909606,0.633333333333333,0.462712525407547,0.521739130434783,0.683229813664596,0.857142857142857,0.565217391304348,0.142857142857143,0.434782608695652,1.97142857142857,0.252747252747253
"1809",0.4135,9.019966084036,0.9,0.348940825825458,0.727272727272727,0.857638888888889,0.666666666666667,0.958333333333333,0.333333333333333,0.0416666666666666,16,0.347826086956522
"1810",0.3015,7.52065475327047,0.766666666666667,0.40448703816501,0.695652173913043,0.835978835978836,0.888888888888889,0.714285714285714,0.111111111111111,0.285714285714286,3.11111111111111,0.155555555555556
"1811",0.2975,7.52509026050955,0.766666666666667,0.411265272765986,0.695652173913043,0.804232804232804,0.888888888888889,0.714285714285714,0.111111111111111,0.285714285714286,3.11111111111111,0.155555555555556
"1812",0.274,7.50964912194994,0.866666666666667,0.400067381755474,0.833333333333333,0.882775119617225,0.909090909090909,0.842105263157895,0.0909090909090909,0.157894736842105,5.75757575757576,0.107954545454545
"1813",0.267,7.10850696145687,0.866666666666667,0.368198909689605,0.777777777777778,0.875776397515528,1,0.826086956521739,0,0.173913043478261,5.75,0
"1814",0.164,5.5247106790284,0.733333333333333,0.425485614622584,0.692307692307692,0.811004784688995,0.818181818181818,0.684210526315789,0.181818181818182,0.315789473684211,2.59090909090909,0.265734265734266
"1815",0.2605,7.07451791988925,0.7,0.405419792900213,0.608695652173913,0.753968253968254,0.777777777777778,0.666666666666667,0.222222222222222,0.333333333333333,2.33333333333333,0.333333333333333
"1816",0.5025,9.49722534353783,0.833333333333333,0.380859040369515,0.615384615384615,0.728,0.8,0.84,0.2,0.16,5,0.238095238095238
"1817",0.2695,7.52188891090835,0.833333333333333,0.391478423325542,0.705882352941177,0.855113636363636,0.75,0.863636363636364,0.25,0.136363636363636,5.5,0.289473684210526
"1818",0.349,8.50794062019932,0.866666666666667,0.362131774244363,0.777777777777778,0.8225,0.7,0.95,0.3,0.05,14,0.315789473684211
"1819",0.2695,7.11986169247271,0.8,0.380044835731592,0.666666666666667,0.863354037267081,0.857142857142857,0.782608695652174,0.142857142857143,0.217391304347826,3.94285714285714,0.182539682539683
"1820",0.38,7.51829023985494,0.766666666666667,0.424252957181771,0.588235294117647,0.86,1,0.72,0,0.28,3.57142857142857,0
"1821",0.2435,7.5375551544373,0.7,0.483326549943014,0.727272727272727,0.71875,0.857142857142857,0.5625,0.142857142857143,0.4375,1.95918367346939,0.253968253968254
"1822",0.244,6.51154593591956,0.8,0.391996787174132,0.75,0.854497354497355,1,0.714285714285714,0,0.285714285714286,3.5,0
"1823",0.2065,6.51905670157714,0.7,0.447580927186328,0.689655172413793,0.773148148148148,0.833333333333333,0.611111111111111,0.166666666666667,0.388888888888889,2.14285714285714,0.272727272727273
"1824",0.3135,8.05110249194945,0.833333333333333,0.389451749804826,0.666666666666667,0.785714285714286,0.555555555555556,0.952380952380952,0.444444444444444,0.0476190476190477,11.6666666666667,0.466666666666667
"1825",0.1625,6.18254892178871,0.7,0.422972763898867,0.64,0.801587301587302,0.888888888888889,0.619047619047619,0.111111111111111,0.380952380952381,2.33333333333333,0.17948717948718
"1826",0.364,8.50898675053583,0.933333333333333,0.348275253355497,0.857142857142857,0.93167701863354,0.857142857142857,0.956521739130435,0.142857142857143,0.0434782608695652,19.7142857142857,0.149350649350649
"1827",0.443,9.50214482933632,0.866666666666667,0.366583747131545,0.75,0.855113636363636,0.75,0.909090909090909,0.25,0.0909090909090909,8.25,0.275
"1828",0.612,9.48248049721858,0.833333333333333,0.421270109662732,0.761904761904762,0.82,0.8,0.85,0.2,0.15,5.33333333333333,0.235294117647059
"1829",0.2905,7.5189841895026,0.766666666666667,0.398468397644794,0.666666666666667,0.796296296296296,0.777777777777778,0.761904761904762,0.222222222222222,0.238095238095238,3.26666666666667,0.291666666666667
"1830",0.4775,10.5037545003035,0.833333333333333,0.391403380807468,0.705882352941177,0.845,0.6,0.95,0.4,0.05,12,0.421052631578947
"1831",0.3615,8.50898565743976,0.9,0.340891391513831,0.769230769230769,0.885093167701863,0.714285714285714,0.956521739130435,0.285714285714286,0.0434782608695652,16.4285714285714,0.298701298701299
"1832",0.2555,7.51382566351966,0.833333333333333,0.435679088355195,0.814814814814815,0.907407407407407,0.916666666666667,0.777777777777778,0.0833333333333334,0.222222222222222,4.125,0.107142857142857
"1833",0.554,9.49201783610517,0.866666666666667,0.367861246035059,0.714285714285714,0.804347826086956,0.714285714285714,0.91304347826087,0.285714285714286,0.0869565217391305,8.21428571428571,0.312925170068027
"1834",0.289,7.517027489477,0.8,0.381433685476399,0.727272727272727,0.867724867724868,0.888888888888889,0.761904761904762,0.111111111111111,0.238095238095238,3.73333333333333,0.145833333333333
"1835",0.233,6.51931660195999,0.766666666666667,0.397700362046443,0.695652173913043,0.835978835978836,0.888888888888889,0.714285714285714,0.111111111111111,0.285714285714286,3.11111111111111,0.155555555555556
"1836",0.2845,7.51144032297671,0.866666666666667,0.392348834709629,0.818181818181818,0.8625,0.9,0.85,0.1,0.15,6,0.117647058823529
"1837",0.214,6.52535951990115,0.666666666666667,0.42198159123463,0.545454545454545,0.714285714285714,0.666666666666667,0.666666666666667,0.333333333333333,0.333333333333333,2,0.5
"1838",0.274,7.51136948029676,0.8,0.408581916397119,0.8,0.895833333333333,1,0.666666666666667,0,0.333333333333333,3,0
"1839",0.3065,7.52637754408551,0.733333333333333,0.425978978709663,0.636363636363636,0.772486772486772,0.777777777777778,0.714285714285714,0.222222222222222,0.285714285714286,2.72222222222222,0.311111111111111
"1840",0.1845,6.51711711186767,0.766666666666667,0.468199487825153,0.758620689655172,0.825892857142857,0.785714285714286,0.75,0.214285714285714,0.25,3.14285714285714,0.285714285714286
"1841",0.348,8.51069973013938,0.833333333333333,0.379777144079763,0.705882352941177,0.798941798941799,0.666666666666667,0.904761904761905,0.333333333333333,0.0952380952380952,7,0.368421052631579
"1842",0.211,6.52384802789054,0.766666666666667,0.430282260440149,0.72,0.815789473684211,0.818181818181818,0.736842105263158,0.181818181818182,0.263157894736842,3.10909090909091,0.246753246753247
"1843",0.2385,7.54202507070638,0.733333333333333,0.476523645307736,0.636363636363636,0.71,0.7,0.75,0.3,0.25,2.8,0.4
"1844",0.3385,8.50754413455233,0.9,0.389172644306941,0.857142857142857,0.92,0.9,0.9,0.1,0.1,9,0.111111111111111
"1845",0.2565,7.52030571220703,0.866666666666667,0.434491637130166,0.866666666666667,0.907239819004525,1,0.764705882352941,0,0.235294117647059,4.25,0
"1846",0.274,7.51331497289101,0.833333333333333,0.394130028786485,0.761904761904762,0.8625,0.8,0.85,0.2,0.15,5.33333333333333,0.235294117647059
"1847",0.2725,7.51653505894168,0.833333333333333,0.416242112931526,0.8,0.8775,1,0.75,0,0.25,4,0
"1848",0.323,7.50459080018638,0.866666666666667,0.346385641877114,0.75,0.872670807453416,0.857142857142857,0.869565217391304,0.142857142857143,0.130434782608696,6.57142857142857,0.164285714285714
"1849",0.3285,7.5094559170522,0.766666666666667,0.367981223574728,0.631578947368421,0.869565217391304,0.857142857142857,0.739130434782609,0.142857142857143,0.260869565217391,3.28571428571429,0.19327731092437
"1850",0.3165,8.5123329419338,0.833333333333333,0.409751841853061,0.761904761904762,0.87799043062201,0.727272727272727,0.894736842105263,0.272727272727273,0.105263157894737,6.90909090909091,0.304812834224599
"1851",0.178,6.52784798583458,0.8,0.495279015201781,0.8,0.755656108597285,0.923076923076923,0.705882352941177,0.0769230769230769,0.294117647058823,3.13846153846154,0.108974358974359
"1852",0.252,7.51866190764044,0.766666666666667,0.444160492090449,0.740740740740741,0.821759259259259,0.833333333333333,0.722222222222222,0.166666666666667,0.277777777777778,3,0.230769230769231
"1853",0.261,6.51959930095355,0.833333333333333,0.351153332873157,0.705882352941177,0.866459627329193,0.857142857142857,0.826086956521739,0.142857142857143,0.173913043478261,4.92857142857143,0.172932330827068
"1854",0.4115,8.51060019687578,0.833333333333333,0.391924791663064,0.736842105263158,0.801587301587302,0.777777777777778,0.857142857142857,0.222222222222222,0.142857142857143,5.44444444444444,0.259259259259259
"1855",0.265,7.5390410029408,0.733333333333333,0.460486544805608,0.636363636363636,0.727513227513227,0.777777777777778,0.714285714285714,0.222222222222222,0.285714285714286,2.72222222222222,0.311111111111111
"1856",0.427,9.49997515126299,0.866666666666667,0.366457612728816,0.75,0.849431818181818,0.75,0.909090909090909,0.25,0.0909090909090909,8.25,0.275
"1857",0.466,9.49795085776854,0.833333333333333,0.365105354942609,0.615384615384615,0.802083333333333,0.666666666666667,0.875,0.333333333333333,0.125,5.33333333333333,0.380952380952381
"1858",0.2285,7.1692447274574,0.733333333333333,0.453167648223997,0.692307692307692,0.748803827751196,0.818181818181818,0.684210526315789,0.181818181818182,0.315789473684211,2.59090909090909,0.265734265734266
"1859",0.37,9.02701772891202,0.866666666666667,0.371696834079924,0.8,0.875,0.8,0.9,0.2,0.1,8,0.222222222222222
"1860",0.301,7.5147210362924,0.7,0.417653490856501,0.64,0.732804232804233,0.888888888888889,0.619047619047619,0.111111111111111,0.380952380952381,2.33333333333333,0.17948717948718
"1861",0.359,8.51408568447265,0.9,0.353424129639528,0.8,0.943181818181818,0.75,0.954545454545455,0.25,0.0454545454545454,16.5,0.261904761904762
"1862",0.3175,7.51300297641807,0.766666666666667,0.38229695275134,0.631578947368421,0.804347826086956,0.857142857142857,0.739130434782609,0.142857142857143,0.260869565217391,3.28571428571429,0.19327731092437
"1863",0.629,9.48199211960634,0.8,0.429071404409548,0.7,0.80952380952381,0.777777777777778,0.80952380952381,0.222222222222222,0.19047619047619,4.08333333333333,0.274509803921569
"1864",0.6485,11.9582125726404,0.9,0.358948165691869,0.727272727272727,0.770186335403727,0.571428571428571,1,0.428571428571429,0,Inf,0.428571428571429
"1865",0.2925,7.53140321772633,0.733333333333333,0.464421244526859,0.692307692307692,0.7225,0.9,0.65,0.1,0.35,2.57142857142857,0.153846153846154
"1866",0.3095,7.51175734227195,0.733333333333333,0.415606734076808,0.636363636363636,0.758522727272727,0.875,0.681818181818182,0.125,0.318181818181818,2.75,0.183333333333333
"1867",0.331,7.50833846186005,0.9,0.331653393215052,0.8,0.951388888888889,1,0.875,0,0.125,8,0
"1868",0.546,10.4922302659581,0.866666666666667,0.355516264441171,0.6,0.815972222222222,0.5,0.958333333333333,0.5,0.0416666666666666,12,0.521739130434783
"1869",0.1925,7.19030586021287,0.733333333333333,0.503599945809956,0.733333333333333,0.705882352941177,0.846153846153846,0.647058823529412,0.153846153846154,0.352941176470588,2.3974358974359,0.237762237762238
"1870",0.239,6.5162612221569,0.766666666666667,0.387577276965325,0.72,0.8675,0.9,0.7,0.1,0.3,3,0.142857142857143
"1871",0.2865,7.52979085524363,0.766666666666667,0.41407228205513,0.588235294117647,0.78125,0.625,0.818181818181818,0.375,0.181818181818182,3.4375,0.458333333333333
"1872",0.3075,7.51230426933978,0.8,0.36968814710126,0.727272727272727,0.888888888888889,0.888888888888889,0.761904761904762,0.111111111111111,0.238095238095238,3.73333333333333,0.145833333333333
"1873",0.2995,7.51518158378446,0.733333333333333,0.405471936975537,0.714285714285714,0.803827751196172,0.909090909090909,0.631578947368421,0.0909090909090909,0.368421052631579,2.46753246753247,0.143939393939394
"1874",0.2485,7.13178225175595,0.766666666666667,0.42732941804725,0.72,0.8025,0.9,0.7,0.1,0.3,3,0.142857142857143
"1875",0.166,6.54021055568699,0.833333333333333,0.42136343044955,0.8,0.832535885167464,0.909090909090909,0.789473684210526,0.0909090909090909,0.210526315789474,4.31818181818182,0.115151515151515
"1876",0.287,7.51321492291291,0.766666666666667,0.406276957708726,0.666666666666667,0.76984126984127,0.777777777777778,0.761904761904762,0.222222222222222,0.238095238095238,3.26666666666667,0.291666666666667
"1877",0.2995,7.51712488302207,0.766666666666667,0.404841093912861,0.666666666666667,0.75,0.875,0.727272727272727,0.125,0.272727272727273,3.20833333333333,0.171875
"1878",0.1975,6.53675182051466,0.833333333333333,0.370235821349564,0.782608695652174,0.8725,0.9,0.8,0.1,0.2,4.5,0.125
"1879",0.421,9.50356985254782,0.7,0.46703107085386,0.608695652173913,0.666666666666667,0.583333333333333,0.777777777777778,0.416666666666667,0.222222222222222,2.625,0.535714285714286
"1880",0.311,7.51595844265626,0.7,0.389546647637441,0.608695652173913,0.784090909090909,0.875,0.636363636363636,0.125,0.363636363636364,2.40625,0.196428571428571
"1881",0.2855,7.51100074561479,0.866666666666667,0.377095814417316,0.777777777777778,0.883597883597884,0.777777777777778,0.904761904761905,0.222222222222222,0.0952380952380952,8.16666666666667,0.245614035087719
"1882",0.444,9.51106214652479,0.866666666666667,0.366434829178936,0.666666666666667,0.785714285714286,0.571428571428571,0.956521739130435,0.428571428571429,0.0434782608695652,13.1428571428572,0.448051948051948
"1883",0.2935,7.51261865659033,0.766666666666667,0.402537879172379,0.631578947368421,0.727513227513227,0.666666666666667,0.80952380952381,0.333333333333333,0.19047619047619,3.5,0.411764705882353
"1884",0.3025,7.52662405400956,0.8,0.429040026696142,0.666666666666667,0.770186335403727,0.857142857142857,0.782608695652174,0.142857142857143,0.217391304347826,3.94285714285714,0.182539682539683
"1885",0.207,6.52023958702623,0.7,0.441520735806672,0.709677419354839,0.80316742081448,0.846153846153846,0.588235294117647,0.153846153846154,0.411764705882353,2.05494505494506,0.261538461538462
"1886",0.2735,7.50982644658334,0.833333333333333,0.427686971634972,0.782608695652174,0.815,0.9,0.8,0.1,0.2,4.5,0.125
"1887",0.237,7.50203785305695,0.866666666666667,0.467013227745292,0.875,0.901785714285714,1,0.75,0,0.25,4,0
"1888",0.2785,7.51939881670608,0.8,0.387810859148194,0.666666666666667,0.817460317460317,0.666666666666667,0.857142857142857,0.333333333333333,0.142857142857143,4.66666666666667,0.388888888888889
"1889",0.3705,9.50215371202277,0.9,0.3817655142225,0.823529411764706,0.91,0.7,1,0.3,0,Inf,0.3
"1890",0.205,6.54101051749693,0.733333333333333,0.416634782915122,0.636363636363636,0.795454545454545,0.875,0.681818181818182,0.125,0.318181818181818,2.75,0.183333333333333
"1891",0.2695,7.51342324480523,0.866666666666667,0.406526929206172,0.846153846153846,0.909722222222222,0.916666666666667,0.833333333333333,0.0833333333333334,0.166666666666667,5.5,0.1
"1892",0.2005,6.51469178583336,0.833333333333333,0.4266525782744,0.8,0.837962962962963,0.833333333333333,0.833333333333333,0.166666666666667,0.166666666666667,5,0.2
"1893",0.266,7.51735285305889,0.866666666666667,0.408929542554723,0.818181818181818,0.818181818181818,0.818181818181818,0.894736842105263,0.181818181818182,0.105263157894737,7.77272727272727,0.203208556149733
"1894",0.2775,7.52567475608583,0.9,0.360499005257616,0.823529411764706,0.889204545454545,0.875,0.909090909090909,0.125,0.0909090909090909,9.625,0.1375
"1895",0.3795,8.51228695269381,0.833333333333333,0.40328528157456,0.782608695652174,0.822966507177033,0.818181818181818,0.842105263157895,0.181818181818182,0.157894736842105,5.18181818181818,0.215909090909091
"1896",0.314,7.51489997968253,0.8,0.381760331007639,0.666666666666667,0.795031055900621,0.857142857142857,0.782608695652174,0.142857142857143,0.217391304347826,3.94285714285714,0.182539682539683
"1897",0.27,7.5067461338721,0.833333333333333,0.408373752345482,0.814814814814815,0.881944444444444,0.916666666666667,0.777777777777778,0.0833333333333334,0.222222222222222,4.125,0.107142857142857
"1898",0.1585,6.5445264022217,0.8,0.449192548114951,0.785714285714286,0.821759259259259,0.916666666666667,0.722222222222222,0.0833333333333334,0.277777777777778,3.3,0.115384615384615
"1899",0.27,6.51544854925444,0.766666666666667,0.358275383592221,0.588235294117647,0.850694444444444,0.833333333333333,0.75,0.166666666666667,0.25,3.33333333333333,0.222222222222222
"1900",0.301,7.51710048611643,0.733333333333333,0.411581981883826,0.6,0.732954545454545,0.75,0.727272727272727,0.25,0.272727272727273,2.75,0.34375
"1901",0.236,6.52134292090978,0.833333333333333,0.401021994823655,0.782608695652174,0.883597883597884,1,0.761904761904762,0,0.238095238095238,4.2,0
"1902",0.245,7.51230108889507,0.9,0.455047129705861,0.903225806451613,0.946428571428571,1,0.8125,0,0.1875,5.33333333333333,0
"1903",0.368,9.10251303117685,0.9,0.361305766363383,0.8,0.891534391534392,0.666666666666667,1,0.333333333333333,0,Inf,0.333333333333333
"1904",0.288,7.52529231680258,0.8,0.402307653826761,0.7,0.815340909090909,0.875,0.772727272727273,0.125,0.227272727272727,3.85,0.161764705882353
"1905",0.296,7.50492535775748,0.9,0.357921211242038,0.857142857142857,0.976190476190476,1,0.857142857142857,0,0.142857142857143,7,0
"1906",0.853,11.8081474831633,0.866666666666667,0.406604727772876,0.6,0.75,0.5,0.958333333333333,0.5,0.0416666666666666,12,0.521739130434783
"1907",0.333,8.51359816664342,0.866666666666667,0.381278968577166,0.8,0.9075,0.8,0.9,0.2,0.1,8,0.222222222222222
"1908",0.245,7.12610504331438,0.766666666666667,0.420124124159276,0.666666666666667,0.817460317460317,0.777777777777778,0.761904761904762,0.222222222222222,0.238095238095238,3.26666666666667,0.291666666666667
"1909",0.194,6.52021281772398,0.866666666666667,0.449925971034314,0.846153846153846,0.884615384615385,0.846153846153846,0.882352941176471,0.153846153846154,0.117647058823529,7.19230769230769,0.174358974358974
"1910",0.65,10.4833188495409,0.9,0.356541319780164,0.8,0.903409090909091,0.75,0.954545454545455,0.25,0.0454545454545454,16.5,0.261904761904762
"1911",0.2355,7.54002862328441,0.766666666666667,0.456585806971649,0.666666666666667,0.7625,0.7,0.8,0.3,0.2,3.5,0.375
"1912",0.3045,7.52541275640677,0.8,0.412293036429867,0.75,0.8475,0.9,0.75,0.1,0.25,3.6,0.133333333333333
"1913",0.2675,7.06961061257329,0.833333333333333,0.374155057739526,0.666666666666667,0.773291925465839,0.714285714285714,0.869565217391304,0.285714285714286,0.130434782608696,5.47619047619048,0.328571428571429
"1914",0.243,7.5339959181972,0.866666666666667,0.433825957528786,0.833333333333333,0.854166666666667,0.833333333333333,0.888888888888889,0.166666666666667,0.111111111111111,7.5,0.1875
"1915",0.536,10.4984019826063,0.866666666666667,0.371835598768184,0.6,0.697916666666667,0.5,0.958333333333333,0.5,0.0416666666666666,12,0.521739130434783
"1916",0.254,7.50604686905443,0.833333333333333,0.432175466827116,0.8,0.872685185185185,0.833333333333333,0.833333333333333,0.166666666666667,0.166666666666667,5,0.2
"1917",0.238,7.52489514317682,0.766666666666667,0.462926826462788,0.758620689655172,0.819004524886878,0.846153846153846,0.705882352941177,0.153846153846154,0.294117647058823,2.87692307692308,0.217948717948718
"1918",0.3235,7.5083202368541,0.833333333333333,0.361822672929824,0.736842105263158,0.888198757763975,1,0.782608695652174,0,0.217391304347826,4.6,0
"1919",0.3235,7.51118675174677,0.833333333333333,0.356889232592926,0.761904761904762,0.909090909090909,1,0.772727272727273,0,0.227272727272727,4.4,0
"1920",0.2785,7.50508557423643,0.833333333333333,0.382959483529434,0.761904761904762,0.895,0.8,0.85,0.2,0.15,5.33333333333333,0.235294117647059
"1921",0.278,7.51480223874313,0.8,0.416591300471035,0.7,0.738095238095238,0.777777777777778,0.80952380952381,0.222222222222222,0.19047619047619,4.08333333333333,0.274509803921569
"1922",0.204,6.52500855923066,0.8,0.442023684198399,0.785714285714286,0.83710407239819,0.846153846153846,0.764705882352941,0.153846153846154,0.235294117647059,3.59615384615385,0.201183431952663
"1923",0.363,7.51644622826986,0.733333333333333,0.400167587125687,0.428571428571429,0.682692307692308,0.75,0.730769230769231,0.25,0.269230769230769,2.78571428571429,0.342105263157895
"1924",0.2985,7.51159229568135,0.766666666666667,0.387512800358728,0.695652173913043,0.814814814814815,0.888888888888889,0.714285714285714,0.111111111111111,0.285714285714286,3.11111111111111,0.155555555555556
"1925",0.475,8.50476064477389,0.8,0.394939339044441,0.571428571428571,0.840277777777778,0.666666666666667,0.833333333333333,0.333333333333333,0.166666666666667,4,0.4
"1926",0.2845,7.53139857011316,0.8,0.393488981701691,0.7,0.84375,0.875,0.772727272727273,0.125,0.227272727272727,3.85,0.161764705882353
"1927",0.368,8.50599082260822,0.8,0.399827452948576,0.666666666666667,0.76984126984127,0.666666666666667,0.857142857142857,0.333333333333333,0.142857142857143,4.66666666666667,0.388888888888889
"1928",0.436,9.5087581929754,0.9,0.339071735294962,0.842105263157895,0.971590909090909,1,0.863636363636364,0,0.136363636363636,7.33333333333333,0
"1929",0.4085,9.50068326578586,0.9,0.351702949379032,0.842105263157895,0.947089947089947,0.888888888888889,0.904761904761905,0.111111111111111,0.0952380952380952,9.33333333333333,0.12280701754386
"1930",0.3285,7.52248099542805,0.766666666666667,0.420750004325011,0.666666666666667,0.804347826086957,1,0.695652173913043,0,0.304347826086957,3.28571428571429,0
"1931",0.2875,7.5161700629344,0.8,0.390944427972105,0.7,0.875661375661376,0.777777777777778,0.80952380952381,0.222222222222222,0.19047619047619,4.08333333333333,0.274509803921569
"1932",0.189,5.53050385864228,0.6,0.428960794138573,0.571428571428571,0.735795454545454,1,0.454545454545455,0,0.545454545454545,1.83333333333333,0
"1933",0.2845,7.52782434831285,0.833333333333333,0.383490307401561,0.782608695652174,0.8775,0.9,0.8,0.1,0.2,4.5,0.125
"1934",0.1935,6.5349027747655,0.7,0.409634597365957,0.608695652173913,0.772727272727273,0.875,0.636363636363636,0.125,0.363636363636364,2.40625,0.196428571428571
"1935",0.27,7.51830601255134,0.8,0.420182750590426,0.785714285714286,0.902777777777778,0.916666666666667,0.722222222222222,0.0833333333333334,0.277777777777778,3.3,0.115384615384615
"1936",0.2895,7.51921554568546,0.766666666666667,0.392217172267844,0.740740740740741,0.89,1,0.65,0,0.35,2.85714285714286,0
"1937",0.314,7.51281918375134,0.833333333333333,0.362590524562054,0.761904761904762,0.914772727272727,1,0.772727272727273,0,0.227272727272727,4.4,0
"1938",0.2675,7.51143598026104,0.8,0.415916234252488,0.727272727272727,0.85,0.8,0.8,0.2,0.2,4,0.25
"1939",0.2975,7.51148142231634,0.833333333333333,0.38758870756614,0.761904761904762,0.838624338624339,0.888888888888889,0.80952380952381,0.111111111111111,0.19047619047619,4.66666666666667,0.137254901960784
"1940",0.197,6.53455710454021,0.766666666666667,0.404381643960414,0.666666666666667,0.835227272727273,0.875,0.727272727272727,0.125,0.272727272727273,3.20833333333333,0.171875
"1941",0.3,7.50953994355967,0.833333333333333,0.371292779493498,0.8,0.9175,1,0.75,0,0.25,4,0
"1942",0.2515,6.50743413436642,0.833333333333333,0.371955781275586,0.782608695652174,0.896825396825397,1,0.761904761904762,0,0.238095238095238,4.2,0
"1943",0.221,7.51663948103386,0.8,0.481760038372401,0.785714285714286,0.888392857142857,0.785714285714286,0.8125,0.214285714285714,0.1875,4.19047619047619,0.263736263736264
"1944",0.497,9.49883121713882,0.9,0.369101969880028,0.666666666666667,0.824,0.6,0.96,0.4,0.04,15,0.416666666666667
"1945",0.338,7.51215979413173,0.933333333333333,0.322415328719768,0.833333333333333,0.96,1,0.92,0,0.08,12.5,0
"1946",0.272,7.5216851000699,0.733333333333333,0.423022738601845,0.692307692307692,0.770334928229665,0.818181818181818,0.684210526315789,0.181818181818182,0.315789473684211,2.59090909090909,0.265734265734266
"1947",0.469,9.50338793584965,0.866666666666667,0.371678111981703,0.833333333333333,0.900462962962963,0.833333333333333,0.888888888888889,0.166666666666667,0.111111111111111,7.5,0.1875
"1948",0.6055,11.9752105410448,0.933333333333333,0.323987161580598,0.75,0.96,0.6,1,0.4,0,Inf,0.4
"1949",0.2315,7.13627464636463,0.766666666666667,0.397539659238777,0.72,0.849282296650718,0.818181818181818,0.736842105263158,0.181818181818182,0.263157894736842,3.10909090909091,0.246753246753247
"1950",0.2655,7.53240621202053,0.8,0.438623260074836,0.75,0.782296650717703,0.818181818181818,0.789473684210526,0.181818181818182,0.210526315789474,3.88636363636364,0.23030303030303
"1951",0.3075,7.5309166409853,0.766666666666667,0.441294474885783,0.631578947368421,0.720496894409938,0.857142857142857,0.739130434782609,0.142857142857143,0.260869565217391,3.28571428571429,0.19327731092437
"1952",0.312,7.52107310444131,0.8,0.386915491272904,0.5,0.76,0.6,0.84,0.4,0.16,3.75,0.476190476190476
"1953",0.2945,7.5136663927399,0.8,0.400444288798296,0.75,0.835,0.9,0.75,0.1,0.25,3.6,0.133333333333333
"1954",0.2905,7.52403540706281,0.733333333333333,0.408633743440388,0.666666666666667,0.828042328042328,0.888888888888889,0.666666666666667,0.111111111111111,0.333333333333333,2.66666666666667,0.166666666666667
"1955",0.324,7.52718061365913,0.733333333333333,0.422643617687554,0.555555555555556,0.756944444444445,0.833333333333333,0.708333333333333,0.166666666666667,0.291666666666667,2.85714285714286,0.235294117647059
"1956",0.2925,7.51708437172504,0.733333333333333,0.418139256678292,0.636363636363636,0.746031746031746,0.777777777777778,0.714285714285714,0.222222222222222,0.285714285714286,2.72222222222222,0.311111111111111
"1957",0.3145,7.51920912269335,0.866666666666667,0.35502392508498,0.8,0.928977272727273,1,0.818181818181818,0,0.181818181818182,5.5,0
"1958",0.336,7.52895266895527,0.666666666666667,0.488087467290761,0.583333333333333,0.704545454545455,0.875,0.590909090909091,0.125,0.409090909090909,2.13888888888889,0.211538461538462
"1959",0.2935,7.51940821736782,0.8,0.37889187599951,0.727272727272727,0.875661375661376,0.888888888888889,0.761904761904762,0.111111111111111,0.238095238095238,3.73333333333333,0.145833333333333
"1960",0.262,7.06377110960123,0.833333333333333,0.386294123122736,0.782608695652174,0.84,0.9,0.8,0.1,0.2,4.5,0.125
"1961",0.168,6.55120242461997,0.733333333333333,0.456865289079322,0.733333333333333,0.780092592592593,0.916666666666667,0.611111111111111,0.0833333333333334,0.388888888888889,2.35714285714286,0.136363636363636
"1962",0.2865,7.51704856605591,0.866666666666667,0.35794723226007,0.777777777777778,0.926136363636364,0.875,0.863636363636364,0.125,0.136363636363636,6.41666666666667,0.144736842105263
"1963",0.2595,7.52937484271519,0.833333333333333,0.394460528244945,0.761904761904762,0.795,0.8,0.85,0.2,0.15,5.33333333333333,0.235294117647059
"1964",0.1795,6.52259752397767,0.7,0.459946198633585,0.608695652173913,0.746411483253588,0.636363636363636,0.736842105263158,0.363636363636364,0.263157894736842,2.41818181818182,0.493506493506494
"1965",0.3025,7.52599742251523,0.833333333333333,0.388484874419348,0.8,0.8775,1,0.75,0,0.25,4,0
"1966",0.243,7.51182421967948,0.933333333333333,0.434538506965104,0.909090909090909,0.921296296296296,0.833333333333333,1,0.166666666666667,0,Inf,0.166666666666667
"1967",0.226,6.525607520574,0.733333333333333,0.416458992367247,0.6,0.713068181818182,0.75,0.727272727272727,0.25,0.272727272727273,2.75,0.34375
"1968",0.2775,7.51622487543445,0.733333333333333,0.421889932636894,0.733333333333333,0.821759259259259,0.916666666666667,0.611111111111111,0.0833333333333334,0.388888888888889,2.35714285714286,0.136363636363636
"1969",0.311,7.50998449361069,0.866666666666667,0.358242516595423,0.777777777777778,0.909937888198758,1,0.826086956521739,0,0.173913043478261,5.75,0
"1970",0.238,7.52863407102338,0.866666666666667,0.457079903685056,0.875,0.845982142857143,1,0.75,0,0.25,4,0
"1971",0.2975,7.51228984201606,0.833333333333333,0.384066877655833,0.8,0.9025,1,0.75,0,0.25,4,0
"1972",0.2945,7.49945142923607,0.933333333333333,0.368572189348599,0.909090909090909,0.985,1,0.9,0,0.1,10,0
"1973",0.7175,9.45999069386044,0.766666666666667,0.464339703724823,0.588235294117647,0.840277777777778,0.833333333333333,0.75,0.166666666666667,0.25,3.33333333333333,0.222222222222222
"1974",0.207,7.1295236591825,0.866666666666667,0.427514047057001,0.857142857142857,0.891402714932127,0.923076923076923,0.823529411764706,0.0769230769230769,0.176470588235294,5.23076923076923,0.0934065934065934
"1975",0.4125,8.50965739514517,0.833333333333333,0.358824028852237,0.666666666666667,0.840277777777778,0.833333333333333,0.833333333333333,0.166666666666667,0.166666666666667,5,0.2
"1976",0.4295,9.09969964328813,0.833333333333333,0.40368562655813,0.8,0.85972850678733,0.769230769230769,0.882352941176471,0.230769230769231,0.117647058823529,6.53846153846154,0.261538461538461
"1977",0.2525,7.51514819034909,0.766666666666667,0.434900169400969,0.72,0.833333333333333,0.75,0.777777777777778,0.25,0.222222222222222,3.375,0.321428571428571
"1978",0.2945,7.51430437782821,0.8,0.392738069954212,0.769230769230769,0.9025,1,0.7,0,0.3,3.33333333333333,0
"1979",0.2855,7.50990026640286,0.833333333333333,0.3832278596392,0.736842105263158,0.830687830687831,0.777777777777778,0.857142857142857,0.222222222222222,0.142857142857143,5.44444444444444,0.259259259259259
"1980",0.44,8.50700243305184,0.8,0.404197673337214,0.727272727272727,0.8275,0.8,0.8,0.2,0.2,4,0.25
"1981",0.304,7.51475974917078,0.9,0.358994737371286,0.869565217391304,0.965,1,0.85,0,0.15,6.66666666666667,0
"1982",0.338,7.52287573361584,0.8,0.397305687763007,0.666666666666667,0.84375,1,0.75,0,0.25,4,0
"1983",0.31,7.52687338345274,0.733333333333333,0.409713500029916,0.555555555555556,0.770186335403727,0.714285714285714,0.739130434782609,0.285714285714286,0.260869565217391,2.73809523809524,0.38655462184874
"1984",0.292,7.5121329032732,0.766666666666667,0.387197434676936,0.695652173913043,0.84,0.8,0.75,0.2,0.25,3.2,0.266666666666667
"1985",0.329,7.52379474481243,0.8,0.361911606936546,0.727272727272727,0.889204545454545,1,0.727272727272727,0,0.272727272727273,3.66666666666667,0
"1986",0.2775,6.51398740796375,0.766666666666667,0.374374850681483,0.631578947368421,0.854166666666667,1,0.708333333333333,0,0.291666666666667,3.42857142857143,0
"1987",0.2365,7.04887995995337,0.9,0.42164776101429,0.88,0.921296296296296,0.916666666666667,0.888888888888889,0.0833333333333334,0.111111111111111,8.25,0.09375
"1988",0.467,9.50010528085659,0.866666666666667,0.373084580600466,0.714285714285714,0.881987577639752,0.714285714285714,0.91304347826087,0.285714285714286,0.0869565217391305,8.21428571428571,0.312925170068027
"1989",0.2755,7.51188847747687,0.766666666666667,0.420095014582373,0.695652173913043,0.78,0.8,0.75,0.2,0.25,3.2,0.266666666666667
"1990",0.3045,7.51334210707233,0.733333333333333,0.420602238210498,0.666666666666667,0.777777777777778,0.888888888888889,0.666666666666667,0.111111111111111,0.333333333333333,2.66666666666667,0.166666666666667
"1991",0.3225,7.52566988400283,0.7,0.439141598387617,0.470588235294118,0.670138888888889,0.666666666666667,0.708333333333333,0.333333333333333,0.291666666666667,2.28571428571429,0.470588235294118
"1992",0.2445,7.52000324720366,0.766666666666667,0.453890718003134,0.695652173913043,0.761574074074074,0.666666666666667,0.833333333333333,0.333333333333333,0.166666666666667,4,0.4
"1993",0.168,6.54537903027266,0.666666666666667,0.484493954326855,0.666666666666667,0.722488038277512,0.909090909090909,0.526315789473684,0.0909090909090909,0.473684210526316,1.91919191919192,0.172727272727273
"1994",0.2855,7.53414262848821,0.766666666666667,0.428590873630366,0.666666666666667,0.788359788359788,0.777777777777778,0.761904761904762,0.222222222222222,0.238095238095238,3.26666666666667,0.291666666666667
"1995",0.25,7.5179704459964,0.8,0.422489485487569,0.727272727272727,0.84688995215311,0.727272727272727,0.842105263157895,0.272727272727273,0.157894736842105,4.6060606060606,0.323863636363636
"1996",0.682,12.4915569589708,0.866666666666667,0.377424029152502,0.6,0.77639751552795,0.428571428571429,1,0.571428571428571,0,Inf,0.571428571428571
"1997",0.273,7.07064383742551,0.833333333333333,0.375061362606136,0.705882352941177,0.806818181818182,0.75,0.863636363636364,0.25,0.136363636363636,5.5,0.289473684210526
"1998",0.3135,7.51916517586208,0.8,0.370506707070047,0.625,0.774305555555556,0.833333333333333,0.791666666666667,0.166666666666667,0.208333333333333,4,0.210526315789474
"1999",0.169,6.54842255963347,0.7,0.458158213279047,0.64,0.7525,0.8,0.65,0.2,0.35,2.28571428571429,0.307692307692308
"2000",0.148,5.53136147544448,0.6,0.472814069631424,0.625,0.706018518518518,0.833333333333333,0.444444444444444,0.166666666666667,0.555555555555556,1.5,0.375
"2001",0.295,7.49962940624038,0.9,0.359136618012742,0.842105263157895,0.952380952380952,0.888888888888889,0.904761904761905,0.111111111111111,0.0952380952380952,9.33333333333333,0.12280701754386
"2002",0.1915,6.52305200937715,0.733333333333333,0.45899517446349,0.714285714285714,0.773148148148148,0.833333333333333,0.666666666666667,0.166666666666667,0.333333333333333,2.5,0.25
"2003",0.307,7.52084630347054,0.8,0.387715494186914,0.727272727272727,0.860795454545454,1,0.727272727272727,0,0.272727272727273,3.66666666666667,0
"2004",0.506,10.4985991686631,0.9,0.390058495582844,0.769230769230769,0.755681818181818,0.625,1,0.375,0,Inf,0.375
"2005",0.187,6.54395843823601,0.733333333333333,0.410266718509274,0.6,0.803977272727273,0.75,0.727272727272727,0.25,0.272727272727273,2.75,0.34375
"2006",0.378,8.51491825011879,0.766666666666667,0.455722463407285,0.72,0.759259259259259,0.75,0.777777777777778,0.25,0.222222222222222,3.375,0.321428571428571
"2007",0.4685,10.012582220253,0.833333333333333,0.377738252150053,0.666666666666667,0.809659090909091,0.625,0.909090909090909,0.375,0.0909090909090909,6.875,0.4125
"2008",0.357,8.51127698019283,0.733333333333333,0.419945736040171,0.666666666666667,0.770334928229665,0.727272727272727,0.736842105263158,0.272727272727273,0.263157894736842,2.76363636363636,0.37012987012987
"2009",0.2605,7.51071356118881,0.733333333333333,0.43235600611369,0.733333333333333,0.798642533936652,0.846153846153846,0.647058823529412,0.153846153846154,0.352941176470588,2.3974358974359,0.237762237762238
"2010",0.315,7.52406619717814,0.766666666666667,0.42530331349726,0.666666666666667,0.792613636363636,0.875,0.727272727272727,0.125,0.272727272727273,3.20833333333333,0.171875
"2011",0.3465,8.51717261727899,0.866666666666667,0.365945290274348,0.777777777777778,0.941798941798942,0.777777777777778,0.904761904761905,0.222222222222222,0.0952380952380952,8.16666666666667,0.245614035087719
"2012",0.281,7.51493113626516,0.8,0.397693415383007,0.75,0.8825,0.9,0.75,0.1,0.25,3.6,0.133333333333333
"2013",0.567,9.49277497679179,0.8,0.432897417652045,0.727272727272727,0.770334928229665,0.727272727272727,0.842105263157895,0.272727272727273,0.157894736842105,4.6060606060606,0.323863636363636
"2014",0.1705,6.53944911719685,0.833333333333333,0.423949527499111,0.814814814814815,0.837962962962963,0.916666666666667,0.777777777777778,0.0833333333333334,0.222222222222222,4.125,0.107142857142857
"2015",0.3875,8.51040176246665,0.8,0.38752698167547,0.571428571428571,0.72360248447205,0.571428571428571,0.869565217391304,0.428571428571429,0.130434782608696,4.38095238095238,0.492857142857143
"2016",0.424,9.50264106260243,0.866666666666667,0.365623024497821,0.8,0.8375,0.8,0.9,0.2,0.1,8,0.222222222222222
"2017",0.226,7.53241712627012,0.766666666666667,0.469526128619844,0.774193548387097,0.786666666666667,0.8,0.733333333333333,0.2,0.266666666666667,3,0.272727272727273
"2018",0.2535,7.51068194936418,0.8,0.4360482031587,0.769230769230769,0.858796296296296,0.833333333333333,0.777777777777778,0.166666666666667,0.222222222222222,3.75,0.214285714285714
"2019",0.279,7.53008587417517,0.733333333333333,0.417745672756355,0.714285714285714,0.789473684210526,0.909090909090909,0.631578947368421,0.0909090909090909,0.368421052631579,2.46753246753247,0.143939393939394
"2020",0.2745,7.50841513845603,0.866666666666667,0.391975145191478,0.8,0.8625,0.8,0.9,0.2,0.1,8,0.222222222222222
"2021",0.283,7.50844524719272,0.8,0.402685390613843,0.75,0.86,0.9,0.75,0.1,0.25,3.6,0.133333333333333
"2022",0.299,7.52230646855066,0.833333333333333,0.374131222524679,0.761904761904762,0.883522727272727,1,0.772727272727273,0,0.227272727272727,4.4,0
"2023",0.287,7.50983208584858,0.766666666666667,0.394845626733702,0.740740740740741,0.885167464114832,0.909090909090909,0.684210526315789,0.0909090909090909,0.315789473684211,2.87878787878788,0.132867132867133
"2024",0.169,6.53666897250953,0.866666666666667,0.418147412095744,0.818181818181818,0.875,0.9,0.85,0.1,0.15,6,0.117647058823529
"2025",0.2645,7.52429329963048,0.866666666666667,0.389547627414942,0.833333333333333,0.882775119617225,0.909090909090909,0.842105263157895,0.0909090909090909,0.157894736842105,5.75757575757576,0.107954545454545
"2026",0.429,8.50979451940161,0.8,0.405667876035019,0.666666666666667,0.759259259259259,0.666666666666667,0.857142857142857,0.333333333333333,0.142857142857143,4.66666666666667,0.388888888888889
"2027",0.3125,7.50665391852492,0.833333333333333,0.362451307478835,0.782608695652174,0.920634920634921,1,0.761904761904762,0,0.238095238095238,4.2,0
"2028",0.2805,6.51674232686327,0.766666666666667,0.357238568796236,0.631578947368421,0.888888888888889,1,0.708333333333333,0,0.291666666666667,3.42857142857143,0
"2029",0.28,7.5110553737247,0.866666666666667,0.3923068322631,0.818181818181818,0.945,0.9,0.85,0.1,0.15,6,0.117647058823529
"2030",0.296,7.51871659703494,0.766666666666667,0.38769925879773,0.72,0.85,0.9,0.7,0.1,0.3,3,0.142857142857143
"2031",0.247,7.53743531872517,0.7,0.477175265035932,0.64,0.717703349282297,0.727272727272727,0.684210526315789,0.272727272727273,0.315789473684211,2.3030303030303,0.398601398601399
"2032",0.31,7.50763786869657,0.8,0.357399251856958,0.75,0.923280423280423,1,0.714285714285714,0,0.285714285714286,3.5,0
"2033",0.2055,6.52363044568752,0.733333333333333,0.450451397377595,0.714285714285714,0.782296650717703,0.909090909090909,0.631578947368421,0.0909090909090909,0.368421052631579,2.46753246753247,0.143939393939394
"2034",0.208,6.52564064856099,0.833333333333333,0.434349767952437,0.8,0.870813397129187,0.909090909090909,0.789473684210526,0.0909090909090909,0.210526315789474,4.31818181818182,0.115151515151515
"2035",0.3165,7.11059314000275,0.7,0.439088038518465,0.608695652173913,0.816770186335404,1,0.608695652173913,0,0.391304347826087,2.55555555555556,0
"2036",0.2875,7.52542799738602,0.8,0.398545027091269,0.7,0.846590909090909,0.875,0.772727272727273,0.125,0.227272727272727,3.85,0.161764705882353
"2037",0.244,7.52059699454216,0.7,0.468563659648991,0.689655172413793,0.730769230769231,0.769230769230769,0.647058823529412,0.230769230769231,0.352941176470588,2.17948717948718,0.356643356643357
"2038",0.3825,9.030569417628,0.866666666666667,0.363930991048956,0.714285714285714,0.838068181818182,0.625,0.954545454545455,0.375,0.0454545454545454,13.75,0.392857142857143
"2039",0.578,9.4905786546171,0.9,0.375484505265606,0.769230769230769,0.836805555555556,0.833333333333333,0.916666666666667,0.166666666666667,0.0833333333333334,10,0.181818181818182
"2040",0.2175,6.53395722985031,0.866666666666667,0.365732821797983,0.818181818181818,0.896825396825397,1,0.80952380952381,0,0.19047619047619,5.25,0
"2041",0.3745,8.50282371780733,0.866666666666667,0.353219817074722,0.714285714285714,0.919254658385093,0.714285714285714,0.91304347826087,0.285714285714286,0.0869565217391305,8.21428571428571,0.312925170068027
"2042",0.2245,7.13970048125006,0.766666666666667,0.443281480121444,0.758620689655172,0.810185185185185,0.916666666666667,0.666666666666667,0.0833333333333334,0.333333333333333,2.75,0.125
"2043",0.192,6.53934110784239,0.8,0.394661234989316,0.727272727272727,0.814814814814815,0.888888888888889,0.761904761904762,0.111111111111111,0.238095238095238,3.73333333333333,0.145833333333333
"2044",0.3545,8.50911649757143,0.933333333333333,0.353120906692787,0.857142857142857,0.897727272727273,0.75,1,0.25,0,Inf,0.25
"2045",0.441,9.50245449490166,0.866666666666667,0.368146466296001,0.777777777777778,0.855113636363636,0.875,0.863636363636364,0.125,0.136363636363636,6.41666666666667,0.144736842105263
"2046",0.2825,7.51911703520226,0.766666666666667,0.390113053576428,0.631578947368421,0.76984126984127,0.666666666666667,0.80952380952381,0.333333333333333,0.19047619047619,3.5,0.411764705882353
"2047",0.248,6.51785971686175,0.7,0.398174613193631,0.608695652173913,0.789772727272727,0.875,0.636363636363636,0.125,0.363636363636364,2.40625,0.196428571428571
"2048",0.301,7.50821247168703,0.766666666666667,0.393595679913032,0.588235294117647,0.714285714285714,0.714285714285714,0.782608695652174,0.285714285714286,0.217391304347826,3.28571428571429,0.365079365079365
"2049",0.2285,6.51900808940224,0.8,0.401675636845047,0.75,0.815,0.9,0.75,0.1,0.25,3.6,0.133333333333333
"2050",0.2075,6.52424675688479,0.8,0.43451334756963,0.75,0.827751196172249,0.818181818181818,0.789473684210526,0.181818181818182,0.210526315789474,3.88636363636364,0.23030303030303
"2051",0.2875,7.51318062612721,0.766666666666667,0.397558599712015,0.72,0.875,0.9,0.7,0.1,0.3,3,0.142857142857143
"2052",0.391,9.54481843654223,0.933333333333333,0.352558344683507,0.875,0.984126984126984,0.777777777777778,1,0.222222222222222,0,Inf,0.222222222222222
"2053",0.3015,7.5135249071366,0.9,0.358154819475878,0.823529411764706,0.894886363636364,0.875,0.909090909090909,0.125,0.0909090909090909,9.625,0.1375
"2054",0.24,7.51473601028203,0.8,0.45683895555307,0.769230769230769,0.819444444444444,0.833333333333333,0.777777777777778,0.166666666666667,0.222222222222222,3.75,0.214285714285714
"2055",0.2685,7.53356381691446,0.833333333333333,0.409752992579318,0.761904761904762,0.82,0.8,0.85,0.2,0.15,5.33333333333333,0.235294117647059
"2056",0.2695,7.50399250498546,0.9,0.390098357445217,0.842105263157895,0.9175,0.8,0.95,0.2,0.05,16,0.210526315789474
"2057",0.4175,9.01517450662035,0.933333333333333,0.3128128932266,0.857142857142857,0.979166666666667,1,0.916666666666667,0,0.0833333333333334,12,0
"2058",0.3475,7.50043038349286,0.933333333333333,0.321485348648833,0.8,0.980769230769231,1,0.923076923076923,0,0.0769230769230769,13,0
"2059",0.3435,8.51142094691347,0.8,0.407197482059271,0.7,0.805,0.7,0.85,0.3,0.15,4.66666666666667,0.352941176470588
"2060",0.3225,7.52663496863181,0.833333333333333,0.360675510286241,0.705882352941177,0.860248447204969,0.857142857142857,0.826086956521739,0.142857142857143,0.173913043478261,4.92857142857143,0.172932330827068
"2061",0.4445,8.50625466040934,0.833333333333333,0.393991772538342,0.666666666666667,0.773291925465838,0.714285714285714,0.869565217391304,0.285714285714286,0.130434782608696,5.47619047619048,0.328571428571429
"2062",0.324,7.50700696902088,0.7,0.388238635527177,0.571428571428571,0.77639751552795,0.857142857142857,0.652173913043478,0.142857142857143,0.347826086956522,2.46428571428571,0.219047619047619
"2063",0.2825,7.52370592641917,0.833333333333333,0.387449567671294,0.782608695652174,0.8775,0.9,0.8,0.1,0.2,4.5,0.125
"2064",0.318,8.50244848870462,0.8,0.41173266307919,0.75,0.849537037037037,0.75,0.833333333333333,0.25,0.166666666666667,4.5,0.3
"2065",0.472,9.49954695183131,0.833333333333333,0.371314055900366,0.666666666666667,0.804347826086957,0.714285714285714,0.869565217391304,0.285714285714286,0.130434782608696,5.47619047619048,0.328571428571429
"2066",0.275,7.50885664349613,0.866666666666667,0.389785684263548,0.833333333333333,0.899521531100478,0.909090909090909,0.842105263157895,0.0909090909090909,0.157894736842105,5.75757575757576,0.107954545454545
"2067",0.3325,7.50549651775178,0.8,0.364309848917841,0.7,0.881987577639752,1,0.739130434782609,0,0.260869565217391,3.83333333333333,0
"2068",0.311,7.52654987777429,0.766666666666667,0.405502260650026,0.695652173913043,0.804232804232804,0.888888888888889,0.714285714285714,0.111111111111111,0.285714285714286,3.11111111111111,0.155555555555556
"2069",0.395,8.50597027813867,0.833333333333333,0.373290998458085,0.705882352941177,0.885093167701863,0.857142857142857,0.826086956521739,0.142857142857143,0.173913043478261,4.92857142857143,0.172932330827068
"2070",0.272,7.51685956701249,0.733333333333333,0.430185748593172,0.692307692307692,0.73444976076555,0.818181818181818,0.684210526315789,0.181818181818182,0.315789473684211,2.59090909090909,0.265734265734266
"2071",0.2025,6.52676049059341,0.8,0.443285289255414,0.769230769230769,0.828703703703704,0.833333333333333,0.777777777777778,0.166666666666667,0.222222222222222,3.75,0.214285714285714
"2072",0.3,7.51089189081023,0.9,0.360270531435713,0.857142857142857,0.955026455026455,1,0.857142857142857,0,0.142857142857143,7,0
"2073",0.2915,7.52051623543028,0.766666666666667,0.391806777097075,0.72,0.86,0.9,0.7,0.1,0.3,3,0.142857142857143
"2074",0.247,7.51273663728744,0.733333333333333,0.456132280175413,0.733333333333333,0.787330316742081,0.846153846153846,0.647058823529412,0.153846153846154,0.352941176470588,2.3974358974359,0.237762237762238
"2075",0.256,7.52983784376238,0.766666666666667,0.42804850374587,0.72,0.799043062200957,0.818181818181818,0.736842105263158,0.181818181818182,0.263157894736842,3.10909090909091,0.246753246753247
"2076",0.298,7.51694365750507,0.8,0.380002357402099,0.7,0.846590909090909,0.875,0.772727272727273,0.125,0.227272727272727,3.85,0.161764705882353
"2077",0.285,7.50347223379944,0.9,0.389346077945513,0.869565217391304,0.9475,1,0.85,0,0.15,6.66666666666667,0
"2078",0.447,9.50314880116784,0.866666666666667,0.350317285793174,0.714285714285714,0.829192546583851,0.714285714285714,0.91304347826087,0.285714285714286,0.0869565217391305,8.21428571428571,0.312925170068027
"2079",0.359,8.5062922910579,0.866666666666667,0.366648499722445,0.75,0.849431818181818,0.75,0.909090909090909,0.25,0.0909090909090909,8.25,0.275
"2080",0.689,12.4845156659359,0.9,0.355315924137716,0.571428571428571,0.796,0.4,1,0.6,0,Inf,0.6
"2081",0.4175,9.0273830953484,0.866666666666667,0.368741933983642,0.714285714285714,0.748447204968944,0.714285714285714,0.91304347826087,0.285714285714286,0.0869565217391305,8.21428571428571,0.312925170068027
"2082",0.2995,8.51109390087326,0.833333333333333,0.435218295224733,0.761904761904762,0.835648148148148,0.666666666666667,0.944444444444444,0.333333333333333,0.0555555555555556,12,0.352941176470588
"2083",0.333,7.51027602615197,0.833333333333333,0.362361031891049,0.736842105263158,0.885093167701863,1,0.782608695652174,0,0.217391304347826,4.6,0
"2084",0.229,6.51120407667627,0.866666666666667,0.400230394511128,0.833333333333333,0.916267942583732,0.909090909090909,0.842105263157895,0.0909090909090909,0.157894736842105,5.75757575757576,0.107954545454545
"2085",0.2475,7.53043833640974,0.833333333333333,0.417032063517159,0.761904761904762,0.85,0.8,0.85,0.2,0.15,5.33333333333333,0.235294117647059
"2086",0.3045,7.51835285710187,0.833333333333333,0.364960878578799,0.705882352941177,0.894409937888199,0.857142857142857,0.826086956521739,0.142857142857143,0.173913043478261,4.92857142857143,0.172932330827068
"2087",0.307,7.51316495474177,0.8,0.369811242846588,0.7,0.857954545454545,0.875,0.772727272727273,0.125,0.227272727272727,3.85,0.161764705882353
"2088",0.3005,7.50847715214691,0.9,0.365660970870343,0.857142857142857,0.947089947089947,1,0.857142857142857,0,0.142857142857143,7,0
"2089",0.45,7.94468063227671,0.6,0.495759134806817,0.5,0.704968944099379,0.857142857142857,0.521739130434783,0.142857142857143,0.478260869565217,1.79220779220779,0.273809523809524
"2090",0.302,7.52939348744608,0.8,0.403605747091585,0.727272727272727,0.804232804232804,0.888888888888889,0.761904761904762,0.111111111111111,0.238095238095238,3.73333333333333,0.145833333333333
"2091",0.239,7.51845437386609,0.8,0.45416534536662,0.75,0.780092592592593,0.75,0.833333333333333,0.25,0.166666666666667,4.5,0.3
"2092",0.447,9.5026796267777,0.933333333333333,0.335582727845768,0.8,0.833333333333333,0.666666666666667,1,0.333333333333333,0,Inf,0.333333333333333
"2093",0.323,7.5065640877668,0.8,0.364982391462145,0.625,0.777777777777778,0.833333333333333,0.791666666666667,0.166666666666667,0.208333333333333,4,0.210526315789474
"2094",0.3825,9.50570178616163,0.833333333333333,0.402232626313795,0.736842105263158,0.866028708133971,0.636363636363636,0.947368421052632,0.363636363636364,0.0526315789473685,12.0909090909091,0.383838383838384
"2095",0.2895,7.51787334118313,0.833333333333333,0.39652499341648,0.782608695652174,0.9,0.9,0.8,0.1,0.2,4.5,0.125
"2096",0.341,8.15478796390877,0.833333333333333,0.375250473774378,0.666666666666667,0.892045454545455,0.625,0.909090909090909,0.375,0.0909090909090909,6.875,0.4125
"2097",0.2905,7.51223933391455,0.766666666666667,0.4009686005702,0.72,0.8425,0.9,0.7,0.1,0.3,3,0.142857142857143
"2098",0.329,7.51961475199016,0.866666666666667,0.339787657814424,0.714285714285714,0.913194444444444,0.833333333333333,0.875,0.166666666666667,0.125,6.66666666666667,0.19047619047619
"2099",0.749,12.4822251333637,0.9,0.396336643519624,0.571428571428571,0.708,0.4,1,0.6,0,Inf,0.6
"2100",0.2665,7.51734204044371,0.866666666666667,0.410227852017951,0.846153846153846,0.905092592592593,0.916666666666667,0.833333333333333,0.0833333333333334,0.166666666666667,5.5,0.1
"2101",0.2755,7.50677505695328,0.833333333333333,0.394697308505641,0.8,0.930622009569378,0.909090909090909,0.789473684210526,0.0909090909090909,0.210526315789474,4.31818181818182,0.115151515151515
"2102",0.195,6.52125722767697,0.7,0.457873997578197,0.64,0.715311004784689,0.727272727272727,0.684210526315789,0.272727272727273,0.315789473684211,2.3030303030303,0.398601398601399
"2103",0.3385,8.50621523206052,0.933333333333333,0.363170151140231,0.875,0.955026455026455,0.777777777777778,1,0.222222222222222,0,Inf,0.222222222222222
"2104",0.2965,7.52874377589169,0.733333333333333,0.417361179668419,0.6,0.741477272727273,0.75,0.727272727272727,0.25,0.272727272727273,2.75,0.34375
"2105",0.2135,6.52730955918837,0.766666666666667,0.417231784573258,0.695652173913043,0.785,0.8,0.75,0.2,0.25,3.2,0.266666666666667
"2106",0.155,6.55402648719633,0.666666666666667,0.482755504795641,0.642857142857143,0.741626794258373,0.818181818181818,0.578947368421053,0.181818181818182,0.421052631578947,1.94318181818182,0.314049586776859
"2107",0.2785,7.51374504050645,0.866666666666667,0.410059605358921,0.818181818181818,0.87,0.9,0.85,0.1,0.15,6,0.117647058823529
"2108",0.3325,7.52369399533327,0.733333333333333,0.419863211623518,0.714285714285714,0.825,1,0.6,0,0.4,2.5,0
"2109",0.259,7.06016068468816,0.8,0.390960265280239,0.75,0.844497607655502,0.818181818181818,0.789473684210526,0.181818181818182,0.210526315789474,3.88636363636364,0.23030303030303
"2110",0.335,7.52669935416172,0.7,0.462523511698102,0.608695652173913,0.761363636363636,0.875,0.636363636363636,0.125,0.363636363636364,2.40625,0.196428571428571
"2111",0.3715,8.06205894967947,0.833333333333333,0.385376504994002,0.666666666666667,0.81055900621118,0.714285714285714,0.869565217391304,0.285714285714286,0.130434782608696,5.47619047619048,0.328571428571429
"2112",0.418,9.50716194966097,0.833333333333333,0.387893565851201,0.666666666666667,0.793650793650794,0.555555555555556,0.952380952380952,0.444444444444444,0.0476190476190477,11.6666666666667,0.466666666666667
"2113",0.272,7.53595490311551,0.766666666666667,0.43409271893477,0.631578947368421,0.753968253968254,0.666666666666667,0.80952380952381,0.333333333333333,0.19047619047619,3.5,0.411764705882353
"2114",0.5485,10.4913608844454,0.866666666666667,0.353302917056313,0.714285714285714,0.906832298136646,0.714285714285714,0.91304347826087,0.285714285714286,0.0869565217391305,8.21428571428571,0.312925170068027
"2115",0.2495,7.51098586764806,0.833333333333333,0.439829605724224,0.814814814814815,0.857466063348416,0.846153846153846,0.823529411764706,0.153846153846154,0.176470588235294,4.79487179487179,0.186813186813187
"2116",0.316,7.51690362770395,0.8,0.363532891576649,0.666666666666667,0.795031055900621,0.857142857142857,0.782608695652174,0.142857142857143,0.217391304347826,3.94285714285714,0.182539682539683
"2117",0.2595,6.513278753855,0.866666666666667,0.351364945024895,0.75,0.84472049689441,0.857142857142857,0.869565217391304,0.142857142857143,0.130434782608696,6.57142857142857,0.164285714285714
"2118",0.315,7.51495790044663,0.9,0.349209842298462,0.8,0.925465838509317,0.857142857142857,0.91304347826087,0.142857142857143,0.0869565217391305,9.85714285714285,0.156462585034014
"2119",0.408,9.059746786247,0.833333333333333,0.379113687777323,0.666666666666667,0.875,0.625,0.909090909090909,0.375,0.0909090909090909,6.875,0.4125
"2120",0.255,7.52343345034752,0.833333333333333,0.429603381109578,0.782608695652174,0.894736842105263,0.818181818181818,0.842105263157895,0.181818181818182,0.157894736842105,5.18181818181818,0.215909090909091
"2121",0.3395,7.52717783317211,0.733333333333333,0.442898675011519,0.555555555555556,0.739583333333333,0.833333333333333,0.708333333333333,0.166666666666667,0.291666666666667,2.85714285714286,0.235294117647059
"2122",0.287,7.51207435306936,0.833333333333333,0.387352883728433,0.761904761904762,0.85,0.8,0.85,0.2,0.15,5.33333333333333,0.235294117647059
"2123",0.096,5.56473073664068,0.766666666666667,0.466589682841604,0.774193548387097,0.787330316742081,0.923076923076923,0.647058823529412,0.0769230769230769,0.352941176470588,2.61538461538462,0.118881118881119
"2124",0.4315,9.50570031993002,0.833333333333333,0.376686362606345,0.666666666666667,0.849431818181818,0.625,0.909090909090909,0.375,0.0909090909090909,6.875,0.4125
"2125",0.3375,8.08334963252644,0.833333333333333,0.385742279680039,0.666666666666667,0.786931818181818,0.625,0.909090909090909,0.375,0.0909090909090909,6.875,0.4125
"2126",0.398,8.55532767856391,0.833333333333333,0.3532342592189,0.666666666666667,0.888198757763975,0.714285714285714,0.869565217391304,0.285714285714286,0.130434782608696,5.47619047619048,0.328571428571429
"2127",0.3,7.50794653621566,0.9,0.355083394539573,0.823529411764706,0.863636363636364,0.875,0.909090909090909,0.125,0.0909090909090909,9.625,0.1375
"2128",0.3935,8.50762589923982,0.8,0.369321698496654,0.666666666666667,0.81055900621118,0.857142857142857,0.782608695652174,0.142857142857143,0.217391304347826,3.94285714285714,0.182539682539683
"2129",0.266,7.51864911838658,0.766666666666667,0.431911483348359,0.695652173913043,0.7475,0.8,0.75,0.2,0.25,3.2,0.266666666666667
"2130",0.2285,6.52275131252359,0.766666666666667,0.403822680432236,0.631578947368421,0.789772727272727,0.75,0.772727272727273,0.25,0.227272727272727,3.3,0.323529411764706
"2131",0.397,8.51374150221771,0.8,0.416047382437226,0.7,0.755,0.7,0.85,0.3,0.15,4.66666666666667,0.352941176470588
"2132",0.3245,7.50342345861497,0.966666666666667,0.318822568087692,0.933333333333333,0.996894409937888,1,0.956521739130435,0,0.0434782608695652,23,0
"2133",0.2905,7.50564487450822,0.866666666666667,0.37863152258938,0.833333333333333,0.9425,1,0.8,0,0.2,5,0
"2134",0.434,9.49765040077762,0.9,0.352017033945792,0.857142857142857,0.928571428571429,1,0.857142857142857,0,0.142857142857143,7,0
"2135",0.297,7.52508242558842,0.8,0.388956659440575,0.727272727272727,0.833333333333333,0.888888888888889,0.761904761904762,0.111111111111111,0.238095238095238,3.73333333333333,0.145833333333333
"2136",0.213,7.14548489234406,0.733333333333333,0.431807422717421,0.692307692307692,0.791866028708134,0.818181818181818,0.684210526315789,0.181818181818182,0.315789473684211,2.59090909090909,0.265734265734266
"2137",0.1895,6.53762796304419,0.766666666666667,0.412456462393189,0.758620689655172,0.837962962962963,0.916666666666667,0.666666666666667,0.0833333333333334,0.333333333333333,2.75,0.125
"2138",0.203,6.51890543914281,0.833333333333333,0.450972148413886,0.8,0.849282296650718,0.909090909090909,0.789473684210526,0.0909090909090909,0.210526315789474,4.31818181818182,0.115151515151515
"2139",0.406,8.50965259780116,0.833333333333333,0.376666911744465,0.736842105263158,0.857142857142857,0.777777777777778,0.857142857142857,0.222222222222222,0.142857142857143,5.44444444444444,0.259259259259259
"2140",0.287,8.50983269089472,0.866666666666667,0.440830561955321,0.818181818181818,0.889140271493213,0.692307692307692,1,0.307692307692308,0,Inf,0.307692307692308
"2141",0.405,8.50854604870591,0.866666666666667,0.34642578886919,0.666666666666667,0.844,0.8,0.88,0.2,0.12,6.66666666666667,0.227272727272727
"2142",0.2095,6.52347243075843,0.833333333333333,0.430204140806999,0.814814814814815,0.884259259259259,0.916666666666667,0.777777777777778,0.0833333333333334,0.222222222222222,4.125,0.107142857142857
"2143",0.2385,7.52041166722932,0.766666666666667,0.454943308648925,0.72,0.814814814814815,0.75,0.777777777777778,0.25,0.222222222222222,3.375,0.321428571428571
"2144",0.1975,7.54768587668675,0.733333333333333,0.501129149591509,0.733333333333333,0.75,0.785714285714286,0.6875,0.214285714285714,0.3125,2.51428571428571,0.311688311688312
"2145",0.2895,7.51416076975128,0.8,0.4141325798762,0.769230769230769,0.825,1,0.7,0,0.3,3.33333333333333,0
"2146",0.286,7.53727224153189,0.733333333333333,0.455647667826877,0.6,0.724431818181818,0.75,0.727272727272727,0.25,0.272727272727273,2.75,0.34375
"2147",0.1925,7.10170332153374,0.833333333333333,0.491996335647892,0.782608695652174,0.80787037037037,0.75,0.888888888888889,0.25,0.111111111111111,6.75,0.28125
"2148",0.2955,7.51342182062471,0.833333333333333,0.360587308010229,0.705882352941177,0.886363636363636,0.75,0.863636363636364,0.25,0.136363636363636,5.5,0.289473684210526
"2149",0.3525,7.51101482917675,0.7,0.403024563651363,0.470588235294118,0.712,0.8,0.68,0.2,0.32,2.5,0.294117647058823
"2150",0.517,9.49583911987892,0.9,0.340111257890728,0.857142857142857,0.9225,0.9,0.9,0.1,0.1,9,0.111111111111111
"2151",0.2945,7.52459288235965,0.866666666666667,0.37767017347271,0.777777777777778,0.866477272727273,0.875,0.863636363636364,0.125,0.136363636363636,6.41666666666667,0.144736842105263
"2152",0.2755,7.51227685872319,0.9,0.391254609732274,0.842105263157895,0.931216931216931,0.888888888888889,0.904761904761905,0.111111111111111,0.0952380952380952,9.33333333333333,0.12280701754386
"2153",0.428,9.50119946599939,0.9,0.338783248706619,0.823529411764706,0.909090909090909,0.875,0.909090909090909,0.125,0.0909090909090909,9.625,0.1375
"2154",0.437,10.4974137929702,0.8,0.434372829334876,0.7,0.789351851851852,0.583333333333333,0.944444444444444,0.416666666666667,0.0555555555555556,10.5,0.441176470588235
"2155",0.288,8.5128732381873,0.9,0.433806066053199,0.888888888888889,0.947963800904977,0.923076923076923,0.882352941176471,0.0769230769230769,0.117647058823529,7.84615384615384,0.0871794871794871
"2156",0.365,9.50918269086104,0.833333333333333,0.413202816574698,0.782608695652174,0.868055555555556,0.75,0.888888888888889,0.25,0.111111111111111,6.75,0.28125
"2157",0.2825,7.50321326337666,0.933333333333333,0.381680661140168,0.9,0.9225,0.9,0.95,0.1,0.05,18,0.105263157894737
"2158",0.3695,8.50970837108291,0.833333333333333,0.368999046134944,0.705882352941177,0.883522727272727,0.75,0.863636363636364,0.25,0.136363636363636,5.5,0.289473684210526
"2159",0.3125,7.52503416248852,0.766666666666667,0.407874006134365,0.631578947368421,0.788819875776398,0.857142857142857,0.739130434782609,0.142857142857143,0.260869565217391,3.28571428571429,0.19327731092437
"2160",0.102,4.53656183783942,0.566666666666667,0.477053526053952,0.648648648648649,0.701357466063348,0.923076923076923,0.294117647058824,0.0769230769230769,0.705882352941176,1.30769230769231,0.261538461538461
"2161",0.2345,7.50057601612987,0.966666666666667,0.464526531197929,0.96551724137931,0.975446428571429,1,0.9375,0,0.0625,16,0
"2162",0.3675,9.51063538584877,0.833333333333333,0.428119731490732,0.761904761904762,0.844497607655502,0.727272727272727,0.894736842105263,0.272727272727273,0.105263157894737,6.90909090909091,0.304812834224599
"2163",0.2435,7.52576226694734,0.866666666666667,0.435500904682755,0.833333333333333,0.894736842105263,0.909090909090909,0.842105263157895,0.0909090909090909,0.157894736842105,5.75757575757576,0.107954545454545
"2164",0.761,10.4610274988975,0.9,0.394229889091684,0.727272727272727,0.928,0.8,0.92,0.2,0.08,10,0.217391304347826
"2165",0.2975,7.51112182716878,0.833333333333333,0.39294054296533,0.736842105263158,0.798295454545455,0.875,0.818181818181818,0.125,0.181818181818182,4.8125,0.152777777777778
"2166",0.1815,7.55338094097487,0.733333333333333,0.499463884883734,0.692307692307692,0.755656108597285,0.692307692307692,0.764705882352941,0.307692307692308,0.235294117647059,2.94230769230769,0.402366863905326
"2167",0.1765,6.54745860335431,0.733333333333333,0.436492532036846,0.636363636363636,0.744318181818182,0.875,0.681818181818182,0.125,0.318181818181818,2.75,0.183333333333333
"2168",0.248,6.5198792627473,0.833333333333333,0.366772330555559,0.736842105263158,0.863636363636364,0.875,0.818181818181818,0.125,0.181818181818182,4.8125,0.152777777777778
"2169",0.323,7.51221947724183,0.8,0.383052611662031,0.625,0.770833333333333,0.833333333333333,0.791666666666667,0.166666666666667,0.208333333333333,4,0.210526315789474
"2170",0.363,8.51090147894157,0.833333333333333,0.381579112020921,0.666666666666667,0.701704545454545,0.625,0.909090909090909,0.375,0.0909090909090909,6.875,0.4125
"2171",0.286,7.51738571429488,0.833333333333333,0.391609774280448,0.705882352941177,0.767045454545455,0.75,0.863636363636364,0.25,0.136363636363636,5.5,0.289473684210526
"2172",0.2785,7.51379000660843,0.866666666666667,0.409916259828842,0.818181818181818,0.8425,0.9,0.85,0.1,0.15,6,0.117647058823529
"2173",0.1955,6.51817459251684,0.8,0.469793821766584,0.8125,0.850446428571429,0.928571428571429,0.6875,0.0714285714285714,0.3125,2.97142857142857,0.103896103896104
"2174",0.289,7.5120978459628,0.733333333333333,0.409494560338404,0.555555555555556,0.721590909090909,0.625,0.772727272727273,0.375,0.227272727272727,2.75,0.485294117647059
"2175",0.2865,7.511447366432,0.866666666666667,0.389375096934094,0.818181818181818,0.8725,0.9,0.85,0.1,0.15,6,0.117647058823529
"2176",0.2805,7.50753001130216,0.8,0.407819694921153,0.727272727272727,0.815,0.8,0.8,0.2,0.2,4,0.25
"2177",0.284,7.51603783471441,0.833333333333333,0.404916545781591,0.8,0.875,1,0.75,0,0.25,4,0
"2178",0.258,7.53367435825191,0.733333333333333,0.447914804182296,0.636363636363636,0.743386243386243,0.777777777777778,0.714285714285714,0.222222222222222,0.285714285714286,2.72222222222222,0.311111111111111
"2179",0.226,6.52594684738154,0.8,0.416816904536035,0.785714285714286,0.909090909090909,1,0.684210526315789,0,0.315789473684211,3.16666666666667,0
"2180",0.3935,8.513377789066,0.766666666666667,0.434641883572805,0.588235294117647,0.740740740740741,0.555555555555556,0.857142857142857,0.444444444444444,0.142857142857143,3.88888888888889,0.518518518518518
"2181",0.3,7.512455493247,0.766666666666667,0.404358611936441,0.695652173913043,0.7625,0.8,0.75,0.2,0.25,3.2,0.266666666666667
"2182",0.277,7.51346545317516,0.833333333333333,0.404483179936896,0.782608695652174,0.8675,0.9,0.8,0.1,0.2,4.5,0.125
"2183",0.2135,7.5167575669843,0.8,0.50100201621804,0.8,0.851111111111111,0.8,0.8,0.2,0.2,4,0.25
"2184",0.4535,9.50465097418613,0.9,0.340410585562273,0.769230769230769,0.930555555555556,0.833333333333333,0.916666666666667,0.166666666666667,0.0833333333333334,10,0.181818181818182
"2185",0.247,6.51426797075164,0.8,0.385632850820635,0.769230769230769,0.895,1,0.7,0,0.3,3.33333333333333,0
"2186",0.2925,7.51476999450279,0.833333333333333,0.377103415874337,0.705882352941177,0.872159090909091,0.75,0.863636363636364,0.25,0.136363636363636,5.5,0.289473684210526
"2187",0.428,9.51254694392423,0.933333333333333,0.350723417505328,0.857142857142857,0.947204968944099,0.857142857142857,0.956521739130435,0.142857142857143,0.0434782608695652,19.7142857142857,0.149350649350649
"2188",0.3475,7.52554459256146,0.733333333333333,0.444093878254714,0.555555555555556,0.784722222222222,0.833333333333333,0.708333333333333,0.166666666666667,0.291666666666667,2.85714285714286,0.235294117647059
"2189",0.265,7.52851707624887,0.8,0.412280136453184,0.769230769230769,0.849537037037037,0.833333333333333,0.777777777777778,0.166666666666667,0.222222222222222,3.75,0.214285714285714
"2190",0.283,7.06414077532643,0.766666666666667,0.377340661600116,0.695652173913043,0.85978835978836,0.888888888888889,0.714285714285714,0.111111111111111,0.285714285714286,3.11111111111111,0.155555555555556
"2191",0.4165,8.51091304823551,0.833333333333333,0.409488156930269,0.705882352941177,0.801587301587302,0.666666666666667,0.904761904761905,0.333333333333333,0.0952380952380952,7,0.368421052631579
"2192",0.2495,7.53736593792376,0.733333333333333,0.459106921235112,0.636363636363636,0.7475,0.7,0.75,0.3,0.25,2.8,0.4
"2193",0.2555,7.14787321924968,0.733333333333333,0.432377264436746,0.714285714285714,0.799043062200957,0.909090909090909,0.631578947368421,0.0909090909090909,0.368421052631579,2.46753246753247,0.143939393939394
"2194",0.309,7.50804379745513,0.833333333333333,0.36507685298608,0.782608695652174,0.925925925925926,1,0.761904761904762,0,0.238095238095238,4.2,0
"2195",0.3455,9.51066849360289,0.866666666666667,0.415352748337062,0.818181818181818,0.925925925925926,0.75,0.944444444444444,0.25,0.0555555555555556,13.5,0.264705882352941
"2196",0.368,9.03257001691719,0.9,0.368202628075052,0.823529411764706,0.923280423280423,0.777777777777778,0.952380952380952,0.222222222222222,0.0476190476190477,16.3333333333333,0.233333333333333
"2197",0.71,10.4680245049873,0.833333333333333,0.41638193467939,0.666666666666667,0.767045454545455,0.625,0.909090909090909,0.375,0.0909090909090909,6.875,0.4125
"2198",0.3545,8.59537409280272,0.766666666666667,0.402886437868005,0.666666666666667,0.785,0.7,0.8,0.3,0.2,3.5,0.375
"2199",0.277,7.51602380949736,0.8,0.395740585552719,0.75,0.844497607655502,0.818181818181818,0.789473684210526,0.181818181818182,0.210526315789474,3.88636363636364,0.23030303030303
"2200",0.2535,7.52792529669905,0.8,0.441160374570203,0.785714285714286,0.819444444444444,0.916666666666667,0.722222222222222,0.0833333333333334,0.277777777777778,3.3,0.115384615384615
"2201",0.398,9.02555662535745,0.8,0.386627975204476,0.571428571428571,0.752840909090909,0.5,0.909090909090909,0.5,0.0909090909090909,5.5,0.55
"2202",0.2995,7.13097142601529,0.733333333333333,0.441411829139813,0.666666666666667,0.809659090909091,1,0.636363636363636,0,0.363636363636364,2.75,0
"2203",0.283,7.51565407868614,0.7,0.427550595255846,0.64,0.7725,0.8,0.65,0.2,0.35,2.28571428571429,0.307692307692308
"2204",0.6,9.48580218900692,0.833333333333333,0.389792111757675,0.736842105263158,0.877840909090909,0.875,0.818181818181818,0.125,0.181818181818182,4.8125,0.152777777777778
"2205",0.185,6.52052615743842,0.833333333333333,0.47402761538469,0.827586206896552,0.839285714285714,0.857142857142857,0.8125,0.142857142857143,0.1875,4.57142857142857,0.175824175824176
"2206",0.3135,7.65352330712975,0.8,0.376925147956731,0.666666666666667,0.815340909090909,0.75,0.818181818181818,0.25,0.181818181818182,4.125,0.305555555555556
"2207",0.258,7.5359125156104,0.733333333333333,0.449433036551707,0.692307692307692,0.760765550239234,0.818181818181818,0.684210526315789,0.181818181818182,0.315789473684211,2.59090909090909,0.265734265734266
"2208",0.416,9.50053493193562,0.8,0.41631524386073,0.625,0.748677248677249,0.555555555555556,0.904761904761905,0.444444444444444,0.0952380952380952,5.83333333333333,0.491228070175439
"2209",0.1905,6.53750574757907,0.733333333333333,0.395427580543163,0.555555555555556,0.757763975155279,0.714285714285714,0.739130434782609,0.285714285714286,0.260869565217391,2.73809523809524,0.38655462184874
"2210",0.311,7.51228514274187,0.833333333333333,0.359078964293979,0.736842105263158,0.840909090909091,0.875,0.818181818181818,0.125,0.181818181818182,4.8125,0.152777777777778
"2211",0.345,8.50059160058007,0.933333333333333,0.346108867086215,0.888888888888889,0.886243386243386,0.888888888888889,0.952380952380952,0.111111111111111,0.0476190476190477,18.6666666666666,0.116666666666667
"2212",0.2825,7.51931142478632,0.766666666666667,0.395119385103714,0.631578947368421,0.775132275132275,0.666666666666667,0.80952380952381,0.333333333333333,0.19047619047619,3.5,0.411764705882353
"2213",0.237,6.51233518895018,0.833333333333333,0.399229350633728,0.8,0.9225,1,0.75,0,0.25,4,0
"2214",0.2725,7.51725037133074,0.733333333333333,0.427420370311616,0.666666666666667,0.7475,0.8,0.7,0.2,0.3,2.66666666666667,0.285714285714286
"2215",0.2675,7.51164334869802,0.8,0.411367833520817,0.769230769230769,0.851851851851852,0.833333333333333,0.777777777777778,0.166666666666667,0.222222222222222,3.75,0.214285714285714
"2216",0.332,8.51313591632538,0.866666666666667,0.38253429750224,0.8,0.92,0.8,0.9,0.2,0.1,8,0.222222222222222
"2217",0.2935,7.52858294527296,0.8,0.42399764970364,0.727272727272727,0.80952380952381,0.888888888888889,0.761904761904762,0.111111111111111,0.238095238095238,3.73333333333333,0.145833333333333
"2218",0.122,6.55840394064648,0.766666666666667,0.512468272705953,0.774193548387097,0.75,0.857142857142857,0.6875,0.142857142857143,0.3125,2.74285714285714,0.207792207792208
"2219",0.2875,7.51574242698052,0.866666666666667,0.393574394533917,0.833333333333333,0.899521531100478,0.909090909090909,0.842105263157895,0.0909090909090909,0.157894736842105,5.75757575757576,0.107954545454545
"2220",0.281,7.51347311518445,0.766666666666667,0.411014595296226,0.740740740740741,0.813397129186603,0.909090909090909,0.684210526315789,0.0909090909090909,0.315789473684211,2.87878787878788,0.132867132867133
"2221",0.251,7.52926085960212,0.8,0.430972512308868,0.7,0.825396825396825,0.777777777777778,0.80952380952381,0.222222222222222,0.19047619047619,4.08333333333333,0.274509803921569
"2222",0.401,9.5037122293261,0.933333333333333,0.357334424961099,0.888888888888889,0.923280423280423,0.888888888888889,0.952380952380952,0.111111111111111,0.0476190476190477,18.6666666666666,0.116666666666667
"2223",0.28,7.51363363179444,0.833333333333333,0.397026217569548,0.782608695652174,0.86,0.9,0.8,0.1,0.2,4.5,0.125
"2224",0.409,9.02676164907949,0.833333333333333,0.355901773421463,0.705882352941177,0.872159090909091,0.75,0.863636363636364,0.25,0.136363636363636,5.5,0.289473684210526
"2225",0.6575,11.9481589407757,0.866666666666667,0.383915561488062,0.6,0.782608695652174,0.428571428571429,1,0.571428571428571,0,Inf,0.571428571428571
"2226",0.246,6.51757189806549,0.8,0.383162590919737,0.75,0.867724867724868,1,0.714285714285714,0,0.285714285714286,3.5,0
"2227",0.337,7.51020563138084,0.8,0.36208330430411,0.625,0.795138888888889,0.833333333333333,0.791666666666667,0.166666666666667,0.208333333333333,4,0.210526315789474
"2228",0.2205,6.51688328152632,0.866666666666667,0.402104049610025,0.818181818181818,0.885,0.9,0.85,0.1,0.15,6,0.117647058823529
"2229",0.3095,7.51080597606019,0.8,0.367911520071875,0.7,0.880681818181818,0.875,0.772727272727273,0.125,0.227272727272727,3.85,0.161764705882353
"2230",0.2575,7.5082412444656,0.866666666666667,0.420422274571149,0.833333333333333,0.861111111111111,0.833333333333333,0.888888888888889,0.166666666666667,0.111111111111111,7.5,0.1875
"2231",0.3115,7.52029894816648,0.8,0.383764781777337,0.666666666666667,0.84375,0.75,0.818181818181818,0.25,0.181818181818182,4.125,0.305555555555556
"2232",0.289,7.50694801429702,0.866666666666667,0.371769768009411,0.75,0.894886363636364,0.75,0.909090909090909,0.25,0.0909090909090909,8.25,0.275
"2233",0.5815,9.487631217278,0.866666666666667,0.364863252539692,0.75,0.822981366459627,0.857142857142857,0.869565217391304,0.142857142857143,0.130434782608696,6.57142857142857,0.164285714285714
"2234",0.26,7.5208978748971,0.766666666666667,0.42223546428123,0.72,0.839712918660287,0.818181818181818,0.736842105263158,0.181818181818182,0.263157894736842,3.10909090909091,0.246753246753247
"2235",0.2715,7.53705778372644,0.733333333333333,0.44883403328876,0.666666666666667,0.74,0.8,0.7,0.2,0.3,2.66666666666667,0.285714285714286
"2236",0.2025,6.54025549134981,0.766666666666667,0.412475749633789,0.758620689655172,0.837320574162679,1,0.631578947368421,0,0.368421052631579,2.71428571428571,0
"2237",0.3895,9.03034595107081,0.9,0.348691946288269,0.727272727272727,0.869565217391304,0.571428571428571,1,0.428571428571429,0,Inf,0.428571428571429
"2238",0.295,7.51244239052425,0.833333333333333,0.381327577281553,0.782608695652174,0.865,0.9,0.8,0.1,0.2,4.5,0.125
"2239",0.3625,8.51114229901047,0.866666666666667,0.377752865528573,0.75,0.857954545454545,0.75,0.909090909090909,0.25,0.0909090909090909,8.25,0.275
"2240",0.244,7.08242803160804,0.733333333333333,0.42830976857341,0.692307692307692,0.770334928229665,0.818181818181818,0.684210526315789,0.181818181818182,0.315789473684211,2.59090909090909,0.265734265734266
"2241",0.619,9.93778543044038,0.833333333333333,0.391911381388467,0.705882352941177,0.841269841269841,0.666666666666667,0.904761904761905,0.333333333333333,0.0952380952380952,7,0.368421052631579
"2242",0.6225,10.4874511714289,0.933333333333333,0.307072244730125,0.857142857142857,0.940993788819876,0.857142857142857,0.956521739130435,0.142857142857143,0.0434782608695652,19.7142857142857,0.149350649350649
"2243",0.2325,7.51406399180729,0.9,0.462402505636272,0.888888888888889,0.936651583710407,0.923076923076923,0.882352941176471,0.0769230769230769,0.117647058823529,7.84615384615384,0.0871794871794871
"2244",0.406,8.50736250468943,0.833333333333333,0.356507499700951,0.736842105263158,0.916149068322981,1,0.782608695652174,0,0.217391304347826,4.6,0
"2245",0.232,7.17080572890857,0.733333333333333,0.459315871037575,0.636363636363636,0.735449735449735,0.777777777777778,0.714285714285714,0.222222222222222,0.285714285714286,2.72222222222222,0.311111111111111
"2246",0.277,7.50856071538853,0.833333333333333,0.409083871339016,0.814814814814815,0.882775119617225,1,0.736842105263158,0,0.263157894736842,3.8,0
"2247",0.3285,7.51462477486329,0.766666666666667,0.374741327300456,0.631578947368421,0.841614906832298,0.857142857142857,0.739130434782609,0.142857142857143,0.260869565217391,3.28571428571429,0.19327731092437
"2248",0.5575,9.01122187056102,0.8,0.414209312937335,0.571428571428571,0.826388888888889,0.666666666666667,0.833333333333333,0.333333333333333,0.166666666666667,4,0.4
"2249",0.3155,8.51122770718602,0.833333333333333,0.40530835074139,0.782608695652174,0.837962962962963,0.75,0.888888888888889,0.25,0.111111111111111,6.75,0.28125
"2250",0.297,7.51495557869692,0.766666666666667,0.392327720557661,0.695652173913043,0.806878306878307,0.888888888888889,0.714285714285714,0.111111111111111,0.285714285714286,3.11111111111111,0.155555555555556
"2251",0.35,8.50136976147475,0.866666666666667,0.36342441118061,0.777777777777778,0.925925925925926,0.777777777777778,0.904761904761905,0.222222222222222,0.0952380952380952,8.16666666666667,0.245614035087719
"2252",0.294,7.50752496367416,0.866666666666667,0.368173029165863,0.777777777777778,0.855113636363636,0.875,0.863636363636364,0.125,0.136363636363636,6.41666666666667,0.144736842105263
"2253",0.4135,9.50457707208713,0.833333333333333,0.373753637509592,0.761904761904762,0.895,0.8,0.85,0.2,0.15,5.33333333333333,0.235294117647059
"2254",0.2695,7.11024740581111,0.833333333333333,0.377486065969024,0.761904761904762,0.877840909090909,1,0.772727272727273,0,0.227272727272727,4.4,0
"2255",0.296,7.51168691796034,0.833333333333333,0.380221750624048,0.761904761904762,0.857142857142857,0.888888888888889,0.80952380952381,0.111111111111111,0.19047619047619,4.66666666666667,0.137254901960784
"2256",0.556,9.49460531395332,0.866666666666667,0.361637392239454,0.777777777777778,0.917613636363636,0.875,0.863636363636364,0.125,0.136363636363636,6.41666666666667,0.144736842105263
"2257",0.28,7.04908202320449,0.8,0.374751919026412,0.75,0.923280423280423,1,0.714285714285714,0,0.285714285714286,3.5,0
"2258",0.3095,7.50719593168217,0.8,0.385103761595137,0.666666666666667,0.773291925465838,0.857142857142857,0.782608695652174,0.142857142857143,0.217391304347826,3.94285714285714,0.182539682539683
"2259",0.5015,9.2077802558775,0.766666666666667,0.441679106059976,0.666666666666667,0.782296650717703,0.636363636363636,0.842105263157895,0.363636363636364,0.157894736842105,4.03030303030303,0.431818181818182
"2260",0.2915,7.5088103984972,0.8,0.401010886731712,0.7,0.809523809523809,0.777777777777778,0.80952380952381,0.222222222222222,0.19047619047619,4.08333333333333,0.274509803921569
"2261",0.2525,7.51410512576761,0.833333333333333,0.426698897760882,0.736842105263158,0.7875,0.7,0.9,0.3,0.1,7,0.333333333333333
"2262",0.209,6.52991103100684,0.733333333333333,0.42340381127735,0.666666666666667,0.7825,0.8,0.7,0.2,0.3,2.66666666666667,0.285714285714286
"2263",0.2545,7.5040726770684,0.9,0.422089650422258,0.88,0.921296296296296,0.916666666666667,0.888888888888889,0.0833333333333334,0.111111111111111,8.25,0.09375
"2264",0.2815,7.53799360450799,0.733333333333333,0.446275989735523,0.666666666666667,0.7625,0.8,0.7,0.2,0.3,2.66666666666667,0.285714285714286
"2265",0.247,7.07823864265626,0.7,0.435573035697358,0.666666666666667,0.76555023923445,0.818181818181818,0.631578947368421,0.181818181818182,0.368421052631579,2.22077922077922,0.287878787878788
"2266",0.291,7.521539131039,0.833333333333333,0.3936957379617,0.761904761904762,0.835978835978836,0.888888888888889,0.80952380952381,0.111111111111111,0.19047619047619,4.66666666666667,0.137254901960784
"2267",0.2685,7.50766753005986,0.766666666666667,0.416929398647581,0.740740740740741,0.849537037037037,0.833333333333333,0.722222222222222,0.166666666666667,0.277777777777778,3,0.230769230769231
"2268",0.357,9.04123042298692,0.8,0.406461727746186,0.75,0.828703703703704,0.75,0.833333333333333,0.25,0.166666666666667,4.5,0.3
"2269",0.1825,5.51410845672442,0.7,0.421179816515538,0.709677419354839,0.813397129186603,1,0.526315789473684,0,0.473684210526316,2.11111111111111,0
"2270",0.2525,7.11086089063786,0.833333333333333,0.367459234222469,0.8,0.88755980861244,0.909090909090909,0.789473684210526,0.0909090909090909,0.210526315789474,4.31818181818182,0.115151515151515
"2271",0.293,7.51904987780333,0.833333333333333,0.398814361114429,0.8,0.8725,1,0.75,0,0.25,4,0
"2272",0.3235,7.51655017878976,0.866666666666667,0.33931621753959,0.8,0.934659090909091,1,0.818181818181818,0,0.181818181818182,5.5,0
"2273",0.5395,9.4948667701558,0.866666666666667,0.363993503088045,0.714285714285714,0.841614906832298,0.714285714285714,0.91304347826087,0.285714285714286,0.0869565217391305,8.21428571428571,0.312925170068027
"2274",0.1905,5.51714320900092,0.833333333333333,0.420736156092581,0.827586206896552,0.905092592592593,1,0.722222222222222,0,0.277777777777778,3.6,0
"2275",0.332,7.50765935883163,0.733333333333333,0.383956232112702,0.555555555555556,0.777777777777778,0.833333333333333,0.708333333333333,0.166666666666667,0.291666666666667,2.85714285714286,0.235294117647059
"2276",0.4495,10.016503191137,0.833333333333333,0.383810360670885,0.705882352941177,0.805,0.6,0.95,0.4,0.05,12,0.421052631578947
"2277",0.316,7.51473461638781,0.866666666666667,0.358487238421675,0.714285714285714,0.833333333333333,0.833333333333333,0.875,0.166666666666667,0.125,6.66666666666667,0.19047619047619
"2278",0.3085,7.52789179692453,0.766666666666667,0.412936431886418,0.666666666666667,0.798295454545455,0.875,0.727272727272727,0.125,0.272727272727273,3.20833333333333,0.171875
"2279",0.498,10.5067035484202,0.833333333333333,0.386592879862494,0.666666666666667,0.785714285714286,0.555555555555556,0.952380952380952,0.444444444444444,0.0476190476190477,11.6666666666667,0.466666666666667
"2280",0.722,10.4717043918086,0.866666666666667,0.39186490929911,0.714285714285714,0.869565217391304,0.714285714285714,0.91304347826087,0.285714285714286,0.0869565217391305,8.21428571428571,0.312925170068027
"2281",0.2825,7.5125969369144,0.8,0.406101201312597,0.7,0.822751322751323,0.777777777777778,0.80952380952381,0.222222222222222,0.19047619047619,4.08333333333333,0.274509803921569
"2282",0.25,7.52117005020851,0.866666666666667,0.436608468737894,0.833333333333333,0.891203703703704,0.833333333333333,0.888888888888889,0.166666666666667,0.111111111111111,7.5,0.1875
"2283",0.194,6.54467387624288,0.7,0.44254573546105,0.608695652173913,0.78125,0.875,0.636363636363636,0.125,0.363636363636364,2.40625,0.196428571428571
"2284",0.424,9.5045613042296,0.9,0.341180937294784,0.823529411764706,0.940340909090909,0.875,0.909090909090909,0.125,0.0909090909090909,9.625,0.1375
"2285",0.249,7.06890281590412,0.8,0.410269896268746,0.7,0.76984126984127,0.777777777777778,0.80952380952381,0.222222222222222,0.19047619047619,4.08333333333333,0.274509803921569
"2286",0.225,6.52143949159837,0.8,0.406821722359552,0.75,0.895,0.9,0.75,0.1,0.25,3.6,0.133333333333333
"2287",0.294,7.50386989565406,0.833333333333333,0.389197862312685,0.782608695652174,0.904761904761905,1,0.761904761904762,0,0.238095238095238,4.2,0
"2288",0.2615,7.07439215502286,0.8,0.389542696857358,0.7,0.759259259259259,0.777777777777778,0.80952380952381,0.222222222222222,0.19047619047619,4.08333333333333,0.274509803921569
"2289",0.2815,7.51419657358329,0.833333333333333,0.403849771929673,0.761904761904762,0.8,0.8,0.85,0.2,0.15,5.33333333333333,0.235294117647059
"2290",0.9625,12.4134799738268,0.833333333333333,0.487923983006953,0.615384615384615,0.755681818181818,0.5,0.954545454545455,0.5,0.0454545454545454,11,0.523809523809524
"2291",0.2595,7.51474615511891,0.833333333333333,0.431153794239829,0.827586206896552,0.925925925925926,1,0.722222222222222,0,0.277777777777778,3.6,0
"2292",0.417,8.50807330168575,0.833333333333333,0.381302525894932,0.705882352941177,0.880681818181818,0.75,0.863636363636364,0.25,0.136363636363636,5.5,0.289473684210526
"2293",0.2185,7.12660191285988,0.8,0.464726288355161,0.8,0.86,0.8,0.8,0.2,0.2,4,0.25
"2294",0.296,7.51144873086415,0.833333333333333,0.381127926343122,0.736842105263158,0.852272727272727,0.875,0.818181818181818,0.125,0.181818181818182,4.8125,0.152777777777778
"2295",0.2735,7.52585059091372,0.8,0.408957009208657,0.769230769230769,0.815789473684211,0.909090909090909,0.736842105263158,0.0909090909090909,0.263157894736842,3.45454545454545,0.123376623376623
"2296",0.1885,5.52094774884616,0.566666666666667,0.411562028352492,0.48,0.708074534161491,0.857142857142857,0.478260869565217,0.142857142857143,0.521739130434783,1.64285714285714,0.298701298701299
"2297",0.217,6.52289848806439,0.666666666666667,0.453579263016664,0.642857142857143,0.7025,0.9,0.55,0.1,0.45,2,0.181818181818182
"2298",0.2895,7.52966607090165,0.8,0.387745895632025,0.625,0.757763975155279,0.714285714285714,0.826086956521739,0.285714285714286,0.173913043478261,4.10714285714286,0.345864661654135
"2299",0.2805,7.52523349099692,0.866666666666667,0.388541895900422,0.818181818181818,0.875,0.9,0.85,0.1,0.15,6,0.117647058823529
"2300",0.305,7.52621121116169,0.733333333333333,0.41148706021119,0.636363636363636,0.803977272727273,0.875,0.681818181818182,0.125,0.318181818181818,2.75,0.183333333333333
"2301",0.208,6.50633738264701,0.8,0.444410518228921,0.8,0.882352941176471,0.923076923076923,0.705882352941177,0.0769230769230769,0.294117647058823,3.13846153846154,0.108974358974359
"2302",0.435,9.50508125167872,0.866666666666667,0.352757243708927,0.777777777777778,0.931818181818182,0.875,0.863636363636364,0.125,0.136363636363636,6.41666666666667,0.144736842105263
"2303",0.507,8.99638443264015,0.8,0.403663632197808,0.7,0.828042328042328,0.777777777777778,0.80952380952381,0.222222222222222,0.19047619047619,4.08333333333333,0.274509803921569
"2304",0.302,7.53417456827301,0.733333333333333,0.454701809303818,0.555555555555556,0.65527950310559,0.714285714285714,0.739130434782609,0.285714285714286,0.260869565217391,2.73809523809524,0.38655462184874
"2305",0.237,6.5086899315473,0.8,0.386568070266385,0.75,0.87,0.9,0.75,0.1,0.25,3.6,0.133333333333333
"2306",0.2865,7.50719439483152,0.866666666666667,0.377785192070994,0.75,0.872159090909091,0.75,0.909090909090909,0.25,0.0909090909090909,8.25,0.275
"2307",0.278,7.51717889121203,0.766666666666667,0.398357780737984,0.631578947368421,0.740740740740741,0.666666666666667,0.80952380952381,0.333333333333333,0.19047619047619,3.5,0.411764705882353
"2308",0.2255,7.10891117943887,0.733333333333333,0.47325281727537,0.6,0.642857142857143,0.666666666666667,0.761904761904762,0.333333333333333,0.238095238095238,2.8,0.4375
"2309",0.465,9.5007188954245,0.9,0.332037308409491,0.727272727272727,0.804,0.8,0.92,0.2,0.08,10,0.217391304347826
"2310",0.2615,7.05625872562485,0.8,0.395229945157639,0.769230769230769,0.873205741626794,0.909090909090909,0.736842105263158,0.0909090909090909,0.263157894736842,3.45454545454545,0.123376623376623
"2311",0.308,7.51047217935913,0.766666666666667,0.397752743684361,0.695652173913043,0.804232804232804,0.888888888888889,0.714285714285714,0.111111111111111,0.285714285714286,3.11111111111111,0.155555555555556
"2312",0.4425,9.504120302244,0.9,0.363835143247267,0.727272727272727,0.863354037267081,0.571428571428571,1,0.428571428571429,0,Inf,0.428571428571429
"2313",0.3415,7.51876449169665,0.8,0.373946028666114,0.625,0.864,1,0.76,0,0.24,4.16666666666667,0
"2314",0.3575,8.50085400551179,0.9,0.357265296968494,0.857142857142857,0.939153439153439,1,0.857142857142857,0,0.142857142857143,7,0
"2315",0.3115,7.527254947595,0.8,0.386109177530104,0.7,0.826704545454545,0.875,0.772727272727273,0.125,0.227272727272727,3.85,0.161764705882353
"2316",0.274,7.51117759390627,0.9,0.406573695176438,0.88,0.913875598086124,1,0.842105263157895,0,0.157894736842105,6.33333333333333,0
"2317",0.2745,7.51661972496024,0.833333333333333,0.390176371502181,0.736842105263158,0.7975,0.7,0.9,0.3,0.1,7,0.333333333333333
"2318",0.292,7.50865134438063,0.866666666666667,0.366849551362142,0.818181818181818,0.941798941798942,1,0.80952380952381,0,0.19047619047619,5.25,0
"2319",0.111,5.55185773302141,0.7,0.441608592230184,0.689655172413793,0.763157894736842,0.909090909090909,0.578947368421053,0.0909090909090909,0.421052631578947,2.15909090909091,0.15702479338843
"2320",0.193,5.52080253236627,0.666666666666667,0.403281138437971,0.642857142857143,0.812169312169312,1,0.523809523809524,0,0.476190476190476,2.1,0
"2321",0.2895,7.51847362218081,0.866666666666667,0.372831745147664,0.75,0.815340909090909,0.75,0.909090909090909,0.25,0.0909090909090909,8.25,0.275
"2322",0.339,7.51456787010693,0.7,0.425908875539067,0.526315789473684,0.670807453416149,0.714285714285714,0.695652173913043,0.285714285714286,0.304347826086957,2.3469387755102,0.410714285714286
"2323",0.345,9.07718571450874,0.866666666666667,0.401588664313818,0.8,0.894736842105263,0.727272727272727,0.947368421052632,0.272727272727273,0.0526315789473685,13.8181818181818,0.287878787878788
"2324",0.183,6.51933008441845,0.833333333333333,0.462742179930371,0.782608695652174,0.877314814814815,0.75,0.888888888888889,0.25,0.111111111111111,6.75,0.28125
"2325",0.299,7.51180525645919,0.8,0.389728334935768,0.7,0.792613636363636,0.875,0.772727272727273,0.125,0.227272727272727,3.85,0.161764705882353
"2326",0.418,8.15594782293026,0.766666666666667,0.426881922568623,0.666666666666667,0.817460317460317,0.777777777777778,0.761904761904762,0.222222222222222,0.238095238095238,3.26666666666667,0.291666666666667
"2327",0.1825,6.51584603958552,0.833333333333333,0.477324333857641,0.827586206896552,0.859375,0.857142857142857,0.8125,0.142857142857143,0.1875,4.57142857142857,0.175824175824176
"2328",0.627,9.48176971338519,0.833333333333333,0.415583397872942,0.615384615384615,0.760416666666667,0.666666666666667,0.875,0.333333333333333,0.125,5.33333333333333,0.380952380952381
"2329",0.324,7.50901818281142,0.8,0.341030454857949,0.571428571428571,0.864583333333333,0.666666666666667,0.833333333333333,0.333333333333333,0.166666666666667,4,0.4
"2330",0.394,9.02795676129344,0.933333333333333,0.338902980635775,0.833333333333333,0.956521739130435,0.714285714285714,1,0.285714285714286,0,Inf,0.285714285714286
"2331",0.2315,7.07314153364621,0.766666666666667,0.430325503195174,0.740740740740741,0.782407407407407,0.833333333333333,0.722222222222222,0.166666666666667,0.277777777777778,3,0.230769230769231
"2332",0.227,6.51863735297015,0.833333333333333,0.40777322706012,0.8,0.930622009569378,0.909090909090909,0.789473684210526,0.0909090909090909,0.210526315789474,4.31818181818182,0.115151515151515
"2333",0.296,7.51062528419644,0.833333333333333,0.381077590253606,0.761904761904762,0.849206349206349,0.888888888888889,0.80952380952381,0.111111111111111,0.19047619047619,4.66666666666667,0.137254901960784
"2334",0.4825,9.50127093535563,0.766666666666667,0.397715694220319,0.588235294117647,0.724431818181818,0.625,0.818181818181818,0.375,0.181818181818182,3.4375,0.458333333333333
"2335",0.292,7.51325831211775,0.8,0.395063867790643,0.666666666666667,0.784090909090909,0.75,0.818181818181818,0.25,0.181818181818182,4.125,0.305555555555556
"2336",0.2695,7.5170965551508,0.833333333333333,0.404735819046767,0.8,0.885167464114832,0.909090909090909,0.789473684210526,0.0909090909090909,0.210526315789474,4.31818181818182,0.115151515151515
"2337",0.2945,7.51027050795407,0.766666666666667,0.397040418395002,0.695652173913043,0.82010582010582,0.888888888888889,0.714285714285714,0.111111111111111,0.285714285714286,3.11111111111111,0.155555555555556
"2338",0.253,7.51233106890995,0.8,0.447565597577186,0.769230769230769,0.803240740740741,0.833333333333333,0.777777777777778,0.166666666666667,0.222222222222222,3.75,0.214285714285714
"2339",0.2395,6.53136625371738,0.733333333333333,0.368914843658232,0.555555555555556,0.852,1,0.68,0,0.32,3.125,0
"2340",0.297,7.50926957835917,0.866666666666667,0.362305493408851,0.8,0.928571428571428,0.888888888888889,0.857142857142857,0.111111111111111,0.142857142857143,6.22222222222222,0.12962962962963
"2341",0.2525,7.51979574974612,0.766666666666667,0.449262279399886,0.758620689655172,0.766968325791855,0.846153846153846,0.705882352941177,0.153846153846154,0.294117647058823,2.87692307692308,0.217948717948718
"2342",0.2975,7.5138480325806,0.866666666666667,0.369838482053506,0.777777777777778,0.886363636363636,0.875,0.863636363636364,0.125,0.136363636363636,6.41666666666667,0.144736842105263
"2343",0.2745,7.50790778044467,0.733333333333333,0.416789075736598,0.692307692307692,0.8175,0.9,0.65,0.1,0.35,2.57142857142857,0.153846153846154
"2344",0.4385,8.50735666970583,0.866666666666667,0.348309828199288,0.714285714285714,0.916666666666667,0.833333333333333,0.875,0.166666666666667,0.125,6.66666666666667,0.19047619047619
"2345",0.2725,7.06647281748295,0.7,0.397295038254661,0.666666666666667,0.8,0.9,0.6,0.1,0.4,2.25,0.166666666666667
"2346",0.413,9.51062677778768,0.9,0.347099513896229,0.842105263157895,0.933862433862434,0.888888888888889,0.904761904761905,0.111111111111111,0.0952380952380952,9.33333333333333,0.12280701754386
"2347",0.298,8.04572784241446,0.866666666666667,0.397939460253466,0.818181818181818,0.858851674641148,0.818181818181818,0.894736842105263,0.181818181818182,0.105263157894737,7.77272727272727,0.203208556149733
"2348",0.3375,8.51243862336413,0.8,0.401592187652091,0.7,0.8375,0.7,0.85,0.3,0.15,4.66666666666667,0.352941176470588
"2349",0.4635,8.50704277273347,0.8,0.363864571009808,0.625,0.892361111111111,0.833333333333333,0.791666666666667,0.166666666666667,0.208333333333333,4,0.210526315789474
"2350",0.433,9.50385542927853,0.933333333333333,0.345784210033975,0.857142857142857,0.872670807453416,0.857142857142857,0.956521739130435,0.142857142857143,0.0434782608695652,19.7142857142857,0.149350649350649
"2351",0.286,7.52306423546673,0.666666666666667,0.44971620538996,0.615384615384615,0.695,0.8,0.6,0.2,0.4,2,0.333333333333333
"2352",0.278,7.51469119365095,0.866666666666667,0.388377726737313,0.8,0.8475,0.8,0.9,0.2,0.1,8,0.222222222222222
"2353",0.326,7.52167867386006,0.8,0.379438079444248,0.727272727272727,0.875,1,0.727272727272727,0,0.272727272727273,3.66666666666667,0
"2354",0.248,7.51577898546634,0.766666666666667,0.443286264307622,0.740740740740741,0.80316742081448,0.769230769230769,0.764705882352941,0.230769230769231,0.235294117647059,3.26923076923077,0.301775147928994
"2355",0.189,6.51936711894815,0.733333333333333,0.490441052902968,0.777777777777778,0.837777777777778,0.933333333333333,0.533333333333333,0.0666666666666667,0.466666666666667,2,0.125
"2356",0.302,7.50968915231518,0.933333333333333,0.372391806448419,0.888888888888889,0.920454545454545,1,0.909090909090909,0,0.0909090909090909,11,0
"2357",0.2935,7.51466474589615,0.833333333333333,0.401793752540587,0.761904761904762,0.825396825396825,0.888888888888889,0.80952380952381,0.111111111111111,0.19047619047619,4.66666666666667,0.137254901960784
"2358",0.21,6.5234625549541,0.833333333333333,0.436239594600875,0.827586206896552,0.839366515837104,0.923076923076923,0.764705882352941,0.0769230769230769,0.235294117647059,3.92307692307692,0.100591715976331
"2359",0.3505,7.50998270716401,0.766666666666667,0.36884866996543,0.631578947368421,0.864583333333333,1,0.708333333333333,0,0.291666666666667,3.42857142857143,0
"2360",0.2725,7.52208025055129,0.833333333333333,0.39438498480694,0.814814814814815,0.885167464114832,1,0.736842105263158,0,0.263157894736842,3.8,0
"2361",0.364,8.50996234628431,0.833333333333333,0.388795374148005,0.666666666666667,0.767045454545455,0.625,0.909090909090909,0.375,0.0909090909090909,6.875,0.4125
"2362",0.4795,9.01358180630978,0.866666666666667,0.375859876439841,0.777777777777778,0.838624338624339,0.777777777777778,0.904761904761905,0.222222222222222,0.0952380952380952,8.16666666666667,0.245614035087719
"2363",0.5965,10.4919089662247,0.833333333333333,0.38120223560549,0.444444444444444,0.754807692307692,0.5,0.884615384615385,0.5,0.115384615384615,4.33333333333333,0.565217391304348
"2364",0.3065,7.51964390693884,0.8,0.364704253716894,0.75,0.902116402116402,1,0.714285714285714,0,0.285714285714286,3.5,0
"2365",0.3915,9.50403617361046,0.866666666666667,0.390163660573922,0.818181818181818,0.820574162679426,0.818181818181818,0.894736842105263,0.181818181818182,0.105263157894737,7.77272727272727,0.203208556149733
"2366",0.2505,7.51265252121829,0.9,0.424379800844648,0.857142857142857,0.904306220095694,0.818181818181818,0.947368421052632,0.181818181818182,0.0526315789473685,15.5454545454545,0.191919191919192
"2367",0.2375,7.52477411252312,0.733333333333333,0.457539406309048,0.692307692307692,0.766968325791855,0.692307692307692,0.764705882352941,0.307692307692308,0.235294117647059,2.94230769230769,0.402366863905326
"2368",0.323,7.50819750617051,0.9,0.349678423365213,0.769230769230769,0.923611111111111,0.833333333333333,0.916666666666667,0.166666666666667,0.0833333333333334,10,0.181818181818182
"2369",0.3155,7.51538345305964,0.966666666666667,0.332210730979784,0.941176470588235,0.994318181818182,1,0.954545454545455,0,0.0454545454545454,22,0
"2370",0.2835,7.5076455562306,0.9,0.384976186938796,0.857142857142857,0.8975,0.9,0.9,0.1,0.1,9,0.111111111111111
"2371",0.269,7.51268233630005,0.833333333333333,0.410337802980903,0.8,0.87799043062201,0.909090909090909,0.789473684210526,0.0909090909090909,0.210526315789474,4.31818181818182,0.115151515151515
"2372",0.3375,7.50968072877682,0.8,0.354319579959732,0.625,0.868,1,0.76,0,0.24,4.16666666666667,0
"2373",0.507,10.4992494720666,0.933333333333333,0.323866922347086,0.833333333333333,0.961805555555556,0.833333333333333,0.958333333333333,0.166666666666667,0.0416666666666666,20,0.173913043478261
"2374",0.567,9.96630590321661,0.866666666666667,0.369236925619905,0.75,0.796296296296296,0.666666666666667,0.952380952380952,0.333333333333333,0.0476190476190477,14,0.35
"2375",0.306,7.51493280046499,0.9,0.324039994335504,0.842105263157895,0.943181818181818,1,0.863636363636364,0,0.136363636363636,7.33333333333333,0
"2376",0.38,8.50762477244055,0.866666666666667,0.366574102803507,0.818181818181818,0.920634920634921,1,0.80952380952381,0,0.19047619047619,5.25,0
"2377",0.3985,9.06301960520252,0.866666666666667,0.357557174959221,0.666666666666667,0.838509316770186,0.571428571428571,0.956521739130435,0.428571428571429,0.0434782608695652,13.1428571428572,0.448051948051948
"2378",0.3245,7.52093183557353,0.8,0.374641285798802,0.666666666666667,0.861111111111111,1,0.75,0,0.25,4,0
"2379",0.295,7.51549430283334,0.7,0.415066538145663,0.608695652173913,0.743386243386243,0.777777777777778,0.666666666666667,0.222222222222222,0.333333333333333,2.33333333333333,0.333333333333333
"2380",0.27,7.51406085288577,0.8,0.407855855899283,0.75,0.851674641148325,0.818181818181818,0.789473684210526,0.181818181818182,0.210526315789474,3.88636363636364,0.23030303030303
"2381",0.3285,8.51309334880463,0.9,0.379916219883418,0.857142857142857,0.909090909090909,0.818181818181818,0.947368421052632,0.181818181818182,0.0526315789473685,15.5454545454545,0.191919191919192
"2382",0.2505,7.51036185501934,0.766666666666667,0.445266736010779,0.72,0.842105263157895,0.818181818181818,0.736842105263158,0.181818181818182,0.263157894736842,3.10909090909091,0.246753246753247
"2383",0.2875,8.51336073370247,0.8,0.448597791774215,0.769230769230769,0.850446428571429,0.714285714285714,0.875,0.285714285714286,0.125,5.71428571428571,0.326530612244898
"2384",0.247,7.51233588450444,0.833333333333333,0.440576830962061,0.814814814814815,0.82579185520362,0.846153846153846,0.823529411764706,0.153846153846154,0.176470588235294,4.79487179487179,0.186813186813187
"2385",0.28,7.5208324592177,0.7,0.422751099797625,0.571428571428571,0.687830687830688,0.666666666666667,0.714285714285714,0.333333333333333,0.285714285714286,2.33333333333333,0.466666666666667
"2386",0.2205,6.52206583530368,0.7,0.41781806831163,0.571428571428571,0.727513227513227,0.666666666666667,0.714285714285714,0.333333333333333,0.285714285714286,2.33333333333333,0.466666666666667
"2387",0.5275,9.49988384922068,0.833333333333333,0.391145455016156,0.736842105263158,0.83,0.7,0.9,0.3,0.1,7,0.333333333333333
"2388",0.2795,7.52545638375245,0.833333333333333,0.402968854300427,0.782608695652174,0.883597883597884,1,0.761904761904762,0,0.238095238095238,4.2,0
"2389",0.371,9.50767583422648,0.9,0.376741563718935,0.823529411764706,0.9425,0.7,1,0.3,0,Inf,0.3
"2390",0.249,6.51856836125433,0.7,0.387661221244783,0.64,0.828042328042328,0.888888888888889,0.619047619047619,0.111111111111111,0.380952380952381,2.33333333333333,0.17948717948718
"2391",0.309,7.51634407379715,0.766666666666667,0.36806419299394,0.588235294117647,0.813664596273292,0.714285714285714,0.782608695652174,0.285714285714286,0.217391304347826,3.28571428571429,0.365079365079365
"2392",0.309,7.52851545088917,0.733333333333333,0.442121469878852,0.636363636363636,0.735795454545455,0.875,0.681818181818182,0.125,0.318181818181818,2.75,0.183333333333333
"2393",0.209,6.52626614674983,0.833333333333333,0.453564297879337,0.827586206896552,0.916289592760181,0.923076923076923,0.764705882352941,0.0769230769230769,0.235294117647059,3.92307692307692,0.100591715976331
"2394",0.282,7.51437613136856,0.833333333333333,0.402321631675631,0.827586206896552,0.87962962962963,1,0.722222222222222,0,0.277777777777778,3.6,0
"2395",0.373,8.58147384215908,0.8,0.368464907324693,0.666666666666667,0.857954545454545,0.75,0.818181818181818,0.25,0.181818181818182,4.125,0.305555555555556
"2396",0.241,7.52135966455831,0.833333333333333,0.450238505024758,0.782608695652174,0.849282296650718,0.818181818181818,0.842105263157895,0.181818181818182,0.157894736842105,5.18181818181818,0.215909090909091
"2397",0.466,10.5067111345155,0.833333333333333,0.392859559338976,0.761904761904762,0.885167464114833,0.727272727272727,0.894736842105263,0.272727272727273,0.105263157894737,6.90909090909091,0.304812834224599
"2398",0.4635,9.49848757178265,0.866666666666667,0.360496542320557,0.666666666666667,0.826388888888889,0.666666666666667,0.916666666666667,0.333333333333333,0.0833333333333334,8,0.363636363636364
"2399",0.2515,7.51370265253669,0.733333333333333,0.462365993504105,0.692307692307692,0.763888888888889,0.75,0.722222222222222,0.25,0.277777777777778,2.7,0.346153846153846
"2400",0.3115,7.51700875838898,0.8,0.362833532316106,0.666666666666667,0.847826086956522,0.857142857142857,0.782608695652174,0.142857142857143,0.217391304347826,3.94285714285714,0.182539682539683
"2401",0.479,9.5005602611669,0.833333333333333,0.376236187815239,0.615384615384615,0.798611111111111,0.666666666666667,0.875,0.333333333333333,0.125,5.33333333333333,0.380952380952381
"2402",0.2755,7.53655908677172,0.7,0.474572799095787,0.608695652173913,0.711640211640212,0.777777777777778,0.666666666666667,0.222222222222222,0.333333333333333,2.33333333333333,0.333333333333333
"2403",0.4255,8.50959218124311,0.8,0.410118872802614,0.7,0.825396825396825,0.777777777777778,0.80952380952381,0.222222222222222,0.19047619047619,4.08333333333333,0.274509803921569
"2404",0.317,7.53198644238207,0.733333333333333,0.455251713111555,0.666666666666667,0.767195767195767,0.888888888888889,0.666666666666667,0.111111111111111,0.333333333333333,2.66666666666667,0.166666666666667
"2405",0.276,7.52005582996744,0.733333333333333,0.423327751837105,0.692307692307692,0.760765550239234,0.818181818181818,0.684210526315789,0.181818181818182,0.315789473684211,2.59090909090909,0.265734265734266
"2406",0.253,7.51899234488358,0.8,0.452107267043088,0.727272727272727,0.7625,0.8,0.8,0.2,0.2,4,0.25
"2407",0.267,7.50948799353944,0.866666666666667,0.422345594812006,0.857142857142857,0.902777777777778,1,0.777777777777778,0,0.222222222222222,4.5,0
"2408",0.246,7.52708303836576,0.766666666666667,0.453294073563022,0.695652173913043,0.756944444444444,0.666666666666667,0.833333333333333,0.333333333333333,0.166666666666667,4,0.4
"2409",0.338,8.50498308224167,0.933333333333333,0.368539218939998,0.888888888888889,0.957671957671958,0.888888888888889,0.952380952380952,0.111111111111111,0.0476190476190477,18.6666666666666,0.116666666666667
"2410",0.604,9.48442165401678,0.833333333333333,0.394979072117081,0.615384615384615,0.833333333333333,0.666666666666667,0.875,0.333333333333333,0.125,5.33333333333333,0.380952380952381
"2411",0.237,6.51833016235827,0.766666666666667,0.398365777747998,0.72,0.85978835978836,1,0.666666666666667,0,0.333333333333333,3,0
"2412",0.278,7.5345362633742,0.733333333333333,0.466602497061884,0.692307692307692,0.751196172248804,0.818181818181818,0.684210526315789,0.181818181818182,0.315789473684211,2.59090909090909,0.265734265734266
"2413",0.308,7.51449862322893,0.766666666666667,0.398065449561475,0.666666666666667,0.764204545454546,0.875,0.727272727272727,0.125,0.272727272727273,3.20833333333333,0.171875
"2414",0.4135,9.02488408570092,0.933333333333333,0.329044384087834,0.857142857142857,0.891304347826087,0.857142857142857,0.956521739130435,0.142857142857143,0.0434782608695652,19.7142857142857,0.149350649350649
"2415",0.354,7.52537915980767,0.7,0.454650494932071,0.571428571428571,0.791925465838509,0.857142857142857,0.652173913043478,0.142857142857143,0.347826086956522,2.46428571428571,0.219047619047619
"2416",0.2865,7.5129603157556,0.866666666666667,0.379252152274452,0.818181818181818,0.9025,0.9,0.85,0.1,0.15,6,0.117647058823529
"2417",0.254,7.5162792185143,0.8,0.442516110837977,0.785714285714286,0.821266968325792,0.846153846153846,0.764705882352941,0.153846153846154,0.235294117647059,3.59615384615385,0.201183431952663
"2418",0.211,7.54050726599044,0.766666666666667,0.481754682721468,0.740740740740741,0.807692307692308,0.769230769230769,0.764705882352941,0.230769230769231,0.235294117647059,3.26923076923077,0.301775147928994
"2419",0.496,8.50148869229256,0.766666666666667,0.421068579846296,0.588235294117647,0.798611111111111,0.833333333333333,0.75,0.166666666666667,0.25,3.33333333333333,0.222222222222222
"2420",0.27,7.53497197834606,0.766666666666667,0.415859029378214,0.72,0.799043062200957,0.818181818181818,0.736842105263158,0.181818181818182,0.263157894736842,3.10909090909091,0.246753246753247
"2421",0.294,7.52110434047972,0.8,0.380479274638552,0.666666666666667,0.806818181818182,0.75,0.818181818181818,0.25,0.181818181818182,4.125,0.305555555555556
"2422",0.3305,8.50748132607315,0.8,0.397884592365595,0.7,0.851674641148325,0.636363636363636,0.894736842105263,0.363636363636364,0.105263157894737,6.04545454545455,0.406417112299465
"2423",0.3535,7.52260136850749,0.7,0.45253638089919,0.470588235294118,0.696,0.8,0.68,0.2,0.32,2.5,0.294117647058823
"2424",0.299,7.51103783095361,0.833333333333333,0.358596756310346,0.705882352941177,0.886363636363636,0.75,0.863636363636364,0.25,0.136363636363636,5.5,0.289473684210526
"2425",0.2665,7.51967932277221,0.8,0.435523608033984,0.769230769230769,0.789473684210526,0.909090909090909,0.736842105263158,0.0909090909090909,0.263157894736842,3.45454545454545,0.123376623376623
"2426",0.216,6.51472242974365,0.766666666666667,0.430092049562278,0.758620689655172,0.821759259259259,0.916666666666667,0.666666666666667,0.0833333333333334,0.333333333333333,2.75,0.125
"2427",0.267,7.5278227085238,0.833333333333333,0.406086817163817,0.736842105263158,0.843915343915344,0.777777777777778,0.857142857142857,0.222222222222222,0.142857142857143,5.44444444444444,0.259259259259259
"2428",0.225,6.51740046277304,0.766666666666667,0.405709516660857,0.72,0.875,0.9,0.7,0.1,0.3,3,0.142857142857143
"2429",0.2885,7.50927454743191,0.833333333333333,0.388458858412401,0.8,0.905,1,0.75,0,0.25,4,0
"2430",0.3305,7.51652601226362,0.766666666666667,0.375720338345143,0.588235294117647,0.838509316770186,0.714285714285714,0.782608695652174,0.285714285714286,0.217391304347826,3.28571428571429,0.365079365079365
"2431",0.162,6.17416003432797,0.766666666666667,0.423488768513518,0.666666666666667,0.815340909090909,0.875,0.727272727272727,0.125,0.272727272727273,3.20833333333333,0.171875
"2432",0.2925,7.52593434708349,0.833333333333333,0.381187001855873,0.736842105263158,0.84375,0.875,0.818181818181818,0.125,0.181818181818182,4.8125,0.152777777777778
"2433",0.404,8.51276873987076,0.8,0.414031070406498,0.727272727272727,0.795,0.8,0.8,0.2,0.2,4,0.25
"2434",0.454,9.50635754102791,0.9,0.356540783016266,0.769230769230769,0.807453416149068,0.714285714285714,0.956521739130435,0.285714285714286,0.0434782608695652,16.4285714285714,0.298701298701299
"2435",0.2685,7.06085899680476,0.8,0.389005090466978,0.727272727272727,0.814814814814815,0.888888888888889,0.761904761904762,0.111111111111111,0.238095238095238,3.73333333333333,0.145833333333333
"2436",0.27,7.50645196474017,0.766666666666667,0.420327858344357,0.72,0.837320574162679,0.818181818181818,0.736842105263158,0.181818181818182,0.263157894736842,3.10909090909091,0.246753246753247
"2437",0.2655,7.50785091408871,0.866666666666667,0.423579047746859,0.833333333333333,0.873205741626794,0.909090909090909,0.842105263157895,0.0909090909090909,0.157894736842105,5.75757575757576,0.107954545454545
"2438",0.299,7.51175322003906,0.866666666666667,0.367876126521062,0.8,0.880952380952381,0.888888888888889,0.857142857142857,0.111111111111111,0.142857142857143,6.22222222222222,0.12962962962963
"2439",0.2735,7.05515825761375,0.833333333333333,0.383190465440601,0.782608695652174,0.883597883597883,1,0.761904761904762,0,0.238095238095238,4.2,0
"2440",0.297,7.51274740726637,0.8,0.378878465616757,0.727272727272727,0.878306878306878,0.888888888888889,0.761904761904762,0.111111111111111,0.238095238095238,3.73333333333333,0.145833333333333
"2441",0.3015,7.5249453994468,0.8,0.414788395423707,0.769230769230769,0.825,1,0.7,0,0.3,3.33333333333333,0
"2442",0.227,6.52004310006617,0.666666666666667,0.409474810898842,0.583333333333333,0.740740740740741,0.777777777777778,0.619047619047619,0.222222222222222,0.380952380952381,2.04166666666667,0.358974358974359
"2443",0.4315,9.50212222590634,0.9,0.357858997528652,0.769230769230769,0.872670807453416,0.714285714285714,0.956521739130435,0.285714285714286,0.0434782608695652,16.4285714285714,0.298701298701299
"2444",0.41,9.02488586117735,0.866666666666667,0.351013496725105,0.75,0.846590909090909,0.75,0.909090909090909,0.25,0.0909090909090909,8.25,0.275
"2445",0.3065,7.50855421022934,0.866666666666667,0.346272827613613,0.777777777777778,0.909090909090909,0.875,0.863636363636364,0.125,0.136363636363636,6.41666666666667,0.144736842105263
"2446",0.26,7.51388758042033,0.966666666666667,0.412577237595959,0.947368421052632,0.9125,0.9,1,0.1,0,Inf,0.1
"2447",0.419,9.50186744686883,0.966666666666667,0.337227458619169,0.923076923076923,0.993788819875776,0.857142857142857,1,0.142857142857143,0,Inf,0.142857142857143
"2448",0.159,5.53183672637072,0.666666666666667,0.446884260254469,0.615384615384615,0.735,0.8,0.6,0.2,0.4,2,0.333333333333333
"2449",0.2515,7.13266511750094,0.8,0.405014655696872,0.7,0.849431818181818,0.875,0.772727272727273,0.125,0.227272727272727,3.85,0.161764705882353
"2450",0.2145,6.51564954432655,0.8,0.429835362969455,0.785714285714286,0.907407407407407,0.916666666666667,0.722222222222222,0.0833333333333334,0.277777777777778,3.3,0.115384615384615
"2451",0.2735,7.067076587293,0.733333333333333,0.387129896253781,0.6,0.75,0.75,0.727272727272727,0.25,0.272727272727273,2.75,0.34375
"2452",0.2775,7.52624907584458,0.833333333333333,0.391132440057164,0.736842105263158,0.849206349206349,0.777777777777778,0.857142857142857,0.222222222222222,0.142857142857143,5.44444444444444,0.259259259259259
"2453",0.2805,7.52022223076278,0.833333333333333,0.395636054758379,0.761904761904762,0.83,0.8,0.85,0.2,0.15,5.33333333333333,0.235294117647059
"2454",0.216,6.51822362988017,0.7,0.429430808213684,0.689655172413793,0.784688995215311,0.909090909090909,0.578947368421053,0.0909090909090909,0.421052631578947,2.15909090909091,0.15702479338843
"2455",0.469,10.4978465504371,0.9,0.355894710541433,0.8,0.875661375661376,0.666666666666667,1,0.333333333333333,0,Inf,0.333333333333333
"2456",0.2505,7.5279245235153,0.833333333333333,0.427923214509124,0.814814814814815,0.837962962962963,0.916666666666667,0.777777777777778,0.0833333333333334,0.222222222222222,4.125,0.107142857142857
"2457",0.2855,7.51210926166633,0.866666666666667,0.386054908271094,0.833333333333333,0.93,1,0.8,0,0.2,5,0
"2458",0.657,12.4938137877293,0.833333333333333,0.39556663246822,0.666666666666667,0.8025,0.5,1,0.5,0,Inf,0.5
"2459",0.228,7.05246315518797,0.866666666666667,0.447483927035691,0.866666666666667,0.897321428571429,0.928571428571429,0.8125,0.0714285714285714,0.1875,4.95238095238095,0.0879120879120879
"2460",0.3025,7.50648709017136,0.9,0.356295158929568,0.823529411764706,0.90625,0.875,0.909090909090909,0.125,0.0909090909090909,9.625,0.1375
"2461",0.2875,7.50313737390689,0.9,0.379313544104869,0.857142857142857,0.94973544973545,1,0.857142857142857,0,0.142857142857143,7,0
"2462",0.2765,7.51499292732909,0.8,0.396610625496318,0.75,0.88,0.9,0.75,0.1,0.25,3.6,0.133333333333333
"2463",0.2705,7.51481739033106,0.866666666666667,0.418210593020261,0.818181818181818,0.84,0.9,0.85,0.1,0.15,6,0.117647058823529
"2464",0.293,7.51590204897456,0.866666666666667,0.370393002362252,0.8,0.896825396825397,0.888888888888889,0.857142857142857,0.111111111111111,0.142857142857143,6.22222222222222,0.12962962962963
"2465",0.324,7.51420786529486,0.833333333333333,0.37024506553287,0.666666666666667,0.802083333333333,0.833333333333333,0.833333333333333,0.166666666666667,0.166666666666667,5,0.2
"2466",0.1595,6.54899230598483,0.833333333333333,0.444438632723185,0.8,0.799043062200957,0.909090909090909,0.789473684210526,0.0909090909090909,0.210526315789474,4.31818181818182,0.115151515151515
"2467",0.2965,7.50628810769383,0.833333333333333,0.374198741907548,0.736842105263158,0.903409090909091,0.875,0.818181818181818,0.125,0.181818181818182,4.8125,0.152777777777778
"2468",0.2785,7.51347409811314,0.733333333333333,0.414867060094543,0.692307692307692,0.822966507177033,0.818181818181818,0.684210526315789,0.181818181818182,0.315789473684211,2.59090909090909,0.265734265734266
"2469",0.285,7.51505607208501,0.8,0.393871977367029,0.75,0.8575,0.9,0.75,0.1,0.25,3.6,0.133333333333333
"2470",0.3005,7.51077605173167,0.9,0.359217101302793,0.857142857142857,0.941798941798942,1,0.857142857142857,0,0.142857142857143,7,0
"2471",0.343,8.6070255326721,0.8,0.403758475528305,0.666666666666667,0.7675,0.6,0.9,0.4,0.1,6,0.444444444444444
"2472",0.2215,6.51674568455831,0.8,0.403397307681307,0.75,0.866028708133971,0.818181818181818,0.789473684210526,0.181818181818182,0.210526315789474,3.88636363636364,0.23030303030303
"2473",0.082,5.57187822864805,0.566666666666667,0.488485749739358,0.48,0.642045454545455,0.75,0.5,0.25,0.5,1.5,0.5
"2474",0.2995,7.5141205347567,0.766666666666667,0.403034142226135,0.631578947368421,0.752840909090909,0.75,0.772727272727273,0.25,0.227272727272727,3.3,0.323529411764706
"2475",0.3335,7.51415119079703,0.733333333333333,0.381464491960752,0.5,0.701388888888889,0.666666666666667,0.75,0.333333333333333,0.25,2.66666666666667,0.444444444444444
"2476",0.263,7.52604076540485,0.8,0.431769571679684,0.785714285714286,0.81712962962963,0.916666666666667,0.722222222222222,0.0833333333333334,0.277777777777778,3.3,0.115384615384615
"2477",0.225,7.52543586684252,0.866666666666667,0.476198979441763,0.846153846153846,0.84841628959276,0.846153846153846,0.882352941176471,0.153846153846154,0.117647058823529,7.19230769230769,0.174358974358974
"2478",0.253,7.51028005732982,0.866666666666667,0.440096424450488,0.857142857142857,0.880090497737557,0.923076923076923,0.823529411764706,0.0769230769230769,0.176470588235294,5.23076923076923,0.0934065934065934
"2479",0.235,6.66949194754876,0.666666666666667,0.427118423317251,0.666666666666667,0.794258373205742,0.909090909090909,0.526315789473684,0.0909090909090909,0.473684210526316,1.91919191919192,0.172727272727273
"2480",0.2455,7.14748863549692,0.766666666666667,0.406230391232935,0.588235294117647,0.704968944099379,0.714285714285714,0.782608695652174,0.285714285714286,0.217391304347826,3.28571428571429,0.365079365079365
"2481",0.4185,9.50843205127739,0.833333333333333,0.389642136253586,0.736842105263158,0.8375,0.7,0.9,0.3,0.1,7,0.333333333333333
"2482",0.1825,6.54124986389698,0.733333333333333,0.44942941256681,0.666666666666667,0.751322751322751,0.888888888888889,0.666666666666667,0.111111111111111,0.333333333333333,2.66666666666667,0.166666666666667
"2483",0.2655,7.06329050070062,0.766666666666667,0.40720849061221,0.72,0.835,0.9,0.7,0.1,0.3,3,0.142857142857143
"2484",0.2985,7.50966906254042,0.866666666666667,0.377113767935576,0.818181818181818,0.944444444444444,1,0.80952380952381,0,0.19047619047619,5.25,0
"2485",0.2585,7.51351928389218,0.833333333333333,0.421616099008459,0.8,0.828703703703704,0.833333333333333,0.833333333333333,0.166666666666667,0.166666666666667,5,0.2
"2486",0.29,7.5152293872141,0.866666666666667,0.385162724764943,0.833333333333333,0.905,1,0.8,0,0.2,5,0
"2487",0.2565,7.53807910086206,0.8,0.441643766896066,0.7,0.793650793650794,0.777777777777778,0.80952380952381,0.222222222222222,0.19047619047619,4.08333333333333,0.274509803921569
"2488",0.2315,6.51318858981733,0.8,0.399926207029809,0.75,0.8625,0.9,0.75,0.1,0.25,3.6,0.133333333333333
"2489",0.209,7.5205358614953,0.866666666666667,0.496663912955862,0.857142857142857,0.875555555555556,0.8,0.933333333333333,0.2,0.0666666666666667,12,0.214285714285714
"2490",0.1755,5.52676453258942,0.733333333333333,0.422738306971605,0.733333333333333,0.847222222222222,0.916666666666667,0.611111111111111,0.0833333333333334,0.388888888888889,2.35714285714286,0.136363636363636
"2491",0.5795,9.9529101510392,0.8,0.425036641823009,0.571428571428571,0.735449735449735,0.444444444444444,0.952380952380952,0.555555555555556,0.0476190476190477,9.33333333333332,0.583333333333333
"2492",0.1975,6.52806644393856,0.833333333333333,0.455648396236654,0.827586206896552,0.8710407239819,0.923076923076923,0.764705882352941,0.0769230769230769,0.235294117647059,3.92307692307692,0.100591715976331
"2493",0.287,7.51875742948805,0.733333333333333,0.420134414560525,0.636363636363636,0.751322751322751,0.777777777777778,0.714285714285714,0.222222222222222,0.285714285714286,2.72222222222222,0.311111111111111
"2494",0.287,7.51548668353381,0.8,0.399725621795804,0.666666666666667,0.812169312169312,0.666666666666667,0.857142857142857,0.333333333333333,0.142857142857143,4.66666666666667,0.388888888888889
"2495",0.254,6.51429358200339,0.866666666666667,0.365522563093006,0.818181818181818,0.907407407407407,1,0.80952380952381,0,0.19047619047619,5.25,0
"2496",0.3495,7.50553798625754,0.833333333333333,0.345237213264102,0.545454545454545,0.788461538461538,0.75,0.846153846153846,0.25,0.153846153846154,4.875,0.295454545454545
"2497",0.442,9.50603316839966,0.8,0.395338634302746,0.625,0.755681818181818,0.625,0.863636363636364,0.375,0.136363636363636,4.58333333333333,0.434210526315789
"2498",0.225,7.07110588101983,0.766666666666667,0.450511166009578,0.740740740740741,0.858796296296296,0.833333333333333,0.722222222222222,0.166666666666667,0.277777777777778,3,0.230769230769231
"2499",0.195,6.53032812976716,0.733333333333333,0.450931919618045,0.666666666666667,0.744019138755981,0.727272727272727,0.736842105263158,0.272727272727273,0.263157894736842,2.76363636363636,0.37012987012987
"2500",0.212,6.52173053662379,0.8,0.413611164888724,0.727272727272727,0.8075,0.8,0.8,0.2,0.2,4,0.25
"2501",0.1985,6.51947059016389,0.833333333333333,0.450651074684231,0.8,0.839712918660287,0.909090909090909,0.789473684210526,0.0909090909090909,0.210526315789474,4.31818181818182,0.115151515151515
"2502",0.29,7.5212788622508,0.766666666666667,0.400737764126661,0.695652173913043,0.849206349206349,0.888888888888889,0.714285714285714,0.111111111111111,0.285714285714286,3.11111111111111,0.155555555555556
"2503",0.33,9.04110882398851,0.833333333333333,0.421695094601819,0.761904761904762,0.819444444444444,0.666666666666667,0.944444444444444,0.333333333333333,0.0555555555555556,12,0.352941176470588
"2504",0.2105,6.51936528454088,0.833333333333333,0.441936059169832,0.827586206896552,0.864253393665158,0.923076923076923,0.764705882352941,0.0769230769230769,0.235294117647059,3.92307692307692,0.100591715976331
"2505",0.2725,7.51226055345834,0.833333333333333,0.414492114108374,0.814814814814815,0.899521531100478,1,0.736842105263158,0,0.263157894736842,3.8,0
"2506",0.3055,7.50930667351953,0.8,0.377157613348332,0.727272727272727,0.872159090909091,1,0.727272727272727,0,0.272727272727273,3.66666666666667,0
"2507",0.4945,9.49629303507912,0.9,0.334782379233083,0.727272727272727,0.923076923076923,1,0.884615384615385,0,0.115384615384615,8.66666666666666,0
"2508",0.2675,7.51608049138771,0.833333333333333,0.421010330669462,0.8,0.813397129186603,0.909090909090909,0.789473684210526,0.0909090909090909,0.210526315789474,4.31818181818182,0.115151515151515
"2509",0.2845,7.51496956249732,0.7,0.408598332111355,0.64,0.7725,0.8,0.65,0.2,0.35,2.28571428571429,0.307692307692308
"2510",0.209,6.53944632792044,0.7,0.402600966102897,0.307692307692308,0.610576923076923,0.5,0.730769230769231,0.5,0.269230769230769,1.85714285714286,0.684210526315789
"2511",0.2985,7.5125260676207,0.8,0.360213281527966,0.666666666666667,0.869318181818182,0.75,0.818181818181818,0.25,0.181818181818182,4.125,0.305555555555556
"2512",0.2625,7.51761748443787,0.833333333333333,0.429183520702254,0.761904761904762,0.7675,0.8,0.85,0.2,0.15,5.33333333333333,0.235294117647059
"2513",0.2765,7.52464146309488,0.866666666666667,0.38577857838629,0.8,0.883597883597884,0.888888888888889,0.857142857142857,0.111111111111111,0.142857142857143,6.22222222222222,0.12962962962963
"2514",0.5245,9.49813879698007,0.766666666666667,0.42733926684055,0.631578947368421,0.7775,0.6,0.85,0.4,0.15,4,0.470588235294118
"2515",0.2185,7.54850581941275,0.766666666666667,0.490586826633265,0.72,0.747685185185185,0.75,0.777777777777778,0.25,0.222222222222222,3.375,0.321428571428571
"2516",0.2815,7.50568136931878,0.866666666666667,0.382924042381308,0.818181818181818,0.8725,0.9,0.85,0.1,0.15,6,0.117647058823529
"2517",0.5035,10.0703843176783,0.8,0.405651147537398,0.571428571428571,0.715909090909091,0.5,0.909090909090909,0.5,0.0909090909090909,5.5,0.55
"2518",0.324,7.52589604170071,0.766666666666667,0.423653604141096,0.631578947368421,0.773291925465838,0.857142857142857,0.739130434782609,0.142857142857143,0.260869565217391,3.28571428571429,0.19327731092437
"2519",0.2215,6.50536017822437,0.866666666666667,0.425020886812013,0.857142857142857,0.946759259259259,1,0.777777777777778,0,0.222222222222222,4.5,0
"2520",0.327,7.5291517102149,0.7,0.466799383914544,0.608695652173913,0.761363636363636,0.875,0.636363636363636,0.125,0.363636363636364,2.40625,0.196428571428571
"2521",0.405,9.51148896789326,0.866666666666667,0.382696079252679,0.714285714285714,0.801587301587302,0.555555555555556,1,0.444444444444444,0,Inf,0.444444444444444
"2522",0.236,6.71654514593449,0.666666666666667,0.442435614158345,0.642857142857143,0.72488038277512,0.818181818181818,0.578947368421053,0.181818181818182,0.421052631578947,1.94318181818182,0.314049586776859
"2523",0.258,7.52209394940212,0.7,0.43714002396408,0.64,0.760765550239234,0.727272727272727,0.684210526315789,0.272727272727273,0.315789473684211,2.3030303030303,0.398601398601399
"2524",0.2855,7.5107501126322,0.866666666666667,0.377805405395983,0.818181818181818,0.8975,0.9,0.85,0.1,0.15,6,0.117647058823529
"2525",0.3285,8.5171593291839,0.9,0.385986240937627,0.842105263157895,0.9675,0.8,0.95,0.2,0.05,16,0.210526315789474
"2526",0.2975,7.5263617534312,0.833333333333333,0.372589758308004,0.761904761904762,0.85978835978836,0.888888888888889,0.80952380952381,0.111111111111111,0.19047619047619,4.66666666666667,0.137254901960784
"2527",0.401,9.50538586891032,0.766666666666667,0.438030063844579,0.631578947368421,0.708133971291866,0.545454545454545,0.894736842105263,0.454545454545455,0.105263157894737,5.18181818181818,0.508021390374332
"2528",0.2585,7.52094430323502,0.733333333333333,0.429845903701061,0.666666666666667,0.789473684210526,0.727272727272727,0.736842105263158,0.272727272727273,0.263157894736842,2.76363636363636,0.37012987012987
"2529",0.296,7.51222918978756,0.866666666666667,0.368078087508816,0.714285714285714,0.816770186335404,0.714285714285714,0.91304347826087,0.285714285714286,0.0869565217391305,8.21428571428571,0.312925170068027
"2530",0.2075,6.50855209862629,0.866666666666667,0.429875116572605,0.846153846153846,0.912037037037037,0.916666666666667,0.833333333333333,0.0833333333333334,0.166666666666667,5.5,0.1
"2531",0.311,7.50844867533345,0.8,0.370840751713995,0.666666666666667,0.891304347826087,0.857142857142857,0.782608695652174,0.142857142857143,0.217391304347826,3.94285714285714,0.182539682539683
"2532",0.276,7.51874031714123,0.733333333333333,0.440165059492735,0.666666666666667,0.76,0.8,0.7,0.2,0.3,2.66666666666667,0.285714285714286
"2533",0.2865,7.51784047443076,0.766666666666667,0.397039681650779,0.72,0.865,0.9,0.7,0.1,0.3,3,0.142857142857143
"2534",0.507,9.50174404095824,0.833333333333333,0.391968053465338,0.761904761904762,0.796650717703349,0.727272727272727,0.894736842105263,0.272727272727273,0.105263157894737,6.90909090909091,0.304812834224599
"2535",0.3435,8.51163486125723,0.833333333333333,0.384266836656392,0.736842105263158,0.865,0.7,0.9,0.3,0.1,7,0.333333333333333
"2536",0.374,8.51035741488286,0.866666666666667,0.357741210882455,0.777777777777778,0.914772727272727,0.875,0.863636363636364,0.125,0.136363636363636,6.41666666666667,0.144736842105263
"2537",0.2865,7.52658757798058,0.766666666666667,0.422195692659874,0.631578947368421,0.752840909090909,0.75,0.772727272727273,0.25,0.227272727272727,3.3,0.323529411764706
"2538",0.3045,7.52377034604921,0.833333333333333,0.398647375627104,0.761904761904762,0.817460317460317,0.888888888888889,0.80952380952381,0.111111111111111,0.19047619047619,4.66666666666667,0.137254901960784
"2539",0.289,7.51140114757661,0.866666666666667,0.38305648503444,0.8,0.865079365079365,0.888888888888889,0.857142857142857,0.111111111111111,0.142857142857143,6.22222222222222,0.12962962962963
"2540",0.3975,9.50852412242187,0.866666666666667,0.382307054697596,0.75,0.862433862433862,0.666666666666667,0.952380952380952,0.333333333333333,0.0476190476190477,14,0.35
"2541",0.257,6.51883923498546,0.833333333333333,0.349552777930691,0.705882352941177,0.87888198757764,0.857142857142857,0.826086956521739,0.142857142857143,0.173913043478261,4.92857142857143,0.172932330827068
"2542",0.2605,7.5178031398879,0.733333333333333,0.440149721574158,0.666666666666667,0.755,0.8,0.7,0.2,0.3,2.66666666666667,0.285714285714286
"2543",0.31,7.50856103313242,0.666666666666667,0.402274103388611,0.615384615384615,0.777777777777778,0.888888888888889,0.571428571428571,0.111111111111111,0.428571428571429,2.07407407407407,0.194444444444445
"2544",0.2795,7.53329545053432,0.833333333333333,0.418896344840408,0.705882352941177,0.761363636363636,0.75,0.863636363636364,0.25,0.136363636363636,5.5,0.289473684210526
"2545",0.333,7.51441648542196,0.866666666666667,0.336347131826935,0.714285714285714,0.895833333333333,0.833333333333333,0.875,0.166666666666667,0.125,6.66666666666667,0.19047619047619
"2546",0.322,7.51486598500006,0.833333333333333,0.358077010953285,0.736842105263158,0.909937888198758,1,0.782608695652174,0,0.217391304347826,4.6,0
"2547",0.277,7.05484944673528,0.866666666666667,0.373499127864222,0.818181818181818,0.912698412698413,1,0.80952380952381,0,0.19047619047619,5.25,0
"2548",0.427,9.50008139816274,0.9,0.334267924575261,0.769230769230769,0.897515527950311,0.714285714285714,0.956521739130435,0.285714285714286,0.0434782608695652,16.4285714285714,0.298701298701299
"2549",0.4955,10.4988013435706,0.866666666666667,0.370322120182998,0.75,0.851851851851852,0.666666666666667,0.952380952380952,0.333333333333333,0.0476190476190477,14,0.35
"2550",0.259,7.52041823056441,0.7,0.445444945755081,0.666666666666667,0.731481481481482,0.75,0.666666666666667,0.25,0.333333333333333,2.25,0.375
"2551",0.2205,6.51318291476207,0.8,0.407049446779826,0.75,0.894736842105263,0.818181818181818,0.789473684210526,0.181818181818182,0.210526315789474,3.88636363636364,0.23030303030303
"2552",0.399,9.50592411122173,0.866666666666667,0.378139364729321,0.75,0.843915343915344,0.666666666666667,0.952380952380952,0.333333333333333,0.0476190476190477,14,0.35
"2553",0.2335,6.51118186080905,0.833333333333333,0.40005987685572,0.8,0.905,1,0.75,0,0.25,4,0
"2554",0.4285,8.50862945513945,0.833333333333333,0.370448432124104,0.705882352941177,0.846590909090909,0.75,0.863636363636364,0.25,0.136363636363636,5.5,0.289473684210526
"2555",0.236,7.05320195412861,0.833333333333333,0.441044052820395,0.827586206896552,0.854166666666667,1,0.722222222222222,0,0.277777777777778,3.6,0
"2556",0.162,5.52197324810631,0.833333333333333,0.440529179120353,0.814814814814815,0.888888888888889,0.916666666666667,0.777777777777778,0.0833333333333334,0.222222222222222,4.125,0.107142857142857
"2557",0.2845,7.26277962827322,0.7,0.427261353017226,0.4,0.696,0.6,0.72,0.4,0.28,2.14285714285714,0.555555555555556
"2558",0.2135,6.51561134730897,0.833333333333333,0.435404026268564,0.827586206896552,0.889140271493213,0.923076923076923,0.764705882352941,0.0769230769230769,0.235294117647059,3.92307692307692,0.100591715976331
"2559",0.3095,7.52439620202109,0.8,0.380466653007054,0.7,0.84375,0.875,0.772727272727273,0.125,0.227272727272727,3.85,0.161764705882353
"2560",0.2665,7.52093363122065,0.8,0.427198895946687,0.785714285714286,0.810185185185185,0.916666666666667,0.722222222222222,0.0833333333333334,0.277777777777778,3.3,0.115384615384615
"2561",0.2905,7.51055081048817,0.766666666666667,0.406295988766796,0.631578947368421,0.735795454545455,0.75,0.772727272727273,0.25,0.227272727272727,3.3,0.323529411764706
"2562",0.373,8.50096828356177,0.9,0.336385459171881,0.8,0.968944099378882,0.857142857142857,0.91304347826087,0.142857142857143,0.0869565217391305,9.85714285714285,0.156462585034014
"2563",0.459,9.50307941545598,0.9,0.345190688703105,0.8,0.944099378881988,0.857142857142857,0.91304347826087,0.142857142857143,0.0869565217391305,9.85714285714285,0.156462585034014
"2564",0.392,9.50581455687225,0.866666666666667,0.397494309737778,0.75,0.7925,0.6,1,0.4,0,Inf,0.4
"2565",0.26,7.52111050662417,0.833333333333333,0.409116114723275,0.761904761904762,0.87799043062201,0.727272727272727,0.894736842105263,0.272727272727273,0.105263157894737,6.90909090909091,0.304812834224599
"2566",0.523,8.98689387510204,0.8,0.406709596949413,0.625,0.767080745341615,0.714285714285714,0.826086956521739,0.285714285714286,0.173913043478261,4.10714285714286,0.345864661654135
"2567",0.2345,7.08404445380836,0.7,0.458805540460568,0.709677419354839,0.737556561085973,0.846153846153846,0.588235294117647,0.153846153846154,0.411764705882353,2.05494505494506,0.261538461538462
"2568",0.3065,7.51142243005944,0.8,0.373894014277428,0.7,0.877840909090909,0.875,0.772727272727273,0.125,0.227272727272727,3.85,0.161764705882353
"2569",0.2985,7.5122798808541,0.8,0.374129419411452,0.727272727272727,0.87037037037037,0.888888888888889,0.761904761904762,0.111111111111111,0.238095238095238,3.73333333333333,0.145833333333333
"2570",0.474,8.50357964350571,0.8,0.437455308823222,0.666666666666667,0.764204545454545,0.75,0.818181818181818,0.25,0.181818181818182,4.125,0.305555555555556
"2571",0.3005,7.51320799106407,0.8,0.391274749717485,0.7,0.806818181818182,0.875,0.772727272727273,0.125,0.227272727272727,3.85,0.161764705882353
"2572",0.424,9.50887451839019,0.8,0.385034512979638,0.727272727272727,0.86,0.8,0.8,0.2,0.2,4,0.25
"2573",0.372,9.51348153784721,0.8,0.436377233700977,0.75,0.798611111111111,0.75,0.833333333333333,0.25,0.166666666666667,4.5,0.3
"2574",0.2845,7.51190345993641,0.8,0.394986736801554,0.7,0.82010582010582,0.777777777777778,0.80952380952381,0.222222222222222,0.19047619047619,4.08333333333333,0.274509803921569
"2575",0.5085,10.5011342542246,0.833333333333333,0.390659421989812,0.615384615384615,0.775568181818182,0.5,0.954545454545455,0.5,0.0454545454545454,11,0.523809523809524
"2576",0.228,7.54118586693976,0.766666666666667,0.470502972842601,0.72,0.739234449760766,0.818181818181818,0.736842105263158,0.181818181818182,0.263157894736842,3.10909090909091,0.246753246753247
"2577",0.18,6.54917951559425,0.733333333333333,0.429908770874733,0.6,0.732954545454545,0.75,0.727272727272727,0.25,0.272727272727273,2.75,0.34375
"2578",0.2635,7.5223940580559,0.766666666666667,0.429941904722314,0.666666666666667,0.76,0.7,0.8,0.3,0.2,3.5,0.375
"2579",0.3305,7.52262845298423,0.766666666666667,0.406208437361307,0.588235294117647,0.8125,0.833333333333333,0.75,0.166666666666667,0.25,3.33333333333333,0.222222222222222
"2580",0.2805,7.51653598226729,0.866666666666667,0.393031129188525,0.818181818181818,0.9125,0.9,0.85,0.1,0.15,6,0.117647058823529
"2581",0.4065,8.5088309493494,0.833333333333333,0.376052836965954,0.736842105263158,0.873015873015873,0.777777777777778,0.857142857142857,0.222222222222222,0.142857142857143,5.44444444444444,0.259259259259259
"2582",0.2685,7.52104002849199,0.733333333333333,0.423639234379829,0.666666666666667,0.76,0.8,0.7,0.2,0.3,2.66666666666667,0.285714285714286
"2583",0.29,7.51192975951075,0.966666666666667,0.364846163732133,0.941176470588235,0.936507936507937,0.888888888888889,1,0.111111111111111,0,Inf,0.111111111111111
"2584",0.546,9.49755316449493,0.833333333333333,0.404593193123835,0.285714285714286,0.635802469135802,0.333333333333333,0.888888888888889,0.666666666666667,0.111111111111111,3,0.75
"2585",0.371,8.50810177134857,0.8,0.408761339380438,0.727272727272727,0.735,0.8,0.8,0.2,0.2,4,0.25
"2586",0.256,7.06737973873379,0.8,0.397243746395781,0.75,0.8025,0.9,0.75,0.1,0.25,3.6,0.133333333333333
"2587",0.395,8.5104631065965,0.866666666666667,0.380759976966895,0.8,0.89,0.8,0.9,0.2,0.1,8,0.222222222222222
"2588",0.6145,9.93849648506933,0.833333333333333,0.39048418206089,0.666666666666667,0.755681818181818,0.625,0.909090909090909,0.375,0.0909090909090909,6.875,0.4125
"2589",0.3095,7.50604106059731,0.833333333333333,0.361882662464569,0.761904761904762,0.9375,1,0.772727272727273,0,0.227272727272727,4.4,0
"2590",0.417,9.50696445456056,0.833333333333333,0.415524262100761,0.666666666666667,0.748677248677249,0.555555555555556,0.952380952380952,0.444444444444444,0.0476190476190477,11.6666666666667,0.466666666666667
"2591",0.2665,7.53645256213979,0.833333333333333,0.417753212223311,0.736842105263158,0.759259259259259,0.777777777777778,0.857142857142857,0.222222222222222,0.142857142857143,5.44444444444444,0.259259259259259
"2592",0.302,7.52281414497945,0.766666666666667,0.395696710240621,0.72,0.8325,0.9,0.7,0.1,0.3,3,0.142857142857143
"2593",0.2595,7.05875797193056,0.833333333333333,0.395266603076514,0.761904761904762,0.857142857142857,0.888888888888889,0.80952380952381,0.111111111111111,0.19047619047619,4.66666666666667,0.137254901960784
"2594",0.258,7.50856825167383,0.833333333333333,0.428181063147632,0.782608695652174,0.830143540669857,0.818181818181818,0.842105263157895,0.181818181818182,0.157894736842105,5.18181818181818,0.215909090909091
"2595",0.2585,7.53300003790284,0.8,0.427280560151533,0.7,0.833333333333333,0.777777777777778,0.80952380952381,0.222222222222222,0.19047619047619,4.08333333333333,0.274509803921569
"2596",0.2435,6.51781553879784,0.833333333333333,0.380309790957334,0.782608695652174,0.933862433862434,1,0.761904761904762,0,0.238095238095238,4.2,0
"2597",0.2635,7.52600187700757,0.833333333333333,0.41259055903483,0.8,0.820574162679426,0.909090909090909,0.789473684210526,0.0909090909090909,0.210526315789474,4.31818181818182,0.115151515151515
"2598",0.2975,7.52256237756772,0.733333333333333,0.418860595758457,0.636363636363636,0.798295454545455,0.875,0.681818181818182,0.125,0.318181818181818,2.75,0.183333333333333
"2599",0.3175,8.51259651474331,0.833333333333333,0.403239756123616,0.736842105263158,0.87799043062201,0.636363636363636,0.947368421052632,0.363636363636364,0.0526315789473685,12.0909090909091,0.383838383838384
"2600",0.238,7.50751722254811,0.833333333333333,0.452274118391999,0.814814814814815,0.886877828054299,0.846153846153846,0.823529411764706,0.153846153846154,0.176470588235294,4.79487179487179,0.186813186813187
"2601",0.4085,9.50804282463655,0.833333333333333,0.381832236652012,0.705882352941177,0.880952380952381,0.666666666666667,0.904761904761905,0.333333333333333,0.0952380952380952,7,0.368421052631579
"2602",0.26,7.51779181380843,0.833333333333333,0.426628333674186,0.782608695652174,0.832535885167464,0.818181818181818,0.842105263157895,0.181818181818182,0.157894736842105,5.18181818181818,0.215909090909091
"2603",0.263,6.5197174901606,0.666666666666667,0.374790197861075,0.375,0.592,0.6,0.68,0.4,0.32,1.875,0.588235294117647
"2604",0.271,7.51324445647575,0.8,0.415013129238926,0.769230769230769,0.805555555555556,0.833333333333333,0.777777777777778,0.166666666666667,0.222222222222222,3.75,0.214285714285714
"2605",0.3255,8.51129066512391,0.8,0.426558970923456,0.7,0.787081339712919,0.636363636363636,0.894736842105263,0.363636363636364,0.105263157894737,6.04545454545455,0.406417112299465
"2606",0.385,8.51057818185024,0.8,0.360607021618955,0.625,0.832298136645963,0.714285714285714,0.826086956521739,0.285714285714286,0.173913043478261,4.10714285714286,0.345864661654135
"2607",0.256,7.06011298599779,0.8,0.392330606239055,0.727272727272727,0.8725,0.8,0.8,0.2,0.2,4,0.25
"2608",0.2525,7.53238145522272,0.833333333333333,0.441005451559795,0.782608695652174,0.845,0.9,0.8,0.1,0.2,4.5,0.125
"2609",0.253,7.51365462373028,0.8,0.432058943447689,0.727272727272727,0.818181818181818,0.727272727272727,0.842105263157895,0.272727272727273,0.157894736842105,4.6060606060606,0.323863636363636
"2610",0.254,6.51813788823843,0.733333333333333,0.383757536873976,0.636363636363636,0.818181818181818,0.875,0.681818181818182,0.125,0.318181818181818,2.75,0.183333333333333
"2611",0.3275,7.5134460044549,0.733333333333333,0.390552304288366,0.6,0.795031055900621,0.857142857142857,0.695652173913043,0.142857142857143,0.304347826086957,2.81632653061224,0.205357142857143
"2612",0.2925,7.51330853416804,0.833333333333333,0.38002614732876,0.761904761904762,0.886243386243386,0.888888888888889,0.80952380952381,0.111111111111111,0.19047619047619,4.66666666666667,0.137254901960784
"2613",0.1845,6.54629195423425,0.733333333333333,0.407730700848673,0.5,0.6875,0.666666666666667,0.75,0.333333333333333,0.25,2.66666666666667,0.444444444444444
"2614",0.2735,7.53083673415626,0.866666666666667,0.397385053516876,0.75,0.806818181818182,0.75,0.909090909090909,0.25,0.0909090909090909,8.25,0.275
"2615",0.2775,7.51671432648068,0.7,0.432714149084475,0.64,0.7425,0.8,0.65,0.2,0.35,2.28571428571429,0.307692307692308
"2616",0.2965,7.52434891458079,0.8,0.412554576187655,0.727272727272727,0.791005291005291,0.888888888888889,0.761904761904762,0.111111111111111,0.238095238095238,3.73333333333333,0.145833333333333
"2617",0.279,7.50808272392176,0.8,0.408706641385384,0.785714285714286,0.873205741626794,1,0.684210526315789,0,0.315789473684211,3.16666666666667,0
"2618",0.3185,7.05196766861586,0.766666666666667,0.35328049041017,0.631578947368421,0.888888888888889,1,0.708333333333333,0,0.291666666666667,3.42857142857143,0
"2619",0.2845,7.51575011631108,0.866666666666667,0.383695853998944,0.818181818181818,0.91,0.9,0.85,0.1,0.15,6,0.117647058823529
"2620",0.171,6.5431270786209,0.833333333333333,0.435189275961476,0.782608695652174,0.82,0.9,0.8,0.1,0.2,4.5,0.125
"2621",0.4815,9.50261335631131,0.866666666666667,0.367675916845715,0.8,0.889952153110048,0.727272727272727,0.947368421052632,0.272727272727273,0.0526315789473685,13.8181818181818,0.287878787878788
"2622",0.225,7.50977416235929,0.866666666666667,0.484152487531375,0.875,0.922222222222222,0.933333333333333,0.8,0.0666666666666667,0.2,4.66666666666667,0.0833333333333333
"2623",0.312,7.52054838944458,0.8,0.372912865842535,0.7,0.872159090909091,0.875,0.772727272727273,0.125,0.227272727272727,3.85,0.161764705882353
"2624",0.3075,7.5268365237354,0.8,0.411140993235942,0.75,0.78,0.9,0.75,0.1,0.25,3.6,0.133333333333333
"2625",0.2615,7.51624654443106,0.733333333333333,0.457073576410406,0.666666666666667,0.7,0.8,0.7,0.2,0.3,2.66666666666667,0.285714285714286
"2626",0.2275,7.073790502667,0.8,0.441381463069162,0.769230769230769,0.789351851851852,0.833333333333333,0.777777777777778,0.166666666666667,0.222222222222222,3.75,0.214285714285714
"2627",0.165,5.52145556363066,0.766666666666667,0.450292618680417,0.774193548387097,0.875565610859729,0.923076923076923,0.647058823529412,0.0769230769230769,0.352941176470588,2.61538461538462,0.118881118881119
"2628",0.324,7.52962778641436,0.733333333333333,0.45961052753006,0.555555555555556,0.736111111111111,0.833333333333333,0.708333333333333,0.166666666666667,0.291666666666667,2.85714285714286,0.235294117647059
"2629",0.284,7.52761085438894,0.7,0.446921772693611,0.608695652173913,0.735449735449735,0.777777777777778,0.666666666666667,0.222222222222222,0.333333333333333,2.33333333333333,0.333333333333333
"2630",0.3155,7.5104843625967,0.833333333333333,0.358960177578794,0.761904761904762,0.897727272727273,1,0.772727272727273,0,0.227272727272727,4.4,0
"2631",0.285,7.04748893754604,0.8,0.369311438821488,0.75,0.896825396825397,1,0.714285714285714,0,0.285714285714286,3.5,0
"2632",0.2875,7.50820620011648,0.966666666666667,0.37509993872168,0.952380952380952,0.985,1,0.95,0,0.05,20,0
"2633",0.39,8.51130802399041,0.8,0.382217015072899,0.666666666666667,0.852272727272727,0.75,0.818181818181818,0.25,0.181818181818182,4.125,0.305555555555556
"2634",0.606,9.49074113516584,0.9,0.35512774099581,0.8,0.923611111111111,1,0.875,0,0.125,8,0
"2635",0.401,8.50537033512129,0.866666666666667,0.34113122961442,0.714285714285714,0.895833333333333,0.833333333333333,0.875,0.166666666666667,0.125,6.66666666666667,0.19047619047619
"2636",0.5245,9.55713183401993,0.833333333333333,0.400097241439372,0.666666666666667,0.777777777777778,0.555555555555556,0.952380952380952,0.444444444444444,0.0476190476190477,11.6666666666667,0.466666666666667
"2637",0.3045,7.51954880713733,0.866666666666667,0.367719426666257,0.75,0.860248447204969,0.857142857142857,0.869565217391304,0.142857142857143,0.130434782608696,6.57142857142857,0.164285714285714
"2638",0.228,7.13914194871536,0.766666666666667,0.430994965605525,0.666666666666667,0.796296296296296,0.777777777777778,0.761904761904762,0.222222222222222,0.238095238095238,3.26666666666667,0.291666666666667
"2639",0.252,7.5295667256686,0.833333333333333,0.43163840496203,0.8,0.832535885167464,0.909090909090909,0.789473684210526,0.0909090909090909,0.210526315789474,4.31818181818182,0.115151515151515
"2640",0.289,7.50929679366383,0.833333333333333,0.379019536955954,0.736842105263158,0.902116402116402,0.777777777777778,0.857142857142857,0.222222222222222,0.142857142857143,5.44444444444444,0.259259259259259
"2641",0.505,9.99574469397501,0.866666666666667,0.371475308556885,0.714285714285714,0.795031055900621,0.714285714285714,0.91304347826087,0.285714285714286,0.0869565217391305,8.21428571428571,0.312925170068027
"2642",0.291,7.50536571704845,0.866666666666667,0.376568348080485,0.75,0.857954545454546,0.75,0.909090909090909,0.25,0.0909090909090909,8.25,0.275
"2643",0.2165,6.5261115072666,0.733333333333333,0.420316370110596,0.666666666666667,0.76,0.8,0.7,0.2,0.3,2.66666666666667,0.285714285714286
"2644",0.329,7.51465724042357,0.8,0.364639387586537,0.666666666666667,0.891304347826087,0.857142857142857,0.782608695652174,0.142857142857143,0.217391304347826,3.94285714285714,0.182539682539683
"2645",0.2855,7.51463523886242,0.733333333333333,0.414569003381361,0.666666666666667,0.7925,0.8,0.7,0.2,0.3,2.66666666666667,0.285714285714286
"2646",0.2625,7.50525861902024,0.9,0.405151490074001,0.857142857142857,0.921052631578947,0.818181818181818,0.947368421052632,0.181818181818182,0.0526315789473685,15.5454545454545,0.191919191919192
"2647",0.362,8.50318231472243,0.866666666666667,0.361282047019511,0.818181818181818,0.9125,0.9,0.85,0.1,0.15,6,0.117647058823529
"2648",0.292,7.51810375834987,0.8,0.391297925005037,0.75,0.83,0.9,0.75,0.1,0.25,3.6,0.133333333333333
"2649",0.247,6.5264729789427,0.766666666666667,0.370330874550921,0.631578947368421,0.809659090909091,0.75,0.772727272727273,0.25,0.227272727272727,3.3,0.323529411764706
"2650",0.3755,8.51514080479324,0.733333333333333,0.414366761096885,0.6,0.751322751322751,0.666666666666667,0.761904761904762,0.333333333333333,0.238095238095238,2.8,0.4375
"2651",0.5735,9.49145581855851,0.866666666666667,0.383806192731478,0.666666666666667,0.850694444444444,0.666666666666667,0.916666666666667,0.333333333333333,0.0833333333333334,8,0.363636363636364
"2652",0.257,7.53088776738123,0.7,0.450927465949803,0.64,0.7125,0.8,0.65,0.2,0.35,2.28571428571429,0.307692307692308
"2653",0.206,6.52312499327423,0.766666666666667,0.429085274264502,0.740740740740741,0.831018518518518,0.833333333333333,0.722222222222222,0.166666666666667,0.277777777777778,3,0.230769230769231
"2654",0.233,7.0701009962102,0.833333333333333,0.418153342132724,0.782608695652174,0.842105263157895,0.818181818181818,0.842105263157895,0.181818181818182,0.157894736842105,5.18181818181818,0.215909090909091
"2655",0.41,9.50200228386517,0.9,0.362139338231768,0.769230769230769,0.897727272727273,0.625,1,0.375,0,Inf,0.375
"2656",0.2405,7.1223835647046,0.833333333333333,0.383430406024677,0.8,0.837320574162679,0.909090909090909,0.789473684210526,0.0909090909090909,0.210526315789474,4.31818181818182,0.115151515151515
"2657",0.253,7.51183535218233,0.8,0.431642961242284,0.785714285714286,0.841628959276018,0.846153846153846,0.764705882352941,0.153846153846154,0.235294117647059,3.59615384615385,0.201183431952663
"2658",0.548,9.49345842232413,0.833333333333333,0.375046788213941,0.736842105263158,0.875661375661376,0.777777777777778,0.857142857142857,0.222222222222222,0.142857142857143,5.44444444444444,0.259259259259259
"2659",0.2875,7.519213954884,0.833333333333333,0.390412590122908,0.761904761904762,0.894179894179894,0.888888888888889,0.80952380952381,0.111111111111111,0.19047619047619,4.66666666666667,0.137254901960784
"2660",0.2235,6.52672497896404,0.8,0.40568640893332,0.75,0.849282296650718,0.818181818181818,0.789473684210526,0.181818181818182,0.210526315789474,3.88636363636364,0.23030303030303
"2661",0.2205,7.06698341617758,0.9,0.441878627199003,0.88,0.880090497737557,0.846153846153846,0.941176470588235,0.153846153846154,0.0588235294117647,14.3846153846154,0.163461538461538
"2662",0.3965,9.5101018299265,0.933333333333333,0.35568730107078,0.875,0.899470899470899,0.777777777777778,1,0.222222222222222,0,Inf,0.222222222222222
"2663",0.255,6.52050893454915,0.7,0.399657145027781,0.608695652173913,0.775568181818182,0.875,0.636363636363636,0.125,0.363636363636364,2.40625,0.196428571428571
"2664",0.283,7.51652344179232,0.8,0.393805646301147,0.785714285714286,0.898148148148148,0.916666666666667,0.722222222222222,0.0833333333333334,0.277777777777778,3.3,0.115384615384615
"2665",0.2775,7.51189555301503,0.866666666666667,0.393359314249722,0.8,0.91005291005291,0.888888888888889,0.857142857142857,0.111111111111111,0.142857142857143,6.22222222222222,0.12962962962963
"2666",0.253,7.51947417143206,0.8,0.442143591399968,0.785714285714286,0.823529411764706,0.846153846153846,0.764705882352941,0.153846153846154,0.235294117647059,3.59615384615385,0.201183431952663
"2667",0.296,7.50821280002423,0.8,0.393166821751921,0.727272727272727,0.891534391534392,0.888888888888889,0.761904761904762,0.111111111111111,0.238095238095238,3.73333333333333,0.145833333333333
"2668",0.266,7.52862558294335,0.8,0.425967770773058,0.75,0.815,0.9,0.75,0.1,0.25,3.6,0.133333333333333
"2669",0.0955,5.58018190671434,0.633333333333333,0.506959508899394,0.521739130434783,0.714285714285714,0.857142857142857,0.565217391304348,0.142857142857143,0.434782608695652,1.97142857142857,0.252747252747253
"2670",0.2505,7.51368804797486,0.833333333333333,0.436413044999258,0.8,0.87037037037037,0.833333333333333,0.833333333333333,0.166666666666667,0.166666666666667,5,0.2
"2671",0.3455,7.52392644568031,0.733333333333333,0.443703942481028,0.636363636363636,0.782608695652174,1,0.652173913043478,0,0.347826086956522,2.875,0
"2672",0.303,7.05112116341283,0.833333333333333,0.35456987021557,0.705882352941177,0.888888888888889,1,0.791666666666667,0,0.208333333333333,4.8,0
"2673",0.2645,7.51686016657779,0.733333333333333,0.450354088232517,0.75,0.751131221719457,0.923076923076923,0.588235294117647,0.0769230769230769,0.411764705882353,2.24175824175824,0.130769230769231
"2674",0.3925,9.11590508276144,0.833333333333333,0.379873456019759,0.666666666666667,0.872159090909091,0.625,0.909090909090909,0.375,0.0909090909090909,6.875,0.4125
"2675",0.2645,7.51607174124471,0.733333333333333,0.440999514846109,0.714285714285714,0.763888888888889,0.833333333333333,0.666666666666667,0.166666666666667,0.333333333333333,2.5,0.25
"2676",0.3035,7.50916334526362,0.8,0.391624966600148,0.769230769230769,0.86,1,0.7,0,0.3,3.33333333333333,0
"2677",0.225,7.52841316684294,0.866666666666667,0.450176140524723,0.866666666666667,0.877232142857143,0.928571428571429,0.8125,0.0714285714285714,0.1875,4.95238095238095,0.0879120879120879
"2678",0.276,7.52982077403041,0.766666666666667,0.427782317087261,0.695652173913043,0.81,0.8,0.75,0.2,0.25,3.2,0.266666666666667
"2679",0.367,9.50245607970178,0.866666666666667,0.402611085631773,0.777777777777778,0.844497607655502,0.636363636363636,1,0.363636363636364,0,Inf,0.363636363636364
"2680",0.258,7.50692353226034,0.9,0.429670337871875,0.888888888888889,0.921296296296296,1,0.833333333333333,0,0.166666666666667,6,0
"2681",0.3,7.51105187417936,0.933333333333333,0.363446226568384,0.9,0.947089947089947,1,0.904761904761905,0,0.0952380952380952,10.5,0
"2682",0.2505,6.50930010088146,0.866666666666667,0.374771353794576,0.818181818181818,0.925925925925926,1,0.80952380952381,0,0.19047619047619,5.25,0
"2683",0.2665,7.53299945814145,0.766666666666667,0.43192418952354,0.72,0.782296650717703,0.818181818181818,0.736842105263158,0.181818181818182,0.263157894736842,3.10909090909091,0.246753246753247
"2684",0.318,7.51417812719406,0.833333333333333,0.367371625820169,0.761904761904762,0.892045454545455,1,0.772727272727273,0,0.227272727272727,4.4,0
"2685",0.2745,7.51837738777036,0.8,0.40841121892585,0.727272727272727,0.7875,0.8,0.8,0.2,0.2,4,0.25
"2686",0.2125,7.51521816491627,0.833333333333333,0.501923477645995,0.838709677419355,0.793333333333333,0.866666666666667,0.8,0.133333333333333,0.2,4.33333333333333,0.166666666666667
"2687",0.421,8.50670051401297,0.8,0.398843423894441,0.7,0.851851851851852,0.777777777777778,0.80952380952381,0.222222222222222,0.19047619047619,4.08333333333333,0.274509803921569
"2688",0.281,7.5274131797878,0.8,0.393698983466484,0.7,0.759259259259259,0.777777777777778,0.80952380952381,0.222222222222222,0.19047619047619,4.08333333333333,0.274509803921569
"2689",0.303,7.50224058507508,0.9,0.34693110442706,0.842105263157895,0.952380952380952,0.888888888888889,0.904761904761905,0.111111111111111,0.0952380952380952,9.33333333333333,0.12280701754386
"2690",0.1795,6.54771743662596,0.733333333333333,0.443317072113963,0.714285714285714,0.77511961722488,0.909090909090909,0.631578947368421,0.0909090909090909,0.368421052631579,2.46753246753247,0.143939393939394
"2691",0.2115,6.51853845815725,0.766666666666667,0.437608543717005,0.774193548387097,0.812217194570136,0.923076923076923,0.647058823529412,0.0769230769230769,0.352941176470588,2.61538461538462,0.118881118881119
"2692",0.294,7.51018886616475,0.9,0.372797644299257,0.842105263157895,0.968253968253968,0.888888888888889,0.904761904761905,0.111111111111111,0.0952380952380952,9.33333333333333,0.12280701754386
"2693",0.3045,7.51147457256437,0.766666666666667,0.393494760934582,0.666666666666667,0.809659090909091,0.875,0.727272727272727,0.125,0.272727272727273,3.20833333333333,0.171875
"2694",0.258,7.53170884553749,0.8,0.432776644668645,0.75,0.813397129186603,0.818181818181818,0.789473684210526,0.181818181818182,0.210526315789474,3.88636363636364,0.23030303030303
"2695",0.265,7.51901400468697,0.8,0.420417191305381,0.75,0.803827751196172,0.818181818181818,0.789473684210526,0.181818181818182,0.210526315789474,3.88636363636364,0.23030303030303
"2696",0.265,7.05434698427596,0.866666666666667,0.389183983140328,0.833333333333333,0.8975,1,0.8,0,0.2,5,0
"2697",0.282,7.51590534252075,0.833333333333333,0.405216962948747,0.8,0.89,1,0.75,0,0.25,4,0
"2698",0.2775,7.51463898303557,0.766666666666667,0.409817236912419,0.695652173913043,0.8375,0.8,0.75,0.2,0.25,3.2,0.266666666666667
"2699",0.2885,7.50856071054416,0.866666666666667,0.382363029118338,0.833333333333333,0.93,1,0.8,0,0.2,5,0
"2700",0.316,7.52484993977648,0.733333333333333,0.416155124906817,0.636363636363636,0.803977272727273,0.875,0.681818181818182,0.125,0.318181818181818,2.75,0.183333333333333
"2701",0.388,8.50828038433391,0.833333333333333,0.361401958795087,0.705882352941177,0.881987577639752,0.857142857142857,0.826086956521739,0.142857142857143,0.173913043478261,4.92857142857143,0.172932330827068
"2702",0.5145,9.05647093830231,0.866666666666667,0.365744188911633,0.666666666666667,0.784722222222222,0.666666666666667,0.916666666666667,0.333333333333333,0.0833333333333334,8,0.363636363636364
"2703",0.271,7.5139929609323,0.833333333333333,0.410443188317419,0.782608695652174,0.8525,0.9,0.8,0.1,0.2,4.5,0.125
"2704",0.292,7.50307818828234,0.766666666666667,0.390483249545173,0.72,0.8575,0.9,0.7,0.1,0.3,3,0.142857142857143
"2705",0.2415,7.06909430180834,0.766666666666667,0.417930434995713,0.695652173913043,0.7975,0.8,0.75,0.2,0.25,3.2,0.266666666666667
"2706",0.316,7.50800537138106,0.866666666666667,0.350656029093061,0.8,0.914772727272727,1,0.818181818181818,0,0.181818181818182,5.5,0
"2707",0.438,9.50752888079698,0.833333333333333,0.363669824761579,0.705882352941177,0.900568181818182,0.75,0.863636363636364,0.25,0.136363636363636,5.5,0.289473684210526
"2708",0.2335,7.08296801185537,0.733333333333333,0.438366650553892,0.714285714285714,0.775462962962963,0.833333333333333,0.666666666666667,0.166666666666667,0.333333333333333,2.5,0.25
"2709",0.248,7.5187088103144,0.733333333333333,0.448419736515461,0.692307692307692,0.773148148148148,0.75,0.722222222222222,0.25,0.277777777777778,2.7,0.346153846153846
"2710",0.3475,8.51539044828953,0.933333333333333,0.362981664917757,0.857142857142857,0.8125,0.75,1,0.25,0,Inf,0.25
"2711",0.1695,6.52299881432965,0.766666666666667,0.49071296686061,0.758620689655172,0.810267857142857,0.785714285714286,0.75,0.214285714285714,0.25,3.14285714285714,0.285714285714286
"2712",0.282,7.515721691028,0.833333333333333,0.379562842729286,0.761904761904762,0.8875,0.8,0.85,0.2,0.15,5.33333333333333,0.235294117647059
"2713",0.2815,7.51701573704056,0.9,0.38137858009957,0.857142857142857,0.9025,0.9,0.9,0.1,0.1,9,0.111111111111111
"2714",0.238,7.5166308314521,0.833333333333333,0.45669199341329,0.827586206896552,0.883928571428571,0.857142857142857,0.8125,0.142857142857143,0.1875,4.57142857142857,0.175824175824176
"2715",0.263,7.53372654854767,0.766666666666667,0.421200204894043,0.72,0.789473684210526,0.818181818181818,0.736842105263158,0.181818181818182,0.263157894736842,3.10909090909091,0.246753246753247
"2716",0.3,7.52024526867974,0.833333333333333,0.373456524426527,0.705882352941177,0.835227272727273,0.75,0.863636363636364,0.25,0.136363636363636,5.5,0.289473684210526
"2717",0.258,6.53125803500157,0.733333333333333,0.369414045932262,0.5,0.855769230769231,1,0.692307692307692,0,0.307692307692308,3.25,0
"2718",0.5165,9.50065753367383,0.9,0.347553126338175,0.857142857142857,0.8975,0.9,0.9,0.1,0.1,9,0.111111111111111
"2719",0.3075,7.51370842393002,0.866666666666667,0.366249134110499,0.818181818181818,0.928571428571429,1,0.80952380952381,0,0.19047619047619,5.25,0
"2720",0.2065,6.52053321501883,0.8,0.418274338758742,0.666666666666667,0.732804232804233,0.666666666666667,0.857142857142857,0.333333333333333,0.142857142857143,4.66666666666667,0.388888888888889
"2721",0.263,7.51456614030569,0.833333333333333,0.416501361701584,0.782608695652174,0.822966507177033,0.818181818181818,0.842105263157895,0.181818181818182,0.157894736842105,5.18181818181818,0.215909090909091
"2722",0.4665,10.5020078844165,0.9,0.371153058325249,0.823529411764706,0.915343915343915,0.777777777777778,0.952380952380952,0.222222222222222,0.0476190476190477,16.3333333333333,0.233333333333333
"2723",0.2435,7.54402408543166,0.7,0.471831838964952,0.470588235294118,0.625,0.5,0.772727272727273,0.5,0.227272727272727,2.2,0.647058823529412
"2724",0.3035,7.51189744671851,0.833333333333333,0.380496939770433,0.736842105263158,0.821022727272727,0.875,0.818181818181818,0.125,0.181818181818182,4.8125,0.152777777777778
"2725",0.2195,6.51868339599502,0.766666666666667,0.434795010675598,0.774193548387097,0.840277777777778,1,0.611111111111111,0,0.388888888888889,2.57142857142857,0
"2726",0.2615,7.05922376179964,0.833333333333333,0.387970372410698,0.782608695652174,0.8325,0.9,0.8,0.1,0.2,4.5,0.125
"2727",0.31,7.52424213937236,0.7,0.440945946128354,0.608695652173913,0.752840909090909,0.875,0.636363636363636,0.125,0.363636363636364,2.40625,0.196428571428571
"2728",0.3625,7.51994258814093,0.8,0.403132896720165,0.666666666666667,0.868055555555556,1,0.75,0,0.25,4,0
"2729",0.2495,7.06896167098262,0.766666666666667,0.425735855332051,0.758620689655172,0.837962962962963,0.916666666666667,0.666666666666667,0.0833333333333334,0.333333333333333,2.75,0.125
"2730",0.665,9.47494258276931,0.8,0.421627311320388,0.666666666666667,0.850931677018633,0.857142857142857,0.782608695652174,0.142857142857143,0.217391304347826,3.94285714285714,0.182539682539683
"2731",0.206,6.50762748238867,0.833333333333333,0.431893288976284,0.8,0.888888888888889,0.833333333333333,0.833333333333333,0.166666666666667,0.166666666666667,5,0.2
"2732",0.3155,7.52091758687742,0.866666666666667,0.349286851763232,0.8,0.90625,1,0.818181818181818,0,0.181818181818182,5.5,0
"2733",0.5945,9.48506486622136,0.8,0.417974806090138,0.7,0.814814814814815,0.777777777777778,0.80952380952381,0.222222222222222,0.19047619047619,4.08333333333333,0.274509803921569
"2734",0.274,7.51862621278628,0.733333333333333,0.420992442694296,0.666666666666667,0.805,0.8,0.7,0.2,0.3,2.66666666666667,0.285714285714286
"2735",0.279,7.51573728252744,0.733333333333333,0.426016891809473,0.692307692307692,0.8,0.9,0.65,0.1,0.35,2.57142857142857,0.153846153846154
"2736",0.3085,7.50516376232927,0.8,0.378433305593659,0.75,0.894179894179894,1,0.714285714285714,0,0.285714285714286,3.5,0
"2737",0.4235,9.50325520046062,0.833333333333333,0.39692725818297,0.705882352941177,0.82010582010582,0.666666666666667,0.904761904761905,0.333333333333333,0.0952380952380952,7,0.368421052631579
"2738",0.2755,7.51334064864821,0.8,0.414619658792324,0.75,0.849282296650718,0.818181818181818,0.789473684210526,0.181818181818182,0.210526315789474,3.88636363636364,0.23030303030303
"2739",0.278,7.5217417967794,0.8,0.431590517660687,0.75,0.76,0.9,0.75,0.1,0.25,3.6,0.133333333333333
"2740",0.2755,7.52162886265199,0.8,0.392103701524666,0.75,0.855,0.9,0.75,0.1,0.25,3.6,0.133333333333333
"2741",0.374,9.03098022279432,0.866666666666667,0.380643569812009,0.75,0.833333333333333,0.666666666666667,0.952380952380952,0.333333333333333,0.0476190476190477,14,0.35
"2742",0.3185,7.51235730639252,0.9,0.34301622123294,0.769230769230769,0.819444444444445,0.833333333333333,0.916666666666667,0.166666666666667,0.0833333333333334,10,0.181818181818182
"2743",0.2025,6.5130081591025,0.8,0.447730493494561,0.8,0.855203619909502,0.923076923076923,0.705882352941177,0.0769230769230769,0.294117647058823,3.13846153846154,0.108974358974359
"2744",0.2725,7.51586390603672,0.8,0.430382510231065,0.769230769230769,0.822966507177033,0.909090909090909,0.736842105263158,0.0909090909090909,0.263157894736842,3.45454545454545,0.123376623376623
"2745",0.3045,7.51457594501683,0.8,0.392801234567003,0.7,0.792613636363636,0.875,0.772727272727273,0.125,0.227272727272727,3.85,0.161764705882353
"2746",0.29,7.51419170226833,0.9,0.388311063539242,0.869565217391304,0.9325,1,0.85,0,0.15,6.66666666666667,0
"2747",0.1985,6.54434612090974,0.833333333333333,0.423490889333635,0.782608695652174,0.822751322751323,1,0.761904761904762,0,0.238095238095238,4.2,0
"2748",0.2005,6.52279891887739,0.833333333333333,0.433736702399755,0.782608695652174,0.794258373205742,0.818181818181818,0.842105263157895,0.181818181818182,0.157894736842105,5.18181818181818,0.215909090909091
"2749",0.5005,9.50006426654164,0.866666666666667,0.371072244971648,0.666666666666667,0.892,0.8,0.88,0.2,0.12,6.66666666666667,0.227272727272727
"2750",0.7185,12.9352599718063,0.833333333333333,0.392092221412583,0.545454545454545,0.75,0.375,1,0.625,0,Inf,0.625
"2751",0.334,7.50792382421444,0.8,0.356739881758549,0.7,0.906832298136646,1,0.739130434782609,0,0.260869565217391,3.83333333333333,0
"2752",0.2215,6.52516588475955,0.666666666666667,0.427909708484919,0.5,0.650568181818182,0.625,0.681818181818182,0.375,0.318181818181818,1.96428571428571,0.55
"2753",0.2365,7.07230035453456,0.733333333333333,0.43130020692614,0.666666666666667,0.784688995215311,0.727272727272727,0.736842105263158,0.272727272727273,0.263157894736842,2.76363636363636,0.37012987012987
"2754",0.409,8.51200526611051,0.9,0.343806015367579,0.823529411764706,0.93167701863354,1,0.869565217391304,0,0.130434782608696,7.66666666666667,0
"2755",0.2705,7.52051577476653,0.8,0.414039828794624,0.75,0.863636363636364,0.818181818181818,0.789473684210526,0.181818181818182,0.210526315789474,3.88636363636364,0.23030303030303
"2756",0.3475,9.03483047068189,0.833333333333333,0.407332437885966,0.736842105263158,0.825358851674641,0.636363636363636,0.947368421052632,0.363636363636364,0.0526315789473685,12.0909090909091,0.383838383838384
"2757",0.29,7.51210447095476,0.8,0.393539635324245,0.7,0.857142857142857,0.777777777777778,0.80952380952381,0.222222222222222,0.19047619047619,4.08333333333333,0.274509803921569
"2758",0.225,6.87838484897653,0.6,0.453931603453175,0.5,0.713068181818182,0.75,0.545454545454545,0.25,0.454545454545455,1.65,0.458333333333333
"2759",0.289,7.5154153916084,0.766666666666667,0.411957077038051,0.72,0.785,0.9,0.7,0.1,0.3,3,0.142857142857143
"2760",0.3015,7.5299217394922,0.7,0.470472971945796,0.608695652173913,0.682539682539683,0.777777777777778,0.666666666666667,0.222222222222222,0.333333333333333,2.33333333333333,0.333333333333333
"2761",0.287,7.51379612430905,0.866666666666667,0.389763928542679,0.833333333333333,0.9275,1,0.8,0,0.2,5,0
"2762",0.225,7.51856316180608,0.833333333333333,0.471635364449043,0.814814814814815,0.834821428571428,0.785714285714286,0.875,0.214285714285714,0.125,6.28571428571429,0.244897959183673
"2763",0.421,8.51292638542836,0.8,0.40333604545446,0.625,0.778409090909091,0.625,0.863636363636364,0.375,0.136363636363636,4.58333333333333,0.434210526315789
"2764",0.7375,9.84842819337547,0.833333333333333,0.424095342152153,0.444444444444444,0.858024691358025,0.666666666666667,0.851851851851852,0.333333333333333,0.148148148148148,4.5,0.391304347826087
"2765",0.4595,10.50261268125,0.833333333333333,0.397807874480208,0.705882352941177,0.827751196172249,0.545454545454545,1,0.454545454545455,0,Inf,0.454545454545455
"2766",0.313,8.50492167640076,0.933333333333333,0.388249955036001,0.9,0.913875598086124,0.818181818181818,1,0.181818181818182,0,Inf,0.181818181818182
"2767",0.2585,7.51091333979194,0.833333333333333,0.423376025517361,0.782608695652174,0.803827751196172,0.818181818181818,0.842105263157895,0.181818181818182,0.157894736842105,5.18181818181818,0.215909090909091
"2768",0.56,9.49373106055646,0.8,0.415508244272646,0.666666666666667,0.76984126984127,0.666666666666667,0.857142857142857,0.333333333333333,0.142857142857143,4.66666666666667,0.388888888888889
"2769",0.2135,7.51350038138663,0.8,0.498028767453683,0.785714285714286,0.828125,0.785714285714286,0.8125,0.214285714285714,0.1875,4.19047619047619,0.263736263736264
"2770",0.3115,7.51105358524134,0.733333333333333,0.396321655858322,0.6,0.757763975155279,0.857142857142857,0.695652173913043,0.142857142857143,0.304347826086957,2.81632653061224,0.205357142857143
"2771",0.243,6.52713331601039,0.733333333333333,0.394217707933341,0.666666666666667,0.783068783068783,0.888888888888889,0.666666666666667,0.111111111111111,0.333333333333333,2.66666666666667,0.166666666666667
"2772",0.2635,7.51491360989815,0.833333333333333,0.423937737660952,0.736842105263158,0.845,0.7,0.9,0.3,0.1,7,0.333333333333333
"2773",0.295,7.52297745641835,0.866666666666667,0.363005606621873,0.833333333333333,0.8925,1,0.8,0,0.2,5,0
"2774",0.272,7.51663098125399,0.833333333333333,0.407066128450189,0.761904761904762,0.855,0.8,0.85,0.2,0.15,5.33333333333333,0.235294117647059
"2775",0.1595,6.54784096213438,0.733333333333333,0.460328322849756,0.764705882352941,0.790178571428571,0.928571428571429,0.5625,0.0714285714285714,0.4375,2.12244897959184,0.126984126984127
"2776",0.3935,9.50827563819716,0.866666666666667,0.369947272176212,0.777777777777778,0.91,0.7,0.95,0.3,0.05,14,0.315789473684211
"2777",0.245,7.06950043075441,0.766666666666667,0.424837783937407,0.72,0.796650717703349,0.818181818181818,0.736842105263158,0.181818181818182,0.263157894736842,3.10909090909091,0.246753246753247
"2778",0.242,7.12165671809176,0.8,0.390505250244232,0.75,0.85,0.9,0.75,0.1,0.25,3.6,0.133333333333333
"2779",0.242,7.14629771635257,0.7,0.445517046383802,0.689655172413793,0.744019138755981,0.909090909090909,0.578947368421053,0.0909090909090909,0.421052631578947,2.15909090909091,0.15702479338843
"2780",0.341,8.5101099377506,0.833333333333333,0.399865584520164,0.761904761904762,0.8575,0.8,0.85,0.2,0.15,5.33333333333333,0.235294117647059
"2781",0.4195,8.51015628148448,0.933333333333333,0.312609863542122,0.875,0.953416149068323,1,0.91304347826087,0,0.0869565217391305,11.5,0
"2782",0.244,6.51802284035921,0.6,0.429356546926032,0.4,0.5625,0.666666666666667,0.583333333333333,0.333333333333333,0.416666666666667,1.6,0.571428571428572
"2783",0.289,7.50915076753456,0.866666666666667,0.375292151001452,0.8,0.933862433862434,0.888888888888889,0.857142857142857,0.111111111111111,0.142857142857143,6.22222222222222,0.12962962962963
"2784",0.411,9.50080357250967,0.9,0.357914460030961,0.769230769230769,0.823863636363636,0.625,1,0.375,0,Inf,0.375
"2785",0.2185,7.05833178559554,0.9,0.470490893964379,0.903225806451613,0.910714285714286,1,0.8125,0,0.1875,5.33333333333333,0
"2786",0.261,7.52918314914516,0.833333333333333,0.411386679586793,0.736842105263158,0.835978835978836,0.777777777777778,0.857142857142857,0.222222222222222,0.142857142857143,5.44444444444444,0.259259259259259
"2787",0.17,6.18832112166416,0.733333333333333,0.438504367970816,0.714285714285714,0.805,1,0.6,0,0.4,2.5,0
"2788",0.588,9.49079324614108,0.833333333333333,0.396118398030579,0.705882352941177,0.806818181818182,0.75,0.863636363636364,0.25,0.136363636363636,5.5,0.289473684210526
"2789",0.249,7.05814437833291,0.833333333333333,0.404950849192268,0.8,0.897129186602871,0.909090909090909,0.789473684210526,0.0909090909090909,0.210526315789474,4.31818181818182,0.115151515151515
"2790",0.2985,7.51415464404842,0.8,0.39216678162651,0.625,0.798136645962733,0.714285714285714,0.826086956521739,0.285714285714286,0.173913043478261,4.10714285714286,0.345864661654135
"2791",0.266,7.52137870405025,0.833333333333333,0.401815041674426,0.736842105263158,0.81,0.7,0.9,0.3,0.1,7,0.333333333333333
"2792",0.241,7.51069042063334,0.966666666666667,0.445586143983478,0.956521739130435,0.951388888888889,0.916666666666667,1,0.0833333333333334,0,Inf,0.0833333333333334
"2793",0.3335,7.51614089813583,0.766666666666667,0.368707101086687,0.588235294117647,0.836805555555556,0.833333333333333,0.75,0.166666666666667,0.25,3.33333333333333,0.222222222222222
"2794",0.2365,7.51807663156157,0.833333333333333,0.454827542210067,0.782608695652174,0.854166666666667,0.75,0.888888888888889,0.25,0.111111111111111,6.75,0.28125
"2795",0.2515,7.5123627297235,0.766666666666667,0.441718291734736,0.758620689655172,0.82579185520362,0.846153846153846,0.705882352941177,0.153846153846154,0.294117647058823,2.87692307692308,0.217948717948718
"2796",0.2135,6.52369487179586,0.6,0.44693899870997,0.571428571428571,0.6925,0.8,0.5,0.2,0.5,1.6,0.4
"2797",0.2715,7.5027677740117,0.833333333333333,0.404939935496551,0.814814814814815,0.900462962962963,0.916666666666667,0.777777777777778,0.0833333333333334,0.222222222222222,4.125,0.107142857142857
"2798",0.2805,7.51516527708502,0.833333333333333,0.397109886970012,0.761904761904762,0.865,0.8,0.85,0.2,0.15,5.33333333333333,0.235294117647059
"2799",0.3135,7.5106485257649,0.833333333333333,0.351335387241333,0.615384615384615,0.822916666666667,0.666666666666667,0.875,0.333333333333333,0.125,5.33333333333333,0.380952380952381
"2800",0.24,7.52373944125323,0.9,0.44615088850072,0.869565217391304,0.912037037037037,0.833333333333333,0.944444444444444,0.166666666666667,0.0555555555555556,15,0.176470588235294
"2801",0.4605,9.50293235257342,0.8,0.40296846793285,0.571428571428571,0.730113636363636,0.5,0.909090909090909,0.5,0.0909090909090909,5.5,0.55
"2802",0.2795,7.53452340179082,0.733333333333333,0.441680716499086,0.692307692307692,0.753588516746411,0.818181818181818,0.684210526315789,0.181818181818182,0.315789473684211,2.59090909090909,0.265734265734266
"2803",0.6155,9.48000080553711,0.766666666666667,0.476444070430894,0.588235294117647,0.645502645502645,0.555555555555556,0.857142857142857,0.444444444444444,0.142857142857143,3.88888888888889,0.518518518518518
"2804",0.392,9.02624185351104,0.8,0.400630646185952,0.666666666666667,0.8325,0.6,0.9,0.4,0.1,6,0.444444444444444
"2805",0.268,7.51758376426682,0.833333333333333,0.408878726658654,0.761904761904762,0.8125,0.8,0.85,0.2,0.15,5.33333333333333,0.235294117647059
"2806",0.2665,7.51324055687876,0.9,0.407237149167578,0.869565217391304,0.906698564593301,0.909090909090909,0.894736842105263,0.0909090909090909,0.105263157894737,8.63636363636364,0.101604278074866
"2807",0.195,7.17977129519821,0.766666666666667,0.450801326399267,0.72,0.756944444444444,0.75,0.777777777777778,0.25,0.222222222222222,3.375,0.321428571428571
"2808",0.186,7.11159258435147,0.766666666666667,0.506231478619324,0.72,0.721719457013575,0.692307692307692,0.823529411764706,0.307692307692308,0.176470588235294,3.92307692307692,0.373626373626374
"2809",0.4185,8.50730918901868,0.733333333333333,0.436305495004996,0.636363636363636,0.775,0.7,0.75,0.3,0.25,2.8,0.4
"2810",0.2835,7.51329698839431,0.833333333333333,0.397829607230061,0.782608695652174,0.8675,0.9,0.8,0.1,0.2,4.5,0.125
"2811",0.258,7.51337515990148,0.833333333333333,0.425049547535906,0.8,0.872685185185185,0.833333333333333,0.833333333333333,0.166666666666667,0.166666666666667,5,0.2
"2812",0.2505,7.06242580643269,0.833333333333333,0.406464475701556,0.8,0.830143540669856,0.909090909090909,0.789473684210526,0.0909090909090909,0.210526315789474,4.31818181818182,0.115151515151515
"2813",0.251,7.51764202587667,0.7,0.471791351411006,0.709677419354839,0.721719457013575,0.846153846153846,0.588235294117647,0.153846153846154,0.411764705882353,2.05494505494506,0.261538461538462
"2814",0.2125,7.52750987537353,0.8,0.495808770752236,0.769230769230769,0.839366515837104,0.769230769230769,0.823529411764706,0.230769230769231,0.176470588235294,4.35897435897436,0.28021978021978
"2815",0.271,7.51772707389276,0.733333333333333,0.423508475201343,0.636363636363636,0.77,0.7,0.75,0.3,0.25,2.8,0.4
"2816",0.4045,8.50111150329552,0.9,0.334457179950466,0.769230769230769,0.952,1,0.88,0,0.12,8.33333333333333,0
"2817",0.3045,7.51784718040714,0.866666666666667,0.364294655734712,0.818181818181818,0.944444444444444,1,0.80952380952381,0,0.19047619047619,5.25,0
"2818",0.2895,7.52730087207948,0.766666666666667,0.406158433994093,0.695652173913043,0.801587301587302,0.888888888888889,0.714285714285714,0.111111111111111,0.285714285714286,3.11111111111111,0.155555555555556
"2819",0.2755,7.51444287964188,0.866666666666667,0.40610575704441,0.818181818181818,0.91,0.9,0.85,0.1,0.15,6,0.117647058823529
"2820",0.255,7.53584445374448,0.8,0.445866552329616,0.727272727272727,0.7775,0.8,0.8,0.2,0.2,4,0.25
"2821",0.2775,7.51651238801531,0.833333333333333,0.390128586463813,0.705882352941177,0.833333333333333,0.666666666666667,0.904761904761905,0.333333333333333,0.0952380952380952,7,0.368421052631579
"2822",0.413,8.51235606600302,0.833333333333333,0.384979332423719,0.761904761904762,0.85,0.8,0.85,0.2,0.15,5.33333333333333,0.235294117647059
"2823",0.2975,7.50781026373813,0.7,0.398163962110227,0.64,0.7975,0.8,0.65,0.2,0.35,2.28571428571429,0.307692307692308
"2824",0.629,9.92446269060799,0.833333333333333,0.399273865666813,0.705882352941177,0.783068783068783,0.666666666666667,0.904761904761905,0.333333333333333,0.0952380952380952,7,0.368421052631579
"2825",0.2565,7.51566819195591,0.733333333333333,0.442219161984072,0.692307692307692,0.759259259259259,0.75,0.722222222222222,0.25,0.277777777777778,2.7,0.346153846153846
"2826",0.3015,7.73382935399376,0.766666666666667,0.399001228555448,0.666666666666667,0.804232804232804,0.777777777777778,0.761904761904762,0.222222222222222,0.238095238095238,3.26666666666667,0.291666666666667
"2827",0.304,7.51337932663178,0.833333333333333,0.377326979879695,0.761904761904762,0.891534391534392,0.888888888888889,0.80952380952381,0.111111111111111,0.19047619047619,4.66666666666667,0.137254901960784
"2828",0.198,6.5300857626752,0.666666666666667,0.46144639646785,0.642857142857143,0.69377990430622,0.818181818181818,0.578947368421053,0.181818181818182,0.421052631578947,1.94318181818182,0.314049586776859
"2829",0.425,8.50601302629906,0.933333333333333,0.317733662481825,0.9,0.933862433862434,1,0.904761904761905,0,0.0952380952380952,10.5,0
"2830",0.365,8.50873590111965,0.9,0.345890418005518,0.8,0.926136363636364,0.75,0.954545454545455,0.25,0.0454545454545454,16.5,0.261904761904762
"2831",0.28,7.51080359078864,0.8,0.412127511551013,0.666666666666667,0.777777777777778,0.666666666666667,0.857142857142857,0.333333333333333,0.142857142857143,4.66666666666667,0.388888888888889
"2832",0.2475,7.52137293321328,0.8,0.448831930872531,0.785714285714286,0.812217194570136,0.846153846153846,0.764705882352941,0.153846153846154,0.235294117647059,3.59615384615385,0.201183431952663
"2833",0.301,7.51937186129264,0.866666666666667,0.378451146712414,0.8,0.872159090909091,1,0.818181818181818,0,0.181818181818182,5.5,0
"2834",0.283,7.52667658528865,0.766666666666667,0.435509457269968,0.695652173913043,0.767195767195767,0.888888888888889,0.714285714285714,0.111111111111111,0.285714285714286,3.11111111111111,0.155555555555556
"2835",0.265,7.53641795178722,0.7,0.451702504968056,0.526315789473684,0.661931818181818,0.625,0.727272727272727,0.375,0.272727272727273,2.29166666666667,0.515625
"2836",0.2975,7.51103074187056,0.833333333333333,0.381088478381597,0.8,0.89,1,0.75,0,0.25,4,0
"2837",0.2385,7.52637643715409,0.9,0.422309517245963,0.896551724137931,0.886160714285714,0.928571428571429,0.875,0.0714285714285714,0.125,7.42857142857143,0.0816326530612245
"2838",0.2605,7.06041772749251,0.9,0.373600245970817,0.842105263157895,0.925925925925926,0.888888888888889,0.904761904761905,0.111111111111111,0.0952380952380952,9.33333333333333,0.12280701754386
"2839",0.2365,7.13079638886704,0.833333333333333,0.395113587181666,0.761904761904762,0.878306878306878,0.888888888888889,0.80952380952381,0.111111111111111,0.19047619047619,4.66666666666667,0.137254901960784
"2840",0.4005,8.61087290065799,0.866666666666667,0.340171213503342,0.666666666666667,0.795138888888889,0.666666666666667,0.916666666666667,0.333333333333333,0.0833333333333334,8,0.363636363636364
"2841",0.296,7.62458624645276,0.766666666666667,0.39488156385273,0.666666666666667,0.814814814814815,0.777777777777778,0.761904761904762,0.222222222222222,0.238095238095238,3.26666666666667,0.291666666666667
"2842",0.297,7.50607727264243,0.866666666666667,0.367406505420141,0.8,0.928977272727273,1,0.818181818181818,0,0.181818181818182,5.5,0
"2843",0.423,9.49841889158912,0.866666666666667,0.357083792230535,0.75,0.911931818181818,0.75,0.909090909090909,0.25,0.0909090909090909,8.25,0.275
"2844",0.3925,8.05558307318065,0.8,0.39472359157558,0.7,0.8125,0.875,0.772727272727273,0.125,0.227272727272727,3.85,0.161764705882353
"2845",0.2535,7.51226138871437,0.766666666666667,0.43769097384506,0.758620689655172,0.843891402714932,0.846153846153846,0.705882352941177,0.153846153846154,0.294117647058823,2.87692307692308,0.217948717948718
"2846",0.311,7.51522250994482,0.833333333333333,0.371304218334823,0.782608695652174,0.904761904761905,1,0.761904761904762,0,0.238095238095238,4.2,0
"2847",0.298,7.50881184867303,0.833333333333333,0.37777226583218,0.761904761904762,0.915343915343915,0.888888888888889,0.80952380952381,0.111111111111111,0.19047619047619,4.66666666666667,0.137254901960784
"2848",0.177,6.5355365882429,0.833333333333333,0.403929580811649,0.705882352941177,0.847826086956522,0.857142857142857,0.826086956521739,0.142857142857143,0.173913043478261,4.92857142857143,0.172932330827068
"2849",0.47,10.4981370153381,0.833333333333333,0.399636800671373,0.615384615384615,0.80952380952381,0.444444444444444,1,0.555555555555556,0,Inf,0.555555555555556
"2850",0.312,8.51598472523632,0.833333333333333,0.435109811673459,0.736842105263158,0.767942583732057,0.636363636363636,0.947368421052632,0.363636363636364,0.0526315789473685,12.0909090909091,0.383838383838384
"2851",0.2245,6.51733930247345,0.633333333333333,0.428592804265333,0.592592592592593,0.73,0.8,0.55,0.2,0.45,1.77777777777778,0.363636363636364
"2852",0.503,10.0035135368184,0.866666666666667,0.361452970265388,0.666666666666667,0.826086956521739,0.571428571428571,0.956521739130435,0.428571428571429,0.0434782608695652,13.1428571428572,0.448051948051948
"2853",0.3095,7.51309798874345,0.733333333333333,0.408468716899623,0.666666666666667,0.783068783068783,0.888888888888889,0.666666666666667,0.111111111111111,0.333333333333333,2.66666666666667,0.166666666666667
"2854",0.2385,7.06165698033073,0.8,0.44593864282219,0.8125,0.83710407239819,1,0.647058823529412,0,0.352941176470588,2.83333333333333,0
"2855",0.2055,6.52415499227052,0.7,0.430833904511821,0.526315789473684,0.684659090909091,0.625,0.727272727272727,0.375,0.272727272727273,2.29166666666667,0.515625
"2856",0.3285,7.52309203331958,0.8,0.387426239303294,0.7,0.875776397515528,1,0.739130434782609,0,0.260869565217391,3.83333333333333,0
"2857",0.33,8.50130024686168,0.866666666666667,0.390219566280812,0.8,0.905,0.8,0.9,0.2,0.1,8,0.222222222222222
"2858",0.2985,7.51729935368878,0.966666666666667,0.358989618599901,0.941176470588235,0.96875,1,0.954545454545455,0,0.0454545454545454,22,0
"2859",0.373,7.52043432318899,0.733333333333333,0.419140182456767,0.5,0.817307692307692,1,0.692307692307692,0,0.307692307692308,3.25,0
"2860",0.329,7.51988248142686,0.766666666666667,0.381863684291272,0.666666666666667,0.860248447204969,1,0.695652173913043,0,0.304347826086957,3.28571428571429,0
"2861",0.2265,7.51933722825612,0.8,0.479838672908832,0.785714285714286,0.783482142857143,0.785714285714286,0.8125,0.214285714285714,0.1875,4.19047619047619,0.263736263736264
"2862",0.4655,10.0019151193202,0.9,0.35965651682858,0.727272727272727,0.81055900621118,0.571428571428571,1,0.428571428571429,0,Inf,0.428571428571429
"2863",0.275,7.53289691472415,0.733333333333333,0.465238202041677,0.692307692307692,0.715,0.9,0.65,0.1,0.35,2.57142857142857,0.153846153846154
"2864",0.282,7.51821830968465,0.866666666666667,0.389665813850058,0.833333333333333,0.9225,1,0.8,0,0.2,5,0
"2865",0.2795,7.52409339055409,0.866666666666667,0.3711513402526,0.818181818181818,0.9125,0.9,0.85,0.1,0.15,6,0.117647058823529
"2866",0.3,7.51823223768693,0.766666666666667,0.399925575800956,0.695652173913043,0.840909090909091,1,0.681818181818182,0,0.318181818181818,3.14285714285714,0
"2867",0.3005,7.52484825811819,0.8,0.389277749604574,0.7,0.846590909090909,0.875,0.772727272727273,0.125,0.227272727272727,3.85,0.161764705882353
"2868",0.382,8.08997696742245,0.733333333333333,0.469191326537063,0.636363636363636,0.7125,0.7,0.75,0.3,0.25,2.8,0.4
"2869",0.597,9.48106698385888,0.8,0.458964930840013,0.571428571428571,0.622159090909091,0.5,0.909090909090909,0.5,0.0909090909090909,5.5,0.55
"2870",0.3845,9.5090904291986,0.9,0.37156410090692,0.842105263157895,0.945,0.8,0.95,0.2,0.05,16,0.210526315789474
"2871",0.2045,6.50901165641054,0.733333333333333,0.452177983217304,0.75,0.812217194570136,0.923076923076923,0.588235294117647,0.0769230769230769,0.411764705882353,2.24175824175824,0.130769230769231
"2872",0.311,7.51732555693732,0.7,0.407702900179657,0.526315789473684,0.717391304347826,0.714285714285714,0.695652173913043,0.285714285714286,0.304347826086957,2.3469387755102,0.410714285714286
"2873",0.2635,7.50676603112632,0.933333333333333,0.417103557842087,0.923076923076923,0.956018518518518,1,0.888888888888889,0,0.111111111111111,9,0
"2874",0.3145,7.51433602595985,0.8,0.366824744777769,0.727272727272727,0.877840909090909,1,0.727272727272727,0,0.272727272727273,3.66666666666667,0
"2875",0.394,8.50734386983057,0.9,0.337170426373621,0.8,0.947916666666667,1,0.875,0,0.125,8,0
"2876",0.3015,7.52006202217688,0.833333333333333,0.376579945903282,0.705882352941177,0.866459627329192,0.857142857142857,0.826086956521739,0.142857142857143,0.173913043478261,4.92857142857143,0.172932330827068
"2877",0.272,7.53487949244915,0.766666666666667,0.424664727925539,0.666666666666667,0.743386243386243,0.777777777777778,0.761904761904762,0.222222222222222,0.238095238095238,3.26666666666667,0.291666666666667
"2878",0.509,9.49932875131771,0.833333333333333,0.397703909760369,0.705882352941177,0.798941798941799,0.666666666666667,0.904761904761905,0.333333333333333,0.0952380952380952,7,0.368421052631579
"2879",0.264,7.50924626923243,0.833333333333333,0.434489107130069,0.814814814814815,0.861111111111111,0.916666666666667,0.777777777777778,0.0833333333333334,0.222222222222222,4.125,0.107142857142857
"2880",0.2245,7.54374646710194,0.8,0.467624291817529,0.727272727272727,0.741626794258373,0.727272727272727,0.842105263157895,0.272727272727273,0.157894736842105,4.6060606060606,0.323863636363636
"2881",0.4745,9.01307045855772,0.766666666666667,0.427263218957636,0.666666666666667,0.791866028708134,0.636363636363636,0.842105263157895,0.363636363636364,0.157894736842105,4.03030303030303,0.431818181818182
"2882",0.2165,6.51576843592768,0.933333333333333,0.419708076436977,0.909090909090909,0.952153110047847,0.909090909090909,0.947368421052632,0.0909090909090909,0.0526315789473685,17.2727272727273,0.095959595959596
"2883",0.134,6.5391593258299,0.833333333333333,0.489896919848497,0.838709677419355,0.834821428571429,0.928571428571429,0.75,0.0714285714285714,0.25,3.71428571428571,0.0952380952380952
"2884",0.3505,7.51327405766029,0.833333333333333,0.343674239057087,0.705882352941177,0.916666666666667,1,0.791666666666667,0,0.208333333333333,4.8,0
"2885",0.2925,7.52618796162613,0.733333333333333,0.408136053842911,0.636363636363636,0.793650793650794,0.777777777777778,0.714285714285714,0.222222222222222,0.285714285714286,2.72222222222222,0.311111111111111
"2886",0.386,8.50837254987806,0.866666666666667,0.334988704661935,0.75,0.934782608695652,0.857142857142857,0.869565217391304,0.142857142857143,0.130434782608696,6.57142857142857,0.164285714285714
"2887",0.311,7.52090821062168,0.8,0.368297545776472,0.7,0.883522727272727,0.875,0.772727272727273,0.125,0.227272727272727,3.85,0.161764705882353
"2888",0.3235,7.50941313774019,0.9,0.344306563412225,0.823529411764706,0.944099378881988,1,0.869565217391304,0,0.130434782608696,7.66666666666667,0
"2889",0.4505,9.50240748051511,0.8,0.415421117459949,0.666666666666667,0.722222222222222,0.666666666666667,0.857142857142857,0.333333333333333,0.142857142857143,4.66666666666667,0.388888888888889
"2890",0.1635,6.56079714550014,0.633333333333333,0.497331408247023,0.476190476190476,0.670807453416149,0.714285714285714,0.608695652173913,0.285714285714286,0.391304347826087,1.82539682539683,0.469387755102041
"2891",0.3255,7.52463392162101,0.733333333333333,0.399581964046082,0.6,0.826086956521739,0.857142857142857,0.695652173913043,0.142857142857143,0.304347826086957,2.81632653061224,0.205357142857143
"2892",0.102,5.54998441495624,0.7,0.454770302148007,0.709677419354839,0.780092592592593,0.916666666666667,0.555555555555556,0.0833333333333334,0.444444444444444,2.0625,0.15
"2893",0.3345,8.51454689328599,0.766666666666667,0.435502191536696,0.631578947368421,0.7275,0.6,0.85,0.4,0.15,4,0.470588235294118
"2894",0.466,9.01501508754881,0.9,0.317848372988252,0.823529411764706,0.917613636363636,0.875,0.909090909090909,0.125,0.0909090909090909,9.625,0.1375
"2895",0.292,7.51448803493392,0.8,0.399622862695795,0.769230769230769,0.8775,1,0.7,0,0.3,3.33333333333333,0
"2896",0.2735,7.52046810544505,0.8,0.42347320075747,0.769230769230769,0.811004784688995,0.909090909090909,0.736842105263158,0.0909090909090909,0.263157894736842,3.45454545454545,0.123376623376623
"2897",0.275,7.51557348082614,0.766666666666667,0.423000478160179,0.72,0.82,0.9,0.7,0.1,0.3,3,0.142857142857143
"2898",0.485,9.50297831880742,0.833333333333333,0.395638169817762,0.8,0.846153846153846,0.769230769230769,0.882352941176471,0.230769230769231,0.117647058823529,6.53846153846154,0.261538461538461
"2899",0.2615,7.13550819614749,0.8,0.388666989592969,0.666666666666667,0.788819875776397,0.857142857142857,0.782608695652174,0.142857142857143,0.217391304347826,3.94285714285714,0.182539682539683
"2900",0.2745,7.52871109690061,0.766666666666667,0.41379387953629,0.631578947368421,0.803977272727273,0.75,0.772727272727273,0.25,0.227272727272727,3.3,0.323529411764706
"2901",0.2275,6.52044052017252,0.766666666666667,0.410370890940791,0.695652173913043,0.8325,0.8,0.75,0.2,0.25,3.2,0.266666666666667
"2902",0.2765,7.51962502694208,0.766666666666667,0.413290337174714,0.695652173913043,0.8225,0.8,0.75,0.2,0.25,3.2,0.266666666666667
"2903",0.269,7.52754161754015,0.8,0.408906943877788,0.785714285714286,0.819444444444444,0.916666666666667,0.722222222222222,0.0833333333333334,0.277777777777778,3.3,0.115384615384615
"2904",0.267,7.03859469173891,0.9,0.368476584450331,0.857142857142857,0.9175,0.9,0.9,0.1,0.1,9,0.111111111111111
"2905",0.3025,7.51377765244499,0.733333333333333,0.412316589263507,0.555555555555556,0.701863354037267,0.714285714285714,0.739130434782609,0.285714285714286,0.260869565217391,2.73809523809524,0.38655462184874
"2906",0.193,7.16112531653611,0.766666666666667,0.478697298485537,0.740740740740741,0.777777777777778,0.833333333333333,0.722222222222222,0.166666666666667,0.277777777777778,3,0.230769230769231
"2907",0.244,6.07102576398309,0.733333333333333,0.36471067299616,0.636363636363636,0.860248447204969,1,0.652173913043478,0,0.347826086956522,2.875,0
"2908",0.312,7.52191423604591,0.8,0.399826357392559,0.7,0.852272727272727,0.875,0.772727272727273,0.125,0.227272727272727,3.85,0.161764705882353
"2909",0.564,9.48934397661642,0.766666666666667,0.440376371330108,0.695652173913043,0.759259259259259,0.666666666666667,0.833333333333333,0.333333333333333,0.166666666666667,4,0.4
"2910",0.3,7.51085444326204,0.733333333333333,0.38212290414847,0.666666666666667,0.862433862433862,0.888888888888889,0.666666666666667,0.111111111111111,0.333333333333333,2.66666666666667,0.166666666666667
"2911",0.406,9.50623731988166,0.9,0.370570557092609,0.769230769230769,0.863636363636364,0.625,1,0.375,0,Inf,0.375
"2912",0.3125,7.51372303860628,0.8,0.375697553761977,0.571428571428571,0.739583333333333,0.666666666666667,0.833333333333333,0.333333333333333,0.166666666666667,4,0.4
"2913",0.292,7.52989402993709,0.733333333333333,0.421506149051591,0.714285714285714,0.801435406698565,0.909090909090909,0.631578947368421,0.0909090909090909,0.368421052631579,2.46753246753247,0.143939393939394
"2914",0.158,6.55253928422759,0.666666666666667,0.478250742398578,0.642857142857143,0.708133971291866,0.818181818181818,0.578947368421053,0.181818181818182,0.421052631578947,1.94318181818182,0.314049586776859
"2915",0.3015,7.52959129178927,0.766666666666667,0.424915760855435,0.72,0.7975,0.9,0.7,0.1,0.3,3,0.142857142857143
"2916",0.3765,8.50718950122909,0.9,0.344063170631977,0.727272727272727,0.947916666666667,0.666666666666667,0.958333333333333,0.333333333333333,0.0416666666666666,16,0.347826086956522
"2917",0.4295,9.49787541881382,0.866666666666667,0.390309118442483,0.777777777777778,0.817460317460317,0.777777777777778,0.904761904761905,0.222222222222222,0.0952380952380952,8.16666666666667,0.245614035087719
"2918",0.2985,7.51524657300187,0.733333333333333,0.410777562032249,0.636363636363636,0.751322751322751,0.777777777777778,0.714285714285714,0.222222222222222,0.285714285714286,2.72222222222222,0.311111111111111
"2919",0.3155,7.52215601029437,0.833333333333333,0.350956762599727,0.761904761904762,0.911931818181818,1,0.772727272727273,0,0.227272727272727,4.4,0
"2920",0.2495,7.51108275103386,0.833333333333333,0.440736322894851,0.8,0.856481481481482,0.833333333333333,0.833333333333333,0.166666666666667,0.166666666666667,5,0.2
"2921",0.7495,12.4815638513534,0.866666666666667,0.406225517783346,0.5,0.711805555555556,0.333333333333333,1,0.666666666666667,0,Inf,0.666666666666667
"2922",0.2685,7.52152003499305,0.766666666666667,0.421808397056669,0.666666666666667,0.7525,0.7,0.8,0.3,0.2,3.5,0.375
"2923",0.194,6.54179996647378,0.866666666666667,0.405090857303749,0.833333333333333,0.8825,1,0.8,0,0.2,5,0
"2924",0.3165,8.51334217183172,0.833333333333333,0.417467599251942,0.782608695652174,0.875598086124402,0.818181818181818,0.842105263157895,0.181818181818182,0.157894736842105,5.18181818181818,0.215909090909091
"2925",0.2745,7.51224390741448,0.833333333333333,0.409817431584587,0.761904761904762,0.82,0.8,0.85,0.2,0.15,5.33333333333333,0.235294117647059
"2926",0.242,7.51943312296848,0.8,0.439284780248845,0.769230769230769,0.843891402714932,0.769230769230769,0.823529411764706,0.230769230769231,0.176470588235294,4.35897435897436,0.28021978021978
"2927",0.24,7.53064672503318,0.8,0.43386485732614,0.769230769230769,0.787037037037037,0.833333333333333,0.777777777777778,0.166666666666667,0.222222222222222,3.75,0.214285714285714
"2928",0.2975,7.5108470743406,0.866666666666667,0.372520660541437,0.833333333333333,0.9225,1,0.8,0,0.2,5,0
"2929",0.321,7.51449352913609,0.733333333333333,0.391900303304511,0.555555555555556,0.770186335403727,0.714285714285714,0.739130434782609,0.285714285714286,0.260869565217391,2.73809523809524,0.38655462184874
"2930",0.301,7.51543191137234,0.733333333333333,0.398042797178742,0.555555555555556,0.758522727272727,0.625,0.772727272727273,0.375,0.227272727272727,2.75,0.485294117647059
"2931",0.456,9.50075596392712,0.833333333333333,0.371160294906717,0.666666666666667,0.857142857142857,0.714285714285714,0.869565217391304,0.285714285714286,0.130434782608696,5.47619047619048,0.328571428571429
"2932",0.267,7.51447417738716,0.9,0.409656207612971,0.869565217391304,0.911483253588517,0.909090909090909,0.894736842105263,0.0909090909090909,0.105263157894737,8.63636363636364,0.101604278074866
"2933",0.3195,7.52336168541363,0.766666666666667,0.388941678873701,0.695652173913043,0.862433862433862,0.888888888888889,0.714285714285714,0.111111111111111,0.285714285714286,3.11111111111111,0.155555555555556
"2934",0.222,7.52085922359779,0.8,0.476598730780035,0.769230769230769,0.790178571428571,0.714285714285714,0.875,0.285714285714286,0.125,5.71428571428571,0.326530612244898
"2935",0.27,7.53211204062861,0.733333333333333,0.448604538635653,0.666666666666667,0.7675,0.8,0.7,0.2,0.3,2.66666666666667,0.285714285714286
"2936",0.287,7.51046953073918,0.9,0.367115232888627,0.823529411764706,0.867724867724868,0.777777777777778,0.952380952380952,0.222222222222222,0.0476190476190477,16.3333333333333,0.233333333333333
"2937",0.285,7.50719950655772,0.766666666666667,0.39488857697765,0.631578947368421,0.812169312169312,0.666666666666667,0.80952380952381,0.333333333333333,0.19047619047619,3.5,0.411764705882353
"2938",0.2765,7.51450109122565,0.966666666666667,0.384974501336431,0.952380952380952,0.965,1,0.95,0,0.05,20,0
"2939",0.257,7.53504235444914,0.8,0.446894359053894,0.769230769230769,0.782407407407407,0.833333333333333,0.777777777777778,0.166666666666667,0.222222222222222,3.75,0.214285714285714
"2940",0.2485,7.52071921378128,0.866666666666667,0.439637121470459,0.818181818181818,0.832535885167464,0.818181818181818,0.894736842105263,0.181818181818182,0.105263157894737,7.77272727272727,0.203208556149733
"2941",0.4405,9.50746213962693,0.833333333333333,0.389941771074675,0.761904761904762,0.8225,0.8,0.85,0.2,0.15,5.33333333333333,0.235294117647059
"2942",0.363,8.50745179392072,0.866666666666667,0.370491479382972,0.714285714285714,0.835227272727273,0.625,0.954545454545455,0.375,0.0454545454545454,13.75,0.392857142857143
"2943",0.244,7.52014214515037,0.8,0.442288612134333,0.727272727272727,0.811004784688995,0.727272727272727,0.842105263157895,0.272727272727273,0.157894736842105,4.6060606060606,0.323863636363636
"2944",0.1535,5.51900180333852,0.8,0.466628889872672,0.8,0.852941176470588,0.923076923076923,0.705882352941177,0.0769230769230769,0.294117647058823,3.13846153846154,0.108974358974359
"2945",0.252,7.51545602604464,0.866666666666667,0.437464892546171,0.846153846153846,0.893518518518518,0.916666666666667,0.833333333333333,0.0833333333333334,0.166666666666667,5.5,0.1
"2946",0.344,8.50962783988314,0.866666666666667,0.361996136710782,0.818181818181818,0.9375,0.9,0.85,0.1,0.15,6,0.117647058823529
"2947",0.2035,7.50190915597212,0.9,0.513311536353993,0.903225806451613,0.917410714285714,0.875,0.928571428571429,0.125,0.0714285714285714,12.25,0.134615384615385
"2948",0.4505,9.50158268732921,0.966666666666667,0.337627441005445,0.923076923076923,0.965277777777778,1,0.958333333333333,0,0.0416666666666666,24,0
"2949",0.275,7.51700295136656,0.8,0.401402019859889,0.7,0.830687830687831,0.777777777777778,0.80952380952381,0.222222222222222,0.19047619047619,4.08333333333333,0.274509803921569
"2950",0.283,7.51286716132566,0.8,0.398102680000596,0.7,0.838624338624339,0.777777777777778,0.80952380952381,0.222222222222222,0.19047619047619,4.08333333333333,0.274509803921569
"2951",0.355,8.51236808587355,0.866666666666667,0.361672879924265,0.777777777777778,0.87037037037037,0.777777777777778,0.904761904761905,0.222222222222222,0.0952380952380952,8.16666666666667,0.245614035087719
"2952",0.307,7.50829551662577,0.8,0.369307079782492,0.7,0.852272727272727,0.875,0.772727272727273,0.125,0.227272727272727,3.85,0.161764705882353
"2953",0.238,7.54123011975696,0.833333333333333,0.439262593516734,0.736842105263158,0.7775,0.7,0.9,0.3,0.1,7,0.333333333333333
"2954",0.2785,7.52526771639972,0.866666666666667,0.399244073548139,0.846153846153846,0.875598086124402,1,0.789473684210526,0,0.210526315789474,4.75,0
"2955",0.2055,7.08381180409881,0.766666666666667,0.494479230646351,0.758620689655172,0.755656108597285,0.846153846153846,0.705882352941177,0.153846153846154,0.294117647058823,2.87692307692308,0.217948717948718
"2956",0.2915,7.51538167304684,0.833333333333333,0.406732938831071,0.736842105263158,0.792613636363636,0.875,0.818181818181818,0.125,0.181818181818182,4.8125,0.152777777777778
"2957",0.233,6.51361129278482,0.733333333333333,0.409675949784483,0.714285714285714,0.811004784688995,0.909090909090909,0.631578947368421,0.0909090909090909,0.368421052631579,2.46753246753247,0.143939393939394
"2958",0.2845,7.51972118039486,0.7,0.445745084635437,0.571428571428571,0.666666666666667,0.666666666666667,0.714285714285714,0.333333333333333,0.285714285714286,2.33333333333333,0.466666666666667
"2959",0.195,6.54114890942856,0.733333333333333,0.416267535561093,0.636363636363636,0.792613636363636,0.875,0.681818181818182,0.125,0.318181818181818,2.75,0.183333333333333
"2960",0.32,7.5192794176582,0.8,0.348745852826182,0.7,0.900621118012422,1,0.739130434782609,0,0.260869565217391,3.83333333333333,0
"2961",0.335,8.50989924234219,0.9,0.364329523134772,0.857142857142857,0.895,0.9,0.9,0.1,0.1,9,0.111111111111111
"2962",0.249,6.51579466184896,0.733333333333333,0.373523997894239,0.6,0.77639751552795,0.857142857142857,0.695652173913043,0.142857142857143,0.304347826086957,2.81632653061224,0.205357142857143
"2963",0.369,8.50836259604491,0.866666666666667,0.360977792442014,0.75,0.826704545454545,0.75,0.909090909090909,0.25,0.0909090909090909,8.25,0.275
"2964",0.285,7.50923793533059,0.866666666666667,0.383060689424877,0.846153846153846,0.937799043062201,1,0.789473684210526,0,0.210526315789474,4.75,0
"2965",0.256,7.51138029888152,0.733333333333333,0.444211479584062,0.75,0.83710407239819,0.923076923076923,0.588235294117647,0.0769230769230769,0.411764705882353,2.24175824175824,0.130769230769231
"2966",0.2475,7.5292360497176,0.8,0.424817121616994,0.8,0.834841628959276,0.923076923076923,0.705882352941177,0.0769230769230769,0.294117647058823,3.13846153846154,0.108974358974359
"2967",0.3625,8.50993630019541,0.866666666666667,0.35843366723417,0.777777777777778,0.931818181818182,0.875,0.863636363636364,0.125,0.136363636363636,6.41666666666667,0.144736842105263
"2968",0.3555,8.51161974955514,0.833333333333333,0.381746429961281,0.666666666666667,0.849431818181818,0.625,0.909090909090909,0.375,0.0909090909090909,6.875,0.4125
"2969",0.337,7.52125324755712,0.766666666666667,0.434438342014492,0.666666666666667,0.804347826086957,1,0.695652173913043,0,0.304347826086957,3.28571428571429,0
"2970",0.294,7.51200145389561,0.7,0.405380485738169,0.571428571428571,0.724431818181818,0.75,0.681818181818182,0.25,0.318181818181818,2.35714285714286,0.366666666666667
"2971",0.274,7.5172526300275,0.8,0.417460895852295,0.75,0.82,0.9,0.75,0.1,0.25,3.6,0.133333333333333
"2972",0.273,7.51187037659224,0.766666666666667,0.42113184217863,0.695652173913043,0.8025,0.8,0.75,0.2,0.25,3.2,0.266666666666667
"2973",0.298,7.51483015966417,0.766666666666667,0.404861040644398,0.631578947368421,0.775568181818182,0.75,0.772727272727273,0.25,0.227272727272727,3.3,0.323529411764706
"2974",0.288,7.51159664357624,0.8,0.381597924507488,0.75,0.8775,0.9,0.75,0.1,0.25,3.6,0.133333333333333
"2975",0.306,7.51669678510205,0.866666666666667,0.35883605265381,0.777777777777778,0.931818181818182,0.875,0.863636363636364,0.125,0.136363636363636,6.41666666666667,0.144736842105263
"2976",0.2845,7.51713824321085,0.766666666666667,0.403602609936566,0.666666666666667,0.788359788359788,0.777777777777778,0.761904761904762,0.222222222222222,0.238095238095238,3.26666666666667,0.291666666666667
"2977",0.2365,7.1362313062076,0.833333333333333,0.406658691529676,0.761904761904762,0.793650793650794,0.888888888888889,0.80952380952381,0.111111111111111,0.19047619047619,4.66666666666667,0.137254901960784
"2978",0.356,8.51084161816326,0.766666666666667,0.409535746818614,0.588235294117647,0.772486772486772,0.555555555555556,0.857142857142857,0.444444444444444,0.142857142857143,3.88888888888889,0.518518518518518
"2979",0.237,6.5232285925176,0.7,0.403674820437161,0.608695652173913,0.784090909090909,0.875,0.636363636363636,0.125,0.363636363636364,2.40625,0.196428571428571
"2980",0.314,7.52121980655522,0.8,0.38258743154118,0.666666666666667,0.819875776397516,0.857142857142857,0.782608695652174,0.142857142857143,0.217391304347826,3.94285714285714,0.182539682539683
"2981",0.174,5.512798320941,0.9,0.445083667897476,0.896551724137931,0.959276018099547,1,0.823529411764706,0,0.176470588235294,5.66666666666667,0
"2982",0.343,8.50817024806048,0.766666666666667,0.416059300849191,0.695652173913043,0.782296650717703,0.727272727272727,0.789473684210526,0.272727272727273,0.210526315789474,3.45454545454546,0.345454545454545
"2983",0.3855,8.51590475269683,0.833333333333333,0.402734285235284,0.705882352941177,0.801587301587302,0.666666666666667,0.904761904761905,0.333333333333333,0.0952380952380952,7,0.368421052631579
"2984",0.327,7.50912366197091,0.7,0.387337926592842,0.4,0.612,0.6,0.72,0.4,0.28,2.14285714285714,0.555555555555556
"2985",0.245,7.51694757449122,0.8,0.45418258431095,0.8,0.877828054298643,0.923076923076923,0.705882352941177,0.0769230769230769,0.294117647058823,3.13846153846154,0.108974358974359
"2986",0.213,7.54532743102925,0.766666666666667,0.479728414710932,0.72,0.729166666666667,0.75,0.777777777777778,0.25,0.222222222222222,3.375,0.321428571428571
"2987",0.3375,8.5083174049142,0.833333333333333,0.387402208785577,0.736842105263158,0.8775,0.7,0.9,0.3,0.1,7,0.333333333333333
"2988",0.4985,9.50464239718765,0.833333333333333,0.377565322946349,0.666666666666667,0.871527777777778,0.833333333333333,0.833333333333333,0.166666666666667,0.166666666666667,5,0.2
"2989",0.259,7.53427252460522,0.766666666666667,0.444691859289356,0.695652173913043,0.7375,0.8,0.75,0.2,0.25,3.2,0.266666666666667
"2990",0.2685,7.52977462787105,0.733333333333333,0.431830430423045,0.666666666666667,0.79,0.8,0.7,0.2,0.3,2.66666666666667,0.285714285714286
"2991",0.2915,7.51903453975575,0.666666666666667,0.430022381938504,0.583333333333333,0.698412698412698,0.777777777777778,0.619047619047619,0.222222222222222,0.380952380952381,2.04166666666667,0.358974358974359
"2992",0.394,9.02488313299454,0.933333333333333,0.335026285684517,0.833333333333333,0.972049689440994,0.714285714285714,1,0.285714285714286,0,Inf,0.285714285714286
"2993",0.1945,6.52161581915867,0.833333333333333,0.457883547338343,0.827586206896552,0.868778280542986,0.923076923076923,0.764705882352941,0.0769230769230769,0.235294117647059,3.92307692307692,0.100591715976331
"2994",0.2895,7.51592141817389,0.833333333333333,0.397748388065618,0.8,0.885,1,0.75,0,0.25,4,0
"2995",0.209,6.52155396851645,0.7,0.439273519938581,0.666666666666667,0.796650717703349,0.818181818181818,0.631578947368421,0.181818181818182,0.368421052631579,2.22077922077922,0.287878787878788
"2996",0.612,12.0341854005461,0.866666666666667,0.360967661966089,0.666666666666667,0.818181818181818,0.5,1,0.5,0,Inf,0.5
"2997",0.491,10.0028428734142,0.933333333333333,0.328059513390413,0.8,0.952,0.8,0.96,0.2,0.04,20,0.208333333333333
"2998",0.216,7.5396269533409,0.833333333333333,0.454458119836198,0.782608695652174,0.798611111111111,0.75,0.888888888888889,0.25,0.111111111111111,6.75,0.28125
"2999",0.3265,7.51275802964105,0.866666666666667,0.343660713915577,0.75,0.93167701863354,0.857142857142857,0.869565217391304,0.142857142857143,0.130434782608696,6.57142857142857,0.164285714285714
"3000",0.3275,7.50538320753602,0.866666666666667,0.361130965696795,0.75,0.899305555555556,1,0.833333333333333,0,0.166666666666667,6,0
"3001",0.2975,7.51623796309868,0.866666666666667,0.364884865082703,0.8,0.854497354497355,0.888888888888889,0.857142857142857,0.111111111111111,0.142857142857143,6.22222222222222,0.12962962962963
"3002",0.2645,7.50956271671929,0.866666666666667,0.415557049770773,0.833333333333333,0.854066985645933,0.909090909090909,0.842105263157895,0.0909090909090909,0.157894736842105,5.75757575757576,0.107954545454545
"3003",0.265,7.50783118480596,0.866666666666667,0.410960993919168,0.846153846153846,0.925925925925926,0.916666666666667,0.833333333333333,0.0833333333333334,0.166666666666667,5.5,0.1
"3004",0.284,7.52654958628031,0.7,0.437221524207825,0.689655172413793,0.794258373205742,0.909090909090909,0.578947368421053,0.0909090909090909,0.421052631578947,2.15909090909091,0.15702479338843
"3005",0.2585,7.51562319091303,0.8,0.426009198334056,0.727272727272727,0.849282296650718,0.727272727272727,0.842105263157895,0.272727272727273,0.157894736842105,4.6060606060606,0.323863636363636
"3006",0.233,7.14640434494322,0.766666666666667,0.424897051382434,0.666666666666667,0.78042328042328,0.777777777777778,0.761904761904762,0.222222222222222,0.238095238095238,3.26666666666667,0.291666666666667
"3007",0.2765,6.51991501049886,0.733333333333333,0.352253616857155,0.636363636363636,0.875776397515528,1,0.652173913043478,0,0.347826086956522,2.875,0
"3008",0.2465,6.52288903552527,0.833333333333333,0.375174362643105,0.705882352941177,0.875776397515528,0.857142857142857,0.826086956521739,0.142857142857143,0.173913043478261,4.92857142857143,0.172932330827068
"3009",0.156,6.55305051336383,0.766666666666667,0.448871045453723,0.666666666666667,0.735449735449735,0.777777777777778,0.761904761904762,0.222222222222222,0.238095238095238,3.26666666666667,0.291666666666667
"3010",0.273,7.51244183898741,0.8,0.427033482763738,0.785714285714286,0.827751196172249,1,0.684210526315789,0,0.315789473684211,3.16666666666667,0
"3011",0.2235,6.52215960791436,0.666666666666667,0.420842212239227,0.615384615384615,0.7775,0.8,0.6,0.2,0.4,2,0.333333333333333
"3012",0.319,7.52512375226903,0.8,0.422488350388541,0.625,0.760416666666667,0.833333333333333,0.791666666666667,0.166666666666667,0.208333333333333,4,0.210526315789474
"3013",0.2945,7.51328070562068,0.866666666666667,0.372383538014982,0.714285714285714,0.77639751552795,0.714285714285714,0.91304347826087,0.285714285714286,0.0869565217391305,8.21428571428571,0.312925170068027
"3014",0.212,7.54197107662614,0.866666666666667,0.473003332346552,0.833333333333333,0.849537037037037,0.833333333333333,0.888888888888889,0.166666666666667,0.111111111111111,7.5,0.1875
"3015",0.5215,9.49612251370666,0.9,0.333663801656388,0.769230769230769,0.925465838509317,0.714285714285714,0.956521739130435,0.285714285714286,0.0434782608695652,16.4285714285714,0.298701298701299
"3016",0.2805,7.50793732609728,0.833333333333333,0.395535111904902,0.8,0.911483253588517,0.909090909090909,0.789473684210526,0.0909090909090909,0.210526315789474,4.31818181818182,0.115151515151515
"3017",0.408,8.50652830882862,0.866666666666667,0.354676950731876,0.75,0.903409090909091,0.75,0.909090909090909,0.25,0.0909090909090909,8.25,0.275
"3018",0.6415,11.9569189533429,0.9,0.354435672586223,0.571428571428571,0.848,0.4,1,0.6,0,Inf,0.6
"3019",0.343,7.5057883845345,0.833333333333333,0.347699907976745,0.666666666666667,0.904,1,0.8,0,0.2,5,0
"3020",0.291,7.51400321665028,0.8,0.377131336031922,0.7,0.830687830687831,0.777777777777778,0.80952380952381,0.222222222222222,0.19047619047619,4.08333333333333,0.274509803921569
"3021",0.239,7.51631378772745,0.7,0.468016423071736,0.709677419354839,0.763392857142857,0.785714285714286,0.625,0.214285714285714,0.375,2.0952380952381,0.342857142857143
"3022",0.2585,7.12238265816213,0.733333333333333,0.399075109035895,0.555555555555556,0.767361111111111,0.833333333333333,0.708333333333333,0.166666666666667,0.291666666666667,2.85714285714286,0.235294117647059
"3023",0.4325,9.50152463863394,0.866666666666667,0.363289425466605,0.714285714285714,0.894409937888199,0.714285714285714,0.91304347826087,0.285714285714286,0.0869565217391305,8.21428571428571,0.312925170068027
"3024",0.299,7.51800037998871,0.9,0.364807844278896,0.823529411764706,0.931818181818182,0.875,0.909090909090909,0.125,0.0909090909090909,9.625,0.1375
"3025",0.1125,6.56499501826024,0.7,0.530301097243758,0.689655172413793,0.671945701357466,0.769230769230769,0.647058823529412,0.230769230769231,0.352941176470588,2.17948717948718,0.356643356643357
"3026",0.2595,7.51920778445542,0.8,0.429964110793975,0.727272727272727,0.777511961722488,0.727272727272727,0.842105263157895,0.272727272727273,0.157894736842105,4.6060606060606,0.323863636363636
"3027",0.205,7.15789057348255,0.833333333333333,0.440632404136461,0.761904761904762,0.7975,0.8,0.85,0.2,0.15,5.33333333333333,0.235294117647059
"3028",0.197,6.52369786093206,0.7,0.464582910053253,0.666666666666667,0.73444976076555,0.818181818181818,0.631578947368421,0.181818181818182,0.368421052631579,2.22077922077922,0.287878787878788
"3029",0.167,6.53918799750648,0.833333333333333,0.421052119101641,0.8,0.856459330143541,0.909090909090909,0.789473684210526,0.0909090909090909,0.210526315789474,4.31818181818182,0.115151515151515
"3030",0.2925,7.52206711919267,0.9,0.34147214700632,0.857142857142857,0.933862433862434,1,0.857142857142857,0,0.142857142857143,7,0
"3031",0.162,6.54732206243263,0.766666666666667,0.446224547200631,0.631578947368421,0.784090909090909,0.75,0.772727272727273,0.25,0.227272727272727,3.3,0.323529411764706
"3032",0.2085,6.53273542620067,0.833333333333333,0.40545112403135,0.782608695652174,0.841269841269841,1,0.761904761904762,0,0.238095238095238,4.2,0
"3033",0.267,7.51255227349859,0.9,0.410158474814566,0.869565217391304,0.92822966507177,0.909090909090909,0.894736842105263,0.0909090909090909,0.105263157894737,8.63636363636364,0.101604278074866
"3034",0.16,6.54940894819188,0.733333333333333,0.455327101663869,0.714285714285714,0.729166666666667,0.833333333333333,0.666666666666667,0.166666666666667,0.333333333333333,2.5,0.25
"3035",0.579,9.48804563928891,0.833333333333333,0.397672940252031,0.666666666666667,0.81055900621118,0.714285714285714,0.869565217391304,0.285714285714286,0.130434782608696,5.47619047619048,0.328571428571429
"3036",0.2465,7.5170289377705,0.866666666666667,0.44069149764312,0.833333333333333,0.895833333333333,0.833333333333333,0.888888888888889,0.166666666666667,0.111111111111111,7.5,0.1875
"3037",0.3125,7.50532061496625,0.8,0.367321026540416,0.666666666666667,0.863354037267081,0.857142857142857,0.782608695652174,0.142857142857143,0.217391304347826,3.94285714285714,0.182539682539683
"3038",0.2385,7.06752566991742,0.833333333333333,0.41883594890612,0.761904761904762,0.8075,0.8,0.85,0.2,0.15,5.33333333333333,0.235294117647059
"3039",0.267,7.5237537000041,0.833333333333333,0.411239734844332,0.8,0.854066985645933,0.909090909090909,0.789473684210526,0.0909090909090909,0.210526315789474,4.31818181818182,0.115151515151515
"3040",0.2845,7.52099162701491,0.766666666666667,0.410883101121603,0.740740740740741,0.837320574162679,0.909090909090909,0.684210526315789,0.0909090909090909,0.315789473684211,2.87878787878788,0.132867132867133
"3041",0.228,6.51264508146707,0.833333333333333,0.393125389471707,0.761904761904762,0.854497354497354,0.888888888888889,0.80952380952381,0.111111111111111,0.19047619047619,4.66666666666667,0.137254901960784
"3042",0.287,7.51842677127046,0.766666666666667,0.419252732045515,0.72,0.785,0.9,0.7,0.1,0.3,3,0.142857142857143
"3043",0.2345,6.51635402685065,0.733333333333333,0.405511039526265,0.636363636363636,0.785714285714286,0.777777777777778,0.714285714285714,0.222222222222222,0.285714285714286,2.72222222222222,0.311111111111111
"3044",0.3235,7.51840439374982,0.766666666666667,0.35784627402075,0.588235294117647,0.847222222222222,0.833333333333333,0.75,0.166666666666667,0.25,3.33333333333333,0.222222222222222
"3045",0.5905,9.48565507937655,0.8,0.439614182946509,0.625,0.715909090909091,0.625,0.863636363636364,0.375,0.136363636363636,4.58333333333333,0.434210526315789
"3046",0.281,7.51012510255663,0.8,0.411540070297681,0.727272727272727,0.801587301587302,0.888888888888889,0.761904761904762,0.111111111111111,0.238095238095238,3.73333333333333,0.145833333333333
"3047",0.2795,7.5122421844792,0.866666666666667,0.385420656453651,0.75,0.840909090909091,0.75,0.909090909090909,0.25,0.0909090909090909,8.25,0.275
"3048",0.235,7.51716476526821,0.833333333333333,0.457047484362831,0.814814814814815,0.864253393665158,0.846153846153846,0.823529411764706,0.153846153846154,0.176470588235294,4.79487179487179,0.186813186813187
"3049",0.26,7.0631200526014,0.766666666666667,0.397919088304357,0.666666666666667,0.841269841269841,0.777777777777778,0.761904761904762,0.222222222222222,0.238095238095238,3.26666666666667,0.291666666666667
"3050",0.2145,7.08175790810516,0.833333333333333,0.450302326524421,0.782608695652174,0.791666666666667,0.75,0.888888888888889,0.25,0.111111111111111,6.75,0.28125
"3051",0.5725,10.4956043304286,0.866666666666667,0.359745458573378,0.6,0.9,0.6,0.92,0.4,0.08,7.5,0.434782608695652
"3052",0.3225,7.52394511448733,0.666666666666667,0.448502790469078,0.583333333333333,0.713068181818182,0.875,0.590909090909091,0.125,0.409090909090909,2.13888888888889,0.211538461538462
"3053",0.3055,7.61447736613856,0.733333333333333,0.379128058696139,0.666666666666667,0.841269841269841,0.888888888888889,0.666666666666667,0.111111111111111,0.333333333333333,2.66666666666667,0.166666666666667
"3054",0.537,9.49635048118993,0.833333333333333,0.391839340036593,0.736842105263158,0.825396825396825,0.777777777777778,0.857142857142857,0.222222222222222,0.142857142857143,5.44444444444444,0.259259259259259
"3055",0.229,7.14194895050244,0.8,0.42016530762494,0.666666666666667,0.823863636363636,0.75,0.818181818181818,0.25,0.181818181818182,4.125,0.305555555555556
"3056",0.2565,7.53283210910429,0.8,0.436716729847787,0.727272727272727,0.7975,0.8,0.8,0.2,0.2,4,0.25
"3057",0.278,7.52091217930231,0.8,0.407363176373615,0.75,0.811004784688995,0.818181818181818,0.789473684210526,0.181818181818182,0.210526315789474,3.88636363636364,0.23030303030303
"3058",0.576,10.495912683555,0.9,0.363811893111875,0.571428571428571,0.855769230769231,0.5,0.961538461538462,0.5,0.0384615384615384,13,0.52
"3059",0.2335,7.51704685225087,0.9,0.455655478102362,0.88,0.852941176470588,0.846153846153846,0.941176470588235,0.153846153846154,0.0588235294117647,14.3846153846154,0.163461538461538
"3060",0.8185,10.4471615725634,0.8,0.472881534429099,0.625,0.767080745341615,0.714285714285714,0.826086956521739,0.285714285714286,0.173913043478261,4.10714285714286,0.345864661654135
"3061",0.2025,6.53846596893357,0.766666666666667,0.400928710384205,0.631578947368421,0.835403726708075,0.857142857142857,0.739130434782609,0.142857142857143,0.260869565217391,3.28571428571429,0.19327731092437
"3062",0.463,9.54109499952836,0.9,0.32630538905487,0.666666666666667,0.94,0.6,0.96,0.4,0.04,15,0.416666666666667
"3063",0.22,7.51247436418953,0.866666666666667,0.491241391978193,0.866666666666667,0.906666666666667,0.866666666666667,0.866666666666667,0.133333333333333,0.133333333333333,6.5,0.153846153846154
"3064",0.393,9.50190197698348,0.9,0.36675451261185,0.823529411764706,0.944444444444444,0.777777777777778,0.952380952380952,0.222222222222222,0.0476190476190477,16.3333333333333,0.233333333333333
"3065",0.2745,7.53694689548693,0.733333333333333,0.434619581523046,0.6,0.706349206349206,0.666666666666667,0.761904761904762,0.333333333333333,0.238095238095238,2.8,0.4375
"3066",0.31,7.50519742394405,0.866666666666667,0.364052169000205,0.8,0.931818181818182,1,0.818181818181818,0,0.181818181818182,5.5,0
"3067",0.2825,7.51480191422208,0.833333333333333,0.403666849319077,0.761904761904762,0.806878306878307,0.888888888888889,0.80952380952381,0.111111111111111,0.19047619047619,4.66666666666667,0.137254901960784
"3068",0.2825,7.51406852171587,0.8,0.389907198103232,0.727272727272727,0.875,0.8,0.8,0.2,0.2,4,0.25
"3069",0.268,7.51618641321945,0.8,0.417502918979935,0.727272727272727,0.8175,0.8,0.8,0.2,0.2,4,0.25
"3070",0.6195,9.48192311627335,0.833333333333333,0.417277768386286,0.666666666666667,0.773291925465838,0.714285714285714,0.869565217391304,0.285714285714286,0.130434782608696,5.47619047619048,0.328571428571429
"3071",0.2115,6.51958552260822,0.666666666666667,0.446475970810304,0.615384615384615,0.6825,0.8,0.6,0.2,0.4,2,0.333333333333333
"3072",0.3075,7.52723258740597,0.733333333333333,0.420990733543332,0.692307692307692,0.8,0.9,0.65,0.1,0.35,2.57142857142857,0.153846153846154
"3073",0.289,7.52092540604847,0.933333333333333,0.376117939723667,0.909090909090909,0.9675,1,0.9,0,0.1,10,0
"3074",0.619,9.48214089273235,0.766666666666667,0.436874001487456,0.631578947368421,0.78125,0.75,0.772727272727273,0.25,0.227272727272727,3.3,0.323529411764706
"3075",0.259,7.50757673630452,0.9,0.409651676465181,0.842105263157895,0.895,0.8,0.95,0.2,0.05,16,0.210526315789474
"3076",0.27,7.50634662482887,0.866666666666667,0.401284987247438,0.818181818181818,0.901913875598086,0.818181818181818,0.894736842105263,0.181818181818182,0.105263157894737,7.77272727272727,0.203208556149733
"3077",0.18,6.54403737113805,0.733333333333333,0.421307521668358,0.6,0.747159090909091,0.75,0.727272727272727,0.25,0.272727272727273,2.75,0.34375
"3078",0.46,9.50511447641057,0.833333333333333,0.36908706336949,0.666666666666667,0.857142857142857,0.714285714285714,0.869565217391304,0.285714285714286,0.130434782608696,5.47619047619048,0.328571428571429
"3079",0.2725,7.52491152133996,0.9,0.385777434283509,0.869565217391304,0.935,1,0.85,0,0.15,6.66666666666667,0
"3080",0.6475,12.4937089165212,0.9,0.350050203007534,0.769230769230769,0.866477272727273,0.625,1,0.375,0,Inf,0.375
"3081",0.329,7.50635724509869,0.833333333333333,0.360306141140405,0.736842105263158,0.903726708074534,1,0.782608695652174,0,0.217391304347826,4.6,0
"3082",0.2825,7.52104828749023,0.866666666666667,0.376710299265491,0.777777777777778,0.835978835978836,0.777777777777778,0.904761904761905,0.222222222222222,0.0952380952380952,8.16666666666667,0.245614035087719
"3083",0.4945,10.4993378296028,0.933333333333333,0.338281447304533,0.8,0.871527777777778,0.666666666666667,1,0.333333333333333,0,Inf,0.333333333333333
"3084",0.2935,7.50954311802804,0.866666666666667,0.382958347688238,0.818181818181818,0.912698412698413,1,0.80952380952381,0,0.19047619047619,5.25,0
"3085",0.5665,9.49120096214901,0.833333333333333,0.408346239346976,0.705882352941177,0.812169312169312,0.666666666666667,0.904761904761905,0.333333333333333,0.0952380952380952,7,0.368421052631579
"3086",0.2725,7.53502353276483,0.766666666666667,0.433624999451541,0.631578947368421,0.715909090909091,0.75,0.772727272727273,0.25,0.227272727272727,3.3,0.323529411764706
"3087",0.295,7.52744018621204,0.8,0.404998256212962,0.7,0.817460317460317,0.777777777777778,0.80952380952381,0.222222222222222,0.19047619047619,4.08333333333333,0.274509803921569
"3088",0.364,8.50372783137201,0.833333333333333,0.365707051684566,0.761904761904762,0.912698412698413,0.888888888888889,0.80952380952381,0.111111111111111,0.19047619047619,4.66666666666667,0.137254901960784
"3089",0.4165,8.50413294899782,0.8,0.38028400195424,0.625,0.760416666666667,0.833333333333333,0.791666666666667,0.166666666666667,0.208333333333333,4,0.210526315789474
"3090",0.295,7.51862926535472,0.666666666666667,0.427564627397855,0.545454545454545,0.687830687830688,0.666666666666667,0.666666666666667,0.333333333333333,0.333333333333333,2,0.5
"3091",0.225,7.07032697104031,0.8,0.450965358040602,0.75,0.825358851674641,0.818181818181818,0.789473684210526,0.181818181818182,0.210526315789474,3.88636363636364,0.23030303030303
"3092",0.3585,7.51453423337859,0.733333333333333,0.373751453290349,0.428571428571429,0.730769230769231,0.75,0.730769230769231,0.25,0.269230769230769,2.78571428571429,0.342105263157895
"3093",0.28,7.51498143507451,0.933333333333333,0.376432716815285,0.888888888888889,0.886243386243386,0.888888888888889,0.952380952380952,0.111111111111111,0.0476190476190477,18.6666666666666,0.116666666666667
"3094",0.4515,8.50549832428194,0.866666666666667,0.351755746181993,0.6,0.875,0.75,0.884615384615385,0.25,0.115384615384615,6.5,0.282608695652174
"3095",0.315,7.51084847284471,0.866666666666667,0.355399400364289,0.8,0.914772727272727,1,0.818181818181818,0,0.181818181818182,5.5,0
"3096",0.284,7.52763673925723,0.8,0.396214705106812,0.75,0.8375,0.9,0.75,0.1,0.25,3.6,0.133333333333333
"3097",0.365,8.51307904371283,0.9,0.357454228076172,0.857142857142857,0.944444444444444,1,0.857142857142857,0,0.142857142857143,7,0
"3098",0.2535,7.12758142095924,0.733333333333333,0.405129354494428,0.733333333333333,0.821759259259259,0.916666666666667,0.611111111111111,0.0833333333333334,0.388888888888889,2.35714285714286,0.136363636363636
"3099",0.2535,7.07051981234867,0.833333333333333,0.389366673358282,0.736842105263158,0.817460317460317,0.777777777777778,0.857142857142857,0.222222222222222,0.142857142857143,5.44444444444444,0.259259259259259
"3100",0.354,8.50105662259226,0.866666666666667,0.368874419915157,0.8,0.91005291005291,0.888888888888889,0.857142857142857,0.111111111111111,0.142857142857143,6.22222222222222,0.12962962962963
"3101",0.281,7.50388836392539,0.9,0.384021057918371,0.857142857142857,0.8725,0.9,0.9,0.1,0.1,9,0.111111111111111
"3102",0.309,7.51013934359813,0.833333333333333,0.372505343222426,0.761904761904762,0.889204545454545,1,0.772727272727273,0,0.227272727272727,4.4,0
"3103",0.2925,7.51838067029684,0.8,0.378373939413523,0.666666666666667,0.815340909090909,0.75,0.818181818181818,0.25,0.181818181818182,4.125,0.305555555555556
"3104",0.1845,6.54144064407526,0.7,0.449932402001669,0.689655172413793,0.758373205741627,0.909090909090909,0.578947368421053,0.0909090909090909,0.421052631578947,2.15909090909091,0.15702479338843
"3105",0.285,7.51381236728235,0.9,0.379564278749858,0.857142857142857,0.925,0.9,0.9,0.1,0.1,9,0.111111111111111
"3106",0.2615,7.5287805814854,0.833333333333333,0.403815101672498,0.8,0.837320574162679,0.909090909090909,0.789473684210526,0.0909090909090909,0.210526315789474,4.31818181818182,0.115151515151515
"3107",0.1805,6.5415259656777,0.7,0.449872615549955,0.64,0.777777777777778,0.888888888888889,0.619047619047619,0.111111111111111,0.380952380952381,2.33333333333333,0.17948717948718
"3108",0.2975,7.50938427365033,0.933333333333333,0.365250813450099,0.9,0.981481481481482,1,0.904761904761905,0,0.0952380952380952,10.5,0
"3109",0.2995,7.52026074546252,0.766666666666667,0.389208485769109,0.588235294117647,0.701863354037267,0.714285714285714,0.782608695652174,0.285714285714286,0.217391304347826,3.28571428571429,0.365079365079365
"3110",0.2925,7.51197316180687,0.866666666666667,0.375396666807289,0.777777777777778,0.866477272727273,0.875,0.863636363636364,0.125,0.136363636363636,6.41666666666667,0.144736842105263
"3111",0.307,7.51693992367803,0.866666666666667,0.363679772268412,0.777777777777778,0.894886363636364,0.875,0.863636363636364,0.125,0.136363636363636,6.41666666666667,0.144736842105263
"3112",0.32,7.52587021428245,0.8,0.416844485663925,0.625,0.767361111111111,0.833333333333333,0.791666666666667,0.166666666666667,0.208333333333333,4,0.210526315789474
"3113",0.392,8.50085148575184,0.9,0.333025272197849,0.823529411764706,0.947204968944099,1,0.869565217391304,0,0.130434782608696,7.66666666666667,0
"3114",0.4465,9.50378595306515,0.866666666666667,0.370869305952159,0.777777777777778,0.897727272727273,0.875,0.863636363636364,0.125,0.136363636363636,6.41666666666667,0.144736842105263
"3115",0.2375,7.53356598817612,0.833333333333333,0.427344795307949,0.782608695652174,0.794258373205742,0.818181818181818,0.842105263157895,0.181818181818182,0.157894736842105,5.18181818181818,0.215909090909091
"3116",0.114,5.56457262043,0.6,0.482452747749062,0.647058823529412,0.705741626794258,1,0.368421052631579,0,0.631578947368421,1.58333333333333,0
"3117",0.3255,7.51457284133493,0.9,0.334445960661348,0.823529411764706,0.959627329192547,1,0.869565217391304,0,0.130434782608696,7.66666666666667,0
"3118",0.2855,7.51713930077075,0.666666666666667,0.467780569662826,0.615384615384615,0.665,0.8,0.6,0.2,0.4,2,0.333333333333333
"3119",0.342,7.5209085052326,0.766666666666667,0.407861303438825,0.666666666666667,0.841614906832298,1,0.695652173913043,0,0.304347826086957,3.28571428571429,0
"3120",0.457,8.50466028590162,0.833333333333333,0.361074853136147,0.545454545454545,0.901234567901235,1,0.814814814814815,0,0.185185185185185,5.4,0
"3121",0.2015,7.56926338791628,0.733333333333333,0.568018244124688,0.692307692307692,0.643518518518518,0.75,0.722222222222222,0.25,0.277777777777778,2.7,0.346153846153846
"3122",0.455,9.49925301619288,0.833333333333333,0.388610405946628,0.666666666666667,0.727272727272727,0.625,0.909090909090909,0.375,0.0909090909090909,6.875,0.4125
"3123",0.23,6.52920903751941,0.7,0.417318455902396,0.571428571428571,0.696022727272727,0.75,0.681818181818182,0.25,0.318181818181818,2.35714285714286,0.366666666666667
"3124",0.339,7.51585722754252,0.9,0.329452390942518,0.8,0.947916666666667,1,0.875,0,0.125,8,0
"3125",0.1775,5.50760471022422,0.833333333333333,0.436579343749685,0.838709677419355,0.918552036199095,1,0.705882352941177,0,0.294117647058823,3.4,0
"3126",0.4,8.50242174948279,0.8,0.374374677395467,0.625,0.84472049689441,0.714285714285714,0.826086956521739,0.285714285714286,0.173913043478261,4.10714285714286,0.345864661654135
"3127",0.278,7.10319856377712,0.866666666666667,0.34738184604924,0.777777777777778,0.894409937888199,1,0.826086956521739,0,0.173913043478261,5.75,0
"3128",0.2545,7.52298992817287,0.766666666666667,0.440696855055321,0.72,0.827751196172249,0.818181818181818,0.736842105263158,0.181818181818182,0.263157894736842,3.10909090909091,0.246753246753247
"3129",0.359,8.50973181839455,0.9,0.349576382134788,0.8,0.863636363636364,0.75,0.954545454545455,0.25,0.0454545454545454,16.5,0.261904761904762
"3130",0.4465,10.0160651112575,0.833333333333333,0.382811858533093,0.705882352941177,0.846560846560847,0.666666666666667,0.904761904761905,0.333333333333333,0.0952380952380952,7,0.368421052631579
"3131",0.267,7.513399691136,0.866666666666667,0.420172571757831,0.833333333333333,0.856459330143541,0.909090909090909,0.842105263157895,0.0909090909090909,0.157894736842105,5.75757575757576,0.107954545454545
"3132",0.2,6.51101599492993,0.8,0.449362118831924,0.769230769230769,0.87962962962963,0.833333333333333,0.777777777777778,0.166666666666667,0.222222222222222,3.75,0.214285714285714
"3133",0.2415,7.54060963025351,0.766666666666667,0.487216864321412,0.666666666666667,0.71957671957672,0.777777777777778,0.761904761904762,0.222222222222222,0.238095238095238,3.26666666666667,0.291666666666667
"3134",0.259,7.51285354789608,0.9,0.432862362957369,0.888888888888889,0.930555555555555,1,0.833333333333333,0,0.166666666666667,6,0
"3135",0.3,7.51822849098018,0.8,0.374957862617034,0.7,0.863636363636364,0.875,0.772727272727273,0.125,0.227272727272727,3.85,0.161764705882353
"3136",0.2675,7.5324126467214,0.733333333333333,0.467290608861604,0.733333333333333,0.743055555555556,0.916666666666667,0.611111111111111,0.0833333333333334,0.388888888888889,2.35714285714286,0.136363636363636
"3137",0.7245,12.4867463900618,0.933333333333333,0.373753363878359,0.75,0.88,0.6,1,0.4,0,Inf,0.4
"3138",0.288,7.51764972410746,0.733333333333333,0.409487195131071,0.555555555555556,0.732954545454545,0.625,0.772727272727273,0.375,0.227272727272727,2.75,0.485294117647059
"3139",0.2625,7.52881682671392,0.8,0.399653846757887,0.75,0.837320574162679,0.818181818181818,0.789473684210526,0.181818181818182,0.210526315789474,3.88636363636364,0.23030303030303
"3140",0.271,6.51543422544183,0.866666666666667,0.341672730411949,0.777777777777778,0.956521739130435,1,0.826086956521739,0,0.173913043478261,5.75,0
"3141",0.282,7.51492302719057,0.866666666666667,0.380607810906148,0.777777777777778,0.851851851851852,0.777777777777778,0.904761904761905,0.222222222222222,0.0952380952380952,8.16666666666667,0.245614035087719
"3142",0.2575,7.06177367559092,0.833333333333333,0.402444417354471,0.782608695652174,0.8575,0.9,0.8,0.1,0.2,4.5,0.125
"3143",0.272,7.51486728750722,0.9,0.392773011561567,0.842105263157895,0.88,0.8,0.95,0.2,0.05,16,0.210526315789474
"3144",0.4095,9.06096760874005,0.833333333333333,0.372610777560413,0.666666666666667,0.838068181818182,0.625,0.909090909090909,0.375,0.0909090909090909,6.875,0.4125
"3145",0.2925,7.51303233462952,0.833333333333333,0.396465447373346,0.705882352941177,0.823863636363636,0.75,0.863636363636364,0.25,0.136363636363636,5.5,0.289473684210526
"3146",0.2035,6.54864454305841,0.7,0.440982498921223,0.526315789473684,0.708333333333333,0.833333333333333,0.666666666666667,0.166666666666667,0.333333333333333,2.5,0.25
"3147",0.291,7.50750271738811,0.866666666666667,0.379625287457302,0.8,0.886243386243386,0.888888888888889,0.857142857142857,0.111111111111111,0.142857142857143,6.22222222222222,0.12962962962963
"3148",0.302,7.52696371171478,0.833333333333333,0.37212895863795,0.736842105263158,0.849431818181818,0.875,0.818181818181818,0.125,0.181818181818182,4.8125,0.152777777777778
"3149",0.38,9.50157255080668,0.866666666666667,0.390721622999762,0.8,0.930622009569378,0.727272727272727,0.947368421052632,0.272727272727273,0.0526315789473685,13.8181818181818,0.287878787878788
"3150",0.3305,8.51769697208196,0.8,0.401876664897594,0.727272727272727,0.856459330143541,0.727272727272727,0.842105263157895,0.272727272727273,0.157894736842105,4.6060606060606,0.323863636363636
"3151",0.2925,7.06012142270548,0.733333333333333,0.38993755646766,0.6,0.77639751552795,0.857142857142857,0.695652173913043,0.142857142857143,0.304347826086957,2.81632653061224,0.205357142857143
"3152",0.283,7.51272780822817,0.8,0.399691867218676,0.7,0.835978835978836,0.777777777777778,0.80952380952381,0.222222222222222,0.19047619047619,4.08333333333333,0.274509803921569
"3153",0.3365,7.52094229360984,0.733333333333333,0.417592347375936,0.6,0.804347826086957,0.857142857142857,0.695652173913043,0.142857142857143,0.304347826086957,2.81632653061224,0.205357142857143
"3154",0.2715,7.06280882028766,0.833333333333333,0.367892942759405,0.761904761904762,0.878306878306878,0.888888888888889,0.80952380952381,0.111111111111111,0.19047619047619,4.66666666666667,0.137254901960784
"3155",0.632,11.9661799055299,0.9,0.347426633746415,0.666666666666667,0.833333333333333,0.5,1,0.5,0,Inf,0.5
"3156",0.2785,7.51126116830772,0.866666666666667,0.397305692580247,0.833333333333333,0.885167464114832,0.909090909090909,0.842105263157895,0.0909090909090909,0.157894736842105,5.75757575757576,0.107954545454545
"3157",0.251,7.52365873461515,0.766666666666667,0.469014866173656,0.631578947368421,0.6625,0.6,0.85,0.4,0.15,4,0.470588235294118
"3158",0.271,7.53201922317066,0.766666666666667,0.441949505474311,0.758620689655172,0.787037037037037,0.916666666666667,0.666666666666667,0.0833333333333334,0.333333333333333,2.75,0.125
"3159",0.3425,8.51146846008354,0.766666666666667,0.417722133625456,0.695652173913043,0.770334928229665,0.727272727272727,0.789473684210526,0.272727272727273,0.210526315789474,3.45454545454546,0.345454545454545
"3160",0.4235,9.50685103332343,0.866666666666667,0.380689859242788,0.75,0.78042328042328,0.666666666666667,0.952380952380952,0.333333333333333,0.0476190476190477,14,0.35
"3161",0.209,6.52018870822146,0.8,0.445554289587355,0.785714285714286,0.842105263157895,1,0.684210526315789,0,0.315789473684211,3.16666666666667,0
"3162",0.345,7.51227126023332,0.766666666666667,0.373241825322314,0.461538461538462,0.6875,0.75,0.769230769230769,0.25,0.230769230769231,3.25,0.325
"3163",0.303,7.52490966771045,0.8,0.409363541578422,0.727272727272727,0.821022727272727,1,0.727272727272727,0,0.272727272727273,3.66666666666667,0
"3164",0.179,7.37155549177503,0.666666666666667,0.516538080730356,0.666666666666667,0.680803571428571,0.714285714285714,0.625,0.285714285714286,0.375,1.9047619047619,0.457142857142857
"3165",0.319,8.51388310811586,0.9,0.394598416596851,0.857142857142857,0.894736842105263,0.818181818181818,0.947368421052632,0.181818181818182,0.0526315789473685,15.5454545454545,0.191919191919192
"3166",0.363,9.03037615583389,0.866666666666667,0.376863950431047,0.75,0.925925925925926,0.666666666666667,0.952380952380952,0.333333333333333,0.0476190476190477,14,0.35
"3167",0.279,7.53257556776878,0.833333333333333,0.398105565013211,0.705882352941177,0.764204545454545,0.75,0.863636363636364,0.25,0.136363636363636,5.5,0.289473684210526
"3168",0.243,7.14888020479356,0.7,0.436544782007093,0.571428571428571,0.684659090909091,0.75,0.681818181818182,0.25,0.318181818181818,2.35714285714286,0.366666666666667
"3169",0.266,7.50401092709335,0.866666666666667,0.41698548868909,0.846153846153846,0.916666666666667,0.916666666666667,0.833333333333333,0.0833333333333334,0.166666666666667,5.5,0.1
"3170",0.2665,7.50798086663224,0.8,0.415956477983414,0.785714285714286,0.854166666666667,0.916666666666667,0.722222222222222,0.0833333333333334,0.277777777777778,3.3,0.115384615384615
"3171",0.171,6.53109175618505,0.766666666666667,0.482365823707665,0.740740740740741,0.764705882352941,0.769230769230769,0.764705882352941,0.230769230769231,0.235294117647059,3.26923076923077,0.301775147928994
"3172",0.277,7.5290335391341,0.733333333333333,0.442878416785699,0.636363636363636,0.732804232804233,0.777777777777778,0.714285714285714,0.222222222222222,0.285714285714286,2.72222222222222,0.311111111111111
"3173",0.334,8.57132607265277,0.9,0.379627004832797,0.842105263157895,0.895,0.8,0.95,0.2,0.05,16,0.210526315789474
"3174",0.2565,7.53091789123956,0.833333333333333,0.420601817237432,0.814814814814815,0.87037037037037,0.916666666666667,0.777777777777778,0.0833333333333334,0.222222222222222,4.125,0.107142857142857
"3175",0.224,6.50409804968446,0.766666666666667,0.417328621883858,0.758620689655172,0.884259259259259,0.916666666666667,0.666666666666667,0.0833333333333334,0.333333333333333,2.75,0.125
"3176",0.262,6.52186910383157,0.666666666666667,0.385600728703259,0.583333333333333,0.798295454545455,0.875,0.590909090909091,0.125,0.409090909090909,2.13888888888889,0.211538461538462
"3177",0.216,6.53204051649743,0.666666666666667,0.437008928425385,0.615384615384615,0.73,0.8,0.6,0.2,0.4,2,0.333333333333333
"3178",0.303,7.51747976458655,0.733333333333333,0.40936122848351,0.636363636363636,0.73015873015873,0.777777777777778,0.714285714285714,0.222222222222222,0.285714285714286,2.72222222222222,0.311111111111111
"3179",0.308,7.51484501763003,0.766666666666667,0.382269925126404,0.695652173913043,0.838624338624339,0.888888888888889,0.714285714285714,0.111111111111111,0.285714285714286,3.11111111111111,0.155555555555556
"3180",0.418,9.50435467602245,0.9,0.356890435113904,0.823529411764706,0.91005291005291,0.777777777777778,0.952380952380952,0.222222222222222,0.0476190476190477,16.3333333333333,0.233333333333333
"3181",0.262,7.51091939244601,0.733333333333333,0.449297359894407,0.692307692307692,0.751196172248804,0.818181818181818,0.684210526315789,0.181818181818182,0.315789473684211,2.59090909090909,0.265734265734266
"3182",0.291,7.52314825709662,0.833333333333333,0.420758836517914,0.814814814814815,0.834928229665072,1,0.736842105263158,0,0.263157894736842,3.8,0
"3183",0.4855,9.49828001756847,0.9,0.340793770498909,0.823529411764706,0.931216931216931,0.777777777777778,0.952380952380952,0.222222222222222,0.0476190476190477,16.3333333333333,0.233333333333333
"3184",0.1945,6.51818325938746,0.9,0.42979172449906,0.823529411764706,0.8575,0.7,1,0.3,0,Inf,0.3
"3185",0.471,9.50108259734174,0.866666666666667,0.356021256425564,0.714285714285714,0.847826086956522,0.714285714285714,0.91304347826087,0.285714285714286,0.0869565217391305,8.21428571428571,0.312925170068027
"3186",0.255,7.52792126045662,0.866666666666667,0.409638629025292,0.846153846153846,0.861111111111111,0.916666666666667,0.833333333333333,0.0833333333333334,0.166666666666667,5.5,0.1
"3187",0.4595,10.0904746830087,0.8,0.416787411203627,0.666666666666667,0.758373205741627,0.545454545454545,0.947368421052632,0.454545454545455,0.0526315789473685,10.3636363636364,0.47979797979798
"3188",0.2945,7.5146160383069,0.8,0.40035290002529,0.75,0.8125,0.9,0.75,0.1,0.25,3.6,0.133333333333333
"3189",0.263,7.51125951607864,0.866666666666667,0.413629159069214,0.818181818181818,0.911483253588517,0.818181818181818,0.894736842105263,0.181818181818182,0.105263157894737,7.77272727272727,0.203208556149733
"3190",0.2435,7.51291771120435,0.833333333333333,0.451385356195261,0.827586206896552,0.875,0.857142857142857,0.8125,0.142857142857143,0.1875,4.57142857142857,0.175824175824176
"3191",0.309,7.51093581634956,0.8,0.387077321264562,0.7,0.798295454545455,0.875,0.772727272727273,0.125,0.227272727272727,3.85,0.161764705882353
"3192",0.363,7.52221511980696,0.766666666666667,0.434883752435831,0.631578947368421,0.836805555555556,1,0.708333333333333,0,0.291666666666667,3.42857142857143,0
"3193",0.2455,6.51129027203995,0.833333333333333,0.387393466466929,0.8,0.91,1,0.75,0,0.25,4,0
"3194",0.257,7.51516999443963,0.866666666666667,0.421069347314358,0.818181818181818,0.886574074074074,0.75,0.944444444444444,0.25,0.0555555555555556,13.5,0.264705882352941
"3195",0.306,7.51293462125929,0.833333333333333,0.359915602515299,0.666666666666667,0.850931677018634,0.714285714285714,0.869565217391304,0.285714285714286,0.130434782608696,5.47619047619048,0.328571428571429
"3196",0.384,8.51389707822014,0.833333333333333,0.404711735273511,0.705882352941177,0.798941798941799,0.666666666666667,0.904761904761905,0.333333333333333,0.0952380952380952,7,0.368421052631579
"3197",0.312,7.5270200321807,0.766666666666667,0.416967467323519,0.666666666666667,0.786931818181818,0.875,0.727272727272727,0.125,0.272727272727273,3.20833333333333,0.171875
"3198",0.3775,9.50275735412337,0.866666666666667,0.386600870642211,0.8,0.88755980861244,0.727272727272727,0.947368421052632,0.272727272727273,0.0526315789473685,13.8181818181818,0.287878787878788
"3199",0.6075,9.36946179115268,0.866666666666667,0.367709022866263,0.6,0.908653846153846,0.75,0.884615384615385,0.25,0.115384615384615,6.5,0.282608695652174
"3200",0.261,7.5146159853918,0.833333333333333,0.419276330732025,0.782608695652174,0.875598086124402,0.818181818181818,0.842105263157895,0.181818181818182,0.157894736842105,5.18181818181818,0.215909090909091
"3201",0.2975,7.51938663656196,0.833333333333333,0.362187681519288,0.761904761904762,0.909090909090909,1,0.772727272727273,0,0.227272727272727,4.4,0
"3202",0.258,7.54285791431747,0.733333333333333,0.464249316598768,0.6,0.716931216931217,0.666666666666667,0.761904761904762,0.333333333333333,0.238095238095238,2.8,0.4375
"3203",0.2795,7.51706787495755,0.866666666666667,0.396069350010506,0.818181818181818,0.905,0.9,0.85,0.1,0.15,6,0.117647058823529
"3204",0.303,7.51783239930927,0.733333333333333,0.381905418830215,0.636363636363636,0.795454545454545,0.875,0.681818181818182,0.125,0.318181818181818,2.75,0.183333333333333
"3205",0.312,7.53331656983149,0.666666666666667,0.475113983046656,0.5,0.667613636363636,0.625,0.681818181818182,0.375,0.318181818181818,1.96428571428571,0.55
"3206",0.319,7.52644047954973,0.833333333333333,0.389090447308592,0.761904761904762,0.863636363636364,1,0.772727272727273,0,0.227272727272727,4.4,0
"3207",0.3065,7.51842953748453,0.933333333333333,0.317813783718254,0.888888888888889,0.951704545454545,1,0.909090909090909,0,0.0909090909090909,11,0
"3208",0.329,7.5071692439306,0.9,0.345602845226286,0.8,0.934027777777778,1,0.875,0,0.125,8,0
"3209",0.2725,7.53751956804725,0.733333333333333,0.470073701181205,0.692307692307692,0.732057416267943,0.818181818181818,0.684210526315789,0.181818181818182,0.315789473684211,2.59090909090909,0.265734265734266
"3210",0.3265,7.51975385098098,0.8,0.371084993714258,0.7,0.869565217391304,1,0.739130434782609,0,0.260869565217391,3.83333333333333,0
"3211",0.4225,8.50847575661437,0.833333333333333,0.355523464233931,0.736842105263158,0.896825396825397,0.777777777777778,0.857142857142857,0.222222222222222,0.142857142857143,5.44444444444444,0.259259259259259
"3212",0.1325,6.561166292186,0.666666666666667,0.535635296903573,0.666666666666667,0.645833333333333,0.833333333333333,0.555555555555556,0.166666666666667,0.444444444444444,1.875,0.3
"3213",0.5275,9.49743454459631,0.9,0.346272948700367,0.769230769230769,0.826086956521739,0.714285714285714,0.956521739130435,0.285714285714286,0.0434782608695652,16.4285714285714,0.298701298701299
"3214",0.186,7.17108533199839,0.766666666666667,0.455961096758485,0.666666666666667,0.799043062200957,0.636363636363636,0.842105263157895,0.363636363636364,0.157894736842105,4.03030303030303,0.431818181818182
"3215",0.4,8.51024257258237,0.8,0.410730726875632,0.75,0.827751196172249,0.818181818181818,0.789473684210526,0.181818181818182,0.210526315789474,3.88636363636364,0.23030303030303
"3216",0.4145,9.50700285148455,0.9,0.359534515447764,0.769230769230769,0.863636363636364,0.625,1,0.375,0,Inf,0.375
"3217",0.546,9.49269408654457,0.866666666666667,0.35144173702319,0.8,0.9,0.8,0.9,0.2,0.1,8,0.222222222222222
"3218",0.2655,7.51066107450447,0.8,0.41458945032741,0.75,0.822966507177033,0.818181818181818,0.789473684210526,0.181818181818182,0.210526315789474,3.88636363636364,0.23030303030303
"3219",0.5965,10.4894413728217,0.833333333333333,0.406362495598291,0.545454545454545,0.694444444444444,0.5,0.916666666666667,0.5,0.0833333333333334,6,0.545454545454546
"3220",0.323,9.03031349983065,0.866666666666667,0.415126793538307,0.818181818181818,0.939814814814815,0.75,0.944444444444444,0.25,0.0555555555555556,13.5,0.264705882352941
"3221",0.2545,7.51117812989624,0.833333333333333,0.425567024231875,0.761904761904762,0.822966507177033,0.727272727272727,0.894736842105263,0.272727272727273,0.105263157894737,6.90909090909091,0.304812834224599
"3222",0.314,7.50912349255601,0.8,0.363830796085753,0.75,0.894179894179894,1,0.714285714285714,0,0.285714285714286,3.5,0
"3223",0.281,7.50680149481314,0.866666666666667,0.390020851533737,0.777777777777778,0.862433862433862,0.777777777777778,0.904761904761905,0.222222222222222,0.0952380952380952,8.16666666666667,0.245614035087719
"3224",0.2365,6.52228468005878,0.733333333333333,0.406814459094106,0.5,0.677018633540373,0.571428571428571,0.782608695652174,0.428571428571429,0.217391304347826,2.62857142857143,0.547619047619048
"3225",0.28,7.50772850394427,0.8,0.420307807851323,0.785714285714286,0.827751196172249,1,0.684210526315789,0,0.315789473684211,3.16666666666667,0
"3226",0.348,7.51972667468694,0.7,0.410961888074759,0.470588235294118,0.756,0.8,0.68,0.2,0.32,2.5,0.294117647058823
"3227",0.288,7.52513891244861,0.766666666666667,0.404036335202702,0.666666666666667,0.832386363636364,0.875,0.727272727272727,0.125,0.272727272727273,3.20833333333333,0.171875
"3228",0.2825,7.52098000600035,0.733333333333333,0.428145800944633,0.692307692307692,0.746411483253589,0.818181818181818,0.684210526315789,0.181818181818182,0.315789473684211,2.59090909090909,0.265734265734266
"3229",0.211,7.08630127459239,0.733333333333333,0.468691209294614,0.714285714285714,0.757918552036199,0.769230769230769,0.705882352941177,0.230769230769231,0.294117647058823,2.61538461538462,0.326923076923077
"3230",0.5685,9.487816383584,0.8,0.427758421794407,0.625,0.747159090909091,0.625,0.863636363636364,0.375,0.136363636363636,4.58333333333333,0.434210526315789
"3231",0.398,10.4957229341687,0.866666666666667,0.411226045020647,0.8,0.909722222222222,0.666666666666667,1,0.333333333333333,0,Inf,0.333333333333333
"3232",0.2185,6.5135310145288,0.8,0.41114698243197,0.75,0.820574162679426,0.818181818181818,0.789473684210526,0.181818181818182,0.210526315789474,3.88636363636364,0.23030303030303
"3233",0.2565,7.52926543528868,0.866666666666667,0.404908959520186,0.833333333333333,0.875598086124402,0.909090909090909,0.842105263157895,0.0909090909090909,0.157894736842105,5.75757575757576,0.107954545454545
"3234",0.2735,7.52623976309575,0.866666666666667,0.378359914051915,0.818181818181818,0.8775,0.9,0.85,0.1,0.15,6,0.117647058823529
"3235",0.22,6.52701347330554,0.733333333333333,0.405580206231013,0.666666666666667,0.795,0.8,0.7,0.2,0.3,2.66666666666667,0.285714285714286
"3236",0.293,7.51487015996006,0.833333333333333,0.388050651916225,0.736842105263158,0.830687830687831,0.777777777777778,0.857142857142857,0.222222222222222,0.142857142857143,5.44444444444444,0.259259259259259
"3237",0.299,7.50873950301077,0.8,0.364545240946791,0.7,0.854497354497355,0.777777777777778,0.80952380952381,0.222222222222222,0.19047619047619,4.08333333333333,0.274509803921569
"3238",0.329,8.10747620829073,0.766666666666667,0.396079240354091,0.666666666666667,0.81,0.7,0.8,0.3,0.2,3.5,0.375
"3239",0.246,7.52181630324951,0.6,0.495848248940229,0.625,0.65158371040724,0.769230769230769,0.470588235294118,0.230769230769231,0.529411764705882,1.45299145299145,0.490384615384615
"3240",0.463,9.50127478011758,0.9,0.339545268578483,0.727272727272727,0.854166666666667,0.666666666666667,0.958333333333333,0.333333333333333,0.0416666666666666,16,0.347826086956522
"3241",0.2805,7.53038673872441,0.766666666666667,0.416732614837886,0.666666666666667,0.775132275132275,0.777777777777778,0.761904761904762,0.222222222222222,0.238095238095238,3.26666666666667,0.291666666666667
"3242",0.443,9.50131355261295,0.866666666666667,0.369958659855771,0.666666666666667,0.822981366459627,0.571428571428571,0.956521739130435,0.428571428571429,0.0434782608695652,13.1428571428572,0.448051948051948
"3243",0.3505,7.51427725070182,0.8,0.387066054585563,0.625,0.812,1,0.76,0,0.24,4.16666666666667,0
"3244",0.3815,9.02370316959717,0.933333333333333,0.347989263274277,0.888888888888889,0.982954545454545,1,0.909090909090909,0,0.0909090909090909,11,0
"3245",0.2095,6.51796754687182,0.7,0.442221883417934,0.64,0.75,0.8,0.65,0.2,0.35,2.28571428571429,0.307692307692308
"3246",0.257,7.13216167434179,0.733333333333333,0.428310256848548,0.692307692307692,0.805,0.9,0.65,0.1,0.35,2.57142857142857,0.153846153846154
"3247",0.2945,7.03599044448899,0.933333333333333,0.337289973500591,0.875,0.959627329192547,1,0.91304347826087,0,0.0869565217391305,11.5,0
"3248",0.222,7.5376065559244,0.866666666666667,0.442783250350661,0.8,0.8125,0.8,0.9,0.2,0.1,8,0.222222222222222
"3249",0.2995,7.514988293098,0.666666666666667,0.430109611491132,0.444444444444444,0.583850931677019,0.571428571428571,0.695652173913043,0.428571428571429,0.304347826086957,1.87755102040816,0.616071428571429
"3250",0.39,8.51505885649892,0.8,0.41842132928108,0.7,0.77,0.7,0.85,0.3,0.15,4.66666666666667,0.352941176470588
"3251",0.2105,7.52215636142596,0.9,0.512607389826917,0.903225806451613,0.862222222222222,0.933333333333333,0.866666666666667,0.0666666666666667,0.133333333333333,7,0.0769230769230769
"3252",0.269,7.51477018269552,0.9,0.402392770669311,0.857142857142857,0.865,0.9,0.9,0.1,0.1,9,0.111111111111111
"3253",0.432,8.51047654422482,0.9,0.359679910176601,0.8,0.841614906832298,0.857142857142857,0.91304347826087,0.142857142857143,0.0869565217391305,9.85714285714285,0.156462585034014
"3254",0.2735,7.51460099845904,0.866666666666667,0.397144409653535,0.818181818181818,0.91,0.9,0.85,0.1,0.15,6,0.117647058823529
"3255",0.2205,6.52037486966612,0.666666666666667,0.430101828672423,0.666666666666667,0.747685185185185,0.833333333333333,0.555555555555556,0.166666666666667,0.444444444444444,1.875,0.3
"3256",0.4765,9.49824899113946,0.833333333333333,0.390315709496993,0.666666666666667,0.717391304347826,0.714285714285714,0.869565217391304,0.285714285714286,0.130434782608696,5.47619047619048,0.328571428571429
"3257",0.27,7.52840308825677,0.733333333333333,0.446301463711494,0.666666666666667,0.755,0.8,0.7,0.2,0.3,2.66666666666667,0.285714285714286
"3258",0.3075,7.50707004092163,0.9,0.338929793575468,0.823529411764706,0.911931818181818,0.875,0.909090909090909,0.125,0.0909090909090909,9.625,0.1375
"3259",0.249,7.53890000708266,0.766666666666667,0.426217739364672,0.631578947368421,0.722222222222222,0.666666666666667,0.80952380952381,0.333333333333333,0.19047619047619,3.5,0.411764705882353
"3260",0.4765,10.5034052919008,0.8,0.409854224241198,0.7,0.796650717703349,0.636363636363636,0.894736842105263,0.363636363636364,0.105263157894737,6.04545454545455,0.406417112299465
"3261",0.7415,10.467058328629,0.8,0.434559801594253,0.625,0.795454545454545,0.625,0.863636363636364,0.375,0.136363636363636,4.58333333333333,0.434210526315789
"3262",0.2905,7.52756638160406,0.833333333333333,0.374036691738885,0.761904761904762,0.85978835978836,0.888888888888889,0.80952380952381,0.111111111111111,0.19047619047619,4.66666666666667,0.137254901960784
"3263",0.308,7.5155226675719,0.8,0.38623038158744,0.727272727272727,0.873015873015873,0.888888888888889,0.761904761904762,0.111111111111111,0.238095238095238,3.73333333333333,0.145833333333333
"3264",0.309,7.52342315151002,0.833333333333333,0.370039310867551,0.736842105263158,0.891304347826087,1,0.782608695652174,0,0.217391304347826,4.6,0
"3265",0.3185,7.51170844707771,0.833333333333333,0.354845639053843,0.736842105263158,0.906832298136646,1,0.782608695652174,0,0.217391304347826,4.6,0
"3266",0.5895,10.3791331112286,0.866666666666667,0.362445868991307,0.5,0.888888888888889,0.666666666666667,0.888888888888889,0.333333333333333,0.111111111111111,6,0.375
"3267",0.3225,7.52356028131511,0.766666666666667,0.425178845348768,0.72,0.793650793650794,1,0.666666666666667,0,0.333333333333333,3,0
"3268",0.4745,10.0052424771254,0.8,0.389691851335056,0.666666666666667,0.805,0.6,0.9,0.4,0.1,6,0.444444444444444
"3269",0.2,5.51763235591943,0.8,0.378573168827326,0.727272727272727,0.869318181818182,1,0.727272727272727,0,0.272727272727273,3.66666666666667,0
"3270",0.252,7.52206800317226,0.866666666666667,0.435460752717697,0.8,0.815,0.8,0.9,0.2,0.1,8,0.222222222222222
"3271",0.413,9.02472806969052,0.8,0.379755171529822,0.625,0.789772727272727,0.625,0.863636363636364,0.375,0.136363636363636,4.58333333333333,0.434210526315789
"3272",0.267,7.51578101770814,0.933333333333333,0.401881408050032,0.9,0.933014354066986,0.818181818181818,1,0.181818181818182,0,Inf,0.181818181818182
"3273",0.233,6.51082933484512,0.8,0.409189020487347,0.8,0.902777777777778,1,0.666666666666667,0,0.333333333333333,3,0
"3274",0.6175,9.48389240318089,0.9,0.401023402541244,0.8,0.807453416149068,0.857142857142857,0.91304347826087,0.142857142857143,0.0869565217391305,9.85714285714285,0.156462585034014
"3275",0.2705,7.51995186892379,0.8,0.412881891407599,0.727272727272727,0.8075,0.8,0.8,0.2,0.2,4,0.25
"3276",0.239,7.07504333601888,0.733333333333333,0.433400913491786,0.692307692307692,0.763157894736842,0.818181818181818,0.684210526315789,0.181818181818182,0.315789473684211,2.59090909090909,0.265734265734266
"3277",0.2735,7.51181615166245,0.866666666666667,0.408011028957849,0.846153846153846,0.92822966507177,1,0.789473684210526,0,0.210526315789474,4.75,0
"3278",0.231,6.52488642003068,0.8,0.399691738920653,0.769230769230769,0.834928229665072,0.909090909090909,0.736842105263158,0.0909090909090909,0.263157894736842,3.45454545454545,0.123376623376623
"3279",0.3125,7.52332960881101,0.833333333333333,0.385674960123376,0.814814814814815,0.854066985645933,1,0.736842105263158,0,0.263157894736842,3.8,0
"3280",0.236,7.07425807637795,0.8,0.41664546222177,0.666666666666667,0.745,0.6,0.9,0.4,0.1,6,0.444444444444444
"3281",0.2845,7.52523876708815,0.766666666666667,0.425582147417562,0.695652173913043,0.8125,0.8,0.75,0.2,0.25,3.2,0.266666666666667
"3282",0.432,9.50985676403703,0.866666666666667,0.360979620055469,0.714285714285714,0.872159090909091,0.625,0.954545454545455,0.375,0.0454545454545454,13.75,0.392857142857143
"3283",0.2665,7.05979360034225,0.766666666666667,0.397385768439289,0.72,0.85,0.9,0.7,0.1,0.3,3,0.142857142857143
"3284",0.219,7.52555282831978,0.833333333333333,0.497628655221851,0.814814814814815,0.796380090497738,0.846153846153846,0.823529411764706,0.153846153846154,0.176470588235294,4.79487179487179,0.186813186813187
"3285",0.152,5.53273728332459,0.766666666666667,0.440197638863031,0.72,0.827751196172249,0.818181818181818,0.736842105263158,0.181818181818182,0.263157894736842,3.10909090909091,0.246753246753247
"3286",0.305,7.61568740651744,0.833333333333333,0.369299458595982,0.8,0.93,1,0.75,0,0.25,4,0
"3287",0.296,7.51778869527264,0.833333333333333,0.347090589127173,0.736842105263158,0.914772727272727,0.875,0.818181818181818,0.125,0.181818181818182,4.8125,0.152777777777778
"3288",0.288,7.51438437790321,0.833333333333333,0.396387274291953,0.8,0.9025,1,0.75,0,0.25,4,0
"3289",0.2595,7.5216757365266,0.733333333333333,0.444093596079131,0.692307692307692,0.719907407407407,0.75,0.722222222222222,0.25,0.277777777777778,2.7,0.346153846153846
"3290",0.2615,7.51118529615347,0.833333333333333,0.420549634831767,0.782608695652174,0.863636363636364,0.818181818181818,0.842105263157895,0.181818181818182,0.157894736842105,5.18181818181818,0.215909090909091
"3291",0.244,6.51776685170418,0.8,0.377004666995503,0.7,0.855113636363636,0.875,0.772727272727273,0.125,0.227272727272727,3.85,0.161764705882353
"3292",0.17,6.51678405203959,0.7,0.505232105407261,0.709677419354839,0.745535714285714,0.785714285714286,0.625,0.214285714285714,0.375,2.0952380952381,0.342857142857143
"3293",0.225,6.51429103565523,0.833333333333333,0.425922409809016,0.814814814814815,0.854066985645933,1,0.736842105263158,0,0.263157894736842,3.8,0
"3294",0.305,7.51763025191877,0.866666666666667,0.372047949574639,0.8,0.911931818181818,1,0.818181818181818,0,0.181818181818182,5.5,0
"3295",0.2125,6.54420936135613,0.733333333333333,0.420303607383521,0.714285714285714,0.815,1,0.6,0,0.4,2.5,0
"3296",0.3115,7.52515937962989,0.733333333333333,0.429996531938756,0.636363636363636,0.801136363636364,0.875,0.681818181818182,0.125,0.318181818181818,2.75,0.183333333333333
"3297",0.2335,6.51627577427004,0.766666666666667,0.395050474495388,0.666666666666667,0.788359788359788,0.777777777777778,0.761904761904762,0.222222222222222,0.238095238095238,3.26666666666667,0.291666666666667
"3298",0.2525,7.51929105616794,0.766666666666667,0.437355061770196,0.72,0.793981481481482,0.75,0.777777777777778,0.25,0.222222222222222,3.375,0.321428571428571
"3299",0.273,7.51592054805353,0.733333333333333,0.409843115128023,0.636363636363636,0.825,0.7,0.75,0.3,0.25,2.8,0.4
"3300",0.2825,7.52597231998388,0.766666666666667,0.435571424868619,0.72,0.806878306878307,1,0.666666666666667,0,0.333333333333333,3,0
"3301",0.299,7.51291864760311,0.833333333333333,0.379924887762584,0.761904761904762,0.894179894179894,0.888888888888889,0.80952380952381,0.111111111111111,0.19047619047619,4.66666666666667,0.137254901960784
"3302",0.2645,7.51816375268708,0.866666666666667,0.405025661343352,0.818181818181818,0.904306220095694,0.818181818181818,0.894736842105263,0.181818181818182,0.105263157894737,7.77272727272727,0.203208556149733
"3303",0.4345,8.50726244410476,0.9,0.350712965796923,0.8,0.919254658385093,0.857142857142857,0.91304347826087,0.142857142857143,0.0869565217391305,9.85714285714285,0.156462585034014
"3304",0.2875,7.50637818981936,0.833333333333333,0.369768529665738,0.736842105263158,0.82010582010582,0.777777777777778,0.857142857142857,0.222222222222222,0.142857142857143,5.44444444444444,0.259259259259259
"3305",0.313,7.52401270646573,0.866666666666667,0.347433336456609,0.833333333333333,0.9025,1,0.8,0,0.2,5,0
"3306",0.2935,7.53406456736235,0.7,0.462640099760601,0.64,0.7425,0.8,0.65,0.2,0.35,2.28571428571429,0.307692307692308
"3307",0.298,7.51772991298344,0.933333333333333,0.363299502641316,0.9,0.984126984126984,1,0.904761904761905,0,0.0952380952380952,10.5,0
"3308",0.2595,7.53395996155069,0.7,0.475973875449798,0.608695652173913,0.73,0.7,0.7,0.3,0.3,2.33333333333333,0.428571428571429
"3309",0.2865,7.51063569291436,0.933333333333333,0.375268607628758,0.888888888888889,0.944444444444444,0.888888888888889,0.952380952380952,0.111111111111111,0.0476190476190477,18.6666666666666,0.116666666666667
"3310",0.3,7.51106661147237,0.866666666666667,0.365124423374892,0.833333333333333,0.925,1,0.8,0,0.2,5,0
"3311",0.3915,9.50143798669986,0.833333333333333,0.379905963302576,0.761904761904762,0.885167464114832,0.727272727272727,0.894736842105263,0.272727272727273,0.105263157894737,6.90909090909091,0.304812834224599
"3312",0.267,7.53241009369981,0.766666666666667,0.433325998574882,0.758620689655172,0.798611111111111,0.916666666666667,0.666666666666667,0.0833333333333334,0.333333333333333,2.75,0.125
"3313",0.263,7.51766334379651,0.9,0.408227030045826,0.857142857142857,0.949760765550239,0.818181818181818,0.947368421052632,0.181818181818182,0.0526315789473685,15.5454545454545,0.191919191919192
"3314",0.5975,9.94952691630615,0.833333333333333,0.405239414870883,0.666666666666667,0.738095238095238,0.555555555555556,0.952380952380952,0.444444444444444,0.0476190476190477,11.6666666666667,0.466666666666667
"3315",0.297,7.51046006541862,0.866666666666667,0.360039995979714,0.714285714285714,0.875776397515528,0.714285714285714,0.91304347826087,0.285714285714286,0.0869565217391305,8.21428571428571,0.312925170068027
"3316",0.242,6.68323085526512,0.766666666666667,0.410956466320469,0.666666666666667,0.78125,0.875,0.727272727272727,0.125,0.272727272727273,3.20833333333333,0.171875
"3317",0.289,7.51834485961015,0.766666666666667,0.407942489809459,0.666666666666667,0.798941798941799,0.777777777777778,0.761904761904762,0.222222222222222,0.238095238095238,3.26666666666667,0.291666666666667
"3318",0.267,7.51353665785294,0.866666666666667,0.41804309076376,0.8,0.865,0.8,0.9,0.2,0.1,8,0.222222222222222
"3319",0.3215,7.51054116859906,0.766666666666667,0.390915173324426,0.666666666666667,0.801242236024845,1,0.695652173913043,0,0.304347826086957,3.28571428571429,0
"3320",0.3005,7.5154764278908,0.733333333333333,0.410335496058686,0.636363636363636,0.751322751322751,0.777777777777778,0.714285714285714,0.222222222222222,0.285714285714286,2.72222222222222,0.311111111111111
"3321",0.2635,6.51199033180095,0.7,0.393112700152432,0.526315789473684,0.711805555555556,0.833333333333333,0.666666666666667,0.166666666666667,0.333333333333333,2.5,0.25
"3322",0.719,12.9372819077617,0.9,0.352632815874847,0.666666666666667,0.840277777777778,0.5,1,0.5,0,Inf,0.5
"3323",0.3485,9.50319233549298,0.866666666666667,0.396123297083936,0.8,0.909722222222222,0.666666666666667,1,0.333333333333333,0,Inf,0.333333333333333
"3324",0.2735,7.52037502634901,0.8,0.414513146091877,0.75,0.8475,0.9,0.75,0.1,0.25,3.6,0.133333333333333
"3325",0.522,10.4946639897142,0.866666666666667,0.35697985654861,0.714285714285714,0.840909090909091,0.625,0.954545454545455,0.375,0.0454545454545454,13.75,0.392857142857143
"3326",0.414,8.16407855236536,0.866666666666667,0.332039077066096,0.666666666666667,0.92,0.8,0.88,0.2,0.12,6.66666666666667,0.227272727272727
"3327",0.281,7.52764166293311,0.833333333333333,0.380244135525381,0.736842105263158,0.854497354497354,0.777777777777778,0.857142857142857,0.222222222222222,0.142857142857143,5.44444444444444,0.259259259259259
"3328",0.2905,7.52637816683931,0.833333333333333,0.409615645353025,0.8,0.85,1,0.75,0,0.25,4,0
"3329",0.304,7.51084320451049,0.766666666666667,0.378997202872185,0.695652173913043,0.828042328042328,0.888888888888889,0.714285714285714,0.111111111111111,0.285714285714286,3.11111111111111,0.155555555555556
"3330",0.27,7.52057138258024,0.833333333333333,0.40948991705859,0.8,0.861244019138756,0.909090909090909,0.789473684210526,0.0909090909090909,0.210526315789474,4.31818181818182,0.115151515151515
"3331",0.318,8.50611095509279,0.9,0.390468996959599,0.857142857142857,0.930622009569378,0.818181818181818,0.947368421052632,0.181818181818182,0.0526315789473685,15.5454545454545,0.191919191919192
"3332",0.2905,7.11328392235142,0.8,0.378899650415436,0.7,0.875776397515528,1,0.739130434782609,0,0.260869565217391,3.83333333333333,0
"3333",0.2715,7.06053220715636,0.833333333333333,0.381143568386898,0.761904761904762,0.886243386243386,0.888888888888889,0.80952380952381,0.111111111111111,0.19047619047619,4.66666666666667,0.137254901960784
"3334",0.284,7.05120572257314,0.866666666666667,0.35544228197625,0.75,0.822981366459627,0.857142857142857,0.869565217391304,0.142857142857143,0.130434782608696,6.57142857142857,0.164285714285714
"3335",0.279,7.51287721247832,0.766666666666667,0.417857348478111,0.72,0.837320574162679,0.818181818181818,0.736842105263158,0.181818181818182,0.263157894736842,3.10909090909091,0.246753246753247
"3336",0.2955,7.51505195207129,0.9,0.36152508991467,0.8,0.889204545454545,0.75,0.954545454545455,0.25,0.0454545454545454,16.5,0.261904761904762
"3337",0.239,7.51492159294076,0.8,0.458566396957571,0.75,0.821759259259259,0.75,0.833333333333333,0.25,0.166666666666667,4.5,0.3
"3338",0.3155,7.51575980153246,0.766666666666667,0.378229110808786,0.666666666666667,0.823863636363636,0.875,0.727272727272727,0.125,0.272727272727273,3.20833333333333,0.171875
"3339",0.31,7.5134743272208,0.8,0.380099789765801,0.7,0.829545454545455,0.875,0.772727272727273,0.125,0.227272727272727,3.85,0.161764705882353
"3340",0.318,7.70699886966357,0.833333333333333,0.360032357674213,0.8,0.8975,1,0.75,0,0.25,4,0
"3341",0.321,8.5039558274513,0.933333333333333,0.391652413496283,0.9,0.97,0.9,0.95,0.1,0.05,18,0.105263157894737
"3342",0.2765,7.51903589465839,0.9,0.366752148953787,0.842105263157895,0.886243386243386,0.888888888888889,0.904761904761905,0.111111111111111,0.0952380952380952,9.33333333333333,0.12280701754386
"3343",0.267,7.50194946167928,0.933333333333333,0.398527824597962,0.909090909090909,0.933014354066986,0.909090909090909,0.947368421052632,0.0909090909090909,0.0526315789473685,17.2727272727273,0.095959595959596
"3344",0.2055,7.51082548131784,0.9,0.49793760267426,0.888888888888889,0.944444444444445,0.8,1,0.2,0,Inf,0.2
"3345",0.2815,7.52952012555694,0.833333333333333,0.394219471730725,0.8,0.868421052631579,0.909090909090909,0.789473684210526,0.0909090909090909,0.210526315789474,4.31818181818182,0.115151515151515
"3346",0.245,6.52026188904806,0.633333333333333,0.423798793268331,0.56,0.721590909090909,0.875,0.545454545454545,0.125,0.454545454545455,1.925,0.229166666666667
"3347",0.346,8.50573381155035,0.866666666666667,0.372551764429217,0.714285714285714,0.886363636363636,0.625,0.954545454545455,0.375,0.0454545454545454,13.75,0.392857142857143
"3348",0.556,9.49118595306621,0.766666666666667,0.452779172251738,0.666666666666667,0.732057416267943,0.636363636363636,0.842105263157895,0.363636363636364,0.157894736842105,4.03030303030303,0.431818181818182
"3349",0.298,7.51373029094611,0.833333333333333,0.375498203047017,0.705882352941177,0.880681818181818,0.75,0.863636363636364,0.25,0.136363636363636,5.5,0.289473684210526
"3350",0.2275,7.51103155228751,0.933333333333333,0.476738006843028,0.928571428571429,0.984375,0.928571428571429,0.9375,0.0714285714285714,0.0625,14.8571428571429,0.0761904761904762
"3351",0.2225,6.51765768093,0.766666666666667,0.415348693476354,0.740740740740741,0.875598086124402,0.909090909090909,0.684210526315789,0.0909090909090909,0.315789473684211,2.87878787878788,0.132867132867133
"3352",0.5755,9.96496366575015,0.9,0.344423558578423,0.769230769230769,0.860248447204969,0.714285714285714,0.956521739130435,0.285714285714286,0.0434782608695652,16.4285714285714,0.298701298701299
"3353",0.2915,7.05719413211901,0.733333333333333,0.377898350409683,0.6,0.804347826086957,0.857142857142857,0.695652173913043,0.142857142857143,0.304347826086957,2.81632653061224,0.205357142857143
"3354",0.249,7.51641859784271,0.766666666666667,0.446028907498968,0.740740740740741,0.824074074074074,0.833333333333333,0.722222222222222,0.166666666666667,0.277777777777778,3,0.230769230769231
"3355",0.236,7.14668869414306,0.733333333333333,0.43761254407186,0.666666666666667,0.753968253968254,0.888888888888889,0.666666666666667,0.111111111111111,0.333333333333333,2.66666666666667,0.166666666666667
"3356",0.2045,6.54632500032929,0.7,0.416676029031747,0.608695652173913,0.795454545454546,0.875,0.636363636363636,0.125,0.363636363636364,2.40625,0.196428571428571
"3357",0.7075,10.4700043834575,0.833333333333333,0.420920008566289,0.666666666666667,0.789772727272727,0.625,0.909090909090909,0.375,0.0909090909090909,6.875,0.4125
"3358",0.269,7.51787430343044,0.8,0.414255510060262,0.727272727272727,0.8025,0.8,0.8,0.2,0.2,4,0.25
"3359",0.2105,6.50622165181146,0.8,0.435386651730558,0.8,0.8710407239819,0.923076923076923,0.705882352941177,0.0769230769230769,0.294117647058823,3.13846153846154,0.108974358974359
"3360",0.2135,7.17184618276656,0.766666666666667,0.451535299507145,0.72,0.746411483253589,0.818181818181818,0.736842105263158,0.181818181818182,0.263157894736842,3.10909090909091,0.246753246753247
"3361",0.2765,7.51238637457688,0.866666666666667,0.401824882039716,0.833333333333333,0.880382775119617,0.909090909090909,0.842105263157895,0.0909090909090909,0.157894736842105,5.75757575757576,0.107954545454545
"3362",0.2565,7.51777396653133,0.833333333333333,0.440175932996822,0.827586206896552,0.882352941176471,0.923076923076923,0.764705882352941,0.0769230769230769,0.235294117647059,3.92307692307692,0.100591715976331
"3363",0.2595,7.52882579554251,0.8,0.426254988060567,0.8,0.830316742081448,0.923076923076923,0.705882352941177,0.0769230769230769,0.294117647058823,3.13846153846154,0.108974358974359
"3364",0.301,7.51838567589564,0.833333333333333,0.358708827892925,0.736842105263158,0.889204545454545,0.875,0.818181818181818,0.125,0.181818181818182,4.8125,0.152777777777778
"3365",0.2145,6.51853441234429,0.7,0.424922985028121,0.64,0.7625,0.8,0.65,0.2,0.35,2.28571428571429,0.307692307692308
"3366",0.2405,6.51787194714871,0.866666666666667,0.386396573015872,0.833333333333333,0.9175,1,0.8,0,0.2,5,0
"3367",0.17,6.54202407510568,0.833333333333333,0.440573035785781,0.761904761904762,0.833333333333333,0.888888888888889,0.80952380952381,0.111111111111111,0.19047619047619,4.66666666666667,0.137254901960784
"3368",0.2845,7.51741139604286,0.8,0.395506287117935,0.75,0.84,0.9,0.75,0.1,0.25,3.6,0.133333333333333
"3369",0.2425,6.52253343199491,0.733333333333333,0.396991002414941,0.666666666666667,0.783068783068783,0.888888888888889,0.666666666666667,0.111111111111111,0.333333333333333,2.66666666666667,0.166666666666667
"3370",0.372,8.50481574999801,0.866666666666667,0.359310480771215,0.8,0.894179894179894,0.888888888888889,0.857142857142857,0.111111111111111,0.142857142857143,6.22222222222222,0.12962962962963
"3371",0.268,7.53331610569564,0.8,0.424630189234144,0.75,0.811004784688995,0.818181818181818,0.789473684210526,0.181818181818182,0.210526315789474,3.88636363636364,0.23030303030303
"3372",0.2975,7.51272342177612,0.8,0.384463910731744,0.75,0.8425,0.9,0.75,0.1,0.25,3.6,0.133333333333333
"3373",0.2695,7.52043980046879,0.833333333333333,0.412768287506657,0.8,0.916267942583732,0.909090909090909,0.789473684210526,0.0909090909090909,0.210526315789474,4.31818181818182,0.115151515151515
"3374",0.3025,7.51590980861888,0.866666666666667,0.372480706082387,0.818181818181818,0.904761904761905,1,0.80952380952381,0,0.19047619047619,5.25,0
"3375",0.2465,7.53201677208339,0.8,0.427825243751595,0.75,0.787081339712919,0.818181818181818,0.789473684210526,0.181818181818182,0.210526315789474,3.88636363636364,0.23030303030303
"3376",0.2705,7.52024884787163,0.833333333333333,0.411940713512864,0.782608695652174,0.844497607655502,0.818181818181818,0.842105263157895,0.181818181818182,0.157894736842105,5.18181818181818,0.215909090909091
"3377",0.6495,12.4901738735976,0.933333333333333,0.333275406348023,0.8,0.84375,0.666666666666667,1,0.333333333333333,0,Inf,0.333333333333333
"3378",0.287,7.50540992779273,0.9,0.377747086694104,0.869565217391304,0.965,1,0.85,0,0.15,6.66666666666667,0
"3379",0.2755,7.52980189660324,0.8,0.405892529419033,0.7,0.806878306878307,0.777777777777778,0.80952380952381,0.222222222222222,0.19047619047619,4.08333333333333,0.274509803921569
"3380",0.272,7.50301460763828,0.833333333333333,0.391368306812912,0.782608695652174,0.904306220095694,0.818181818181818,0.842105263157895,0.181818181818182,0.157894736842105,5.18181818181818,0.215909090909091
"3381",0.4155,9.53977693439235,0.9,0.34690505150935,0.727272727272727,0.885093167701863,0.571428571428571,1,0.428571428571429,0,Inf,0.428571428571429
"3382",0.4625,9.49842069339141,0.8,0.377330280732665,0.571428571428571,0.773291925465839,0.571428571428571,0.869565217391304,0.428571428571429,0.130434782608696,4.38095238095238,0.492857142857143
"3383",0.2905,7.51234853360065,0.766666666666667,0.402602000741479,0.695652173913043,0.822751322751323,0.888888888888889,0.714285714285714,0.111111111111111,0.285714285714286,3.11111111111111,0.155555555555556
"3384",0.2895,7.52264870166286,0.833333333333333,0.417582980343877,0.827586206896552,0.803240740740741,1,0.722222222222222,0,0.277777777777778,3.6,0
"3385",0.2525,7.51453492003251,0.933333333333333,0.431404042107341,0.923076923076923,0.923076923076923,0.923076923076923,0.941176470588235,0.0769230769230769,0.0588235294117647,15.6923076923077,0.0817307692307692
"3386",0.289,7.51007264975742,0.866666666666667,0.376657765985305,0.818181818181818,0.939153439153439,1,0.80952380952381,0,0.19047619047619,5.25,0
"3387",0.1965,6.51986346561149,0.766666666666667,0.453249115408174,0.758620689655172,0.84841628959276,0.846153846153846,0.705882352941177,0.153846153846154,0.294117647058823,2.87692307692308,0.217948717948718
"3388",0.3115,7.51114053390674,0.7,0.417513357823168,0.608695652173913,0.741477272727273,0.875,0.636363636363636,0.125,0.363636363636364,2.40625,0.196428571428571
"3389",0.249,7.5167729372319,0.833333333333333,0.445602528126844,0.827586206896552,0.84841628959276,0.923076923076923,0.764705882352941,0.0769230769230769,0.235294117647059,3.92307692307692,0.100591715976331
"3390",0.292,7.51170470662246,0.8,0.37880099729131,0.727272727272727,0.854497354497354,0.888888888888889,0.761904761904762,0.111111111111111,0.238095238095238,3.73333333333333,0.145833333333333
"3391",0.2875,7.52632518096076,0.766666666666667,0.423850655963102,0.72,0.8175,0.9,0.7,0.1,0.3,3,0.142857142857143
"3392",0.3645,9.5080007297919,0.9,0.389172136511133,0.842105263157895,0.904306220095694,0.727272727272727,1,0.272727272727273,0,Inf,0.272727272727273
"3393",0.352,8.49957438810538,0.933333333333333,0.344515164074753,0.875,0.985795454545455,0.875,0.954545454545455,0.125,0.0454545454545454,19.25,0.130952380952381
"3394",0.463,8.50782697349039,0.8,0.39603663449386,0.625,0.770833333333333,0.833333333333333,0.791666666666667,0.166666666666667,0.208333333333333,4,0.210526315789474
"3395",0.3515,7.51422099516411,0.8,0.349418333854008,0.571428571428571,0.894230769230769,1,0.769230769230769,0,0.230769230769231,4.33333333333333,0
"3396",0.0995,5.57352779128318,0.666666666666667,0.496589492744981,0.642857142857143,0.735449735449735,1,0.523809523809524,0,0.476190476190476,2.1,0
"3397",0.19,6.52870557056246,0.833333333333333,0.402723717600359,0.838709677419355,0.886877828054299,1,0.705882352941177,0,0.294117647058823,3.4,0
"3398",0.2755,7.51658015176453,0.833333333333333,0.400723389679971,0.705882352941177,0.849206349206349,0.666666666666667,0.904761904761905,0.333333333333333,0.0952380952380952,7,0.368421052631579
"3399",0.2635,7.52004967271496,0.933333333333333,0.413099822533827,0.916666666666667,0.986111111111111,0.916666666666667,0.944444444444444,0.0833333333333334,0.0555555555555556,16.5,0.0882352941176471
"3400",0.263,7.50620474771012,0.866666666666667,0.427240099300968,0.857142857142857,0.909722222222222,1,0.777777777777778,0,0.222222222222222,4.5,0
"3401",0.236,7.50682197561689,0.9,0.454708657515734,0.88,0.909502262443439,0.846153846153846,0.941176470588235,0.153846153846154,0.0588235294117647,14.3846153846154,0.163461538461538
"3402",0.304,7.52730389934665,0.833333333333333,0.385620731366849,0.736842105263158,0.826704545454545,0.875,0.818181818181818,0.125,0.181818181818182,4.8125,0.152777777777778
"3403",0.2745,7.51714306031328,0.866666666666667,0.40522044387132,0.777777777777778,0.788359788359788,0.777777777777778,0.904761904761905,0.222222222222222,0.0952380952380952,8.16666666666667,0.245614035087719
"3404",0.3015,7.52796522385275,0.8,0.406818373475198,0.727272727272727,0.84375,1,0.727272727272727,0,0.272727272727273,3.66666666666667,0
"3405",0.3045,7.51429388511377,0.733333333333333,0.38678630495346,0.666666666666667,0.833333333333333,0.888888888888889,0.666666666666667,0.111111111111111,0.333333333333333,2.66666666666667,0.166666666666667
"3406",0.324,7.50778251926926,0.866666666666667,0.352957531338548,0.666666666666667,0.772,0.8,0.88,0.2,0.12,6.66666666666667,0.227272727272727
"3407",0.2895,7.52231543850964,0.866666666666667,0.374891983236092,0.818181818181818,0.894179894179894,1,0.80952380952381,0,0.19047619047619,5.25,0
"3408",0.2015,6.08390519886621,0.733333333333333,0.416223461252877,0.666666666666667,0.8025,0.8,0.7,0.2,0.3,2.66666666666667,0.285714285714286
"3409",0.373,8.50749818927813,0.833333333333333,0.367014019280224,0.705882352941177,0.835227272727273,0.75,0.863636363636364,0.25,0.136363636363636,5.5,0.289473684210526
"3410",0.289,7.51188228310025,0.833333333333333,0.386945478920718,0.814814814814815,0.913875598086124,1,0.736842105263158,0,0.263157894736842,3.8,0
"3411",0.2915,6.50917375502777,0.8,0.34599217937192,0.625,0.896,1,0.76,0,0.24,4.16666666666667,0
"3412",0.3095,7.50658838073482,0.833333333333333,0.368947200543561,0.736842105263158,0.857954545454545,0.875,0.818181818181818,0.125,0.181818181818182,4.8125,0.152777777777778
"3413",0.4105,9.50790985829017,0.833333333333333,0.396184002860937,0.761904761904762,0.834928229665072,0.727272727272727,0.894736842105263,0.272727272727273,0.105263157894737,6.90909090909091,0.304812834224599
"3414",0.218,6.53432895201649,0.833333333333333,0.355100256195463,0.736842105263158,0.897515527950311,1,0.782608695652174,0,0.217391304347826,4.6,0
"3415",0.3245,7.51504457709905,0.866666666666667,0.351799437402516,0.777777777777778,0.919254658385093,1,0.826086956521739,0,0.173913043478261,5.75,0
"3416",0.266,7.06248376096946,0.8,0.395193741196915,0.727272727272727,0.828042328042328,0.888888888888889,0.761904761904762,0.111111111111111,0.238095238095238,3.73333333333333,0.145833333333333
"3417",0.335,7.51157191889119,0.7,0.376206514104801,0.571428571428571,0.819875776397516,0.857142857142857,0.652173913043478,0.142857142857143,0.347826086956522,2.46428571428571,0.219047619047619
"3418",0.4245,9.50817829699388,0.9,0.350516883238548,0.727272727272727,0.872670807453416,0.571428571428571,1,0.428571428571429,0,Inf,0.428571428571429
"3419",0.2475,7.51427961355895,0.766666666666667,0.450903421174114,0.740740740740741,0.796380090497738,0.769230769230769,0.764705882352941,0.230769230769231,0.235294117647059,3.26923076923077,0.301775147928994
"3420",0.1955,6.5202937063847,0.766666666666667,0.449941975546688,0.758620689655172,0.809954751131222,0.846153846153846,0.705882352941177,0.153846153846154,0.294117647058823,2.87692307692308,0.217948717948718
"3421",0.4055,9.50660569453352,0.933333333333333,0.347851529197441,0.888888888888889,0.957671957671958,0.888888888888889,0.952380952380952,0.111111111111111,0.0476190476190477,18.6666666666666,0.116666666666667
"3422",0.259,7.52330209359494,0.8,0.429296020506998,0.769230769230769,0.844907407407407,0.833333333333333,0.777777777777778,0.166666666666667,0.222222222222222,3.75,0.214285714285714
"3423",0.215,6.51653464892084,0.733333333333333,0.414772108579064,0.555555555555556,0.710227272727273,0.625,0.772727272727273,0.375,0.227272727272727,2.75,0.485294117647059
"3424",0.674,9.88977763492605,0.8,0.433902823701176,0.571428571428571,0.739130434782609,0.571428571428571,0.869565217391304,0.428571428571429,0.130434782608696,4.38095238095238,0.492857142857143
"3425",0.2375,7.52699388748002,0.766666666666667,0.441423969885065,0.740740740740741,0.824074074074074,0.833333333333333,0.722222222222222,0.166666666666667,0.277777777777778,3,0.230769230769231
"3426",0.2595,7.51978142982822,0.833333333333333,0.415477060226354,0.782608695652174,0.861244019138756,0.818181818181818,0.842105263157895,0.181818181818182,0.157894736842105,5.18181818181818,0.215909090909091
"3427",0.306,7.51326072383582,0.766666666666667,0.397229066063403,0.695652173913043,0.804232804232804,0.888888888888889,0.714285714285714,0.111111111111111,0.285714285714286,3.11111111111111,0.155555555555556
"3428",0.2335,7.53351244264107,0.833333333333333,0.437456675566653,0.8,0.826388888888889,0.833333333333333,0.833333333333333,0.166666666666667,0.166666666666667,5,0.2
"3429",0.165,5.53255379709259,0.7,0.439842326342787,0.666666666666667,0.7675,0.9,0.6,0.1,0.4,2.25,0.166666666666667
"3430",0.206,6.51220132294263,0.8,0.443078239213207,0.769230769230769,0.794258373205742,0.909090909090909,0.736842105263158,0.0909090909090909,0.263157894736842,3.45454545454545,0.123376623376623
"3431",0.37,8.51437492067738,0.833333333333333,0.38392242359444,0.705882352941177,0.855113636363636,0.75,0.863636363636364,0.25,0.136363636363636,5.5,0.289473684210526
"3432",0.3325,7.50835017815239,0.833333333333333,0.346687023953797,0.705882352941177,0.913194444444444,1,0.791666666666667,0,0.208333333333333,4.8,0
"3433",0.3475,9.51034739496588,0.866666666666667,0.401890563010358,0.818181818181818,0.925925925925926,0.75,0.944444444444444,0.25,0.0555555555555556,13.5,0.264705882352941
"3434",0.1895,5.51378144782579,0.733333333333333,0.389236615958939,0.666666666666667,0.812169312169312,0.888888888888889,0.666666666666667,0.111111111111111,0.333333333333333,2.66666666666667,0.166666666666667
"3435",0.323,7.5203563915967,0.8,0.407275147668771,0.666666666666667,0.829192546583851,0.857142857142857,0.782608695652174,0.142857142857143,0.217391304347826,3.94285714285714,0.182539682539683
"3436",0.293,7.52888724068236,0.766666666666667,0.444638667688091,0.695652173913043,0.756613756613757,0.888888888888889,0.714285714285714,0.111111111111111,0.285714285714286,3.11111111111111,0.155555555555556
"3437",0.3095,7.51386707279612,0.833333333333333,0.367095240501472,0.736842105263158,0.855113636363636,0.875,0.818181818181818,0.125,0.181818181818182,4.8125,0.152777777777778
"3438",0.2225,6.52602670923414,0.833333333333333,0.413377807559201,0.782608695652174,0.84,0.9,0.8,0.1,0.2,4.5,0.125
"3439",0.3,7.50170838158694,0.866666666666667,0.367483092158366,0.8,0.939153439153439,0.888888888888889,0.857142857142857,0.111111111111111,0.142857142857143,6.22222222222222,0.12962962962963
"3440",0.2615,7.51963213843627,0.833333333333333,0.431041353158456,0.838709677419355,0.895927601809955,1,0.705882352941177,0,0.294117647058823,3.4,0
"3441",0.357,7.51436217253408,0.8,0.349049138690489,0.625,0.904,1,0.76,0,0.24,4.16666666666667,0
"3442",0.3005,7.52909955524656,0.8,0.419990119929249,0.727272727272727,0.798941798941799,0.888888888888889,0.761904761904762,0.111111111111111,0.238095238095238,3.73333333333333,0.145833333333333
"3443",0.1735,6.52719926337338,0.8,0.458219171952117,0.7,0.784688995215311,0.636363636363636,0.894736842105263,0.363636363636364,0.105263157894737,6.04545454545455,0.406417112299465
"3444",0.411,9.02777799217456,0.9,0.345524126646594,0.666666666666667,0.899305555555556,0.5,1,0.5,0,Inf,0.5
"3445",0.27,7.13513701733987,0.833333333333333,0.388344947505127,0.736842105263158,0.84375,0.875,0.818181818181818,0.125,0.181818181818182,4.8125,0.152777777777778
"3446",0.3425,7.5096562162245,0.8,0.355325387747144,0.666666666666667,0.892361111111111,1,0.75,0,0.25,4,0
"3447",0.408,9.50866573551794,0.866666666666667,0.368709568999743,0.75,0.854497354497355,0.666666666666667,0.952380952380952,0.333333333333333,0.0476190476190477,14,0.35
"3448",0.285,7.51384453925035,0.833333333333333,0.381771417307011,0.736842105263158,0.838624338624339,0.777777777777778,0.857142857142857,0.222222222222222,0.142857142857143,5.44444444444444,0.259259259259259
"3449",0.306,7.50586892407491,0.9,0.351992624663361,0.823529411764706,0.903409090909091,0.875,0.909090909090909,0.125,0.0909090909090909,9.625,0.1375
"3450",0.3245,7.51412956027552,0.833333333333333,0.367881406730832,0.666666666666667,0.847222222222222,0.833333333333333,0.833333333333333,0.166666666666667,0.166666666666667,5,0.2
"3451",0.2555,7.5158175759705,0.833333333333333,0.424210148776228,0.782608695652174,0.830143540669857,0.818181818181818,0.842105263157895,0.181818181818182,0.157894736842105,5.18181818181818,0.215909090909091
"3452",0.4155,9.50620735210201,0.866666666666667,0.354471178434745,0.75,0.915343915343915,0.666666666666667,0.952380952380952,0.333333333333333,0.0476190476190477,14,0.35
"3453",0.5045,10.0474719959942,0.866666666666667,0.356586748766435,0.666666666666667,0.891304347826087,0.571428571428571,0.956521739130435,0.428571428571429,0.0434782608695652,13.1428571428572,0.448051948051948
"3454",0.535,8.96886964990662,0.733333333333333,0.494750579536368,0.636363636363636,0.688995215311005,0.636363636363636,0.789473684210526,0.363636363636364,0.210526315789474,3.02272727272727,0.460606060606061
"3455",0.3165,7.5233640867541,0.766666666666667,0.394953807940043,0.72,0.846560846560847,1,0.666666666666667,0,0.333333333333333,3,0
"3456",0.3015,7.50400524643631,0.9,0.364913815859927,0.857142857142857,0.952380952380952,1,0.857142857142857,0,0.142857142857143,7,0
"3457",0.164,6.53593317209046,0.766666666666667,0.448186040469945,0.787878787878788,0.796875,0.928571428571429,0.625,0.0714285714285714,0.375,2.47619047619048,0.114285714285714
"3458",0.32,8.51573821356303,0.833333333333333,0.407557559992975,0.705882352941177,0.8,0.6,0.95,0.4,0.05,12,0.421052631578947
"3459",0.3025,7.52135807823288,0.833333333333333,0.371107908056796,0.782608695652174,0.896825396825397,1,0.761904761904762,0,0.238095238095238,4.2,0
"3460",0.226,7.51905076802758,0.8,0.474527036759482,0.769230769230769,0.805555555555556,0.833333333333333,0.777777777777778,0.166666666666667,0.222222222222222,3.75,0.214285714285714
"3461",0.3215,7.52977972464895,0.7,0.468347257817844,0.571428571428571,0.724431818181818,0.75,0.681818181818182,0.25,0.318181818181818,2.35714285714286,0.366666666666667
"3462",0.309,7.51130134764186,0.866666666666667,0.359606895103042,0.777777777777778,0.84375,0.875,0.863636363636364,0.125,0.136363636363636,6.41666666666667,0.144736842105263
"3463",0.5105,10.5023800366606,0.833333333333333,0.383161751152103,0.666666666666667,0.78042328042328,0.555555555555556,0.952380952380952,0.444444444444444,0.0476190476190477,11.6666666666667,0.466666666666667
"3464",0.1935,6.52121680305415,0.8,0.472982573356356,0.8,0.794117647058823,0.923076923076923,0.705882352941177,0.0769230769230769,0.294117647058823,3.13846153846154,0.108974358974359
"3465",0.3955,9.50485261394764,0.866666666666667,0.382964417884752,0.75,0.899470899470899,0.666666666666667,0.952380952380952,0.333333333333333,0.0476190476190477,14,0.35
"3466",0.2795,7.51306393362986,0.833333333333333,0.400559829780643,0.736842105263158,0.849206349206349,0.777777777777778,0.857142857142857,0.222222222222222,0.142857142857143,5.44444444444444,0.259259259259259
"3467",0.285,7.51516341440992,0.866666666666667,0.396526523915862,0.8,0.846560846560847,0.888888888888889,0.857142857142857,0.111111111111111,0.142857142857143,6.22222222222222,0.12962962962963
"3468",0.329,7.51502850965446,0.766666666666667,0.368964511203622,0.588235294117647,0.763888888888889,0.833333333333333,0.75,0.166666666666667,0.25,3.33333333333333,0.222222222222222
"3469",0.233,7.52017728172833,0.733333333333333,0.482677026842208,0.714285714285714,0.739819004524887,0.769230769230769,0.705882352941177,0.230769230769231,0.294117647058823,2.61538461538462,0.326923076923077
"3470",0.52,10.4968844462447,0.833333333333333,0.382704823553836,0.736842105263158,0.817460317460317,0.777777777777778,0.857142857142857,0.222222222222222,0.142857142857143,5.44444444444444,0.259259259259259
"3471",0.228,7.03488699752498,0.866666666666667,0.458689843117297,0.875,0.930803571428571,1,0.75,0,0.25,4,0
"3472",0.314,7.52092666338874,0.733333333333333,0.406011501136899,0.692307692307692,0.835978835978836,1,0.619047619047619,0,0.380952380952381,2.625,0
"3473",0.259,7.52013634118969,0.866666666666667,0.412020881874806,0.833333333333333,0.865740740740741,0.833333333333333,0.888888888888889,0.166666666666667,0.111111111111111,7.5,0.1875
"3474",0.2625,7.52052626495214,0.8,0.419810685704594,0.727272727272727,0.787081339712919,0.727272727272727,0.842105263157895,0.272727272727273,0.157894736842105,4.6060606060606,0.323863636363636
"3475",0.3325,7.51400132721346,0.833333333333333,0.35774769905563,0.736842105263158,0.906832298136646,1,0.782608695652174,0,0.217391304347826,4.6,0
"3476",0.2625,7.50682893146507,0.866666666666667,0.431274933530842,0.857142857142857,0.881944444444444,1,0.777777777777778,0,0.222222222222222,4.5,0
"3477",0.3745,9.03102649213771,0.833333333333333,0.389917767564441,0.761904761904762,0.818181818181818,0.727272727272727,0.894736842105263,0.272727272727273,0.105263157894737,6.90909090909091,0.304812834224599
"3478",0.2325,7.50913894388822,0.9,0.462994548442275,0.888888888888889,0.875,0.857142857142857,0.9375,0.142857142857143,0.0625,13.7142857142857,0.152380952380952
"3479",0.22,7.5284061096713,0.866666666666667,0.462229174412287,0.875,0.871111111111111,0.933333333333333,0.8,0.0666666666666667,0.2,4.66666666666667,0.0833333333333333
"3480",0.304,7.51508255576516,0.766666666666667,0.404609578314211,0.631578947368421,0.758522727272727,0.75,0.772727272727273,0.25,0.227272727272727,3.3,0.323529411764706
"3481",0.328,7.52291496146744,0.7,0.402702188938958,0.526315789473684,0.805555555555556,0.833333333333333,0.666666666666667,0.166666666666667,0.333333333333333,2.5,0.25
"3482",0.286,7.51130839068339,0.8,0.395950316238975,0.75,0.85,0.9,0.75,0.1,0.25,3.6,0.133333333333333
"3483",0.2685,7.15201552193232,0.733333333333333,0.445068296269191,0.5,0.729166666666667,0.666666666666667,0.75,0.333333333333333,0.25,2.66666666666667,0.444444444444444
"3484",0.259,7.51567800062485,0.766666666666667,0.443649833493256,0.774193548387097,0.841628959276018,0.923076923076923,0.647058823529412,0.0769230769230769,0.352941176470588,2.61538461538462,0.118881118881119
"3485",0.2575,7.50601405203074,0.866666666666667,0.4158796298528,0.818181818181818,0.913875598086124,0.818181818181818,0.894736842105263,0.181818181818182,0.105263157894737,7.77272727272727,0.203208556149733
"3486",0.281,7.5043151283706,0.866666666666667,0.396986479264003,0.833333333333333,0.9175,1,0.8,0,0.2,5,0
"3487",0.284,7.5129757906628,0.866666666666667,0.382950126062415,0.833333333333333,0.94,1,0.8,0,0.2,5,0
"3488",0.252,6.51297171086506,0.766666666666667,0.380931439142717,0.72,0.894179894179894,1,0.666666666666667,0,0.333333333333333,3,0
"3489",0.2305,6.51651865298573,0.9,0.432827465006342,0.896551724137931,0.979638009049774,1,0.823529411764706,0,0.176470588235294,5.66666666666667,0
"3490",0.2505,7.17779400458876,0.7,0.465032099042575,0.526315789473684,0.670807453416149,0.714285714285714,0.695652173913043,0.285714285714286,0.304347826086957,2.3469387755102,0.410714285714286
"3491",0.2645,7.52693408043963,0.833333333333333,0.402299107546946,0.814814814814815,0.868055555555555,0.916666666666667,0.777777777777778,0.0833333333333334,0.222222222222222,4.125,0.107142857142857
"3492",0.3655,8.50668982419513,0.8,0.39920499948194,0.727272727272727,0.825,0.8,0.8,0.2,0.2,4,0.25
"3493",0.213,6.54034346864109,0.733333333333333,0.383688441112324,0.555555555555556,0.795138888888889,0.833333333333333,0.708333333333333,0.166666666666667,0.291666666666667,2.85714285714286,0.235294117647059
"3494",0.5975,9.4865115120147,0.866666666666667,0.412166915768892,0.75,0.786931818181818,0.75,0.909090909090909,0.25,0.0909090909090909,8.25,0.275
"3495",0.29,7.51782244760719,0.866666666666667,0.380748720565646,0.8,0.941798941798942,0.888888888888889,0.857142857142857,0.111111111111111,0.142857142857143,6.22222222222222,0.12962962962963
"3496",0.3625,8.02893489649447,0.9,0.322879113061567,0.769230769230769,0.885416666666667,0.833333333333333,0.916666666666667,0.166666666666667,0.0833333333333334,10,0.181818181818182
"3497",0.26,7.51344993776289,0.8,0.428378166707619,0.75,0.854066985645933,0.818181818181818,0.789473684210526,0.181818181818182,0.210526315789474,3.88636363636364,0.23030303030303
"3498",0.2325,7.53020533116539,0.9,0.431557799118895,0.896551724137931,0.890625,0.928571428571429,0.875,0.0714285714285714,0.125,7.42857142857143,0.0816326530612245
"3499",0.432,9.50047441149917,0.866666666666667,0.356764001401841,0.777777777777778,0.857142857142857,0.777777777777778,0.904761904761905,0.222222222222222,0.0952380952380952,8.16666666666667,0.245614035087719
"3500",0.2695,7.51026244782377,0.866666666666667,0.408961856834622,0.833333333333333,0.889952153110048,0.909090909090909,0.842105263157895,0.0909090909090909,0.157894736842105,5.75757575757576,0.107954545454545
"3501",0.277,7.51970778497078,0.8,0.401022146129199,0.727272727272727,0.8575,0.8,0.8,0.2,0.2,4,0.25
"3502",0.2385,7.51173807817705,0.8,0.462231368851862,0.785714285714286,0.794117647058823,0.846153846153846,0.764705882352941,0.153846153846154,0.235294117647059,3.59615384615385,0.201183431952663
"3503",0.386,9.50400027241721,0.866666666666667,0.405568111956431,0.75,0.83,0.6,1,0.4,0,Inf,0.4
"3504",0.4185,9.50057842118224,0.866666666666667,0.377168464373773,0.777777777777778,0.854497354497354,0.777777777777778,0.904761904761905,0.222222222222222,0.0952380952380952,8.16666666666667,0.245614035087719
"3505",0.2145,6.51500877895515,0.833333333333333,0.423274671882769,0.814814814814815,0.888888888888889,0.916666666666667,0.777777777777778,0.0833333333333334,0.222222222222222,4.125,0.107142857142857
"3506",0.225,6.52083484783568,0.833333333333333,0.409398858132657,0.8,0.894736842105263,0.909090909090909,0.789473684210526,0.0909090909090909,0.210526315789474,4.31818181818182,0.115151515151515
"3507",0.238,6.51467108978407,0.766666666666667,0.392422597751821,0.588235294117647,0.779503105590062,0.714285714285714,0.782608695652174,0.285714285714286,0.217391304347826,3.28571428571429,0.365079365079365
"3508",0.2425,7.51130294136103,0.766666666666667,0.45276228358707,0.695652173913043,0.793981481481482,0.666666666666667,0.833333333333333,0.333333333333333,0.166666666666667,4,0.4
"3509",0.4075,9.01488028559284,0.933333333333333,0.320230487185674,0.833333333333333,0.972222222222222,0.833333333333333,0.958333333333333,0.166666666666667,0.0416666666666666,20,0.173913043478261
"3510",0.2905,7.51807410757771,0.866666666666667,0.374051460426614,0.777777777777778,0.878306878306878,0.777777777777778,0.904761904761905,0.222222222222222,0.0952380952380952,8.16666666666667,0.245614035087719
"3511",0.2135,6.52681058293077,0.766666666666667,0.424042366817038,0.666666666666667,0.740740740740741,0.777777777777778,0.761904761904762,0.222222222222222,0.238095238095238,3.26666666666667,0.291666666666667
"3512",0.275,7.50380716273549,0.933333333333333,0.392458068155194,0.916666666666667,0.971291866028708,1,0.894736842105263,0,0.105263157894737,9.5,0
"3513",0.2555,7.51296929858663,0.866666666666667,0.429211364883051,0.846153846153846,0.877314814814815,0.916666666666667,0.833333333333333,0.0833333333333334,0.166666666666667,5.5,0.1
"3514",0.245,7.52721903796285,0.8,0.438058392414673,0.769230769230769,0.854166666666667,0.833333333333333,0.777777777777778,0.166666666666667,0.222222222222222,3.75,0.214285714285714
"3515",0.271,7.05277067513533,0.866666666666667,0.367536409693721,0.777777777777778,0.903409090909091,0.875,0.863636363636364,0.125,0.136363636363636,6.41666666666667,0.144736842105263
"3516",0.147,6.17985725562321,0.766666666666667,0.41328947223127,0.666666666666667,0.830687830687831,0.777777777777778,0.761904761904762,0.222222222222222,0.238095238095238,3.26666666666667,0.291666666666667
"3517",0.249,6.51724601049163,0.666666666666667,0.406808426166354,0.583333333333333,0.761363636363636,0.875,0.590909090909091,0.125,0.409090909090909,2.13888888888889,0.211538461538462
"3518",0.2945,7.51423300674484,0.8,0.392634467487306,0.785714285714286,0.894736842105263,1,0.684210526315789,0,0.315789473684211,3.16666666666667,0
"3519",0.3165,7.52565506600916,0.733333333333333,0.428481848642449,0.636363636363636,0.769886363636364,0.875,0.681818181818182,0.125,0.318181818181818,2.75,0.183333333333333
"3520",0.299,7.50745293510029,0.8,0.381071106024347,0.727272727272727,0.888888888888889,0.888888888888889,0.761904761904762,0.111111111111111,0.238095238095238,3.73333333333333,0.145833333333333
"3521",0.2495,7.0737945165392,0.733333333333333,0.413485728718876,0.666666666666667,0.820574162679426,0.727272727272727,0.736842105263158,0.272727272727273,0.263157894736842,2.76363636363636,0.37012987012987
"3522",0.1985,6.53546441193455,0.833333333333333,0.397622945548196,0.782608695652174,0.875661375661376,1,0.761904761904762,0,0.238095238095238,4.2,0
"3523",0.2325,7.08538882850537,0.733333333333333,0.43680251620277,0.666666666666667,0.739234449760766,0.727272727272727,0.736842105263158,0.272727272727273,0.263157894736842,2.76363636363636,0.37012987012987
"3524",0.1005,6.23082702998453,0.7,0.494477141412363,0.666666666666667,0.75,0.75,0.666666666666667,0.25,0.333333333333333,2.25,0.375
"3525",0.249,7.06561942941027,0.833333333333333,0.406030272787411,0.814814814814815,0.849537037037037,0.916666666666667,0.777777777777778,0.0833333333333334,0.222222222222222,4.125,0.107142857142857
"3526",0.207,6.53500166543125,0.833333333333333,0.374921221573092,0.782608695652174,0.894179894179894,1,0.761904761904762,0,0.238095238095238,4.2,0
"3527",0.286,7.53774665483959,0.733333333333333,0.48560007862944,0.6,0.710227272727273,0.75,0.727272727272727,0.25,0.272727272727273,2.75,0.34375
"3528",0.194,6.52252737978664,0.8,0.442773243964986,0.75,0.831018518518518,0.75,0.833333333333333,0.25,0.166666666666667,4.5,0.3
"3529",0.2475,7.13611731332145,0.766666666666667,0.406375978139165,0.588235294117647,0.742236024844721,0.714285714285714,0.782608695652174,0.285714285714286,0.217391304347826,3.28571428571429,0.365079365079365
"3530",0.3445,7.51188055147545,0.733333333333333,0.397139295087676,0.636363636363636,0.822981366459627,1,0.652173913043478,0,0.347826086956522,2.875,0
"3531",0.4285,9.50450784004176,0.833333333333333,0.39201192328211,0.705882352941177,0.796296296296296,0.666666666666667,0.904761904761905,0.333333333333333,0.0952380952380952,7,0.368421052631579
"3532",0.345,7.52408746418204,0.7,0.416775115929184,0.64,0.832386363636364,1,0.590909090909091,0,0.409090909090909,2.44444444444444,0
"3533",0.3375,8.51009095912388,0.866666666666667,0.395096478079985,0.777777777777778,0.8075,0.7,0.95,0.3,0.05,14,0.315789473684211
"3534",0.522,9.49715698818337,0.866666666666667,0.366371554768278,0.777777777777778,0.883597883597884,0.777777777777778,0.904761904761905,0.222222222222222,0.0952380952380952,8.16666666666667,0.245614035087719
"3535",0.2255,6.52112861804005,0.766666666666667,0.400345544950352,0.631578947368421,0.744318181818182,0.75,0.772727272727273,0.25,0.227272727272727,3.3,0.323529411764706
"3536",0.472,8.96369404471706,0.8,0.403315775749383,0.666666666666667,0.788359788359788,0.666666666666667,0.857142857142857,0.333333333333333,0.142857142857143,4.66666666666667,0.388888888888889
"3537",0.2415,7.08096856098905,0.733333333333333,0.448084453304049,0.692307692307692,0.753588516746411,0.818181818181818,0.684210526315789,0.181818181818182,0.315789473684211,2.59090909090909,0.265734265734266
"3538",0.2945,7.50805033399596,0.9,0.361630247699009,0.842105263157895,0.973544973544973,0.888888888888889,0.904761904761905,0.111111111111111,0.0952380952380952,9.33333333333333,0.12280701754386
"3539",0.2445,7.51957413904465,0.8,0.457411916664351,0.75,0.777777777777778,0.75,0.833333333333333,0.25,0.166666666666667,4.5,0.3
"3540",0.2135,6.52229447768829,0.8,0.427717556874182,0.785714285714286,0.865740740740741,0.916666666666667,0.722222222222222,0.0833333333333334,0.277777777777778,3.3,0.115384615384615
"3541",0.4175,9.51028736250604,0.866666666666667,0.369364809424323,0.75,0.857142857142857,0.666666666666667,0.952380952380952,0.333333333333333,0.0476190476190477,14,0.35
"3542",0.328,7.50718210192027,0.833333333333333,0.354304263811012,0.736842105263158,0.897515527950311,1,0.782608695652174,0,0.217391304347826,4.6,0
"3543",0.279,7.51420373387498,0.8,0.407631627434598,0.75,0.8625,0.9,0.75,0.1,0.25,3.6,0.133333333333333
"3544",0.317,7.5274057855705,0.8,0.43604460718599,0.75,0.783068783068783,1,0.714285714285714,0,0.285714285714286,3.5,0
"3545",0.2605,7.05768004423118,0.8,0.391224429434786,0.75,0.8925,0.9,0.75,0.1,0.25,3.6,0.133333333333333
"3546",0.722,12.4896064078075,0.9,0.376546209650367,0.571428571428571,0.824,0.4,1,0.6,0,Inf,0.6
"3547",0.1915,6.51887396720437,0.833333333333333,0.459286566029021,0.814814814814815,0.883928571428571,0.785714285714286,0.875,0.214285714285714,0.125,6.28571428571429,0.244897959183673
"3548",0.278,7.51671588897222,0.833333333333333,0.413038140271509,0.782608695652174,0.8475,0.9,0.8,0.1,0.2,4.5,0.125
"3549",0.2335,7.11870993513837,0.866666666666667,0.354548287388085,0.8,0.895,0.8,0.9,0.2,0.1,8,0.222222222222222
"3550",0.2905,7.5218942229248,0.733333333333333,0.441002621334454,0.636363636363636,0.75,0.875,0.681818181818182,0.125,0.318181818181818,2.75,0.183333333333333
"3551",0.431,9.49797106946965,0.933333333333333,0.340926468297839,0.833333333333333,0.891304347826087,0.714285714285714,1,0.285714285714286,0,Inf,0.285714285714286
"3552",0.4485,9.02574173798594,0.833333333333333,0.396381279366222,0.705882352941177,0.761904761904762,0.666666666666667,0.904761904761905,0.333333333333333,0.0952380952380952,7,0.368421052631579
"3553",0.2665,7.51268964926849,0.8,0.419832909089198,0.769230769230769,0.868055555555556,0.833333333333333,0.777777777777778,0.166666666666667,0.222222222222222,3.75,0.214285714285714
"3554",0.3155,7.51702315852699,0.766666666666667,0.380734475533832,0.666666666666667,0.818181818181818,0.875,0.727272727272727,0.125,0.272727272727273,3.20833333333333,0.171875
"3555",0.2595,7.52012217629772,0.866666666666667,0.419231643371242,0.818181818181818,0.866028708133971,0.818181818181818,0.894736842105263,0.181818181818182,0.105263157894737,7.77272727272727,0.203208556149733
"3556",0.1615,6.54915635763344,0.733333333333333,0.454702075682689,0.6,0.678977272727273,0.75,0.727272727272727,0.25,0.272727272727273,2.75,0.34375
"3557",0.298,7.5105706979044,0.8,0.399071800060903,0.769230769230769,0.8575,1,0.7,0,0.3,3.33333333333333,0
"3558",0.2345,7.50601479944351,0.766666666666667,0.464496820807398,0.787878787878788,0.828888888888889,0.866666666666667,0.666666666666667,0.133333333333333,0.333333333333333,2.6,0.2
"3559",0.3095,7.52216904717096,0.866666666666667,0.34863977650242,0.8,0.90625,1,0.818181818181818,0,0.181818181818182,5.5,0
"3560",0.4335,10.0093173081288,0.933333333333333,0.335461242684313,0.875,0.946022727272727,0.875,0.954545454545455,0.125,0.0454545454545454,19.25,0.130952380952381
"3561",0.402,8.50375118270846,0.9,0.330639287674176,0.727272727272727,0.94,0.8,0.92,0.2,0.08,10,0.217391304347826
"3562",0.2465,7.51215645218757,0.766666666666667,0.438488985660597,0.72,0.768518518518518,0.75,0.777777777777778,0.25,0.222222222222222,3.375,0.321428571428571
"3563",0.289,7.51774088985008,0.766666666666667,0.400669942702296,0.72,0.8275,0.9,0.7,0.1,0.3,3,0.142857142857143
"3564",0.2305,6.50851877067174,0.8,0.401029572869356,0.769230769230769,0.875598086124402,0.909090909090909,0.736842105263158,0.0909090909090909,0.263157894736842,3.45454545454545,0.123376623376623
"3565",0.2845,7.51361757701911,0.8,0.39486856980143,0.727272727272727,0.796296296296296,0.888888888888889,0.761904761904762,0.111111111111111,0.238095238095238,3.73333333333333,0.145833333333333
"3566",0.291,7.51380055303733,0.8,0.381295759537544,0.666666666666667,0.764204545454546,0.75,0.818181818181818,0.25,0.181818181818182,4.125,0.305555555555556
"3567",0.2265,6.52522334708233,0.866666666666667,0.404277781492121,0.818181818181818,0.8925,0.9,0.85,0.1,0.15,6,0.117647058823529
"3568",0.2785,7.53504499842394,0.733333333333333,0.446382440875056,0.5,0.652173913043478,0.571428571428571,0.782608695652174,0.428571428571429,0.217391304347826,2.62857142857143,0.547619047619048
"3569",0.3145,7.51128314874946,0.933333333333333,0.340058336920673,0.888888888888889,0.982954545454545,1,0.909090909090909,0,0.0909090909090909,11,0
"3570",0.282,7.0542686726098,0.833333333333333,0.355945481094693,0.761904761904762,0.925925925925926,0.888888888888889,0.80952380952381,0.111111111111111,0.19047619047619,4.66666666666667,0.137254901960784
"3571",0.3745,9.03950262628629,0.866666666666667,0.372831824700261,0.714285714285714,0.791005291005291,0.555555555555556,1,0.444444444444444,0,Inf,0.444444444444444
"3572",0.575,9.95954309672919,0.833333333333333,0.393873578708443,0.782608695652174,0.824074074074074,0.75,0.888888888888889,0.25,0.111111111111111,6.75,0.28125
"3573",0.212,6.53531216553505,0.733333333333333,0.400262273438617,0.555555555555556,0.791666666666667,0.833333333333333,0.708333333333333,0.166666666666667,0.291666666666667,2.85714285714286,0.235294117647059
"3574",0.3675,8.50847284801935,0.766666666666667,0.405843199285138,0.631578947368421,0.748677248677249,0.666666666666667,0.80952380952381,0.333333333333333,0.19047619047619,3.5,0.411764705882353
"3575",0.269,7.50906413824321,0.833333333333333,0.410590606460862,0.814814814814815,0.914351851851852,0.916666666666667,0.777777777777778,0.0833333333333334,0.222222222222222,4.125,0.107142857142857
"3576",0.4245,9.50137261639927,0.9,0.363480798446586,0.823529411764706,0.860795454545455,0.875,0.909090909090909,0.125,0.0909090909090909,9.625,0.1375
"3577",0.49,8.95165395667215,0.866666666666667,0.339218995656715,0.666666666666667,0.852,0.8,0.88,0.2,0.12,6.66666666666667,0.227272727272727
"3578",0.274,7.53392816493787,0.766666666666667,0.415058170052237,0.666666666666667,0.772486772486772,0.777777777777778,0.761904761904762,0.222222222222222,0.238095238095238,3.26666666666667,0.291666666666667
"3579",0.2875,7.05626636367415,0.8,0.369890334258582,0.727272727272727,0.900568181818182,1,0.727272727272727,0,0.272727272727273,3.66666666666667,0
"3580",0.6285,9.48167532847145,0.9,0.382231840370963,0.769230769230769,0.908,1,0.88,0,0.12,8.33333333333333,0
"3581",0.475,8.50402683055152,0.8,0.415492559201396,0.571428571428571,0.774305555555556,0.666666666666667,0.833333333333333,0.333333333333333,0.166666666666667,4,0.4
"3582",0.2995,7.51214623210832,0.866666666666667,0.374073474633395,0.818181818181818,0.928571428571428,1,0.80952380952381,0,0.19047619047619,5.25,0
"3583",0.2615,7.53418806797271,0.8,0.432757967713054,0.7,0.753968253968254,0.777777777777778,0.80952380952381,0.222222222222222,0.19047619047619,4.08333333333333,0.274509803921569
"3584",0.2105,5.52382351584974,0.6,0.389549592476963,0.538461538461538,0.791925465838509,1,0.478260869565217,0,0.521739130434783,1.91666666666667,0
"3585",0.25,7.5415671673988,0.666666666666667,0.504204113242353,0.642857142857143,0.680555555555556,0.75,0.611111111111111,0.25,0.388888888888889,1.92857142857143,0.409090909090909
"3586",0.219,6.52144711297596,0.7,0.40839822838559,0.64,0.79,0.8,0.65,0.2,0.35,2.28571428571429,0.307692307692308
"3587",0.4765,10.5017023682694,0.866666666666667,0.370944264867102,0.714285714285714,0.833333333333333,0.555555555555556,1,0.444444444444444,0,Inf,0.444444444444444
"3588",0.2645,7.52108975370404,0.7,0.449340125976851,0.64,0.708133971291866,0.727272727272727,0.684210526315789,0.272727272727273,0.315789473684211,2.3030303030303,0.398601398601399
"3589",0.357,8.52297861988904,0.8,0.438887565717606,0.75,0.764705882352941,0.692307692307692,0.882352941176471,0.307692307692308,0.117647058823529,5.88461538461538,0.348717948717949
"3590",0.2405,7.54397375079486,0.766666666666667,0.442851618554053,0.631578947368421,0.716931216931217,0.666666666666667,0.80952380952381,0.333333333333333,0.19047619047619,3.5,0.411764705882353
"3591",0.244,7.53626709961678,0.833333333333333,0.437832993482317,0.761904761904762,0.795,0.8,0.85,0.2,0.15,5.33333333333333,0.235294117647059
"3592",0.501,9.00251306698086,0.9,0.337638204111421,0.727272727272727,0.836,0.8,0.92,0.2,0.08,10,0.217391304347826
"3593",0.5255,9.49399573950335,0.833333333333333,0.390270071268229,0.666666666666667,0.795454545454545,0.625,0.909090909090909,0.375,0.0909090909090909,6.875,0.4125
"3594",0.2865,7.50667941369164,0.8,0.379105445203439,0.7,0.867724867724868,0.777777777777778,0.80952380952381,0.222222222222222,0.19047619047619,4.08333333333333,0.274509803921569
"3595",0.521,8.99124176188588,0.866666666666667,0.368495528418646,0.777777777777778,0.897727272727273,0.875,0.863636363636364,0.125,0.136363636363636,6.41666666666667,0.144736842105263
"3596",0.201,6.53493240119698,0.766666666666667,0.389772748845274,0.533333333333333,0.774305555555556,0.666666666666667,0.791666666666667,0.333333333333333,0.208333333333333,3.2,0.421052631578947
"3597",0.5305,9.49604179893442,0.866666666666667,0.361128640036398,0.75,0.840909090909091,0.75,0.909090909090909,0.25,0.0909090909090909,8.25,0.275
"3598",0.358,9.03728362231198,0.833333333333333,0.391425493681183,0.705882352941177,0.8175,0.6,0.95,0.4,0.05,12,0.421052631578947
"3599",0.278,7.52831129528594,0.833333333333333,0.393101594868358,0.705882352941177,0.823863636363636,0.75,0.863636363636364,0.25,0.136363636363636,5.5,0.289473684210526
"3600",0.431,8.51001722535523,0.766666666666667,0.418039590336968,0.631578947368421,0.793650793650794,0.666666666666667,0.80952380952381,0.333333333333333,0.19047619047619,3.5,0.411764705882353
"3601",0.2875,7.51123368036093,0.866666666666667,0.378004011809083,0.8,0.9225,0.8,0.9,0.2,0.1,8,0.222222222222222
"3602",0.292,8.05263733070115,0.833333333333333,0.408905050353777,0.761904761904762,0.799043062200957,0.727272727272727,0.894736842105263,0.272727272727273,0.105263157894737,6.90909090909091,0.304812834224599
"3603",0.273,7.51550728197765,0.933333333333333,0.401497479059329,0.9,0.939153439153439,1,0.904761904761905,0,0.0952380952380952,10.5,0
"3604",0.253,7.51856684627575,0.8,0.435523408408884,0.75,0.840277777777778,0.75,0.833333333333333,0.25,0.166666666666667,4.5,0.3
"3605",0.279,7.52050892193476,0.833333333333333,0.395801494399638,0.8,0.916267942583732,0.909090909090909,0.789473684210526,0.0909090909090909,0.210526315789474,4.31818181818182,0.115151515151515
"3606",0.347,7.5232695366548,0.666666666666667,0.450287100723287,0.545454545454545,0.742236024844721,0.857142857142857,0.608695652173913,0.142857142857143,0.391304347826087,2.19047619047619,0.23469387755102
"3607",0.266,7.51709334349966,0.833333333333333,0.414269956866172,0.761904761904762,0.8125,0.8,0.85,0.2,0.15,5.33333333333333,0.235294117647059
"3608",0.2595,7.51466307082742,0.933333333333333,0.429006756424031,0.928571428571429,0.986425339366516,1,0.882352941176471,0,0.117647058823529,8.5,0
"3609",0.227,6.52446209450815,0.833333333333333,0.40989293243978,0.761904761904762,0.814814814814815,0.888888888888889,0.80952380952381,0.111111111111111,0.19047619047619,4.66666666666667,0.137254901960784
"3610",0.23,6.52158596099831,0.666666666666667,0.436592947473435,0.642857142857143,0.7325,0.9,0.55,0.1,0.45,2,0.181818181818182
"3611",0.32,7.50968709266944,0.766666666666667,0.395818163200117,0.695652173913043,0.788359788359788,0.888888888888889,0.714285714285714,0.111111111111111,0.285714285714286,3.11111111111111,0.155555555555556
"3612",0.3435,7.50398769814889,0.866666666666667,0.338930573031169,0.714285714285714,0.936,1,0.84,0,0.16,6.25,0
"3613",0.2245,6.51893697746022,0.8,0.397666465837885,0.75,0.855,0.9,0.75,0.1,0.25,3.6,0.133333333333333
"3614",0.3245,7.50985800770991,0.866666666666667,0.35439747751028,0.777777777777778,0.916149068322981,1,0.826086956521739,0,0.173913043478261,5.75,0
"3615",0.307,7.51814231936922,0.7,0.415308281311856,0.470588235294118,0.695652173913043,0.571428571428571,0.739130434782609,0.428571428571429,0.260869565217391,2.19047619047619,0.579831932773109
"3616",0.2085,7.54584500699052,0.8,0.453797213066511,0.727272727272727,0.752314814814815,0.666666666666667,0.888888888888889,0.333333333333333,0.111111111111111,6,0.375
"3617",0.5155,10.5008630518292,0.9,0.353491782111587,0.666666666666667,0.840277777777778,0.5,1,0.5,0,Inf,0.5
"3618",0.412,9.4998831320223,0.933333333333333,0.347838240182949,0.875,0.957386363636364,0.875,0.954545454545455,0.125,0.0454545454545454,19.25,0.130952380952381
"3619",0.347,8.51079212168926,0.833333333333333,0.4081225724469,0.705882352941177,0.761904761904762,0.666666666666667,0.904761904761905,0.333333333333333,0.0952380952380952,7,0.368421052631579
"3620",0.482,10.0061167107578,0.866666666666667,0.347301734226303,0.666666666666667,0.841614906832298,0.571428571428571,0.956521739130435,0.428571428571429,0.0434782608695652,13.1428571428572,0.448051948051948
"3621",0.5455,10.5026041500993,0.966666666666667,0.319392431421161,0.888888888888889,0.990384615384615,1,0.961538461538462,0,0.0384615384615384,26,0
"3622",0.4285,9.5014348115172,0.866666666666667,0.362968259357719,0.75,0.835227272727273,0.75,0.909090909090909,0.25,0.0909090909090909,8.25,0.275
"3623",0.2515,7.06042712944469,0.833333333333333,0.405461994644141,0.814814814814815,0.886574074074074,0.916666666666667,0.777777777777778,0.0833333333333334,0.222222222222222,4.125,0.107142857142857
"3624",0.2985,7.5262747555416,0.7,0.435034206646683,0.666666666666667,0.7725,0.9,0.6,0.1,0.4,2.25,0.166666666666667
"3625",0.122,5.55550368705085,0.633333333333333,0.456069421685557,0.592592592592593,0.738636363636364,1,0.5,0,0.5,2,0
"3626",0.397,7.50928373951815,0.633333333333333,0.439531924654424,0.352941176470588,0.648148148148148,1,0.592592592592593,0,0.407407407407407,2.45454545454545,0
"3627",0.297,7.52503499652328,0.833333333333333,0.385008188366623,0.761904761904762,0.854497354497354,0.888888888888889,0.80952380952381,0.111111111111111,0.19047619047619,4.66666666666667,0.137254901960784
"3628",0.244,7.07005225298867,0.766666666666667,0.41031393304505,0.72,0.822966507177033,0.818181818181818,0.736842105263158,0.181818181818182,0.263157894736842,3.10909090909091,0.246753246753247
"3629",0.1185,6.22975476519826,0.733333333333333,0.493555226110458,0.75,0.760180995475113,0.923076923076923,0.588235294117647,0.0769230769230769,0.411764705882353,2.24175824175824,0.130769230769231
"3630",0.2815,7.51768440109071,0.766666666666667,0.434033364054439,0.72,0.775,0.9,0.7,0.1,0.3,3,0.142857142857143
"3631",0.2725,7.51759407182112,0.766666666666667,0.41540042118317,0.72,0.80622009569378,0.818181818181818,0.736842105263158,0.181818181818182,0.263157894736842,3.10909090909091,0.246753246753247
"3632",0.11,5.55837074018577,0.633333333333333,0.436264278994623,0.476190476190476,0.663194444444445,0.833333333333333,0.583333333333333,0.166666666666667,0.416666666666667,2,0.285714285714286
"3633",0.3095,7.51227929061916,0.8,0.361450214523282,0.571428571428571,0.732638888888889,0.666666666666667,0.833333333333333,0.333333333333333,0.166666666666667,4,0.4
"3634",0.403,8.50164054296111,0.933333333333333,0.324662450341952,0.833333333333333,0.964,1,0.92,0,0.08,12.5,0
"3635",0.2365,6.52349205766687,0.733333333333333,0.407774146189786,0.692307692307692,0.79,0.9,0.65,0.1,0.35,2.57142857142857,0.153846153846154
"3636",0.425,9.51164068487447,0.933333333333333,0.3366811025663,0.857142857142857,0.96583850931677,0.857142857142857,0.956521739130435,0.142857142857143,0.0434782608695652,19.7142857142857,0.149350649350649
"3637",0.231,7.52446686694389,0.866666666666667,0.463037923535106,0.846153846153846,0.857466063348416,0.846153846153846,0.882352941176471,0.153846153846154,0.117647058823529,7.19230769230769,0.174358974358974
"3638",0.234,6.51380903933877,0.866666666666667,0.388532141874428,0.818181818181818,0.915,0.9,0.85,0.1,0.15,6,0.117647058823529
"3639",0.318,7.52193993260097,0.8,0.352158000778995,0.7,0.885093167701863,1,0.739130434782609,0,0.260869565217391,3.83333333333333,0
"3640",0.2885,7.50748870172706,0.766666666666667,0.408814064068332,0.72,0.8425,0.9,0.7,0.1,0.3,3,0.142857142857143
"3641",0.271,7.52781408508414,0.833333333333333,0.420304645184984,0.8,0.813397129186603,0.909090909090909,0.789473684210526,0.0909090909090909,0.210526315789474,4.31818181818182,0.115151515151515
"3642",0.2115,6.51990774503352,0.733333333333333,0.412313573334908,0.636363636363636,0.8075,0.7,0.75,0.3,0.25,2.8,0.4
"3643",0.3435,7.52436500795812,0.666666666666667,0.448435623616048,0.5,0.715277777777778,0.833333333333333,0.625,0.166666666666667,0.375,2.22222222222222,0.266666666666667
"3644",0.4325,9.5050243489893,0.833333333333333,0.368910621307852,0.705882352941177,0.880681818181818,0.75,0.863636363636364,0.25,0.136363636363636,5.5,0.289473684210526
"3645",0.2795,7.52678278061562,0.866666666666667,0.377862141182004,0.8,0.907407407407407,0.888888888888889,0.857142857142857,0.111111111111111,0.142857142857143,6.22222222222222,0.12962962962963
"3646",0.318,7.52370894746428,0.833333333333333,0.389655079399053,0.705882352941177,0.832298136645963,0.857142857142857,0.826086956521739,0.142857142857143,0.173913043478261,4.92857142857143,0.172932330827068
"3647",0.3785,8.57224765669907,0.8,0.368660344402241,0.666666666666667,0.872159090909091,0.75,0.818181818181818,0.25,0.181818181818182,4.125,0.305555555555556
"3648",0.4665,9.49953224641992,0.833333333333333,0.367503024476216,0.666666666666667,0.81055900621118,0.714285714285714,0.869565217391304,0.285714285714286,0.130434782608696,5.47619047619048,0.328571428571429
"3649",0.515,10.5009039277839,0.933333333333333,0.353498750856234,0.857142857142857,0.881987577639752,0.857142857142857,0.956521739130435,0.142857142857143,0.0434782608695652,19.7142857142857,0.149350649350649
"3650",0.8155,10.4496096157772,0.833333333333333,0.456066002838049,0.545454545454545,0.824,0.6,0.88,0.4,0.12,5,0.454545454545455
"3651",0.2805,7.52141730342726,0.833333333333333,0.393408573889043,0.736842105263158,0.862433862433862,0.777777777777778,0.857142857142857,0.222222222222222,0.142857142857143,5.44444444444444,0.259259259259259
"3652",0.2325,7.54530808123697,0.8,0.473127254982046,0.666666666666667,0.764550264550265,0.666666666666667,0.857142857142857,0.333333333333333,0.142857142857143,4.66666666666667,0.388888888888889
"3653",0.257,7.51356156232343,0.866666666666667,0.426218826788594,0.8,0.8825,0.8,0.9,0.2,0.1,8,0.222222222222222
"3654",0.295,7.5247075717244,0.8,0.418977961577611,0.785714285714286,0.821759259259259,0.916666666666667,0.722222222222222,0.0833333333333334,0.277777777777778,3.3,0.115384615384615
"3655",0.2735,7.52735766009675,0.733333333333333,0.412861014655785,0.6,0.801136363636364,0.75,0.727272727272727,0.25,0.272727272727273,2.75,0.34375
"3656",0.305,7.53905967274037,0.7,0.507035950352813,0.64,0.6825,0.8,0.65,0.2,0.35,2.28571428571429,0.307692307692308
"3657",0.31,7.51553871928657,0.766666666666667,0.382813850184332,0.631578947368421,0.77639751552795,0.857142857142857,0.739130434782609,0.142857142857143,0.260869565217391,3.28571428571429,0.19327731092437
"3658",0.2525,7.51921106026141,0.8,0.442045930365921,0.769230769230769,0.824074074074074,0.833333333333333,0.777777777777778,0.166666666666667,0.222222222222222,3.75,0.214285714285714
"3659",0.2675,7.53163323357904,0.833333333333333,0.438284432169454,0.8,0.839712918660287,0.909090909090909,0.789473684210526,0.0909090909090909,0.210526315789474,4.31818181818182,0.115151515151515
"3660",0.3265,7.76414358466667,0.733333333333333,0.361556151796756,0.666666666666667,0.886243386243386,0.888888888888889,0.666666666666667,0.111111111111111,0.333333333333333,2.66666666666667,0.166666666666667
"3661",0.298,7.51274679764292,0.766666666666667,0.386707772862508,0.695652173913043,0.846560846560847,0.888888888888889,0.714285714285714,0.111111111111111,0.285714285714286,3.11111111111111,0.155555555555556
"3662",0.25,7.04740853120809,0.833333333333333,0.414190838296933,0.814814814814815,0.923444976076555,1,0.736842105263158,0,0.263157894736842,3.8,0
"3663",0.3205,7.51935562920058,0.833333333333333,0.374721957618514,0.705882352941177,0.791925465838509,0.857142857142857,0.826086956521739,0.142857142857143,0.173913043478261,4.92857142857143,0.172932330827068
"3664",0.276,7.53597983003263,0.766666666666667,0.422649451925501,0.666666666666667,0.740740740740741,0.777777777777778,0.761904761904762,0.222222222222222,0.238095238095238,3.26666666666667,0.291666666666667
"3665",0.233,6.52149260046732,0.833333333333333,0.38165608777955,0.736842105263158,0.846560846560847,0.777777777777778,0.857142857142857,0.222222222222222,0.142857142857143,5.44444444444444,0.259259259259259
"3666",0.309,7.51260378905748,0.766666666666667,0.386055866773762,0.695652173913043,0.869318181818182,1,0.681818181818182,0,0.318181818181818,3.14285714285714,0
"3667",0.2345,7.52399024673927,0.733333333333333,0.479640555404846,0.764705882352941,0.824444444444444,0.866666666666667,0.6,0.133333333333333,0.4,2.16666666666667,0.222222222222222
"3668",0.3955,8.50913207447392,0.8,0.36882013563074,0.666666666666667,0.804347826086957,0.857142857142857,0.782608695652174,0.142857142857143,0.217391304347826,3.94285714285714,0.182539682539683
"3669",0.2815,7.53401200534491,0.8,0.434597876804085,0.727272727272727,0.825,0.8,0.8,0.2,0.2,4,0.25
"3670",0.5,10.5008236529216,0.833333333333333,0.402367762437522,0.615384615384615,0.732804232804233,0.444444444444444,1,0.555555555555556,0,Inf,0.555555555555556
"3671",0.333,7.52059835945092,0.766666666666667,0.408313024525086,0.72,0.843915343915344,1,0.666666666666667,0,0.333333333333333,3,0
"3672",0.276,7.50701707518001,0.8,0.402074712378429,0.769230769230769,0.913875598086124,0.909090909090909,0.736842105263158,0.0909090909090909,0.263157894736842,3.45454545454545,0.123376623376623
"3673",0.3235,7.50734803596382,0.933333333333333,0.335374917481409,0.875,0.953416149068323,1,0.91304347826087,0,0.0869565217391305,11.5,0
"3674",0.165,6.54880106328433,0.833333333333333,0.446836597736666,0.782608695652174,0.8475,0.9,0.8,0.1,0.2,4.5,0.125
"3675",0.294,7.51740048272624,0.733333333333333,0.395442905635544,0.636363636363636,0.806878306878307,0.777777777777778,0.714285714285714,0.222222222222222,0.285714285714286,2.72222222222222,0.311111111111111
"3676",0.298,7.50781831379274,0.833333333333333,0.364563514006486,0.666666666666667,0.782608695652174,0.714285714285714,0.869565217391304,0.285714285714286,0.130434782608696,5.47619047619048,0.328571428571429
"3677",0.3285,8.50597448383829,0.866666666666667,0.40324932271132,0.777777777777778,0.8175,0.7,0.95,0.3,0.05,14,0.315789473684211
"3678",0.289,7.51219118358784,0.7,0.429886097798839,0.64,0.7175,0.8,0.65,0.2,0.35,2.28571428571429,0.307692307692308
"3679",0.2775,7.51485036627309,0.8,0.407680422016525,0.7,0.822751322751323,0.777777777777778,0.80952380952381,0.222222222222222,0.19047619047619,4.08333333333333,0.274509803921569
"3680",0.314,7.52810383332364,0.833333333333333,0.367689993167263,0.666666666666667,0.826388888888889,0.833333333333333,0.833333333333333,0.166666666666667,0.166666666666667,5,0.2
"3681",0.274,7.50148034016514,0.833333333333333,0.402627565640521,0.8,0.913875598086124,0.909090909090909,0.789473684210526,0.0909090909090909,0.210526315789474,4.31818181818182,0.115151515151515
"3682",0.405,9.02321369999308,0.966666666666667,0.316910978362033,0.923076923076923,0.965277777777778,1,0.958333333333333,0,0.0416666666666666,24,0
"3683",0.281,7.51686860247485,0.833333333333333,0.400221010926065,0.782608695652174,0.83,0.9,0.8,0.1,0.2,4.5,0.125
"3684",0.2655,6.51575569232728,0.733333333333333,0.361862457728449,0.636363636363636,0.872670807453416,1,0.652173913043478,0,0.347826086956522,2.875,0
"3685",0.5925,9.48684821051174,0.8,0.43172497220964,0.75,0.779904306220096,0.818181818181818,0.789473684210526,0.181818181818182,0.210526315789474,3.88636363636364,0.23030303030303
"3686",0.2455,7.54584436137597,0.666666666666667,0.478842496077456,0.545454545454545,0.6475,0.6,0.7,0.4,0.3,2,0.571428571428572
"3687",0.1535,6.55534136558695,0.7,0.476955803178325,0.666666666666667,0.73444976076555,0.818181818181818,0.631578947368421,0.181818181818182,0.368421052631579,2.22077922077922,0.287878787878788
"3688",0.2305,7.5143067999331,0.833333333333333,0.455005704203007,0.8,0.828054298642534,0.769230769230769,0.882352941176471,0.230769230769231,0.117647058823529,6.53846153846154,0.261538461538461
"3689",0.3275,7.50766476755128,0.866666666666667,0.34414713033561,0.75,0.947916666666667,1,0.833333333333333,0,0.166666666666667,6,0
"3690",0.244,6.51283103664955,0.8,0.377915107645384,0.7,0.840909090909091,0.875,0.772727272727273,0.125,0.227272727272727,3.85,0.161764705882353
"3691",0.268,7.52712070747861,0.9,0.401666356457753,0.869565217391304,0.9,1,0.85,0,0.15,6.66666666666667,0
"3692",0.39,9.50931498726708,0.933333333333333,0.350586247012126,0.875,0.933862433862434,0.777777777777778,1,0.222222222222222,0,Inf,0.222222222222222
"3693",0.246,7.05542125635693,0.833333333333333,0.403219817864036,0.8,0.889952153110048,0.909090909090909,0.789473684210526,0.0909090909090909,0.210526315789474,4.31818181818182,0.115151515151515
"3694",0.3245,7.52480522843017,0.766666666666667,0.385155128606245,0.695652173913043,0.852272727272727,1,0.681818181818182,0,0.318181818181818,3.14285714285714,0
"3695",0.289,7.51035997602357,0.766666666666667,0.395639751046285,0.695652173913043,0.843915343915344,0.888888888888889,0.714285714285714,0.111111111111111,0.285714285714286,3.11111111111111,0.155555555555556
"3696",0.243,7.51697924128509,0.8,0.45124806009024,0.769230769230769,0.794117647058823,0.769230769230769,0.823529411764706,0.230769230769231,0.176470588235294,4.35897435897436,0.28021978021978
"3697",0.3975,8.50909423549302,0.866666666666667,0.350610674127047,0.75,0.829192546583851,0.857142857142857,0.869565217391304,0.142857142857143,0.130434782608696,6.57142857142857,0.164285714285714
"3698",0.2665,7.52723470390759,0.8,0.41543359379891,0.666666666666667,0.772727272727273,0.75,0.818181818181818,0.25,0.181818181818182,4.125,0.305555555555556
"3699",0.3275,7.50319854262348,0.9,0.332636586218411,0.8,0.934027777777778,1,0.875,0,0.125,8,0
"3700",0.3045,7.50764911446599,0.9,0.353796866734327,0.842105263157895,0.960227272727273,1,0.863636363636364,0,0.136363636363636,7.33333333333333,0
"3701",0.244,7.53902113438521,0.733333333333333,0.481620039463277,0.666666666666667,0.729665071770335,0.727272727272727,0.736842105263158,0.272727272727273,0.263157894736842,2.76363636363636,0.37012987012987
"3702",0.3,7.52508940850291,0.8,0.394314517416777,0.7,0.815340909090909,0.875,0.772727272727273,0.125,0.227272727272727,3.85,0.161764705882353
"3703",0.4865,9.00770336215667,0.9,0.319537317130848,0.769230769230769,0.930555555555556,0.833333333333333,0.916666666666667,0.166666666666667,0.0833333333333334,10,0.181818181818182
"3704",0.284,7.51765589593239,0.866666666666667,0.384518218278064,0.777777777777778,0.801587301587302,0.777777777777778,0.904761904761905,0.222222222222222,0.0952380952380952,8.16666666666667,0.245614035087719
"3705",0.09,5.56529847612917,0.666666666666667,0.459088617501909,0.642857142857143,0.744019138755981,0.818181818181818,0.578947368421053,0.181818181818182,0.421052631578947,1.94318181818182,0.314049586776859
"3706",0.294,7.50887646756434,0.8,0.379345696677387,0.666666666666667,0.795454545454545,0.75,0.818181818181818,0.25,0.181818181818182,4.125,0.305555555555556
"3707",0.296,7.51309739370594,0.833333333333333,0.374887577544259,0.761904761904762,0.843915343915344,0.888888888888889,0.80952380952381,0.111111111111111,0.19047619047619,4.66666666666667,0.137254901960784
"3708",0.259,7.52619746410658,0.8,0.410645854891549,0.8,0.857466063348416,0.923076923076923,0.705882352941177,0.0769230769230769,0.294117647058823,3.13846153846154,0.108974358974359
"3709",0.2805,7.51551041312415,0.833333333333333,0.397328633540532,0.736842105263158,0.804232804232804,0.777777777777778,0.857142857142857,0.222222222222222,0.142857142857143,5.44444444444444,0.259259259259259
"3710",0.2705,7.51593337650423,0.833333333333333,0.397711925301574,0.736842105263158,0.825,0.7,0.9,0.3,0.1,7,0.333333333333333
"3711",0.2665,7.50966808265337,0.833333333333333,0.408286358237894,0.736842105263158,0.8175,0.7,0.9,0.3,0.1,7,0.333333333333333
"3712",0.307,7.52194701840599,0.833333333333333,0.383182163774317,0.8,0.8625,1,0.75,0,0.25,4,0
"3713",0.248,7.53912114590475,0.7,0.470872760590248,0.64,0.722488038277512,0.727272727272727,0.684210526315789,0.272727272727273,0.315789473684211,2.3030303030303,0.398601398601399
"3714",0.2505,7.51075016728011,0.8,0.44065376941508,0.785714285714286,0.857466063348416,0.846153846153846,0.764705882352941,0.153846153846154,0.235294117647059,3.59615384615385,0.201183431952663
"3715",0.3325,8.51668922826165,0.833333333333333,0.392136436917924,0.736842105263158,0.845,0.7,0.9,0.3,0.1,7,0.333333333333333
"3716",0.235,6.51412010058862,0.766666666666667,0.397505036603157,0.695652173913043,0.854497354497355,0.888888888888889,0.714285714285714,0.111111111111111,0.285714285714286,3.11111111111111,0.155555555555556
"3717",0.2575,7.51214959869633,0.766666666666667,0.426621623971247,0.72,0.791666666666667,0.75,0.777777777777778,0.25,0.222222222222222,3.375,0.321428571428571
"3718",0.5915,9.48553255293942,0.833333333333333,0.377795496135943,0.705882352941177,0.87888198757764,0.857142857142857,0.826086956521739,0.142857142857143,0.173913043478261,4.92857142857143,0.172932330827068
"3719",0.183,6.55101515760508,0.7,0.476454135657435,0.64,0.716931216931217,0.888888888888889,0.619047619047619,0.111111111111111,0.380952380952381,2.33333333333333,0.17948717948718
"3720",0.268,7.51619492922873,0.8,0.409201841107061,0.75,0.84688995215311,0.818181818181818,0.789473684210526,0.181818181818182,0.210526315789474,3.88636363636364,0.23030303030303
"3721",0.4525,9.02441984056934,0.833333333333333,0.389845898264446,0.736842105263158,0.8125,0.7,0.9,0.3,0.1,7,0.333333333333333
"3722",0.398,9.02298326650112,0.9,0.331866019585468,0.8,0.950310559006211,0.857142857142857,0.91304347826087,0.142857142857143,0.0869565217391305,9.85714285714285,0.156462585034014
"3723",0.275,7.52269490618318,0.8,0.408132290853398,0.7,0.843915343915344,0.777777777777778,0.80952380952381,0.222222222222222,0.19047619047619,4.08333333333333,0.274509803921569
"3724",0.317,8.5158705869544,0.866666666666667,0.403569259632049,0.818181818181818,0.885167464114833,0.818181818181818,0.894736842105263,0.181818181818182,0.105263157894737,7.77272727272727,0.203208556149733
"3725",0.3215,7.50732139466591,0.833333333333333,0.355801304653828,0.761904761904762,0.911931818181818,1,0.772727272727273,0,0.227272727272727,4.4,0
"3726",0.1565,5.52777426134982,0.566666666666667,0.462588785497151,0.518518518518518,0.637566137566138,0.777777777777778,0.476190476190476,0.222222222222222,0.523809523809524,1.48484848484848,0.466666666666667
"3727",0.211,6.51356303828683,0.833333333333333,0.443260016321218,0.827586206896552,0.923076923076923,0.923076923076923,0.764705882352941,0.0769230769230769,0.235294117647059,3.92307692307692,0.100591715976331
"3728",0.344,7.51603265020995,0.9,0.318415536745997,0.769230769230769,0.952,1,0.88,0,0.12,8.33333333333333,0
"3729",0.2775,7.51027611958894,0.766666666666667,0.408198073116876,0.695652173913043,0.7975,0.8,0.75,0.2,0.25,3.2,0.266666666666667
"3730",0.293,7.51766629894511,0.833333333333333,0.385207599970605,0.736842105263158,0.803977272727273,0.875,0.818181818181818,0.125,0.181818181818182,4.8125,0.152777777777778
"3731",0.264,6.52302720432522,0.866666666666667,0.353078649299122,0.777777777777778,0.928571428571429,1,0.826086956521739,0,0.173913043478261,5.75,0
"3732",0.263,7.50922495272559,0.866666666666667,0.411995083917462,0.833333333333333,0.880382775119617,0.909090909090909,0.842105263157895,0.0909090909090909,0.157894736842105,5.75757575757576,0.107954545454545
"3733",0.2505,7.51934997675235,0.766666666666667,0.437197844178881,0.631578947368421,0.795,0.6,0.85,0.4,0.15,4,0.470588235294118
"3734",0.314,7.51289425738671,0.766666666666667,0.386594882952527,0.631578947368421,0.832298136645963,0.857142857142857,0.739130434782609,0.142857142857143,0.260869565217391,3.28571428571429,0.19327731092437
"3735",0.5325,9.4968335577985,0.8,0.39610515971753,0.7,0.845,0.7,0.85,0.3,0.15,4.66666666666667,0.352941176470588
"3736",0.317,7.52552208095351,0.733333333333333,0.41857382774974,0.6,0.773291925465838,0.857142857142857,0.695652173913043,0.142857142857143,0.304347826086957,2.81632653061224,0.205357142857143
"3737",0.256,7.51522894530686,0.833333333333333,0.420126173296672,0.782608695652174,0.839712918660287,0.818181818181818,0.842105263157895,0.181818181818182,0.157894736842105,5.18181818181818,0.215909090909091
"3738",0.2725,7.05555175175369,0.8,0.382955529195654,0.769230769230769,0.9125,1,0.7,0,0.3,3.33333333333333,0
"3739",0.2585,7.53268425268132,0.833333333333333,0.42784500885648,0.761904761904762,0.795,0.8,0.85,0.2,0.15,5.33333333333333,0.235294117647059
"3740",0.2625,7.5369421372373,0.733333333333333,0.456200237860037,0.692307692307692,0.739234449760766,0.818181818181818,0.684210526315789,0.181818181818182,0.315789473684211,2.59090909090909,0.265734265734266
"3741",0.2825,7.51717517717179,0.766666666666667,0.405774960423284,0.72,0.8275,0.9,0.7,0.1,0.3,3,0.142857142857143
"3742",0.547,9.98356140135857,0.9,0.335906805820257,0.842105263157895,0.8875,0.8,0.95,0.2,0.05,16,0.210526315789474
"3743",0.3785,9.50832285930775,0.9,0.393212643666833,0.842105263157895,0.92,0.8,0.95,0.2,0.05,16,0.210526315789474
"3744",0.413,9.50065578544976,0.766666666666667,0.411033465681694,0.695652173913043,0.794258373205742,0.727272727272727,0.789473684210526,0.272727272727273,0.210526315789474,3.45454545454546,0.345454545454545
"3745",0.309,7.51080788512729,0.833333333333333,0.362254570125037,0.761904761904762,0.934659090909091,1,0.772727272727273,0,0.227272727272727,4.4,0
"3746",0.358,8.5091847584369,0.9,0.361433485434415,0.8,0.852272727272727,0.75,0.954545454545455,0.25,0.0454545454545454,16.5,0.261904761904762
"3747",0.3465,7.52207282587764,0.733333333333333,0.412833436726046,0.666666666666667,0.840909090909091,1,0.636363636363636,0,0.363636363636364,2.75,0
"3748",0.3255,7.50949871256066,0.866666666666667,0.33082320474991,0.777777777777778,0.944099378881988,1,0.826086956521739,0,0.173913043478261,5.75,0
"3749",0.3385,8.51222150966888,0.866666666666667,0.383106954725549,0.75,0.888888888888889,0.666666666666667,0.952380952380952,0.333333333333333,0.0476190476190477,14,0.35
"3750",0.2625,7.53777076336784,0.733333333333333,0.470594556216196,0.714285714285714,0.715277777777778,0.833333333333333,0.666666666666667,0.166666666666667,0.333333333333333,2.5,0.25
"3751",0.737,10.4669881616062,0.866666666666667,0.407892154067873,0.714285714285714,0.807453416149068,0.714285714285714,0.91304347826087,0.285714285714286,0.0869565217391305,8.21428571428571,0.312925170068027
"3752",0.2965,7.51812986267686,0.733333333333333,0.412958311209207,0.636363636363636,0.73015873015873,0.777777777777778,0.714285714285714,0.222222222222222,0.285714285714286,2.72222222222222,0.311111111111111
"3753",0.2545,7.5220123825014,0.833333333333333,0.421574482998121,0.8,0.844907407407407,0.833333333333333,0.833333333333333,0.166666666666667,0.166666666666667,5,0.2
"3754",0.2945,7.50791233970244,0.833333333333333,0.376620684097229,0.761904761904762,0.880952380952381,0.888888888888889,0.80952380952381,0.111111111111111,0.19047619047619,4.66666666666667,0.137254901960784
"3755",0.168,6.5417726392169,0.766666666666667,0.445062766107004,0.758620689655172,0.793981481481482,0.916666666666667,0.666666666666667,0.0833333333333334,0.333333333333333,2.75,0.125
"3756",0.2915,7.51909575065325,0.833333333333333,0.384830892351241,0.8,0.9075,1,0.75,0,0.25,4,0
"3757",0.2225,7.12706983693555,0.733333333333333,0.43233613891968,0.733333333333333,0.810185185185185,0.916666666666667,0.611111111111111,0.0833333333333334,0.388888888888889,2.35714285714286,0.136363636363636
"3758",0.2415,7.51849340359951,0.8,0.448420550888432,0.75,0.814814814814815,0.75,0.833333333333333,0.25,0.166666666666667,4.5,0.3
"3759",0.411,8.50687982666189,0.766666666666667,0.367964994904135,0.631578947368421,0.888198757763975,0.857142857142857,0.739130434782609,0.142857142857143,0.260869565217391,3.28571428571429,0.19327731092437
"3760",0.214,7.06360651380021,0.8,0.466034764891622,0.785714285714286,0.84375,0.785714285714286,0.8125,0.214285714285714,0.1875,4.19047619047619,0.263736263736264
"3761",0.1845,6.55147316049027,0.666666666666667,0.445818383427301,0.545454545454545,0.727272727272727,0.75,0.636363636363636,0.25,0.363636363636364,2.0625,0.392857142857143
"3762",0.2865,7.51356086187761,0.8,0.399140563143551,0.7,0.828042328042328,0.777777777777778,0.80952380952381,0.222222222222222,0.19047619047619,4.08333333333333,0.274509803921569
"3763",0.3,7.51183838757635,0.833333333333333,0.382663682231447,0.761904761904762,0.892045454545454,1,0.772727272727273,0,0.227272727272727,4.4,0
"3764",0.3655,9.50909691752388,0.9,0.392971252650392,0.842105263157895,0.882775119617225,0.727272727272727,1,0.272727272727273,0,Inf,0.272727272727273
"3765",0.3755,9.02177686119646,0.9,0.350613844616731,0.823529411764706,0.965909090909091,0.875,0.909090909090909,0.125,0.0909090909090909,9.625,0.1375
"3766",0.257,7.51996762673085,0.833333333333333,0.424187003579194,0.761904761904762,0.80622009569378,0.727272727272727,0.894736842105263,0.272727272727273,0.105263157894737,6.90909090909091,0.304812834224599
"3767",0.6225,10.4882370334549,0.866666666666667,0.364435567155972,0.714285714285714,0.852272727272727,0.625,0.954545454545455,0.375,0.0454545454545454,13.75,0.392857142857143
"3768",0.4505,8.50532116262827,0.833333333333333,0.36614340997555,0.705882352941177,0.894409937888199,0.857142857142857,0.826086956521739,0.142857142857143,0.173913043478261,4.92857142857143,0.172932330827068
"3769",0.2675,7.51024683700219,0.9,0.407931076420935,0.88,0.951388888888889,0.916666666666667,0.888888888888889,0.0833333333333334,0.111111111111111,8.25,0.09375
"3770",0.304,7.51599077643196,0.733333333333333,0.396661078096493,0.666666666666667,0.825396825396825,0.888888888888889,0.666666666666667,0.111111111111111,0.333333333333333,2.66666666666667,0.166666666666667
"3771",0.2745,7.51489781607716,0.833333333333333,0.405453337515073,0.782608695652174,0.89,0.9,0.8,0.1,0.2,4.5,0.125
"3772",0.3345,8.51186579251032,0.833333333333333,0.389070888662431,0.705882352941177,0.8175,0.6,0.95,0.4,0.05,12,0.421052631578947
"3773",0.266,7.51396668885241,0.766666666666667,0.425661809557661,0.72,0.818181818181818,0.818181818181818,0.736842105263158,0.181818181818182,0.263157894736842,3.10909090909091,0.246753246753247
"3774",0.4665,8.50628792292058,0.766666666666667,0.451950766957784,0.461538461538462,0.71875,0.5,0.833333333333333,0.5,0.166666666666667,3,0.6
"3775",0.351,9.03676181538353,0.8,0.422693021767403,0.7,0.830143540669857,0.636363636363636,0.894736842105263,0.363636363636364,0.105263157894737,6.04545454545455,0.406417112299465
"3776",0.4325,9.50338760763893,0.8,0.409037616872453,0.625,0.76984126984127,0.555555555555556,0.904761904761905,0.444444444444444,0.0952380952380952,5.83333333333333,0.491228070175439
"3777",0.271,6.51228364452935,0.766666666666667,0.372395420298451,0.666666666666667,0.857142857142857,1,0.695652173913043,0,0.304347826086957,3.28571428571429,0
"3778",0.2435,7.5198315923067,0.733333333333333,0.448840490276564,0.714285714285714,0.771493212669683,0.769230769230769,0.705882352941177,0.230769230769231,0.294117647058823,2.61538461538462,0.326923076923077
"3779",0.2735,7.52911289552886,0.766666666666667,0.403643801571008,0.72,0.822966507177033,0.818181818181818,0.736842105263158,0.181818181818182,0.263157894736842,3.10909090909091,0.246753246753247
"3780",0.273,7.51754717777669,0.866666666666667,0.418776511012275,0.818181818181818,0.825,0.9,0.85,0.1,0.15,6,0.117647058823529
"3781",0.2965,7.52795016410154,0.8,0.375267066894332,0.75,0.8775,0.9,0.75,0.1,0.25,3.6,0.133333333333333
"3782",0.264,7.04424045456172,0.9,0.377340496747651,0.857142857142857,0.965,0.9,0.9,0.1,0.1,9,0.111111111111111
"3783",0.27,7.51388232819498,0.8,0.404574415991572,0.727272727272727,0.835,0.8,0.8,0.2,0.2,4,0.25
"3784",0.262,7.51293112857224,0.733333333333333,0.444933304177125,0.692307692307692,0.770334928229665,0.818181818181818,0.684210526315789,0.181818181818182,0.315789473684211,2.59090909090909,0.265734265734266
"3785",0.3005,7.51343403027005,0.733333333333333,0.401596857399824,0.666666666666667,0.777777777777778,0.888888888888889,0.666666666666667,0.111111111111111,0.333333333333333,2.66666666666667,0.166666666666667
"3786",0.293,7.52941201581779,0.733333333333333,0.430773782404807,0.692307692307692,0.785,0.9,0.65,0.1,0.35,2.57142857142857,0.153846153846154
"3787",0.439,9.50196333011393,0.833333333333333,0.39261860668584,0.736842105263158,0.764550264550265,0.777777777777778,0.857142857142857,0.222222222222222,0.142857142857143,5.44444444444444,0.259259259259259
"3788",0.277,7.51521829824053,0.833333333333333,0.41089266371913,0.814814814814815,0.87799043062201,1,0.736842105263158,0,0.263157894736842,3.8,0
"3789",0.285,7.50812583972168,0.766666666666667,0.392483845109189,0.72,0.8925,0.9,0.7,0.1,0.3,3,0.142857142857143
"3790",0.2455,7.52672694442925,0.933333333333333,0.452051244723657,0.933333333333333,0.941964285714286,1,0.875,0,0.125,8,0
"3791",0.5495,10.4936913854181,0.933333333333333,0.342116650063921,0.8,0.948,0.8,0.96,0.2,0.04,20,0.208333333333333
"3792",0.3465,8.51128619638259,0.833333333333333,0.392052835134775,0.736842105263158,0.835,0.7,0.9,0.3,0.1,7,0.333333333333333
"3793",0.3365,7.52034321914185,0.766666666666667,0.387378123001184,0.666666666666667,0.857142857142857,1,0.695652173913043,0,0.304347826086957,3.28571428571429,0
"3794",0.345,8.50922256862227,0.833333333333333,0.381783579023086,0.705882352941177,0.902116402116402,0.666666666666667,0.904761904761905,0.333333333333333,0.0952380952380952,7,0.368421052631579
"3795",0.196,6.51510903310777,0.733333333333333,0.46021075816646,0.714285714285714,0.798611111111111,0.833333333333333,0.666666666666667,0.166666666666667,0.333333333333333,2.5,0.25
"3796",0.35,7.51072645517235,0.766666666666667,0.380072891223832,0.631578947368421,0.84375,1,0.708333333333333,0,0.291666666666667,3.42857142857143,0
"3797",0.234,6.51476398734211,0.666666666666667,0.412855109890034,0.642857142857143,0.78,0.9,0.55,0.1,0.45,2,0.181818181818182
"3798",0.27,7.51532981058609,0.766666666666667,0.414712594747961,0.695652173913043,0.8,0.8,0.75,0.2,0.25,3.2,0.266666666666667
"3799",0.2935,7.51667758458321,0.766666666666667,0.398892960037538,0.695652173913043,0.815,0.8,0.75,0.2,0.25,3.2,0.266666666666667
"3800",0.213,6.51681130637407,0.9,0.446653120631066,0.896551724137931,0.932126696832579,1,0.823529411764706,0,0.176470588235294,5.66666666666667,0
"3801",0.303,7.51667491952671,0.8,0.384996213359854,0.666666666666667,0.821022727272727,0.75,0.818181818181818,0.25,0.181818181818182,4.125,0.305555555555556
"3802",0.372,9.51353861002975,0.8,0.450453772405172,0.7,0.763888888888889,0.583333333333333,0.944444444444444,0.416666666666667,0.0555555555555556,10.5,0.441176470588235
"3803",0.219,7.51496152062952,0.866666666666667,0.480941386959287,0.846153846153846,0.875,0.785714285714286,0.9375,0.214285714285714,0.0625,12.5714285714286,0.228571428571429
"3804",0.1875,6.53534854187829,0.733333333333333,0.415884841446105,0.692307692307692,0.8325,0.9,0.65,0.1,0.35,2.57142857142857,0.153846153846154
"3805",0.359,7.67131698875254,0.766666666666667,0.38640953684794,0.666666666666667,0.863354037267081,1,0.695652173913043,0,0.304347826086957,3.28571428571429,0
"3806",0.345,9.06605434090177,0.866666666666667,0.400458166436108,0.8,0.916267942583732,0.727272727272727,0.947368421052632,0.272727272727273,0.0526315789473685,13.8181818181818,0.287878787878788
"3807",0.373,9.50145744218197,0.9,0.38676710187555,0.823529411764706,0.945,0.7,1,0.3,0,Inf,0.3
"3808",0.266,7.51978027698915,0.766666666666667,0.432638993164862,0.72,0.760765550239234,0.818181818181818,0.736842105263158,0.181818181818182,0.263157894736842,3.10909090909091,0.246753246753247
"3809",0.6495,10.4814223330887,0.833333333333333,0.400344267967382,0.761904761904762,0.827751196172249,0.727272727272727,0.894736842105263,0.272727272727273,0.105263157894737,6.90909090909091,0.304812834224599
"3810",0.141,5.53171744511372,0.566666666666667,0.476581848865181,0.551724137931034,0.64,0.8,0.45,0.2,0.55,1.45454545454545,0.444444444444444
"3811",0.324,8.49987401693498,0.866666666666667,0.392016297413826,0.818181818181818,0.911483253588517,0.818181818181818,0.894736842105263,0.181818181818182,0.105263157894737,7.77272727272727,0.203208556149733
"3812",0.2495,7.53068658222695,0.833333333333333,0.408974302962141,0.761904761904762,0.815,0.8,0.85,0.2,0.15,5.33333333333333,0.235294117647059
"3813",0.3145,7.51425136801762,0.733333333333333,0.407226870995503,0.666666666666667,0.804232804232804,0.888888888888889,0.666666666666667,0.111111111111111,0.333333333333333,2.66666666666667,0.166666666666667
"3814",0.3175,8.59038047933374,0.833333333333333,0.402344758169647,0.782608695652174,0.847222222222222,0.75,0.888888888888889,0.25,0.111111111111111,6.75,0.28125
"3815",0.291,7.52601630542567,0.9,0.358434650786629,0.823529411764706,0.875,0.875,0.909090909090909,0.125,0.0909090909090909,9.625,0.1375
"3816",0.3645,8.50689158425344,0.866666666666667,0.347763838319019,0.777777777777778,0.946022727272727,0.875,0.863636363636364,0.125,0.136363636363636,6.41666666666667,0.144736842105263
"3817",0.22,7.07626547811399,0.866666666666667,0.445739699354039,0.833333333333333,0.865740740740741,0.833333333333333,0.888888888888889,0.166666666666667,0.111111111111111,7.5,0.1875
"3818",0.306,7.50949278222657,0.833333333333333,0.381763147248202,0.761904761904762,0.82010582010582,0.888888888888889,0.80952380952381,0.111111111111111,0.19047619047619,4.66666666666667,0.137254901960784
"3819",0.2555,7.51555779967964,0.833333333333333,0.42601267110462,0.8,0.837962962962963,0.833333333333333,0.833333333333333,0.166666666666667,0.166666666666667,5,0.2
"3820",0.173,6.53531971193523,0.7,0.493393225711709,0.666666666666667,0.689814814814815,0.75,0.666666666666667,0.25,0.333333333333333,2.25,0.375
"3821",0.252,7.51787677279639,0.8,0.441960274300024,0.75,0.834928229665072,0.818181818181818,0.789473684210526,0.181818181818182,0.210526315789474,3.88636363636364,0.23030303030303
"3822",0.2755,7.51301995949464,0.766666666666667,0.420449390289583,0.72,0.811004784688995,0.818181818181818,0.736842105263158,0.181818181818182,0.263157894736842,3.10909090909091,0.246753246753247
"3823",0.3165,7.52484494933699,0.766666666666667,0.417222773752652,0.72,0.828042328042328,1,0.666666666666667,0,0.333333333333333,3,0
"3824",0.267,7.52050531606912,0.8,0.434911859044455,0.75,0.794258373205742,0.818181818181818,0.789473684210526,0.181818181818182,0.210526315789474,3.88636363636364,0.23030303030303
"3825",0.4845,9.99999938155517,0.833333333333333,0.374472739067929,0.545454545454545,0.692546583850932,0.428571428571429,0.956521739130435,0.571428571428571,0.0434782608695652,9.85714285714286,0.597402597402597
"3826",0.3035,7.51314115358492,0.866666666666667,0.3738370179642,0.75,0.816770186335404,0.857142857142857,0.869565217391304,0.142857142857143,0.130434782608696,6.57142857142857,0.164285714285714
"3827",0.283,7.52668345795209,0.8,0.385820698689205,0.727272727272727,0.812169312169312,0.888888888888889,0.761904761904762,0.111111111111111,0.238095238095238,3.73333333333333,0.145833333333333
"3828",0.239,7.53600750030674,0.833333333333333,0.440154772486052,0.782608695652174,0.808612440191388,0.818181818181818,0.842105263157895,0.181818181818182,0.157894736842105,5.18181818181818,0.215909090909091
"3829",0.115,5.53862102890468,0.8,0.417644976807196,0.8,0.852941176470588,0.923076923076923,0.705882352941177,0.0769230769230769,0.294117647058823,3.13846153846154,0.108974358974359
"3830",0.362,8.50797465117664,0.833333333333333,0.375833032246238,0.705882352941177,0.821022727272727,0.75,0.863636363636364,0.25,0.136363636363636,5.5,0.289473684210526
"3831",0.4305,9.50467211594073,0.766666666666667,0.417237727132281,0.631578947368421,0.7525,0.6,0.85,0.4,0.15,4,0.470588235294118
"3832",0.2325,6.52416146807285,0.733333333333333,0.402052732880235,0.666666666666667,0.841269841269841,0.888888888888889,0.666666666666667,0.111111111111111,0.333333333333333,2.66666666666667,0.166666666666667
"3833",0.275,7.51747677576516,0.833333333333333,0.405326411729412,0.782608695652174,0.8775,0.9,0.8,0.1,0.2,4.5,0.125
"3834",0.6735,9.47047927736676,0.8,0.441761661056771,0.625,0.795138888888889,0.833333333333333,0.791666666666667,0.166666666666667,0.208333333333333,4,0.210526315789474
"3835",0.2195,7.10147837313739,0.766666666666667,0.47898402115267,0.758620689655172,0.708144796380091,0.846153846153846,0.705882352941177,0.153846153846154,0.294117647058823,2.87692307692308,0.217948717948718
"3836",0.251,7.06945401994054,0.766666666666667,0.412838965519244,0.695652173913043,0.8025,0.8,0.75,0.2,0.25,3.2,0.266666666666667
"3837",0.171,6.50647936431068,0.9,0.540221875346825,0.909090909090909,0.947963800904977,0.882352941176471,0.923076923076923,0.117647058823529,0.0769230769230769,11.4705882352941,0.127450980392157
"3838",0.2645,7.51812731742491,0.8,0.414094060618833,0.7,0.82,0.7,0.85,0.3,0.15,4.66666666666667,0.352941176470588
"3839",0.3015,8.51362853752588,0.866666666666667,0.427591593697371,0.818181818181818,0.902777777777778,0.75,0.944444444444444,0.25,0.0555555555555556,13.5,0.264705882352941
"3840",0.3235,8.51071497203522,0.8,0.417263965779719,0.7,0.832535885167464,0.636363636363636,0.894736842105263,0.363636363636364,0.105263157894737,6.04545454545455,0.406417112299465
"3841",0.2715,6.51373998254773,0.8,0.357798431276554,0.7,0.903726708074534,1,0.739130434782609,0,0.260869565217391,3.83333333333333,0
"3842",0.2295,6.52180916023147,0.6,0.453117622358176,0.538461538461538,0.674603174603175,0.777777777777778,0.523809523809524,0.222222222222222,0.476190476190476,1.63333333333333,0.424242424242424
"3843",0.233,7.53792161680802,0.766666666666667,0.444719540655072,0.72,0.793981481481482,0.75,0.777777777777778,0.25,0.222222222222222,3.375,0.321428571428571
"3844",0.277,7.51352864078421,0.766666666666667,0.418247959723612,0.695652173913043,0.8,0.8,0.75,0.2,0.25,3.2,0.266666666666667
"3845",0.317,7.523429641608,0.733333333333333,0.433159604195753,0.636363636363636,0.747159090909091,0.875,0.681818181818182,0.125,0.318181818181818,2.75,0.183333333333333
"3846",0.439,9.49992306520669,0.866666666666667,0.36131717282471,0.714285714285714,0.900621118012422,0.714285714285714,0.91304347826087,0.285714285714286,0.0869565217391305,8.21428571428571,0.312925170068027
"3847",0.2,6.52706205639736,0.833333333333333,0.446757597569099,0.8,0.844907407407407,0.833333333333333,0.833333333333333,0.166666666666667,0.166666666666667,5,0.2
"3848",0.237,6.51466146599733,0.7,0.398000255651317,0.64,0.785714285714286,0.888888888888889,0.619047619047619,0.111111111111111,0.380952380952381,2.33333333333333,0.17948717948718
"3849",0.303,7.50800455055336,0.8,0.382119451433879,0.7,0.866477272727273,0.875,0.772727272727273,0.125,0.227272727272727,3.85,0.161764705882353
"3850",0.212,6.51061646077285,0.866666666666667,0.438438049983284,0.857142857142857,0.957013574660634,0.923076923076923,0.823529411764706,0.0769230769230769,0.176470588235294,5.23076923076923,0.0934065934065934
"3851",0.0705,5.5764971547437,0.666666666666667,0.48204244816032,0.583333333333333,0.71957671957672,0.777777777777778,0.619047619047619,0.222222222222222,0.380952380952381,2.04166666666667,0.358974358974359
"3852",0.721,10.4706309671765,0.866666666666667,0.379182266702079,0.6,0.808,0.6,0.92,0.4,0.08,7.5,0.434782608695652
"3853",0.269,7.52807569332615,0.766666666666667,0.426366150325821,0.72,0.808612440191388,0.818181818181818,0.736842105263158,0.181818181818182,0.263157894736842,3.10909090909091,0.246753246753247
"3854",0.317,7.51368522611128,0.766666666666667,0.396332781268248,0.666666666666667,0.795454545454546,0.875,0.727272727272727,0.125,0.272727272727273,3.20833333333333,0.171875
"3855",0.3155,7.51468930286781,0.8,0.37885870718952,0.727272727272727,0.860795454545455,1,0.727272727272727,0,0.272727272727273,3.66666666666667,0
"3856",0.332,7.51744628112977,0.9,0.308860827007136,0.769230769230769,0.936,1,0.88,0,0.12,8.33333333333333,0
"3857",0.194,6.5141854524838,0.766666666666667,0.45382843598165,0.758620689655172,0.82579185520362,0.846153846153846,0.705882352941177,0.153846153846154,0.294117647058823,2.87692307692308,0.217948717948718
"3858",0.302,7.51676463390074,0.833333333333333,0.376389304183533,0.736842105263158,0.826704545454546,0.875,0.818181818181818,0.125,0.181818181818182,4.8125,0.152777777777778
"3859",0.5035,10.5015198489357,0.833333333333333,0.407974947777858,0.615384615384615,0.703703703703704,0.444444444444444,1,0.555555555555556,0,Inf,0.555555555555556
"3860",0.336,8.09875579452375,0.8,0.43018655523979,0.666666666666667,0.753968253968254,0.666666666666667,0.857142857142857,0.333333333333333,0.142857142857143,4.66666666666667,0.388888888888889
"3861",0.3505,8.50942192372215,0.833333333333333,0.385521126525877,0.666666666666667,0.840909090909091,0.625,0.909090909090909,0.375,0.0909090909090909,6.875,0.4125
"3862",0.336,9.03345686597772,0.866666666666667,0.408620891933109,0.833333333333333,0.914351851851852,0.833333333333333,0.888888888888889,0.166666666666667,0.111111111111111,7.5,0.1875
"3863",0.25,6.50209607836983,0.866666666666667,0.372022441583957,0.833333333333333,0.945,1,0.8,0,0.2,5,0
"3864",0.317,7.52276620691012,0.833333333333333,0.409256579986747,0.736842105263158,0.838509316770186,1,0.782608695652174,0,0.217391304347826,4.6,0
"3865",0.288,7.04502706668835,0.9,0.347342666692569,0.842105263157895,0.946022727272727,1,0.863636363636364,0,0.136363636363636,7.33333333333333,0
"3866",0.246,7.51920389888609,0.866666666666667,0.451949303148355,0.866666666666667,0.90625,0.928571428571429,0.8125,0.0714285714285714,0.1875,4.95238095238095,0.0879120879120879
"3867",0.2955,7.51411585128105,0.766666666666667,0.397898383655388,0.72,0.8425,0.9,0.7,0.1,0.3,3,0.142857142857143
"3868",0.455,8.50794727426699,0.8,0.421091877384593,0.75,0.805,0.9,0.75,0.1,0.25,3.6,0.133333333333333
"3869",0.202,7.53960946258341,0.8,0.484527122328321,0.785714285714286,0.80316742081448,0.846153846153846,0.764705882352941,0.153846153846154,0.235294117647059,3.59615384615385,0.201183431952663
"3870",0.2935,7.52214436666253,0.9,0.375788931427602,0.842105263157895,0.909090909090909,1,0.863636363636364,0,0.136363636363636,7.33333333333333,0
"3871",0.2455,7.5154924584264,0.866666666666667,0.438646604147775,0.833333333333333,0.833333333333333,0.833333333333333,0.888888888888889,0.166666666666667,0.111111111111111,7.5,0.1875
"3872",0.231,6.52246390921117,0.733333333333333,0.410560595248663,0.714285714285714,0.803827751196172,0.909090909090909,0.631578947368421,0.0909090909090909,0.368421052631579,2.46753246753247,0.143939393939394
"3873",0.3095,7.52956235539999,0.733333333333333,0.45143012788657,0.636363636363636,0.752840909090909,0.875,0.681818181818182,0.125,0.318181818181818,2.75,0.183333333333333
"3874",0.2785,7.51057620081329,0.9,0.396132543178208,0.88,0.976076555023923,1,0.842105263157895,0,0.157894736842105,6.33333333333333,0
"3875",0.3505,8.50712133305517,0.866666666666667,0.371499363829345,0.777777777777778,0.888888888888889,0.777777777777778,0.904761904761905,0.222222222222222,0.0952380952380952,8.16666666666667,0.245614035087719
"3876",0.4035,8.51118378630767,0.8,0.409497391213283,0.625,0.786931818181818,0.625,0.863636363636364,0.375,0.136363636363636,4.58333333333333,0.434210526315789
"3877",0.3065,7.51095950063998,0.8,0.379451199792368,0.727272727272727,0.85978835978836,0.888888888888889,0.761904761904762,0.111111111111111,0.238095238095238,3.73333333333333,0.145833333333333
"3878",0.263,7.06566480144183,0.766666666666667,0.407066164622516,0.695652173913043,0.798941798941799,0.888888888888889,0.714285714285714,0.111111111111111,0.285714285714286,3.11111111111111,0.155555555555556
"3879",0.218,7.51979616054997,0.766666666666667,0.496631352015307,0.758620689655172,0.776785714285714,0.785714285714286,0.75,0.214285714285714,0.25,3.14285714285714,0.285714285714286
"3880",0.3065,7.50795863868357,0.8,0.363288887950815,0.7,0.838068181818182,0.875,0.772727272727273,0.125,0.227272727272727,3.85,0.161764705882353
"3881",0.4965,10.5035634897696,0.866666666666667,0.357416327003491,0.714285714285714,0.903409090909091,0.625,0.954545454545455,0.375,0.0454545454545454,13.75,0.392857142857143
"3882",0.3665,8.50871408418681,0.866666666666667,0.362790621564934,0.8,0.91005291005291,0.888888888888889,0.857142857142857,0.111111111111111,0.142857142857143,6.22222222222222,0.12962962962963
"3883",0.2275,6.51750453414252,0.766666666666667,0.405844654105502,0.72,0.8375,0.9,0.7,0.1,0.3,3,0.142857142857143
"3884",0.2785,7.51212208949172,0.9,0.390521118459632,0.88,0.966507177033493,1,0.842105263157895,0,0.157894736842105,6.33333333333333,0
"3885",0.199,6.51610615665555,0.733333333333333,0.443245305528292,0.692307692307692,0.760765550239234,0.818181818181818,0.684210526315789,0.181818181818182,0.315789473684211,2.59090909090909,0.265734265734266
"3886",0.2595,7.53362995034343,0.8,0.426889633064023,0.727272727272727,0.795,0.8,0.8,0.2,0.2,4,0.25
"3887",0.3,7.50717829851382,0.9,0.366203398898487,0.842105263157895,0.965909090909091,1,0.863636363636364,0,0.136363636363636,7.33333333333333,0
"3888",0.268,7.52227143022403,0.8,0.413485665585425,0.727272727272727,0.820574162679426,0.727272727272727,0.842105263157895,0.272727272727273,0.157894736842105,4.6060606060606,0.323863636363636
"3889",0.333,7.51946449320079,0.8,0.366153737067492,0.571428571428571,0.74,0.8,0.8,0.2,0.2,4,0.25
"3890",0.295,7.50492160567868,0.9,0.366378230207808,0.842105263157895,0.94973544973545,0.888888888888889,0.904761904761905,0.111111111111111,0.0952380952380952,9.33333333333333,0.12280701754386
"3891",0.3045,7.52573947342557,0.7,0.400817756534899,0.470588235294118,0.739583333333333,0.666666666666667,0.708333333333333,0.333333333333333,0.291666666666667,2.28571428571429,0.470588235294118
"3892",0.2905,7.51767803851335,0.766666666666667,0.420177022330086,0.72,0.7825,0.9,0.7,0.1,0.3,3,0.142857142857143
"3893",0.249,7.51831186711868,0.8,0.445622240035528,0.785714285714286,0.843891402714932,0.846153846153846,0.764705882352941,0.153846153846154,0.235294117647059,3.59615384615385,0.201183431952663
"3894",0.3365,7.52447674151078,0.7,0.442240130313243,0.64,0.791005291005291,0.888888888888889,0.619047619047619,0.111111111111111,0.380952380952381,2.33333333333333,0.17948717948718
"3895",0.246,6.53459556812514,0.666666666666667,0.412596567152622,0.545454545454545,0.822916666666667,1,0.583333333333333,0,0.416666666666667,2.4,0
"3896",0.219,6.51782329602633,0.833333333333333,0.407324322218068,0.8,0.856481481481482,0.833333333333333,0.833333333333333,0.166666666666667,0.166666666666667,5,0.2
"3897",0.2735,7.5187288131809,0.833333333333333,0.409386119059079,0.736842105263158,0.817460317460317,0.777777777777778,0.857142857142857,0.222222222222222,0.142857142857143,5.44444444444444,0.259259259259259
"3898",0.2325,7.5213932606054,0.866666666666667,0.461750000697017,0.846153846153846,0.832579185520362,0.846153846153846,0.882352941176471,0.153846153846154,0.117647058823529,7.19230769230769,0.174358974358974
"3899",0.4155,8.04915944538286,0.766666666666667,0.421541856394445,0.666666666666667,0.818181818181818,0.875,0.727272727272727,0.125,0.272727272727273,3.20833333333333,0.171875
"3900",0.254,7.52812787913257,0.833333333333333,0.4192428616717,0.8,0.820574162679426,0.909090909090909,0.789473684210526,0.0909090909090909,0.210526315789474,4.31818181818182,0.115151515151515
"3901",0.8995,12.4473274619109,0.866666666666667,0.410940753187908,0.666666666666667,0.798136645962733,0.571428571428571,0.956521739130435,0.428571428571429,0.0434782608695652,13.1428571428572,0.448051948051948
"3902",0.6845,9.46989962150758,0.766666666666667,0.470707437771589,0.588235294117647,0.757763975155279,0.714285714285714,0.782608695652174,0.285714285714286,0.217391304347826,3.28571428571429,0.365079365079365
"3903",0.314,7.50512738207602,0.933333333333333,0.341543461166945,0.875,0.981366459627329,1,0.91304347826087,0,0.0869565217391305,11.5,0
"3904",0.2575,7.5137466683036,0.8,0.427229342885526,0.75,0.813397129186603,0.818181818181818,0.789473684210526,0.181818181818182,0.210526315789474,3.88636363636364,0.23030303030303
"3905",0.2875,7.53099895856747,0.766666666666667,0.417187957788595,0.666666666666667,0.783068783068783,0.777777777777778,0.761904761904762,0.222222222222222,0.238095238095238,3.26666666666667,0.291666666666667
"3906",0.22,6.53791058700561,0.766666666666667,0.390105913032667,0.666666666666667,0.850931677018633,1,0.695652173913043,0,0.304347826086957,3.28571428571429,0
"3907",0.2305,7.52140429929581,0.866666666666667,0.461546151058126,0.846153846153846,0.925339366515837,0.846153846153846,0.882352941176471,0.153846153846154,0.117647058823529,7.19230769230769,0.174358974358974
"3908",0.385,7.51907162880453,0.7,0.46758599829827,0.470588235294118,0.745192307692308,1,0.653846153846154,0,0.346153846153846,2.88888888888889,0
"3909",0.265,7.52662453385733,0.866666666666667,0.387844453175161,0.846153846153846,0.893518518518518,0.916666666666667,0.833333333333333,0.0833333333333334,0.166666666666667,5.5,0.1
"3910",0.2655,7.51596638894891,0.833333333333333,0.426668607231673,0.8,0.870813397129187,0.909090909090909,0.789473684210526,0.0909090909090909,0.210526315789474,4.31818181818182,0.115151515151515
"3911",0.259,7.52941273812016,0.833333333333333,0.413592484629808,0.8,0.825358851674641,0.909090909090909,0.789473684210526,0.0909090909090909,0.210526315789474,4.31818181818182,0.115151515151515
"3912",0.3385,7.5233951491395,0.766666666666667,0.401888638057563,0.631578947368421,0.838509316770186,0.857142857142857,0.739130434782609,0.142857142857143,0.260869565217391,3.28571428571429,0.19327731092437
"3913",0.2755,7.52638166855175,0.833333333333333,0.391202737130243,0.814814814814815,0.851851851851852,0.916666666666667,0.777777777777778,0.0833333333333334,0.222222222222222,4.125,0.107142857142857
"3914",0.2255,7.04892490456654,0.8,0.460598936609742,0.8125,0.908482142857143,0.928571428571429,0.6875,0.0714285714285714,0.3125,2.97142857142857,0.103896103896104
"3915",0.36,8.50951997470119,0.9,0.358817671922463,0.823529411764706,0.965909090909091,0.875,0.909090909090909,0.125,0.0909090909090909,9.625,0.1375
"3916",0.2615,6.51291177017272,0.7,0.376587956171566,0.526315789473684,0.743055555555556,0.833333333333333,0.666666666666667,0.166666666666667,0.333333333333333,2.5,0.25
"3917",0.2885,7.51494813516203,0.833333333333333,0.388814364833893,0.736842105263158,0.863636363636364,0.875,0.818181818181818,0.125,0.181818181818182,4.8125,0.152777777777778
"3918",0.5325,8.49783522248335,0.866666666666667,0.401808938575314,0.666666666666667,0.923076923076923,1,0.846153846153846,0,0.153846153846154,6.5,0
"3919",0.223,6.52110247922973,0.733333333333333,0.414355071609516,0.636363636363636,0.783068783068783,0.777777777777778,0.714285714285714,0.222222222222222,0.285714285714286,2.72222222222222,0.311111111111111
"3920",0.2355,7.52319816953418,0.733333333333333,0.452960910162834,0.636363636363636,0.782296650717703,0.636363636363636,0.789473684210526,0.363636363636364,0.210526315789474,3.02272727272727,0.460606060606061
"3921",0.1735,6.54451985046476,0.8,0.426584649982969,0.727272727272727,0.783068783068783,0.888888888888889,0.761904761904762,0.111111111111111,0.238095238095238,3.73333333333333,0.145833333333333
"3922",0.2465,6.52004783398527,0.666666666666667,0.416220119281416,0.583333333333333,0.735795454545455,0.875,0.590909090909091,0.125,0.409090909090909,2.13888888888889,0.211538461538462
"3923",0.5205,8.49983115123392,0.8,0.423749127102131,0.625,0.850694444444444,0.833333333333333,0.791666666666667,0.166666666666667,0.208333333333333,4,0.210526315789474
"3924",0.4275,9.51024577230175,0.833333333333333,0.365813428361571,0.705882352941177,0.866477272727273,0.75,0.863636363636364,0.25,0.136363636363636,5.5,0.289473684210526
"3925",0.176,6.55075698316984,0.666666666666667,0.490737412308166,0.615384615384615,0.666666666666667,0.888888888888889,0.571428571428571,0.111111111111111,0.428571428571429,2.07407407407407,0.194444444444445
"3926",0.4605,8.50621960465565,0.933333333333333,0.318859385914811,0.833333333333333,0.948,1,0.92,0,0.08,12.5,0
"3927",0.287,7.05216820451831,0.766666666666667,0.384022070259431,0.666666666666667,0.846590909090909,0.875,0.727272727272727,0.125,0.272727272727273,3.20833333333333,0.171875
"3928",0.3175,7.53336724709532,0.666666666666667,0.463658307836938,0.444444444444444,0.618055555555556,0.666666666666667,0.666666666666667,0.333333333333333,0.333333333333333,2,0.5
"3929",0.2365,6.51159424000144,0.833333333333333,0.384243113996812,0.736842105263158,0.928977272727273,0.875,0.818181818181818,0.125,0.181818181818182,4.8125,0.152777777777778
"3930",0.2125,7.19123649166593,0.766666666666667,0.473744453803336,0.72,0.720095693779904,0.818181818181818,0.736842105263158,0.181818181818182,0.263157894736842,3.10909090909091,0.246753246753247
"3931",0.512,9.49712922251596,0.833333333333333,0.390260407990274,0.736842105263158,0.82,0.7,0.9,0.3,0.1,7,0.333333333333333
"3932",0.328,7.52170980675381,0.766666666666667,0.410032613286894,0.695652173913043,0.832386363636364,1,0.681818181818182,0,0.318181818181818,3.14285714285714,0
"3933",0.2615,7.51842899217147,0.766666666666667,0.442122868918799,0.695652173913043,0.7725,0.8,0.75,0.2,0.25,3.2,0.266666666666667
"3934",0.248,7.52412347465707,0.833333333333333,0.446734422860897,0.782608695652174,0.873205741626794,0.818181818181818,0.842105263157895,0.181818181818182,0.157894736842105,5.18181818181818,0.215909090909091
"3935",0.309,7.50388753885838,0.933333333333333,0.345961454588104,0.888888888888889,0.96875,1,0.909090909090909,0,0.0909090909090909,11,0
"3936",0.2405,7.17411428798651,0.766666666666667,0.448206581243152,0.666666666666667,0.743386243386243,0.777777777777778,0.761904761904762,0.222222222222222,0.238095238095238,3.26666666666667,0.291666666666667
"3937",0.332,7.5232312500496,0.733333333333333,0.428539508573358,0.636363636363636,0.798295454545455,0.875,0.681818181818182,0.125,0.318181818181818,2.75,0.183333333333333
"3938",0.5255,8.99025854692124,0.866666666666667,0.370939030411384,0.714285714285714,0.885416666666667,0.833333333333333,0.875,0.166666666666667,0.125,6.66666666666667,0.19047619047619
"3939",0.281,7.51152241377576,0.9,0.38840739301468,0.869565217391304,0.9575,1,0.85,0,0.15,6.66666666666667,0
"3940",0.3165,7.5083832919553,0.833333333333333,0.355000907885102,0.705882352941177,0.863354037267081,0.857142857142857,0.826086956521739,0.142857142857143,0.173913043478261,4.92857142857143,0.172932330827068
"3941",0.3095,7.5149160821348,0.833333333333333,0.377553728119707,0.761904761904762,0.894886363636364,1,0.772727272727273,0,0.227272727272727,4.4,0
"3942",0.263,7.05500643635807,0.8,0.384186971071477,0.727272727272727,0.875661375661376,0.888888888888889,0.761904761904762,0.111111111111111,0.238095238095238,3.73333333333333,0.145833333333333
"3943",0.276,7.50723751498282,0.833333333333333,0.401336692036923,0.8,0.863636363636364,0.909090909090909,0.789473684210526,0.0909090909090909,0.210526315789474,4.31818181818182,0.115151515151515
"3944",0.2885,7.5116886877851,0.766666666666667,0.389026847951392,0.72,0.8775,0.9,0.7,0.1,0.3,3,0.142857142857143
"3945",0.2655,7.51617337870675,0.9,0.410128142569611,0.857142857142857,0.9025,0.9,0.9,0.1,0.1,9,0.111111111111111
"3946",0.1575,5.52753659905824,0.8,0.473792860397194,0.8125,0.85972850678733,1,0.647058823529412,0,0.352941176470588,2.83333333333333,0
"3947",0.26,6.51980286508286,0.733333333333333,0.384879303570667,0.6,0.826086956521739,0.857142857142857,0.695652173913043,0.142857142857143,0.304347826086957,2.81632653061224,0.205357142857143
"3948",0.3555,8.50768229418193,0.866666666666667,0.366242302514713,0.714285714285714,0.821022727272727,0.625,0.954545454545455,0.375,0.0454545454545454,13.75,0.392857142857143
"3949",0.519,9.99105090479726,0.833333333333333,0.362012329852342,0.615384615384615,0.875,0.666666666666667,0.875,0.333333333333333,0.125,5.33333333333333,0.380952380952381
"3950",0.6625,9.47210580224514,0.8,0.445430243019739,0.571428571428571,0.677083333333333,0.666666666666667,0.833333333333333,0.333333333333333,0.166666666666667,4,0.4
"3951",0.487,9.50367563061065,0.933333333333333,0.346832837485219,0.909090909090909,0.889952153110048,0.909090909090909,0.947368421052632,0.0909090909090909,0.0526315789473685,17.2727272727273,0.095959595959596
"3952",0.3935,9.50773419024494,0.766666666666667,0.453116812860845,0.631578947368421,0.712962962962963,0.5,0.944444444444444,0.5,0.0555555555555556,9,0.529411764705882
"3953",0.3685,9.51158699763304,0.833333333333333,0.422564787449037,0.736842105263158,0.861244019138756,0.636363636363636,0.947368421052632,0.363636363636364,0.0526315789473685,12.0909090909091,0.383838383838384
"3954",0.2755,7.51440208795854,0.966666666666667,0.394678509192034,0.952380952380952,0.9775,1,0.95,0,0.05,20,0
"3955",0.312,7.5153279265419,0.666666666666667,0.438590974998892,0.583333333333333,0.703703703703704,0.777777777777778,0.619047619047619,0.222222222222222,0.380952380952381,2.04166666666667,0.358974358974359
"3956",0.2865,7.51118215458541,0.8,0.393172838262295,0.7,0.867724867724868,0.777777777777778,0.80952380952381,0.222222222222222,0.19047619047619,4.08333333333333,0.274509803921569
"3957",0.2955,7.52543621712036,0.8,0.422174313329054,0.769230769230769,0.8275,1,0.7,0,0.3,3.33333333333333,0
"3958",0.296,7.52695443215508,0.8,0.393737397374528,0.727272727272727,0.812169312169312,0.888888888888889,0.761904761904762,0.111111111111111,0.238095238095238,3.73333333333333,0.145833333333333
"3959",0.3435,7.50942549711441,0.833333333333333,0.350400523959868,0.666666666666667,0.888,1,0.8,0,0.2,5,0
"3960",0.289,7.51546189106062,0.8,0.384995343275813,0.785714285714286,0.901913875598086,1,0.684210526315789,0,0.315789473684211,3.16666666666667,0
"3961",0.244,7.52822435319946,0.866666666666667,0.426721075047364,0.846153846153846,0.847222222222222,0.916666666666667,0.833333333333333,0.0833333333333334,0.166666666666667,5.5,0.1
"3962",0.351,8.50855096991796,0.933333333333333,0.350170133613133,0.888888888888889,0.984126984126984,0.888888888888889,0.952380952380952,0.111111111111111,0.0476190476190477,18.6666666666666,0.116666666666667
"3963",0.2285,6.5192457699227,0.833333333333333,0.40216232979326,0.8,0.856459330143541,0.909090909090909,0.789473684210526,0.0909090909090909,0.210526315789474,4.31818181818182,0.115151515151515
"3964",0.287,7.15787180737067,0.666666666666667,0.489745568084181,0.545454545454545,0.686335403726708,0.857142857142857,0.608695652173913,0.142857142857143,0.391304347826087,2.19047619047619,0.23469387755102
"3965",0.4485,9.4985365130544,0.866666666666667,0.355942211007722,0.714285714285714,0.881987577639752,0.714285714285714,0.91304347826087,0.285714285714286,0.0869565217391305,8.21428571428571,0.312925170068027
"3966",0.2435,7.52792026005467,0.833333333333333,0.420579107704569,0.838709677419355,0.872767857142857,0.928571428571429,0.75,0.0714285714285714,0.25,3.71428571428571,0.0952380952380952
"3967",0.2875,7.50996975541178,0.833333333333333,0.390964962709258,0.782608695652174,0.917989417989418,1,0.761904761904762,0,0.238095238095238,4.2,0
"3968",0.274,7.51632289498251,0.866666666666667,0.403970726833585,0.833333333333333,0.882775119617225,0.909090909090909,0.842105263157895,0.0909090909090909,0.157894736842105,5.75757575757576,0.107954545454545
"3969",0.33,7.51302095933666,0.766666666666667,0.362397405865555,0.631578947368421,0.829192546583851,0.857142857142857,0.739130434782609,0.142857142857143,0.260869565217391,3.28571428571429,0.19327731092437
"3970",0.2765,7.51752039179426,0.833333333333333,0.395399212824162,0.8,0.892344497607656,0.909090909090909,0.789473684210526,0.0909090909090909,0.210526315789474,4.31818181818182,0.115151515151515
"3971",0.3675,8.50903197991016,0.9,0.357049098770032,0.769230769230769,0.863354037267081,0.714285714285714,0.956521739130435,0.285714285714286,0.0434782608695652,16.4285714285714,0.298701298701299
"3972",0.3055,7.52306299041791,0.733333333333333,0.392836322542973,0.6,0.795031055900621,0.857142857142857,0.695652173913043,0.142857142857143,0.304347826086957,2.81632653061224,0.205357142857143
"3973",0.2015,6.518311644738,0.833333333333333,0.422873822038519,0.782608695652174,0.84688995215311,0.818181818181818,0.842105263157895,0.181818181818182,0.157894736842105,5.18181818181818,0.215909090909091
"3974",0.2675,7.52989696444254,0.766666666666667,0.423205678604518,0.740740740740741,0.796296296296296,0.833333333333333,0.722222222222222,0.166666666666667,0.277777777777778,3,0.230769230769231
"3975",0.2585,7.50888509484278,0.833333333333333,0.413638184112343,0.736842105263158,0.8375,0.7,0.9,0.3,0.1,7,0.333333333333333
"3976",0.2605,7.051549668758,0.866666666666667,0.378299015938826,0.8,0.912698412698413,0.888888888888889,0.857142857142857,0.111111111111111,0.142857142857143,6.22222222222222,0.12962962962963
"3977",0.2805,7.51564935713524,0.833333333333333,0.402045904395429,0.782608695652174,0.855,0.9,0.8,0.1,0.2,4.5,0.125
"3978",0.2315,7.51738768401807,0.8,0.483249330055673,0.8,0.743303571428571,0.857142857142857,0.75,0.142857142857143,0.25,3.42857142857143,0.190476190476191
"3979",0.212,6.52075311389949,0.7,0.436148635151936,0.64,0.78,0.8,0.65,0.2,0.35,2.28571428571429,0.307692307692308
"3980",0.2165,6.52071549260615,0.766666666666667,0.434849993335274,0.758620689655172,0.865740740740741,0.916666666666667,0.666666666666667,0.0833333333333334,0.333333333333333,2.75,0.125
"3981",0.5295,10.5022410721738,0.9,0.347268391750771,0.769230769230769,0.763975155279503,0.714285714285714,0.956521739130435,0.285714285714286,0.0434782608695652,16.4285714285714,0.298701298701299
"3982",0.243,7.08414418008284,0.766666666666667,0.430024332566697,0.666666666666667,0.732804232804233,0.777777777777778,0.761904761904762,0.222222222222222,0.238095238095238,3.26666666666667,0.291666666666667
"3983",0.2705,7.51495803079703,0.766666666666667,0.419361650381875,0.740740740740741,0.844497607655502,0.909090909090909,0.684210526315789,0.0909090909090909,0.315789473684211,2.87878787878788,0.132867132867133
"3984",0.083,5.56575645700369,0.666666666666667,0.463777477370617,0.615384615384615,0.7275,0.8,0.6,0.2,0.4,2,0.333333333333333
"3985",0.319,7.52354101979692,0.7,0.425456119322126,0.608695652173913,0.772727272727273,0.875,0.636363636363636,0.125,0.363636363636364,2.40625,0.196428571428571
"3986",0.3125,7.51566006650629,0.833333333333333,0.356355235603162,0.782608695652174,0.917989417989418,1,0.761904761904762,0,0.238095238095238,4.2,0
"3987",0.1095,6.55617790902946,0.766666666666667,0.498721185992217,0.740740740740741,0.789592760180995,0.769230769230769,0.764705882352941,0.230769230769231,0.235294117647059,3.26923076923077,0.301775147928994
"3988",0.2905,7.51240859217329,0.766666666666667,0.386871109889268,0.666666666666667,0.793650793650794,0.777777777777778,0.761904761904762,0.222222222222222,0.238095238095238,3.26666666666667,0.291666666666667
"3989",0.2415,6.52083589578611,0.7,0.392280572574511,0.571428571428571,0.738636363636364,0.75,0.681818181818182,0.25,0.318181818181818,2.35714285714286,0.366666666666667
"3990",0.292,7.52059419345958,0.8,0.389499606579691,0.7,0.804232804232804,0.777777777777778,0.80952380952381,0.222222222222222,0.19047619047619,4.08333333333333,0.274509803921569
"3991",0.267,7.52986014763468,0.833333333333333,0.393650332762115,0.736842105263158,0.85978835978836,0.777777777777778,0.857142857142857,0.222222222222222,0.142857142857143,5.44444444444444,0.259259259259259
"3992",0.3095,7.51248157230313,0.766666666666667,0.379281672287409,0.666666666666667,0.809659090909091,0.875,0.727272727272727,0.125,0.272727272727273,3.20833333333333,0.171875
"3993",0.3415,8.50842625022188,0.833333333333333,0.378846499740244,0.761904761904762,0.905,0.8,0.85,0.2,0.15,5.33333333333333,0.235294117647059
"3994",0.333,8.50719511278382,0.8,0.395187201509646,0.727272727272727,0.861244019138756,0.727272727272727,0.842105263157895,0.272727272727273,0.157894736842105,4.6060606060606,0.323863636363636
"3995",0.205,7.08890894161634,0.8,0.484239853134511,0.8,0.765625,0.857142857142857,0.75,0.142857142857143,0.25,3.42857142857143,0.190476190476191
"3996",0.3625,8.50465846664182,0.866666666666667,0.374017885826585,0.75,0.855113636363636,0.75,0.909090909090909,0.25,0.0909090909090909,8.25,0.275
"3997",0.3395,8.50652766349638,0.766666666666667,0.408514843235253,0.588235294117647,0.761904761904762,0.555555555555556,0.857142857142857,0.444444444444444,0.142857142857143,3.88888888888889,0.518518518518518
"3998",0.158,6.54523194434324,0.833333333333333,0.442955177843716,0.814814814814815,0.849537037037037,0.916666666666667,0.777777777777778,0.0833333333333334,0.222222222222222,4.125,0.107142857142857
"3999",0.353,8.50637354363322,0.9,0.364724946887963,0.842105263157895,0.907407407407407,0.888888888888889,0.904761904761905,0.111111111111111,0.0952380952380952,9.33333333333333,0.12280701754386
"4000",0.2685,7.51804454096032,0.866666666666667,0.411603376773566,0.8,0.8375,0.8,0.9,0.2,0.1,8,0.222222222222222
"4001",0.3235,7.51321409401503,0.8,0.369073414572531,0.666666666666667,0.871527777777778,1,0.75,0,0.25,4,0
"4002",0.3,7.51131887131588,0.733333333333333,0.390834400451268,0.636363636363636,0.852272727272727,0.875,0.681818181818182,0.125,0.318181818181818,2.75,0.183333333333333
"4003",0.231,7.12563237540895,0.833333333333333,0.399249100148504,0.814814814814815,0.847222222222222,0.916666666666667,0.777777777777778,0.0833333333333334,0.222222222222222,4.125,0.107142857142857
"4004",0.287,8.51134119997617,0.933333333333333,0.428452772872859,0.916666666666667,0.950226244343891,0.846153846153846,1,0.153846153846154,0,Inf,0.153846153846154
"4005",0.2665,7.52066750871534,0.8,0.416232020690635,0.75,0.820574162679426,0.818181818181818,0.789473684210526,0.181818181818182,0.210526315789474,3.88636363636364,0.23030303030303
"4006",0.5185,10.4984125700952,0.866666666666667,0.350425337331945,0.666666666666667,0.902777777777778,0.666666666666667,0.916666666666667,0.333333333333333,0.0833333333333334,8,0.363636363636364
"4007",0.1845,6.53798338253622,0.733333333333333,0.427318665238071,0.666666666666667,0.788359788359788,0.888888888888889,0.666666666666667,0.111111111111111,0.333333333333333,2.66666666666667,0.166666666666667
"4008",0.395,10.5045526069076,0.866666666666667,0.417195950741807,0.8,0.884259259259259,0.666666666666667,1,0.333333333333333,0,Inf,0.333333333333333
"4009",0.3315,8.51710548540239,0.833333333333333,0.385517794078263,0.705882352941177,0.8725,0.6,0.95,0.4,0.05,12,0.421052631578947
"4010",0.5525,10.5013166851123,0.9,0.338578423016632,0.666666666666667,0.913461538461538,0.75,0.923076923076923,0.25,0.0769230769230769,9.75000000000001,0.270833333333333
"4011",0.299,7.52875520508349,0.766666666666667,0.412901649743893,0.695652173913043,0.8275,0.8,0.75,0.2,0.25,3.2,0.266666666666667
"4012",0.26,7.50837520249523,0.9,0.423823463790543,0.888888888888889,0.949074074074074,1,0.833333333333333,0,0.166666666666667,6,0
"4013",0.264,7.12554611879336,0.7,0.420944349068649,0.689655172413793,0.8025,1,0.55,0,0.45,2.22222222222222,0
"4014",0.29,8.50176971706684,0.866666666666667,0.449320022203822,0.846153846153846,0.868778280542986,0.846153846153846,0.882352941176471,0.153846153846154,0.117647058823529,7.19230769230769,0.174358974358974
"4015",0.2175,7.17137790447254,0.8,0.43407476294905,0.727272727272727,0.76,0.8,0.8,0.2,0.2,4,0.25
"4016",0.318,7.52371006839802,0.8,0.390084467118854,0.727272727272727,0.855113636363636,1,0.727272727272727,0,0.272727272727273,3.66666666666667,0
"4017",0.222,6.51778920655914,0.8,0.405258537817782,0.75,0.8375,0.9,0.75,0.1,0.25,3.6,0.133333333333333
"4018",0.2375,7.51791075348997,0.866666666666667,0.454033562452208,0.846153846153846,0.857466063348416,0.846153846153846,0.882352941176471,0.153846153846154,0.117647058823529,7.19230769230769,0.174358974358974
"4019",0.239,6.51975608046688,0.7,0.412040151217207,0.608695652173913,0.755681818181818,0.875,0.636363636363636,0.125,0.363636363636364,2.40625,0.196428571428571
"4020",0.2475,7.06491031928481,0.8,0.416743061835055,0.727272727272727,0.78,0.8,0.8,0.2,0.2,4,0.25
"4021",0.2485,7.52223880173938,0.766666666666667,0.445630815426761,0.72,0.844907407407407,0.75,0.777777777777778,0.25,0.222222222222222,3.375,0.321428571428571
"4022",0.2515,7.52313863886744,0.8,0.435135415353649,0.7,0.855,0.7,0.85,0.3,0.15,4.66666666666667,0.352941176470588
"4023",0.214,6.51738871017123,0.866666666666667,0.422974848838087,0.818181818181818,0.8675,0.9,0.85,0.1,0.15,6,0.117647058823529
"4024",0.297,7.51855126723753,0.7,0.423300011755371,0.64,0.7475,0.8,0.65,0.2,0.35,2.28571428571429,0.307692307692308
"4025",0.245,7.06408917287888,0.866666666666667,0.415181997111541,0.833333333333333,0.863636363636364,0.909090909090909,0.842105263157895,0.0909090909090909,0.157894736842105,5.75757575757576,0.107954545454545
"4026",0.4325,9.50894486222066,0.833333333333333,0.378400290587507,0.615384615384615,0.758522727272727,0.5,0.954545454545455,0.5,0.0454545454545454,11,0.523809523809524
"4027",0.2965,7.52500012828407,0.8,0.395545938850774,0.769230769230769,0.8475,1,0.7,0,0.3,3.33333333333333,0
"4028",0.2415,6.50844530173099,0.866666666666667,0.370344131536857,0.8,0.907407407407407,0.888888888888889,0.857142857142857,0.111111111111111,0.142857142857143,6.22222222222222,0.12962962962963
"4029",0.245,7.51144462437613,0.8,0.45845996082214,0.769230769230769,0.831018518518518,0.833333333333333,0.777777777777778,0.166666666666667,0.222222222222222,3.75,0.214285714285714
"4030",0.2245,6.52673356031359,0.766666666666667,0.409712709912753,0.631578947368421,0.730113636363636,0.75,0.772727272727273,0.25,0.227272727272727,3.3,0.323529411764706
"4031",0.279,7.51009341270081,0.933333333333333,0.378120874145735,0.875,0.920634920634921,0.777777777777778,1,0.222222222222222,0,Inf,0.222222222222222
"4032",0.324,7.51078231791908,0.866666666666667,0.341624200891544,0.714285714285714,0.947916666666667,0.833333333333333,0.875,0.166666666666667,0.125,6.66666666666667,0.19047619047619
"4033",0.4085,9.06435960495506,0.833333333333333,0.37248736202521,0.666666666666667,0.846590909090909,0.625,0.909090909090909,0.375,0.0909090909090909,6.875,0.4125
"4034",0.2735,7.5079006190712,0.866666666666667,0.396443079755342,0.833333333333333,0.949760765550239,0.909090909090909,0.842105263157895,0.0909090909090909,0.157894736842105,5.75757575757576,0.107954545454545
"4035",0.2805,7.51098847776644,0.8,0.398749598356241,0.727272727272727,0.8575,0.8,0.8,0.2,0.2,4,0.25
"4036",0.321,7.51785299305611,0.833333333333333,0.35318324537891,0.615384615384615,0.86,0.8,0.84,0.2,0.16,5,0.238095238095238
"4037",0.4325,9.01802893150754,0.866666666666667,0.35541062873807,0.6,0.756,0.6,0.92,0.4,0.08,7.5,0.434782608695652
"4038",0.276,7.51256498206487,0.833333333333333,0.39810532412085,0.782608695652174,0.8575,0.9,0.8,0.1,0.2,4.5,0.125
"4039",0.4105,8.51295985538536,0.833333333333333,0.403168225631715,0.666666666666667,0.770186335403727,0.714285714285714,0.869565217391304,0.285714285714286,0.130434782608696,5.47619047619048,0.328571428571429
"4040",0.409,8.51024419133928,0.9,0.337874658525957,0.842105263157895,0.917989417989418,0.888888888888889,0.904761904761905,0.111111111111111,0.0952380952380952,9.33333333333333,0.12280701754386
"4041",0.222,6.5225600520257,0.766666666666667,0.41304389960552,0.740740740740741,0.854066985645933,0.909090909090909,0.684210526315789,0.0909090909090909,0.315789473684211,2.87878787878788,0.132867132867133
"4042",0.28,7.51701187504059,0.8,0.386408493253502,0.666666666666667,0.78042328042328,0.666666666666667,0.857142857142857,0.333333333333333,0.142857142857143,4.66666666666667,0.388888888888889
"4043",0.2955,7.52240134210489,0.866666666666667,0.377034902646823,0.777777777777778,0.872159090909091,0.875,0.863636363636364,0.125,0.136363636363636,6.41666666666667,0.144736842105263
"4044",0.282,7.50942509108717,0.766666666666667,0.421271690441657,0.72,0.7925,0.9,0.7,0.1,0.3,3,0.142857142857143
"4045",0.2805,7.5284230339359,0.833333333333333,0.41268284319924,0.761904761904762,0.793650793650794,0.888888888888889,0.80952380952381,0.111111111111111,0.19047619047619,4.66666666666667,0.137254901960784
"4046",0.4175,9.50648690077558,0.833333333333333,0.399487950214734,0.736842105263158,0.805,0.7,0.9,0.3,0.1,7,0.333333333333333
"4047",0.275,7.5130883477458,0.866666666666667,0.401301061126525,0.833333333333333,0.842105263157895,0.909090909090909,0.842105263157895,0.0909090909090909,0.157894736842105,5.75757575757576,0.107954545454545
"4048",0.3465,8.50826579579842,0.9,0.367346603390396,0.842105263157895,0.944444444444444,0.888888888888889,0.904761904761905,0.111111111111111,0.0952380952380952,9.33333333333333,0.12280701754386
"4049",0.271,7.51427714456859,0.833333333333333,0.412428609235806,0.736842105263158,0.828042328042328,0.777777777777778,0.857142857142857,0.222222222222222,0.142857142857143,5.44444444444444,0.259259259259259
"4050",0.2905,7.53389344050373,0.7,0.466936956094239,0.666666666666667,0.727272727272727,0.818181818181818,0.631578947368421,0.181818181818182,0.368421052631579,2.22077922077922,0.287878787878788
"4051",0.3375,7.52081342993508,0.866666666666667,0.374033717420853,0.8,0.875,1,0.818181818181818,0,0.181818181818182,5.5,0
"4052",0.309,7.51669525320907,0.866666666666667,0.359166920949666,0.714285714285714,0.857638888888889,0.833333333333333,0.875,0.166666666666667,0.125,6.66666666666667,0.19047619047619
"4053",0.656,10.4809268909852,0.933333333333333,0.3251544249853,0.833333333333333,0.9375,0.833333333333333,0.958333333333333,0.166666666666667,0.0416666666666666,20,0.173913043478261
"4054",0.2385,7.51898766673845,0.8,0.469789296814328,0.769230769230769,0.782407407407407,0.833333333333333,0.777777777777778,0.166666666666667,0.222222222222222,3.75,0.214285714285714
"4055",0.4255,9.50539170391279,0.866666666666667,0.38043600109086,0.714285714285714,0.784090909090909,0.625,0.954545454545455,0.375,0.0454545454545454,13.75,0.392857142857143
"4056",0.2405,7.53716790097133,0.8,0.438112236377148,0.75,0.837320574162679,0.818181818181818,0.789473684210526,0.181818181818182,0.210526315789474,3.88636363636364,0.23030303030303
"4057",0.2815,7.51484812701135,0.833333333333333,0.392283060798163,0.782608695652174,0.8875,0.9,0.8,0.1,0.2,4.5,0.125
"4058",0.4255,9.50300751642476,0.933333333333333,0.347403628671658,0.857142857142857,0.891304347826087,0.857142857142857,0.956521739130435,0.142857142857143,0.0434782608695652,19.7142857142857,0.149350649350649
"4059",0.2925,7.50540731064426,0.933333333333333,0.372374983559416,0.9,0.957671957671958,1,0.904761904761905,0,0.0952380952380952,10.5,0
"4060",0.3065,7.52533054647961,0.733333333333333,0.412681365817454,0.666666666666667,0.80952380952381,0.888888888888889,0.666666666666667,0.111111111111111,0.333333333333333,2.66666666666667,0.166666666666667
"4061",0.355,8.04534796930436,0.8,0.389088992120452,0.5,0.708333333333333,0.5,0.875,0.5,0.125,4,0.571428571428571
"4062",0.3155,7.51304008281601,0.833333333333333,0.370427011124966,0.705882352941177,0.795031055900621,0.857142857142857,0.826086956521739,0.142857142857143,0.173913043478261,4.92857142857143,0.172932330827068
"4063",0.2165,6.52069391696808,0.733333333333333,0.430958093470155,0.733333333333333,0.835648148148148,0.916666666666667,0.611111111111111,0.0833333333333334,0.388888888888889,2.35714285714286,0.136363636363636
"4064",0.301,7.51902263050351,0.733333333333333,0.404475145864438,0.636363636363636,0.775132275132275,0.777777777777778,0.714285714285714,0.222222222222222,0.285714285714286,2.72222222222222,0.311111111111111
"4065",0.303,7.51718551516815,0.7,0.402457444350198,0.608695652173913,0.748677248677249,0.777777777777778,0.666666666666667,0.222222222222222,0.333333333333333,2.33333333333333,0.333333333333333
"4066",0.3025,7.52971435590523,0.766666666666667,0.41039540558396,0.666666666666667,0.815340909090909,0.875,0.727272727272727,0.125,0.272727272727273,3.20833333333333,0.171875
"4067",0.4125,8.51155739753539,0.766666666666667,0.418131608979529,0.666666666666667,0.8,0.7,0.8,0.3,0.2,3.5,0.375
"4068",0.2655,7.51931475358909,0.733333333333333,0.447439061533425,0.733333333333333,0.780092592592593,0.916666666666667,0.611111111111111,0.0833333333333334,0.388888888888889,2.35714285714286,0.136363636363636
"4069",0.2765,7.51931276763296,0.733333333333333,0.442320500474886,0.666666666666667,0.725,0.8,0.7,0.2,0.3,2.66666666666667,0.285714285714286
"4070",0.279,7.51330746886185,0.733333333333333,0.413004160869666,0.714285714285714,0.834928229665072,0.909090909090909,0.631578947368421,0.0909090909090909,0.368421052631579,2.46753246753247,0.143939393939394
"4071",0.3655,8.5042222885905,0.866666666666667,0.361843165434748,0.75,0.911931818181818,0.75,0.909090909090909,0.25,0.0909090909090909,8.25,0.275
"4072",0.509,10.497859038717,0.9,0.365082975223147,0.727272727272727,0.888198757763975,0.571428571428571,1,0.428571428571429,0,Inf,0.428571428571429
"4073",0.3045,7.50397927101132,0.833333333333333,0.360079057654177,0.761904761904762,0.904761904761905,0.888888888888889,0.80952380952381,0.111111111111111,0.19047619047619,4.66666666666667,0.137254901960784
"4074",0.219,6.5146745531482,0.833333333333333,0.420729673256837,0.8,0.892344497607655,0.909090909090909,0.789473684210526,0.0909090909090909,0.210526315789474,4.31818181818182,0.115151515151515
"4075",0.217,6.51596430350287,0.766666666666667,0.412705462896436,0.695652173913043,0.8125,0.8,0.75,0.2,0.25,3.2,0.266666666666667
"4076",0.324,7.5109340207244,0.833333333333333,0.368064822387355,0.736842105263158,0.872670807453416,1,0.782608695652174,0,0.217391304347826,4.6,0
"4077",0.32,7.51211703958894,0.8,0.371423460038271,0.727272727272727,0.883522727272727,1,0.727272727272727,0,0.272727272727273,3.66666666666667,0
"4078",0.2455,7.14854039102092,0.733333333333333,0.470153282503178,0.666666666666667,0.746031746031746,0.888888888888889,0.666666666666667,0.111111111111111,0.333333333333333,2.66666666666667,0.166666666666667
"4079",0.321,7.51578515119623,0.766666666666667,0.388876540684398,0.666666666666667,0.8125,0.875,0.727272727272727,0.125,0.272727272727273,3.20833333333333,0.171875
"4080",0.2855,7.51275738732904,0.766666666666667,0.411009850722124,0.666666666666667,0.732804232804233,0.777777777777778,0.761904761904762,0.222222222222222,0.238095238095238,3.26666666666667,0.291666666666667
"4081",0.309,7.51350355331267,0.766666666666667,0.37994689526783,0.631578947368421,0.767045454545455,0.75,0.772727272727273,0.25,0.227272727272727,3.3,0.323529411764706
"4082",0.264,7.06996496354685,0.8,0.393258035660871,0.75,0.825,0.9,0.75,0.1,0.25,3.6,0.133333333333333
"4083",0.4135,8.50852959224584,0.833333333333333,0.40654898195441,0.761904761904762,0.755,0.8,0.85,0.2,0.15,5.33333333333333,0.235294117647059
"4084",0.324,7.51620313096939,0.866666666666667,0.333083094017952,0.8,0.948863636363636,1,0.818181818181818,0,0.181818181818182,5.5,0
"4085",0.285,7.52955388176895,0.8,0.420530089431804,0.727272727272727,0.798941798941799,0.888888888888889,0.761904761904762,0.111111111111111,0.238095238095238,3.73333333333333,0.145833333333333
"4086",0.269,6.51409540015893,0.8,0.356175054175997,0.625,0.871527777777778,0.833333333333333,0.791666666666667,0.166666666666667,0.208333333333333,4,0.210526315789474
"4087",0.3205,7.52064209501946,0.733333333333333,0.418194219012785,0.6,0.704968944099379,0.857142857142857,0.695652173913043,0.142857142857143,0.304347826086957,2.81632653061224,0.205357142857143
"4088",0.475,10.5041862853568,0.9,0.350674250284837,0.8,0.954545454545455,0.75,0.954545454545455,0.25,0.0454545454545454,16.5,0.261904761904762
"4089",0.317,7.51298701835815,0.766666666666667,0.380247801071818,0.533333333333333,0.770833333333333,0.666666666666667,0.791666666666667,0.333333333333333,0.208333333333333,3.2,0.421052631578947
"4090",0.2115,6.51742978136337,0.766666666666667,0.423779386914141,0.72,0.811004784688995,0.818181818181818,0.736842105263158,0.181818181818182,0.263157894736842,3.10909090909091,0.246753246753247
"4091",0.2365,7.53454907077753,0.766666666666667,0.452242526400801,0.740740740740741,0.773148148148148,0.833333333333333,0.722222222222222,0.166666666666667,0.277777777777778,3,0.230769230769231
"4092",0.427,9.01785750735115,0.9,0.335377659252006,0.666666666666667,0.92,0.6,0.96,0.4,0.04,15,0.416666666666667
"4093",0.3895,9.50864335095549,0.8,0.420966522205636,0.727272727272727,0.787037037037037,0.666666666666667,0.888888888888889,0.333333333333333,0.111111111111111,6,0.375
"4094",0.471,10.5044158658202,0.933333333333333,0.337646913985212,0.857142857142857,0.96875,0.75,1,0.25,0,Inf,0.25
"4095",0.269,7.52071677624324,0.8,0.429014446624696,0.75,0.794258373205742,0.818181818181818,0.789473684210526,0.181818181818182,0.210526315789474,3.88636363636364,0.23030303030303
"4096",0.236,6.516897708236,0.733333333333333,0.389778089180059,0.636363636363636,0.852272727272727,0.875,0.681818181818182,0.125,0.318181818181818,2.75,0.183333333333333
"4097",0.3355,7.50826225253984,0.8,0.353489499213725,0.7,0.900621118012422,1,0.739130434782609,0,0.260869565217391,3.83333333333333,0
"4098",0.232,7.51896159131681,0.833333333333333,0.450211583370185,0.8,0.830316742081448,0.769230769230769,0.882352941176471,0.230769230769231,0.117647058823529,6.53846153846154,0.261538461538461
"4099",0.2015,6.53861630209343,0.733333333333333,0.408163362991908,0.636363636363636,0.775568181818182,0.875,0.681818181818182,0.125,0.318181818181818,2.75,0.183333333333333
"4100",0.311,7.5287922039403,0.8,0.410978086792645,0.666666666666667,0.835403726708075,0.857142857142857,0.782608695652174,0.142857142857143,0.217391304347826,3.94285714285714,0.182539682539683
"4101",0.3665,8.50157395666028,0.8,0.378507631513352,0.727272727272727,0.8525,0.8,0.8,0.2,0.2,4,0.25
"4102",0.3155,7.50433926042782,0.866666666666667,0.343293348894286,0.777777777777778,0.937888198757764,1,0.826086956521739,0,0.173913043478261,5.75,0
"4103",0.238,7.51828559925127,0.766666666666667,0.455120653493011,0.695652173913043,0.784688995215311,0.727272727272727,0.789473684210526,0.272727272727273,0.210526315789474,3.45454545454546,0.345454545454545
"4104",0.3255,7.50839587517683,0.9,0.334116416538358,0.823529411764706,0.956521739130435,1,0.869565217391304,0,0.130434782608696,7.66666666666667,0
"4105",0.291,7.51229371738427,0.866666666666667,0.376669879537958,0.777777777777778,0.940340909090909,0.875,0.863636363636364,0.125,0.136363636363636,6.41666666666667,0.144736842105263
"4106",0.3285,7.52311752206549,0.8,0.399391831490835,0.769230769230769,0.85,1,0.7,0,0.3,3.33333333333333,0
"4107",0.3195,7.50707152660124,0.8,0.400296356652439,0.666666666666667,0.788819875776398,0.857142857142857,0.782608695652174,0.142857142857143,0.217391304347826,3.94285714285714,0.182539682539683
"4108",0.244,6.51129855598003,0.9,0.391126859509478,0.88,0.9688995215311,1,0.842105263157895,0,0.157894736842105,6.33333333333333,0
"4109",0.197,6.52869312663055,0.766666666666667,0.450665676935324,0.740740740740741,0.831018518518518,0.833333333333333,0.722222222222222,0.166666666666667,0.277777777777778,3,0.230769230769231
"4110",0.2445,7.53026544488612,0.833333333333333,0.429432305089318,0.761904761904762,0.8,0.8,0.85,0.2,0.15,5.33333333333333,0.235294117647059
"4111",0.28,7.52537363407005,0.8,0.39898001657307,0.7,0.860795454545455,0.875,0.772727272727273,0.125,0.227272727272727,3.85,0.161764705882353
"4112",0.2005,7.51301205347946,0.8,0.524390956778144,0.8125,0.817777777777778,0.866666666666667,0.733333333333333,0.133333333333333,0.266666666666667,3.25,0.181818181818182
"4113",0.305,7.51845897493642,0.733333333333333,0.393072857359916,0.6,0.764204545454545,0.75,0.727272727272727,0.25,0.272727272727273,2.75,0.34375
"4114",0.311,8.50767706461888,0.8,0.439491794650362,0.7,0.818181818181818,0.636363636363636,0.894736842105263,0.363636363636364,0.105263157894737,6.04545454545455,0.406417112299465
"4115",0.2445,7.52548029752492,0.833333333333333,0.429635596377027,0.827586206896552,0.866515837104072,0.923076923076923,0.764705882352941,0.0769230769230769,0.235294117647059,3.92307692307692,0.100591715976331
"4116",0.455,9.49933831296983,0.833333333333333,0.368841012779336,0.666666666666667,0.829192546583851,0.714285714285714,0.869565217391304,0.285714285714286,0.130434782608696,5.47619047619048,0.328571428571429
"4117",0.2565,7.50783928600407,0.9,0.433611050463861,0.896551724137931,0.895927601809955,1,0.823529411764706,0,0.176470588235294,5.66666666666667,0
"4118",0.294,7.51506887104691,0.8,0.382591651205976,0.5,0.680555555555556,0.5,0.875,0.5,0.125,4,0.571428571428571
"4119",0.237,6.5113346934185,0.766666666666667,0.377201022659884,0.631578947368421,0.803977272727273,0.75,0.772727272727273,0.25,0.227272727272727,3.3,0.323529411764706
"4120",0.2655,7.53335624574701,0.8,0.41403868127846,0.75,0.811004784688995,0.818181818181818,0.789473684210526,0.181818181818182,0.210526315789474,3.88636363636364,0.23030303030303
"4121",0.2945,7.51532831843543,0.766666666666667,0.400375835258952,0.631578947368421,0.767195767195767,0.666666666666667,0.80952380952381,0.333333333333333,0.19047619047619,3.5,0.411764705882353
"4122",0.448,9.50810037008303,0.866666666666667,0.371198514750578,0.75,0.829545454545455,0.75,0.909090909090909,0.25,0.0909090909090909,8.25,0.275
"4123",0.2545,6.52051908441094,0.766666666666667,0.375824436805277,0.631578947368421,0.819875776397516,0.857142857142857,0.739130434782609,0.142857142857143,0.260869565217391,3.28571428571429,0.19327731092437
"4124",0.257,7.51752706691435,0.733333333333333,0.451900053748327,0.692307692307692,0.736842105263158,0.818181818181818,0.684210526315789,0.181818181818182,0.315789473684211,2.59090909090909,0.265734265734266
"4125",0.3355,8.5014838249058,0.9,0.368816124076264,0.842105263157895,0.885,0.8,0.95,0.2,0.05,16,0.210526315789474
"4126",0.3715,8.50504202181101,0.933333333333333,0.334507605229125,0.857142857142857,0.940993788819876,0.857142857142857,0.956521739130435,0.142857142857143,0.0434782608695652,19.7142857142857,0.149350649350649
"4127",0.291,7.52241138114596,0.833333333333333,0.37702455651236,0.761904761904762,0.878306878306878,0.888888888888889,0.80952380952381,0.111111111111111,0.19047619047619,4.66666666666667,0.137254901960784
"4128",0.32,8.51664590854655,0.766666666666667,0.425974905806171,0.666666666666667,0.784688995215311,0.636363636363636,0.842105263157895,0.363636363636364,0.157894736842105,4.03030303030303,0.431818181818182
"4129",0.3005,7.53119637402319,0.8,0.434598687793735,0.7,0.755681818181818,0.875,0.772727272727273,0.125,0.227272727272727,3.85,0.161764705882353
"4130",0.2355,6.51571712296185,0.766666666666667,0.392189111852019,0.740740740740741,0.861244019138756,0.909090909090909,0.684210526315789,0.0909090909090909,0.315789473684211,2.87878787878788,0.132867132867133
"4131",0.2365,7.08326704867581,0.766666666666667,0.422716282056552,0.666666666666667,0.7775,0.7,0.8,0.3,0.2,3.5,0.375
"4132",0.529,9.49430867856137,0.9,0.342240809045338,0.842105263157895,0.917989417989418,0.888888888888889,0.904761904761905,0.111111111111111,0.0952380952380952,9.33333333333333,0.12280701754386
"4133",0.131,6.56031735644563,0.7,0.508927009662656,0.727272727272727,0.723214285714286,0.857142857142857,0.5625,0.142857142857143,0.4375,1.95918367346939,0.253968253968254
"4134",0.268,7.5218663202447,0.866666666666667,0.407405928299083,0.833333333333333,0.911483253588517,0.909090909090909,0.842105263157895,0.0909090909090909,0.157894736842105,5.75757575757576,0.107954545454545
"4135",0.2845,7.05791785283041,0.766666666666667,0.381884912433368,0.666666666666667,0.857954545454545,0.875,0.727272727272727,0.125,0.272727272727273,3.20833333333333,0.171875
"4136",0.265,7.52378685751855,0.9,0.374482183969649,0.869565217391304,0.91866028708134,0.909090909090909,0.894736842105263,0.0909090909090909,0.105263157894737,8.63636363636364,0.101604278074866
"4137",0.2775,7.50733237426302,0.833333333333333,0.396560777591814,0.782608695652174,0.85,0.9,0.8,0.1,0.2,4.5,0.125
"4138",0.3035,7.51526979903143,0.833333333333333,0.375829077655628,0.761904761904762,0.883597883597884,0.888888888888889,0.80952380952381,0.111111111111111,0.19047619047619,4.66666666666667,0.137254901960784
"4139",0.4715,9.01369839419182,0.866666666666667,0.356060158003095,0.777777777777778,0.883597883597884,0.777777777777778,0.904761904761905,0.222222222222222,0.0952380952380952,8.16666666666667,0.245614035087719
"4140",0.2815,7.52653804557099,0.766666666666667,0.393863112254195,0.588235294117647,0.804347826086957,0.714285714285714,0.782608695652174,0.285714285714286,0.217391304347826,3.28571428571429,0.365079365079365
"4141",0.269,7.51768514364444,0.766666666666667,0.423386760939261,0.666666666666667,0.81,0.7,0.8,0.3,0.2,3.5,0.375
"4142",0.328,7.52176821234064,0.766666666666667,0.376235638623532,0.533333333333333,0.792,0.8,0.76,0.2,0.24,3.33333333333333,0.263157894736842
"4143",0.2225,6.51969045096539,0.833333333333333,0.405340741653482,0.761904761904762,0.862433862433862,0.888888888888889,0.80952380952381,0.111111111111111,0.19047619047619,4.66666666666667,0.137254901960784
"4144",0.27,7.49850197395316,0.866666666666667,0.404637429120786,0.846153846153846,0.923611111111111,0.916666666666667,0.833333333333333,0.0833333333333334,0.166666666666667,5.5,0.1
"4145",0.3165,7.5171010188338,0.733333333333333,0.396066561083557,0.555555555555556,0.686335403726708,0.714285714285714,0.739130434782609,0.285714285714286,0.260869565217391,2.73809523809524,0.38655462184874
"4146",0.184,5.52744877267431,0.666666666666667,0.4100828069043,0.545454545454545,0.708074534161491,0.857142857142857,0.608695652173913,0.142857142857143,0.391304347826087,2.19047619047619,0.23469387755102
"4147",0.1995,5.52685889542412,0.7,0.406196102068686,0.608695652173913,0.760869565217391,1,0.608695652173913,0,0.391304347826087,2.55555555555556,0
"4148",0.2865,7.51246851154296,0.8,0.408002377665246,0.75,0.8225,0.9,0.75,0.1,0.25,3.6,0.133333333333333
"4149",0.151,6.54167065346765,0.866666666666667,0.461843844170879,0.875,0.808888888888889,0.933333333333333,0.8,0.0666666666666667,0.2,4.66666666666667,0.0833333333333333
"4150",0.381,9.07871157143464,0.833333333333333,0.40435243913519,0.666666666666667,0.793650793650794,0.555555555555556,0.952380952380952,0.444444444444444,0.0476190476190477,11.6666666666667,0.466666666666667
"4151",0.2565,7.54181139068623,0.666666666666667,0.503250719726111,0.615384615384615,0.655502392344498,0.727272727272727,0.631578947368421,0.272727272727273,0.368421052631579,1.97402597402597,0.431818181818182
"4152",0.2865,8.5111143057743,0.8,0.461496578855625,0.785714285714286,0.832589285714286,0.785714285714286,0.8125,0.214285714285714,0.1875,4.19047619047619,0.263736263736264
"4153",0.293,7.74108990278491,0.7,0.439541247216477,0.666666666666667,0.779904306220096,0.818181818181818,0.631578947368421,0.181818181818182,0.368421052631579,2.22077922077922,0.287878787878788
"4154",0.2645,6.51674064878076,0.766666666666667,0.376406074875133,0.588235294117647,0.784722222222222,0.833333333333333,0.75,0.166666666666667,0.25,3.33333333333333,0.222222222222222
"4155",0.275,7.5133867733522,0.833333333333333,0.408646851364848,0.8,0.870813397129187,0.909090909090909,0.789473684210526,0.0909090909090909,0.210526315789474,4.31818181818182,0.115151515151515
"4156",0.284,7.08980683690437,0.866666666666667,0.331728908140991,0.8,0.917613636363636,1,0.818181818181818,0,0.181818181818182,5.5,0
"4157",0.28,7.139908808083,0.666666666666667,0.451101535842993,0.545454545454545,0.698757763975155,0.857142857142857,0.608695652173913,0.142857142857143,0.391304347826087,2.19047619047619,0.23469387755102
"4158",0.191,6.51598713299263,0.766666666666667,0.475731688711105,0.787878787878788,0.814732142857143,0.928571428571429,0.625,0.0714285714285714,0.375,2.47619047619048,0.114285714285714
"4159",0.359,8.51553147879929,0.866666666666667,0.356802841037328,0.8,0.915343915343915,0.888888888888889,0.857142857142857,0.111111111111111,0.142857142857143,6.22222222222222,0.12962962962963
"4160",0.31,7.52827376401832,0.8,0.423938538033769,0.727272727272727,0.80952380952381,0.888888888888889,0.761904761904762,0.111111111111111,0.238095238095238,3.73333333333333,0.145833333333333
"4161",0.3385,7.5159220517691,0.833333333333333,0.336565870014866,0.736842105263158,0.934782608695652,1,0.782608695652174,0,0.217391304347826,4.6,0
"4162",0.659,10.4857683060893,0.933333333333333,0.342559284275467,0.857142857142857,0.906832298136646,0.857142857142857,0.956521739130435,0.142857142857143,0.0434782608695652,19.7142857142857,0.149350649350649
"4163",0.253,7.53016464740712,0.833333333333333,0.402174862854874,0.782608695652174,0.832535885167464,0.818181818181818,0.842105263157895,0.181818181818182,0.157894736842105,5.18181818181818,0.215909090909091
"4164",0.3245,7.51673145252059,0.766666666666667,0.382636362751332,0.533333333333333,0.673611111111111,0.666666666666667,0.791666666666667,0.333333333333333,0.208333333333333,3.2,0.421052631578947
"4165",0.342,7.51492586598924,0.666666666666667,0.411402132788589,0.5,0.701388888888889,0.833333333333333,0.625,0.166666666666667,0.375,2.22222222222222,0.266666666666667
"4166",0.2975,7.51271350586481,0.833333333333333,0.367496611606636,0.736842105263158,0.873015873015873,0.777777777777778,0.857142857142857,0.222222222222222,0.142857142857143,5.44444444444444,0.259259259259259
"4167",0.3505,7.5203594150018,0.8,0.361327460068131,0.5,0.858024691358025,1,0.777777777777778,0,0.222222222222222,4.5,0
"4168",0.319,7.52028571664732,0.833333333333333,0.348404008941375,0.761904761904762,0.90625,1,0.772727272727273,0,0.227272727272727,4.4,0
"4169",0.2625,7.51628293895375,0.766666666666667,0.439840599699971,0.695652173913043,0.717703349282297,0.727272727272727,0.789473684210526,0.272727272727273,0.210526315789474,3.45454545454546,0.345454545454545
"4170",0.2645,7.5329304671096,0.766666666666667,0.427170203169006,0.740740740740741,0.775462962962963,0.833333333333333,0.722222222222222,0.166666666666667,0.277777777777778,3,0.230769230769231
"4171",0.2985,7.52535615131648,0.766666666666667,0.406140691197352,0.740740740740741,0.839712918660287,0.909090909090909,0.684210526315789,0.0909090909090909,0.315789473684211,2.87878787878788,0.132867132867133
"4172",0.3435,8.50153180035928,0.933333333333333,0.349582668228245,0.888888888888889,0.970899470899471,0.888888888888889,0.952380952380952,0.111111111111111,0.0476190476190477,18.6666666666666,0.116666666666667
"4173",0.306,7.51584101259298,0.833333333333333,0.364932797597273,0.736842105263158,0.84375,0.875,0.818181818181818,0.125,0.181818181818182,4.8125,0.152777777777778
"4174",0.4115,8.505659792514,0.8,0.383217146375535,0.571428571428571,0.694444444444444,0.666666666666667,0.833333333333333,0.333333333333333,0.166666666666667,4,0.4
"4175",0.297,7.51530625060947,0.733333333333333,0.409252119454301,0.636363636363636,0.764550264550265,0.777777777777778,0.714285714285714,0.222222222222222,0.285714285714286,2.72222222222222,0.311111111111111
"4176",0.2905,7.53526930847939,0.7,0.472225271817346,0.64,0.7075,0.8,0.65,0.2,0.35,2.28571428571429,0.307692307692308
"4177",0.3445,9.56949498690744,0.9,0.414040496603753,0.857142857142857,0.907407407407407,0.75,1,0.25,0,Inf,0.25
"4178",0.18,6.53956130629509,0.866666666666667,0.400148591699533,0.833333333333333,0.861244019138756,0.909090909090909,0.842105263157895,0.0909090909090909,0.157894736842105,5.75757575757576,0.107954545454545
"4179",0.258,6.51392395011439,0.8,0.35864002760125,0.625,0.847222222222222,0.833333333333333,0.791666666666667,0.166666666666667,0.208333333333333,4,0.210526315789474
"4180",0.2735,7.5237454932904,0.766666666666667,0.420948457019665,0.695652173913043,0.7475,0.8,0.75,0.2,0.25,3.2,0.266666666666667
"4181",0.4505,8.51015059189303,0.7,0.477500938761697,0.608695652173913,0.7075,0.7,0.7,0.3,0.3,2.33333333333333,0.428571428571429
"4182",0.2845,7.52623393213685,0.8,0.413816978921101,0.785714285714286,0.834928229665072,1,0.684210526315789,0,0.315789473684211,3.16666666666667,0
"4183",0.236,6.51687147446362,0.866666666666667,0.395249890550042,0.846153846153846,0.935406698564593,1,0.789473684210526,0,0.210526315789474,4.75,0
"4184",0.3005,7.52026573505414,0.9,0.361402388204499,0.842105263157895,0.873015873015873,0.888888888888889,0.904761904761905,0.111111111111111,0.0952380952380952,9.33333333333333,0.12280701754386
"4185",0.27,7.51050043266866,0.866666666666667,0.410605345281952,0.846153846153846,0.925837320574163,1,0.789473684210526,0,0.210526315789474,4.75,0
"4186",0.2725,7.51509272683349,0.9,0.398727281536948,0.88,0.978468899521531,1,0.842105263157895,0,0.157894736842105,6.33333333333333,0
"4187",0.2855,7.51238880787538,0.766666666666667,0.400200337240306,0.666666666666667,0.822751322751323,0.777777777777778,0.761904761904762,0.222222222222222,0.238095238095238,3.26666666666667,0.291666666666667
"4188",0.4485,10.0123472830693,0.866666666666667,0.372186380299299,0.714285714285714,0.818181818181818,0.625,0.954545454545455,0.375,0.0454545454545454,13.75,0.392857142857143
"4189",0.3275,8.50597903924555,0.933333333333333,0.373032454697249,0.909090909090909,0.935406698564593,0.909090909090909,0.947368421052632,0.0909090909090909,0.0526315789473685,17.2727272727273,0.095959595959596
"4190",0.2805,7.52433612571002,0.866666666666667,0.378529256305991,0.846153846153846,0.899521531100478,1,0.789473684210526,0,0.210526315789474,4.75,0
"4191",0.2335,6.52510718122479,0.833333333333333,0.393915083156672,0.782608695652174,0.9075,0.9,0.8,0.1,0.2,4.5,0.125
"4192",0.2925,7.53165089144133,0.766666666666667,0.432561568474449,0.666666666666667,0.748677248677249,0.777777777777778,0.761904761904762,0.222222222222222,0.238095238095238,3.26666666666667,0.291666666666667
"4193",0.303,7.51911055438348,0.733333333333333,0.401110119674236,0.692307692307692,0.80952380952381,1,0.619047619047619,0,0.380952380952381,2.625,0
"4194",0.46,10.4996772467617,0.866666666666667,0.384459110133324,0.777777777777778,0.84,0.7,0.95,0.3,0.05,14,0.315789473684211
"4195",0.5415,8.97508341519994,0.833333333333333,0.38065684514095,0.545454545454545,0.725961538461538,0.75,0.846153846153846,0.25,0.153846153846154,4.875,0.295454545454545
"4196",0.2805,7.05983765812145,0.766666666666667,0.382870381577435,0.666666666666667,0.829545454545455,0.875,0.727272727272727,0.125,0.272727272727273,3.20833333333333,0.171875
"4197",0.261,7.06680727951732,0.766666666666667,0.411200973743582,0.72,0.7875,0.9,0.7,0.1,0.3,3,0.142857142857143
"4198",0.578,10.0316680272064,0.866666666666667,0.360725364440647,0.75,0.907407407407407,0.666666666666667,0.952380952380952,0.333333333333333,0.0476190476190477,14,0.35
"4199",0.396,9.02394922982062,0.933333333333333,0.318638327989129,0.857142857142857,0.975155279503106,0.857142857142857,0.956521739130435,0.142857142857143,0.0434782608695652,19.7142857142857,0.149350649350649
"4200",0.311,7.51475110131082,0.833333333333333,0.347206460206768,0.615384615384615,0.805555555555556,0.666666666666667,0.875,0.333333333333333,0.125,5.33333333333333,0.380952380952381
"4201",0.321,7.51410037761294,0.766666666666667,0.379897697980944,0.631578947368421,0.829192546583851,0.857142857142857,0.739130434782609,0.142857142857143,0.260869565217391,3.28571428571429,0.19327731092437
"4202",0.269,7.51771464972936,0.733333333333333,0.423177057893372,0.636363636363636,0.775,0.7,0.75,0.3,0.25,2.8,0.4
"4203",0.348,7.52674577307176,0.666666666666667,0.469682945893114,0.5,0.711805555555556,0.833333333333333,0.625,0.166666666666667,0.375,2.22222222222222,0.266666666666667
"4204",0.296,7.50878308567166,0.833333333333333,0.379576326871465,0.736842105263158,0.826704545454545,0.875,0.818181818181818,0.125,0.181818181818182,4.8125,0.152777777777778
"4205",0.2965,7.51501991453902,0.866666666666667,0.388537077215322,0.818181818181818,0.902116402116402,1,0.80952380952381,0,0.19047619047619,5.25,0
"4206",0.484,9.01016777091793,0.8,0.411063889380088,0.625,0.724431818181818,0.625,0.863636363636364,0.375,0.136363636363636,4.58333333333333,0.434210526315789
"4207",0.3115,7.51292770844124,0.766666666666667,0.380515137972284,0.631578947368421,0.816770186335404,0.857142857142857,0.739130434782609,0.142857142857143,0.260869565217391,3.28571428571429,0.19327731092437
"4208",0.477,10.5039727903411,0.9,0.352220290786612,0.769230769230769,0.914772727272727,0.625,1,0.375,0,Inf,0.375
"4209",0.296,7.51988245249599,0.833333333333333,0.374118269970698,0.736842105263158,0.892045454545455,0.875,0.818181818181818,0.125,0.181818181818182,4.8125,0.152777777777778
"4210",0.3955,9.51179562881851,0.866666666666667,0.367400788824347,0.8,0.92,0.8,0.9,0.2,0.1,8,0.222222222222222
"4211",0.2735,7.52614863209994,0.8,0.387247051415765,0.7,0.835978835978836,0.777777777777778,0.80952380952381,0.222222222222222,0.19047619047619,4.08333333333333,0.274509803921569
"4212",0.432,10.5092519675166,0.833333333333333,0.422229198645215,0.736842105263158,0.80787037037037,0.583333333333333,1,0.416666666666667,0,Inf,0.416666666666667
"4213",0.2015,6.55682729918951,0.6,0.533337895907105,0.538461538461538,0.630681818181818,0.875,0.5,0.125,0.5,1.75,0.25
"4214",0.36,8.50733548879506,0.9,0.363016316615561,0.727272727272727,0.704968944099379,0.571428571428571,1,0.428571428571429,0,Inf,0.428571428571429
"4215",0.54,9.45603437033809,0.866666666666667,0.35297253892861,0.75,0.855113636363636,0.75,0.909090909090909,0.25,0.0909090909090909,8.25,0.275
"4216",0.267,7.5126966375247,0.733333333333333,0.419920846205386,0.692307692307692,0.830143540669857,0.818181818181818,0.684210526315789,0.181818181818182,0.315789473684211,2.59090909090909,0.265734265734266
"4217",0.28,7.51624519455334,0.8,0.384474707019523,0.7,0.8325,0.7,0.85,0.3,0.15,4.66666666666667,0.352941176470588
"4218",0.396,8.51069454300878,0.833333333333333,0.38293767762596,0.705882352941177,0.863636363636364,0.75,0.863636363636364,0.25,0.136363636363636,5.5,0.289473684210526
"4219",0.2965,7.51093418076507,0.766666666666667,0.380588990683173,0.695652173913043,0.851851851851852,0.888888888888889,0.714285714285714,0.111111111111111,0.285714285714286,3.11111111111111,0.155555555555556
"4220",0.566,9.49054005628469,0.866666666666667,0.380409790969601,0.75,0.806818181818182,0.75,0.909090909090909,0.25,0.0909090909090909,8.25,0.275
"4221",0.5485,9.4929401061175,0.9,0.361543336704028,0.8,0.903726708074534,0.857142857142857,0.91304347826087,0.142857142857143,0.0869565217391305,9.85714285714285,0.156462585034014
"4222",0.2645,7.53144762621136,0.833333333333333,0.404326189840421,0.8,0.866028708133971,0.909090909090909,0.789473684210526,0.0909090909090909,0.210526315789474,4.31818181818182,0.115151515151515
"4223",0.2375,7.51967558849787,0.8,0.447019208148021,0.727272727272727,0.791666666666667,0.666666666666667,0.888888888888889,0.333333333333333,0.111111111111111,6,0.375
"4224",0.1935,6.54022894666858,0.733333333333333,0.423491472397418,0.692307692307692,0.82,0.9,0.65,0.1,0.35,2.57142857142857,0.153846153846154
"4225",0.26,7.51692098746413,0.766666666666667,0.427758987720565,0.695652173913043,0.837320574162679,0.727272727272727,0.789473684210526,0.272727272727273,0.210526315789474,3.45454545454546,0.345454545454545
"4226",0.3225,7.51730527978722,0.8,0.372041161601508,0.666666666666667,0.872670807453416,0.857142857142857,0.782608695652174,0.142857142857143,0.217391304347826,3.94285714285714,0.182539682539683
"4227",0.4655,10.0084666393468,0.866666666666667,0.362895494567538,0.714285714285714,0.809659090909091,0.625,0.954545454545455,0.375,0.0454545454545454,13.75,0.392857142857143
"4228",0.393,8.50227667089678,0.9,0.325141862061698,0.8,0.959627329192547,0.857142857142857,0.91304347826087,0.142857142857143,0.0869565217391305,9.85714285714285,0.156462585034014
"4229",0.3125,7.51352292986905,0.9,0.358727618880308,0.842105263157895,0.920454545454545,1,0.863636363636364,0,0.136363636363636,7.33333333333333,0
"4230",0.353,8.50948732846466,0.766666666666667,0.407016790354685,0.695652173913043,0.815,0.8,0.75,0.2,0.25,3.2,0.266666666666667
"4231",0.245,6.52416141439099,0.833333333333333,0.372109938251386,0.736842105263158,0.886363636363636,0.875,0.818181818181818,0.125,0.181818181818182,4.8125,0.152777777777778
"4232",0.477,8.50111240192203,0.766666666666667,0.409108234133781,0.695652173913043,0.851851851851852,0.888888888888889,0.714285714285714,0.111111111111111,0.285714285714286,3.11111111111111,0.155555555555556
"4233",0.2945,7.52810684355311,0.8,0.402058668403527,0.769230769230769,0.854066985645933,0.909090909090909,0.736842105263158,0.0909090909090909,0.263157894736842,3.45454545454545,0.123376623376623
"4234",0.195,6.51750380614743,0.7,0.453507858171375,0.64,0.717703349282297,0.727272727272727,0.684210526315789,0.272727272727273,0.315789473684211,2.3030303030303,0.398601398601399
"4235",0.2445,7.53761368335448,0.8,0.450457208648745,0.727272727272727,0.7575,0.8,0.8,0.2,0.2,4,0.25
"4236",0.2655,6.52234339596571,0.633333333333333,0.381525945391565,0.476190476190476,0.75,0.833333333333333,0.583333333333333,0.166666666666667,0.416666666666667,2,0.285714285714286
"4237",0.947,12.4159652308329,0.866666666666667,0.468254259117447,0.6,0.670138888888889,0.5,0.958333333333333,0.5,0.0416666666666666,12,0.521739130434783
"4238",0.2695,7.53457543234288,0.766666666666667,0.450823258145304,0.72,0.73444976076555,0.818181818181818,0.736842105263158,0.181818181818182,0.263157894736842,3.10909090909091,0.246753246753247
"4239",0.229,7.5212470951932,0.733333333333333,0.488988624834088,0.714285714285714,0.717194570135747,0.769230769230769,0.705882352941177,0.230769230769231,0.294117647058823,2.61538461538462,0.326923076923077
"4240",0.204,6.54005125441465,0.7,0.425161752342401,0.689655172413793,0.805,1,0.55,0,0.45,2.22222222222222,0
"4241",0.24,7.51580178042991,0.766666666666667,0.448474523697713,0.72,0.849537037037037,0.75,0.777777777777778,0.25,0.222222222222222,3.375,0.321428571428571
"4242",0.175,6.51910474356026,0.833333333333333,0.499778629437601,0.827586206896552,0.863839285714286,0.857142857142857,0.8125,0.142857142857143,0.1875,4.57142857142857,0.175824175824176
"4243",0.355,9.03267982204546,0.866666666666667,0.384661410669775,0.8,0.868421052631579,0.727272727272727,0.947368421052632,0.272727272727273,0.0526315789473685,13.8181818181818,0.287878787878788
"4244",0.3025,7.51910087933604,0.766666666666667,0.401049253078559,0.72,0.830687830687831,1,0.666666666666667,0,0.333333333333333,3,0
"4245",0.2765,7.52227446199304,0.833333333333333,0.411618882243645,0.761904761904762,0.8225,0.8,0.85,0.2,0.15,5.33333333333333,0.235294117647059
"4246",0.4765,9.98782339244946,0.833333333333333,0.365606750977026,0.666666666666667,0.772727272727273,0.625,0.909090909090909,0.375,0.0909090909090909,6.875,0.4125
"4247",0.145,6.54563717553978,0.833333333333333,0.462224545289746,0.814814814814815,0.812217194570136,0.846153846153846,0.823529411764706,0.153846153846154,0.176470588235294,4.79487179487179,0.186813186813187
"4248",0.4245,9.50815695506469,0.933333333333333,0.32236155927659,0.888888888888889,0.980113636363636,1,0.909090909090909,0,0.0909090909090909,11,0
"4249",0.254,7.51738585737391,0.8,0.431953565961768,0.75,0.856459330143541,0.818181818181818,0.789473684210526,0.181818181818182,0.210526315789474,3.88636363636364,0.23030303030303
"4250",0.25,6.51698231159697,0.8,0.383682335014233,0.7,0.826704545454545,0.875,0.772727272727273,0.125,0.227272727272727,3.85,0.161764705882353
"4251",0.147,6.55468622759758,0.8,0.452182935165943,0.75,0.80622009569378,0.818181818181818,0.789473684210526,0.181818181818182,0.210526315789474,3.88636363636364,0.23030303030303
"4252",0.426,9.51157536102862,0.9,0.347809531707637,0.727272727272727,0.819875776397516,0.571428571428571,1,0.428571428571429,0,Inf,0.428571428571429
"4253",0.3,7.50582728425976,0.833333333333333,0.373220210704194,0.736842105263158,0.875,0.875,0.818181818181818,0.125,0.181818181818182,4.8125,0.152777777777778
"4254",0.433,9.09205890540993,0.866666666666667,0.342673439638698,0.666666666666667,0.90625,0.666666666666667,0.916666666666667,0.333333333333333,0.0833333333333334,8,0.363636363636364
"4255",0.3355,7.52303768308095,0.833333333333333,0.37726503228935,0.705882352941177,0.871527777777778,1,0.791666666666667,0,0.208333333333333,4.8,0
"4256",0.5275,10.4985212262729,0.866666666666667,0.361265858482855,0.666666666666667,0.802083333333333,0.666666666666667,0.916666666666667,0.333333333333333,0.0833333333333334,8,0.363636363636364
"4257",0.2595,6.51575264652022,0.766666666666667,0.385484506227639,0.695652173913043,0.829545454545455,1,0.681818181818182,0,0.318181818181818,3.14285714285714,0
"4258",0.28,6.51471186003741,0.733333333333333,0.358732754978183,0.555555555555556,0.84,1,0.68,0,0.32,3.125,0
"4259",0.177,5.53585614209258,0.666666666666667,0.402117451047357,0.615384615384615,0.795,0.8,0.6,0.2,0.4,2,0.333333333333333
"4260",0.4035,9.50385353377202,0.866666666666667,0.365136307433172,0.75,0.875661375661376,0.666666666666667,0.952380952380952,0.333333333333333,0.0476190476190477,14,0.35
"4261",0.3045,7.50859464358779,0.8,0.374483297242293,0.7,0.883522727272727,0.875,0.772727272727273,0.125,0.227272727272727,3.85,0.161764705882353
"4262",0.297,7.51474206384099,0.8,0.381383072459277,0.727272727272727,0.841269841269841,0.888888888888889,0.761904761904762,0.111111111111111,0.238095238095238,3.73333333333333,0.145833333333333
"4263",0.3305,9.02234571119912,0.866666666666667,0.405286099128851,0.818181818181818,0.900462962962963,0.75,0.944444444444444,0.25,0.0555555555555556,13.5,0.264705882352941
"4264",0.4025,10.5018034047289,0.833333333333333,0.436876824433193,0.782608695652174,0.839366515837104,0.692307692307692,0.941176470588235,0.307692307692308,0.0588235294117647,11.7692307692308,0.326923076923077
"4265",0.3185,7.51687893450297,0.833333333333333,0.355437243984348,0.705882352941177,0.888198757763975,0.857142857142857,0.826086956521739,0.142857142857143,0.173913043478261,4.92857142857143,0.172932330827068
"4266",0.257,6.52289372932273,0.833333333333333,0.355087258102193,0.705882352941177,0.866459627329193,0.857142857142857,0.826086956521739,0.142857142857143,0.173913043478261,4.92857142857143,0.172932330827068
"4267",0.2755,7.52570192612906,0.833333333333333,0.386851713970688,0.736842105263158,0.843915343915344,0.777777777777778,0.857142857142857,0.222222222222222,0.142857142857143,5.44444444444444,0.259259259259259
"4268",0.361,7.51298986747548,0.733333333333333,0.397582615934063,0.428571428571429,0.682692307692308,0.75,0.730769230769231,0.25,0.269230769230769,2.78571428571429,0.342105263157895
"4269",0.557,9.49231389702866,0.8,0.432165288397613,0.625,0.732954545454545,0.625,0.863636363636364,0.375,0.136363636363636,4.58333333333333,0.434210526315789
"4270",0.278,7.5327409139836,0.766666666666667,0.428038499635914,0.666666666666667,0.772486772486772,0.777777777777778,0.761904761904762,0.222222222222222,0.238095238095238,3.26666666666667,0.291666666666667
"4271",0.678,10.4798458991071,0.866666666666667,0.346484243843116,0.75,0.914772727272727,0.75,0.909090909090909,0.25,0.0909090909090909,8.25,0.275
"4272",0.5025,10.4938961208145,0.866666666666667,0.365017943190559,0.714285714285714,0.786931818181818,0.625,0.954545454545455,0.375,0.0454545454545454,13.75,0.392857142857143
"4273",0.4655,9.4988842807425,0.833333333333333,0.386258144270505,0.615384615384615,0.767080745341615,0.571428571428571,0.91304347826087,0.428571428571429,0.0869565217391305,6.57142857142857,0.469387755102041
"4274",0.312,7.50903759801127,0.933333333333333,0.344791848009656,0.857142857142857,0.954861111111111,1,0.916666666666667,0,0.0833333333333334,12,0
"4275",0.319,7.52566352715058,0.866666666666667,0.365854846292433,0.75,0.869565217391304,0.857142857142857,0.869565217391304,0.142857142857143,0.130434782608696,6.57142857142857,0.164285714285714
"4276",0.2755,7.51917576951117,0.9,0.3939098926915,0.857142857142857,0.89,0.9,0.9,0.1,0.1,9,0.111111111111111
"4277",0.2595,7.19666941992779,0.666666666666667,0.516009778651633,0.583333333333333,0.671957671957672,0.777777777777778,0.619047619047619,0.222222222222222,0.380952380952381,2.04166666666667,0.358974358974359
"4278",0.239,7.5203937333853,0.766666666666667,0.468040655381838,0.740740740740741,0.782407407407407,0.833333333333333,0.722222222222222,0.166666666666667,0.277777777777778,3,0.230769230769231
"4279",0.2725,7.51571881095988,0.8,0.414612869145643,0.769230769230769,0.863636363636364,0.909090909090909,0.736842105263158,0.0909090909090909,0.263157894736842,3.45454545454545,0.123376623376623
"4280",0.3095,7.05369425020766,0.833333333333333,0.353542496731477,0.666666666666667,0.892361111111111,0.833333333333333,0.833333333333333,0.166666666666667,0.166666666666667,5,0.2
"4281",0.385,8.51084555826907,0.833333333333333,0.395668251213971,0.782608695652174,0.858851674641148,0.818181818181818,0.842105263157895,0.181818181818182,0.157894736842105,5.18181818181818,0.215909090909091
"4282",0.31,7.51412474549847,0.833333333333333,0.380520095003345,0.705882352941177,0.857142857142857,0.857142857142857,0.826086956521739,0.142857142857143,0.173913043478261,4.92857142857143,0.172932330827068
"4283",0.339,7.52115752298407,0.766666666666667,0.375300955212025,0.533333333333333,0.828,0.8,0.76,0.2,0.24,3.33333333333333,0.263157894736842
"4284",0.2855,7.51088643271294,0.8,0.383904173294039,0.75,0.885,0.9,0.75,0.1,0.25,3.6,0.133333333333333
"4285",0.285,7.52253744103463,0.733333333333333,0.427564460066164,0.666666666666667,0.7375,0.8,0.7,0.2,0.3,2.66666666666667,0.285714285714286
"4286",0.6715,10.4753403813904,0.833333333333333,0.402927619225997,0.615384615384615,0.786931818181818,0.5,0.954545454545455,0.5,0.0454545454545454,11,0.523809523809524
"4287",0.316,7.52402925325855,0.733333333333333,0.390456895882768,0.6,0.81055900621118,0.857142857142857,0.695652173913043,0.142857142857143,0.304347826086957,2.81632653061224,0.205357142857143
"4288",0.433,9.54052516810453,0.9,0.32536945453284,0.769230769230769,0.950310559006211,0.714285714285714,0.956521739130435,0.285714285714286,0.0434782608695652,16.4285714285714,0.298701298701299
"4289",0.2925,7.51368858699725,0.733333333333333,0.413563712577155,0.692307692307692,0.7925,0.9,0.65,0.1,0.35,2.57142857142857,0.153846153846154
"4290",0.275,7.5214638183163,0.8,0.426023684985426,0.75,0.83,0.9,0.75,0.1,0.25,3.6,0.133333333333333
"4291",0.285,7.51374486708442,0.733333333333333,0.405063360861039,0.555555555555556,0.732954545454545,0.625,0.772727272727273,0.375,0.227272727272727,2.75,0.485294117647059
"4292",0.221,6.51625324866966,0.8,0.406214651009918,0.727272727272727,0.8375,0.8,0.8,0.2,0.2,4,0.25
"4293",0.2745,7.52897720320356,0.766666666666667,0.421493270266686,0.72,0.80622009569378,0.818181818181818,0.736842105263158,0.181818181818182,0.263157894736842,3.10909090909091,0.246753246753247
"4294",0.242,7.51247441777152,0.7,0.466157152081149,0.709677419354839,0.776018099547511,0.846153846153846,0.588235294117647,0.153846153846154,0.411764705882353,2.05494505494506,0.261538461538462
"4295",0.3755,8.51109830000381,0.8,0.378620128106839,0.571428571428571,0.791925465838509,0.571428571428571,0.869565217391304,0.428571428571429,0.130434782608696,4.38095238095238,0.492857142857143
"4296",0.413,9.50655826180917,0.9,0.359697375073669,0.8,0.830687830687831,0.666666666666667,1,0.333333333333333,0,Inf,0.333333333333333
"4297",0.136,6.56360674825337,0.766666666666667,0.445748746716697,0.666666666666667,0.73,0.7,0.8,0.3,0.2,3.5,0.375
"4298",0.343,8.50297371623314,0.933333333333333,0.362747252868068,0.857142857142857,0.926136363636364,0.75,1,0.25,0,Inf,0.25
"4299",0.415,9.50129973002254,0.933333333333333,0.340758330059897,0.833333333333333,0.953416149068323,0.714285714285714,1,0.285714285714286,0,Inf,0.285714285714286
"4300",0.2785,7.51267524335048,0.9,0.403361388808825,0.869565217391304,0.9125,1,0.85,0,0.15,6.66666666666667,0
"4301",0.278,7.53567963977848,0.766666666666667,0.430662022142786,0.631578947368421,0.71875,0.75,0.772727272727273,0.25,0.227272727272727,3.3,0.323529411764706
"4302",0.245,7.52461482710107,0.833333333333333,0.43998890591094,0.8,0.821266968325792,0.769230769230769,0.882352941176471,0.230769230769231,0.117647058823529,6.53846153846154,0.261538461538461
"4303",0.644,12.4231315472481,0.9,0.342881301979533,0.666666666666667,0.878472222222222,0.5,1,0.5,0,Inf,0.5
"4304",0.272,7.51744237531201,0.8,0.424588109257543,0.666666666666667,0.740740740740741,0.666666666666667,0.857142857142857,0.333333333333333,0.142857142857143,4.66666666666667,0.388888888888889
"4305",0.3,7.50874204386363,0.766666666666667,0.365529689192941,0.588235294117647,0.779503105590062,0.714285714285714,0.782608695652174,0.285714285714286,0.217391304347826,3.28571428571429,0.365079365079365
"4306",0.268,7.51544396923642,0.8,0.41924530110408,0.785714285714286,0.875598086124402,1,0.684210526315789,0,0.315789473684211,3.16666666666667,0
"4307",0.284,7.51373785815602,0.8,0.41166388618252,0.7,0.812169312169312,0.777777777777778,0.80952380952381,0.222222222222222,0.19047619047619,4.08333333333333,0.274509803921569
"4308",0.28,7.51346271393664,0.833333333333333,0.395099458147812,0.782608695652174,0.87,0.9,0.8,0.1,0.2,4.5,0.125
"4309",0.2915,7.51204670169493,0.866666666666667,0.380566688679343,0.818181818181818,0.93,0.9,0.85,0.1,0.15,6,0.117647058823529
"4310",0.478,10.5048697171365,0.833333333333333,0.400436972894936,0.705882352941177,0.7975,0.6,0.95,0.4,0.05,12,0.421052631578947
"4311",0.262,7.51433045312143,0.733333333333333,0.429356930127414,0.666666666666667,0.813397129186603,0.727272727272727,0.736842105263158,0.272727272727273,0.263157894736842,2.76363636363636,0.37012987012987
"4312",0.373,8.5061953688125,0.866666666666667,0.345642862320654,0.75,0.937888198757764,0.857142857142857,0.869565217391304,0.142857142857143,0.130434782608696,6.57142857142857,0.164285714285714
"4313",0.5455,10.4970285673644,0.766666666666667,0.442821923316599,0.533333333333333,0.664021164021164,0.444444444444444,0.904761904761905,0.555555555555556,0.0952380952380952,4.66666666666667,0.614035087719298
"4314",0.306,7.50939971337574,0.8,0.38724388314105,0.7,0.84375,0.875,0.772727272727273,0.125,0.227272727272727,3.85,0.161764705882353
"4315",0.2835,7.51290773018795,0.8,0.390640855393705,0.625,0.752840909090909,0.625,0.863636363636364,0.375,0.136363636363636,4.58333333333333,0.434210526315789
"4316",0.24,7.53517549319619,0.833333333333333,0.444489377374808,0.761904761904762,0.835,0.8,0.85,0.2,0.15,5.33333333333333,0.235294117647059
"4317",0.369,8.50472588992346,0.833333333333333,0.362247791833191,0.761904761904762,0.865079365079365,0.888888888888889,0.80952380952381,0.111111111111111,0.19047619047619,4.66666666666667,0.137254901960784
"4318",0.3315,7.51263302503029,0.933333333333333,0.299283316836019,0.833333333333333,0.956,1,0.92,0,0.08,12.5,0
"4319",0.3945,9.5029203453888,0.9,0.367517083683456,0.842105263157895,0.955026455026455,0.888888888888889,0.904761904761905,0.111111111111111,0.0952380952380952,9.33333333333333,0.12280701754386
"4320",0.304,7.52142975402546,0.866666666666667,0.350680044443603,0.833333333333333,0.9125,1,0.8,0,0.2,5,0
"4321",0.308,7.52652517730684,0.833333333333333,0.381219886674618,0.782608695652174,0.87,0.9,0.8,0.1,0.2,4.5,0.125
"4322",0.7275,12.9347175207564,0.9,0.36167173495262,0.727272727272727,0.819875776397515,0.571428571428571,1,0.428571428571429,0,Inf,0.428571428571429
"4323",0.4295,9.50500470099773,0.833333333333333,0.383062922311608,0.705882352941177,0.833333333333333,0.666666666666667,0.904761904761905,0.333333333333333,0.0952380952380952,7,0.368421052631579
"4324",0.3035,7.50889219332864,0.733333333333333,0.385738634468227,0.666666666666667,0.851851851851852,0.888888888888889,0.666666666666667,0.111111111111111,0.333333333333333,2.66666666666667,0.166666666666667
"4325",0.1825,6.52561059976073,0.766666666666667,0.473430749351678,0.774193548387097,0.796875,0.857142857142857,0.6875,0.142857142857143,0.3125,2.74285714285714,0.207792207792208
"4326",0.2665,7.5109315227388,0.833333333333333,0.411280962477135,0.814814814814815,0.935185185185185,0.916666666666667,0.777777777777778,0.0833333333333334,0.222222222222222,4.125,0.107142857142857
"4327",0.318,7.5045769102769,0.766666666666667,0.366089259442809,0.631578947368421,0.841614906832298,0.857142857142857,0.739130434782609,0.142857142857143,0.260869565217391,3.28571428571429,0.19327731092437
"4328",0.3235,7.51049084986783,0.966666666666667,0.318741816371147,0.933333333333333,0.993788819875776,1,0.956521739130435,0,0.0434782608695652,23,0
"4329",0.29,7.51587003365551,0.766666666666667,0.38657611714447,0.72,0.84,0.9,0.7,0.1,0.3,3,0.142857142857143
"4330",0.263,7.52094945882749,0.766666666666667,0.432585665359503,0.740740740740741,0.789351851851852,0.833333333333333,0.722222222222222,0.166666666666667,0.277777777777778,3,0.230769230769231
"4331",0.2945,7.51889526142574,0.766666666666667,0.401274584556605,0.666666666666667,0.798941798941799,0.777777777777778,0.761904761904762,0.222222222222222,0.238095238095238,3.26666666666667,0.291666666666667
"4332",0.363,8.50782539002651,0.866666666666667,0.367797774771175,0.8,0.923280423280423,0.888888888888889,0.857142857142857,0.111111111111111,0.142857142857143,6.22222222222222,0.12962962962963
"4333",0.3205,7.5220214206008,0.766666666666667,0.419585965216847,0.695652173913043,0.8125,1,0.681818181818182,0,0.318181818181818,3.14285714285714,0
"4334",0.4475,8.51012429644584,0.833333333333333,0.402857028848538,0.705882352941177,0.806818181818182,0.75,0.863636363636364,0.25,0.136363636363636,5.5,0.289473684210526
"4335",0.2665,7.50779967476091,0.9,0.410872340417123,0.888888888888889,0.951388888888889,1,0.833333333333333,0,0.166666666666667,6,0
"4336",0.364,8.50413869145347,0.833333333333333,0.384214330426859,0.736842105263158,0.822751322751323,0.777777777777778,0.857142857142857,0.222222222222222,0.142857142857143,5.44444444444444,0.259259259259259
"4337",0.289,7.08985907595531,0.8,0.340687293485078,0.666666666666667,0.902777777777778,1,0.75,0,0.25,4,0
"4338",0.259,6.52046039251092,0.733333333333333,0.393501232160105,0.6,0.807453416149068,0.857142857142857,0.695652173913043,0.142857142857143,0.304347826086957,2.81632653061224,0.205357142857143
"4339",0.272,7.04732902302956,0.766666666666667,0.379242106810383,0.695652173913043,0.873015873015873,0.888888888888889,0.714285714285714,0.111111111111111,0.285714285714286,3.11111111111111,0.155555555555556
"4340",0.207,7.51314834379598,0.866666666666667,0.5010313764106,0.846153846153846,0.919642857142857,0.785714285714286,0.9375,0.214285714285714,0.0625,12.5714285714286,0.228571428571429
"4341",0.35,7.66368036213292,0.766666666666667,0.383749058213013,0.666666666666667,0.854037267080745,1,0.695652173913043,0,0.304347826086957,3.28571428571429,0
"4342",0.1505,6.54824133716227,0.733333333333333,0.47922339464244,0.714285714285714,0.744019138755981,0.909090909090909,0.631578947368421,0.0909090909090909,0.368421052631579,2.46753246753247,0.143939393939394
"4343",0.2885,7.52350404647441,0.833333333333333,0.384177459286253,0.761904761904762,0.822751322751323,0.888888888888889,0.80952380952381,0.111111111111111,0.19047619047619,4.66666666666667,0.137254901960784
"4344",0.2965,7.51184982364444,0.933333333333333,0.367905400685959,0.909090909090909,0.975,1,0.9,0,0.1,10,0
"4345",0.343,8.51322112838348,0.8,0.390257566064421,0.727272727272727,0.835,0.8,0.8,0.2,0.2,4,0.25
"4346",0.488,10.5041572305928,0.9,0.350223367639312,0.727272727272727,0.922360248447205,0.571428571428571,1,0.428571428571429,0,Inf,0.428571428571429
"4347",0.431,9.50538488235296,0.9,0.335934377400062,0.769230769230769,0.894409937888199,0.714285714285714,0.956521739130435,0.285714285714286,0.0434782608695652,16.4285714285714,0.298701298701299
"4348",0.2415,7.52243809485113,0.766666666666667,0.458422025076029,0.758620689655172,0.807692307692308,0.846153846153846,0.705882352941177,0.153846153846154,0.294117647058823,2.87692307692308,0.217948717948718
"4349",0.3015,7.52563215021427,0.766666666666667,0.393895325387404,0.72,0.82,0.9,0.7,0.1,0.3,3,0.142857142857143
"4350",0.285,7.07252508249166,0.733333333333333,0.39174409049875,0.555555555555556,0.74223602484472,0.714285714285714,0.739130434782609,0.285714285714286,0.260869565217391,2.73809523809524,0.38655462184874
"4351",0.3555,7.51925280483582,0.766666666666667,0.379938239845838,0.363636363636364,0.697530864197531,0.666666666666667,0.777777777777778,0.333333333333333,0.222222222222222,3,0.428571428571429
"4352",0.1835,6.54578518743315,0.766666666666667,0.414348514096037,0.740740740740741,0.827751196172249,0.909090909090909,0.684210526315789,0.0909090909090909,0.315789473684211,2.87878787878788,0.132867132867133
"4353",0.237,7.08000077745857,0.733333333333333,0.439816852926572,0.666666666666667,0.751196172248804,0.727272727272727,0.736842105263158,0.272727272727273,0.263157894736842,2.76363636363636,0.37012987012987
"4354",0.236,7.53129255202128,0.866666666666667,0.430532905519687,0.8,0.8725,0.8,0.9,0.2,0.1,8,0.222222222222222
"4355",0.686,10.4791794474598,0.866666666666667,0.360101909328934,0.75,0.903409090909091,0.75,0.909090909090909,0.25,0.0909090909090909,8.25,0.275
"4356",0.442,9.50110930082172,0.833333333333333,0.387150227667057,0.666666666666667,0.792613636363636,0.625,0.909090909090909,0.375,0.0909090909090909,6.875,0.4125
"4357",0.2195,6.5234195769618,0.633333333333333,0.440116686499927,0.476190476190476,0.664772727272727,0.625,0.636363636363636,0.375,0.363636363636364,1.71875,0.589285714285714
"4358",0.339,8.50545873636443,0.866666666666667,0.388941573247393,0.777777777777778,0.8025,0.7,0.95,0.3,0.05,14,0.315789473684211
"4359",0.223,7.08129743655779,0.8,0.443489146663226,0.75,0.799043062200957,0.818181818181818,0.789473684210526,0.181818181818182,0.210526315789474,3.88636363636364,0.23030303030303
"4360",0.3115,7.50973568894363,0.9,0.350016675658329,0.842105263157895,0.946022727272727,1,0.863636363636364,0,0.136363636363636,7.33333333333333,0
"4361",0.2955,7.51184105978855,0.8,0.382749052343166,0.625,0.732954545454546,0.625,0.863636363636364,0.375,0.136363636363636,4.58333333333333,0.434210526315789
"4362",0.24,6.51016960018443,0.866666666666667,0.384147128579687,0.833333333333333,0.9425,1,0.8,0,0.2,5,0
"4363",0.2915,7.52462546707466,0.9,0.368542139381418,0.857142857142857,0.899470899470899,1,0.857142857142857,0,0.142857142857143,7,0
"4364",0.267,7.11119708983485,0.833333333333333,0.375029315778015,0.782608695652174,0.85978835978836,1,0.761904761904762,0,0.238095238095238,4.2,0
"4365",0.3235,7.51868912629533,0.8,0.363339638389218,0.666666666666667,0.871527777777778,1,0.75,0,0.25,4,0
"4366",0.3035,7.52110091815939,0.866666666666667,0.380769564030135,0.818181818181818,0.875661375661376,1,0.80952380952381,0,0.19047619047619,5.25,0
"4367",0.2935,7.51871395527399,0.766666666666667,0.388025888679883,0.631578947368421,0.822751322751323,0.666666666666667,0.80952380952381,0.333333333333333,0.19047619047619,3.5,0.411764705882353
"4368",0.289,7.50408762566294,0.866666666666667,0.369419793937855,0.8,0.91,0.8,0.9,0.2,0.1,8,0.222222222222222
"4369",0.3,7.51443073491124,0.833333333333333,0.36969198596532,0.761904761904762,0.867724867724868,0.888888888888889,0.80952380952381,0.111111111111111,0.19047619047619,4.66666666666667,0.137254901960784
"4370",0.2545,7.06401449324399,0.8,0.409353304172677,0.666666666666667,0.78042328042328,0.666666666666667,0.857142857142857,0.333333333333333,0.142857142857143,4.66666666666667,0.388888888888889
"4371",0.4295,9.50386636644466,0.833333333333333,0.369921723407008,0.666666666666667,0.809659090909091,0.625,0.909090909090909,0.375,0.0909090909090909,6.875,0.4125
"4372",0.2465,7.52556720037359,0.833333333333333,0.436279713639117,0.827586206896552,0.830316742081448,0.923076923076923,0.764705882352941,0.0769230769230769,0.235294117647059,3.92307692307692,0.100591715976331
"4373",0.3015,7.52442812134073,0.8,0.38973641729815,0.727272727272727,0.862433862433862,0.888888888888889,0.761904761904762,0.111111111111111,0.238095238095238,3.73333333333333,0.145833333333333
"4374",0.713,12.9415191231924,0.866666666666667,0.378631494761781,0.666666666666667,0.838068181818182,0.5,1,0.5,0,Inf,0.5
"4375",0.2815,7.50999814689388,0.866666666666667,0.403651807456339,0.833333333333333,0.89,1,0.8,0,0.2,5,0
"4376",0.5115,9.49705093875656,0.833333333333333,0.383570695108548,0.545454545454545,0.784,0.6,0.88,0.4,0.12,5,0.454545454545455
"4377",0.295,7.52201792971905,0.8,0.388765924784046,0.666666666666667,0.822981366459627,0.857142857142857,0.782608695652174,0.142857142857143,0.217391304347826,3.94285714285714,0.182539682539683
"4378",0.349,7.50898087615435,0.733333333333333,0.359697038267043,0.428571428571429,0.764423076923077,0.75,0.730769230769231,0.25,0.269230769230769,2.78571428571429,0.342105263157895
"4379",0.2395,7.52708085500272,0.833333333333333,0.445938268013446,0.761904761904762,0.811004784688995,0.727272727272727,0.894736842105263,0.272727272727273,0.105263157894737,6.90909090909091,0.304812834224599
"4380",0.222,6.51956464750357,0.7,0.414041663974661,0.64,0.7975,0.8,0.65,0.2,0.35,2.28571428571429,0.307692307692308
"4381",0.3295,7.52180412609731,0.733333333333333,0.412691170781166,0.6,0.779503105590062,0.857142857142857,0.695652173913043,0.142857142857143,0.304347826086957,2.81632653061224,0.205357142857143
"4382",0.431,9.49866916727604,0.933333333333333,0.333915869321554,0.875,0.909090909090909,0.875,0.954545454545455,0.125,0.0454545454545454,19.25,0.130952380952381
"4383",0.337,8.51146443779762,0.866666666666667,0.380078079896624,0.8,0.8975,0.8,0.9,0.2,0.1,8,0.222222222222222
"4384",0.259,7.51461731151984,0.8,0.422766443423169,0.727272727272727,0.808612440191388,0.727272727272727,0.842105263157895,0.272727272727273,0.157894736842105,4.6060606060606,0.323863636363636
"4385",0.4855,9.20686907182014,0.8,0.418483800455146,0.666666666666667,0.8,0.6,0.9,0.4,0.1,6,0.444444444444444
"4386",0.272,7.5088689149774,0.866666666666667,0.407759137039645,0.833333333333333,0.875598086124402,0.909090909090909,0.842105263157895,0.0909090909090909,0.157894736842105,5.75757575757576,0.107954545454545
"4387",0.3245,7.52303124265661,0.766666666666667,0.420056464617205,0.695652173913043,0.818181818181818,1,0.681818181818182,0,0.318181818181818,3.14285714285714,0
"4388",0.274,7.51964489921793,0.766666666666667,0.412587407421845,0.695652173913043,0.8275,0.8,0.75,0.2,0.25,3.2,0.266666666666667
"4389",0.317,8.51041996544173,0.9,0.393275624121593,0.857142857142857,0.947368421052632,0.818181818181818,0.947368421052632,0.181818181818182,0.0526315789473685,15.5454545454545,0.191919191919192
"4390",0.2755,7.5165283491111,0.766666666666667,0.408986105139557,0.72,0.796650717703349,0.818181818181818,0.736842105263158,0.181818181818182,0.263157894736842,3.10909090909091,0.246753246753247
"4391",0.5285,9.49733783001341,0.866666666666667,0.363135333889708,0.714285714285714,0.850931677018634,0.714285714285714,0.91304347826087,0.285714285714286,0.0869565217391305,8.21428571428571,0.312925170068027
"4392",0.3895,9.49964321347552,0.866666666666667,0.392901457382847,0.777777777777778,0.8425,0.7,0.95,0.3,0.05,14,0.315789473684211
"4393",0.231,7.54108475605905,0.733333333333333,0.492725640078227,0.666666666666667,0.722488038277512,0.727272727272727,0.736842105263158,0.272727272727273,0.263157894736842,2.76363636363636,0.37012987012987
"4394",0.279,7.05312491187175,0.8,0.381230343193424,0.75,0.894179894179894,1,0.714285714285714,0,0.285714285714286,3.5,0
"4395",0.2295,7.06443862464789,0.8,0.435088638605035,0.769230769230769,0.810185185185185,0.833333333333333,0.777777777777778,0.166666666666667,0.222222222222222,3.75,0.214285714285714
"4396",0.3145,8.51272425751422,0.9,0.401648821990802,0.857142857142857,0.892344497607656,0.818181818181818,0.947368421052632,0.181818181818182,0.0526315789473685,15.5454545454545,0.191919191919192
"4397",0.459,9.49941469128699,0.9,0.329728002507003,0.8,0.950310559006211,0.857142857142857,0.91304347826087,0.142857142857143,0.0869565217391305,9.85714285714285,0.156462585034014
"4398",0.297,7.51223077729598,0.7,0.409543233257325,0.64,0.7575,0.8,0.65,0.2,0.35,2.28571428571429,0.307692307692308
"4399",0.2435,7.52178253816448,0.866666666666667,0.440189971394723,0.833333333333333,0.849537037037037,0.833333333333333,0.888888888888889,0.166666666666667,0.111111111111111,7.5,0.1875
"4400",0.431,9.50276816042259,0.833333333333333,0.376066920802798,0.736842105263158,0.80952380952381,0.777777777777778,0.857142857142857,0.222222222222222,0.142857142857143,5.44444444444444,0.259259259259259
"4401",0.2855,7.51977105760797,0.8,0.409331794208118,0.727272727272727,0.795,0.8,0.8,0.2,0.2,4,0.25
"4402",0.314,7.51676498446745,0.766666666666667,0.392718561039957,0.695652173913043,0.855113636363636,1,0.681818181818182,0,0.318181818181818,3.14285714285714,0
"4403",0.262,7.53179249786669,0.733333333333333,0.451695961306457,0.636363636363636,0.753968253968254,0.777777777777778,0.714285714285714,0.222222222222222,0.285714285714286,2.72222222222222,0.311111111111111
"4404",0.2855,7.52365385480141,0.7,0.430207685664967,0.64,0.79,0.8,0.65,0.2,0.35,2.28571428571429,0.307692307692308
"4405",0.3565,8.51067996182022,0.866666666666667,0.365505322418652,0.714285714285714,0.838068181818182,0.625,0.954545454545455,0.375,0.0454545454545454,13.75,0.392857142857143
"4406",0.2835,7.51600255157803,0.8,0.402766392290338,0.75,0.8375,0.9,0.75,0.1,0.25,3.6,0.133333333333333
"4407",0.222,6.52886429169388,0.766666666666667,0.417809133729585,0.695652173913043,0.80952380952381,0.888888888888889,0.714285714285714,0.111111111111111,0.285714285714286,3.11111111111111,0.155555555555556
"4408",0.221,6.53612643862424,0.7,0.41351042268241,0.526315789473684,0.798611111111111,0.833333333333333,0.666666666666667,0.166666666666667,0.333333333333333,2.5,0.25
"4409",0.433,9.01533584702985,0.933333333333333,0.31498734388228,0.833333333333333,0.956,1,0.92,0,0.08,12.5,0
"4410",0.271,7.51678950793849,0.766666666666667,0.40807321973175,0.72,0.844497607655502,0.818181818181818,0.736842105263158,0.181818181818182,0.263157894736842,3.10909090909091,0.246753246753247
"4411",0.2405,7.13183581165677,0.766666666666667,0.3959801862593,0.631578947368421,0.823863636363636,0.75,0.772727272727273,0.25,0.227272727272727,3.3,0.323529411764706
"4412",0.3895,8.50881110406994,0.8,0.384758389141,0.666666666666667,0.767045454545455,0.75,0.818181818181818,0.25,0.181818181818182,4.125,0.305555555555556
"4413",0.239,7.51802875887023,0.866666666666667,0.448452893587301,0.833333333333333,0.844907407407407,0.833333333333333,0.888888888888889,0.166666666666667,0.111111111111111,7.5,0.1875
"4414",0.1625,5.51896396233451,0.633333333333333,0.447272672765677,0.666666666666667,0.743055555555556,0.916666666666667,0.444444444444444,0.0833333333333334,0.555555555555556,1.65,0.1875
"4415",0.3795,8.51384419925032,0.866666666666667,0.368332917652324,0.8,0.91,0.8,0.9,0.2,0.1,8,0.222222222222222
"4416",0.221,6.51551217782678,0.866666666666667,0.411341642358097,0.846153846153846,0.877314814814815,0.916666666666667,0.833333333333333,0.0833333333333334,0.166666666666667,5.5,0.1
"4417",0.2665,7.51610661951575,0.9,0.412883233686441,0.88,0.909722222222222,0.916666666666667,0.888888888888889,0.0833333333333334,0.111111111111111,8.25,0.09375
"4418",0.279,6.51111156639186,0.833333333333333,0.3367176129857,0.705882352941177,0.916666666666667,1,0.791666666666667,0,0.208333333333333,4.8,0
"4419",0.2635,7.53140822421189,0.733333333333333,0.465389169953352,0.692307692307692,0.72488038277512,0.818181818181818,0.684210526315789,0.181818181818182,0.315789473684211,2.59090909090909,0.265734265734266
"4420",0.3355,8.51161428212512,0.9,0.372161672291553,0.857142857142857,0.875,0.9,0.9,0.1,0.1,9,0.111111111111111
"4421",0.2845,7.51036246959814,0.766666666666667,0.400053388438845,0.666666666666667,0.783068783068783,0.777777777777778,0.761904761904762,0.222222222222222,0.238095238095238,3.26666666666667,0.291666666666667
"4422",0.2665,7.53560438072551,0.733333333333333,0.459876272322892,0.555555555555556,0.681818181818182,0.625,0.772727272727273,0.375,0.227272727272727,2.75,0.485294117647059
"4423",0.4165,9.50834018501862,0.966666666666667,0.33872705470456,0.923076923076923,0.984472049689441,0.857142857142857,1,0.142857142857143,0,Inf,0.142857142857143
"4424",0.2605,7.51508909314785,0.8,0.422869514453487,0.769230769230769,0.826388888888889,0.833333333333333,0.777777777777778,0.166666666666667,0.222222222222222,3.75,0.214285714285714
"4425",0.2755,6.51569076165807,0.733333333333333,0.374672581926198,0.6,0.84375,1,0.666666666666667,0,0.333333333333333,3,0
"4426",0.2945,7.52350955715016,0.833333333333333,0.382956014540857,0.736842105263158,0.829545454545455,0.875,0.818181818181818,0.125,0.181818181818182,4.8125,0.152777777777778
"4427",0.464,9.07876210869119,0.866666666666667,0.359778429187763,0.75,0.896825396825397,0.666666666666667,0.952380952380952,0.333333333333333,0.0476190476190477,14,0.35
"4428",0.2785,7.52504277043592,0.8,0.406695720016754,0.727272727272727,0.825,0.8,0.8,0.2,0.2,4,0.25
"4429",0.2745,7.52225313132238,0.666666666666667,0.465778893563241,0.615384615384615,0.677033492822966,0.727272727272727,0.631578947368421,0.272727272727273,0.368421052631579,1.97402597402597,0.431818181818182
"4430",0.51,10.4979202016776,0.966666666666667,0.313372325983949,0.888888888888889,0.988,0.8,1,0.2,0,Inf,0.2
"4431",0.427,9.50308679078219,0.866666666666667,0.358481557956582,0.75,0.872159090909091,0.75,0.909090909090909,0.25,0.0909090909090909,8.25,0.275
"4432",0.2525,7.5393363026438,0.766666666666667,0.467342551059749,0.758620689655172,0.773755656108597,0.846153846153846,0.705882352941177,0.153846153846154,0.294117647058823,2.87692307692308,0.217948717948718
"4433",0.2865,7.51658167743981,0.9,0.380040091139196,0.869565217391304,0.9525,1,0.85,0,0.15,6.66666666666667,0
"4434",0.2305,7.53932099884694,0.833333333333333,0.432124203121863,0.736842105263158,0.8025,0.7,0.9,0.3,0.1,7,0.333333333333333
"4435",0.2875,7.52496185900753,0.866666666666667,0.377998632393293,0.833333333333333,0.875598086124402,0.909090909090909,0.842105263157895,0.0909090909090909,0.157894736842105,5.75757575757576,0.107954545454545
"4436",0.436,9.50556304102415,0.833333333333333,0.367149527021581,0.666666666666667,0.786931818181818,0.625,0.909090909090909,0.375,0.0909090909090909,6.875,0.4125
"4437",0.3025,7.50894054369278,0.833333333333333,0.370120331517287,0.761904761904762,0.894886363636364,1,0.772727272727273,0,0.227272727272727,4.4,0
"4438",0.2885,7.51472061231954,0.733333333333333,0.403366628150189,0.636363636363636,0.751322751322751,0.777777777777778,0.714285714285714,0.222222222222222,0.285714285714286,2.72222222222222,0.311111111111111
"4439",0.268,7.53800133430724,0.7,0.474109434469484,0.571428571428571,0.693121693121693,0.666666666666667,0.714285714285714,0.333333333333333,0.285714285714286,2.33333333333333,0.466666666666667
"4440",0.2995,7.52055293997112,0.866666666666667,0.367879662400759,0.777777777777778,0.880681818181818,0.875,0.863636363636364,0.125,0.136363636363636,6.41666666666667,0.144736842105263
"4441",0.6405,12.0775110329848,0.833333333333333,0.39173579521245,0.615384615384615,0.798941798941799,0.444444444444444,1,0.555555555555556,0,Inf,0.555555555555556
"4442",0.5215,10.4997067378575,0.933333333333333,0.335672647050738,0.8,0.763888888888889,0.666666666666667,1,0.333333333333333,0,Inf,0.333333333333333
"4443",0.571,9.49087393511768,0.9,0.358728615041396,0.8,0.866459627329192,0.857142857142857,0.91304347826087,0.142857142857143,0.0869565217391305,9.85714285714285,0.156462585034014
"4444",0.267,7.52016716860089,0.7,0.453408837449076,0.571428571428571,0.669312169312169,0.666666666666667,0.714285714285714,0.333333333333333,0.285714285714286,2.33333333333333,0.466666666666667
"4445",0.492,9.4967275345327,0.866666666666667,0.367391398883855,0.666666666666667,0.881944444444444,0.666666666666667,0.916666666666667,0.333333333333333,0.0833333333333334,8,0.363636363636364
"4446",0.195,7.16054952675628,0.766666666666667,0.466797129836532,0.72,0.791866028708134,0.818181818181818,0.736842105263158,0.181818181818182,0.263157894736842,3.10909090909091,0.246753246753247
"4447",0.2025,6.53845437611042,0.733333333333333,0.434023276940839,0.692307692307692,0.791005291005291,1,0.619047619047619,0,0.380952380952381,2.625,0
"4448",0.2935,7.51129747110749,0.7,0.424974737111224,0.608695652173913,0.727513227513227,0.777777777777778,0.666666666666667,0.222222222222222,0.333333333333333,2.33333333333333,0.333333333333333
"4449",0.409,9.50746266900017,0.8,0.407883365673132,0.625,0.755,0.5,0.95,0.5,0.05,9.99999999999999,0.526315789473684
"4450",0.286,7.51351159501052,0.8,0.405384601056269,0.727272727272727,0.849206349206349,0.888888888888889,0.761904761904762,0.111111111111111,0.238095238095238,3.73333333333333,0.145833333333333
"4451",0.1485,6.54811544251367,0.766666666666667,0.446842198132756,0.758620689655172,0.80316742081448,0.846153846153846,0.705882352941177,0.153846153846154,0.294117647058823,2.87692307692308,0.217948717948718
"4452",0.3005,7.51561782327582,0.8,0.382843422951962,0.727272727272727,0.846560846560847,0.888888888888889,0.761904761904762,0.111111111111111,0.238095238095238,3.73333333333333,0.145833333333333
"4453",0.3145,7.52464880019898,0.733333333333333,0.424164286350087,0.666666666666667,0.812169312169312,0.888888888888889,0.666666666666667,0.111111111111111,0.333333333333333,2.66666666666667,0.166666666666667
"4454",0.29,7.51491816968429,0.766666666666667,0.391923450407192,0.72,0.835,0.9,0.7,0.1,0.3,3,0.142857142857143
"4455",0.178,6.54284106791204,0.733333333333333,0.450000371224887,0.714285714285714,0.789473684210526,0.909090909090909,0.631578947368421,0.0909090909090909,0.368421052631579,2.46753246753247,0.143939393939394
"4456",0.411,9.50505881016964,0.866666666666667,0.37071219831056,0.75,0.854497354497354,0.666666666666667,0.952380952380952,0.333333333333333,0.0476190476190477,14,0.35
"4457",0.425,9.58735494615865,0.833333333333333,0.378121182389932,0.666666666666667,0.817460317460317,0.555555555555556,0.952380952380952,0.444444444444444,0.0476190476190477,11.6666666666667,0.466666666666667
"4458",0.4665,10.0017469386649,0.9,0.333861555640965,0.727272727272727,0.920138888888889,0.666666666666667,0.958333333333333,0.333333333333333,0.0416666666666666,16,0.347826086956522
"4459",0.2765,7.51662682723282,0.8,0.427916075392965,0.7,0.775132275132275,0.777777777777778,0.80952380952381,0.222222222222222,0.19047619047619,4.08333333333333,0.274509803921569
"4460",0.21,6.52263043777695,0.866666666666667,0.440102806294017,0.857142857142857,0.918552036199095,0.923076923076923,0.823529411764706,0.0769230769230769,0.176470588235294,5.23076923076923,0.0934065934065934
"4461",0.3015,7.52802149067951,0.733333333333333,0.438393182611404,0.6,0.726708074534162,0.857142857142857,0.695652173913043,0.142857142857143,0.304347826086957,2.81632653061224,0.205357142857143
"4462",0.2705,7.53851314768492,0.666666666666667,0.474467680974369,0.545454545454545,0.671957671957672,0.666666666666667,0.666666666666667,0.333333333333333,0.333333333333333,2,0.5
"4463",0.297,7.51607610632362,0.9,0.364061989316944,0.869565217391304,0.9475,1,0.85,0,0.15,6.66666666666667,0
"4464",0.1935,6.54307067338764,0.766666666666667,0.408865172137314,0.695652173913043,0.822751322751323,0.888888888888889,0.714285714285714,0.111111111111111,0.285714285714286,3.11111111111111,0.155555555555556
"4465",0.268,7.5372929324817,0.7,0.464426461249872,0.64,0.7325,0.8,0.65,0.2,0.35,2.28571428571429,0.307692307692308
"4466",0.4375,9.50057547482169,0.933333333333333,0.31935307536276,0.857142857142857,0.972222222222222,1,0.916666666666667,0,0.0833333333333334,12,0
"4467",0.2255,6.51998650578876,0.8,0.40269761354094,0.7,0.854497354497354,0.777777777777778,0.80952380952381,0.222222222222222,0.19047619047619,4.08333333333333,0.274509803921569
"4468",0.335,7.51280485917588,0.833333333333333,0.357433939330998,0.615384615384615,0.808,0.8,0.84,0.2,0.16,5,0.238095238095238
"4469",0.2925,7.53027610384188,0.766666666666667,0.421217081029241,0.631578947368421,0.772727272727273,0.75,0.772727272727273,0.25,0.227272727272727,3.3,0.323529411764706
"4470",0.256,7.53069359734342,0.933333333333333,0.39871324015716,0.888888888888889,0.894179894179894,0.888888888888889,0.952380952380952,0.111111111111111,0.0476190476190477,18.6666666666666,0.116666666666667
"4471",0.269,7.5126332093394,0.8,0.428740548813764,0.769230769230769,0.813397129186603,0.909090909090909,0.736842105263158,0.0909090909090909,0.263157894736842,3.45454545454545,0.123376623376623
"4472",0.31,7.5100136449013,0.833333333333333,0.367156814612879,0.761904761904762,0.948863636363636,1,0.772727272727273,0,0.227272727272727,4.4,0
"4473",0.437,9.06585141284591,0.833333333333333,0.363292569669717,0.666666666666667,0.906832298136646,0.714285714285714,0.869565217391304,0.285714285714286,0.130434782608696,5.47619047619048,0.328571428571429
"4474",0.1755,5.52795102924368,0.8,0.408070373397774,0.75,0.845,0.9,0.75,0.1,0.25,3.6,0.133333333333333
"4475",0.328,7.51280028617432,0.833333333333333,0.357666426365409,0.666666666666667,0.871527777777778,0.833333333333333,0.833333333333333,0.166666666666667,0.166666666666667,5,0.2
"4476",0.379,8.50004672818873,0.833333333333333,0.360720323667641,0.736842105263158,0.911931818181818,0.875,0.818181818181818,0.125,0.181818181818182,4.8125,0.152777777777778
"4477",0.2875,7.52392169004702,0.733333333333333,0.416078737273362,0.6,0.724867724867725,0.666666666666667,0.761904761904762,0.333333333333333,0.238095238095238,2.8,0.4375
"4478",0.3845,9.0311632025705,0.8,0.402993230594573,0.666666666666667,0.78,0.6,0.9,0.4,0.1,6,0.444444444444444
"4479",0.117,4.53232836365558,0.566666666666667,0.451404281713851,0.648648648648649,0.752314814814815,1,0.277777777777778,0,0.722222222222222,1.38461538461538,0
"4480",0.2575,7.5122056046639,0.866666666666667,0.408081101189571,0.777777777777778,0.88,0.7,0.95,0.3,0.05,14,0.315789473684211
"4481",0.21,6.52300205499852,0.766666666666667,0.417818411973246,0.695652173913043,0.818181818181818,0.727272727272727,0.789473684210526,0.272727272727273,0.210526315789474,3.45454545454546,0.345454545454545
"4482",0.178,6.54274820400631,0.766666666666667,0.409408771204134,0.631578947368421,0.78125,0.75,0.772727272727273,0.25,0.227272727272727,3.3,0.323529411764706
"4483",0.241,7.51332659951582,0.8,0.44351612431931,0.75,0.824074074074074,0.75,0.833333333333333,0.25,0.166666666666667,4.5,0.3
"4484",0.1755,6.55140478226681,0.666666666666667,0.445897071225564,0.583333333333333,0.738095238095238,0.777777777777778,0.619047619047619,0.222222222222222,0.380952380952381,2.04166666666667,0.358974358974359
"4485",0.2845,7.51419877130719,0.833333333333333,0.387012324439316,0.761904761904762,0.902116402116402,0.888888888888889,0.80952380952381,0.111111111111111,0.19047619047619,4.66666666666667,0.137254901960784
"4486",0.297,7.52905827514307,0.7,0.465578962982465,0.64,0.71957671957672,0.888888888888889,0.619047619047619,0.111111111111111,0.380952380952381,2.33333333333333,0.17948717948718
"4487",0.25,7.12812987893362,0.766666666666667,0.409608883997583,0.695652173913043,0.801587301587302,0.888888888888889,0.714285714285714,0.111111111111111,0.285714285714286,3.11111111111111,0.155555555555556
"4488",0.1295,6.55961026429123,0.7,0.501180772208207,0.689655172413793,0.715277777777778,0.833333333333333,0.611111111111111,0.166666666666667,0.388888888888889,2.14285714285714,0.272727272727273
"4489",0.1935,7.16345233693637,0.766666666666667,0.472768778273928,0.758620689655172,0.748868778280543,0.846153846153846,0.705882352941177,0.153846153846154,0.294117647058823,2.87692307692308,0.217948717948718
"4490",0.3155,7.51611807876081,0.766666666666667,0.379857152294013,0.72,0.85978835978836,1,0.666666666666667,0,0.333333333333333,3,0
"4491",0.2945,7.5149446520044,0.733333333333333,0.393428124823506,0.692307692307692,0.835,0.9,0.65,0.1,0.35,2.57142857142857,0.153846153846154
"4492",0.2645,7.51559342901766,0.833333333333333,0.419307150211194,0.736842105263158,0.798941798941799,0.777777777777778,0.857142857142857,0.222222222222222,0.142857142857143,5.44444444444444,0.259259259259259
"4493",0.227,6.51715239941167,0.8,0.410260442620608,0.785714285714286,0.912037037037037,0.916666666666667,0.722222222222222,0.0833333333333334,0.277777777777778,3.3,0.115384615384615
"4494",0.1725,6.54863621468822,0.733333333333333,0.444000044552316,0.6,0.744318181818182,0.75,0.727272727272727,0.25,0.272727272727273,2.75,0.34375
"4495",0.3735,9.03841006042249,0.766666666666667,0.421614637176965,0.631578947368421,0.7375,0.6,0.85,0.4,0.15,4,0.470588235294118
"4496",0.318,7.51556824508693,0.766666666666667,0.373602241659254,0.588235294117647,0.779503105590062,0.714285714285714,0.782608695652174,0.285714285714286,0.217391304347826,3.28571428571429,0.365079365079365
"4497",0.4875,9.49731172438363,0.9,0.344478638843923,0.666666666666667,0.860576923076923,0.75,0.923076923076923,0.25,0.0769230769230769,9.75000000000001,0.270833333333333
"4498",0.9255,12.4323490257561,0.866666666666667,0.423392310286911,0.666666666666667,0.788819875776398,0.571428571428571,0.956521739130435,0.428571428571429,0.0434782608695652,13.1428571428572,0.448051948051948
"4499",0.2915,7.51111908619714,0.8,0.376243701930415,0.727272727272727,0.873015873015873,0.888888888888889,0.761904761904762,0.111111111111111,0.238095238095238,3.73333333333333,0.145833333333333
"4500",0.317,7.5072533818192,0.866666666666667,0.337389440050978,0.75,0.894409937888199,0.857142857142857,0.869565217391304,0.142857142857143,0.130434782608696,6.57142857142857,0.164285714285714
"4501",0.194,6.55001406109575,0.666666666666667,0.463328487406792,0.615384615384615,0.724867724867725,0.888888888888889,0.571428571428571,0.111111111111111,0.428571428571429,2.07407407407407,0.194444444444445
"4502",0.37,8.51007109280489,0.9,0.338371950639839,0.842105263157895,0.957386363636364,1,0.863636363636364,0,0.136363636363636,7.33333333333333,0
"4503",0.2045,6.53002448417458,0.733333333333333,0.437673254277893,0.666666666666667,0.758373205741627,0.727272727272727,0.736842105263158,0.272727272727273,0.263157894736842,2.76363636363636,0.37012987012987
"4504",0.3935,8.50266013169246,0.8,0.375474591462381,0.625,0.860248447204969,0.714285714285714,0.826086956521739,0.285714285714286,0.173913043478261,4.10714285714286,0.345864661654135
"4505",0.4125,8.50933120411846,0.833333333333333,0.376132416194256,0.705882352941177,0.84375,0.75,0.863636363636364,0.25,0.136363636363636,5.5,0.289473684210526
"4506",0.405,9.50498849790111,0.933333333333333,0.332379209834877,0.857142857142857,0.951704545454545,0.75,1,0.25,0,Inf,0.25
"4507",0.2655,7.07538622430111,0.733333333333333,0.425599347597284,0.666666666666667,0.7675,0.8,0.7,0.2,0.3,2.66666666666667,0.285714285714286
"4508",0.305,7.51648961342004,0.766666666666667,0.379160999455405,0.695652173913043,0.865079365079365,0.888888888888889,0.714285714285714,0.111111111111111,0.285714285714286,3.11111111111111,0.155555555555556
"4509",0.2365,6.52196393903732,0.7,0.399648190628683,0.64,0.785714285714286,0.888888888888889,0.619047619047619,0.111111111111111,0.380952380952381,2.33333333333333,0.17948717948718
"4510",0.262,7.51517542506378,0.8,0.426678673508647,0.75,0.834928229665072,0.818181818181818,0.789473684210526,0.181818181818182,0.210526315789474,3.88636363636364,0.23030303030303
"4511",0.2835,7.5134052194047,0.833333333333333,0.38968477915795,0.761904761904762,0.843915343915344,0.888888888888889,0.80952380952381,0.111111111111111,0.19047619047619,4.66666666666667,0.137254901960784
"4512",0.2915,7.51933248921313,0.9,0.371713710075229,0.842105263157895,0.94973544973545,0.888888888888889,0.904761904761905,0.111111111111111,0.0952380952380952,9.33333333333333,0.12280701754386
"4513",0.2825,7.91018743863389,0.7,0.436609791846082,0.666666666666667,0.768518518518518,0.75,0.666666666666667,0.25,0.333333333333333,2.25,0.375
"4514",0.1835,6.53714154856651,0.8,0.418302173776791,0.8125,0.855203619909502,1,0.647058823529412,0,0.352941176470588,2.83333333333333,0
"4515",0.273,7.51117894012545,0.8,0.419820963858843,0.769230769230769,0.813397129186603,0.909090909090909,0.736842105263158,0.0909090909090909,0.263157894736842,3.45454545454545,0.123376623376623
"4516",0.2635,7.50851163103143,0.866666666666667,0.424235020995165,0.857142857142857,0.909722222222222,1,0.777777777777778,0,0.222222222222222,4.5,0
"4517",0.343,7.52294207951097,0.7,0.421760280082795,0.526315789473684,0.795138888888889,0.833333333333333,0.666666666666667,0.166666666666667,0.333333333333333,2.5,0.25
"4518",0.58,9.48825325955464,0.866666666666667,0.368734597563459,0.714285714285714,0.878472222222222,0.833333333333333,0.875,0.166666666666667,0.125,6.66666666666667,0.19047619047619
"4519",0.24,7.53809283002824,0.8,0.436201674372048,0.727272727272727,0.767942583732057,0.727272727272727,0.842105263157895,0.272727272727273,0.157894736842105,4.6060606060606,0.323863636363636
"4520",0.4025,9.02450916901543,0.866666666666667,0.365180881780682,0.666666666666667,0.863354037267081,0.571428571428571,0.956521739130435,0.428571428571429,0.0434782608695652,13.1428571428572,0.448051948051948
"4521",0.285,7.51351837969706,0.833333333333333,0.388876959567315,0.705882352941177,0.892045454545455,0.75,0.863636363636364,0.25,0.136363636363636,5.5,0.289473684210526
"4522",0.211,6.50973271315156,0.933333333333333,0.431105541949476,0.916666666666667,0.958333333333333,0.916666666666667,0.944444444444444,0.0833333333333334,0.0555555555555556,16.5,0.0882352941176471
"4523",0.389,8.50855743375903,0.8,0.357354326322912,0.625,0.84472049689441,0.714285714285714,0.826086956521739,0.285714285714286,0.173913043478261,4.10714285714286,0.345864661654135
"4524",0.3025,7.51728355045651,0.9,0.355106287633537,0.842105263157895,0.955026455026455,0.888888888888889,0.904761904761905,0.111111111111111,0.0952380952380952,9.33333333333333,0.12280701754386
"4525",0.3475,8.50985055230327,0.9,0.370285116404051,0.842105263157895,0.941798941798942,0.888888888888889,0.904761904761905,0.111111111111111,0.0952380952380952,9.33333333333333,0.12280701754386
"4526",0.319,7.50980404159851,0.833333333333333,0.387145110476254,0.705882352941177,0.866459627329193,0.857142857142857,0.826086956521739,0.142857142857143,0.173913043478261,4.92857142857143,0.172932330827068
"4527",0.24,7.53772400261856,0.8,0.469456124333268,0.8,0.776785714285714,0.857142857142857,0.75,0.142857142857143,0.25,3.42857142857143,0.190476190476191
"4528",0.308,7.52586476122053,0.8,0.412201997084991,0.5,0.656,0.6,0.84,0.4,0.16,3.75,0.476190476190476
"4529",0.552,10.4930828567152,0.833333333333333,0.392978890865481,0.545454545454545,0.695652173913043,0.428571428571429,0.956521739130435,0.571428571428571,0.0434782608695652,9.85714285714286,0.597402597402597
"4530",0.4435,9.5002786286661,0.866666666666667,0.371019384663008,0.714285714285714,0.819875776397516,0.714285714285714,0.91304347826087,0.285714285714286,0.0869565217391305,8.21428571428571,0.312925170068027
"4531",0.4265,9.50646870722272,0.866666666666667,0.384113896947432,0.666666666666667,0.710227272727273,0.5,1,0.5,0,Inf,0.5
"4532",0.2315,7.53459335889162,0.733333333333333,0.475215765987489,0.714285714285714,0.719907407407407,0.833333333333333,0.666666666666667,0.166666666666667,0.333333333333333,2.5,0.25
"4533",0.2205,6.51791503449474,0.9,0.402556899247715,0.869565217391304,0.916267942583732,0.909090909090909,0.894736842105263,0.0909090909090909,0.105263157894737,8.63636363636364,0.101604278074866
"4534",0.2475,7.53187609774505,0.766666666666667,0.455087498659027,0.740740740740741,0.789351851851852,0.833333333333333,0.722222222222222,0.166666666666667,0.277777777777778,3,0.230769230769231
"4535",0.3545,8.5066135362894,0.766666666666667,0.41742882118523,0.588235294117647,0.756613756613757,0.555555555555556,0.857142857142857,0.444444444444444,0.142857142857143,3.88888888888889,0.518518518518518
"4536",0.212,6.52473319321595,0.866666666666667,0.42088507158561,0.833333333333333,0.901913875598086,0.909090909090909,0.842105263157895,0.0909090909090909,0.157894736842105,5.75757575757576,0.107954545454545
"4537",0.2185,6.53033192030692,0.833333333333333,0.357075868773729,0.761904761904762,0.900568181818182,1,0.772727272727273,0,0.227272727272727,4.4,0
"4538",0.309,7.51327021633025,0.766666666666667,0.378663528060976,0.631578947368421,0.782608695652174,0.857142857142857,0.739130434782609,0.142857142857143,0.260869565217391,3.28571428571429,0.19327731092437
"4539",0.273,7.52565783196471,0.833333333333333,0.415880297644947,0.782608695652174,0.8225,0.9,0.8,0.1,0.2,4.5,0.125
"4540",0.2555,7.51346891117295,0.766666666666667,0.44567573819521,0.666666666666667,0.7275,0.7,0.8,0.3,0.2,3.5,0.375
"4541",0.2555,6.52645906400932,0.7,0.387548209587825,0.571428571428571,0.770186335403727,0.857142857142857,0.652173913043478,0.142857142857143,0.347826086956522,2.46428571428571,0.219047619047619
"4542",0.4075,9.10989897460401,0.833333333333333,0.371811786193445,0.666666666666667,0.838068181818182,0.625,0.909090909090909,0.375,0.0909090909090909,6.875,0.4125
"4543",0.4035,9.51340899011439,0.9,0.364937555395499,0.842105263157895,0.8275,0.8,0.95,0.2,0.05,16,0.210526315789474
"4544",0.4455,8.50940420967372,0.733333333333333,0.478672840040332,0.555555555555556,0.622159090909091,0.625,0.772727272727273,0.375,0.227272727272727,2.75,0.485294117647059
"4545",0.281,7.50834211671899,0.866666666666667,0.392166638345308,0.8,0.878306878306878,0.888888888888889,0.857142857142857,0.111111111111111,0.142857142857143,6.22222222222222,0.12962962962963
"4546",0.308,7.51348058962123,0.866666666666667,0.357649251233105,0.777777777777778,0.883522727272727,0.875,0.863636363636364,0.125,0.136363636363636,6.41666666666667,0.144736842105263
"4547",0.2945,7.52746321222302,0.8,0.40871737011773,0.75,0.841269841269841,1,0.714285714285714,0,0.285714285714286,3.5,0
"4548",0.294,7.52127447906084,0.8,0.371581918547796,0.769230769230769,0.9025,1,0.7,0,0.3,3.33333333333333,0
"4549",0.3765,8.56773908794814,0.933333333333333,0.323979397062624,0.8,0.888888888888889,0.666666666666667,1,0.333333333333333,0,Inf,0.333333333333333
"4550",0.223,6.52150377116047,0.733333333333333,0.386082614367265,0.555555555555556,0.747159090909091,0.625,0.772727272727273,0.375,0.227272727272727,2.75,0.485294117647059
"4551",0.265,7.51717618878304,0.8,0.4292726703191,0.7,0.785714285714286,0.777777777777778,0.80952380952381,0.222222222222222,0.19047619047619,4.08333333333333,0.274509803921569
"4552",0.2625,6.51207869237786,0.766666666666667,0.363424689853288,0.72,0.907407407407407,1,0.666666666666667,0,0.333333333333333,3,0
"4553",0.323,7.53128890400786,0.7,0.489357200234196,0.608695652173913,0.693181818181818,0.875,0.636363636363636,0.125,0.363636363636364,2.40625,0.196428571428571
"4554",0.2195,6.51875846581449,0.8,0.422130827726732,0.769230769230769,0.863636363636364,0.909090909090909,0.736842105263158,0.0909090909090909,0.263157894736842,3.45454545454545,0.123376623376623
"4555",0.27,7.49754542816491,0.933333333333333,0.399127499532704,0.909090909090909,0.983253588516746,0.909090909090909,0.947368421052632,0.0909090909090909,0.0526315789473685,17.2727272727273,0.095959595959596
"4556",0.232,7.54306811882506,0.733333333333333,0.476859525436849,0.666666666666667,0.73444976076555,0.727272727272727,0.736842105263158,0.272727272727273,0.263157894736842,2.76363636363636,0.37012987012987
"4557",0.4655,9.50512801165224,0.9,0.339171142714263,0.727272727272727,0.927083333333333,0.666666666666667,0.958333333333333,0.333333333333333,0.0416666666666666,16,0.347826086956522
"4558",0.216,6.51514052249837,0.766666666666667,0.429318020064603,0.740740740740741,0.849282296650718,0.909090909090909,0.684210526315789,0.0909090909090909,0.315789473684211,2.87878787878788,0.132867132867133
"4559",0.137,5.54985435177198,0.7,0.398020080779083,0.608695652173913,0.84472049689441,1,0.608695652173913,0,0.391304347826087,2.55555555555556,0
"4560",0.2565,7.52548594097447,0.8,0.420987472224915,0.75,0.837320574162679,0.818181818181818,0.789473684210526,0.181818181818182,0.210526315789474,3.88636363636364,0.23030303030303
"4561",0.26,7.51545727058006,0.833333333333333,0.421520475834464,0.8,0.916666666666667,0.833333333333333,0.833333333333333,0.166666666666667,0.166666666666667,5,0.2
"4562",0.304,7.51139799105276,0.866666666666667,0.366946241988479,0.818181818181818,0.939153439153439,1,0.80952380952381,0,0.19047619047619,5.25,0
"4563",0.28,7.52672161137003,0.833333333333333,0.399678425589433,0.761904761904762,0.838624338624339,0.888888888888889,0.80952380952381,0.111111111111111,0.19047619047619,4.66666666666667,0.137254901960784
"4564",0.1935,6.51525501387626,0.766666666666667,0.463741251392474,0.758620689655172,0.823529411764706,0.846153846153846,0.705882352941177,0.153846153846154,0.294117647058823,2.87692307692308,0.217948717948718
"4565",0.2915,7.50602740705233,0.833333333333333,0.381923327908276,0.761904761904762,0.867724867724868,0.888888888888889,0.80952380952381,0.111111111111111,0.19047619047619,4.66666666666667,0.137254901960784
"4566",0.329,7.5113929049052,0.866666666666667,0.350021812850625,0.666666666666667,0.896,0.8,0.88,0.2,0.12,6.66666666666667,0.227272727272727
"4567",0.296,7.51716318002013,0.833333333333333,0.376454472013851,0.761904761904762,0.904761904761905,0.888888888888889,0.80952380952381,0.111111111111111,0.19047619047619,4.66666666666667,0.137254901960784
"4568",0.305,7.50359299324584,0.9,0.340338756362954,0.842105263157895,0.894179894179894,0.888888888888889,0.904761904761905,0.111111111111111,0.0952380952380952,9.33333333333333,0.12280701754386
"4569",0.5675,9.49261967304241,0.833333333333333,0.389425602096002,0.666666666666667,0.791925465838509,0.714285714285714,0.869565217391304,0.285714285714286,0.130434782608696,5.47619047619048,0.328571428571429
"4570",0.3155,7.51389151841257,0.833333333333333,0.380319550232183,0.705882352941177,0.822981366459627,0.857142857142857,0.826086956521739,0.142857142857143,0.173913043478261,4.92857142857143,0.172932330827068
"4571",0.2415,7.5330334632638,0.766666666666667,0.430152532223202,0.758620689655172,0.819004524886878,0.846153846153846,0.705882352941177,0.153846153846154,0.294117647058823,2.87692307692308,0.217948717948718
"4572",0.2595,7.51948520098477,0.766666666666667,0.42909631836846,0.72,0.80622009569378,0.818181818181818,0.736842105263158,0.181818181818182,0.263157894736842,3.10909090909091,0.246753246753247
"4573",0.2675,7.53166390248187,0.833333333333333,0.429039243332438,0.736842105263158,0.751322751322751,0.777777777777778,0.857142857142857,0.222222222222222,0.142857142857143,5.44444444444444,0.259259259259259
"4574",0.6935,12.9477138000143,0.933333333333333,0.326645730127974,0.75,0.964,0.6,1,0.4,0,Inf,0.4
"4575",0.235,7.54437153195229,0.733333333333333,0.467462780412543,0.692307692307692,0.738425925925926,0.75,0.722222222222222,0.25,0.277777777777778,2.7,0.346153846153846
"4576",0.3565,9.03301970674614,0.866666666666667,0.381813223461604,0.777777777777778,0.91,0.7,0.95,0.3,0.05,14,0.315789473684211
"4577",0.3475,8.50413488209924,0.966666666666667,0.357725696387561,0.947368421052632,0.994708994708995,1,0.952380952380952,0,0.0476190476190477,21,0
"4578",0.927,12.4332826806733,0.9,0.425102226748061,0.666666666666667,0.88,0.6,0.96,0.4,0.04,15,0.416666666666667
"4579",0.3315,7.51011272497788,0.766666666666667,0.379715514880079,0.666666666666667,0.847826086956522,1,0.695652173913043,0,0.304347826086957,3.28571428571429,0
"4580",0.209,6.51783601031727,0.833333333333333,0.436717431204332,0.827586206896552,0.846153846153846,0.923076923076923,0.764705882352941,0.0769230769230769,0.235294117647059,3.92307692307692,0.100591715976331
"4581",0.4065,10.0214039247154,0.833333333333333,0.404784653192939,0.761904761904762,0.87799043062201,0.727272727272727,0.894736842105263,0.272727272727273,0.105263157894737,6.90909090909091,0.304812834224599
"4582",0.165,6.53955474131349,0.833333333333333,0.423439480524273,0.814814814814815,0.865740740740741,0.916666666666667,0.777777777777778,0.0833333333333334,0.222222222222222,4.125,0.107142857142857
"4583",0.289,7.51340008262103,0.866666666666667,0.373696975671919,0.818181818181818,0.8825,0.9,0.85,0.1,0.15,6,0.117647058823529
"4584",0.672,10.475985106268,0.866666666666667,0.389667065779845,0.666666666666667,0.826086956521739,0.571428571428571,0.956521739130435,0.428571428571429,0.0434782608695652,13.1428571428572,0.448051948051948
"4585",0.203,6.52642751843196,0.7,0.450113974844138,0.689655172413793,0.793981481481482,0.833333333333333,0.611111111111111,0.166666666666667,0.388888888888889,2.14285714285714,0.272727272727273
"4586",0.23,7.12901429396292,0.8,0.419087957530315,0.769230769230769,0.820574162679426,0.909090909090909,0.736842105263158,0.0909090909090909,0.263157894736842,3.45454545454545,0.123376623376623
"4587",0.24,6.50844481039546,0.8,0.391466255969992,0.727272727272727,0.865079365079365,0.888888888888889,0.761904761904762,0.111111111111111,0.238095238095238,3.73333333333333,0.145833333333333
"4588",0.2715,7.51088204227874,0.933333333333333,0.389016913262923,0.9,0.9375,0.9,0.95,0.1,0.05,18,0.105263157894737
"4589",0.2285,7.04628656553619,0.9,0.45095669329091,0.896551724137931,0.892857142857143,0.928571428571429,0.875,0.0714285714285714,0.125,7.42857142857143,0.0816326530612245
"4590",0.201,7.07690750179894,0.766666666666667,0.498119851707159,0.787878787878788,0.794642857142857,0.928571428571429,0.625,0.0714285714285714,0.375,2.47619047619048,0.114285714285714
"4591",0.3285,7.50873635668731,0.833333333333333,0.350924418961541,0.705882352941177,0.891304347826087,0.857142857142857,0.826086956521739,0.142857142857143,0.173913043478261,4.92857142857143,0.172932330827068
"4592",0.274,7.51826932763647,0.833333333333333,0.395518943688006,0.705882352941177,0.806878306878307,0.666666666666667,0.904761904761905,0.333333333333333,0.0952380952380952,7,0.368421052631579
"4593",0.301,7.51081432895114,0.866666666666667,0.36582617987264,0.777777777777778,0.892045454545455,0.875,0.863636363636364,0.125,0.136363636363636,6.41666666666667,0.144736842105263
"4594",0.602,9.48424944679598,0.833333333333333,0.396682146064044,0.615384615384615,0.829861111111111,0.666666666666667,0.875,0.333333333333333,0.125,5.33333333333333,0.380952380952381
"4595",0.284,7.51495429911194,0.8,0.405852358893394,0.7,0.788359788359788,0.777777777777778,0.80952380952381,0.222222222222222,0.19047619047619,4.08333333333333,0.274509803921569
"4596",0.278,7.51742278465028,0.8,0.407291181740182,0.727272727272727,0.8475,0.8,0.8,0.2,0.2,4,0.25
"4597",0.301,7.52527565672037,0.866666666666667,0.371509309512612,0.818181818181818,0.888888888888889,1,0.80952380952381,0,0.19047619047619,5.25,0
"4598",0.7085,12.94370493087,0.933333333333333,0.331603551393497,0.75,0.956,0.6,1,0.4,0,Inf,0.4
"4599",0.315,7.5181975488351,0.833333333333333,0.366126870346762,0.761904761904762,0.909090909090909,1,0.772727272727273,0,0.227272727272727,4.4,0
"4600",0.252,7.16141656521928,0.7,0.461763705227764,0.608695652173913,0.751322751322751,0.777777777777778,0.666666666666667,0.222222222222222,0.333333333333333,2.33333333333333,0.333333333333333
"4601",0.3305,7.50763623211504,0.733333333333333,0.370598340730134,0.636363636363636,0.84472049689441,1,0.652173913043478,0,0.347826086956522,2.875,0
"4602",0.2845,7.52658314714251,0.833333333333333,0.384194833422066,0.782608695652174,0.88,0.9,0.8,0.1,0.2,4.5,0.125
"4603",0.474,10.5018023506244,0.866666666666667,0.386148717757903,0.714285714285714,0.838624338624339,0.555555555555556,1,0.444444444444444,0,Inf,0.444444444444444
"4604",0.231,7.07163903815752,0.766666666666667,0.438906364191664,0.72,0.76555023923445,0.818181818181818,0.736842105263158,0.181818181818182,0.263157894736842,3.10909090909091,0.246753246753247
"4605",0.18,6.52640539797256,0.8,0.498801882525641,0.823529411764706,0.824444444444444,0.933333333333333,0.666666666666667,0.0666666666666667,0.333333333333333,2.8,0.1
"4606",0.272,7.0507073012703,0.8,0.384944751576507,0.666666666666667,0.872159090909091,0.75,0.818181818181818,0.25,0.181818181818182,4.125,0.305555555555556
"4607",0.625,9.93390445072927,0.866666666666667,0.376943786560742,0.714285714285714,0.804347826086957,0.714285714285714,0.91304347826087,0.285714285714286,0.0869565217391305,8.21428571428571,0.312925170068027
"4608",0.2015,6.5344900612193,0.833333333333333,0.369501135276911,0.782608695652174,0.9025,0.9,0.8,0.1,0.2,4.5,0.125
"4609",0.1835,6.52401423875457,0.733333333333333,0.475780670716641,0.714285714285714,0.753393665158371,0.769230769230769,0.705882352941177,0.230769230769231,0.294117647058823,2.61538461538462,0.326923076923077
"4610",0.23,7.52163770917749,0.733333333333333,0.486239222034861,0.75,0.746666666666667,0.8,0.666666666666667,0.2,0.333333333333333,2.4,0.3
"4611",0.4465,9.50545582902664,0.933333333333333,0.324241334520177,0.857142857142857,0.958333333333333,1,0.916666666666667,0,0.0833333333333334,12,0
"4612",0.2625,6.50412883639499,0.866666666666667,0.346656549300489,0.8,0.934659090909091,1,0.818181818181818,0,0.181818181818182,5.5,0
"4613",0.4145,8.50794654893738,0.833333333333333,0.386849101949315,0.705882352941177,0.826704545454545,0.75,0.863636363636364,0.25,0.136363636363636,5.5,0.289473684210526
"4614",0.2955,7.51751734678621,0.766666666666667,0.39248578057566,0.695652173913043,0.82010582010582,0.888888888888889,0.714285714285714,0.111111111111111,0.285714285714286,3.11111111111111,0.155555555555556
"4615",0.3035,7.54838038876833,0.666666666666667,0.541005069624347,0.5,0.619318181818182,0.625,0.681818181818182,0.375,0.318181818181818,1.96428571428571,0.55
"4616",0.2525,7.52452090862334,0.8,0.429775173699372,0.727272727272727,0.820574162679426,0.727272727272727,0.842105263157895,0.272727272727273,0.157894736842105,4.6060606060606,0.323863636363636
"4617",0.349,8.50907902876548,0.9,0.371886680631588,0.823529411764706,0.865079365079365,0.777777777777778,0.952380952380952,0.222222222222222,0.0476190476190477,16.3333333333333,0.233333333333333
"4618",0.342,8.51039872860266,0.933333333333333,0.355525135681648,0.875,0.894179894179894,0.777777777777778,1,0.222222222222222,0,Inf,0.222222222222222
"4619",0.429,9.50287711394152,0.833333333333333,0.356993366866548,0.705882352941177,0.902116402116402,0.666666666666667,0.904761904761905,0.333333333333333,0.0952380952380952,7,0.368421052631579
"4620",0.2595,6.52086869015929,0.833333333333333,0.366450573134398,0.761904761904762,0.914772727272727,1,0.772727272727273,0,0.227272727272727,4.4,0
"4621",0.261,7.51470402772619,0.8,0.423200751160565,0.75,0.825358851674641,0.818181818181818,0.789473684210526,0.181818181818182,0.210526315789474,3.88636363636364,0.23030303030303
"4622",0.281,7.52618891080217,0.8,0.383090951872097,0.75,0.8625,0.9,0.75,0.1,0.25,3.6,0.133333333333333
"4623",0.5175,10.5023499276393,0.866666666666667,0.35980709186106,0.714285714285714,0.892045454545455,0.625,0.954545454545455,0.375,0.0454545454545454,13.75,0.392857142857143
"4624",0.306,7.50895316781444,0.9,0.366621459565231,0.8,0.897515527950311,0.857142857142857,0.91304347826087,0.142857142857143,0.0869565217391305,9.85714285714285,0.156462585034014
"4625",0.2755,7.0615804356524,0.8,0.376990317050831,0.666666666666667,0.846590909090909,0.75,0.818181818181818,0.25,0.181818181818182,4.125,0.305555555555556
"4626",0.5235,10.5001575110117,0.866666666666667,0.350157971546004,0.714285714285714,0.91304347826087,0.714285714285714,0.91304347826087,0.285714285714286,0.0869565217391305,8.21428571428571,0.312925170068027
"4627",0.251,7.52285604805298,0.8,0.44369151015476,0.75,0.794258373205742,0.818181818181818,0.789473684210526,0.181818181818182,0.210526315789474,3.88636363636364,0.23030303030303
"4628",0.2485,6.5170903348171,0.933333333333333,0.365049656409278,0.9,0.978835978835979,1,0.904761904761905,0,0.0952380952380952,10.5,0
"4629",0.3235,8.04988545471875,0.8,0.395348530220356,0.666666666666667,0.838624338624339,0.666666666666667,0.857142857142857,0.333333333333333,0.142857142857143,4.66666666666667,0.388888888888889
"4630",0.268,7.52562501942803,0.933333333333333,0.376393339546113,0.923076923076923,0.912037037037037,1,0.888888888888889,0,0.111111111111111,9,0
"4631",0.3015,7.52507546991273,0.866666666666667,0.356956114033038,0.8,0.917613636363636,1,0.818181818181818,0,0.181818181818182,5.5,0
"4632",0.25,7.51208941647861,0.666666666666667,0.460466938175499,0.6875,0.755656108597285,0.846153846153846,0.529411764705882,0.153846153846154,0.470588235294118,1.79807692307692,0.290598290598291
"4633",0.354,9.03862664734389,0.866666666666667,0.38512687956592,0.777777777777778,0.8625,0.7,0.95,0.3,0.05,14,0.315789473684211
"4634",0.3075,7.52674376984472,0.7,0.411209990226307,0.64,0.775132275132275,0.888888888888889,0.619047619047619,0.111111111111111,0.380952380952381,2.33333333333333,0.17948717948718
"4635",0.307,7.50900768277041,0.866666666666667,0.383464180925027,0.818181818181818,0.880952380952381,1,0.80952380952381,0,0.19047619047619,5.25,0
"4636",0.325,7.51777975083008,0.733333333333333,0.38238091703244,0.6,0.798136645962733,0.857142857142857,0.695652173913043,0.142857142857143,0.304347826086957,2.81632653061224,0.205357142857143
"4637",0.2295,6.52167310262862,0.7,0.423056407873353,0.666666666666667,0.775,0.9,0.6,0.1,0.4,2.25,0.166666666666667
"4638",0.5355,9.49500212199631,0.9,0.340761294195762,0.727272727272727,0.815972222222222,0.666666666666667,0.958333333333333,0.333333333333333,0.0416666666666666,16,0.347826086956522
"4639",0.2695,7.11859668974244,0.7,0.406451934086391,0.666666666666667,0.8275,0.9,0.6,0.1,0.4,2.25,0.166666666666667
"4640",0.379,9.50086875579416,0.9,0.382406130208638,0.823529411764706,0.88,0.7,1,0.3,0,Inf,0.3
"4641",0.268,7.51157700441637,0.866666666666667,0.407185353797224,0.833333333333333,0.882775119617225,0.909090909090909,0.842105263157895,0.0909090909090909,0.157894736842105,5.75757575757576,0.107954545454545
"4642",0.2975,7.50337500052693,0.8,0.366315776505257,0.727272727272727,0.915343915343915,0.888888888888889,0.761904761904762,0.111111111111111,0.238095238095238,3.73333333333333,0.145833333333333
"4643",0.512,9.49663213441517,0.9,0.355269158407107,0.823529411764706,0.865079365079365,0.777777777777778,0.952380952380952,0.222222222222222,0.0476190476190477,16.3333333333333,0.233333333333333
"4644",0.47,9.50168512821662,0.8,0.390832536324188,0.625,0.795454545454545,0.625,0.863636363636364,0.375,0.136363636363636,4.58333333333333,0.434210526315789
"4645",0.237,7.16035580759871,0.733333333333333,0.438277905317426,0.555555555555556,0.677018633540373,0.714285714285714,0.739130434782609,0.285714285714286,0.260869565217391,2.73809523809524,0.38655462184874
"4646",0.2415,7.53273296774586,0.833333333333333,0.44227774604755,0.8,0.839712918660287,0.909090909090909,0.789473684210526,0.0909090909090909,0.210526315789474,4.31818181818182,0.115151515151515
"4647",0.3195,7.51383051088427,0.8,0.37972513976503,0.727272727272727,0.863636363636364,1,0.727272727272727,0,0.272727272727273,3.66666666666667,0
"4648",0.4995,10.5072116140257,0.9,0.329403383641495,0.727272727272727,0.920138888888889,0.666666666666667,0.958333333333333,0.333333333333333,0.0416666666666666,16,0.347826086956522
"4649",0.5575,10.4994746820936,0.933333333333333,0.345684078701775,0.833333333333333,0.968,1,0.92,0,0.08,12.5,0
"4650",0.2495,7.13619328754912,0.733333333333333,0.416008529385219,0.692307692307692,0.79,0.9,0.65,0.1,0.35,2.57142857142857,0.153846153846154
"4651",0.276,7.51507455381445,0.733333333333333,0.421422960214078,0.666666666666667,0.755,0.8,0.7,0.2,0.3,2.66666666666667,0.285714285714286
"4652",0.1845,5.52896107382323,0.566666666666667,0.429051477769365,0.518518518518518,0.704545454545455,0.875,0.454545454545455,0.125,0.545454545454545,1.60416666666667,0.275
"4653",0.473,9.4964275865183,0.9,0.354862855702509,0.666666666666667,0.836,0.6,0.96,0.4,0.04,15,0.416666666666667
"4654",0.2225,6.51366870962681,0.9,0.424031697866686,0.888888888888889,0.946759259259259,1,0.833333333333333,0,0.166666666666667,6,0
"4655",0.218,6.52006724658717,0.833333333333333,0.417064894630258,0.782608695652174,0.885,0.9,0.8,0.1,0.2,4.5,0.125
"4656",0.377,9.50079992544356,0.9,0.388813954792814,0.823529411764706,0.8375,0.7,1,0.3,0,Inf,0.3
"4657",0.3155,7.50962682936485,0.733333333333333,0.392268110488734,0.555555555555556,0.751552795031056,0.714285714285714,0.739130434782609,0.285714285714286,0.260869565217391,2.73809523809524,0.38655462184874
"4658",0.293,7.65868395020564,0.766666666666667,0.389234824327273,0.666666666666667,0.82010582010582,0.777777777777778,0.761904761904762,0.222222222222222,0.238095238095238,3.26666666666667,0.291666666666667
"4659",0.269,7.52219116926881,0.866666666666667,0.406107511632317,0.8,0.8125,0.8,0.9,0.2,0.1,8,0.222222222222222
"4660",0.151,5.52871063200905,0.633333333333333,0.46584881622726,0.620689655172414,0.677033492822967,0.818181818181818,0.526315789473684,0.181818181818182,0.473684210526316,1.72727272727273,0.345454545454545
"4661",0.294,7.528908691104,0.766666666666667,0.390099214974358,0.533333333333333,0.795138888888889,0.666666666666667,0.791666666666667,0.333333333333333,0.208333333333333,3.2,0.421052631578947
"4662",0.2995,7.51430188441718,0.766666666666667,0.382655110455094,0.695652173913043,0.857142857142857,0.888888888888889,0.714285714285714,0.111111111111111,0.285714285714286,3.11111111111111,0.155555555555556
"4663",0.313,7.50332421359714,0.9,0.354741424994875,0.8,0.909722222222222,1,0.875,0,0.125,8,0
"4664",0.279,7.53022682004871,0.733333333333333,0.441459726120771,0.714285714285714,0.784688995215311,0.909090909090909,0.631578947368421,0.0909090909090909,0.368421052631579,2.46753246753247,0.143939393939394
"4665",0.3035,7.51706812236583,0.9,0.363867354050501,0.857142857142857,0.944444444444444,1,0.857142857142857,0,0.142857142857143,7,0
"4666",0.2595,7.54125547076812,0.733333333333333,0.463628608390765,0.6,0.701058201058201,0.666666666666667,0.761904761904762,0.333333333333333,0.238095238095238,2.8,0.4375
"4667",0.7055,12.4773526000945,0.933333333333333,0.355877957528484,0.8,0.8125,0.666666666666667,1,0.333333333333333,0,Inf,0.333333333333333
"4668",0.282,7.53622884629368,0.7,0.46618074523485,0.608695652173913,0.727513227513227,0.777777777777778,0.666666666666667,0.222222222222222,0.333333333333333,2.33333333333333,0.333333333333333
"4669",0.2785,7.51925440184377,0.766666666666667,0.434079384947385,0.695652173913043,0.7425,0.8,0.75,0.2,0.25,3.2,0.266666666666667
"4670",0.52,9.49925185460058,0.833333333333333,0.388220900720528,0.705882352941177,0.833333333333333,0.666666666666667,0.904761904761905,0.333333333333333,0.0952380952380952,7,0.368421052631579
"4671",0.2905,7.52787143670861,0.766666666666667,0.432749285752484,0.740740740740741,0.789473684210526,0.909090909090909,0.684210526315789,0.0909090909090909,0.315789473684211,2.87878787878788,0.132867132867133
"4672",0.282,7.51155499187921,0.8,0.386752555397409,0.727272727272727,0.865,0.8,0.8,0.2,0.2,4,0.25
"4673",0.2945,7.5118679819111,0.8,0.364419349324262,0.625,0.775568181818182,0.625,0.863636363636364,0.375,0.136363636363636,4.58333333333333,0.434210526315789
"4674",0.559,9.49072937843222,0.766666666666667,0.455402049704203,0.588235294117647,0.715,0.5,0.9,0.5,0.1,5,0.555555555555556
"4675",0.445,10.0190646936474,0.866666666666667,0.361375286143528,0.75,0.907407407407407,0.666666666666667,0.952380952380952,0.333333333333333,0.0476190476190477,14,0.35
"4676",0.2225,6.51733237736135,0.766666666666667,0.421626284667527,0.758620689655172,0.851851851851852,0.916666666666667,0.666666666666667,0.0833333333333334,0.333333333333333,2.75,0.125
"4677",0.261,7.53223921924745,0.766666666666667,0.426821476621524,0.740740740740741,0.803240740740741,0.833333333333333,0.722222222222222,0.166666666666667,0.277777777777778,3,0.230769230769231
"4678",0.3065,7.51673711613032,0.866666666666667,0.358210681291779,0.818181818181818,0.936507936507937,1,0.80952380952381,0,0.19047619047619,5.25,0
"4679",0.2615,7.52069113795157,0.866666666666667,0.424109409531446,0.833333333333333,0.921052631578947,0.909090909090909,0.842105263157895,0.0909090909090909,0.157894736842105,5.75757575757576,0.107954545454545
"4680",0.238,7.0518685003541,0.866666666666667,0.429458461159885,0.857142857142857,0.927601809954751,0.923076923076923,0.823529411764706,0.0769230769230769,0.176470588235294,5.23076923076923,0.0934065934065934
"4681",0.1255,6.55268017831861,0.8,0.471136064201739,0.75,0.787037037037037,0.75,0.833333333333333,0.25,0.166666666666667,4.5,0.3
"4682",0.261,7.5139115195213,0.8,0.426170530582112,0.769230769230769,0.840277777777778,0.833333333333333,0.777777777777778,0.166666666666667,0.222222222222222,3.75,0.214285714285714
"4683",0.134,4.54061099800713,0.5,0.423863131382525,0.516129032258065,0.710227272727273,1,0.318181818181818,0,0.681818181818182,1.46666666666667,0
"4684",0.3395,7.5063997488159,0.866666666666667,0.321824001504649,0.75,0.958333333333333,1,0.833333333333333,0,0.166666666666667,6,0
"4685",0.417,9.50737082686507,0.8,0.376734776641805,0.7,0.875,0.7,0.85,0.3,0.15,4.66666666666667,0.352941176470588
"4686",0.2755,7.52913725088439,0.733333333333333,0.437724437616009,0.714285714285714,0.784688995215311,0.909090909090909,0.631578947368421,0.0909090909090909,0.368421052631579,2.46753246753247,0.143939393939394
"4687",0.292,7.52732182502686,0.833333333333333,0.393238457941039,0.705882352941177,0.829192546583851,0.857142857142857,0.826086956521739,0.142857142857143,0.173913043478261,4.92857142857143,0.172932330827068
"4688",0.2635,7.51090313170641,0.833333333333333,0.418971923829769,0.782608695652174,0.844497607655502,0.818181818181818,0.842105263157895,0.181818181818182,0.157894736842105,5.18181818181818,0.215909090909091
"4689",0.4025,8.51477239820624,0.766666666666667,0.420475025699337,0.631578947368421,0.772486772486772,0.666666666666667,0.80952380952381,0.333333333333333,0.19047619047619,3.5,0.411764705882353
"4690",0.407,9.51170641432708,0.833333333333333,0.378763230175749,0.705882352941177,0.865079365079365,0.666666666666667,0.904761904761905,0.333333333333333,0.0952380952380952,7,0.368421052631579
"4691",0.261,7.52907532705993,0.8,0.432482445424029,0.769230769230769,0.827751196172249,0.909090909090909,0.736842105263158,0.0909090909090909,0.263157894736842,3.45454545454545,0.123376623376623
"4692",0.2675,7.51237346897778,0.9,0.414546951873974,0.888888888888889,0.9375,1,0.833333333333333,0,0.166666666666667,6,0
"4693",0.4115,9.50178532644913,0.8,0.405434681588225,0.7,0.8075,0.7,0.85,0.3,0.15,4.66666666666667,0.352941176470588
"4694",0.269,7.50283958076563,0.833333333333333,0.40502874810419,0.782608695652174,0.9175,0.9,0.8,0.1,0.2,4.5,0.125
"4695",0.239,6.51585289149765,0.833333333333333,0.395030819524628,0.736842105263158,0.809659090909091,0.875,0.818181818181818,0.125,0.181818181818182,4.8125,0.152777777777778
"4696",0.4975,9.00258604928716,0.9,0.336846450177775,0.769230769230769,0.850694444444444,0.833333333333333,0.916666666666667,0.166666666666667,0.0833333333333334,10,0.181818181818182
"4697",0.256,7.50942821260831,0.766666666666667,0.426708245085991,0.740740740740741,0.866515837104072,0.769230769230769,0.764705882352941,0.230769230769231,0.235294117647059,3.26923076923077,0.301775147928994
"4698",0.3255,7.51436053504617,0.733333333333333,0.378138372503441,0.6,0.819875776397516,0.857142857142857,0.695652173913043,0.142857142857143,0.304347826086957,2.81632653061224,0.205357142857143
"4699",0.178,6.54464237930728,0.733333333333333,0.417573608562332,0.636363636363636,0.806878306878307,0.777777777777778,0.714285714285714,0.222222222222222,0.285714285714286,2.72222222222222,0.311111111111111
"4700",0.3405,8.51587488552366,0.8,0.401989932826117,0.666666666666667,0.756613756613757,0.666666666666667,0.857142857142857,0.333333333333333,0.142857142857143,4.66666666666667,0.388888888888889
"4701",0.3315,7.51166961652037,0.866666666666667,0.335924513545819,0.777777777777778,0.953416149068323,1,0.826086956521739,0,0.173913043478261,5.75,0
"4702",0.413,9.51124516715926,0.933333333333333,0.347726580249023,0.833333333333333,0.944099378881988,0.714285714285714,1,0.285714285714286,0,Inf,0.285714285714286
"4703",0.251,7.53284365254366,0.8,0.406741234780014,0.625,0.755681818181818,0.625,0.863636363636364,0.375,0.136363636363636,4.58333333333333,0.434210526315789
"4704",0.2525,7.07067677437756,0.766666666666667,0.416362986359564,0.695652173913043,0.783068783068783,0.888888888888889,0.714285714285714,0.111111111111111,0.285714285714286,3.11111111111111,0.155555555555556
"4705",0.276,7.51714696346941,0.766666666666667,0.430492060764031,0.695652173913043,0.755,0.8,0.75,0.2,0.25,3.2,0.266666666666667
"4706",0.259,7.06785165940929,0.733333333333333,0.419402013837026,0.666666666666667,0.785,0.8,0.7,0.2,0.3,2.66666666666667,0.285714285714286
"4707",0.2265,6.51762516787478,0.866666666666667,0.408921054282814,0.846153846153846,0.905092592592593,0.916666666666667,0.833333333333333,0.0833333333333334,0.166666666666667,5.5,0.1
"4708",0.2865,7.50116427366125,0.933333333333333,0.377202826031445,0.9,0.955,0.9,0.95,0.1,0.05,18,0.105263157894737
"4709",0.296,7.51781573829516,0.8,0.419257995406502,0.75,0.80952380952381,1,0.714285714285714,0,0.285714285714286,3.5,0
"4710",0.1865,5.5209314325158,0.8,0.409764107987037,0.785714285714286,0.870813397129187,1,0.684210526315789,0,0.315789473684211,3.16666666666667,0
"4711",0.2755,7.53091512637073,0.733333333333333,0.438644078935311,0.636363636363636,0.753968253968254,0.777777777777778,0.714285714285714,0.222222222222222,0.285714285714286,2.72222222222222,0.311111111111111
"4712",0.3465,8.50836999144698,0.833333333333333,0.380354016619484,0.705882352941177,0.854497354497354,0.666666666666667,0.904761904761905,0.333333333333333,0.0952380952380952,7,0.368421052631579
"4713",0.3105,7.51918454946534,0.866666666666667,0.35746954262768,0.75,0.869565217391304,0.857142857142857,0.869565217391304,0.142857142857143,0.130434782608696,6.57142857142857,0.164285714285714
"4714",0.253,7.51460218290015,0.766666666666667,0.457776850087748,0.72,0.772727272727273,0.818181818181818,0.736842105263158,0.181818181818182,0.263157894736842,3.10909090909091,0.246753246753247
"4715",0.2875,7.51906971002736,0.866666666666667,0.372161150684654,0.818181818181818,0.9175,0.9,0.85,0.1,0.15,6,0.117647058823529
"4716",0.4285,9.50638542587722,0.866666666666667,0.368884565980341,0.714285714285714,0.818181818181818,0.625,0.954545454545455,0.375,0.0454545454545454,13.75,0.392857142857143
"4717",0.2985,7.5171168569423,0.833333333333333,0.364990795692673,0.761904761904762,0.894179894179894,0.888888888888889,0.80952380952381,0.111111111111111,0.19047619047619,4.66666666666667,0.137254901960784
"4718",0.2455,7.52248586097806,0.8,0.426352113792689,0.7,0.794258373205742,0.636363636363636,0.894736842105263,0.363636363636364,0.105263157894737,6.04545454545455,0.406417112299465
"4719",0.404,9.49921478440677,0.833333333333333,0.377447093426625,0.736842105263158,0.8725,0.7,0.9,0.3,0.1,7,0.333333333333333
"4720",0.298,7.51497668750854,0.833333333333333,0.389651412091655,0.782608695652174,0.854497354497354,1,0.761904761904762,0,0.238095238095238,4.2,0
"4721",0.483,9.50346229511231,0.866666666666667,0.392919541878626,0.8,0.842105263157895,0.727272727272727,0.947368421052632,0.272727272727273,0.0526315789473685,13.8181818181818,0.287878787878788
"4722",0.274,7.5292125330794,0.833333333333333,0.398713227299118,0.615384615384615,0.785714285714286,0.571428571428571,0.91304347826087,0.428571428571429,0.0869565217391305,6.57142857142857,0.469387755102041
"4723",0.217,6.52286062387607,0.8,0.419680177410149,0.7,0.751322751322751,0.777777777777778,0.80952380952381,0.222222222222222,0.19047619047619,4.08333333333333,0.274509803921569
"4724",0.2565,7.05846400109791,0.9,0.376938824714213,0.823529411764706,0.920634920634921,0.777777777777778,0.952380952380952,0.222222222222222,0.0476190476190477,16.3333333333333,0.233333333333333
"4725",0.269,6.51758573199779,0.733333333333333,0.371141544177362,0.555555555555556,0.791666666666667,0.833333333333333,0.708333333333333,0.166666666666667,0.291666666666667,2.85714285714286,0.235294117647059
"4726",0.2215,7.11644143988342,0.833333333333333,0.422377663859582,0.827586206896552,0.87037037037037,1,0.722222222222222,0,0.277777777777778,3.6,0
"4727",0.8015,14.2366290814249,0.933333333333333,0.346392960348131,0.666666666666667,0.923076923076923,0.5,1,0.5,0,Inf,0.5
"4728",0.202,7.51965924307717,0.833333333333333,0.516360912335069,0.827586206896552,0.793333333333333,0.8,0.866666666666667,0.2,0.133333333333333,6,0.230769230769231
"4729",0.1905,6.52078202230552,0.8,0.467598343662617,0.785714285714286,0.840277777777778,0.916666666666667,0.722222222222222,0.0833333333333334,0.277777777777778,3.3,0.115384615384615
"4730",0.359,8.51018564264281,0.833333333333333,0.369067845547457,0.761904761904762,0.899470899470899,0.888888888888889,0.80952380952381,0.111111111111111,0.19047619047619,4.66666666666667,0.137254901960784
"4731",0.7165,12.4761197807337,0.833333333333333,0.414512714877191,0.615384615384615,0.716931216931217,0.444444444444444,1,0.555555555555556,0,Inf,0.555555555555556
"4732",0.3605,8.50858598963152,0.866666666666667,0.373717521233454,0.777777777777778,0.875,0.875,0.863636363636364,0.125,0.136363636363636,6.41666666666667,0.144736842105263
"4733",0.3305,7.51984160917636,0.7,0.406008373496476,0.64,0.826704545454545,1,0.590909090909091,0,0.409090909090909,2.44444444444444,0
"4734",0.2785,7.51609573454984,0.866666666666667,0.390516395114392,0.777777777777778,0.902116402116402,0.777777777777778,0.904761904761905,0.222222222222222,0.0952380952380952,8.16666666666667,0.245614035087719
"4735",0.2435,7.52619147773505,0.8,0.457443920022067,0.769230769230769,0.805555555555556,0.833333333333333,0.777777777777778,0.166666666666667,0.222222222222222,3.75,0.214285714285714
"4736",0.304,7.53096890990733,0.766666666666667,0.424247563362401,0.666666666666667,0.786931818181818,0.875,0.727272727272727,0.125,0.272727272727273,3.20833333333333,0.171875
"4737",0.2525,7.51324262655442,0.833333333333333,0.43023552900225,0.8,0.891203703703704,0.833333333333333,0.833333333333333,0.166666666666667,0.166666666666667,5,0.2
"4738",0.4345,9.01939137561144,0.833333333333333,0.348567329341852,0.615384615384615,0.892361111111111,0.666666666666667,0.875,0.333333333333333,0.125,5.33333333333333,0.380952380952381
"4739",0.32,8.5150980011842,0.966666666666667,0.393606935377718,0.947368421052632,0.9375,0.9,1,0.1,0,Inf,0.1
"4740",0.251,7.53360286211864,0.733333333333333,0.443158608485528,0.636363636363636,0.7425,0.7,0.75,0.3,0.25,2.8,0.4
"4741",0.317,7.51637014632178,0.866666666666667,0.370312744534216,0.8,0.892045454545455,1,0.818181818181818,0,0.181818181818182,5.5,0
"4742",0.304,7.52600375203452,0.766666666666667,0.418579306891656,0.631578947368421,0.779503105590062,0.857142857142857,0.739130434782609,0.142857142857143,0.260869565217391,3.28571428571429,0.19327731092437
"4743",0.356,8.50523558555595,0.833333333333333,0.382387392615069,0.736842105263158,0.873015873015873,0.777777777777778,0.857142857142857,0.222222222222222,0.142857142857143,5.44444444444444,0.259259259259259
"4744",0.4865,9.99769642654545,0.833333333333333,0.392712469389095,0.545454545454545,0.68944099378882,0.428571428571429,0.956521739130435,0.571428571428571,0.0434782608695652,9.85714285714286,0.597402597402597
"4745",0.2735,7.53161341510692,0.833333333333333,0.39455019662378,0.705882352941177,0.772727272727273,0.75,0.863636363636364,0.25,0.136363636363636,5.5,0.289473684210526
"4746",0.279,7.39705706150341,0.6,0.551850418164183,0.4,0.546583850931677,0.571428571428571,0.608695652173913,0.428571428571429,0.391304347826087,1.46031746031746,0.704081632653061
"4747",0.3765,8.50582925259218,0.866666666666667,0.365126489950394,0.714285714285714,0.829192546583851,0.714285714285714,0.91304347826087,0.285714285714286,0.0869565217391305,8.21428571428571,0.312925170068027
"4748",0.3705,9.06514383059796,0.9,0.372941592150836,0.8,0.878306878306878,0.666666666666667,1,0.333333333333333,0,Inf,0.333333333333333
"4749",0.239,7.52450902870166,0.8,0.458295551907356,0.727272727272727,0.799043062200957,0.727272727272727,0.842105263157895,0.272727272727273,0.157894736842105,4.6060606060606,0.323863636363636
"4750",0.2,6.51385099859461,0.9,0.454418098605862,0.888888888888889,0.943438914027149,0.923076923076923,0.882352941176471,0.0769230769230769,0.117647058823529,7.84615384615384,0.0871794871794871
"4751",0.3155,7.51622177072872,0.866666666666667,0.355056185052951,0.75,0.826086956521739,0.857142857142857,0.869565217391304,0.142857142857143,0.130434782608696,6.57142857142857,0.164285714285714
"4752",0.1525,6.24093109467438,0.6,0.493641325746146,0.5,0.644886363636364,0.75,0.545454545454545,0.25,0.454545454545455,1.65,0.458333333333333
"4753",0.2505,7.50689830570047,0.866666666666667,0.443456421111615,0.866666666666667,0.882352941176471,1,0.764705882352941,0,0.235294117647059,4.25,0
"4754",0.235,6.50673422353501,0.866666666666667,0.401880503732278,0.846153846153846,0.961722488038278,1,0.789473684210526,0,0.210526315789474,4.75,0
"4755",0.297,7.50823011876918,0.766666666666667,0.39189774889323,0.631578947368421,0.806818181818182,0.75,0.772727272727273,0.25,0.227272727272727,3.3,0.323529411764706
"4756",0.295,7.52587113719571,0.8,0.408821623029686,0.727272727272727,0.791005291005291,0.888888888888889,0.761904761904762,0.111111111111111,0.238095238095238,3.73333333333333,0.145833333333333
"4757",0.2575,7.06695402430804,0.8,0.39047804035046,0.7,0.822751322751323,0.777777777777778,0.80952380952381,0.222222222222222,0.19047619047619,4.08333333333333,0.274509803921569
"4758",0.1955,7.18114332555569,0.733333333333333,0.484250351246539,0.666666666666667,0.73444976076555,0.727272727272727,0.736842105263158,0.272727272727273,0.263157894736842,2.76363636363636,0.37012987012987
"4759",0.234,7.51851900716651,0.833333333333333,0.45997947912049,0.814814814814815,0.904017857142857,0.785714285714286,0.875,0.214285714285714,0.125,6.28571428571429,0.244897959183673
"4760",0.4445,9.50182623670929,0.833333333333333,0.384579616739632,0.666666666666667,0.78125,0.625,0.909090909090909,0.375,0.0909090909090909,6.875,0.4125
"4761",0.407,9.50775656395025,0.933333333333333,0.342416675224866,0.857142857142857,0.886363636363636,0.75,1,0.25,0,Inf,0.25
"4762",0.409,9.0214509284025,0.866666666666667,0.3501368068189,0.75,0.84375,0.75,0.909090909090909,0.25,0.0909090909090909,8.25,0.275
"4763",0.266,7.53506397887645,0.766666666666667,0.447673472853236,0.695652173913043,0.7375,0.8,0.75,0.2,0.25,3.2,0.266666666666667
"4764",0.34,9.03258691828774,0.866666666666667,0.395103606845076,0.818181818181818,0.942583732057416,0.818181818181818,0.894736842105263,0.181818181818182,0.105263157894737,7.77272727272727,0.203208556149733
"4765",0.286,7.5254020389168,0.833333333333333,0.408511607587084,0.814814814814815,0.858851674641148,1,0.736842105263158,0,0.263157894736842,3.8,0
"4766",0.3155,7.51994714914788,0.833333333333333,0.349718190888815,0.782608695652174,0.91005291005291,1,0.761904761904762,0,0.238095238095238,4.2,0
"4767",0.298,7.51801195542082,0.8,0.379447357439424,0.7,0.823863636363636,0.875,0.772727272727273,0.125,0.227272727272727,3.85,0.161764705882353
"4768",0.246,7.05082612637952,0.8,0.415592061810998,0.769230769230769,0.892344497607656,0.909090909090909,0.736842105263158,0.0909090909090909,0.263157894736842,3.45454545454545,0.123376623376623
"4769",0.313,7.51062840432084,0.766666666666667,0.378931701242711,0.588235294117647,0.770186335403727,0.714285714285714,0.782608695652174,0.285714285714286,0.217391304347826,3.28571428571429,0.365079365079365
"4770",0.285,7.51143130315685,0.9,0.399628308689831,0.823529411764706,0.815340909090909,0.875,0.909090909090909,0.125,0.0909090909090909,9.625,0.1375
"4771",0.2795,7.50377738274975,0.866666666666667,0.389954665790413,0.833333333333333,0.940191387559809,0.909090909090909,0.842105263157895,0.0909090909090909,0.157894736842105,5.75757575757576,0.107954545454545
"4772",0.362,8.50022542995127,0.9,0.338608994641241,0.823529411764706,0.920454545454545,0.875,0.909090909090909,0.125,0.0909090909090909,9.625,0.1375
"4773",0.293,7.51919689611863,0.833333333333333,0.37384206682825,0.761904761904762,0.886243386243386,0.888888888888889,0.80952380952381,0.111111111111111,0.19047619047619,4.66666666666667,0.137254901960784
"4774",0.3765,8.51333293540608,0.833333333333333,0.368887550694554,0.705882352941177,0.852272727272727,0.75,0.863636363636364,0.25,0.136363636363636,5.5,0.289473684210526
"4775",0.409,8.51000270483683,0.866666666666667,0.364568030311636,0.777777777777778,0.857142857142857,0.777777777777778,0.904761904761905,0.222222222222222,0.0952380952380952,8.16666666666667,0.245614035087719
"4776",0.2695,7.52232778428752,0.833333333333333,0.412037031814376,0.761904761904762,0.8225,0.8,0.85,0.2,0.15,5.33333333333333,0.235294117647059
"4777",0.244,6.52018670228058,0.766666666666667,0.380465234369446,0.72,0.8375,0.9,0.7,0.1,0.3,3,0.142857142857143
"4778",0.431,9.50439582673274,0.933333333333333,0.340028217498031,0.857142857142857,0.956521739130435,0.857142857142857,0.956521739130435,0.142857142857143,0.0434782608695652,19.7142857142857,0.149350649350649
"4779",0.275,7.05766890812175,0.766666666666667,0.406189965793119,0.666666666666667,0.8125,0.875,0.727272727272727,0.125,0.272727272727273,3.20833333333333,0.171875
"4780",0.211,7.17309174131879,0.733333333333333,0.461899073905117,0.666666666666667,0.7125,0.8,0.7,0.2,0.3,2.66666666666667,0.285714285714286
"4781",0.318,7.51978359865745,0.766666666666667,0.385796558224385,0.695652173913043,0.863636363636364,1,0.681818181818182,0,0.318181818181818,3.14285714285714,0
"4782",0.308,7.52440019792713,0.866666666666667,0.391523173116627,0.8,0.869318181818182,1,0.818181818181818,0,0.181818181818182,5.5,0
"4783",0.3275,8.50951638857337,0.933333333333333,0.382747747425306,0.909090909090909,0.894736842105263,0.909090909090909,0.947368421052632,0.0909090909090909,0.0526315789473685,17.2727272727273,0.095959595959596
"4784",0.306,7.51768273680303,0.733333333333333,0.388232931286509,0.714285714285714,0.88,1,0.6,0,0.4,2.5,0
"4785",0.3525,8.50924656009726,0.833333333333333,0.376813790110035,0.705882352941177,0.843915343915344,0.666666666666667,0.904761904761905,0.333333333333333,0.0952380952380952,7,0.368421052631579
"4786",0.227,6.51758712466854,0.7,0.400572871838593,0.64,0.7775,0.8,0.65,0.2,0.35,2.28571428571429,0.307692307692308
"4787",0.287,7.51162286908554,0.8,0.408498744854918,0.75,0.8475,0.9,0.75,0.1,0.25,3.6,0.133333333333333
"4788",0.1495,6.55277418151485,0.733333333333333,0.456743544879335,0.666666666666667,0.735,0.8,0.7,0.2,0.3,2.66666666666667,0.285714285714286
"4789",0.293,7.50708772144744,0.866666666666667,0.398480173134991,0.818181818181818,0.875661375661376,1,0.80952380952381,0,0.19047619047619,5.25,0
"4790",0.3775,8.50520718400803,0.833333333333333,0.365222103619941,0.736842105263158,0.860795454545455,0.875,0.818181818181818,0.125,0.181818181818182,4.8125,0.152777777777778
"4791",0.278,7.52170679747285,0.833333333333333,0.388109278967021,0.761904761904762,0.865,0.8,0.85,0.2,0.15,5.33333333333333,0.235294117647059
"4792",0.2515,7.51295881765482,0.766666666666667,0.458667660256325,0.740740740740741,0.733796296296296,0.833333333333333,0.722222222222222,0.166666666666667,0.277777777777778,3,0.230769230769231
"4793",0.5035,8.50041639311771,0.833333333333333,0.390214585249266,0.705882352941177,0.878472222222222,1,0.791666666666667,0,0.208333333333333,4.8,0
"4794",0.252,7.52542046865068,0.866666666666667,0.394629755518032,0.857142857142857,0.868778280542986,0.923076923076923,0.823529411764706,0.0769230769230769,0.176470588235294,5.23076923076923,0.0934065934065934
"4795",0.3,7.51412237980529,0.8,0.388977629254115,0.727272727272727,0.877840909090909,1,0.727272727272727,0,0.272727272727273,3.66666666666667,0
"4796",0.417,9.50372470928577,0.9,0.352983255873717,0.727272727272727,0.937888198757764,0.571428571428571,1,0.428571428571429,0,Inf,0.428571428571429
"4797",0.4685,8.50342963696095,0.866666666666667,0.343056597585982,0.666666666666667,0.918269230769231,1,0.846153846153846,0,0.153846153846154,6.5,0
"4798",0.3975,9.49989927054481,0.933333333333333,0.363477492011311,0.888888888888889,0.955026455026455,0.888888888888889,0.952380952380952,0.111111111111111,0.0476190476190477,18.6666666666666,0.116666666666667
"4799",0.321,7.51153957278563,0.866666666666667,0.34592191401777,0.75,0.866459627329192,0.857142857142857,0.869565217391304,0.142857142857143,0.130434782608696,6.57142857142857,0.164285714285714
"4800",0.3355,8.50608234020772,0.866666666666667,0.382402410344136,0.777777777777778,0.81,0.7,0.95,0.3,0.05,14,0.315789473684211
"4801",0.1925,6.55028123363848,0.733333333333333,0.451739757204423,0.714285714285714,0.77511961722488,0.909090909090909,0.631578947368421,0.0909090909090909,0.368421052631579,2.46753246753247,0.143939393939394
"4802",0.3135,7.60213725584569,0.833333333333333,0.352422611597421,0.666666666666667,0.875776397515528,0.714285714285714,0.869565217391304,0.285714285714286,0.130434782608696,5.47619047619048,0.328571428571429
"4803",0.387,9.02318103958103,0.9,0.344808847309298,0.8,0.90625,0.75,0.954545454545455,0.25,0.0454545454545454,16.5,0.261904761904762
"4804",0.295,7.50702770884611,0.766666666666667,0.401097952968431,0.72,0.857142857142857,1,0.666666666666667,0,0.333333333333333,3,0
"4805",0.338,7.51059862361234,0.866666666666667,0.321543575910455,0.75,0.951388888888889,1,0.833333333333333,0,0.166666666666667,6,0
"4806",0.262,7.51392705969942,0.7,0.436711076147663,0.64,0.744019138755981,0.727272727272727,0.684210526315789,0.272727272727273,0.315789473684211,2.3030303030303,0.398601398601399
"4807",0.2425,7.52007247091821,0.733333333333333,0.453675211358569,0.714285714285714,0.771493212669683,0.769230769230769,0.705882352941177,0.230769230769231,0.294117647058823,2.61538461538462,0.326923076923077
"4808",0.216,6.51703844803662,0.766666666666667,0.419232802922582,0.740740740740741,0.819444444444445,0.833333333333333,0.722222222222222,0.166666666666667,0.277777777777778,3,0.230769230769231
"4809",0.471,10.5076427770784,0.866666666666667,0.356644865098848,0.777777777777778,0.902116402116402,0.777777777777778,0.904761904761905,0.222222222222222,0.0952380952380952,8.16666666666667,0.245614035087719
"4810",0.161,6.54955908137801,0.8,0.46784588505981,0.727272727272727,0.761904761904762,0.888888888888889,0.761904761904762,0.111111111111111,0.238095238095238,3.73333333333333,0.145833333333333
"4811",0.2635,7.51695081104194,0.766666666666667,0.450610365881387,0.740740740740741,0.756944444444444,0.833333333333333,0.722222222222222,0.166666666666667,0.277777777777778,3,0.230769230769231
"4812",0.414,9.50286156883814,0.8,0.40392068484451,0.571428571428571,0.775132275132275,0.444444444444444,0.952380952380952,0.555555555555556,0.0476190476190477,9.33333333333332,0.583333333333333
"4813",0.5735,9.49030593217694,0.8,0.424177971069601,0.666666666666667,0.764550264550264,0.666666666666667,0.857142857142857,0.333333333333333,0.142857142857143,4.66666666666667,0.388888888888889
"4814",0.4115,8.50268580504721,0.8,0.374737229617825,0.666666666666667,0.791925465838509,0.857142857142857,0.782608695652174,0.142857142857143,0.217391304347826,3.94285714285714,0.182539682539683
"4815",0.229,7.51535419772669,0.833333333333333,0.471625289315758,0.814814814814815,0.852941176470588,0.846153846153846,0.823529411764706,0.153846153846154,0.176470588235294,4.79487179487179,0.186813186813187
"4816",0.3015,7.51464777249308,0.666666666666667,0.420643476300276,0.615384615384615,0.75,0.8,0.6,0.2,0.4,2,0.333333333333333
"4817",0.2745,7.51842348036306,0.766666666666667,0.431085690366024,0.666666666666667,0.740740740740741,0.777777777777778,0.761904761904762,0.222222222222222,0.238095238095238,3.26666666666667,0.291666666666667
"4818",0.38,8.51504709894282,0.8,0.400085585578239,0.75,0.851851851851852,0.75,0.833333333333333,0.25,0.166666666666667,4.5,0.3
"4819",0.3,7.52558800023363,0.766666666666667,0.400003260715475,0.666666666666667,0.815340909090909,0.875,0.727272727272727,0.125,0.272727272727273,3.20833333333333,0.171875
"4820",0.312,7.52486232414212,0.733333333333333,0.416460687461313,0.555555555555556,0.736111111111111,0.833333333333333,0.708333333333333,0.166666666666667,0.291666666666667,2.85714285714286,0.235294117647059
"4821",0.2415,7.51452397509288,0.9,0.447079845993815,0.88,0.907239819004525,0.846153846153846,0.941176470588235,0.153846153846154,0.0588235294117647,14.3846153846154,0.163461538461538
"4822",0.2925,7.51909893485116,0.8,0.382757377549068,0.666666666666667,0.832386363636364,0.75,0.818181818181818,0.25,0.181818181818182,4.125,0.305555555555556
"4823",0.301,7.51005029023066,0.733333333333333,0.391184063329262,0.6,0.795454545454545,0.75,0.727272727272727,0.25,0.272727272727273,2.75,0.34375
"4824",0.2645,7.52138980837808,0.8,0.418569708514294,0.7,0.8025,0.7,0.85,0.3,0.15,4.66666666666667,0.352941176470588
"4825",0.2985,7.51548377127228,0.833333333333333,0.381348194097644,0.705882352941177,0.786931818181818,0.75,0.863636363636364,0.25,0.136363636363636,5.5,0.289473684210526
"4826",0.247,7.52085529888091,0.733333333333333,0.44615997549894,0.692307692307692,0.8125,0.75,0.722222222222222,0.25,0.277777777777778,2.7,0.346153846153846
"4827",0.257,7.06331718830688,0.8,0.399649756137471,0.7,0.806878306878307,0.777777777777778,0.80952380952381,0.222222222222222,0.19047619047619,4.08333333333333,0.274509803921569
"4828",0.338,7.52961220834951,0.7,0.493035943054003,0.608695652173913,0.707386363636364,0.875,0.636363636363636,0.125,0.363636363636364,2.40625,0.196428571428571
"4829",0.1755,5.52439255079165,0.666666666666667,0.423330165960539,0.615384615384615,0.767195767195767,0.888888888888889,0.571428571428571,0.111111111111111,0.428571428571429,2.07407407407407,0.194444444444445
"4830",0.251,7.03830859038424,0.933333333333333,0.410741740377395,0.916666666666667,0.974537037037037,0.916666666666667,0.944444444444444,0.0833333333333334,0.0555555555555556,16.5,0.0882352941176471
"4831",0.351,8.50392186579828,0.866666666666667,0.3684070926119,0.777777777777778,0.888888888888889,0.777777777777778,0.904761904761905,0.222222222222222,0.0952380952380952,8.16666666666667,0.245614035087719
"4832",0.3025,7.507111680694,0.766666666666667,0.374574908567203,0.695652173913043,0.828042328042328,0.888888888888889,0.714285714285714,0.111111111111111,0.285714285714286,3.11111111111111,0.155555555555556
"4833",0.214,6.5192098381662,0.766666666666667,0.422732973427835,0.72,0.830143540669857,0.818181818181818,0.736842105263158,0.181818181818182,0.263157894736842,3.10909090909091,0.246753246753247
"4834",0.2815,7.53375596784805,0.7,0.449509782603063,0.64,0.7275,0.8,0.65,0.2,0.35,2.28571428571429,0.307692307692308
"4835",0.311,7.52221303850863,0.833333333333333,0.359006749855938,0.761904761904762,0.900568181818182,1,0.772727272727273,0,0.227272727272727,4.4,0
"4836",0.1935,6.54814249955109,0.733333333333333,0.426205866705103,0.636363636363636,0.78125,0.875,0.681818181818182,0.125,0.318181818181818,2.75,0.183333333333333
"4837",0.2845,7.53394487614463,0.8,0.441241390994374,0.666666666666667,0.713068181818182,0.75,0.818181818181818,0.25,0.181818181818182,4.125,0.305555555555556
"4838",0.1805,6.52282215209796,0.833333333333333,0.479851419276427,0.814814814814815,0.875565610859729,0.846153846153846,0.823529411764706,0.153846153846154,0.176470588235294,4.79487179487179,0.186813186813187
"4839",0.3045,7.51505384318854,0.766666666666667,0.391428464735265,0.631578947368421,0.786931818181818,0.75,0.772727272727273,0.25,0.227272727272727,3.3,0.323529411764706
"4840",0.2845,7.51836592515929,0.833333333333333,0.404573793003587,0.8,0.855,1,0.75,0,0.25,4,0
"4841",0.2885,7.51239740032971,0.733333333333333,0.407126131034934,0.714285714285714,0.820574162679426,0.909090909090909,0.631578947368421,0.0909090909090909,0.368421052631579,2.46753246753247,0.143939393939394
"4842",0.352,9.51106599164525,0.833333333333333,0.438125806068197,0.761904761904762,0.861111111111111,0.666666666666667,0.944444444444444,0.333333333333333,0.0555555555555556,12,0.352941176470588
"4843",0.308,7.53000472559544,0.733333333333333,0.427935052530254,0.636363636363636,0.767195767195767,0.777777777777778,0.714285714285714,0.222222222222222,0.285714285714286,2.72222222222222,0.311111111111111
"4844",0.2975,7.51150881248384,0.8,0.386308067089052,0.75,0.8525,0.9,0.75,0.1,0.25,3.6,0.133333333333333
"4845",0.254,7.51580937731965,0.866666666666667,0.422978095855671,0.8,0.906698564593301,0.727272727272727,0.947368421052632,0.272727272727273,0.0526315789473685,13.8181818181818,0.287878787878788
"4846",0.29,7.51251483541277,0.833333333333333,0.386755462044407,0.8,0.8975,1,0.75,0,0.25,4,0
"4847",0.2455,6.51955680874629,0.766666666666667,0.389691779817057,0.72,0.891534391534392,1,0.666666666666667,0,0.333333333333333,3,0
"4848",0.2895,7.51379669627603,0.8,0.399741039878224,0.727272727272727,0.838624338624339,0.888888888888889,0.761904761904762,0.111111111111111,0.238095238095238,3.73333333333333,0.145833333333333
"4849",0.2855,7.51574173016685,0.666666666666667,0.443272395505144,0.583333333333333,0.666666666666667,0.777777777777778,0.619047619047619,0.222222222222222,0.380952380952381,2.04166666666667,0.358974358974359
"4850",0.2085,7.52192922174702,0.733333333333333,0.507673999038508,0.733333333333333,0.764444444444444,0.733333333333333,0.733333333333333,0.266666666666667,0.266666666666667,2.75,0.363636363636364
"4851",0.1325,5.53810966642532,0.666666666666667,0.472289750470541,0.615384615384615,0.708133971291866,0.727272727272727,0.631578947368421,0.272727272727273,0.368421052631579,1.97402597402597,0.431818181818182
"4852",0.251,7.51455469586242,0.8,0.443360973849424,0.75,0.796296296296296,0.75,0.833333333333333,0.25,0.166666666666667,4.5,0.3
"4853",0.2955,7.51244550744686,0.9,0.366953622849304,0.857142857142857,0.968253968253968,1,0.857142857142857,0,0.142857142857143,7,0
"4854",0.417,10.0173440729699,0.9,0.353972495977352,0.823529411764706,0.952380952380952,0.777777777777778,0.952380952380952,0.222222222222222,0.0476190476190477,16.3333333333333,0.233333333333333
"4855",0.2905,7.51424035707865,0.8,0.389905046517711,0.7,0.846560846560847,0.777777777777778,0.80952380952381,0.222222222222222,0.19047619047619,4.08333333333333,0.274509803921569
"4856",0.2695,7.51242648991821,0.8,0.410021130862709,0.75,0.851674641148325,0.818181818181818,0.789473684210526,0.181818181818182,0.210526315789474,3.88636363636364,0.23030303030303
"4857",0.4515,8.56825261929051,0.8,0.411045040972007,0.666666666666667,0.767045454545455,0.75,0.818181818181818,0.25,0.181818181818182,4.125,0.305555555555556
"4858",0.291,7.52707778922438,0.833333333333333,0.411164941098249,0.761904761904762,0.804232804232804,0.888888888888889,0.80952380952381,0.111111111111111,0.19047619047619,4.66666666666667,0.137254901960784
"4859",0.2845,7.53497474513562,0.666666666666667,0.479024624685137,0.642857142857143,0.722488038277512,0.818181818181818,0.578947368421053,0.181818181818182,0.421052631578947,1.94318181818182,0.314049586776859
"4860",0.27,7.53283334925233,0.8,0.421683692058633,0.785714285714286,0.826388888888889,0.916666666666667,0.722222222222222,0.0833333333333334,0.277777777777778,3.3,0.115384615384615
"4861",0.172,6.54675208962402,0.733333333333333,0.459575263530864,0.714285714285714,0.732057416267943,0.909090909090909,0.631578947368421,0.0909090909090909,0.368421052631579,2.46753246753247,0.143939393939394
"4862",0.2755,7.51597838157186,0.8,0.41048830854863,0.769230769230769,0.858851674641148,0.909090909090909,0.736842105263158,0.0909090909090909,0.263157894736842,3.45454545454545,0.123376623376623
"4863",0.3025,7.50869750039577,0.866666666666667,0.371875064651182,0.8,0.903409090909091,1,0.818181818181818,0,0.181818181818182,5.5,0
"4864",0.3415,8.51255846809797,0.8,0.402231177208199,0.727272727272727,0.813397129186603,0.727272727272727,0.842105263157895,0.272727272727273,0.157894736842105,4.6060606060606,0.323863636363636
"4865",0.603,11.4455070527932,0.966666666666667,0.317234933695161,0.8,0.969135802469136,0.666666666666667,1,0.333333333333333,0,Inf,0.333333333333333
"4866",0.2655,6.5123759940186,0.833333333333333,0.363085128817646,0.736842105263158,0.900621118012422,1,0.782608695652174,0,0.217391304347826,4.6,0
"4867",0.4255,9.50451440411061,0.833333333333333,0.376236553760794,0.705882352941177,0.806878306878307,0.666666666666667,0.904761904761905,0.333333333333333,0.0952380952380952,7,0.368421052631579
"4868",0.3845,8.51155201929195,0.9,0.332097497093727,0.8,0.959627329192547,0.857142857142857,0.91304347826087,0.142857142857143,0.0869565217391305,9.85714285714285,0.156462585034014
"4869",0.182,6.53838093634419,0.8,0.426524475922294,0.8,0.835648148148148,1,0.666666666666667,0,0.333333333333333,3,0
"4870",0.257,7.07432914018194,0.733333333333333,0.417096927464766,0.666666666666667,0.785,0.8,0.7,0.2,0.3,2.66666666666667,0.285714285714286
"4871",0.7115,9.46147319094272,0.766666666666667,0.476683299340839,0.588235294117647,0.748447204968944,0.714285714285714,0.782608695652174,0.285714285714286,0.217391304347826,3.28571428571429,0.365079365079365
"4872",0.326,7.51564216629319,0.8,0.367643982821172,0.666666666666667,0.869565217391304,0.857142857142857,0.782608695652174,0.142857142857143,0.217391304347826,3.94285714285714,0.182539682539683
"4873",0.306,7.51157302888689,0.766666666666667,0.385940842739324,0.695652173913043,0.857142857142857,0.888888888888889,0.714285714285714,0.111111111111111,0.285714285714286,3.11111111111111,0.155555555555556
"4874",0.361,8.51770784568275,0.9,0.371701426078453,0.869565217391304,0.933014354066986,0.909090909090909,0.894736842105263,0.0909090909090909,0.105263157894737,8.63636363636364,0.101604278074866
"4875",0.2705,7.51240835047751,0.833333333333333,0.406004336695272,0.8,0.892344497607656,0.909090909090909,0.789473684210526,0.0909090909090909,0.210526315789474,4.31818181818182,0.115151515151515
"4876",0.316,7.51779146616211,0.833333333333333,0.353716506839247,0.761904761904762,0.920454545454545,1,0.772727272727273,0,0.227272727272727,4.4,0
"4877",0.487,9.0056751121963,0.8,0.39710431951139,0.625,0.829545454545455,0.625,0.863636363636364,0.375,0.136363636363636,4.58333333333333,0.434210526315789
"4878",0.255,6.51825082921241,0.7,0.382751174575278,0.608695652173913,0.8125,0.875,0.636363636363636,0.125,0.363636363636364,2.40625,0.196428571428571
"4879",0.293,7.51445603694937,0.833333333333333,0.381878238260615,0.705882352941177,0.764204545454546,0.75,0.863636363636364,0.25,0.136363636363636,5.5,0.289473684210526
"4880",0.313,7.5268097686002,0.766666666666667,0.443556753285559,0.666666666666667,0.744318181818182,0.875,0.727272727272727,0.125,0.272727272727273,3.20833333333333,0.171875
"4881",0.2815,7.52139342575383,0.733333333333333,0.40952240786335,0.733333333333333,0.844907407407407,0.916666666666667,0.611111111111111,0.0833333333333334,0.388888888888889,2.35714285714286,0.136363636363636
"4882",0.2905,7.51763842919888,0.8,0.399185220407303,0.75,0.8075,0.9,0.75,0.1,0.25,3.6,0.133333333333333
"4883",0.303,7.52030719565164,0.9,0.330405161739572,0.869565217391304,0.94,1,0.85,0,0.15,6.66666666666667,0
"4884",0.2965,7.05902293614924,0.833333333333333,0.352696048705321,0.666666666666667,0.895833333333333,0.833333333333333,0.833333333333333,0.166666666666667,0.166666666666667,5,0.2
"4885",0.359,9.50626232032359,0.9,0.403942194839601,0.842105263157895,0.92822966507177,0.727272727272727,1,0.272727272727273,0,Inf,0.272727272727273
"4886",0.2255,6.51427685431879,0.733333333333333,0.39746324643488,0.636363636363636,0.767195767195767,0.777777777777778,0.714285714285714,0.222222222222222,0.285714285714286,2.72222222222222,0.311111111111111
"4887",0.294,7.53235019153041,0.733333333333333,0.429171377741246,0.555555555555556,0.729813664596273,0.714285714285714,0.739130434782609,0.285714285714286,0.260869565217391,2.73809523809524,0.38655462184874
"4888",0.1965,7.53987444844257,0.8,0.485939286295435,0.785714285714286,0.816964285714286,0.785714285714286,0.8125,0.214285714285714,0.1875,4.19047619047619,0.263736263736264
"4889",0.261,7.51755540225126,0.766666666666667,0.43530293339181,0.758620689655172,0.833333333333333,0.916666666666667,0.666666666666667,0.0833333333333334,0.333333333333333,2.75,0.125
"4890",0.3085,7.50849258730332,0.9,0.358347498882149,0.823529411764706,0.943181818181818,0.875,0.909090909090909,0.125,0.0909090909090909,9.625,0.1375
"4891",0.252,7.5216097857841,0.8,0.439173200261038,0.769230769230769,0.837962962962963,0.833333333333333,0.777777777777778,0.166666666666667,0.222222222222222,3.75,0.214285714285714
"4892",0.314,7.5069568974062,0.866666666666667,0.352203949147159,0.75,0.872670807453416,0.857142857142857,0.869565217391304,0.142857142857143,0.130434782608696,6.57142857142857,0.164285714285714
"4893",0.4875,9.5006729925841,0.9,0.343270883580899,0.666666666666667,0.932692307692308,0.75,0.923076923076923,0.25,0.0769230769230769,9.75000000000001,0.270833333333333
"4894",0.3115,7.51481162678939,0.766666666666667,0.381415825019668,0.695652173913043,0.867724867724868,0.888888888888889,0.714285714285714,0.111111111111111,0.285714285714286,3.11111111111111,0.155555555555556
"4895",0.464,10.0056146915589,0.933333333333333,0.334284215887493,0.857142857142857,0.956521739130435,0.857142857142857,0.956521739130435,0.142857142857143,0.0434782608695652,19.7142857142857,0.149350649350649
"4896",0.4175,9.06993728344525,0.8,0.391075430627422,0.571428571428571,0.784090909090909,0.5,0.909090909090909,0.5,0.0909090909090909,5.5,0.55
"4897",0.319,7.51386104139763,0.733333333333333,0.404914228978088,0.5,0.645833333333333,0.666666666666667,0.75,0.333333333333333,0.25,2.66666666666667,0.444444444444444
"4898",0.5305,9.49661026434574,0.866666666666667,0.368887044349028,0.75,0.840909090909091,0.75,0.909090909090909,0.25,0.0909090909090909,8.25,0.275
"4899",0.3235,7.51144916658979,0.833333333333333,0.36550696738381,0.666666666666667,0.881944444444444,0.833333333333333,0.833333333333333,0.166666666666667,0.166666666666667,5,0.2
"4900",0.172,6.55196862461157,0.733333333333333,0.471070875287259,0.666666666666667,0.738095238095238,0.888888888888889,0.666666666666667,0.111111111111111,0.333333333333333,2.66666666666667,0.166666666666667
"4901",0.1365,5.51966392027758,0.733333333333333,0.483423375459941,0.733333333333333,0.832579185520362,0.846153846153846,0.647058823529412,0.153846153846154,0.352941176470588,2.3974358974359,0.237762237762238
"4902",0.191,6.54515283432469,0.766666666666667,0.435288299528802,0.740740740740741,0.805,1,0.65,0,0.35,2.85714285714286,0
"4903",0.3075,7.51027868833738,0.766666666666667,0.385734553786875,0.588235294117647,0.720496894409938,0.714285714285714,0.782608695652174,0.285714285714286,0.217391304347826,3.28571428571429,0.365079365079365
"4904",0.2935,7.51402586581722,0.8,0.380012692044882,0.769230769230769,0.849282296650718,0.909090909090909,0.736842105263158,0.0909090909090909,0.263157894736842,3.45454545454545,0.123376623376623
"4905",0.282,7.52268525313657,0.866666666666667,0.399549908492537,0.8,0.880952380952381,0.888888888888889,0.857142857142857,0.111111111111111,0.142857142857143,6.22222222222222,0.12962962962963
"4906",0.4195,9.51031048318284,0.8,0.417252734163607,0.7,0.785,0.7,0.85,0.3,0.15,4.66666666666667,0.352941176470588
"4907",0.323,8.10312994062512,0.833333333333333,0.381611029103098,0.666666666666667,0.778409090909091,0.625,0.909090909090909,0.375,0.0909090909090909,6.875,0.4125
"4908",0.235,7.52281227905211,0.766666666666667,0.46971514741718,0.740740740740741,0.778280542986425,0.769230769230769,0.764705882352941,0.230769230769231,0.235294117647059,3.26923076923077,0.301775147928994
"4909",0.338,7.51090063697477,0.733333333333333,0.380007324205073,0.6,0.822916666666667,1,0.666666666666667,0,0.333333333333333,3,0
"4910",0.272,7.51449649247565,0.8,0.413670833748141,0.727272727272727,0.855,0.8,0.8,0.2,0.2,4,0.25
"4911",0.26,7.51480084136246,0.866666666666667,0.416868043703707,0.8,0.825,0.8,0.9,0.2,0.1,8,0.222222222222222
"4912",0.2865,7.51930189281827,0.9,0.391467056718889,0.857142857142857,0.91005291005291,1,0.857142857142857,0,0.142857142857143,7,0
"4913",0.3165,8.51339497033554,0.933333333333333,0.394332009248955,0.909090909090909,0.985645933014354,0.909090909090909,0.947368421052632,0.0909090909090909,0.0526315789473685,17.2727272727273,0.095959595959596
"4914",0.382,9.03079781512895,0.9,0.355400548011734,0.769230769230769,0.801136363636364,0.625,1,0.375,0,Inf,0.375
"4915",0.203,6.52327789274786,0.8,0.439656416259216,0.769230769230769,0.840277777777778,0.833333333333333,0.777777777777778,0.166666666666667,0.222222222222222,3.75,0.214285714285714
"4916",0.327,7.52190247468428,0.8,0.375541553338711,0.769230769230769,0.88,1,0.7,0,0.3,3.33333333333333,0
"4917",0.281,7.51726177470053,0.666666666666667,0.428350844871463,0.545454545454545,0.69047619047619,0.666666666666667,0.666666666666667,0.333333333333333,0.333333333333333,2,0.5
"4918",0.2705,7.51598867982973,0.8,0.418187619026457,0.769230769230769,0.826388888888889,0.833333333333333,0.777777777777778,0.166666666666667,0.222222222222222,3.75,0.214285714285714
"4919",0.143,5.53307276859038,0.6,0.472370079069903,0.6,0.660287081339713,0.818181818181818,0.473684210526316,0.181818181818182,0.526315789473684,1.55454545454545,0.383838383838384
"4920",0.196,6.53467333449104,0.833333333333333,0.377937455032912,0.736842105263158,0.855113636363636,0.875,0.818181818181818,0.125,0.181818181818182,4.8125,0.152777777777778
"4921",0.455,10.0599836791875,0.866666666666667,0.349535294733497,0.75,0.931216931216931,0.666666666666667,0.952380952380952,0.333333333333333,0.0476190476190477,14,0.35
"4922",0.237,7.05904198912029,0.8,0.434662735362823,0.785714285714286,0.858796296296296,0.916666666666667,0.722222222222222,0.0833333333333334,0.277777777777778,3.3,0.115384615384615
"4923",0.3555,8.51289259501585,0.9,0.367509918013595,0.842105263157895,0.92,0.8,0.95,0.2,0.05,16,0.210526315789474
"4924",0.258,7.06970596544631,0.766666666666667,0.406784313428282,0.695652173913043,0.7975,0.8,0.75,0.2,0.25,3.2,0.266666666666667
"4925",0.2975,7.52501499800936,0.766666666666667,0.3917244168421,0.631578947368421,0.832298136645963,0.857142857142857,0.739130434782609,0.142857142857143,0.260869565217391,3.28571428571429,0.19327731092437
"4926",0.2465,7.51763215970905,0.8,0.436247661881406,0.75,0.831018518518518,0.75,0.833333333333333,0.25,0.166666666666667,4.5,0.3
"4927",0.2915,7.52385288304391,0.833333333333333,0.39715857055253,0.814814814814815,0.858851674641148,1,0.736842105263158,0,0.263157894736842,3.8,0
"4928",0.2365,6.51643351702459,0.8,0.40797119471794,0.75,0.846560846560847,1,0.714285714285714,0,0.285714285714286,3.5,0
"4929",0.177,7.08566761812029,0.8,0.539913011805392,0.823529411764706,0.801339285714286,0.875,0.714285714285714,0.125,0.285714285714286,3.0625,0.175
"4930",0.3775,8.50380001743816,0.833333333333333,0.359337606530874,0.666666666666667,0.84472049689441,0.714285714285714,0.869565217391304,0.285714285714286,0.130434782608696,5.47619047619048,0.328571428571429
"4931",0.3715,8.5132402176681,0.833333333333333,0.380150033612352,0.705882352941177,0.840909090909091,0.75,0.863636363636364,0.25,0.136363636363636,5.5,0.289473684210526
"4932",0.69,12.3506460743923,0.933333333333333,0.341137534528617,0.666666666666667,0.932692307692308,0.5,1,0.5,0,Inf,0.5
"4933",0.4655,10.0077945973654,1,0.300670754127025,1,1,1,1,0,0,Inf,0
"4934",0.481,9.50043081836493,0.866666666666667,0.347458001780905,0.714285714285714,0.930555555555556,0.833333333333333,0.875,0.166666666666667,0.125,6.66666666666667,0.19047619047619
"4935",0.27,7.52282668232713,0.8,0.413220566288872,0.75,0.84688995215311,0.818181818181818,0.789473684210526,0.181818181818182,0.210526315789474,3.88636363636364,0.23030303030303
"4936",0.2315,6.51558205514173,0.866666666666667,0.395462590105322,0.833333333333333,0.937799043062201,0.909090909090909,0.842105263157895,0.0909090909090909,0.157894736842105,5.75757575757576,0.107954545454545
"4937",0.4975,8.50094643759215,0.666666666666667,0.542831991553419,0.545454545454545,0.625,0.6,0.7,0.4,0.3,2,0.571428571428572
"4938",0.444,9.50980829011374,0.833333333333333,0.37838647083294,0.705882352941177,0.772486772486772,0.666666666666667,0.904761904761905,0.333333333333333,0.0952380952380952,7,0.368421052631579
"4939",0.264,7.51859835995867,0.8,0.418960078396779,0.75,0.808612440191388,0.818181818181818,0.789473684210526,0.181818181818182,0.210526315789474,3.88636363636364,0.23030303030303
"4940",0.2195,6.52602230426689,0.833333333333333,0.406463636763666,0.782608695652174,0.845,0.9,0.8,0.1,0.2,4.5,0.125
"4941",0.1955,7.08618887738639,0.8,0.496611358954891,0.8,0.821428571428571,0.857142857142857,0.75,0.142857142857143,0.25,3.42857142857143,0.190476190476191
"4942",0.2625,7.51730516409948,0.866666666666667,0.41148353423652,0.777777777777778,0.835,0.7,0.95,0.3,0.05,14,0.315789473684211
"4943",0.344,8.51029925224008,0.866666666666667,0.36993614734482,0.714285714285714,0.818181818181818,0.625,0.954545454545455,0.375,0.0454545454545454,13.75,0.392857142857143
"4944",0.277,7.53235578751474,0.833333333333333,0.416767819522248,0.782608695652174,0.8275,0.9,0.8,0.1,0.2,4.5,0.125
"4945",0.259,7.52399351706731,0.833333333333333,0.42699621030977,0.761904761904762,0.8075,0.8,0.85,0.2,0.15,5.33333333333333,0.235294117647059
"4946",0.2075,6.51537112831009,0.8,0.438830289219184,0.785714285714286,0.861111111111111,0.916666666666667,0.722222222222222,0.0833333333333334,0.277777777777778,3.3,0.115384615384615
"4947",0.361,8.51403141888836,0.866666666666667,0.350012271920255,0.777777777777778,0.926136363636364,0.875,0.863636363636364,0.125,0.136363636363636,6.41666666666667,0.144736842105263
"4948",0.305,7.52348508202851,0.733333333333333,0.409613583352549,0.6,0.767080745341615,0.857142857142857,0.695652173913043,0.142857142857143,0.304347826086957,2.81632653061224,0.205357142857143
"4949",0.3385,7.51536526791435,0.9,0.33275743205337,0.727272727272727,0.792,0.8,0.92,0.2,0.08,10,0.217391304347826
"4950",0.264,7.5053436480676,0.866666666666667,0.410436757668044,0.833333333333333,0.863636363636364,0.909090909090909,0.842105263157895,0.0909090909090909,0.157894736842105,5.75757575757576,0.107954545454545
"4951",0.1555,6.54987206182209,0.833333333333333,0.422882040628405,0.761904761904762,0.8075,0.8,0.85,0.2,0.15,5.33333333333333,0.235294117647059
"4952",0.302,7.51477183449968,0.833333333333333,0.363905318571019,0.666666666666667,0.835403726708075,0.714285714285714,0.869565217391304,0.285714285714286,0.130434782608696,5.47619047619048,0.328571428571429
"4953",0.2505,7.51146744578567,0.833333333333333,0.429739019899989,0.8,0.824074074074074,0.833333333333333,0.833333333333333,0.166666666666667,0.166666666666667,5,0.2
"4954",0.2905,7.51205177344689,0.766666666666667,0.387608868745987,0.631578947368421,0.761904761904762,0.666666666666667,0.80952380952381,0.333333333333333,0.19047619047619,3.5,0.411764705882353
"4955",0.43,9.50690670877452,0.8,0.394040161981208,0.625,0.764550264550265,0.555555555555556,0.904761904761905,0.444444444444444,0.0952380952380952,5.83333333333333,0.491228070175439
"4956",0.293,7.51045568486416,0.9,0.370906258054924,0.8,0.940340909090909,0.75,0.954545454545455,0.25,0.0454545454545454,16.5,0.261904761904762
"4957",0.2745,7.5109503730102,0.933333333333333,0.389500183770945,0.9,0.9025,0.9,0.95,0.1,0.05,18,0.105263157894737
"4958",0.1385,6.54924755354502,0.8,0.476052121574589,0.769230769230769,0.8125,0.833333333333333,0.777777777777778,0.166666666666667,0.222222222222222,3.75,0.214285714285714
"4959",0.412,8.50974709745461,0.9,0.339190346794896,0.823529411764706,0.923295454545455,0.875,0.909090909090909,0.125,0.0909090909090909,9.625,0.1375
"4960",0.5295,8.89887262186367,0.833333333333333,0.381945819254196,0.666666666666667,0.875,0.833333333333333,0.833333333333333,0.166666666666667,0.166666666666667,5,0.2
"4961",0.5215,10.4933953182911,0.9,0.337865720252273,0.727272727272727,0.913194444444444,0.666666666666667,0.958333333333333,0.333333333333333,0.0416666666666666,16,0.347826086956522
"4962",0.2265,6.51172968174565,0.833333333333333,0.409726728735541,0.814814814814815,0.905092592592593,0.916666666666667,0.777777777777778,0.0833333333333334,0.222222222222222,4.125,0.107142857142857
"4963",0.2425,7.51250642259969,0.733333333333333,0.474531565905442,0.692307692307692,0.752314814814815,0.75,0.722222222222222,0.25,0.277777777777778,2.7,0.346153846153846
"4964",0.3715,8.51018592693472,0.866666666666667,0.385917617676742,0.777777777777778,0.806818181818182,0.875,0.863636363636364,0.125,0.136363636363636,6.41666666666667,0.144736842105263
"4965",0.2865,7.52780295439674,0.8,0.393205433286124,0.727272727272727,0.865079365079365,0.888888888888889,0.761904761904762,0.111111111111111,0.238095238095238,3.73333333333333,0.145833333333333
"4966",0.293,7.51636884727,0.8,0.399842856229614,0.727272727272727,0.825396825396825,0.888888888888889,0.761904761904762,0.111111111111111,0.238095238095238,3.73333333333333,0.145833333333333
"4967",0.188,6.53872999218106,0.766666666666667,0.417070338261803,0.695652173913043,0.806878306878307,0.888888888888889,0.714285714285714,0.111111111111111,0.285714285714286,3.11111111111111,0.155555555555556
"4968",0.318,7.51421554138378,0.766666666666667,0.366494818021378,0.631578947368421,0.838509316770186,0.857142857142857,0.739130434782609,0.142857142857143,0.260869565217391,3.28571428571429,0.19327731092437
"4969",0.268,7.52725351858143,0.8,0.429621509146289,0.75,0.8025,0.9,0.75,0.1,0.25,3.6,0.133333333333333
"4970",0.42,9.50248288273513,0.866666666666667,0.373456183684825,0.777777777777778,0.904761904761905,0.777777777777778,0.904761904761905,0.222222222222222,0.0952380952380952,8.16666666666667,0.245614035087719
"4971",0.2435,7.54687067649919,0.733333333333333,0.469398799953517,0.5,0.605113636363636,0.5,0.818181818181818,0.5,0.181818181818182,2.75,0.611111111111111
"4972",0.2875,7.511735812459,0.833333333333333,0.39717703736134,0.782608695652174,0.9025,0.9,0.8,0.1,0.2,4.5,0.125
"4973",0.2565,7.51034938323767,0.8,0.430394932427932,0.769230769230769,0.858796296296296,0.833333333333333,0.777777777777778,0.166666666666667,0.222222222222222,3.75,0.214285714285714
"4974",0.28,7.52074622568784,0.766666666666667,0.413417605019919,0.72,0.789473684210526,0.818181818181818,0.736842105263158,0.181818181818182,0.263157894736842,3.10909090909091,0.246753246753247
"4975",0.311,7.50794918025883,0.8,0.378836600315014,0.625,0.835403726708075,0.714285714285714,0.826086956521739,0.285714285714286,0.173913043478261,4.10714285714286,0.345864661654135
"4976",0.233,7.11532150084102,0.833333333333333,0.381005509740895,0.8,0.899521531100478,0.909090909090909,0.789473684210526,0.0909090909090909,0.210526315789474,4.31818181818182,0.115151515151515
"4977",0.344,7.51471092591894,0.8,0.368210572944381,0.5,0.711538461538462,0.75,0.807692307692308,0.25,0.192307692307692,3.9,0.30952380952381
"4978",0.2685,7.05304709794441,0.833333333333333,0.380770811088722,0.761904761904762,0.867724867724868,0.888888888888889,0.80952380952381,0.111111111111111,0.19047619047619,4.66666666666667,0.137254901960784
"4979",0.3055,7.51815067836036,0.666666666666667,0.421023753546182,0.583333333333333,0.71957671957672,0.777777777777778,0.619047619047619,0.222222222222222,0.380952380952381,2.04166666666667,0.358974358974359
"4980",0.275,7.5099077475402,0.866666666666667,0.395117981592093,0.833333333333333,0.933014354066986,0.909090909090909,0.842105263157895,0.0909090909090909,0.157894736842105,5.75757575757576,0.107954545454545
"4981",0.3275,7.51138711241323,0.866666666666667,0.346006002497331,0.75,0.930555555555556,1,0.833333333333333,0,0.166666666666667,6,0
"4982",0.248,7.52318722600947,0.8,0.442232841122303,0.727272727272727,0.779904306220096,0.727272727272727,0.842105263157895,0.272727272727273,0.157894736842105,4.6060606060606,0.323863636363636
"4983",0.183,5.52607067011656,0.7,0.404585602659347,0.666666666666667,0.8025,0.9,0.6,0.1,0.4,2.25,0.166666666666667
"4984",0.2875,7.53185861224768,0.666666666666667,0.456225160432185,0.615384615384615,0.7275,0.8,0.6,0.2,0.4,2,0.333333333333333
"4985",0.2025,6.54350275328163,0.733333333333333,0.454162939906769,0.666666666666667,0.775568181818182,1,0.636363636363636,0,0.363636363636364,2.75,0
"4986",0.271,7.52510521365498,0.8,0.417928024140179,0.727272727272727,0.7775,0.8,0.8,0.2,0.2,4,0.25
"4987",0.388,9.51046500273434,0.833333333333333,0.415831694965334,0.736842105263158,0.811004784688995,0.636363636363636,0.947368421052632,0.363636363636364,0.0526315789473685,12.0909090909091,0.383838383838384
"4988",0.236,7.52394768152526,0.8,0.462888467281395,0.785714285714286,0.839366515837104,0.846153846153846,0.764705882352941,0.153846153846154,0.235294117647059,3.59615384615385,0.201183431952663
"4989",0.3325,7.52589206019538,0.8,0.409448321513941,0.7,0.832298136645963,1,0.739130434782609,0,0.260869565217391,3.83333333333333,0
"4990",0.297,8.50899066351864,0.9,0.416420191165616,0.857142857142857,0.916666666666667,0.75,1,0.25,0,Inf,0.25
"4991",0.3145,7.62400026764395,0.866666666666667,0.358672909218871,0.8,0.946022727272727,1,0.818181818181818,0,0.181818181818182,5.5,0
"4992",0.2445,7.53900352992849,0.666666666666667,0.476064727196817,0.642857142857143,0.689814814814815,0.75,0.611111111111111,0.25,0.388888888888889,1.92857142857143,0.409090909090909
"4993",0.3315,8.51108220920196,0.866666666666667,0.392767616838691,0.777777777777778,0.865,0.7,0.95,0.3,0.05,14,0.315789473684211
"4994",0.172,7.23192424079117,0.733333333333333,0.512748584884329,0.666666666666667,0.712962962962963,0.666666666666667,0.777777777777778,0.333333333333333,0.222222222222222,3,0.428571428571429
"4995",0.298,7.50561013961766,0.933333333333333,0.363559022988006,0.909090909090909,0.97,1,0.9,0,0.1,10,0
"4996",0.294,7.0572595645856,0.733333333333333,0.383517528846418,0.666666666666667,0.835227272727273,1,0.636363636363636,0,0.363636363636364,2.75,0
"4997",0.36,8.50684303953219,0.9,0.361979058433552,0.8,0.806818181818182,0.75,0.954545454545455,0.25,0.0454545454545454,16.5,0.261904761904762
"4998",0.2825,7.51709729067486,0.9,0.389613840211432,0.869565217391304,0.9325,1,0.85,0,0.15,6.66666666666667,0
"4999",0.318,7.5225876274312,0.9,0.342530341309073,0.842105263157895,0.914772727272727,1,0.863636363636364,0,0.136363636363636,7.33333333333333,0
"5000",0.2515,7.51636113802753,0.7,0.460019479163845,0.689655172413793,0.726244343891403,0.769230769230769,0.647058823529412,0.230769230769231,0.352941176470588,2.17948717948718,0.356643356643357
