"","acc","rmse","f1","auc","sens","spec","fnr","fpr","plr","nlr"
"1",0.775,0.423345074218625,0.64,0.85989010989011,0.571428571428571,0.884615384615385,0.428571428571429,0.115384615384615,4.95238095238095,0.484472049689441
"2",0.725,0.411237481240325,0.521739130434783,0.810344827586207,0.545454545454545,0.793103448275862,0.454545454545455,0.206896551724138,2.63636363636364,0.573122529644269
"3",0.8,0.362543686253989,0.733333333333333,0.908,0.733333333333333,0.84,0.266666666666667,0.16,4.58333333333333,0.317460317460318
"4",0.85,0.33707253302092,0.666666666666667,0.910394265232975,0.666666666666667,0.903225806451613,0.333333333333333,0.0967741935483871,6.88888888888889,0.369047619047619
"5",0.725,0.478109543941413,0.421052631578947,0.80952380952381,0.333333333333333,0.892857142857143,0.666666666666667,0.107142857142857,3.11111111111111,0.746666666666667
"6",0.875,0.368609865670837,0.782608695652174,0.89031339031339,0.692307692307692,0.962962962962963,0.307692307692308,0.0370370370370371,18.6923076923077,0.319526627218935
"7",0.75,0.418543180847926,0.545454545454545,0.786324786324786,0.461538461538462,0.888888888888889,0.538461538461538,0.111111111111111,4.15384615384615,0.605769230769231
"8",0.775,0.360897940930091,0.608695652173913,0.853046594982079,0.777777777777778,0.774193548387097,0.222222222222222,0.225806451612903,3.44444444444444,0.287037037037037
"9",0.8,0.36200093515358,0.636363636363636,0.897321428571429,0.583333333333333,0.892857142857143,0.416666666666667,0.107142857142857,5.44444444444445,0.466666666666667
"10",0.775,0.418751101933951,0.608695652173913,0.798076923076923,0.5,0.923076923076923,0.5,0.0769230769230769,6.5,0.541666666666667
"11",0.8,0.343629000299698,0.5,0.865234375,0.5,0.875,0.5,0.125,4,0.571428571428571
"12",0.825,0.335309363615883,0.631578947368421,0.9,0.6,0.9,0.4,0.1,6,0.444444444444444
"13",0.85,0.378900497508227,0.727272727272727,0.90922619047619,0.666666666666667,0.928571428571429,0.333333333333333,0.0714285714285714,9.33333333333334,0.358974358974359
"14",0.75,0.403601986867607,0.545454545454545,0.825892857142857,0.5,0.857142857142857,0.5,0.142857142857143,3.5,0.583333333333333
"15",0.925,0.276861089668306,0.823529411764706,0.976702508960573,0.777777777777778,0.967741935483871,0.222222222222222,0.032258064516129,24.1111111111111,0.22962962962963
"16",0.775,0.347932967512345,0.571428571428571,0.793333333333333,0.6,0.833333333333333,0.4,0.166666666666667,3.6,0.48
"17",0.925,0.277486451091836,0.869565217391304,0.962797619047619,0.833333333333333,0.964285714285714,0.166666666666667,0.0357142857142857,23.3333333333333,0.172839506172839
"18",0.85,0.323189765461125,0.727272727272727,0.939068100358423,0.888888888888889,0.838709677419355,0.111111111111111,0.161290322580645,5.51111111111111,0.132478632478633
"19",0.8,0.356212545024705,0.555555555555556,0.776666666666667,0.5,0.9,0.5,0.1,5,0.555555555555556
"20",0.9,0.290306674394099,0.8,0.963333333333333,0.8,0.933333333333333,0.2,0.0666666666666667,12,0.214285714285714
"21",0.85,0.33868673759215,0.7,0.946708463949843,0.636363636363636,0.931034482758621,0.363636363636364,0.0689655172413793,9.22727272727272,0.390572390572391
"22",0.875,0.340683720430104,0.814814814814815,0.933048433048433,0.846153846153846,0.888888888888889,0.153846153846154,0.111111111111111,7.61538461538461,0.173076923076923
"23",0.875,0.338779063429566,0.814814814814815,0.93956043956044,0.785714285714286,0.923076923076923,0.214285714285714,0.0769230769230769,10.2142857142857,0.232142857142857
"24",0.75,0.373193505590212,0.545454545454545,0.807210031347962,0.545454545454545,0.827586206896552,0.454545454545455,0.172413793103448,3.16363636363636,0.549242424242424
"25",0.775,0.406720371758355,0.608695652173913,0.847578347578348,0.538461538461538,0.888888888888889,0.461538461538462,0.111111111111111,4.84615384615384,0.519230769230769
"26",0.75,0.390977290961339,0.583333333333333,0.781666666666667,0.7,0.766666666666667,0.3,0.233333333333333,3,0.391304347826087
"27",0.825,0.36077526055994,0.588235294117647,0.867383512544803,0.555555555555556,0.903225806451613,0.444444444444444,0.0967741935483871,5.74074074074074,0.492063492063492
"28",0.75,0.398705832727177,0.615384615384615,0.847578347578348,0.615384615384615,0.814814814814815,0.384615384615385,0.185185185185185,3.32307692307692,0.472027972027972
"29",0.8,0.400751838948481,0.666666666666667,0.800595238095238,0.666666666666667,0.857142857142857,0.333333333333333,0.142857142857143,4.66666666666667,0.388888888888889
"30",0.85,0.328734853394554,0.727272727272727,0.907523510971787,0.727272727272727,0.896551724137931,0.272727272727273,0.103448275862069,7.03030303030303,0.304195804195804
"31",0.875,0.332336480119802,0.736842105263158,0.91,0.7,0.933333333333333,0.3,0.0666666666666667,10.5,0.321428571428571
"32",0.825,0.35168255108214,0.588235294117647,0.76171875,0.625,0.875,0.375,0.125,5,0.428571428571429
"33",0.875,0.3339218709657,0.782608695652174,0.9002849002849,0.692307692307692,0.962962962962963,0.307692307692308,0.0370370370370371,18.6923076923077,0.319526627218935
"34",0.85,0.342135654400017,0.75,0.894345238095238,0.75,0.892857142857143,0.25,0.107142857142857,7,0.28
"35",0.85,0.335258257558792,0.7,0.922619047619048,0.583333333333333,0.964285714285714,0.416666666666667,0.0357142857142857,16.3333333333333,0.432098765432099
"36",0.775,0.348512875003963,0.608695652173913,0.795,0.7,0.8,0.3,0.2,3.5,0.375
"37",0.725,0.41482535879058,0.592592592592593,0.785714285714286,0.666666666666667,0.75,0.333333333333333,0.25,2.66666666666667,0.444444444444444
"38",0.85,0.324361914805039,0.666666666666667,0.813333333333333,0.6,0.933333333333333,0.4,0.0666666666666667,9,0.428571428571429
"39",0.8,0.370507730561143,0.75,0.858516483516483,0.857142857142857,0.769230769230769,0.142857142857143,0.230769230769231,3.71428571428571,0.185714285714286
"40",0.775,0.366602520064773,0.608695652173913,0.816666666666667,0.7,0.8,0.3,0.2,3.5,0.375
"41",0.825,0.320882150896541,0.666666666666667,0.919354838709677,0.777777777777778,0.838709677419355,0.222222222222222,0.161290322580645,4.82222222222222,0.264957264957265
"42",0.775,0.418623358745516,0.608695652173913,0.885989010989011,0.5,0.923076923076923,0.5,0.0769230769230769,6.5,0.541666666666667
"43",0.85,0.35406627432424,0.75,0.921652421652422,0.692307692307692,0.925925925925926,0.307692307692308,0.0740740740740741,9.34615384615385,0.332307692307692
"44",0.875,0.318977017119874,0.8,0.951566951566952,0.769230769230769,0.925925925925926,0.230769230769231,0.0740740740740741,10.3846153846154,0.249230769230769
"45",0.875,0.318614916984527,0.705882352941177,0.85663082437276,0.666666666666667,0.935483870967742,0.333333333333333,0.0645161290322581,10.3333333333333,0.35632183908046
"46",0.825,0.347674492154363,0.740740740740741,0.907738095238095,0.833333333333333,0.821428571428571,0.166666666666667,0.178571428571429,4.66666666666667,0.202898550724638
"47",0.775,0.40921860661653,0.64,0.825549450549451,0.571428571428571,0.884615384615385,0.428571428571429,0.115384615384615,4.95238095238095,0.484472049689441
"48",0.725,0.431059979314088,0.521739130434783,0.751488095238095,0.5,0.821428571428571,0.5,0.178571428571429,2.8,0.608695652173913
"49",0.8,0.331897516547261,0.555555555555556,0.878787878787879,0.714285714285714,0.818181818181818,0.285714285714286,0.181818181818182,3.92857142857143,0.349206349206349
"50",0.775,0.365690134217902,0.608695652173913,0.827586206896552,0.636363636363636,0.827586206896552,0.363636363636364,0.172413793103448,3.69090909090909,0.439393939393939
"51",0.8,0.325444731851125,0.555555555555556,0.80078125,0.625,0.84375,0.375,0.15625,4,0.444444444444444
"52",0.85,0.344507610796402,0.7,0.874608150470219,0.636363636363636,0.931034482758621,0.363636363636364,0.0689655172413793,9.22727272727272,0.390572390572391
"53",0.8,0.39057027462035,0.636363636363636,0.855654761904762,0.583333333333333,0.892857142857143,0.416666666666667,0.107142857142857,5.44444444444445,0.466666666666667
"54",0.85,0.325227441378087,0.75,0.892857142857143,0.75,0.892857142857143,0.25,0.107142857142857,7,0.28
"55",0.8,0.335583599184252,0.666666666666667,0.896666666666667,0.8,0.8,0.2,0.2,4,0.25
"56",0.7,0.425952468641954,0.538461538461538,0.813333333333333,0.7,0.7,0.3,0.3,2.33333333333333,0.428571428571429
"57",0.85,0.322757583688347,0.727272727272727,0.905956112852665,0.727272727272727,0.896551724137931,0.272727272727273,0.103448275862069,7.03030303030303,0.304195804195804
"58",0.825,0.319391491861531,0.631578947368421,0.892578125,0.75,0.84375,0.25,0.15625,4.8,0.296296296296296
"59",0.85,0.348908978252167,0.7,0.856666666666667,0.7,0.9,0.3,0.1,7,0.333333333333333
"60",0.85,0.344525088181689,0.769230769230769,0.884615384615385,0.769230769230769,0.888888888888889,0.230769230769231,0.111111111111111,6.92307692307692,0.259615384615385
"61",0.85,0.319629717739333,0.625,0.887254901960784,0.833333333333333,0.852941176470588,0.166666666666667,0.147058823529412,5.66666666666667,0.195402298850575
"62",0.775,0.412110826072674,0.608695652173913,0.756666666666667,0.7,0.8,0.3,0.2,3.5,0.375
"63",0.775,0.408910389534412,0.608695652173913,0.833333333333333,0.538461538461538,0.888888888888889,0.461538461538462,0.111111111111111,4.84615384615384,0.519230769230769
"64",0.825,0.362292268041226,0.666666666666667,0.907523510971787,0.636363636363636,0.896551724137931,0.363636363636364,0.103448275862069,6.15151515151515,0.405594405594406
"65",0.725,0.404096106863241,0.521739130434783,0.808777429467085,0.545454545454545,0.793103448275862,0.454545454545455,0.206896551724138,2.63636363636364,0.573122529644269
"66",0.825,0.350881338797336,0.461538461538462,0.768398268398268,0.428571428571429,0.909090909090909,0.571428571428571,0.0909090909090909,4.71428571428571,0.628571428571429
"67",0.825,0.34366099067824,0.695652173913043,0.794642857142857,0.666666666666667,0.892857142857143,0.333333333333333,0.107142857142857,6.22222222222222,0.373333333333333
"68",0.775,0.396198995339068,0.571428571428571,0.76,0.6,0.833333333333333,0.4,0.166666666666667,3.6,0.48
"69",0.7,0.446910223535677,0.5,0.752136752136752,0.461538461538462,0.814814814814815,0.538461538461538,0.185185185185185,2.49230769230769,0.660839160839161
"70",0.825,0.344535514982799,0.631578947368421,0.898333333333333,0.6,0.9,0.4,0.1,6,0.444444444444444
"71",0.8,0.344197058550644,0.6,0.893333333333333,0.6,0.866666666666667,0.4,0.133333333333333,4.5,0.461538461538462
"72",0.7,0.458583344463339,0.571428571428571,0.779947916666667,0.5,0.833333333333333,0.5,0.166666666666667,3,0.6
"73",0.825,0.404425196561171,0.695652173913043,0.888888888888889,0.615384615384615,0.925925925925926,0.384615384615385,0.0740740740740741,8.30769230769231,0.415384615384615
"74",0.85,0.342902723646194,0.666666666666667,0.93010752688172,0.666666666666667,0.903225806451613,0.333333333333333,0.0967741935483871,6.88888888888889,0.369047619047619
"75",0.925,0.291098546291229,0.842105263157895,0.91,0.8,0.966666666666667,0.2,0.0333333333333333,24,0.206896551724138
"76",0.75,0.376699868107142,0.5,0.797805642633229,0.454545454545455,0.862068965517241,0.545454545454545,0.137931034482759,3.29545454545454,0.632727272727273
"77",0.8,0.392268497343551,0.666666666666667,0.815047021943574,0.727272727272727,0.827586206896552,0.272727272727273,0.172413793103448,4.21818181818182,0.329545454545455
"78",0.9,0.282640927468299,0.75,0.96875,0.75,0.9375,0.25,0.0625,12,0.266666666666667
"79",0.8,0.354277918545883,0.6,0.833333333333333,0.666666666666667,0.838709677419355,0.333333333333333,0.161290322580645,4.13333333333333,0.397435897435897
"80",0.875,0.30701801765665,0.782608695652174,0.907738095238095,0.75,0.928571428571429,0.25,0.0714285714285714,10.5,0.269230769230769
"81",0.875,0.331675863602732,0.761904761904762,0.847962382445141,0.727272727272727,0.931034482758621,0.272727272727273,0.0689655172413793,10.5454545454545,0.292929292929293
"82",0.825,0.360333097545959,0.666666666666667,0.822884012539185,0.636363636363636,0.896551724137931,0.363636363636364,0.103448275862069,6.15151515151515,0.405594405594406
"83",0.825,0.361793664990893,0.695652173913043,0.882440476190476,0.666666666666667,0.892857142857143,0.333333333333333,0.107142857142857,6.22222222222222,0.373333333333333
"84",0.725,0.419277289655367,0.421052631578947,0.733333333333333,0.4,0.833333333333333,0.6,0.166666666666667,2.4,0.72
"85",0.725,0.381155576777404,0.521739130434783,0.813333333333333,0.6,0.766666666666667,0.4,0.233333333333333,2.57142857142857,0.521739130434783
"86",0.775,0.363142450757464,0.571428571428571,0.829153605015674,0.545454545454545,0.862068965517241,0.454545454545455,0.137931034482759,3.95454545454545,0.527272727272727
"87",0.875,0.335312181547794,0.8,0.928774928774929,0.769230769230769,0.925925925925926,0.230769230769231,0.0740740740740741,10.3846153846154,0.249230769230769
"88",0.75,0.410194060957882,0.615384615384615,0.806318681318681,0.571428571428571,0.846153846153846,0.428571428571429,0.153846153846154,3.71428571428571,0.506493506493507
"89",0.85,0.364755256972329,0.727272727272727,0.931623931623932,0.615384615384615,0.962962962962963,0.384615384615385,0.0370370370370371,16.6153846153846,0.399408284023669
"90",0.8,0.375955242660835,0.555555555555556,0.866771159874608,0.454545454545455,0.931034482758621,0.545454545454545,0.0689655172413793,6.59090909090909,0.585858585858586
"91",0.65,0.535834958944846,0.416666666666667,0.675595238095238,0.416666666666667,0.75,0.583333333333333,0.25,1.66666666666667,0.777777777777778
"92",0.825,0.403179192956025,0.666666666666667,0.870879120879121,0.5,1,0.5,0,Inf,0.5
"93",0.875,0.337341464672952,0.782608695652174,0.928774928774929,0.692307692307692,0.962962962962963,0.307692307692308,0.0370370370370371,18.6923076923077,0.319526627218935
"94",0.775,0.331257496840377,0.526315789473684,0.919354838709677,0.555555555555556,0.838709677419355,0.444444444444444,0.161290322580645,3.44444444444445,0.52991452991453
"95",0.725,0.394101802785785,0.421052631578947,0.818333333333333,0.4,0.833333333333333,0.6,0.166666666666667,2.4,0.72
"96",0.875,0.297482156574959,0.736842105263158,0.940860215053763,0.777777777777778,0.903225806451613,0.222222222222222,0.0967741935483871,8.03703703703703,0.246031746031746
"97",0.75,0.452558584687768,0.545454545454545,0.754985754985755,0.461538461538462,0.888888888888889,0.538461538461538,0.111111111111111,4.15384615384615,0.605769230769231
"98",0.75,0.366234784961121,0.545454545454545,0.811827956989247,0.666666666666667,0.774193548387097,0.333333333333333,0.225806451612903,2.95238095238095,0.430555555555556
"99",0.9,0.263711181557841,0.6,0.881944444444444,0.75,0.916666666666667,0.25,0.0833333333333334,9,0.272727272727273
"100",0.85,0.358184616442565,0.727272727272727,0.836182336182336,0.615384615384615,0.962962962962963,0.384615384615385,0.0370370370370371,16.6153846153846,0.399408284023669
"101",0.725,0.434951602135415,0.521739130434783,0.772321428571429,0.5,0.821428571428571,0.5,0.178571428571429,2.8,0.608695652173913
"102",0.8,0.361299464506149,0.5,0.854838709677419,0.444444444444444,0.903225806451613,0.555555555555556,0.0967741935483871,4.59259259259259,0.615079365079365
"103",0.675,0.439699454867659,0.380952380952381,0.68025078369906,0.363636363636364,0.793103448275862,0.636363636363636,0.206896551724138,1.75757575757576,0.802371541501976
"104",0.9,0.293335118838858,0.8,0.865,0.8,0.933333333333333,0.2,0.0666666666666667,12,0.214285714285714
"105",0.8,0.391060280943256,0.428571428571429,0.793906810035842,0.333333333333333,0.935483870967742,0.666666666666667,0.0645161290322581,5.16666666666666,0.71264367816092
"106",0.725,0.474810990972861,0.592592592592593,0.790364583333333,0.5,0.875,0.5,0.125,4,0.571428571428571
"107",0.9,0.292291076375832,0.8,0.953405017921147,0.888888888888889,0.903225806451613,0.111111111111111,0.0967741935483871,9.18518518518518,0.123015873015873
"108",0.825,0.364714463466125,0.631578947368421,0.835423197492163,0.545454545454545,0.931034482758621,0.454545454545455,0.0689655172413793,7.90909090909091,0.488215488215488
"109",0.725,0.436151462108153,0.476190476190476,0.775862068965517,0.454545454545455,0.827586206896552,0.545454545454545,0.172413793103448,2.63636363636364,0.659090909090909
"110",0.85,0.2873062545019,0.666666666666667,0.941558441558442,0.857142857142857,0.848484848484849,0.142857142857143,0.151515151515151,5.65714285714286,0.168367346938776
"111",0.75,0.371540457175986,0.545454545454545,0.84012539184953,0.545454545454545,0.827586206896552,0.454545454545455,0.172413793103448,3.16363636363636,0.549242424242424
"112",0.775,0.391424984954539,0.526315789473684,0.817204301075269,0.555555555555556,0.838709677419355,0.444444444444444,0.161290322580645,3.44444444444445,0.52991452991453
"113",0.825,0.350373163781069,0.533333333333333,0.7734375,0.5,0.90625,0.5,0.09375,5.33333333333333,0.551724137931034
"114",0.85,0.286858751990001,0.727272727272727,0.91,0.8,0.866666666666667,0.2,0.133333333333333,6,0.230769230769231
"115",0.7,0.420357502041447,0.4,0.738244514106583,0.363636363636364,0.827586206896552,0.636363636363636,0.172413793103448,2.10909090909091,0.768939393939394
"116",0.875,0.278981382158903,0.761904761904762,0.953405017921147,0.888888888888889,0.870967741935484,0.111111111111111,0.129032258064516,6.88888888888889,0.127572016460905
"117",0.85,0.310580229253093,0.7,0.913333333333333,0.7,0.9,0.3,0.1,7,0.333333333333333
"118",0.75,0.45577919492397,0.5,0.762362637362637,0.357142857142857,0.961538461538462,0.642857142857143,0.0384615384615384,9.28571428571429,0.668571428571428
"119",0.825,0.391683513711169,0.740740740740741,0.85989010989011,0.714285714285714,0.884615384615385,0.285714285714286,0.115384615384615,6.19047619047619,0.322981366459627
"120",0.75,0.3841138745493,0.444444444444444,0.802867383512545,0.444444444444444,0.838709677419355,0.555555555555556,0.161290322580645,2.75555555555556,0.662393162393162
"121",0.8,0.398916248386615,0.6,0.815047021943574,0.545454545454545,0.896551724137931,0.454545454545455,0.103448275862069,5.27272727272727,0.506993006993007
"122",0.825,0.387589768047486,0.588235294117647,0.826666666666667,0.5,0.933333333333333,0.5,0.0666666666666667,7.5,0.535714285714286
"123",0.85,0.358523478379903,0.769230769230769,0.906593406593407,0.714285714285714,0.923076923076923,0.285714285714286,0.0769230769230769,9.28571428571429,0.309523809523809
"124",0.775,0.410661158878633,0.526315789473684,0.72884012539185,0.454545454545455,0.896551724137931,0.545454545454545,0.103448275862069,4.39393939393939,0.608391608391608
"125",0.85,0.350994553866604,0.7,0.848333333333333,0.7,0.9,0.3,0.1,7,0.333333333333333
"126",0.825,0.342725737529596,0.666666666666667,0.87,0.7,0.866666666666667,0.3,0.133333333333333,5.25,0.346153846153846
"127",0.875,0.335432662407574,0.8,0.915954415954416,0.769230769230769,0.925925925925926,0.230769230769231,0.0740740740740741,10.3846153846154,0.249230769230769
"128",0.775,0.400851806125913,0.526315789473684,0.726666666666667,0.5,0.866666666666667,0.5,0.133333333333333,3.75,0.576923076923077
"129",0.825,0.363067670201688,0.666666666666667,0.881766381766382,0.538461538461538,0.962962962962963,0.461538461538462,0.0370370370370371,14.5384615384615,0.479289940828402
"130",0.825,0.334181686739937,0.740740740740741,0.885579937304075,0.909090909090909,0.793103448275862,0.0909090909090909,0.206896551724138,4.39393939393939,0.114624505928854
"131",0.725,0.406479156134379,0.476190476190476,0.781666666666667,0.5,0.8,0.5,0.2,2.5,0.625
"132",0.775,0.356734769902748,0.608695652173913,0.885579937304075,0.636363636363636,0.827586206896552,0.363636363636364,0.172413793103448,3.69090909090909,0.439393939393939
"133",0.825,0.349592696627513,0.588235294117647,0.896666666666667,0.5,0.933333333333333,0.5,0.0666666666666667,7.5,0.535714285714286
"134",0.825,0.34757743204864,0.631578947368421,0.772401433691756,0.666666666666667,0.870967741935484,0.333333333333333,0.129032258064516,5.16666666666667,0.382716049382716
"135",0.725,0.453649916978127,0.521739130434783,0.711666666666667,0.6,0.766666666666667,0.4,0.233333333333333,2.57142857142857,0.521739130434783
"136",0.85,0.303953977687642,0.7,0.945,0.7,0.9,0.3,0.1,7,0.333333333333333
"137",0.7,0.447015908093475,0.5,0.718333333333333,0.6,0.733333333333333,0.4,0.266666666666667,2.25,0.545454545454546
"138",0.85,0.318339692416271,0.666666666666667,0.860215053763441,0.666666666666667,0.903225806451613,0.333333333333333,0.0967741935483871,6.88888888888889,0.369047619047619
"139",0.825,0.33662016930023,0.72,0.921666666666667,0.9,0.8,0.1,0.2,4.5,0.125
"140",0.85,0.368095049879173,0.7,0.75705329153605,0.636363636363636,0.931034482758621,0.363636363636364,0.0689655172413793,9.22727272727272,0.390572390572391
"141",0.8,0.397089278964306,0.733333333333333,0.833333333333333,0.6875,0.875,0.3125,0.125,5.5,0.357142857142857
"142",0.875,0.308143459179956,0.666666666666667,0.9453125,0.625,0.9375,0.375,0.0625,10,0.4
"143",0.725,0.445833824351585,0.56,0.77115987460815,0.636363636363636,0.758620689655172,0.363636363636364,0.241379310344828,2.63636363636364,0.479338842975207
"144",0.825,0.337522841184467,0.588235294117647,0.783549783549783,0.714285714285714,0.848484848484849,0.285714285714286,0.151515151515151,4.71428571428572,0.336734693877551
"145",0.75,0.444494236891839,0.5,0.754464285714286,0.416666666666667,0.892857142857143,0.583333333333333,0.107142857142857,3.88888888888889,0.653333333333333
"146",0.875,0.322073809648075,0.736842105263158,0.923333333333333,0.7,0.933333333333333,0.3,0.0666666666666667,10.5,0.321428571428571
"147",0.85,0.364292037096736,0.769230769230769,0.861263736263736,0.714285714285714,0.923076923076923,0.285714285714286,0.0769230769230769,9.28571428571429,0.309523809523809
"148",0.775,0.384462494969581,0.571428571428571,0.806666666666667,0.6,0.833333333333333,0.4,0.166666666666667,3.6,0.48
"149",0.8,0.407887048280326,0.6,0.755485893416928,0.545454545454545,0.896551724137931,0.454545454545455,0.103448275862069,5.27272727272727,0.506993006993007
"150",0.85,0.340829265572605,0.75,0.928774928774929,0.692307692307692,0.925925925925926,0.307692307692308,0.0740740740740741,9.34615384615385,0.332307692307692
"151",0.85,0.307402166125607,0.625,0.92156862745098,0.833333333333333,0.852941176470588,0.166666666666667,0.147058823529412,5.66666666666667,0.195402298850575
"152",0.85,0.335669763602114,0.666666666666667,0.84,0.6,0.933333333333333,0.4,0.0666666666666667,9,0.428571428571429
"153",0.825,0.367902922473545,0.631578947368421,0.822884012539185,0.545454545454545,0.931034482758621,0.454545454545455,0.0689655172413793,7.90909090909091,0.488215488215488
"154",0.775,0.399939275769468,0.4,0.865203761755486,0.272727272727273,0.96551724137931,0.727272727272727,0.0344827586206896,7.90909090909092,0.753246753246753
"155",0.8,0.36811505250183,0.636363636363636,0.854166666666667,0.583333333333333,0.892857142857143,0.416666666666667,0.107142857142857,5.44444444444445,0.466666666666667
"156",0.825,0.357593927956088,0.740740740740741,0.901098901098901,0.714285714285714,0.884615384615385,0.285714285714286,0.115384615384615,6.19047619047619,0.322981366459627
"157",0.775,0.390236188180501,0.571428571428571,0.78673835125448,0.666666666666667,0.806451612903226,0.333333333333333,0.193548387096774,3.44444444444444,0.413333333333333
"158",0.875,0.341491219521989,0.705882352941177,0.806666666666667,0.6,0.966666666666667,0.4,0.0333333333333333,18,0.413793103448276
"159",0.775,0.346860516112987,0.689655172413793,0.892857142857143,0.714285714285714,0.807692307692308,0.285714285714286,0.192307692307692,3.71428571428571,0.353741496598639
"160",0.8,0.379141832641214,0.6,0.876666666666667,0.6,0.866666666666667,0.4,0.133333333333333,4.5,0.461538461538462
"161",0.875,0.353753335729553,0.761904761904762,0.860119047619048,0.666666666666667,0.964285714285714,0.333333333333333,0.0357142857142857,18.6666666666667,0.345679012345679
"162",0.8,0.386495310410595,0.636363636363636,0.85042735042735,0.538461538461538,0.925925925925926,0.461538461538462,0.0740740740740741,7.26923076923077,0.498461538461539
"163",0.725,0.386003140558722,0.645161290322581,0.836538461538462,0.714285714285714,0.730769230769231,0.285714285714286,0.269230769230769,2.6530612244898,0.390977443609023
"164",0.75,0.444506949795463,0.615384615384615,0.766927083333333,0.5,0.916666666666667,0.5,0.0833333333333334,6,0.545454545454546
"165",0.825,0.405438702333426,0.695652173913043,0.841880341880342,0.615384615384615,0.925925925925926,0.384615384615385,0.0740740740740741,8.30769230769231,0.415384615384615
"166",0.825,0.39697420499717,0.740740740740741,0.818666666666667,0.666666666666667,0.92,0.333333333333333,0.08,8.33333333333334,0.36231884057971
"167",0.775,0.388497066265758,0.526315789473684,0.769592476489028,0.454545454545455,0.896551724137931,0.545454545454545,0.103448275862069,4.39393939393939,0.608391608391608
"168",0.825,0.397216980740582,0.695652173913043,0.871794871794872,0.615384615384615,0.925925925925926,0.384615384615385,0.0740740740740741,8.30769230769231,0.415384615384615
"169",0.75,0.39270937449853,0.545454545454545,0.733542319749216,0.545454545454545,0.827586206896552,0.454545454545455,0.172413793103448,3.16363636363636,0.549242424242424
"170",0.85,0.298908901668128,0.666666666666667,0.847670250896057,0.666666666666667,0.903225806451613,0.333333333333333,0.0967741935483871,6.88888888888889,0.369047619047619
"171",0.825,0.3667888211653,0.740740740740741,0.894984326018809,0.909090909090909,0.793103448275862,0.0909090909090909,0.206896551724138,4.39393939393939,0.114624505928854
"172",0.775,0.402121174237202,0.526315789473684,0.692789968652038,0.454545454545455,0.896551724137931,0.545454545454545,0.103448275862069,4.39393939393939,0.608391608391608
"173",0.775,0.401493858923638,0.571428571428571,0.830357142857143,0.5,0.892857142857143,0.5,0.107142857142857,4.66666666666667,0.56
"174",0.825,0.368314336773594,0.533333333333333,0.722222222222222,0.444444444444444,0.935483870967742,0.555555555555556,0.0645161290322581,6.88888888888888,0.593869731800766
"175",0.95,0.239532140133534,0.888888888888889,0.98828125,1,0.9375,0,0.0625,16,0
"176",0.9,0.305747399872655,0.8,0.92831541218638,0.888888888888889,0.903225806451613,0.111111111111111,0.0967741935483871,9.18518518518518,0.123015873015873
"177",0.75,0.406517523378426,0.444444444444444,0.739811912225705,0.363636363636364,0.896551724137931,0.636363636363636,0.103448275862069,3.51515151515152,0.70979020979021
"178",0.75,0.348575073097386,0.5,0.863333333333333,0.5,0.833333333333333,0.5,0.166666666666667,3,0.6
"179",0.825,0.314871975865571,0.666666666666667,0.87,0.7,0.866666666666667,0.3,0.133333333333333,5.25,0.346153846153846
"180",0.825,0.363222417238917,0.588235294117647,0.758333333333333,0.5,0.933333333333333,0.5,0.0666666666666667,7.5,0.535714285714286
"181",0.825,0.378852344557403,0.72,0.933333333333333,0.6,0.96,0.4,0.04,15,0.416666666666667
"182",0.725,0.39529866744433,0.476190476190476,0.865203761755486,0.454545454545455,0.827586206896552,0.545454545454545,0.172413793103448,2.63636363636364,0.659090909090909
"183",0.8,0.390879475875451,0.666666666666667,0.807210031347962,0.727272727272727,0.827586206896552,0.272727272727273,0.172413793103448,4.21818181818182,0.329545454545455
"184",0.875,0.36165785252446,0.761904761904762,0.872023809523809,0.666666666666667,0.964285714285714,0.333333333333333,0.0357142857142857,18.6666666666667,0.345679012345679
"185",0.825,0.338358121704722,0.588235294117647,0.836917562724014,0.555555555555556,0.903225806451613,0.444444444444444,0.0967741935483871,5.74074074074074,0.492063492063492
"186",0.825,0.3363751355685,0.695652173913043,0.893333333333333,0.8,0.833333333333333,0.2,0.166666666666667,4.8,0.24
"187",0.825,0.350044182924715,0.695652173913043,0.923333333333333,0.8,0.833333333333333,0.2,0.166666666666667,4.8,0.24
"188",0.85,0.341620836589188,0.8,0.91015625,0.75,0.916666666666667,0.25,0.0833333333333334,9,0.272727272727273
"189",0.9,0.296665761278925,0.8,0.968652037617555,0.727272727272727,0.96551724137931,0.272727272727273,0.0344827586206896,21.0909090909091,0.282467532467532
"190",0.725,0.413714228951875,0.592592592592593,0.759259259259259,0.615384615384615,0.777777777777778,0.384615384615385,0.222222222222222,2.76923076923077,0.494505494505494
"191",0.875,0.347707317207277,0.736842105263158,0.845,0.7,0.933333333333333,0.3,0.0666666666666667,10.5,0.321428571428571
"192",0.8,0.390325316811109,0.636363636363636,0.727272727272727,0.636363636363636,0.862068965517241,0.363636363636364,0.137931034482759,4.61363636363636,0.421818181818182
"193",0.85,0.345991774110857,0.75,0.846726190476191,0.75,0.892857142857143,0.25,0.107142857142857,7,0.28
"194",0.7,0.422719161372415,0.454545454545455,0.701666666666667,0.5,0.766666666666667,0.5,0.233333333333333,2.14285714285714,0.652173913043478
"195",0.75,0.379800270627355,0.642857142857143,0.822802197802198,0.642857142857143,0.807692307692308,0.357142857142857,0.192307692307692,3.34285714285714,0.442176870748299
"196",0.8,0.388846675437472,0.6,0.815047021943574,0.545454545454545,0.896551724137931,0.454545454545455,0.103448275862069,5.27272727272727,0.506993006993007
"197",0.725,0.391156510756028,0.476190476190476,0.84672619047619,0.416666666666667,0.857142857142857,0.583333333333333,0.142857142857143,2.91666666666667,0.680555555555555
"198",0.825,0.350392699753411,0.588235294117647,0.874551971326165,0.555555555555556,0.903225806451613,0.444444444444444,0.0967741935483871,5.74074074074074,0.492063492063492
"199",0.775,0.402905218326721,0.608695652173913,0.793956043956044,0.5,0.923076923076923,0.5,0.0769230769230769,6.5,0.541666666666667
"200",0.775,0.397169835337933,0.64,0.858666666666667,0.533333333333333,0.92,0.466666666666667,0.08,6.66666666666667,0.507246376811594
"201",0.8,0.412187429519039,0.555555555555556,0.800595238095238,0.416666666666667,0.964285714285714,0.583333333333333,0.0357142857142857,11.6666666666667,0.604938271604938
"202",0.875,0.345833518497237,0.761904761904762,0.876068376068376,0.615384615384615,1,0.384615384615385,0,Inf,0.384615384615385
"203",0.825,0.316914818205257,0.631578947368421,0.873333333333333,0.6,0.9,0.4,0.1,6,0.444444444444444
"204",0.825,0.390588244458693,0.666666666666667,0.821316614420063,0.636363636363636,0.896551724137931,0.363636363636364,0.103448275862069,6.15151515151515,0.405594405594406
"205",0.775,0.355210567760013,0.526315789473684,0.870098039215686,0.833333333333333,0.764705882352941,0.166666666666667,0.235294117647059,3.54166666666667,0.217948717948718
"206",0.9,0.313791188339353,0.833333333333333,0.965811965811966,0.769230769230769,0.962962962962963,0.230769230769231,0.0370370370370371,20.7692307692307,0.239644970414201
"207",0.825,0.359831104864465,0.588235294117647,0.798701298701299,0.714285714285714,0.848484848484849,0.285714285714286,0.151515151515151,4.71428571428572,0.336734693877551
"208",0.75,0.439292855165384,0.6875,0.828282828282828,0.611111111111111,0.863636363636364,0.388888888888889,0.136363636363636,4.48148148148148,0.450292397660819
"209",0.825,0.299137742513697,0.533333333333333,0.826839826839827,0.571428571428571,0.878787878787879,0.428571428571429,0.121212121212121,4.71428571428571,0.487684729064039
"210",0.75,0.440652998629257,0.615384615384615,0.758928571428571,0.666666666666667,0.785714285714286,0.333333333333333,0.214285714285714,3.11111111111111,0.424242424242424
"211",0.8,0.383987187260134,0.714285714285714,0.880952380952381,0.833333333333333,0.785714285714286,0.166666666666667,0.214285714285714,3.88888888888889,0.212121212121212
"212",0.85,0.301479726952202,0.666666666666667,0.896057347670251,0.666666666666667,0.903225806451613,0.333333333333333,0.0967741935483871,6.88888888888889,0.369047619047619
"213",0.825,0.356959154751988,0.631578947368421,0.858333333333333,0.6,0.9,0.4,0.1,6,0.444444444444444
"214",0.8,0.380165527404267,0.714285714285714,0.89010989010989,0.714285714285714,0.846153846153846,0.285714285714286,0.153846153846154,4.64285714285714,0.337662337662338
"215",0.8,0.383933860837044,0.636363636363636,0.885416666666667,0.583333333333333,0.892857142857143,0.416666666666667,0.107142857142857,5.44444444444445,0.466666666666667
"216",0.85,0.340769773912952,0.7,0.931547619047619,0.583333333333333,0.964285714285714,0.416666666666667,0.0357142857142857,16.3333333333333,0.432098765432099
"217",0.8,0.421096753849161,0.666666666666667,0.84478021978022,0.571428571428571,0.923076923076923,0.428571428571429,0.0769230769230769,7.42857142857143,0.464285714285714
"218",0.65,0.525798882131715,0.363636363636364,0.794270833333333,0.25,0.916666666666667,0.75,0.0833333333333334,3,0.818181818181818
"219",0.8,0.401161540471415,0.636363636363636,0.828296703296703,0.5,0.961538461538462,0.5,0.0384615384615384,13,0.52
"220",0.8,0.398157362601024,0.5,0.771666666666667,0.4,0.933333333333333,0.6,0.0666666666666667,6,0.642857142857143
"221",0.7,0.417878740819824,0.4,0.74,0.4,0.8,0.6,0.2,2,0.75
"222",0.85,0.338668376963383,0.571428571428571,0.777056277056277,0.571428571428571,0.909090909090909,0.428571428571429,0.0909090909090909,6.28571428571428,0.471428571428571
"223",0.825,0.393252912311471,0.72,0.836182336182336,0.692307692307692,0.888888888888889,0.307692307692308,0.111111111111111,6.23076923076923,0.346153846153846
"224",0.75,0.44381999923044,0.642857142857143,0.739583333333333,0.5625,0.875,0.4375,0.125,4.5,0.5
"225",0.8,0.325644896327256,0.666666666666667,0.868333333333333,0.8,0.8,0.2,0.2,4,0.25
"226",0.775,0.367221587712582,0.526315789473684,0.770609318996416,0.555555555555556,0.838709677419355,0.444444444444444,0.161290322580645,3.44444444444445,0.52991452991453
"227",0.8,0.380938886423593,0.692307692307692,0.819088319088319,0.692307692307692,0.851851851851852,0.307692307692308,0.148148148148148,4.67307692307692,0.361204013377926
"228",0.875,0.328655318948726,0.761904761904762,0.853046594982079,0.888888888888889,0.870967741935484,0.111111111111111,0.129032258064516,6.88888888888889,0.127572016460905
"229",0.75,0.421421384872724,0.583333333333333,0.772321428571428,0.583333333333333,0.821428571428571,0.416666666666667,0.178571428571429,3.26666666666667,0.507246376811594
"230",0.8,0.402482879213344,0.666666666666667,0.806267806267806,0.615384615384615,0.888888888888889,0.384615384615385,0.111111111111111,5.53846153846154,0.432692307692308
"231",0.825,0.32074629655884,0.533333333333333,0.76171875,0.5,0.90625,0.5,0.09375,5.33333333333333,0.551724137931034
"232",0.85,0.35379387066504,0.571428571428571,0.754480286738351,0.444444444444444,0.967741935483871,0.555555555555556,0.032258064516129,13.7777777777778,0.574074074074074
"233",0.875,0.288441939177421,0.666666666666667,0.891774891774892,0.714285714285714,0.909090909090909,0.285714285714286,0.0909090909090909,7.85714285714285,0.314285714285714
"234",0.775,0.392872219555084,0.608695652173913,0.776666666666667,0.7,0.8,0.3,0.2,3.5,0.375
"235",0.85,0.334073855451962,0.727272727272727,0.901785714285714,0.666666666666667,0.928571428571429,0.333333333333333,0.0714285714285714,9.33333333333334,0.358974358974359
"236",0.775,0.414404753886612,0.608695652173913,0.894230769230769,0.5,0.923076923076923,0.5,0.0769230769230769,6.5,0.541666666666667
"237",0.825,0.30490115553482,0.695652173913043,0.916666666666667,0.8,0.833333333333333,0.2,0.166666666666667,4.8,0.24
"238",0.875,0.320555344376432,0.705882352941177,0.916666666666667,0.6,0.966666666666667,0.4,0.0333333333333333,18,0.413793103448276
"239",0.85,0.361615984238927,0.75,0.843406593406593,0.642857142857143,0.961538461538462,0.357142857142857,0.0384615384615384,16.7142857142857,0.371428571428571
"240",0.85,0.299628727551371,0.666666666666667,0.853515625,0.75,0.875,0.25,0.125,6,0.285714285714286
"241",0.825,0.361452294418388,0.666666666666667,0.891666666666667,0.7,0.866666666666667,0.3,0.133333333333333,5.25,0.346153846153846
"242",0.825,0.319550488825216,0.533333333333333,0.822510822510822,0.571428571428571,0.878787878787879,0.428571428571429,0.121212121212121,4.71428571428571,0.487684729064039
"243",0.8,0.365744526546429,0.555555555555556,0.763440860215054,0.555555555555556,0.870967741935484,0.444444444444444,0.129032258064516,4.30555555555556,0.510288065843621
"244",0.775,0.380171948057304,0.526315789473684,0.730407523510972,0.454545454545455,0.896551724137931,0.545454545454545,0.103448275862069,4.39393939393939,0.608391608391608
"245",0.85,0.377450496187051,0.75,0.932692307692308,0.642857142857143,0.961538461538462,0.357142857142857,0.0384615384615384,16.7142857142857,0.371428571428571
"246",0.8,0.360190996515665,0.636363636363636,0.888888888888889,0.538461538461538,0.925925925925926,0.461538461538462,0.0740740740740741,7.26923076923077,0.498461538461539
"247",0.75,0.442707653854041,0.545454545454545,0.769345238095238,0.5,0.857142857142857,0.5,0.142857142857143,3.5,0.583333333333333
"248",0.8,0.320044300433713,0.692307692307692,0.885416666666667,0.75,0.821428571428571,0.25,0.178571428571429,4.2,0.304347826086957
"249",0.825,0.359790836805875,0.588235294117647,0.79004329004329,0.714285714285714,0.848484848484849,0.285714285714286,0.151515151515151,4.71428571428572,0.336734693877551
"250",0.8,0.360280892951649,0.555555555555556,0.871666666666667,0.5,0.9,0.5,0.1,5,0.555555555555556
"251",0.8,0.364578197963499,0.636363636363636,0.924501424501424,0.538461538461538,0.925925925925926,0.461538461538462,0.0740740740740741,7.26923076923077,0.498461538461539
"252",0.8,0.340466225580223,0.666666666666667,0.911666666666667,0.8,0.8,0.2,0.2,4,0.25
"253",0.85,0.391989257099796,0.785714285714286,0.844,0.733333333333333,0.92,0.266666666666667,0.08,9.16666666666667,0.289855072463768
"254",0.825,0.338283103419713,0.774193548387097,0.858666666666667,0.8,0.84,0.2,0.16,5,0.238095238095238
"255",0.8,0.351418905967895,0.428571428571429,0.807359307359307,0.428571428571429,0.878787878787879,0.571428571428571,0.121212121212121,3.53571428571429,0.650246305418719
"256",0.875,0.316201552311655,0.8,0.863095238095238,0.833333333333333,0.892857142857143,0.166666666666667,0.107142857142857,7.77777777777778,0.186666666666667
"257",0.775,0.424088659000233,0.64,0.794666666666667,0.533333333333333,0.92,0.466666666666667,0.08,6.66666666666667,0.507246376811594
"258",0.775,0.423830698892407,0.571428571428571,0.825,0.6,0.833333333333333,0.4,0.166666666666667,3.6,0.48
"259",0.675,0.500962579042073,0.518518518518518,0.828644501278772,0.411764705882353,0.869565217391304,0.588235294117647,0.130434782608696,3.15686274509804,0.676470588235294
"260",0.825,0.335236841394654,0.695652173913043,0.85423197492163,0.727272727272727,0.862068965517241,0.272727272727273,0.137931034482759,5.27272727272727,0.316363636363636
"261",0.875,0.335941679801076,0.666666666666667,0.847670250896057,0.555555555555556,0.967741935483871,0.444444444444444,0.032258064516129,17.2222222222222,0.459259259259259
"262",0.7,0.467049393522257,0.454545454545455,0.688087774294671,0.454545454545455,0.793103448275862,0.545454545454545,0.206896551724138,2.1969696969697,0.687747035573122
"263",0.775,0.389085186076606,0.666666666666667,0.858516483516483,0.642857142857143,0.846153846153846,0.357142857142857,0.153846153846154,4.17857142857143,0.422077922077922
"264",0.75,0.425275887080675,0.5,0.792582417582418,0.357142857142857,0.961538461538462,0.642857142857143,0.0384615384615384,9.28571428571429,0.668571428571428
"265",0.75,0.429532701597294,0.615384615384615,0.791666666666667,0.5,0.916666666666667,0.5,0.0833333333333334,6,0.545454545454546
"266",0.875,0.286085980951307,0.736842105263158,0.94,0.7,0.933333333333333,0.3,0.0666666666666667,10.5,0.321428571428571
"267",0.85,0.373979565874045,0.727272727272727,0.90521978021978,0.571428571428571,1,0.428571428571429,0,Inf,0.428571428571429
"268",0.85,0.390488242939235,0.666666666666667,0.805059523809524,0.5,1,0.5,0,Inf,0.5
"269",0.75,0.382561779151989,0.5,0.836917562724014,0.555555555555556,0.806451612903226,0.444444444444444,0.193548387096774,2.87037037037037,0.551111111111111
"270",0.8,0.375547879205883,0.6,0.859375,0.75,0.8125,0.25,0.1875,4,0.307692307692308
"271",0.8,0.385041710775979,0.714285714285714,0.852,0.666666666666667,0.88,0.333333333333333,0.12,5.55555555555556,0.378787878787879
"272",0.8,0.384190766292345,0.555555555555556,0.714733542319749,0.454545454545455,0.931034482758621,0.545454545454545,0.0689655172413793,6.59090909090909,0.585858585858586
"273",0.825,0.400879436336624,0.666666666666667,0.814814814814815,0.538461538461538,0.962962962962963,0.461538461538462,0.0370370370370371,14.5384615384615,0.479289940828402
"274",0.675,0.468531811141482,0.48,0.744047619047619,0.5,0.75,0.5,0.25,2,0.666666666666667
"275",0.925,0.291996063078712,0.842105263157895,0.978333333333333,0.8,0.966666666666667,0.2,0.0333333333333333,24,0.206896551724138
"276",0.8,0.389074295630655,0.555555555555556,0.788401253918495,0.454545454545455,0.931034482758621,0.545454545454545,0.0689655172413793,6.59090909090909,0.585858585858586
"277",0.8,0.348686902129686,0.636363636363636,0.860215053763441,0.777777777777778,0.806451612903226,0.222222222222222,0.193548387096774,4.01851851851852,0.275555555555556
"278",0.825,0.368534684679557,0.588235294117647,0.896057347670251,0.555555555555556,0.903225806451613,0.444444444444444,0.0967741935483871,5.74074074074074,0.492063492063492
"279",0.8,0.396422332589339,0.714285714285714,0.845052083333333,0.625,0.916666666666667,0.375,0.0833333333333334,7.5,0.409090909090909
"280",0.825,0.327723197143398,0.631578947368421,0.899641577060932,0.666666666666667,0.870967741935484,0.333333333333333,0.129032258064516,5.16666666666667,0.382716049382716
"281",0.775,0.393214637403293,0.470588235294118,0.731601731601732,0.571428571428571,0.818181818181818,0.428571428571429,0.181818181818182,3.14285714285714,0.523809523809524
"282",0.8,0.356361534918348,0.636363636363636,0.858333333333333,0.7,0.833333333333333,0.3,0.166666666666667,4.2,0.36
"283",0.725,0.457939830362056,0.521739130434783,0.754985754985755,0.461538461538462,0.851851851851852,0.538461538461538,0.148148148148148,3.11538461538462,0.632107023411371
"284",0.875,0.331864599889243,0.782608695652174,0.937321937321937,0.692307692307692,0.962962962962963,0.307692307692308,0.0370370370370371,18.6923076923077,0.319526627218935
"285",0.75,0.422378862525473,0.615384615384615,0.880208333333333,0.5,0.916666666666667,0.5,0.0833333333333334,6,0.545454545454546
"286",0.7,0.482140682769525,0.454545454545455,0.813333333333333,0.333333333333333,0.92,0.666666666666667,0.08,4.16666666666667,0.72463768115942
"287",0.85,0.361589281110381,0.7,0.86833855799373,0.636363636363636,0.931034482758621,0.363636363636364,0.0689655172413793,9.22727272727272,0.390572390572391
"288",0.8,0.411564270646491,0.692307692307692,0.824786324786325,0.692307692307692,0.851851851851852,0.307692307692308,0.148148148148148,4.67307692307692,0.361204013377926
"289",0.875,0.343193020952763,0.736842105263158,0.887147335423197,0.636363636363636,0.96551724137931,0.363636363636364,0.0344827586206896,18.4545454545455,0.376623376623377
"290",0.85,0.390569557961655,0.75,0.763736263736264,0.642857142857143,0.961538461538462,0.357142857142857,0.0384615384615384,16.7142857142857,0.371428571428571
"291",0.8,0.393387015097522,0.555555555555556,0.861607142857143,0.416666666666667,0.964285714285714,0.583333333333333,0.0357142857142857,11.6666666666667,0.604938271604938
"292",0.8,0.349479412799565,0.555555555555556,0.890681003584229,0.555555555555556,0.870967741935484,0.444444444444444,0.129032258064516,4.30555555555556,0.510288065843621
"293",0.8,0.36128985048162,0.6,0.873040752351097,0.545454545454545,0.896551724137931,0.454545454545455,0.103448275862069,5.27272727272727,0.506993006993007
"294",0.825,0.361178400045626,0.695652173913043,0.90922619047619,0.666666666666667,0.892857142857143,0.333333333333333,0.107142857142857,6.22222222222222,0.373333333333333
"295",0.8,0.400059547187689,0.555555555555556,0.765,0.5,0.9,0.5,0.1,5,0.555555555555556
"296",0.7,0.451927673921489,0.538461538461538,0.814666666666667,0.466666666666667,0.84,0.533333333333333,0.16,2.91666666666667,0.634920634920635
"297",0.775,0.399729559693266,0.470588235294118,0.834821428571429,0.333333333333333,0.964285714285714,0.666666666666667,0.0357142857142857,9.33333333333334,0.691358024691358
"298",0.75,0.423175971851455,0.642857142857143,0.81043956043956,0.642857142857143,0.807692307692308,0.357142857142857,0.192307692307692,3.34285714285714,0.442176870748299
"299",0.8,0.345306926911972,0.555555555555556,0.791015625,0.625,0.84375,0.375,0.15625,4,0.444444444444444
"300",0.75,0.407087069413626,0.545454545454545,0.78125,0.5,0.857142857142857,0.5,0.142857142857143,3.5,0.583333333333333
"301",0.8,0.407963520261765,0.6,0.847578347578348,0.461538461538462,0.962962962962963,0.538461538461538,0.0370370370370371,12.4615384615384,0.559171597633136
"302",0.825,0.365403219076685,0.666666666666667,0.774928774928775,0.538461538461538,0.962962962962963,0.461538461538462,0.0370370370370371,14.5384615384615,0.479289940828402
"303",0.8,0.398402334719095,0.666666666666667,0.909340659340659,0.571428571428571,0.923076923076923,0.428571428571429,0.0769230769230769,7.42857142857143,0.464285714285714
"304",0.75,0.440665936818078,0.545454545454545,0.864010989010989,0.428571428571429,0.923076923076923,0.571428571428571,0.0769230769230769,5.57142857142857,0.619047619047619
"305",0.8,0.393350431409937,0.428571428571429,0.74609375,0.375,0.90625,0.625,0.09375,4,0.689655172413793
"306",0.8,0.366974280950612,0.714285714285714,0.854700854700855,0.769230769230769,0.814814814814815,0.230769230769231,0.185185185185185,4.15384615384615,0.283216783216783
"307",0.825,0.323360346414177,0.588235294117647,0.76171875,0.625,0.875,0.375,0.125,5,0.428571428571429
"308",0.725,0.431703479111129,0.476190476190476,0.733542319749216,0.454545454545455,0.827586206896552,0.545454545454545,0.172413793103448,2.63636363636364,0.659090909090909
"309",0.7,0.450110024496568,0.538461538461538,0.78125,0.583333333333333,0.75,0.416666666666667,0.25,2.33333333333333,0.555555555555555
"310",0.8,0.349409703959608,0.333333333333333,0.785714285714286,0.285714285714286,0.909090909090909,0.714285714285714,0.0909090909090909,3.14285714285714,0.785714285714286
"311",0.775,0.413238060856091,0.571428571428571,0.782131661442006,0.545454545454545,0.862068965517241,0.454545454545455,0.137931034482759,3.95454545454545,0.527272727272727
"312",0.775,0.422397710142943,0.526315789473684,0.772727272727273,0.454545454545455,0.896551724137931,0.545454545454545,0.103448275862069,4.39393939393939,0.608391608391608
"313",0.8,0.363320484370009,0.714285714285714,0.861607142857143,0.833333333333333,0.785714285714286,0.166666666666667,0.214285714285714,3.88888888888889,0.212121212121212
"314",0.85,0.323671111236378,0.727272727272727,0.938333333333333,0.8,0.866666666666667,0.2,0.133333333333333,6,0.230769230769231
"315",0.8,0.367993449448473,0.666666666666667,0.756410256410256,0.615384615384615,0.888888888888889,0.384615384615385,0.111111111111111,5.53846153846154,0.432692307692308
"316",0.825,0.394917678773548,0.695652173913043,0.818452380952381,0.666666666666667,0.892857142857143,0.333333333333333,0.107142857142857,6.22222222222222,0.373333333333333
"317",0.8,0.332930469685517,0.692307692307692,0.913793103448276,0.818181818181818,0.793103448275862,0.181818181818182,0.206896551724138,3.95454545454546,0.229249011857707
"318",0.775,0.403052068601283,0.526315789473684,0.785266457680251,0.454545454545455,0.896551724137931,0.545454545454545,0.103448275862069,4.39393939393939,0.608391608391608
"319",0.8,0.361480461581074,0.666666666666667,0.857142857142857,0.666666666666667,0.857142857142857,0.333333333333333,0.142857142857143,4.66666666666667,0.388888888888889
"320",0.725,0.449454487818547,0.476190476190476,0.733542319749216,0.454545454545455,0.827586206896552,0.545454545454545,0.172413793103448,2.63636363636364,0.659090909090909
"321",0.85,0.320602835105838,0.571428571428571,0.857843137254902,0.666666666666667,0.882352941176471,0.333333333333333,0.117647058823529,5.66666666666667,0.377777777777778
"322",0.85,0.326176394024439,0.625,0.85663082437276,0.555555555555556,0.935483870967742,0.444444444444444,0.0645161290322581,8.6111111111111,0.475095785440613
"323",0.75,0.35857658211223,0.615384615384615,0.818181818181818,0.727272727272727,0.758620689655172,0.272727272727273,0.241379310344828,3.01298701298701,0.359504132231405
"324",0.675,0.465452956168544,0.380952380952381,0.722222222222222,0.307692307692308,0.851851851851852,0.692307692307692,0.148148148148148,2.07692307692308,0.812709030100334
"325",0.75,0.447942460641537,0.615384615384615,0.833791208791209,0.571428571428571,0.846153846153846,0.428571428571429,0.153846153846154,3.71428571428571,0.506493506493507
"326",0.775,0.422780398761419,0.571428571428571,0.821428571428572,0.5,0.892857142857143,0.5,0.107142857142857,4.66666666666667,0.56
"327",0.725,0.419971797761949,0.476190476190476,0.769592476489028,0.454545454545455,0.827586206896552,0.545454545454545,0.172413793103448,2.63636363636364,0.659090909090909
"328",0.7,0.493152973067482,0.454545454545455,0.8203125,0.3125,0.958333333333333,0.6875,0.0416666666666666,7.50000000000001,0.717391304347826
"329",0.85,0.384982026749481,0.769230769230769,0.89010989010989,0.714285714285714,0.923076923076923,0.285714285714286,0.0769230769230769,9.28571428571429,0.309523809523809
"330",0.8,0.338209886432035,0.333333333333333,0.731428571428571,0.4,0.857142857142857,0.6,0.142857142857143,2.8,0.7
"331",0.775,0.37431638272948,0.571428571428571,0.841692789968652,0.545454545454545,0.862068965517241,0.454545454545455,0.137931034482759,3.95454545454545,0.527272727272727
"332",0.825,0.327256607300612,0.695652173913043,0.91,0.8,0.833333333333333,0.2,0.166666666666667,4.8,0.24
"333",0.825,0.33192393339037,0.533333333333333,0.90234375,0.5,0.90625,0.5,0.09375,5.33333333333333,0.551724137931034
"334",0.775,0.376656683875748,0.526315789473684,0.768333333333333,0.5,0.866666666666667,0.5,0.133333333333333,3.75,0.576923076923077
"335",0.875,0.312814178099042,0.761904761904762,0.880952380952381,0.666666666666667,0.964285714285714,0.333333333333333,0.0357142857142857,18.6666666666667,0.345679012345679
"336",0.825,0.402956383992468,0.695652173913043,0.854166666666667,0.666666666666667,0.892857142857143,0.333333333333333,0.107142857142857,6.22222222222222,0.373333333333333
"337",0.8,0.365113007995209,0.5,0.80078125,0.5,0.875,0.5,0.125,4,0.571428571428571
"338",0.775,0.388771416226523,0.526315789473684,0.781666666666667,0.5,0.866666666666667,0.5,0.133333333333333,3.75,0.576923076923077
"339",0.8,0.375255602343109,0.636363636363636,0.851666666666667,0.7,0.833333333333333,0.3,0.166666666666667,4.2,0.36
"340",0.825,0.416615267273028,0.666666666666667,0.84478021978022,0.5,1,0.5,0,Inf,0.5
"341",0.875,0.287992431325032,0.8,0.959247648902821,0.909090909090909,0.862068965517241,0.0909090909090909,0.137931034482759,6.59090909090909,0.105454545454545
"342",0.8,0.354414682201226,0.666666666666667,0.833333333333333,0.666666666666667,0.857142857142857,0.333333333333333,0.142857142857143,4.66666666666667,0.388888888888889
"343",0.7,0.47070248609246,0.538461538461538,0.743131868131868,0.5,0.807692307692308,0.5,0.192307692307692,2.6,0.619047619047619
"344",0.75,0.374022352309856,0.375,0.7421875,0.375,0.84375,0.625,0.15625,2.4,0.740740740740741
"345",0.85,0.37934933943861,0.75,0.909333333333333,0.6,1,0.4,0,Inf,0.4
"346",0.7,0.385732763258501,0.4,0.791666666666667,0.4,0.8,0.6,0.2,2,0.75
"347",0.85,0.253973026343694,0.7,0.97265625,0.875,0.84375,0.125,0.15625,5.6,0.148148148148148
"348",0.825,0.381237526367963,0.666666666666667,0.866096866096866,0.538461538461538,0.962962962962963,0.461538461538462,0.0370370370370371,14.5384615384615,0.479289940828402
"349",0.8,0.409595740209135,0.714285714285714,0.793333333333333,0.666666666666667,0.88,0.333333333333333,0.12,5.55555555555556,0.378787878787879
"350",0.85,0.380148403986976,0.769230769230769,0.847527472527473,0.714285714285714,0.923076923076923,0.285714285714286,0.0769230769230769,9.28571428571429,0.309523809523809
"351",0.85,0.346297994054946,0.666666666666667,0.918495297805643,0.545454545454545,0.96551724137931,0.454545454545455,0.0344827586206896,15.8181818181818,0.470779220779221
"352",0.775,0.383625948538314,0.666666666666667,0.895604395604396,0.642857142857143,0.846153846153846,0.357142857142857,0.153846153846154,4.17857142857143,0.422077922077922
"353",0.85,0.348639228481735,0.7,0.921666666666667,0.7,0.9,0.3,0.1,7,0.333333333333333
"354",0.85,0.352587688807465,0.666666666666667,0.935736677115987,0.545454545454545,0.96551724137931,0.454545454545455,0.0344827586206896,15.8181818181818,0.470779220779221
"355",0.75,0.436702491254842,0.5,0.787749287749288,0.384615384615385,0.925925925925926,0.615384615384615,0.0740740740740741,5.19230769230769,0.664615384615385
"356",0.75,0.391457728950775,0.583333333333333,0.796666666666667,0.7,0.766666666666667,0.3,0.233333333333333,3,0.391304347826087
"357",0.825,0.395242145577676,0.695652173913043,0.906593406593407,0.571428571428571,0.961538461538462,0.428571428571429,0.0384615384615384,14.8571428571429,0.445714285714286
"358",0.8,0.386918521259298,0.5,0.9,0.4,0.933333333333333,0.6,0.0666666666666667,6,0.642857142857143
"359",0.875,0.34545086330204,0.827586206896552,0.928,0.8,0.92,0.2,0.08,10,0.217391304347826
"360",0.875,0.266964968684937,0.705882352941177,0.976190476190476,0.857142857142857,0.878787878787879,0.142857142857143,0.121212121212121,7.07142857142857,0.16256157635468
"361",0.85,0.306153878544978,0.727272727272727,0.869175627240143,0.888888888888889,0.838709677419355,0.111111111111111,0.161290322580645,5.51111111111111,0.132478632478633
"362",0.825,0.358674519215697,0.695652173913043,0.873511904761905,0.666666666666667,0.892857142857143,0.333333333333333,0.107142857142857,6.22222222222222,0.373333333333333
"363",0.9,0.291003563041101,0.714285714285714,0.893939393939394,0.714285714285714,0.939393939393939,0.285714285714286,0.0606060606060606,11.7857142857143,0.304147465437788
"364",0.8,0.382275519811207,0.636363636363636,0.774928774928775,0.538461538461538,0.925925925925926,0.461538461538462,0.0740740740740741,7.26923076923077,0.498461538461539
"365",0.8,0.364087596594766,0.666666666666667,0.868945868945869,0.615384615384615,0.888888888888889,0.384615384615385,0.111111111111111,5.53846153846154,0.432692307692308
"366",0.775,0.37505464121982,0.608695652173913,0.830721003134796,0.636363636363636,0.827586206896552,0.363636363636364,0.172413793103448,3.69090909090909,0.439393939393939
"367",0.85,0.350368632380183,0.7,0.856666666666667,0.7,0.9,0.3,0.1,7,0.333333333333333
"368",0.875,0.364198641456505,0.761904761904762,0.904761904761905,0.666666666666667,0.964285714285714,0.333333333333333,0.0357142857142857,18.6666666666667,0.345679012345679
"369",0.8,0.390607274708195,0.666666666666667,0.839285714285714,0.666666666666667,0.857142857142857,0.333333333333333,0.142857142857143,4.66666666666667,0.388888888888889
"370",0.775,0.413445586788684,0.571428571428571,0.880494505494505,0.428571428571429,0.961538461538462,0.571428571428571,0.0384615384615384,11.1428571428571,0.594285714285714
"371",0.725,0.386681733542386,0.521739130434783,0.863095238095238,0.5,0.821428571428571,0.5,0.178571428571429,2.8,0.608695652173913
"372",0.9,0.330356335121985,0.846153846153846,0.917378917378917,0.846153846153846,0.925925925925926,0.153846153846154,0.0740740740740741,11.4230769230769,0.166153846153846
"373",0.775,0.403125080212519,0.571428571428571,0.755,0.6,0.833333333333333,0.4,0.166666666666667,3.6,0.48
"374",0.775,0.390969360836912,0.64,0.72172619047619,0.666666666666667,0.821428571428571,0.333333333333333,0.178571428571429,3.73333333333333,0.405797101449275
"375",0.875,0.325596129478956,0.736842105263158,0.89,0.7,0.933333333333333,0.3,0.0666666666666667,10.5,0.321428571428571
"376",0.75,0.402281148932666,0.545454545454545,0.813620071684588,0.666666666666667,0.774193548387097,0.333333333333333,0.225806451612903,2.95238095238095,0.430555555555556
"377",0.75,0.442029484495006,0.545454545454545,0.803418803418803,0.461538461538462,0.888888888888889,0.538461538461538,0.111111111111111,4.15384615384615,0.605769230769231
"378",0.825,0.326229836428512,0.631578947368421,0.921630094043887,0.545454545454545,0.931034482758621,0.454545454545455,0.0689655172413793,7.90909090909091,0.488215488215488
"379",0.825,0.32222909773464,0.631578947368421,0.853046594982079,0.666666666666667,0.870967741935484,0.333333333333333,0.129032258064516,5.16666666666667,0.382716049382716
"380",0.75,0.435327248305105,0.615384615384615,0.823529411764706,0.470588235294118,0.956521739130435,0.529411764705882,0.0434782608695652,10.8235294117647,0.553475935828877
"381",0.7,0.45553868235537,0.538461538461538,0.773351648351648,0.5,0.807692307692308,0.5,0.192307692307692,2.6,0.619047619047619
"382",0.75,0.391538489051634,0.583333333333333,0.801994301994302,0.538461538461538,0.851851851851852,0.461538461538462,0.148148148148148,3.63461538461538,0.54180602006689
"383",0.775,0.419825166688942,0.608695652173913,0.891927083333333,0.4375,1,0.5625,0,Inf,0.5625
"384",0.85,0.302333478434569,0.666666666666667,0.869140625,0.75,0.875,0.25,0.125,6,0.285714285714286
"385",0.875,0.372252524056098,0.782608695652174,0.925824175824176,0.642857142857143,1,0.357142857142857,0,Inf,0.357142857142857
"386",0.875,0.337110259719946,0.761904761904762,0.93730407523511,0.727272727272727,0.931034482758621,0.272727272727273,0.0689655172413793,10.5454545454545,0.292929292929293
"387",0.825,0.329064561460753,0.631578947368421,0.903225806451613,0.666666666666667,0.870967741935484,0.333333333333333,0.129032258064516,5.16666666666667,0.382716049382716
"388",0.85,0.314577900360591,0.7,0.898119122257053,0.636363636363636,0.931034482758621,0.363636363636364,0.0689655172413793,9.22727272727272,0.390572390572391
"389",0.85,0.348651027805947,0.727272727272727,0.873511904761905,0.666666666666667,0.928571428571429,0.333333333333333,0.0714285714285714,9.33333333333334,0.358974358974359
"390",0.775,0.405337100258509,0.571428571428571,0.800824175824176,0.428571428571429,0.961538461538462,0.571428571428571,0.0384615384615384,11.1428571428571,0.594285714285714
"391",0.75,0.393999655009871,0.545454545454545,0.846666666666667,0.6,0.8,0.4,0.2,3,0.5
"392",0.875,0.321242428329032,0.8,0.921652421652422,0.769230769230769,0.925925925925926,0.230769230769231,0.0740740740740741,10.3846153846154,0.249230769230769
"393",0.825,0.353494816635209,0.666666666666667,0.88,0.7,0.866666666666667,0.3,0.133333333333333,5.25,0.346153846153846
"394",0.85,0.351338747503526,0.75,0.853333333333333,0.9,0.833333333333333,0.1,0.166666666666667,5.4,0.12
"395",0.8,0.374742195368046,0.5,0.744140625,0.5,0.875,0.5,0.125,4,0.571428571428571
"396",0.875,0.27073732371395,0.666666666666667,0.952380952380952,0.714285714285714,0.909090909090909,0.285714285714286,0.0909090909090909,7.85714285714285,0.314285714285714
"397",0.8,0.386305634487587,0.5,0.783549783549784,0.571428571428571,0.848484848484849,0.428571428571429,0.151515151515151,3.77142857142857,0.505102040816327
"398",0.825,0.413988539564514,0.774193548387097,0.859848484848485,0.666666666666667,0.954545454545455,0.333333333333333,0.0454545454545454,14.6666666666667,0.349206349206349
"399",0.825,0.363278081131816,0.666666666666667,0.875,0.583333333333333,0.928571428571429,0.416666666666667,0.0714285714285714,8.16666666666667,0.448717948717949
"400",0.7,0.423447017252763,0.454545454545455,0.740143369175627,0.555555555555556,0.741935483870968,0.444444444444444,0.258064516129032,2.15277777777778,0.599033816425121
"401",0.9,0.345428808952513,0.875,0.932291666666667,0.875,0.916666666666667,0.125,0.0833333333333334,10.5,0.136363636363636
"402",0.8,0.396958064622112,0.636363636363636,0.93956043956044,0.5,0.961538461538462,0.5,0.0384615384615384,13,0.52
"403",0.675,0.503933902852084,0.434782608695652,0.825520833333333,0.3125,0.916666666666667,0.6875,0.0833333333333334,3.75,0.75
"404",0.8,0.356885579879779,0.555555555555556,0.838333333333333,0.5,0.9,0.5,0.1,5,0.555555555555556
"405",0.825,0.367738522474457,0.631578947368421,0.84672619047619,0.5,0.964285714285714,0.5,0.0357142857142857,14,0.518518518518518
"406",0.8,0.417413113066887,0.636363636363636,0.818681318681319,0.5,0.961538461538462,0.5,0.0384615384615384,13,0.52
"407",0.825,0.374969266569844,0.72,0.86039886039886,0.692307692307692,0.888888888888889,0.307692307692308,0.111111111111111,6.23076923076923,0.346153846153846
"408",0.8,0.370413221330704,0.555555555555556,0.841692789968652,0.454545454545455,0.931034482758621,0.545454545454545,0.0689655172413793,6.59090909090909,0.585858585858586
"409",0.825,0.381374243661488,0.666666666666667,0.863333333333333,0.7,0.866666666666667,0.3,0.133333333333333,5.25,0.346153846153846
"410",0.825,0.362775361345125,0.666666666666667,0.884012539184953,0.636363636363636,0.896551724137931,0.363636363636364,0.103448275862069,6.15151515151515,0.405594405594406
"411",0.825,0.382942861566187,0.666666666666667,0.831845238095238,0.583333333333333,0.928571428571429,0.416666666666667,0.0714285714285714,8.16666666666667,0.448717948717949
"412",0.725,0.430354455309574,0.620689655172414,0.817708333333333,0.5625,0.833333333333333,0.4375,0.166666666666667,3.375,0.525
"413",0.85,0.349883350801213,0.769230769230769,0.918803418803419,0.769230769230769,0.888888888888889,0.230769230769231,0.111111111111111,6.92307692307692,0.259615384615385
"414",0.7,0.445451795329118,0.647058823529412,0.822802197802198,0.785714285714286,0.653846153846154,0.214285714285714,0.346153846153846,2.26984126984127,0.327731092436975
"415",0.8,0.356688975277918,0.692307692307692,0.864672364672365,0.692307692307692,0.851851851851852,0.307692307692308,0.148148148148148,4.67307692307692,0.361204013377926
"416",0.8,0.380529988342334,0.555555555555556,0.818181818181818,0.454545454545455,0.931034482758621,0.545454545454545,0.0689655172413793,6.59090909090909,0.585858585858586
"417",0.825,0.35976596896967,0.588235294117647,0.791015625,0.625,0.875,0.375,0.125,5,0.428571428571429
"418",0.75,0.391782637465613,0.615384615384615,0.818181818181818,0.727272727272727,0.758620689655172,0.272727272727273,0.241379310344828,3.01298701298701,0.359504132231405
"419",0.775,0.3354588551381,0.526315789473684,0.873046875,0.625,0.8125,0.375,0.1875,3.33333333333333,0.461538461538462
"420",0.8,0.351853813435995,0.6,0.881720430107527,0.666666666666667,0.838709677419355,0.333333333333333,0.161290322580645,4.13333333333333,0.397435897435897
"421",0.85,0.325685401525288,0.727272727272727,0.851097178683386,0.727272727272727,0.896551724137931,0.272727272727273,0.103448275862069,7.03030303030303,0.304195804195804
"422",0.75,0.433003739329747,0.545454545454545,0.743589743589744,0.461538461538462,0.888888888888889,0.538461538461538,0.111111111111111,4.15384615384615,0.605769230769231
"423",0.85,0.275468568135203,0.727272727272727,0.941666666666667,0.8,0.866666666666667,0.2,0.133333333333333,6,0.230769230769231
"424",0.85,0.359609931210432,0.666666666666667,0.831666666666667,0.6,0.933333333333333,0.4,0.0666666666666667,9,0.428571428571429
"425",0.925,0.297442733866951,0.842105263157895,0.942652329749104,0.888888888888889,0.935483870967742,0.111111111111111,0.0645161290322581,13.7777777777778,0.118773946360153
"426",0.75,0.426258265445358,0.583333333333333,0.745535714285714,0.583333333333333,0.821428571428571,0.416666666666667,0.178571428571429,3.26666666666667,0.507246376811594
"427",0.8,0.361437313571431,0.6,0.82258064516129,0.666666666666667,0.838709677419355,0.333333333333333,0.161290322580645,4.13333333333333,0.397435897435897
"428",0.75,0.424133825206513,0.615384615384615,0.849702380952381,0.666666666666667,0.785714285714286,0.333333333333333,0.214285714285714,3.11111111111111,0.424242424242424
"429",0.675,0.488107080239964,0.551724137931034,0.690883190883191,0.615384615384615,0.703703703703704,0.384615384615385,0.296296296296296,2.07692307692308,0.546558704453441
"430",0.8,0.342302539295713,0.6,0.905017921146953,0.666666666666667,0.838709677419355,0.333333333333333,0.161290322580645,4.13333333333333,0.397435897435897
"431",0.825,0.33955291548482,0.631578947368421,0.81,0.6,0.9,0.4,0.1,6,0.444444444444444
"432",0.875,0.318449057358652,0.761904761904762,0.93730407523511,0.727272727272727,0.931034482758621,0.272727272727273,0.0689655172413793,10.5454545454545,0.292929292929293
"433",0.725,0.453175785610907,0.421052631578947,0.732142857142857,0.333333333333333,0.892857142857143,0.666666666666667,0.107142857142857,3.11111111111111,0.746666666666667
"434",0.8,0.368399041761979,0.692307692307692,0.848214285714286,0.75,0.821428571428571,0.25,0.178571428571429,4.2,0.304347826086957
"435",0.875,0.30188513629715,0.736842105263158,0.95,0.7,0.933333333333333,0.3,0.0666666666666667,10.5,0.321428571428571
"436",0.725,0.431873073739648,0.521739130434783,0.766483516483517,0.428571428571429,0.884615384615385,0.571428571428571,0.115384615384615,3.71428571428571,0.645962732919255
"437",0.8,0.340790033901129,0.555555555555556,0.824675324675325,0.714285714285714,0.818181818181818,0.285714285714286,0.181818181818182,3.92857142857143,0.349206349206349
"438",0.85,0.37536034960717,0.75,0.850274725274725,0.642857142857143,0.961538461538462,0.357142857142857,0.0384615384615384,16.7142857142857,0.371428571428571
"439",0.75,0.403335859229453,0.615384615384615,0.792582417582418,0.571428571428571,0.846153846153846,0.428571428571429,0.153846153846154,3.71428571428571,0.506493506493507
"440",0.775,0.387253066044312,0.64,0.836182336182336,0.615384615384615,0.851851851851852,0.384615384615385,0.148148148148148,4.15384615384615,0.451505016722408
"441",0.85,0.380478485686008,0.75,0.873333333333333,0.6,1,0.4,0,Inf,0.4
"442",0.675,0.494205638340024,0.518518518518518,0.72,0.466666666666667,0.8,0.533333333333333,0.2,2.33333333333333,0.666666666666667
"443",0.85,0.378874230418347,0.625,0.903333333333333,0.5,0.966666666666667,0.5,0.0333333333333333,15,0.517241379310345
"444",0.825,0.334896930296335,0.695652173913043,0.885,0.8,0.833333333333333,0.2,0.166666666666667,4.8,0.24
"445",0.8,0.329141904106734,0.6,0.869175627240143,0.666666666666667,0.838709677419355,0.333333333333333,0.161290322580645,4.13333333333333,0.397435897435897
"446",0.825,0.368681770841408,0.666666666666667,0.855654761904762,0.583333333333333,0.928571428571429,0.416666666666667,0.0714285714285714,8.16666666666667,0.448717948717949
"447",0.875,0.348636455982049,0.761904761904762,0.94047619047619,0.666666666666667,0.964285714285714,0.333333333333333,0.0357142857142857,18.6666666666667,0.345679012345679
"448",0.775,0.358287396988616,0.64,0.854166666666667,0.666666666666667,0.821428571428571,0.333333333333333,0.178571428571429,3.73333333333333,0.405797101449275
"449",0.85,0.349051459336879,0.7,0.895833333333333,0.583333333333333,0.964285714285714,0.416666666666667,0.0357142857142857,16.3333333333333,0.432098765432099
"450",0.85,0.366333281132747,0.769230769230769,0.927350427350427,0.769230769230769,0.888888888888889,0.230769230769231,0.111111111111111,6.92307692307692,0.259615384615385
"451",0.8,0.399114095100525,0.6,0.846394984326019,0.545454545454545,0.896551724137931,0.454545454545455,0.103448275862069,5.27272727272727,0.506993006993007
"452",0.875,0.34488583840698,0.8,0.93956043956044,0.714285714285714,0.961538461538462,0.285714285714286,0.0384615384615384,18.5714285714286,0.297142857142857
"453",0.75,0.406986517732421,0.545454545454545,0.836309523809524,0.5,0.857142857142857,0.5,0.142857142857143,3.5,0.583333333333333
"454",0.825,0.348141947127599,0.588235294117647,0.857421875,0.625,0.875,0.375,0.125,5,0.428571428571429
"455",0.725,0.470605292629381,0.521739130434783,0.745014245014245,0.461538461538462,0.851851851851852,0.538461538461538,0.148148148148148,3.11538461538462,0.632107023411371
"456",0.825,0.369558932124781,0.695652173913043,0.822916666666667,0.666666666666667,0.892857142857143,0.333333333333333,0.107142857142857,6.22222222222222,0.373333333333333
"457",0.85,0.34946124648975,0.666666666666667,0.85423197492163,0.545454545454545,0.96551724137931,0.454545454545455,0.0344827586206896,15.8181818181818,0.470779220779221
"458",0.775,0.38795715027378,0.470588235294118,0.698924731182796,0.444444444444444,0.870967741935484,0.555555555555556,0.129032258064516,3.44444444444444,0.637860082304527
"459",0.8,0.370637512419247,0.6,0.90327380952381,0.5,0.928571428571429,0.5,0.0714285714285714,7,0.538461538461538
"460",0.725,0.407399677337601,0.476190476190476,0.808777429467085,0.454545454545455,0.827586206896552,0.545454545454545,0.172413793103448,2.63636363636364,0.659090909090909
"461",0.85,0.317111274792999,0.666666666666667,0.842293906810036,0.666666666666667,0.903225806451613,0.333333333333333,0.0967741935483871,6.88888888888889,0.369047619047619
"462",0.725,0.469758048137074,0.421052631578947,0.75705329153605,0.363636363636364,0.862068965517241,0.636363636363636,0.137931034482759,2.63636363636364,0.738181818181818
"463",0.725,0.403941652524483,0.352941176470588,0.79,0.3,0.866666666666667,0.7,0.133333333333333,2.25,0.807692307692308
"464",0.8,0.367808459894214,0.6,0.8,0.6,0.866666666666667,0.4,0.133333333333333,4.5,0.461538461538462
"465",0.9,0.265537807792954,0.818181818181818,0.946708463949843,0.818181818181818,0.931034482758621,0.181818181818182,0.0689655172413793,11.8636363636364,0.195286195286195
"466",0.8,0.373443937375828,0.714285714285714,0.883190883190883,0.769230769230769,0.814814814814815,0.230769230769231,0.185185185185185,4.15384615384615,0.283216783216783
"467",0.775,0.41273602923177,0.666666666666667,0.833333333333333,0.5625,0.916666666666667,0.4375,0.0833333333333334,6.75,0.477272727272727
"468",0.725,0.438415473131814,0.56,0.77827380952381,0.583333333333333,0.785714285714286,0.416666666666667,0.214285714285714,2.72222222222222,0.53030303030303
"469",0.75,0.423535922973574,0.444444444444444,0.630859375,0.5,0.8125,0.5,0.1875,2.66666666666667,0.615384615384615
"470",0.75,0.406373123820485,0.545454545454545,0.851648351648352,0.428571428571429,0.923076923076923,0.571428571428571,0.0769230769230769,5.57142857142857,0.619047619047619
"471",0.75,0.357209626313982,0.642857142857143,0.895833333333333,0.75,0.75,0.25,0.25,3,0.333333333333333
"472",0.775,0.377247798854222,0.608695652173913,0.825,0.7,0.8,0.3,0.2,3.5,0.375
"473",0.675,0.455053614618381,0.380952380952381,0.719373219373219,0.307692307692308,0.851851851851852,0.692307692307692,0.148148148148148,2.07692307692308,0.812709030100334
"474",0.85,0.337398950197237,0.727272727272727,0.93,0.8,0.866666666666667,0.2,0.133333333333333,6,0.230769230769231
"475",0.725,0.425746981881963,0.645161290322581,0.791666666666667,0.625,0.791666666666667,0.375,0.208333333333333,3,0.473684210526316
"476",0.75,0.389668713105317,0.444444444444444,0.813333333333333,0.4,0.866666666666667,0.6,0.133333333333333,3,0.692307692307692
"477",0.75,0.3504558162539,0.5,0.833333333333333,0.5,0.833333333333333,0.5,0.166666666666667,3,0.6
"478",0.825,0.341079644570335,0.631578947368421,0.883333333333333,0.6,0.9,0.4,0.1,6,0.444444444444444
"479",0.75,0.394699674554342,0.666666666666667,0.861823361823362,0.769230769230769,0.740740740740741,0.230769230769231,0.259259259259259,2.96703296703297,0.311538461538461
"480",0.725,0.434455554355773,0.56,0.819010416666667,0.4375,0.916666666666667,0.5625,0.0833333333333334,5.25,0.613636363636364
"481",0.875,0.289332294802302,0.736842105263158,0.943359375,0.875,0.875,0.125,0.125,7,0.142857142857143
"482",0.9,0.317356074687748,0.8,0.899641577060932,0.888888888888889,0.903225806451613,0.111111111111111,0.0967741935483871,9.18518518518518,0.123015873015873
"483",0.8,0.361311203764044,0.636363636363636,0.856666666666667,0.7,0.833333333333333,0.3,0.166666666666667,4.2,0.36
"484",0.775,0.413143859721644,0.64,0.81974921630094,0.727272727272727,0.793103448275862,0.272727272727273,0.206896551724138,3.51515151515152,0.343873517786561
"485",0.75,0.31023382315448,0.666666666666667,0.963333333333333,1,0.666666666666667,0,0.333333333333333,3,0
"486",0.875,0.329804536890041,0.782608695652174,0.9375,0.75,0.928571428571429,0.25,0.0714285714285714,10.5,0.269230769230769
"487",0.8,0.419556931775684,0.636363636363636,0.818452380952381,0.583333333333333,0.892857142857143,0.416666666666667,0.107142857142857,5.44444444444445,0.466666666666667
"488",0.9,0.327136284288637,0.75,0.926666666666667,0.6,1,0.4,0,Inf,0.4
"489",0.875,0.310598503095996,0.736842105263158,0.876953125,0.875,0.875,0.125,0.125,7,0.142857142857143
"490",0.825,0.363742540631913,0.72,0.877492877492878,0.692307692307692,0.888888888888889,0.307692307692308,0.111111111111111,6.23076923076923,0.346153846153846
"491",0.8,0.365322361928753,0.636363636363636,0.891666666666667,0.7,0.833333333333333,0.3,0.166666666666667,4.2,0.36
"492",0.75,0.372076885615364,0.545454545454545,0.836990595611285,0.545454545454545,0.827586206896552,0.454545454545455,0.172413793103448,3.16363636363636,0.549242424242424
"493",0.75,0.383273141899128,0.5,0.777429467084639,0.454545454545455,0.862068965517241,0.545454545454545,0.137931034482759,3.29545454545454,0.632727272727273
"494",0.9,0.336830444046125,0.818181818181818,0.921652421652422,0.692307692307692,1,0.307692307692308,0,Inf,0.307692307692308
"495",0.85,0.342517062629912,0.727272727272727,0.91,0.8,0.866666666666667,0.2,0.133333333333333,6,0.230769230769231
"496",0.8,0.372783869411421,0.636363636363636,0.840501792114695,0.777777777777778,0.806451612903226,0.222222222222222,0.193548387096774,4.01851851851852,0.275555555555556
"497",0.85,0.333543541549639,0.769230769230769,0.91025641025641,0.769230769230769,0.888888888888889,0.230769230769231,0.111111111111111,6.92307692307692,0.259615384615385
"498",0.825,0.324714783415218,0.631578947368421,0.82,0.6,0.9,0.4,0.1,6,0.444444444444444
"499",0.775,0.363702147604458,0.571428571428571,0.838333333333333,0.6,0.833333333333333,0.4,0.166666666666667,3.6,0.48
"500",0.825,0.359585183822282,0.631578947368421,0.87890625,0.75,0.84375,0.25,0.15625,4.8,0.296296296296296
"501",0.825,0.380317345470585,0.666666666666667,0.803571428571429,0.583333333333333,0.928571428571429,0.416666666666667,0.0714285714285714,8.16666666666667,0.448717948717949
"502",0.675,0.443156168558781,0.551724137931034,0.774739583333333,0.5,0.791666666666667,0.5,0.208333333333333,2.4,0.631578947368421
"503",0.875,0.314047705167826,0.705882352941177,0.963333333333333,0.6,0.966666666666667,0.4,0.0333333333333333,18,0.413793103448276
"504",0.775,0.398980683517592,0.571428571428571,0.760188087774295,0.545454545454545,0.862068965517241,0.454545454545455,0.137931034482759,3.95454545454545,0.527272727272727
"505",0.8,0.355912166200085,0.555555555555556,0.835125448028674,0.555555555555556,0.870967741935484,0.444444444444444,0.129032258064516,4.30555555555556,0.510288065843621
"506",0.775,0.407517411081457,0.64,0.811912225705329,0.727272727272727,0.793103448275862,0.272727272727273,0.206896551724138,3.51515151515152,0.343873517786561
"507",0.85,0.326790000052016,0.666666666666667,0.89453125,0.75,0.875,0.25,0.125,6,0.285714285714286
"508",0.775,0.396546544379725,0.608695652173913,0.852664576802508,0.636363636363636,0.827586206896552,0.363636363636364,0.172413793103448,3.69090909090909,0.439393939393939
"509",0.825,0.34456524670953,0.363636363636364,0.725714285714286,0.4,0.885714285714286,0.6,0.114285714285714,3.5,0.67741935483871
"510",0.825,0.338277534981859,0.695652173913043,0.896551724137931,0.727272727272727,0.862068965517241,0.272727272727273,0.137931034482759,5.27272727272727,0.316363636363636
"511",0.775,0.345041811825574,0.666666666666667,0.884615384615385,0.692307692307692,0.814814814814815,0.307692307692308,0.185185185185185,3.73846153846154,0.377622377622378
"512",0.725,0.426890142137947,0.476190476190476,0.779761904761905,0.416666666666667,0.857142857142857,0.583333333333333,0.142857142857143,2.91666666666667,0.680555555555555
"513",0.8,0.352853262165172,0.6,0.814453125,0.75,0.8125,0.25,0.1875,4,0.307692307692308
"514",0.85,0.324999178834654,0.75,0.931547619047619,0.75,0.892857142857143,0.25,0.107142857142857,7,0.28
"515",0.8,0.398682958902284,0.636363636363636,0.873511904761905,0.583333333333333,0.892857142857143,0.416666666666667,0.107142857142857,5.44444444444445,0.466666666666667
"516",0.8,0.371760284287176,0.692307692307692,0.821428571428571,0.642857142857143,0.884615384615385,0.357142857142857,0.115384615384615,5.57142857142857,0.403726708074534
"517",0.875,0.31048509480158,0.8,0.944444444444444,0.769230769230769,0.925925925925926,0.230769230769231,0.0740740740740741,10.3846153846154,0.249230769230769
"518",0.85,0.371110532455301,0.785714285714286,0.882666666666667,0.733333333333333,0.92,0.266666666666667,0.08,9.16666666666667,0.289855072463768
"519",0.8,0.385667512388664,0.714285714285714,0.884,0.666666666666667,0.88,0.333333333333333,0.12,5.55555555555556,0.378787878787879
"520",0.85,0.333832394430017,0.75,0.928774928774929,0.692307692307692,0.925925925925926,0.307692307692308,0.0740740740740741,9.34615384615385,0.332307692307692
"521",0.725,0.42060063296563,0.620689655172414,0.824175824175824,0.642857142857143,0.769230769230769,0.357142857142857,0.230769230769231,2.78571428571429,0.464285714285714
"522",0.775,0.38869692780684,0.64,0.851851851851852,0.615384615384615,0.851851851851852,0.384615384615385,0.148148148148148,4.15384615384615,0.451505016722408
"523",0.775,0.386411026894196,0.4,0.804659498207885,0.333333333333333,0.903225806451613,0.666666666666667,0.0967741935483871,3.44444444444444,0.738095238095238
"524",0.775,0.389076218298653,0.470588235294118,0.755,0.4,0.9,0.6,0.1,4,0.666666666666667
"525",0.9,0.320199162546608,0.8,0.883333333333333,0.8,0.933333333333333,0.2,0.0666666666666667,12,0.214285714285714
"526",0.85,0.334799886873261,0.727272727272727,0.869905956112853,0.727272727272727,0.896551724137931,0.272727272727273,0.103448275862069,7.03030303030303,0.304195804195804
"527",0.775,0.38099095501162,0.571428571428571,0.801075268817204,0.666666666666667,0.806451612903226,0.333333333333333,0.193548387096774,3.44444444444444,0.413333333333333
"528",0.825,0.313562812285,0.666666666666667,0.974025974025974,1,0.787878787878788,0,0.212121212121212,4.71428571428571,0
"529",0.8,0.389389160872108,0.636363636363636,0.822916666666667,0.583333333333333,0.892857142857143,0.416666666666667,0.107142857142857,5.44444444444445,0.466666666666667
"530",0.875,0.307440122623438,0.736842105263158,0.872759856630824,0.777777777777778,0.903225806451613,0.222222222222222,0.0967741935483871,8.03703703703703,0.246031746031746
"531",0.675,0.462776530863293,0.48,0.769230769230769,0.428571428571429,0.807692307692308,0.571428571428571,0.192307692307692,2.22857142857143,0.707482993197279
"532",0.825,0.368348284312426,0.666666666666667,0.930059523809524,0.583333333333333,0.928571428571429,0.416666666666667,0.0714285714285714,8.16666666666667,0.448717948717949
"533",0.8,0.389591664773469,0.636363636363636,0.797805642633229,0.636363636363636,0.862068965517241,0.363636363636364,0.137931034482759,4.61363636363636,0.421818181818182
"534",0.85,0.346198982745496,0.727272727272727,0.921630094043887,0.727272727272727,0.896551724137931,0.272727272727273,0.103448275862069,7.03030303030303,0.304195804195804
"535",0.825,0.354676791161305,0.533333333333333,0.800865800865801,0.571428571428571,0.878787878787879,0.428571428571429,0.121212121212121,4.71428571428571,0.487684729064039
"536",0.85,0.38645390584017,0.769230769230769,0.85546875,0.625,1,0.375,0,Inf,0.375
"537",0.775,0.354738841772026,0.608695652173913,0.846394984326019,0.636363636363636,0.827586206896552,0.363636363636364,0.172413793103448,3.69090909090909,0.439393939393939
"538",0.725,0.36762201877552,0.476190476190476,0.76171875,0.625,0.75,0.375,0.25,2.5,0.5
"539",0.775,0.416630925523342,0.608695652173913,0.873219373219373,0.538461538461538,0.888888888888889,0.461538461538462,0.111111111111111,4.84615384615384,0.519230769230769
"540",0.825,0.28706436728937,0.588235294117647,0.936274509803922,0.833333333333333,0.823529411764706,0.166666666666667,0.176470588235294,4.72222222222222,0.202380952380952
"541",0.75,0.443231949812156,0.642857142857143,0.801333333333333,0.6,0.84,0.4,0.16,3.75,0.476190476190476
"542",0.75,0.427711460675456,0.615384615384615,0.781593406593407,0.571428571428571,0.846153846153846,0.428571428571429,0.153846153846154,3.71428571428571,0.506493506493507
"543",0.775,0.381351495669917,0.571428571428571,0.832288401253918,0.545454545454545,0.862068965517241,0.454545454545455,0.137931034482759,3.95454545454545,0.527272727272727
"544",0.75,0.437290517479775,0.545454545454545,0.809065934065934,0.428571428571429,0.923076923076923,0.571428571428571,0.0769230769230769,5.57142857142857,0.619047619047619
"545",0.825,0.387834201237322,0.588235294117647,0.836309523809524,0.416666666666667,1,0.583333333333333,0,Inf,0.583333333333333
"546",0.825,0.327899896811205,0.588235294117647,0.917562724014337,0.555555555555556,0.903225806451613,0.444444444444444,0.0967741935483871,5.74074074074074,0.492063492063492
"547",0.85,0.36993387884374,0.769230769230769,0.834635416666667,0.625,1,0.375,0,Inf,0.375
"548",0.825,0.329071709155364,0.666666666666667,0.873040752351097,0.636363636363636,0.896551724137931,0.363636363636364,0.103448275862069,6.15151515151515,0.405594405594406
"549",0.7,0.441338643253189,0.571428571428571,0.835423197492163,0.727272727272727,0.689655172413793,0.272727272727273,0.310344827586207,2.34343434343434,0.395454545454545
"550",0.825,0.359783557206604,0.666666666666667,0.82258064516129,0.777777777777778,0.838709677419355,0.222222222222222,0.161290322580645,4.82222222222222,0.264957264957265
"551",0.875,0.290229410328612,0.736842105263158,0.883512544802867,0.777777777777778,0.903225806451613,0.222222222222222,0.0967741935483871,8.03703703703703,0.246031746031746
"552",0.9,0.261919698120049,0.714285714285714,0.943722943722944,0.714285714285714,0.939393939393939,0.285714285714286,0.0606060606060606,11.7857142857143,0.304147465437788
"553",0.775,0.429322844019058,0.666666666666667,0.841333333333333,0.6,0.88,0.4,0.12,5,0.454545454545455
"554",0.775,0.381942112595396,0.571428571428571,0.867383512544803,0.666666666666667,0.806451612903226,0.333333333333333,0.193548387096774,3.44444444444444,0.413333333333333
"555",0.85,0.335935502746953,0.727272727272727,0.885304659498208,0.888888888888889,0.838709677419355,0.111111111111111,0.161290322580645,5.51111111111111,0.132478632478633
"556",0.825,0.399049057351117,0.72,0.869333333333333,0.6,0.96,0.4,0.04,15,0.416666666666667
"557",0.875,0.354535350665148,0.761904761904762,0.952380952380952,0.666666666666667,0.964285714285714,0.333333333333333,0.0357142857142857,18.6666666666667,0.345679012345679
"558",0.825,0.364754152840732,0.695652173913043,0.841666666666667,0.8,0.833333333333333,0.2,0.166666666666667,4.8,0.24
"559",0.7,0.397288153959066,0.5,0.769592476489028,0.545454545454545,0.758620689655172,0.454545454545455,0.241379310344828,2.25974025974026,0.599173553719008
"560",0.825,0.312901671583992,0.533333333333333,0.85546875,0.5,0.90625,0.5,0.09375,5.33333333333333,0.551724137931034
"561",0.775,0.375630745467102,0.571428571428571,0.830721003134796,0.545454545454545,0.862068965517241,0.454545454545455,0.137931034482759,3.95454545454545,0.527272727272727
"562",0.85,0.355880720279605,0.625,0.86,0.5,0.966666666666667,0.5,0.0333333333333333,15,0.517241379310345
"563",0.8,0.390094850134773,0.666666666666667,0.865384615384615,0.571428571428571,0.923076923076923,0.428571428571429,0.0769230769230769,7.42857142857143,0.464285714285714
"564",0.725,0.429059435265642,0.476190476190476,0.78,0.5,0.8,0.5,0.2,2.5,0.625
"565",0.875,0.326954059156755,0.736842105263158,0.931034482758621,0.636363636363636,0.96551724137931,0.363636363636364,0.0344827586206896,18.4545454545455,0.376623376623377
"566",0.775,0.341592333041834,0.470588235294118,0.779296875,0.5,0.84375,0.5,0.15625,3.2,0.592592592592593
"567",0.825,0.312246082394125,0.72,0.951612903225806,1,0.774193548387097,0,0.225806451612903,4.42857142857143,0
"568",0.875,0.256615156152986,0.705882352941177,0.96969696969697,0.857142857142857,0.878787878787879,0.142857142857143,0.121212121212121,7.07142857142857,0.16256157635468
"569",0.725,0.483909210841474,0.476190476190476,0.807291666666667,0.3125,1,0.6875,0,Inf,0.6875
"570",0.875,0.350730301722331,0.705882352941177,0.753333333333333,0.6,0.966666666666667,0.4,0.0333333333333333,18,0.413793103448276
"571",0.675,0.447503579223238,0.48,0.764,0.4,0.84,0.6,0.16,2.5,0.714285714285714
"572",0.8,0.42976727927003,0.692307692307692,0.76953125,0.5625,0.958333333333333,0.4375,0.0416666666666666,13.5,0.456521739130435
"573",0.75,0.441476669190834,0.642857142857143,0.825333333333333,0.6,0.84,0.4,0.16,3.75,0.476190476190476
"574",0.85,0.367609703154926,0.7,0.825892857142857,0.583333333333333,0.964285714285714,0.416666666666667,0.0357142857142857,16.3333333333333,0.432098765432099
"575",0.75,0.356421424126877,0.545454545454545,0.78,0.6,0.8,0.4,0.2,3,0.5
"576",0.775,0.391000527588362,0.608695652173913,0.84478021978022,0.5,0.923076923076923,0.5,0.0769230769230769,6.5,0.541666666666667
"577",0.775,0.393633000541517,0.571428571428571,0.833333333333333,0.6,0.833333333333333,0.4,0.166666666666667,3.6,0.48
"578",0.75,0.41201546233348,0.5,0.824451410658307,0.454545454545455,0.862068965517241,0.545454545454545,0.137931034482759,3.29545454545454,0.632727272727273
"579",0.825,0.368413978901537,0.666666666666667,0.896057347670251,0.777777777777778,0.838709677419355,0.222222222222222,0.161290322580645,4.82222222222222,0.264957264957265
"580",0.825,0.357355885559175,0.588235294117647,0.755859375,0.625,0.875,0.375,0.125,5,0.428571428571429
"581",0.8,0.389546097918374,0.666666666666667,0.886666666666667,0.8,0.8,0.2,0.2,4,0.25
"582",0.775,0.364562088382162,0.526315789473684,0.811827956989247,0.555555555555556,0.838709677419355,0.444444444444444,0.161290322580645,3.44444444444445,0.52991452991453
"583",0.9,0.30215609355803,0.777777777777778,0.912186379928315,0.777777777777778,0.935483870967742,0.222222222222222,0.0645161290322581,12.0555555555555,0.237547892720307
"584",0.775,0.362309349332886,0.571428571428571,0.808243727598566,0.666666666666667,0.806451612903226,0.333333333333333,0.193548387096774,3.44444444444444,0.413333333333333
"585",0.8,0.359111853717366,0.555555555555556,0.728515625,0.625,0.84375,0.375,0.15625,4,0.444444444444444
"586",0.8,0.360168852225343,0.6,0.837797619047619,0.5,0.928571428571429,0.5,0.0714285714285714,7,0.538461538461538
"587",0.825,0.331889970626578,0.695652173913043,0.912225705329154,0.727272727272727,0.862068965517241,0.272727272727273,0.137931034482759,5.27272727272727,0.316363636363636
"588",0.775,0.415421347061126,0.608695652173913,0.846153846153846,0.5,0.923076923076923,0.5,0.0769230769230769,6.5,0.541666666666667
"589",0.8,0.311578663495549,0.6,0.924731182795699,0.666666666666667,0.838709677419355,0.333333333333333,0.161290322580645,4.13333333333333,0.397435897435897
"590",0.95,0.303185323256119,0.916666666666667,0.944444444444445,0.846153846153846,1,0.153846153846154,0,Inf,0.153846153846154
"591",0.8,0.370669471393905,0.692307692307692,0.877492877492878,0.692307692307692,0.851851851851852,0.307692307692308,0.148148148148148,4.67307692307692,0.361204013377926
"592",0.775,0.437311556849222,0.64,0.90920716112532,0.470588235294118,1,0.529411764705882,0,Inf,0.529411764705882
"593",0.775,0.394916893750031,0.571428571428571,0.851666666666667,0.6,0.833333333333333,0.4,0.166666666666667,3.6,0.48
"594",0.925,0.296841928955636,0.869565217391304,0.950892857142857,0.833333333333333,0.964285714285714,0.166666666666667,0.0357142857142857,23.3333333333333,0.172839506172839
"595",0.8,0.302236607137475,0.428571428571429,0.892361111111111,0.75,0.805555555555556,0.25,0.194444444444444,3.85714285714286,0.310344827586207
"596",0.95,0.250453968832049,0.857142857142857,0.974025974025974,0.857142857142857,0.96969696969697,0.142857142857143,0.0303030303030303,28.2857142857143,0.147321428571429
"597",0.825,0.377431496345358,0.588235294117647,0.738333333333333,0.5,0.933333333333333,0.5,0.0666666666666667,7.5,0.535714285714286
"598",0.8,0.386255064787619,0.555555555555556,0.790178571428571,0.416666666666667,0.964285714285714,0.583333333333333,0.0357142857142857,11.6666666666667,0.604938271604938
"599",0.825,0.370709728056527,0.631578947368421,0.738244514106583,0.545454545454545,0.931034482758621,0.454545454545455,0.0689655172413793,7.90909090909091,0.488215488215488
"600",0.85,0.272304385338842,0.625,0.870098039215686,0.833333333333333,0.852941176470588,0.166666666666667,0.147058823529412,5.66666666666667,0.195402298850575
"601",0.825,0.307743055627083,0.666666666666667,0.883333333333333,0.7,0.866666666666667,0.3,0.133333333333333,5.25,0.346153846153846
"602",0.75,0.408712460722601,0.285714285714286,0.595703125,0.25,0.875,0.75,0.125,2,0.857142857142857
"603",0.775,0.386221868289311,0.608695652173913,0.871473354231975,0.636363636363636,0.827586206896552,0.363636363636364,0.172413793103448,3.69090909090909,0.439393939393939
"604",0.85,0.390404331301247,0.625,0.73,0.5,0.966666666666667,0.5,0.0333333333333333,15,0.517241379310345
"605",0.85,0.356517662819505,0.7,0.877742946708464,0.636363636363636,0.931034482758621,0.363636363636364,0.0689655172413793,9.22727272727272,0.390572390572391
"606",0.825,0.385124319745655,0.695652173913043,0.881766381766382,0.615384615384615,0.925925925925926,0.384615384615385,0.0740740740740741,8.30769230769231,0.415384615384615
"607",0.775,0.369233385192607,0.526315789473684,0.776666666666667,0.5,0.866666666666667,0.5,0.133333333333333,3.75,0.576923076923077
"608",0.775,0.385234992366308,0.64,0.855799373040752,0.727272727272727,0.793103448275862,0.272727272727273,0.206896551724138,3.51515151515152,0.343873517786561
"609",0.825,0.334701017380667,0.695652173913043,0.866071428571428,0.666666666666667,0.892857142857143,0.333333333333333,0.107142857142857,6.22222222222222,0.373333333333333
"610",0.8,0.406918215367982,0.555555555555556,0.827586206896552,0.454545454545455,0.931034482758621,0.545454545454545,0.0689655172413793,6.59090909090909,0.585858585858586
"611",0.775,0.364206208432691,0.64,0.885304659498208,0.888888888888889,0.741935483870968,0.111111111111111,0.258064516129032,3.44444444444444,0.14975845410628
"612",0.75,0.382716024284035,0.5,0.736559139784946,0.555555555555556,0.806451612903226,0.444444444444444,0.193548387096774,2.87037037037037,0.551111111111111
"613",0.85,0.377224016907145,0.666666666666667,0.802507836990596,0.545454545454545,0.96551724137931,0.454545454545455,0.0344827586206896,15.8181818181818,0.470779220779221
"614",0.75,0.417501498801162,0.583333333333333,0.86039886039886,0.538461538461538,0.851851851851852,0.461538461538462,0.148148148148148,3.63461538461538,0.54180602006689
"615",0.85,0.351020163761768,0.75,0.929945054945055,0.642857142857143,0.961538461538462,0.357142857142857,0.0384615384615384,16.7142857142857,0.371428571428571
"616",0.875,0.328812783813708,0.666666666666667,0.8203125,0.625,0.9375,0.375,0.0625,10,0.4
"617",0.8,0.396616355967613,0.714285714285714,0.861333333333333,0.666666666666667,0.88,0.333333333333333,0.12,5.55555555555556,0.378787878787879
"618",0.75,0.404507066859896,0.642857142857143,0.833333333333333,0.692307692307692,0.777777777777778,0.307692307692308,0.222222222222222,3.11538461538462,0.395604395604396
"619",0.825,0.329648354805153,0.666666666666667,0.906666666666667,0.7,0.866666666666667,0.3,0.133333333333333,5.25,0.346153846153846
"620",0.85,0.360844122049574,0.666666666666667,0.890625,0.75,0.875,0.25,0.125,6,0.285714285714286
"621",0.8,0.406479289220341,0.6,0.778333333333333,0.6,0.866666666666667,0.4,0.133333333333333,4.5,0.461538461538462
"622",0.85,0.333595013548135,0.571428571428571,0.861328125,0.5,0.9375,0.5,0.0625,8,0.533333333333333
"623",0.75,0.4056778058939,0.583333333333333,0.788690476190476,0.583333333333333,0.821428571428571,0.416666666666667,0.178571428571429,3.26666666666667,0.507246376811594
"624",0.75,0.391765135591322,0.615384615384615,0.875,0.666666666666667,0.785714285714286,0.333333333333333,0.214285714285714,3.11111111111111,0.424242424242424
"625",0.8,0.401847397637791,0.714285714285714,0.828,0.666666666666667,0.88,0.333333333333333,0.12,5.55555555555556,0.378787878787879
"626",0.75,0.39001550925727,0.545454545454545,0.838333333333333,0.6,0.8,0.4,0.2,3,0.5
"627",0.85,0.333786141116257,0.75,0.886039886039886,0.692307692307692,0.925925925925926,0.307692307692308,0.0740740740740741,9.34615384615385,0.332307692307692
"628",0.825,0.362429922966296,0.588235294117647,0.86,0.5,0.933333333333333,0.5,0.0666666666666667,7.5,0.535714285714286
"629",0.8,0.385114353443417,0.5,0.871666666666667,0.4,0.933333333333333,0.6,0.0666666666666667,6,0.642857142857143
"630",0.85,0.294284953953946,0.666666666666667,0.950980392156863,1,0.823529411764706,0,0.176470588235294,5.66666666666667,0
"631",0.925,0.276987968526032,0.869565217391304,0.968333333333333,1,0.9,0,0.1,10,0
"632",0.775,0.386868261943935,0.64,0.857549857549858,0.615384615384615,0.851851851851852,0.384615384615385,0.148148148148148,4.15384615384615,0.451505016722408
"633",0.875,0.345635722873683,0.782608695652174,0.836990595611285,0.818181818181818,0.896551724137931,0.181818181818182,0.103448275862069,7.90909090909091,0.202797202797203
"634",0.7,0.423137526801642,0.454545454545455,0.830721003134796,0.454545454545455,0.793103448275862,0.545454545454545,0.206896551724138,2.1969696969697,0.687747035573122
"635",0.775,0.349534032921403,0.526315789473684,0.80859375,0.625,0.8125,0.375,0.1875,3.33333333333333,0.461538461538462
"636",0.775,0.406675990967944,0.526315789473684,0.787202380952381,0.416666666666667,0.928571428571429,0.583333333333333,0.0714285714285714,5.83333333333334,0.628205128205128
"637",0.825,0.332206034821591,0.533333333333333,0.83984375,0.5,0.90625,0.5,0.09375,5.33333333333333,0.551724137931034
"638",0.825,0.319563400898771,0.695652173913043,0.881666666666667,0.8,0.833333333333333,0.2,0.166666666666667,4.8,0.24
"639",0.775,0.385812755613328,0.64,0.805059523809524,0.666666666666667,0.821428571428571,0.333333333333333,0.178571428571429,3.73333333333333,0.405797101449275
"640",0.775,0.423880676891603,0.666666666666667,0.852864583333333,0.5625,0.916666666666667,0.4375,0.0833333333333334,6.75,0.477272727272727
"641",0.825,0.355168229598225,0.666666666666667,0.885579937304075,0.636363636363636,0.896551724137931,0.363636363636364,0.103448275862069,6.15151515151515,0.405594405594406
"642",0.775,0.385255269239405,0.526315789473684,0.855654761904762,0.416666666666667,0.928571428571429,0.583333333333333,0.0714285714285714,5.83333333333334,0.628205128205128
"643",0.775,0.420412576697534,0.64,0.776353276353276,0.615384615384615,0.851851851851852,0.384615384615385,0.148148148148148,4.15384615384615,0.451505016722408
"644",0.85,0.321816291903581,0.727272727272727,0.91692789968652,0.727272727272727,0.896551724137931,0.272727272727273,0.103448275862069,7.03030303030303,0.304195804195804
"645",0.875,0.36151316534147,0.814814814814815,0.908,0.733333333333333,0.96,0.266666666666667,0.04,18.3333333333333,0.277777777777778
"646",0.85,0.340399874109006,0.625,0.859375,0.625,0.90625,0.375,0.09375,6.66666666666667,0.413793103448276
"647",0.8,0.382120129554524,0.636363636363636,0.913105413105413,0.538461538461538,0.925925925925926,0.461538461538462,0.0740740740740741,7.26923076923077,0.498461538461539
"648",0.9,0.232933934877089,0.777777777777778,0.991341991341991,1,0.878787878787879,0,0.121212121212121,8.25,0
"649",0.725,0.429823272244247,0.56,0.777429467084639,0.636363636363636,0.758620689655172,0.363636363636364,0.241379310344828,2.63636363636364,0.479338842975207
"650",0.75,0.426304477879017,0.583333333333333,0.746666666666667,0.7,0.766666666666667,0.3,0.233333333333333,3,0.391304347826087
"651",0.75,0.41080983272057,0.615384615384615,0.837606837606838,0.615384615384615,0.814814814814815,0.384615384615385,0.185185185185185,3.32307692307692,0.472027972027972
"652",0.75,0.405606395249709,0.5,0.836917562724014,0.555555555555556,0.806451612903226,0.444444444444444,0.193548387096774,2.87037037037037,0.551111111111111
"653",0.7,0.382977890846176,0.5,0.785,0.6,0.733333333333333,0.4,0.266666666666667,2.25,0.545454545454546
"654",0.775,0.424892907449591,0.64,0.745879120879121,0.571428571428571,0.884615384615385,0.428571428571429,0.115384615384615,4.95238095238095,0.484472049689441
"655",0.725,0.415018128674005,0.592592592592593,0.809116809116809,0.615384615384615,0.777777777777778,0.384615384615385,0.222222222222222,2.76923076923077,0.494505494505494
"656",0.775,0.432403760583401,0.470588235294118,0.780564263322884,0.363636363636364,0.931034482758621,0.636363636363636,0.0689655172413793,5.27272727272727,0.683501683501683
"657",0.825,0.347563244363592,0.72,0.87037037037037,0.692307692307692,0.888888888888889,0.307692307692308,0.111111111111111,6.23076923076923,0.346153846153846
"658",0.725,0.399453890197887,0.645161290322581,0.850666666666667,0.666666666666667,0.76,0.333333333333333,0.24,2.77777777777778,0.43859649122807
"659",0.9,0.291040506422391,0.75,0.888671875,0.75,0.9375,0.25,0.0625,12,0.266666666666667
"660",0.775,0.361515992750687,0.64,0.885579937304075,0.727272727272727,0.793103448275862,0.272727272727273,0.206896551724138,3.51515151515152,0.343873517786561
"661",0.85,0.32268442975452,0.625,0.873046875,0.625,0.90625,0.375,0.09375,6.66666666666667,0.413793103448276
"662",0.875,0.323769230746364,0.736842105263158,0.92578125,0.875,0.875,0.125,0.125,7,0.142857142857143
"663",0.675,0.469656442030183,0.48,0.691666666666667,0.6,0.7,0.4,0.3,2,0.571428571428572
"664",0.85,0.351065922573622,0.769230769230769,0.902472527472527,0.714285714285714,0.923076923076923,0.285714285714286,0.0769230769230769,9.28571428571429,0.309523809523809
"665",0.825,0.33833573032574,0.740740740740741,0.915178571428571,0.833333333333333,0.821428571428571,0.166666666666667,0.178571428571429,4.66666666666667,0.202898550724638
"666",0.75,0.385352547158394,0.5,0.766457680250784,0.454545454545455,0.862068965517241,0.545454545454545,0.137931034482759,3.29545454545454,0.632727272727273
"667",0.775,0.342290939897989,0.571428571428571,0.895,0.6,0.833333333333333,0.4,0.166666666666667,3.6,0.48
"668",0.825,0.36197561483223,0.72,0.901785714285714,0.75,0.857142857142857,0.25,0.142857142857143,5.25,0.291666666666667
"669",0.8,0.421035768859785,0.5,0.796130952380952,0.333333333333333,1,0.666666666666667,0,Inf,0.666666666666667
"670",0.85,0.306084437912275,0.7,0.944444444444444,0.777777777777778,0.870967741935484,0.222222222222222,0.129032258064516,6.02777777777778,0.255144032921811
"671",0.8,0.372766488713884,0.666666666666667,0.82601880877743,0.727272727272727,0.827586206896552,0.272727272727273,0.172413793103448,4.21818181818182,0.329545454545455
"672",0.75,0.435125658702832,0.545454545454545,0.793956043956044,0.428571428571429,0.923076923076923,0.571428571428571,0.0769230769230769,5.57142857142857,0.619047619047619
"673",0.875,0.335607409842644,0.736842105263158,0.927899686520376,0.636363636363636,0.96551724137931,0.363636363636364,0.0344827586206896,18.4545454545455,0.376623376623377
"674",0.775,0.417254785694766,0.571428571428571,0.745535714285714,0.5,0.892857142857143,0.5,0.107142857142857,4.66666666666667,0.56
"675",0.875,0.329272165517314,0.736842105263158,0.91796875,0.875,0.875,0.125,0.125,7,0.142857142857143
"676",0.825,0.34835936530199,0.666666666666667,0.883928571428571,0.583333333333333,0.928571428571429,0.416666666666667,0.0714285714285714,8.16666666666667,0.448717948717949
"677",0.875,0.362516740318917,0.814814814814815,0.873219373219373,0.846153846153846,0.888888888888889,0.153846153846154,0.111111111111111,7.61538461538461,0.173076923076923
"678",0.8,0.402598330671985,0.636363636363636,0.876068376068376,0.538461538461538,0.925925925925926,0.461538461538462,0.0740740740740741,7.26923076923077,0.498461538461539
"679",0.8,0.339427839815187,0.6,0.868333333333333,0.6,0.866666666666667,0.4,0.133333333333333,4.5,0.461538461538462
"680",0.875,0.281974473781088,0.666666666666667,0.890625,0.625,0.9375,0.375,0.0625,10,0.4
"681",0.8,0.417662779770157,0.6,0.763392857142857,0.5,0.928571428571429,0.5,0.0714285714285714,7,0.538461538461538
"682",0.8,0.366309755222064,0.692307692307692,0.886039886039886,0.692307692307692,0.851851851851852,0.307692307692308,0.148148148148148,4.67307692307692,0.361204013377926
"683",0.8,0.416385440536059,0.692307692307692,0.8671875,0.5625,0.958333333333333,0.4375,0.0416666666666666,13.5,0.456521739130435
"684",0.85,0.370049644948449,0.625,0.862068965517241,0.454545454545455,1,0.545454545454545,0,Inf,0.545454545454545
"685",0.85,0.354924348439757,0.75,0.829059829059829,0.692307692307692,0.925925925925926,0.307692307692308,0.0740740740740741,9.34615384615385,0.332307692307692
"686",0.85,0.379576430955342,0.785714285714286,0.862637362637363,0.785714285714286,0.884615384615385,0.214285714285714,0.115384615384615,6.80952380952381,0.242236024844721
"687",0.8,0.362576091832981,0.555555555555556,0.813620071684588,0.555555555555556,0.870967741935484,0.444444444444444,0.129032258064516,4.30555555555556,0.510288065843621
"688",0.775,0.384519603127999,0.608695652173913,0.806547619047619,0.583333333333333,0.857142857142857,0.416666666666667,0.142857142857143,4.08333333333333,0.486111111111111
"689",0.8,0.370356735771528,0.692307692307692,0.821428571428572,0.75,0.821428571428571,0.25,0.178571428571429,4.2,0.304347826086957
"690",0.75,0.428557474807404,0.642857142857143,0.861333333333333,0.6,0.84,0.4,0.16,3.75,0.476190476190476
"691",0.8,0.381691836769732,0.636363636363636,0.818181818181818,0.636363636363636,0.862068965517241,0.363636363636364,0.137931034482759,4.61363636363636,0.421818181818182
"692",0.825,0.386248253441659,0.631578947368421,0.804075235109718,0.545454545454545,0.931034482758621,0.454545454545455,0.0689655172413793,7.90909090909091,0.488215488215488
"693",0.775,0.365513536594864,0.470588235294118,0.742424242424242,0.571428571428571,0.818181818181818,0.428571428571429,0.181818181818182,3.14285714285714,0.523809523809524
"694",0.725,0.431837207611948,0.521739130434783,0.868131868131868,0.428571428571429,0.884615384615385,0.571428571428571,0.115384615384615,3.71428571428571,0.645962732919255
"695",0.8,0.394661879522231,0.636363636363636,0.816964285714286,0.583333333333333,0.892857142857143,0.416666666666667,0.107142857142857,5.44444444444445,0.466666666666667
"696",0.925,0.283668819709313,0.727272727272727,0.939393939393939,0.571428571428571,1,0.428571428571429,0,Inf,0.428571428571429
"697",0.775,0.428349165948821,0.571428571428571,0.819940476190476,0.5,0.892857142857143,0.5,0.107142857142857,4.66666666666667,0.56
"698",0.85,0.294273678573093,0.75,0.90922619047619,0.75,0.892857142857143,0.25,0.107142857142857,7,0.28
"699",0.825,0.355287157144653,0.631578947368421,0.796666666666667,0.6,0.9,0.4,0.1,6,0.444444444444444
"700",0.775,0.370558924201008,0.608695652173913,0.813620071684588,0.777777777777778,0.774193548387097,0.222222222222222,0.225806451612903,3.44444444444444,0.287037037037037
"701",0.85,0.332116251054768,0.571428571428571,0.826839826839827,0.571428571428571,0.909090909090909,0.428571428571429,0.0909090909090909,6.28571428571428,0.471428571428571
"702",0.85,0.346950818842554,0.625,0.774193548387097,0.555555555555556,0.935483870967742,0.444444444444444,0.0645161290322581,8.6111111111111,0.475095785440613
"703",0.7,0.445800498968521,0.538461538461538,0.76510989010989,0.5,0.807692307692308,0.5,0.192307692307692,2.6,0.619047619047619
"704",0.875,0.302860332325689,0.761904761904762,0.959247648902821,0.727272727272727,0.931034482758621,0.272727272727273,0.0689655172413793,10.5454545454545,0.292929292929293
"705",0.9,0.33414302129176,0.777777777777778,0.910658307210031,0.636363636363636,1,0.363636363636364,0,Inf,0.363636363636364
"706",0.8,0.375707994476244,0.692307692307692,0.851648351648352,0.642857142857143,0.884615384615385,0.357142857142857,0.115384615384615,5.57142857142857,0.403726708074534
"707",0.75,0.413307465945516,0.642857142857143,0.824,0.6,0.84,0.4,0.16,3.75,0.476190476190476
"708",0.875,0.324882394477174,0.827586206896552,0.928,0.8,0.92,0.2,0.08,10,0.217391304347826
"709",0.875,0.297090882603554,0.736842105263158,0.963203463203463,1,0.848484848484849,0,0.151515151515151,6.6,0
"710",0.8,0.396818372153923,0.636363636363636,0.854395604395604,0.5,0.961538461538462,0.5,0.0384615384615384,13,0.52
"711",0.85,0.336218719043954,0.75,0.866071428571429,0.75,0.892857142857143,0.25,0.107142857142857,7,0.28
"712",0.85,0.325147307171614,0.7,0.890282131661442,0.636363636363636,0.931034482758621,0.363636363636364,0.0689655172413793,9.22727272727272,0.390572390572391
"713",0.8,0.348525852226751,0.5,0.823529411764706,0.666666666666667,0.823529411764706,0.333333333333333,0.176470588235294,3.77777777777778,0.404761904761905
"714",0.775,0.387616787820818,0.571428571428571,0.822884012539185,0.545454545454545,0.862068965517241,0.454545454545455,0.137931034482759,3.95454545454545,0.527272727272727
"715",0.85,0.340504771524046,0.727272727272727,0.894586894586895,0.615384615384615,0.962962962962963,0.384615384615385,0.0370370370370371,16.6153846153846,0.399408284023669
"716",0.825,0.371720750386744,0.695652173913043,0.830357142857143,0.666666666666667,0.892857142857143,0.333333333333333,0.107142857142857,6.22222222222222,0.373333333333333
"717",0.8,0.312967234418061,0.555555555555556,0.877450980392157,0.833333333333333,0.794117647058823,0.166666666666667,0.205882352941177,4.04761904761905,0.209876543209877
"718",0.825,0.314528224821658,0.695652173913043,0.943573667711599,0.727272727272727,0.862068965517241,0.272727272727273,0.137931034482759,5.27272727272727,0.316363636363636
"719",0.875,0.34447710942706,0.736842105263158,0.855799373040752,0.636363636363636,0.96551724137931,0.363636363636364,0.0344827586206896,18.4545454545455,0.376623376623377
"720",0.825,0.365742938141849,0.588235294117647,0.898333333333333,0.5,0.933333333333333,0.5,0.0666666666666667,7.5,0.535714285714286
"721",0.775,0.371802064296291,0.666666666666667,0.895604395604396,0.642857142857143,0.846153846153846,0.357142857142857,0.153846153846154,4.17857142857143,0.422077922077922
"722",0.725,0.434712317949703,0.266666666666667,0.830721003134796,0.181818181818182,0.931034482758621,0.818181818181818,0.0689655172413793,2.63636363636364,0.878787878787879
"723",0.8,0.388246595127299,0.636363636363636,0.79153605015674,0.636363636363636,0.862068965517241,0.363636363636364,0.137931034482759,4.61363636363636,0.421818181818182
"724",0.775,0.408460637414027,0.526315789473684,0.724137931034483,0.454545454545455,0.896551724137931,0.545454545454545,0.103448275862069,4.39393939393939,0.608391608391608
"725",0.875,0.280980038984069,0.705882352941177,0.956709956709957,0.857142857142857,0.878787878787879,0.142857142857143,0.121212121212121,7.07142857142857,0.16256157635468
"726",0.75,0.431318501690984,0.583333333333333,0.793154761904762,0.583333333333333,0.821428571428571,0.416666666666667,0.178571428571429,3.26666666666667,0.507246376811594
"727",0.775,0.379234697610193,0.571428571428571,0.813333333333333,0.6,0.833333333333333,0.4,0.166666666666667,3.6,0.48
"728",0.725,0.472431162979251,0.521739130434783,0.767857142857143,0.428571428571429,0.884615384615385,0.571428571428571,0.115384615384615,3.71428571428571,0.645962732919255
"729",0.825,0.375633834685578,0.72,0.941333333333333,0.6,0.96,0.4,0.04,15,0.416666666666667
"730",0.8,0.356314508917117,0.428571428571429,0.783549783549783,0.428571428571429,0.878787878787879,0.571428571428571,0.121212121212121,3.53571428571429,0.650246305418719
"731",0.75,0.43765111895594,0.583333333333333,0.796,0.466666666666667,0.92,0.533333333333333,0.08,5.83333333333334,0.579710144927536
"732",0.875,0.295191674727705,0.705882352941177,0.956989247311828,0.666666666666667,0.935483870967742,0.333333333333333,0.0645161290322581,10.3333333333333,0.35632183908046
"733",0.775,0.390078278018544,0.608695652173913,0.834757834757835,0.538461538461538,0.888888888888889,0.461538461538462,0.111111111111111,4.84615384615384,0.519230769230769
"734",0.8,0.39294130026338,0.636363636363636,0.765,0.7,0.833333333333333,0.3,0.166666666666667,4.2,0.36
"735",0.75,0.332181210770792,0.545454545454545,0.8984375,0.75,0.75,0.25,0.25,3,0.333333333333333
"736",0.9,0.34027009726996,0.8,0.876175548589342,0.727272727272727,0.96551724137931,0.272727272727273,0.0344827586206896,21.0909090909091,0.282467532467532
"737",0.8,0.421362238000393,0.636363636363636,0.826923076923077,0.5,0.961538461538462,0.5,0.0384615384615384,13,0.52
"738",0.775,0.423757631162153,0.608695652173913,0.75297619047619,0.583333333333333,0.857142857142857,0.416666666666667,0.142857142857143,4.08333333333333,0.486111111111111
"739",0.775,0.341804839250244,0.571428571428571,0.798333333333333,0.6,0.833333333333333,0.4,0.166666666666667,3.6,0.48
"740",0.825,0.319969031726549,0.631578947368421,0.913333333333333,0.6,0.9,0.4,0.1,6,0.444444444444444
"741",0.85,0.355529447388545,0.666666666666667,0.823333333333333,0.6,0.933333333333333,0.4,0.0666666666666667,9,0.428571428571429
"742",0.825,0.303696412141287,0.533333333333333,0.942857142857143,0.8,0.828571428571429,0.2,0.171428571428571,4.66666666666667,0.241379310344828
"743",0.85,0.340347986584781,0.625,0.833984375,0.625,0.90625,0.375,0.09375,6.66666666666667,0.413793103448276
"744",0.7,0.464576127903528,0.333333333333333,0.817663817663818,0.230769230769231,0.925925925925926,0.769230769230769,0.0740740740740741,3.11538461538462,0.830769230769231
"745",0.75,0.387911603625487,0.545454545454545,0.803571428571429,0.5,0.857142857142857,0.5,0.142857142857143,3.5,0.583333333333333
"746",0.75,0.38436772674102,0.5,0.772401433691756,0.555555555555556,0.806451612903226,0.444444444444444,0.193548387096774,2.87037037037037,0.551111111111111
"747",0.775,0.371250163585789,0.608695652173913,0.811011904761905,0.583333333333333,0.857142857142857,0.416666666666667,0.142857142857143,4.08333333333333,0.486111111111111
"748",0.775,0.412166659401721,0.526315789473684,0.768025078369906,0.454545454545455,0.896551724137931,0.545454545454545,0.103448275862069,4.39393939393939,0.608391608391608
"749",0.825,0.389376684451034,0.588235294117647,0.817204301075269,0.555555555555556,0.903225806451613,0.444444444444444,0.0967741935483871,5.74074074074074,0.492063492063492
"750",0.85,0.325438106160091,0.666666666666667,0.910394265232975,0.666666666666667,0.903225806451613,0.333333333333333,0.0967741935483871,6.88888888888889,0.369047619047619
"751",0.75,0.37136418833724,0.285714285714286,0.757575757575758,0.285714285714286,0.848484848484849,0.714285714285714,0.151515151515151,1.88571428571429,0.841836734693878
"752",0.825,0.371373639807315,0.631578947368421,0.776666666666667,0.6,0.9,0.4,0.1,6,0.444444444444444
"753",0.8,0.340799477258305,0.6,0.829749103942652,0.666666666666667,0.838709677419355,0.333333333333333,0.161290322580645,4.13333333333333,0.397435897435897
"754",0.8,0.333892621147292,0.636363636363636,0.863333333333333,0.7,0.833333333333333,0.3,0.166666666666667,4.2,0.36
"755",0.875,0.306454883773288,0.782608695652174,0.947916666666667,0.75,0.928571428571429,0.25,0.0714285714285714,10.5,0.269230769230769
"756",0.875,0.318666482721629,0.782608695652174,0.930059523809524,0.75,0.928571428571429,0.25,0.0714285714285714,10.5,0.269230769230769
"757",0.85,0.350230326151621,0.625,0.781385281385281,0.714285714285714,0.878787878787879,0.285714285714286,0.121212121212121,5.89285714285714,0.32512315270936
"758",0.8,0.357770879722783,0.636363636363636,0.80952380952381,0.583333333333333,0.892857142857143,0.416666666666667,0.107142857142857,5.44444444444445,0.466666666666667
"759",0.8,0.320231150472943,0.636363636363636,0.912186379928315,0.777777777777778,0.806451612903226,0.222222222222222,0.193548387096774,4.01851851851852,0.275555555555556
"760",0.825,0.315520013763926,0.666666666666667,0.91796875,0.875,0.8125,0.125,0.1875,4.66666666666667,0.153846153846154
"761",0.825,0.338741528767647,0.588235294117647,0.883512544802867,0.555555555555556,0.903225806451613,0.444444444444444,0.0967741935483871,5.74074074074074,0.492063492063492
"762",0.825,0.354297764930046,0.695652173913043,0.856666666666667,0.8,0.833333333333333,0.2,0.166666666666667,4.8,0.24
"763",0.75,0.398431670431086,0.545454545454545,0.796130952380952,0.5,0.857142857142857,0.5,0.142857142857143,3.5,0.583333333333333
"764",0.85,0.320335037750722,0.727272727272727,0.936011904761905,0.666666666666667,0.928571428571429,0.333333333333333,0.0714285714285714,9.33333333333334,0.358974358974359
"765",0.75,0.360899897286969,0.545454545454545,0.782131661442006,0.545454545454545,0.827586206896552,0.454545454545455,0.172413793103448,3.16363636363636,0.549242424242424
"766",0.85,0.328797839766207,0.666666666666667,0.90234375,0.75,0.875,0.25,0.125,6,0.285714285714286
"767",0.925,0.282837086410572,0.823529411764706,0.966796875,0.875,0.9375,0.125,0.0625,14,0.133333333333333
"768",0.75,0.427307197752731,0.5,0.699059561128527,0.454545454545455,0.862068965517241,0.545454545454545,0.137931034482759,3.29545454545454,0.632727272727273
"769",0.85,0.369831670619034,0.666666666666667,0.821316614420063,0.545454545454545,0.96551724137931,0.454545454545455,0.0344827586206896,15.8181818181818,0.470779220779221
"770",0.75,0.40510535915794,0.642857142857143,0.774725274725275,0.642857142857143,0.807692307692308,0.357142857142857,0.192307692307692,3.34285714285714,0.442176870748299
"771",0.875,0.370870786691706,0.736842105263158,0.901253918495298,0.636363636363636,0.96551724137931,0.363636363636364,0.0344827586206896,18.4545454545455,0.376623376623377
"772",0.8,0.371374960124656,0.6,0.77,0.6,0.866666666666667,0.4,0.133333333333333,4.5,0.461538461538462
"773",0.85,0.311507340971664,0.75,0.904388714733542,0.818181818181818,0.862068965517241,0.181818181818182,0.137931034482759,5.93181818181818,0.210909090909091
"774",0.825,0.392179967092921,0.72,0.847527472527473,0.642857142857143,0.923076923076923,0.357142857142857,0.0769230769230769,8.35714285714286,0.386904761904762
"775",0.8,0.389967793571354,0.555555555555556,0.785,0.5,0.9,0.5,0.1,5,0.555555555555556
"776",0.75,0.368610782141133,0.5,0.82601880877743,0.454545454545455,0.862068965517241,0.545454545454545,0.137931034482759,3.29545454545454,0.632727272727273
"777",0.8,0.303871542019239,0.636363636363636,0.951171875,0.875,0.78125,0.125,0.21875,4,0.16
"778",0.725,0.426509249046473,0.421052631578947,0.719435736677116,0.363636363636364,0.862068965517241,0.636363636363636,0.137931034482759,2.63636363636364,0.738181818181818
"779",0.75,0.42445810523913,0.444444444444444,0.817663817663818,0.307692307692308,0.962962962962963,0.692307692307692,0.0370370370370371,8.3076923076923,0.718934911242604
"780",0.775,0.393722261352163,0.608695652173913,0.836309523809524,0.583333333333333,0.857142857142857,0.416666666666667,0.142857142857143,4.08333333333333,0.486111111111111
"781",0.8,0.332906299525102,0.666666666666667,0.851190476190476,0.666666666666667,0.857142857142857,0.333333333333333,0.142857142857143,4.66666666666667,0.388888888888889
"782",0.825,0.370095135795392,0.631578947368421,0.808333333333333,0.6,0.9,0.4,0.1,6,0.444444444444444
"783",0.8,0.355653376740953,0.6,0.880877742946708,0.545454545454545,0.896551724137931,0.454545454545455,0.103448275862069,5.27272727272727,0.506993006993007
"784",0.8,0.378029194870835,0.666666666666667,0.772727272727273,0.727272727272727,0.827586206896552,0.272727272727273,0.172413793103448,4.21818181818182,0.329545454545455
"785",0.825,0.35170104927115,0.740740740740741,0.890282131661442,0.909090909090909,0.793103448275862,0.0909090909090909,0.206896551724138,4.39393939393939,0.114624505928854
"786",0.85,0.336519258014679,0.75,0.891369047619048,0.75,0.892857142857143,0.25,0.107142857142857,7,0.28
"787",0.85,0.316369892592835,0.75,0.936666666666667,0.9,0.833333333333333,0.1,0.166666666666667,5.4,0.12
"788",0.75,0.366105648098262,0.5,0.831541218637993,0.555555555555556,0.806451612903226,0.444444444444444,0.193548387096774,2.87037037037037,0.551111111111111
"789",0.825,0.390987022610478,0.461538461538462,0.768817204301075,0.333333333333333,0.967741935483871,0.666666666666667,0.032258064516129,10.3333333333333,0.688888888888889
"790",0.775,0.426276658844016,0.470588235294118,0.695,0.4,0.9,0.6,0.1,4,0.666666666666667
"791",0.725,0.462231515138447,0.521739130434783,0.828,0.4,0.92,0.6,0.08,5,0.652173913043478
"792",0.75,0.43637905758735,0.375,0.794642857142857,0.25,0.964285714285714,0.75,0.0357142857142857,7,0.777777777777778
"793",0.775,0.361314954397888,0.526315789473684,0.810546875,0.625,0.8125,0.375,0.1875,3.33333333333333,0.461538461538462
"794",0.775,0.440118321503937,0.526315789473684,0.787202380952381,0.416666666666667,0.928571428571429,0.583333333333333,0.0714285714285714,5.83333333333334,0.628205128205128
"795",0.725,0.431900838172003,0.421052631578947,0.691222570532915,0.363636363636364,0.862068965517241,0.636363636363636,0.137931034482759,2.63636363636364,0.738181818181818
"796",0.875,0.263041668563252,0.705882352941177,0.956709956709957,0.857142857142857,0.878787878787879,0.142857142857143,0.121212121212121,7.07142857142857,0.16256157635468
"797",0.775,0.384735221646106,0.64,0.807210031347962,0.727272727272727,0.793103448275862,0.272727272727273,0.206896551724138,3.51515151515152,0.343873517786561
"798",0.725,0.463142934569874,0.421052631578947,0.705329153605016,0.363636363636364,0.862068965517241,0.636363636363636,0.137931034482759,2.63636363636364,0.738181818181818
"799",0.775,0.374690647458452,0.526315789473684,0.751666666666667,0.5,0.866666666666667,0.5,0.133333333333333,3.75,0.576923076923077
"800",0.8,0.347823137662264,0.5,0.794921875,0.5,0.875,0.5,0.125,4,0.571428571428571
"801",0.75,0.380418616951336,0.583333333333333,0.795698924731183,0.777777777777778,0.741935483870968,0.222222222222222,0.258064516129032,3.01388888888889,0.29951690821256
"802",0.8,0.349888740567409,0.555555555555556,0.89453125,0.625,0.84375,0.375,0.15625,4,0.444444444444444
"803",0.75,0.393896276697674,0.444444444444444,0.787878787878788,0.571428571428571,0.787878787878788,0.428571428571429,0.212121212121212,2.69387755102041,0.543956043956044
"804",0.775,0.361225682097985,0.689655172413793,0.862637362637363,0.714285714285714,0.807692307692308,0.285714285714286,0.192307692307692,3.71428571428571,0.353741496598639
"805",0.775,0.395757061627066,0.526315789473684,0.763333333333333,0.5,0.866666666666667,0.5,0.133333333333333,3.75,0.576923076923077
"806",0.775,0.363362832570817,0.608695652173913,0.840501792114695,0.777777777777778,0.774193548387097,0.222222222222222,0.225806451612903,3.44444444444444,0.287037037037037
"807",0.8,0.362149382458702,0.5,0.794921875,0.5,0.875,0.5,0.125,4,0.571428571428571
"808",0.9,0.336696297355536,0.833333333333333,0.868945868945869,0.769230769230769,0.962962962962963,0.230769230769231,0.0370370370370371,20.7692307692307,0.239644970414201
"809",0.75,0.382832174801343,0.5,0.72265625,0.625,0.78125,0.375,0.21875,2.85714285714286,0.48
"810",0.8,0.319572109215379,0.6,0.813620071684588,0.666666666666667,0.838709677419355,0.333333333333333,0.161290322580645,4.13333333333333,0.397435897435897
"811",0.75,0.364717983382389,0.545454545454545,0.808777429467085,0.545454545454545,0.827586206896552,0.454545454545455,0.172413793103448,3.16363636363636,0.549242424242424
"812",0.8,0.387079113522054,0.692307692307692,0.803571428571428,0.642857142857143,0.884615384615385,0.357142857142857,0.115384615384615,5.57142857142857,0.403726708074534
"813",0.775,0.414435130429652,0.689655172413793,0.867007672634271,0.588235294117647,0.91304347826087,0.411764705882353,0.0869565217391305,6.76470588235294,0.450980392156863
"814",0.775,0.376478756144696,0.666666666666667,0.843304843304843,0.692307692307692,0.814814814814815,0.307692307692308,0.185185185185185,3.73846153846154,0.377622377622378
"815",0.875,0.318345403931912,0.761904761904762,0.905,0.8,0.9,0.2,0.1,8,0.222222222222222
"816",0.8,0.38517362330569,0.6,0.721666666666667,0.6,0.866666666666667,0.4,0.133333333333333,4.5,0.461538461538462
"817",0.725,0.411671832769844,0.56,0.853333333333333,0.7,0.733333333333333,0.3,0.266666666666667,2.625,0.409090909090909
"818",0.825,0.344793878844193,0.631578947368421,0.842293906810036,0.666666666666667,0.870967741935484,0.333333333333333,0.129032258064516,5.16666666666667,0.382716049382716
"819",0.8,0.318777584117214,0.692307692307692,0.931547619047619,0.75,0.821428571428571,0.25,0.178571428571429,4.2,0.304347826086957
"820",0.775,0.390236413248621,0.470588235294118,0.78673835125448,0.444444444444444,0.870967741935484,0.555555555555556,0.129032258064516,3.44444444444444,0.637860082304527
"821",0.725,0.402737699816609,0.476190476190476,0.75,0.416666666666667,0.857142857142857,0.583333333333333,0.142857142857143,2.91666666666667,0.680555555555555
"822",0.8,0.354704746886167,0.666666666666667,0.858974358974359,0.615384615384615,0.888888888888889,0.384615384615385,0.111111111111111,5.53846153846154,0.432692307692308
"823",0.775,0.397027956602146,0.470588235294118,0.862068965517241,0.363636363636364,0.931034482758621,0.636363636363636,0.0689655172413793,5.27272727272727,0.683501683501683
"824",0.85,0.330190304773627,0.75,0.888392857142857,0.75,0.892857142857143,0.25,0.107142857142857,7,0.28
"825",0.875,0.33775790070462,0.8,0.933048433048433,0.769230769230769,0.925925925925926,0.230769230769231,0.0740740740740741,10.3846153846154,0.249230769230769
"826",0.825,0.38290349664268,0.774193548387097,0.898351648351648,0.857142857142857,0.807692307692308,0.142857142857143,0.192307692307692,4.45714285714286,0.17687074829932
"827",0.85,0.314303400982502,0.666666666666667,0.8584229390681,0.666666666666667,0.903225806451613,0.333333333333333,0.0967741935483871,6.88888888888889,0.369047619047619
"828",0.75,0.412944903686516,0.5,0.815047021943574,0.454545454545455,0.862068965517241,0.545454545454545,0.137931034482759,3.29545454545454,0.632727272727273
"829",0.85,0.354212359045288,0.75,0.884012539184953,0.818181818181818,0.862068965517241,0.181818181818182,0.137931034482759,5.93181818181818,0.210909090909091
"830",0.9,0.343156248081197,0.818181818181818,0.928774928774929,0.692307692307692,1,0.307692307692308,0,Inf,0.307692307692308
"831",0.75,0.38645212680549,0.444444444444444,0.798333333333333,0.4,0.866666666666667,0.6,0.133333333333333,3,0.692307692307692
"832",0.825,0.371695672169855,0.695652173913043,0.782738095238095,0.666666666666667,0.892857142857143,0.333333333333333,0.107142857142857,6.22222222222222,0.373333333333333
"833",0.9,0.308270087999895,0.666666666666667,0.83982683982684,0.571428571428571,0.96969696969697,0.428571428571429,0.0303030303030303,18.8571428571429,0.441964285714286
"834",0.8,0.347334036728907,0.636363636363636,0.895,0.7,0.833333333333333,0.3,0.166666666666667,4.2,0.36
"835",0.825,0.315895471724662,0.588235294117647,0.7890625,0.625,0.875,0.375,0.125,5,0.428571428571429
"836",0.775,0.389465044793237,0.526315789473684,0.748333333333333,0.5,0.866666666666667,0.5,0.133333333333333,3.75,0.576923076923077
"837",0.775,0.421744841851209,0.64,0.865333333333333,0.533333333333333,0.92,0.466666666666667,0.08,6.66666666666667,0.507246376811594
"838",0.825,0.382051931662123,0.666666666666667,0.808035714285714,0.583333333333333,0.928571428571429,0.416666666666667,0.0714285714285714,8.16666666666667,0.448717948717949
"839",0.675,0.511880643108406,0.518518518518518,0.792929292929293,0.388888888888889,0.909090909090909,0.611111111111111,0.0909090909090909,4.27777777777778,0.672222222222222
"840",0.8,0.393584460518402,0.692307692307692,0.83203125,0.5625,0.958333333333333,0.4375,0.0416666666666666,13.5,0.456521739130435
"841",0.75,0.410143557891539,0.444444444444444,0.72,0.4,0.866666666666667,0.6,0.133333333333333,3,0.692307692307692
"842",0.775,0.390758515698295,0.64,0.814814814814815,0.615384615384615,0.851851851851852,0.384615384615385,0.148148148148148,4.15384615384615,0.451505016722408
"843",0.8,0.383418443968194,0.6,0.74702380952381,0.5,0.928571428571429,0.5,0.0714285714285714,7,0.538461538461538
"844",0.8,0.356515153160839,0.636363636363636,0.778333333333333,0.7,0.833333333333333,0.3,0.166666666666667,4.2,0.36
"845",0.85,0.324936600469732,0.571428571428571,0.826839826839827,0.571428571428571,0.909090909090909,0.428571428571429,0.0909090909090909,6.28571428571428,0.471428571428571
"846",0.875,0.305542101858424,0.761904761904762,0.86833855799373,0.727272727272727,0.931034482758621,0.272727272727273,0.0689655172413793,10.5454545454545,0.292929292929293
"847",0.8,0.345048088658614,0.636363636363636,0.866771159874608,0.636363636363636,0.862068965517241,0.363636363636364,0.137931034482759,4.61363636363636,0.421818181818182
"848",0.775,0.42797369048643,0.608695652173913,0.788690476190476,0.583333333333333,0.857142857142857,0.416666666666667,0.142857142857143,4.08333333333333,0.486111111111111
"849",0.8,0.333977074768035,0.555555555555556,0.776666666666667,0.5,0.9,0.5,0.1,5,0.555555555555556
"850",0.775,0.333110743118036,0.666666666666667,0.866096866096866,0.692307692307692,0.814814814814815,0.307692307692308,0.185185185185185,3.73846153846154,0.377622377622378
"851",0.8,0.331371823246262,0.555555555555556,0.76171875,0.625,0.84375,0.375,0.15625,4,0.444444444444444
"852",0.825,0.403561426027501,0.666666666666667,0.82078853046595,0.777777777777778,0.838709677419355,0.222222222222222,0.161290322580645,4.82222222222222,0.264957264957265
"853",0.875,0.350645267237897,0.736842105263158,0.85423197492163,0.636363636363636,0.96551724137931,0.363636363636364,0.0344827586206896,18.4545454545455,0.376623376623377
"854",0.8,0.346175795236793,0.428571428571429,0.859375,0.375,0.90625,0.625,0.09375,4,0.689655172413793
"855",0.825,0.379354952103424,0.631578947368421,0.836309523809524,0.5,0.964285714285714,0.5,0.0357142857142857,14,0.518518518518518
"856",0.8,0.337568095795998,0.714285714285714,0.911680911680912,0.769230769230769,0.814814814814815,0.230769230769231,0.185185185185185,4.15384615384615,0.283216783216783
"857",0.8,0.348719697008031,0.692307692307692,0.856125356125356,0.692307692307692,0.851851851851852,0.307692307692308,0.148148148148148,4.67307692307692,0.361204013377926
"858",0.875,0.286567576793488,0.666666666666667,0.885281385281385,0.714285714285714,0.909090909090909,0.285714285714286,0.0909090909090909,7.85714285714285,0.314285714285714
"859",0.725,0.445187715614759,0.592592592592593,0.732142857142857,0.571428571428571,0.807692307692308,0.428571428571429,0.192307692307692,2.97142857142857,0.530612244897959
"860",0.775,0.338881276843042,0.64,0.871794871794872,0.615384615384615,0.851851851851852,0.384615384615385,0.148148148148148,4.15384615384615,0.451505016722408
"861",0.7,0.398054820182213,0.571428571428571,0.828296703296703,0.571428571428571,0.769230769230769,0.428571428571429,0.230769230769231,2.47619047619048,0.557142857142857
"862",0.875,0.33886487314679,0.761904761904762,0.862068965517241,0.727272727272727,0.931034482758621,0.272727272727273,0.0689655172413793,10.5454545454545,0.292929292929293
"863",0.8,0.38183630852107,0.666666666666667,0.865384615384615,0.571428571428571,0.923076923076923,0.428571428571429,0.0769230769230769,7.42857142857143,0.464285714285714
"864",0.75,0.4325030311606,0.545454545454545,0.889333333333333,0.4,0.96,0.6,0.04,9.99999999999999,0.625
"865",0.75,0.394855336085564,0.545454545454545,0.772727272727273,0.545454545454545,0.827586206896552,0.454545454545455,0.172413793103448,3.16363636363636,0.549242424242424
"866",0.875,0.311150876441763,0.782608695652174,0.953405017921147,1,0.838709677419355,0,0.161290322580645,6.2,0
"867",0.85,0.347342127764098,0.769230769230769,0.919642857142857,0.833333333333333,0.857142857142857,0.166666666666667,0.142857142857143,5.83333333333333,0.194444444444444
"868",0.825,0.322583385613448,0.695652173913043,0.918333333333333,0.8,0.833333333333333,0.2,0.166666666666667,4.8,0.24
"869",0.825,0.353377738500841,0.631578947368421,0.848333333333333,0.6,0.9,0.4,0.1,6,0.444444444444444
"870",0.775,0.396448046383996,0.689655172413793,0.831845238095238,0.833333333333333,0.75,0.166666666666667,0.25,3.33333333333333,0.222222222222222
"871",0.85,0.350825502859518,0.75,0.913793103448276,0.818181818181818,0.862068965517241,0.181818181818182,0.137931034482759,5.93181818181818,0.210909090909091
"872",0.75,0.36057386781516,0.583333333333333,0.873333333333333,0.7,0.766666666666667,0.3,0.233333333333333,3,0.391304347826087
"873",0.875,0.351463213399424,0.782608695652174,0.871794871794872,0.692307692307692,0.962962962962963,0.307692307692308,0.0370370370370371,18.6923076923077,0.319526627218935
"874",0.775,0.43542041452932,0.64,0.807692307692308,0.615384615384615,0.851851851851852,0.384615384615385,0.148148148148148,4.15384615384615,0.451505016722408
"875",0.85,0.376203551413258,0.727272727272727,0.80952380952381,0.666666666666667,0.928571428571429,0.333333333333333,0.0714285714285714,9.33333333333334,0.358974358974359
"876",0.875,0.348993225899582,0.736842105263158,0.852664576802508,0.636363636363636,0.96551724137931,0.363636363636364,0.0344827586206896,18.4545454545455,0.376623376623377
"877",0.8,0.360813278163198,0.5,0.828125,0.5,0.875,0.5,0.125,4,0.571428571428571
"878",0.85,0.371245654551277,0.727272727272727,0.863095238095238,0.666666666666667,0.928571428571429,0.333333333333333,0.0714285714285714,9.33333333333334,0.358974358974359
"879",0.875,0.326361520718104,0.615384615384615,0.875,0.5,0.96875,0.5,0.03125,16,0.516129032258065
"880",0.8,0.404215162101037,0.6,0.824372759856631,0.666666666666667,0.838709677419355,0.333333333333333,0.161290322580645,4.13333333333333,0.397435897435897
"881",0.775,0.357939906027283,0.470588235294118,0.75390625,0.5,0.84375,0.5,0.15625,3.2,0.592592592592593
"882",0.875,0.337826186284666,0.705882352941177,0.899686520376176,0.545454545454545,1,0.454545454545455,0,Inf,0.454545454545455
"883",0.9,0.27213222452075,0.8,0.971666666666667,0.8,0.933333333333333,0.2,0.0666666666666667,12,0.214285714285714
"884",0.825,0.366500173939024,0.740740740740741,0.892,0.666666666666667,0.92,0.333333333333333,0.08,8.33333333333334,0.36231884057971
"885",0.875,0.342329365080656,0.814814814814815,0.916208791208791,0.785714285714286,0.923076923076923,0.214285714285714,0.0769230769230769,10.2142857142857,0.232142857142857
"886",0.7,0.45268821265168,0.4,0.773504273504274,0.307692307692308,0.888888888888889,0.692307692307692,0.111111111111111,2.76923076923077,0.778846153846154
"887",0.825,0.381351608851331,0.588235294117647,0.860501567398119,0.454545454545455,0.96551724137931,0.545454545454545,0.0344827586206896,13.1818181818182,0.564935064935065
"888",0.9,0.302135631359561,0.714285714285714,0.8515625,0.625,0.96875,0.375,0.03125,20,0.387096774193548
"889",0.775,0.357147377338743,0.571428571428571,0.743333333333333,0.6,0.833333333333333,0.4,0.166666666666667,3.6,0.48
"890",0.75,0.40828512412964,0.666666666666667,0.821333333333333,0.666666666666667,0.8,0.333333333333333,0.2,3.33333333333333,0.416666666666667
"891",0.675,0.458112697640123,0.315789473684211,0.775862068965517,0.272727272727273,0.827586206896552,0.727272727272727,0.172413793103448,1.58181818181818,0.878787878787879
"892",0.65,0.445061539855692,0.416666666666667,0.741071428571428,0.416666666666667,0.75,0.583333333333333,0.25,1.66666666666667,0.777777777777778
"893",0.725,0.364988385087398,0.421052631578947,0.840686274509804,0.666666666666667,0.735294117647059,0.333333333333333,0.264705882352941,2.51851851851852,0.453333333333333
"894",0.875,0.27493178184991,0.782608695652174,0.956666666666667,0.9,0.866666666666667,0.1,0.133333333333333,6.75,0.115384615384615
"895",0.825,0.341773770871159,0.666666666666667,0.85663082437276,0.777777777777778,0.838709677419355,0.222222222222222,0.161290322580645,4.82222222222222,0.264957264957265
"896",0.825,0.321560971145941,0.631578947368421,0.788530465949821,0.666666666666667,0.870967741935484,0.333333333333333,0.129032258064516,5.16666666666667,0.382716049382716
"897",0.7,0.439433760323899,0.4,0.735109717868339,0.363636363636364,0.827586206896552,0.636363636363636,0.172413793103448,2.10909090909091,0.768939393939394
"898",0.8,0.373631555336162,0.636363636363636,0.796238244514107,0.636363636363636,0.862068965517241,0.363636363636364,0.137931034482759,4.61363636363636,0.421818181818182
"899",0.85,0.287932160623168,0.7,0.888888888888889,0.777777777777778,0.870967741935484,0.222222222222222,0.129032258064516,6.02777777777778,0.255144032921811
"900",0.7,0.454953416523502,0.538461538461538,0.811813186813187,0.5,0.807692307692308,0.5,0.192307692307692,2.6,0.619047619047619
"901",0.7,0.459690726314914,0.454545454545455,0.837333333333333,0.333333333333333,0.92,0.666666666666667,0.08,4.16666666666667,0.72463768115942
"902",0.7,0.475419372419335,0.5,0.806666666666667,0.4,0.88,0.6,0.12,3.33333333333333,0.681818181818182
"903",0.775,0.393932893914893,0.709677419354839,0.870843989769821,0.647058823529412,0.869565217391304,0.352941176470588,0.130434782608696,4.96078431372549,0.405882352941176
"904",0.85,0.319218999723046,0.75,0.92022792022792,0.692307692307692,0.925925925925926,0.307692307692308,0.0740740740740741,9.34615384615385,0.332307692307692
"905",0.7,0.428707451977399,0.538461538461538,0.859375,0.4375,0.875,0.5625,0.125,3.5,0.642857142857143
"906",0.9,0.24854953824133,0.5,0.788288288288288,0.666666666666667,0.918918918918919,0.333333333333333,0.081081081081081,8.22222222222223,0.362745098039216
"907",0.775,0.393163491651731,0.64,0.789173789173789,0.615384615384615,0.851851851851852,0.384615384615385,0.148148148148148,4.15384615384615,0.451505016722408
"908",0.75,0.42484232536996,0.285714285714286,0.821666666666667,0.2,0.933333333333333,0.8,0.0666666666666667,3,0.857142857142857
"909",0.875,0.320290777682558,0.761904761904762,0.926523297491039,0.888888888888889,0.870967741935484,0.111111111111111,0.129032258064516,6.88888888888889,0.127572016460905
"910",0.725,0.444226621014414,0.352941176470588,0.797805642633229,0.272727272727273,0.896551724137931,0.727272727272727,0.103448275862069,2.63636363636364,0.811188811188811
"911",0.8,0.382432787748789,0.555555555555556,0.743333333333333,0.5,0.9,0.5,0.1,5,0.555555555555556
"912",0.825,0.332985504720574,0.695652173913043,0.883333333333333,0.8,0.833333333333333,0.2,0.166666666666667,4.8,0.24
"913",0.825,0.372897716919206,0.72,0.866096866096866,0.692307692307692,0.888888888888889,0.307692307692308,0.111111111111111,6.23076923076923,0.346153846153846
"914",0.775,0.407672746362573,0.709677419354839,0.873401534526854,0.647058823529412,0.869565217391304,0.352941176470588,0.130434782608696,4.96078431372549,0.405882352941176
"915",0.775,0.381445422093108,0.666666666666667,0.846153846153846,0.692307692307692,0.814814814814815,0.307692307692308,0.185185185185185,3.73846153846154,0.377622377622378
"916",0.775,0.396643972821918,0.4,0.813333333333333,0.3,0.933333333333333,0.7,0.0666666666666667,4.5,0.75
"917",0.825,0.359468039846483,0.72,0.835164835164835,0.642857142857143,0.923076923076923,0.357142857142857,0.0769230769230769,8.35714285714286,0.386904761904762
"918",0.75,0.407417929622189,0.583333333333333,0.849609375,0.875,0.71875,0.125,0.28125,3.11111111111111,0.173913043478261
"919",0.825,0.378303592356022,0.631578947368421,0.919642857142857,0.5,0.964285714285714,0.5,0.0357142857142857,14,0.518518518518518
"920",0.75,0.402349716960501,0.5,0.716796875,0.625,0.78125,0.375,0.21875,2.85714285714286,0.48
"921",0.8,0.410929879192551,0.5,0.848333333333333,0.4,0.933333333333333,0.6,0.0666666666666667,6,0.642857142857143
"922",0.8,0.435132575409165,0.6,0.79532967032967,0.428571428571429,1,0.571428571428571,0,Inf,0.571428571428571
"923",0.875,0.315932725246597,0.736842105263158,0.813333333333333,0.7,0.933333333333333,0.3,0.0666666666666667,10.5,0.321428571428571
"924",0.75,0.403277324817004,0.583333333333333,0.765,0.7,0.766666666666667,0.3,0.233333333333333,3,0.391304347826087
"925",0.875,0.31276986150253,0.736842105263158,0.875,0.7,0.933333333333333,0.3,0.0666666666666667,10.5,0.321428571428571
"926",0.725,0.435309300309814,0.56,0.8,0.466666666666667,0.88,0.533333333333333,0.12,3.88888888888889,0.606060606060606
"927",0.775,0.427274199536771,0.689655172413793,0.851662404092072,0.588235294117647,0.91304347826087,0.411764705882353,0.0869565217391305,6.76470588235294,0.450980392156863
"928",0.8,0.403480979694088,0.6,0.821937321937322,0.461538461538462,0.962962962962963,0.538461538461538,0.0370370370370371,12.4615384615384,0.559171597633136
"929",0.7,0.465328924098134,0.5,0.758666666666667,0.4,0.88,0.6,0.12,3.33333333333333,0.681818181818182
"930",0.8,0.362207860719839,0.666666666666667,0.927083333333333,0.666666666666667,0.857142857142857,0.333333333333333,0.142857142857143,4.66666666666667,0.388888888888889
"931",0.775,0.344185597214528,0.608695652173913,0.85423197492163,0.636363636363636,0.827586206896552,0.363636363636364,0.172413793103448,3.69090909090909,0.439393939393939
"932",0.75,0.409479545522991,0.583333333333333,0.786833855799373,0.636363636363636,0.793103448275862,0.363636363636364,0.206896551724138,3.07575757575758,0.458498023715415
"933",0.8,0.394117114140678,0.428571428571429,0.857421875,0.375,0.90625,0.625,0.09375,4,0.689655172413793
"934",0.775,0.419342623168932,0.64,0.792582417582418,0.571428571428571,0.884615384615385,0.428571428571429,0.115384615384615,4.95238095238095,0.484472049689441
"935",0.8,0.376151032299317,0.692307692307692,0.869505494505495,0.642857142857143,0.884615384615385,0.357142857142857,0.115384615384615,5.57142857142857,0.403726708074534
"936",0.8,0.364436615842308,0.666666666666667,0.844827586206897,0.727272727272727,0.827586206896552,0.272727272727273,0.172413793103448,4.21818181818182,0.329545454545455
"937",0.875,0.302374387962879,0.705882352941177,0.87890625,0.75,0.90625,0.25,0.09375,8,0.275862068965517
"938",0.825,0.388959068052679,0.758620689655172,0.843406593406593,0.785714285714286,0.846153846153846,0.214285714285714,0.153846153846154,5.10714285714286,0.253246753246753
"939",0.85,0.313075091555263,0.625,0.880952380952381,0.714285714285714,0.878787878787879,0.285714285714286,0.121212121212121,5.89285714285714,0.32512315270936
"940",0.85,0.335521949582732,0.769230769230769,0.931547619047619,0.833333333333333,0.857142857142857,0.166666666666667,0.142857142857143,5.83333333333333,0.194444444444444
"941",0.75,0.41572445256484,0.642857142857143,0.852864583333333,0.5625,0.875,0.4375,0.125,4.5,0.5
"942",0.85,0.368028996299988,0.75,0.866096866096866,0.692307692307692,0.925925925925926,0.307692307692308,0.0740740740740741,9.34615384615385,0.332307692307692
"943",0.725,0.396758888179644,0.521739130434783,0.808777429467085,0.545454545454545,0.793103448275862,0.454545454545455,0.206896551724138,2.63636363636364,0.573122529644269
"944",0.75,0.413151770759801,0.444444444444444,0.704301075268817,0.444444444444444,0.838709677419355,0.555555555555556,0.161290322580645,2.75555555555556,0.662393162393162
"945",0.75,0.39388070326406,0.5,0.78673835125448,0.555555555555556,0.806451612903226,0.444444444444444,0.193548387096774,2.87037037037037,0.551111111111111
"946",0.9,0.292139602930808,0.714285714285714,0.90234375,0.625,0.96875,0.375,0.03125,20,0.387096774193548
"947",0.65,0.481022089864139,0.5,0.751666666666667,0.7,0.633333333333333,0.3,0.366666666666667,1.90909090909091,0.473684210526316
"948",0.875,0.346439849292098,0.736842105263158,0.934169278996865,0.636363636363636,0.96551724137931,0.363636363636364,0.0344827586206896,18.4545454545455,0.376623376623377
"949",0.75,0.416798573939959,0.583333333333333,0.774928774928775,0.538461538461538,0.851851851851852,0.461538461538462,0.148148148148148,3.63461538461538,0.54180602006689
"950",0.7,0.456958819346093,0.454545454545455,0.72172619047619,0.416666666666667,0.821428571428571,0.583333333333333,0.178571428571429,2.33333333333333,0.710144927536232
"951",0.825,0.330207354824493,0.666666666666667,0.840501792114695,0.777777777777778,0.838709677419355,0.222222222222222,0.161290322580645,4.82222222222222,0.264957264957265
"952",0.8,0.393499734053964,0.666666666666667,0.870535714285714,0.666666666666667,0.857142857142857,0.333333333333333,0.142857142857143,4.66666666666667,0.388888888888889
"953",0.775,0.417394757584888,0.608695652173913,0.776353276353276,0.538461538461538,0.888888888888889,0.461538461538462,0.111111111111111,4.84615384615384,0.519230769230769
"954",0.85,0.365338525239199,0.7,0.811912225705329,0.636363636363636,0.931034482758621,0.363636363636364,0.0689655172413793,9.22727272727272,0.390572390572391
"955",0.9,0.282775364168993,0.8,0.974910394265233,0.888888888888889,0.903225806451613,0.111111111111111,0.0967741935483871,9.18518518518518,0.123015873015873
"956",0.85,0.357937202821106,0.785714285714286,0.90521978021978,0.785714285714286,0.884615384615385,0.214285714285714,0.115384615384615,6.80952380952381,0.242236024844721
"957",0.8,0.410276756917702,0.6,0.802083333333333,0.5,0.928571428571429,0.5,0.0714285714285714,7,0.538461538461538
"958",0.875,0.326537508912409,0.736842105263158,0.878136200716846,0.777777777777778,0.903225806451613,0.222222222222222,0.0967741935483871,8.03703703703703,0.246031746031746
"959",0.8,0.404295342743045,0.636363636363636,0.832417582417582,0.5,0.961538461538462,0.5,0.0384615384615384,13,0.52
"960",0.725,0.412851742319734,0.620689655172414,0.80952380952381,0.75,0.714285714285714,0.25,0.285714285714286,2.625,0.35
"961",0.85,0.300953074860049,0.727272727272727,0.931666666666667,0.8,0.866666666666667,0.2,0.133333333333333,6,0.230769230769231
"962",0.825,0.377232381496162,0.695652173913043,0.898860398860399,0.615384615384615,0.925925925925926,0.384615384615385,0.0740740740740741,8.30769230769231,0.415384615384615
"963",0.775,0.436504461551151,0.608695652173913,0.825333333333333,0.466666666666667,0.96,0.533333333333333,0.04,11.6666666666667,0.555555555555556
"964",0.825,0.343867575394362,0.666666666666667,0.885304659498208,0.777777777777778,0.838709677419355,0.222222222222222,0.161290322580645,4.82222222222222,0.264957264957265
"965",0.925,0.245920736308744,0.842105263157895,0.973118279569892,0.888888888888889,0.935483870967742,0.111111111111111,0.0645161290322581,13.7777777777778,0.118773946360153
"966",0.775,0.380497197053813,0.470588235294118,0.781666666666667,0.4,0.9,0.6,0.1,4,0.666666666666667
"967",0.725,0.441966379196437,0.421052631578947,0.702508960573477,0.444444444444444,0.806451612903226,0.555555555555556,0.193548387096774,2.2962962962963,0.688888888888889
"968",0.925,0.292623006097081,0.842105263157895,0.96,0.8,0.966666666666667,0.2,0.0333333333333333,24,0.206896551724138
"969",0.9,0.319879969389579,0.8,0.934169278996865,0.727272727272727,0.96551724137931,0.272727272727273,0.0344827586206896,21.0909090909091,0.282467532467532
"970",0.75,0.454691670229163,0.583333333333333,0.736263736263736,0.5,0.884615384615385,0.5,0.115384615384615,4.33333333333333,0.565217391304348
"971",0.75,0.43506334750015,0.615384615384615,0.793956043956044,0.571428571428571,0.846153846153846,0.428571428571429,0.153846153846154,3.71428571428571,0.506493506493507
"972",0.7,0.462899058118733,0.538461538461538,0.766483516483517,0.5,0.807692307692308,0.5,0.192307692307692,2.6,0.619047619047619
"973",0.825,0.367459770286912,0.666666666666667,0.811912225705329,0.636363636363636,0.896551724137931,0.363636363636364,0.103448275862069,6.15151515151515,0.405594405594406
"974",0.8,0.385874935480813,0.555555555555556,0.885416666666667,0.416666666666667,0.964285714285714,0.583333333333333,0.0357142857142857,11.6666666666667,0.604938271604938
"975",0.875,0.292458299603278,0.705882352941177,0.912186379928315,0.666666666666667,0.935483870967742,0.333333333333333,0.0645161290322581,10.3333333333333,0.35632183908046
"976",0.825,0.353980755946051,0.695652173913043,0.821666666666667,0.8,0.833333333333333,0.2,0.166666666666667,4.8,0.24
"977",0.7,0.444049154514794,0.571428571428571,0.789835164835165,0.571428571428571,0.769230769230769,0.428571428571429,0.230769230769231,2.47619047619048,0.557142857142857
"978",0.775,0.381181162170695,0.571428571428571,0.839285714285714,0.5,0.892857142857143,0.5,0.107142857142857,4.66666666666667,0.56
"979",0.775,0.331760829119527,0.689655172413793,0.894984326018809,0.909090909090909,0.724137931034483,0.0909090909090909,0.275862068965517,3.29545454545455,0.125541125541126
"980",0.85,0.354569914633736,0.75,0.908831908831909,0.692307692307692,0.925925925925926,0.307692307692308,0.0740740740740741,9.34615384615385,0.332307692307692
"981",0.8,0.372434227515733,0.636363636363636,0.791666666666667,0.583333333333333,0.892857142857143,0.416666666666667,0.107142857142857,5.44444444444445,0.466666666666667
"982",0.875,0.339236642167439,0.8,0.887464387464387,0.769230769230769,0.925925925925926,0.230769230769231,0.0740740740740741,10.3846153846154,0.249230769230769
"983",0.85,0.298971565821412,0.625,0.904296875,0.625,0.90625,0.375,0.09375,6.66666666666667,0.413793103448276
"984",0.775,0.390696160675268,0.571428571428571,0.843333333333333,0.6,0.833333333333333,0.4,0.166666666666667,3.6,0.48
"985",0.8,0.302522594676266,0.6,0.926523297491039,0.666666666666667,0.838709677419355,0.333333333333333,0.161290322580645,4.13333333333333,0.397435897435897
"986",0.85,0.331067619987872,0.727272727272727,0.880877742946708,0.727272727272727,0.896551724137931,0.272727272727273,0.103448275862069,7.03030303030303,0.304195804195804
"987",0.8,0.382902955956457,0.6,0.805,0.6,0.866666666666667,0.4,0.133333333333333,4.5,0.461538461538462
"988",0.75,0.395578293062854,0.5,0.756666666666667,0.5,0.833333333333333,0.5,0.166666666666667,3,0.6
"989",0.875,0.296559693624883,0.736842105263158,0.851666666666667,0.7,0.933333333333333,0.3,0.0666666666666667,10.5,0.321428571428571
"990",0.85,0.358333482080141,0.727272727272727,0.857142857142857,0.666666666666667,0.928571428571429,0.333333333333333,0.0714285714285714,9.33333333333334,0.358974358974359
"991",0.875,0.315022256728388,0.782608695652174,0.851097178683386,0.818181818181818,0.896551724137931,0.181818181818182,0.103448275862069,7.90909090909091,0.202797202797203
"992",0.75,0.404203515860457,0.5,0.725806451612903,0.555555555555556,0.806451612903226,0.444444444444444,0.193548387096774,2.87037037037037,0.551111111111111
"993",0.85,0.323454266344794,0.666666666666667,0.941176470588235,1,0.823529411764706,0,0.176470588235294,5.66666666666667,0
"994",0.775,0.414177168081166,0.64,0.862637362637363,0.571428571428571,0.884615384615385,0.428571428571429,0.115384615384615,4.95238095238095,0.484472049689441
"995",0.825,0.326561267060254,0.774193548387097,0.909340659340659,0.857142857142857,0.807692307692308,0.142857142857143,0.192307692307692,4.45714285714286,0.17687074829932
"996",0.825,0.379459195479442,0.72,0.836182336182336,0.692307692307692,0.888888888888889,0.307692307692308,0.111111111111111,6.23076923076923,0.346153846153846
"997",0.75,0.45154931513276,0.444444444444444,0.786324786324786,0.307692307692308,0.962962962962963,0.692307692307692,0.0370370370370371,8.3076923076923,0.718934911242604
"998",0.825,0.366100060983851,0.631578947368421,0.794921875,0.75,0.84375,0.25,0.15625,4.8,0.296296296296296
"999",0.85,0.300262398439224,0.8,0.946428571428571,1,0.785714285714286,0,0.214285714285714,4.66666666666667,0
"1000",0.675,0.468836663035601,0.48,0.717948717948718,0.461538461538462,0.777777777777778,0.538461538461538,0.222222222222222,2.07692307692308,0.692307692307692
"1001",0.875,0.307006792053382,0.705882352941177,0.813333333333333,0.6,0.966666666666667,0.4,0.0333333333333333,18,0.413793103448276
"1002",0.85,0.32084893128181,0.7,0.931666666666667,0.7,0.9,0.3,0.1,7,0.333333333333333
"1003",0.8,0.323254777207147,0.6,0.85663082437276,0.666666666666667,0.838709677419355,0.333333333333333,0.161290322580645,4.13333333333333,0.397435897435897
"1004",0.8,0.376548015742686,0.666666666666667,0.816239316239316,0.615384615384615,0.888888888888889,0.384615384615385,0.111111111111111,5.53846153846154,0.432692307692308
"1005",0.85,0.3482353157348,0.75,0.914529914529915,0.692307692307692,0.925925925925926,0.307692307692308,0.0740740740740741,9.34615384615385,0.332307692307692
"1006",0.85,0.344650142832311,0.785714285714286,0.902472527472527,0.785714285714286,0.884615384615385,0.214285714285714,0.115384615384615,6.80952380952381,0.242236024844721
"1007",0.775,0.387334236868933,0.608695652173913,0.85423197492163,0.636363636363636,0.827586206896552,0.363636363636364,0.172413793103448,3.69090909090909,0.439393939393939
"1008",0.85,0.307002153824547,0.7,0.919921875,0.875,0.84375,0.125,0.15625,5.6,0.148148148148148
"1009",0.85,0.375344206575232,0.75,0.873219373219373,0.692307692307692,0.925925925925926,0.307692307692308,0.0740740740740741,9.34615384615385,0.332307692307692
"1010",0.8,0.317877149822139,0.6,0.89247311827957,0.666666666666667,0.838709677419355,0.333333333333333,0.161290322580645,4.13333333333333,0.397435897435897
"1011",0.825,0.331058716580942,0.740740740740741,0.868945868945869,0.769230769230769,0.851851851851852,0.230769230769231,0.148148148148148,5.19230769230769,0.270903010033445
"1012",0.825,0.338394756516102,0.695652173913043,0.886666666666667,0.8,0.833333333333333,0.2,0.166666666666667,4.8,0.24
"1013",0.725,0.404852460184757,0.56,0.837606837606838,0.538461538461538,0.814814814814815,0.461538461538462,0.185185185185185,2.90769230769231,0.566433566433566
"1014",0.725,0.456950835569073,0.620689655172414,0.84469696969697,0.5,0.909090909090909,0.5,0.0909090909090909,5.5,0.55
"1015",0.85,0.334880923689388,0.727272727272727,0.904388714733542,0.727272727272727,0.896551724137931,0.272727272727273,0.103448275862069,7.03030303030303,0.304195804195804
"1016",0.875,0.368555587372861,0.782608695652174,0.898351648351648,0.642857142857143,1,0.357142857142857,0,Inf,0.357142857142857
"1017",0.825,0.335273285545783,0.72,0.830357142857143,0.75,0.857142857142857,0.25,0.142857142857143,5.25,0.291666666666667
"1018",0.725,0.410139897977401,0.476190476190476,0.793154761904762,0.416666666666667,0.857142857142857,0.583333333333333,0.142857142857143,2.91666666666667,0.680555555555555
"1019",0.775,0.42358681749822,0.571428571428571,0.823361823361823,0.461538461538462,0.925925925925926,0.538461538461538,0.0740740740740741,6.23076923076923,0.581538461538462
"1020",0.775,0.400010059485466,0.64,0.863247863247863,0.615384615384615,0.851851851851852,0.384615384615385,0.148148148148148,4.15384615384615,0.451505016722408
"1021",0.75,0.368970772408934,0.444444444444444,0.817204301075269,0.444444444444444,0.838709677419355,0.555555555555556,0.161290322580645,2.75555555555556,0.662393162393162
"1022",0.725,0.417595113239723,0.56,0.785714285714286,0.583333333333333,0.785714285714286,0.416666666666667,0.214285714285714,2.72222222222222,0.53030303030303
"1023",0.85,0.35110386135586,0.727272727272727,0.901666666666667,0.8,0.866666666666667,0.2,0.133333333333333,6,0.230769230769231
"1024",0.875,0.338438450454487,0.736842105263158,0.871473354231975,0.636363636363636,0.96551724137931,0.363636363636364,0.0344827586206896,18.4545454545455,0.376623376623377
"1025",0.9,0.352964372942108,0.818181818181818,0.863095238095238,0.75,0.964285714285714,0.25,0.0357142857142857,21,0.259259259259259
"1026",0.725,0.430520594928735,0.620689655172414,0.806318681318681,0.642857142857143,0.769230769230769,0.357142857142857,0.230769230769231,2.78571428571429,0.464285714285714
"1027",0.875,0.325207992391452,0.782608695652174,0.952380952380952,0.75,0.928571428571429,0.25,0.0714285714285714,10.5,0.269230769230769
"1028",0.825,0.374057021099495,0.666666666666667,0.794642857142857,0.583333333333333,0.928571428571429,0.416666666666667,0.0714285714285714,8.16666666666667,0.448717948717949
"1029",0.8,0.340093571667684,0.636363636363636,0.926332288401254,0.636363636363636,0.862068965517241,0.363636363636364,0.137931034482759,4.61363636363636,0.421818181818182
"1030",0.675,0.50309641050167,0.551724137931034,0.713541666666667,0.5,0.791666666666667,0.5,0.208333333333333,2.4,0.631578947368421
"1031",0.875,0.360271845682177,0.814814814814815,0.94140625,0.6875,1,0.3125,0,Inf,0.3125
"1032",0.825,0.351820807673364,0.72,0.894984326018809,0.818181818181818,0.827586206896552,0.181818181818182,0.172413793103448,4.74545454545455,0.21969696969697
"1033",0.675,0.514326000830596,0.434782608695652,0.782666666666667,0.333333333333333,0.88,0.666666666666667,0.12,2.77777777777778,0.757575757575758
"1034",0.725,0.412389422446686,0.352941176470588,0.766666666666667,0.3,0.866666666666667,0.7,0.133333333333333,2.25,0.807692307692308
"1035",0.875,0.33997700779014,0.782608695652174,0.878917378917379,0.692307692307692,0.962962962962963,0.307692307692308,0.0370370370370371,18.6923076923077,0.319526627218935
"1036",0.8,0.382611976037694,0.636363636363636,0.745535714285714,0.583333333333333,0.892857142857143,0.416666666666667,0.107142857142857,5.44444444444445,0.466666666666667
"1037",0.85,0.341584782734441,0.727272727272727,0.866771159874608,0.727272727272727,0.896551724137931,0.272727272727273,0.103448275862069,7.03030303030303,0.304195804195804
"1038",0.8,0.37545396012902,0.666666666666667,0.880952380952381,0.666666666666667,0.857142857142857,0.333333333333333,0.142857142857143,4.66666666666667,0.388888888888889
"1039",0.85,0.323422565407527,0.666666666666667,0.883512544802867,0.666666666666667,0.903225806451613,0.333333333333333,0.0967741935483871,6.88888888888889,0.369047619047619
"1040",0.8,0.359030424241514,0.666666666666667,0.796238244514107,0.727272727272727,0.827586206896552,0.272727272727273,0.172413793103448,4.21818181818182,0.329545454545455
"1041",0.775,0.412256209381211,0.526315789473684,0.772727272727273,0.454545454545455,0.896551724137931,0.545454545454545,0.103448275862069,4.39393939393939,0.608391608391608
"1042",0.75,0.394732311282118,0.583333333333333,0.816614420062696,0.636363636363636,0.793103448275862,0.363636363636364,0.206896551724138,3.07575757575758,0.458498023715415
"1043",0.8,0.389797215408292,0.666666666666667,0.820054945054945,0.571428571428571,0.923076923076923,0.428571428571429,0.0769230769230769,7.42857142857143,0.464285714285714
"1044",0.875,0.325164460338354,0.736842105263158,0.841666666666667,0.7,0.933333333333333,0.3,0.0666666666666667,10.5,0.321428571428571
"1045",0.8,0.382820783485864,0.636363636363636,0.838557993730408,0.636363636363636,0.862068965517241,0.363636363636364,0.137931034482759,4.61363636363636,0.421818181818182
"1046",0.8,0.38464569511632,0.5,0.887147335423197,0.363636363636364,0.96551724137931,0.636363636363636,0.0344827586206896,10.5454545454546,0.659090909090909
"1047",0.9,0.2676756799049,0.75,0.967532467532468,0.857142857142857,0.909090909090909,0.142857142857143,0.0909090909090909,9.42857142857143,0.157142857142857
"1048",0.75,0.425076046902504,0.5,0.793447293447293,0.384615384615385,0.925925925925926,0.615384615384615,0.0740740740740741,5.19230769230769,0.664615384615385
"1049",0.925,0.32186136532568,0.842105263157895,0.915360501567398,0.727272727272727,1,0.272727272727273,0,Inf,0.272727272727273
"1050",0.8,0.401166014523689,0.666666666666667,0.829059829059829,0.615384615384615,0.888888888888889,0.384615384615385,0.111111111111111,5.53846153846154,0.432692307692308
"1051",0.825,0.332326639846136,0.631578947368421,0.8671875,0.75,0.84375,0.25,0.15625,4.8,0.296296296296296
"1052",0.85,0.354998168534214,0.75,0.803571428571429,0.75,0.892857142857143,0.25,0.107142857142857,7,0.28
"1053",0.875,0.296048886801684,0.705882352941177,0.876953125,0.75,0.90625,0.25,0.09375,8,0.275862068965517
"1054",0.85,0.298600260282685,0.666666666666667,0.8984375,0.75,0.875,0.25,0.125,6,0.285714285714286
"1055",0.825,0.352725066973188,0.631578947368421,0.89247311827957,0.666666666666667,0.870967741935484,0.333333333333333,0.129032258064516,5.16666666666667,0.382716049382716
"1056",0.725,0.421013218466357,0.352941176470588,0.676666666666667,0.3,0.866666666666667,0.7,0.133333333333333,2.25,0.807692307692308
"1057",0.85,0.330075881117149,0.727272727272727,0.912225705329154,0.727272727272727,0.896551724137931,0.272727272727273,0.103448275862069,7.03030303030303,0.304195804195804
"1058",0.775,0.405956693903507,0.526315789473684,0.785266457680251,0.454545454545455,0.896551724137931,0.545454545454545,0.103448275862069,4.39393939393939,0.608391608391608
"1059",0.775,0.407458859087263,0.4,0.677734375,0.375,0.875,0.625,0.125,3,0.714285714285714
"1060",0.75,0.383050472239309,0.5,0.813333333333333,0.5,0.833333333333333,0.5,0.166666666666667,3,0.6
"1061",0.775,0.364571406702651,0.526315789473684,0.828333333333333,0.5,0.866666666666667,0.5,0.133333333333333,3.75,0.576923076923077
"1062",0.9,0.332282211116822,0.818181818181818,0.866071428571428,0.75,0.964285714285714,0.25,0.0357142857142857,21,0.259259259259259
"1063",0.775,0.349564413116281,0.608695652173913,0.896057347670251,0.777777777777778,0.774193548387097,0.222222222222222,0.225806451612903,3.44444444444444,0.287037037037037
"1064",0.775,0.372662098727433,0.608695652173913,0.862068965517241,0.636363636363636,0.827586206896552,0.363636363636364,0.172413793103448,3.69090909090909,0.439393939393939
"1065",0.75,0.39620876735214,0.545454545454545,0.790178571428571,0.5,0.857142857142857,0.5,0.142857142857143,3.5,0.583333333333333
"1066",0.825,0.374027790539801,0.666666666666667,0.903133903133903,0.538461538461538,0.962962962962963,0.461538461538462,0.0370370370370371,14.5384615384615,0.479289940828402
"1067",0.775,0.390936531580582,0.608695652173913,0.84045584045584,0.538461538461538,0.888888888888889,0.461538461538462,0.111111111111111,4.84615384615384,0.519230769230769
"1068",0.8,0.401253629318808,0.636363636363636,0.844729344729345,0.538461538461538,0.925925925925926,0.461538461538462,0.0740740740740741,7.26923076923077,0.498461538461539
"1069",0.9,0.335256104134948,0.818181818181818,0.886904761904762,0.75,0.964285714285714,0.25,0.0357142857142857,21,0.259259259259259
"1070",0.825,0.334687413080887,0.72,0.873040752351097,0.818181818181818,0.827586206896552,0.181818181818182,0.172413793103448,4.74545454545455,0.21969696969697
"1071",0.775,0.385447720862614,0.608695652173913,0.862068965517241,0.636363636363636,0.827586206896552,0.363636363636364,0.172413793103448,3.69090909090909,0.439393939393939
"1072",0.8,0.39206363311857,0.636363636363636,0.901098901098901,0.5,0.961538461538462,0.5,0.0384615384615384,13,0.52
"1073",0.825,0.35819324392775,0.631578947368421,0.845,0.6,0.9,0.4,0.1,6,0.444444444444444
"1074",0.875,0.341088127683215,0.761904761904762,0.866666666666667,0.8,0.9,0.2,0.1,8,0.222222222222222
"1075",0.775,0.397598361123223,0.666666666666667,0.877492877492878,0.692307692307692,0.814814814814815,0.307692307692308,0.185185185185185,3.73846153846154,0.377622377622378
"1076",0.825,0.362651645794149,0.588235294117647,0.862068965517241,0.454545454545455,0.96551724137931,0.545454545454545,0.0344827586206896,13.1818181818182,0.564935064935065
"1077",0.775,0.368321193361711,0.470588235294118,0.71875,0.5,0.84375,0.5,0.15625,3.2,0.592592592592593
"1078",0.875,0.333495890589365,0.782608695652174,0.854166666666667,0.75,0.928571428571429,0.25,0.0714285714285714,10.5,0.269230769230769
"1079",0.825,0.359877290893083,0.774193548387097,0.859375,0.75,0.875,0.25,0.125,6,0.285714285714286
"1080",0.875,0.346384797573762,0.761904761904762,0.90922619047619,0.666666666666667,0.964285714285714,0.333333333333333,0.0357142857142857,18.6666666666667,0.345679012345679
"1081",0.85,0.312634279693494,0.727272727272727,0.952978056426332,0.727272727272727,0.896551724137931,0.272727272727273,0.103448275862069,7.03030303030303,0.304195804195804
"1082",0.725,0.420106552456641,0.352941176470588,0.736559139784946,0.333333333333333,0.838709677419355,0.666666666666667,0.161290322580645,2.06666666666667,0.794871794871795
"1083",0.775,0.393664058348005,0.608695652173913,0.769345238095238,0.583333333333333,0.857142857142857,0.416666666666667,0.142857142857143,4.08333333333333,0.486111111111111
"1084",0.825,0.401105963748913,0.588235294117647,0.913793103448276,0.454545454545455,0.96551724137931,0.545454545454545,0.0344827586206896,13.1818181818182,0.564935064935065
"1085",0.85,0.33896672029931,0.7,0.897849462365591,0.777777777777778,0.870967741935484,0.222222222222222,0.129032258064516,6.02777777777778,0.255144032921811
"1086",0.75,0.393874457933715,0.583333333333333,0.786833855799373,0.636363636363636,0.793103448275862,0.363636363636364,0.206896551724138,3.07575757575758,0.458498023715415
"1087",0.775,0.360497618216304,0.571428571428571,0.78494623655914,0.666666666666667,0.806451612903226,0.333333333333333,0.193548387096774,3.44444444444444,0.413333333333333
"1088",0.8,0.367851100063072,0.5,0.685546875,0.5,0.875,0.5,0.125,4,0.571428571428571
"1089",0.75,0.428815663801284,0.545454545454545,0.819940476190476,0.5,0.857142857142857,0.5,0.142857142857143,3.5,0.583333333333333
"1090",0.75,0.366260981099257,0.642857142857143,0.886904761904762,0.75,0.75,0.25,0.25,3,0.333333333333333
"1091",0.8,0.389015490693238,0.5,0.791015625,0.5,0.875,0.5,0.125,4,0.571428571428571
"1092",0.825,0.329485596399563,0.72,0.913793103448276,0.818181818181818,0.827586206896552,0.181818181818182,0.172413793103448,4.74545454545455,0.21969696969697
"1093",0.825,0.325481828199778,0.72,0.896551724137931,0.818181818181818,0.827586206896552,0.181818181818182,0.172413793103448,4.74545454545455,0.21969696969697
"1094",0.85,0.389242552188248,0.785714285714286,0.941176470588235,0.647058823529412,1,0.352941176470588,0,Inf,0.352941176470588
"1095",0.825,0.353104939255957,0.588235294117647,0.83982683982684,0.714285714285714,0.848484848484849,0.285714285714286,0.151515151515151,4.71428571428572,0.336734693877551
"1096",0.775,0.352418748579777,0.526315789473684,0.752688172043011,0.555555555555556,0.838709677419355,0.444444444444444,0.161290322580645,3.44444444444445,0.52991452991453
"1097",0.85,0.321405942112029,0.727272727272727,0.913793103448276,0.727272727272727,0.896551724137931,0.272727272727273,0.103448275862069,7.03030303030303,0.304195804195804
"1098",0.8,0.352735507714844,0.428571428571429,0.744588744588745,0.428571428571429,0.878787878787879,0.571428571428571,0.121212121212121,3.53571428571429,0.650246305418719
"1099",0.875,0.281608463820773,0.705882352941177,0.89247311827957,0.666666666666667,0.935483870967742,0.333333333333333,0.0645161290322581,10.3333333333333,0.35632183908046
"1100",0.9,0.253681260000073,0.8,0.982078853046595,0.888888888888889,0.903225806451613,0.111111111111111,0.0967741935483871,9.18518518518518,0.123015873015873
"1101",0.775,0.361536716321498,0.571428571428571,0.858333333333333,0.6,0.833333333333333,0.4,0.166666666666667,3.6,0.48
"1102",0.775,0.390102899503284,0.571428571428571,0.777429467084639,0.545454545454545,0.862068965517241,0.454545454545455,0.137931034482759,3.95454545454545,0.527272727272727
"1103",0.8,0.368183342377822,0.733333333333333,0.878666666666667,0.733333333333333,0.84,0.266666666666667,0.16,4.58333333333333,0.317460317460318
"1104",0.625,0.500173373382744,0.482758620689655,0.731770833333333,0.4375,0.75,0.5625,0.25,1.75,0.75
"1105",0.775,0.382418720545458,0.64,0.791666666666667,0.666666666666667,0.821428571428571,0.333333333333333,0.178571428571429,3.73333333333333,0.405797101449275
"1106",0.875,0.332483227841195,0.782608695652174,0.904761904761905,0.75,0.928571428571429,0.25,0.0714285714285714,10.5,0.269230769230769
"1107",0.775,0.411729567025273,0.666666666666667,0.832288401253918,0.818181818181818,0.758620689655172,0.181818181818182,0.241379310344828,3.38961038961039,0.239669421487603
"1108",0.85,0.323240849000296,0.75,0.880877742946708,0.818181818181818,0.862068965517241,0.181818181818182,0.137931034482759,5.93181818181818,0.210909090909091
"1109",0.85,0.326612914471332,0.5,0.811274509803922,0.5,0.911764705882353,0.5,0.0882352941176471,5.66666666666667,0.548387096774194
"1110",0.85,0.364364185529397,0.769230769230769,0.894586894586895,0.769230769230769,0.888888888888889,0.230769230769231,0.111111111111111,6.92307692307692,0.259615384615385
"1111",0.825,0.40335691929334,0.666666666666667,0.817663817663818,0.538461538461538,0.962962962962963,0.461538461538462,0.0370370370370371,14.5384615384615,0.479289940828402
"1112",0.775,0.444353177800683,0.608695652173913,0.778273809523809,0.583333333333333,0.857142857142857,0.416666666666667,0.142857142857143,4.08333333333333,0.486111111111111
"1113",0.75,0.41415924258686,0.375,0.645021645021645,0.428571428571429,0.818181818181818,0.571428571428571,0.181818181818182,2.35714285714286,0.698412698412698
"1114",0.825,0.359264392071376,0.631578947368421,0.855799373040752,0.545454545454545,0.931034482758621,0.454545454545455,0.0689655172413793,7.90909090909091,0.488215488215488
"1115",0.9,0.291344233871992,0.833333333333333,0.963949843260188,0.909090909090909,0.896551724137931,0.0909090909090909,0.103448275862069,8.78787878787879,0.101398601398601
"1116",0.825,0.363891010601858,0.631578947368421,0.80564263322884,0.545454545454545,0.931034482758621,0.454545454545455,0.0689655172413793,7.90909090909091,0.488215488215488
"1117",0.775,0.401756961215608,0.64,0.806547619047619,0.666666666666667,0.821428571428571,0.333333333333333,0.178571428571429,3.73333333333333,0.405797101449275
"1118",0.85,0.335404961903876,0.5,0.775390625,0.375,0.96875,0.625,0.03125,12,0.645161290322581
"1119",0.825,0.32821437174571,0.631578947368421,0.863799283154122,0.666666666666667,0.870967741935484,0.333333333333333,0.129032258064516,5.16666666666667,0.382716049382716
"1120",0.75,0.381524858608782,0.615384615384615,0.878917378917379,0.615384615384615,0.814814814814815,0.384615384615385,0.185185185185185,3.32307692307692,0.472027972027972
"1121",0.925,0.291185640753209,0.823529411764706,0.879928315412186,0.777777777777778,0.967741935483871,0.222222222222222,0.032258064516129,24.1111111111111,0.22962962962963
"1122",0.825,0.337389885309886,0.533333333333333,0.806640625,0.5,0.90625,0.5,0.09375,5.33333333333333,0.551724137931034
"1123",0.8,0.351747632151887,0.333333333333333,0.876953125,0.25,0.9375,0.75,0.0625,4,0.8
"1124",0.825,0.330890753184338,0.588235294117647,0.851254480286738,0.555555555555556,0.903225806451613,0.444444444444444,0.0967741935483871,5.74074074074074,0.492063492063492
"1125",0.825,0.364253591992798,0.695652173913043,0.821316614420063,0.727272727272727,0.862068965517241,0.272727272727273,0.137931034482759,5.27272727272727,0.316363636363636
"1126",0.75,0.40644225422636,0.642857142857143,0.799450549450549,0.642857142857143,0.807692307692308,0.357142857142857,0.192307692307692,3.34285714285714,0.442176870748299
"1127",0.8,0.356738366509869,0.666666666666667,0.842261904761905,0.666666666666667,0.857142857142857,0.333333333333333,0.142857142857143,4.66666666666667,0.388888888888889
"1128",0.725,0.431773233851178,0.666666666666667,0.815656565656566,0.611111111111111,0.818181818181818,0.388888888888889,0.181818181818182,3.36111111111111,0.475308641975309
"1129",0.9,0.3088300403306,0.818181818181818,0.924107142857143,0.75,0.964285714285714,0.25,0.0357142857142857,21,0.259259259259259
"1130",0.775,0.436066650241792,0.526315789473684,0.72884012539185,0.454545454545455,0.896551724137931,0.545454545454545,0.103448275862069,4.39393939393939,0.608391608391608
"1131",0.775,0.348642326384023,0.689655172413793,0.846153846153846,0.769230769230769,0.777777777777778,0.230769230769231,0.222222222222222,3.46153846153846,0.296703296703297
"1132",0.85,0.341548907845482,0.7,0.888671875,0.875,0.84375,0.125,0.15625,5.6,0.148148148148148
"1133",0.775,0.41588628833388,0.608695652173913,0.74702380952381,0.583333333333333,0.857142857142857,0.416666666666667,0.142857142857143,4.08333333333333,0.486111111111111
"1134",0.75,0.378596148216671,0.615384615384615,0.823361823361823,0.615384615384615,0.814814814814815,0.384615384615385,0.185185185185185,3.32307692307692,0.472027972027972
"1135",0.875,0.360902981728512,0.814814814814815,0.858516483516483,0.785714285714286,0.923076923076923,0.214285714285714,0.0769230769230769,10.2142857142857,0.232142857142857
"1136",0.85,0.333862302006435,0.7,0.901433691756272,0.777777777777778,0.870967741935484,0.222222222222222,0.129032258064516,6.02777777777778,0.255144032921811
"1137",0.825,0.412482279083087,0.666666666666667,0.802083333333333,0.583333333333333,0.928571428571429,0.416666666666667,0.0714285714285714,8.16666666666667,0.448717948717949
"1138",0.725,0.395738486509751,0.56,0.822916666666667,0.583333333333333,0.785714285714286,0.416666666666667,0.214285714285714,2.72222222222222,0.53030303030303
"1139",0.9,0.286820669679672,0.75,0.87109375,0.75,0.9375,0.25,0.0625,12,0.266666666666667
"1140",0.775,0.397066440340666,0.470588235294118,0.810035842293907,0.444444444444444,0.870967741935484,0.555555555555556,0.129032258064516,3.44444444444444,0.637860082304527
"1141",0.775,0.386979330597073,0.571428571428571,0.781362007168459,0.666666666666667,0.806451612903226,0.333333333333333,0.193548387096774,3.44444444444444,0.413333333333333
"1142",0.8,0.388063098315505,0.6,0.750783699059561,0.545454545454545,0.896551724137931,0.454545454545455,0.103448275862069,5.27272727272727,0.506993006993007
"1143",0.75,0.402854982357231,0.583333333333333,0.772727272727273,0.636363636363636,0.793103448275862,0.363636363636364,0.206896551724138,3.07575757575758,0.458498023715415
"1144",0.825,0.378679858718209,0.666666666666667,0.824404761904762,0.583333333333333,0.928571428571429,0.416666666666667,0.0714285714285714,8.16666666666667,0.448717948717949
"1145",0.775,0.425801214614286,0.64,0.811813186813187,0.571428571428571,0.884615384615385,0.428571428571429,0.115384615384615,4.95238095238095,0.484472049689441
"1146",0.775,0.342487606506789,0.526315789473684,0.841666666666667,0.5,0.866666666666667,0.5,0.133333333333333,3.75,0.576923076923077
"1147",0.825,0.346953432020587,0.631578947368421,0.821666666666667,0.6,0.9,0.4,0.1,6,0.444444444444444
"1148",0.85,0.319081617922918,0.7,0.915770609318996,0.777777777777778,0.870967741935484,0.222222222222222,0.129032258064516,6.02777777777778,0.255144032921811
"1149",0.75,0.440025031188301,0.545454545454545,0.818681318681319,0.428571428571429,0.923076923076923,0.571428571428571,0.0769230769230769,5.57142857142857,0.619047619047619
"1150",0.8,0.403371193429211,0.666666666666667,0.929333333333333,0.533333333333333,0.96,0.466666666666667,0.04,13.3333333333333,0.486111111111111
"1151",0.75,0.412195385806438,0.545454545454545,0.796296296296296,0.461538461538462,0.888888888888889,0.538461538461538,0.111111111111111,4.15384615384615,0.605769230769231
"1152",0.925,0.329545041165283,0.857142857142857,0.90625,0.75,1,0.25,0,Inf,0.25
"1153",0.75,0.414642739969472,0.583333333333333,0.837606837606838,0.538461538461538,0.851851851851852,0.461538461538462,0.148148148148148,3.63461538461538,0.54180602006689
"1154",0.775,0.417413645803602,0.526315789473684,0.833333333333333,0.384615384615385,0.962962962962963,0.615384615384615,0.0370370370370371,10.3846153846154,0.63905325443787
"1155",0.825,0.383175466835266,0.695652173913043,0.847578347578348,0.615384615384615,0.925925925925926,0.384615384615385,0.0740740740740741,8.30769230769231,0.415384615384615
"1156",0.825,0.358995087241488,0.72,0.931318681318681,0.642857142857143,0.923076923076923,0.357142857142857,0.0769230769230769,8.35714285714286,0.386904761904762
"1157",0.775,0.380986925124758,0.608695652173913,0.834821428571428,0.583333333333333,0.857142857142857,0.416666666666667,0.142857142857143,4.08333333333333,0.486111111111111
"1158",0.85,0.359329848647212,0.75,0.889880952380952,0.75,0.892857142857143,0.25,0.107142857142857,7,0.28
"1159",0.775,0.39404228323051,0.571428571428571,0.80952380952381,0.5,0.892857142857143,0.5,0.107142857142857,4.66666666666667,0.56
"1160",0.775,0.396744584286877,0.64,0.801994301994302,0.615384615384615,0.851851851851852,0.384615384615385,0.148148148148148,4.15384615384615,0.451505016722408
"1161",0.7,0.453699571051167,0.5,0.723901098901099,0.428571428571429,0.846153846153846,0.571428571428571,0.153846153846154,2.78571428571429,0.675324675324675
"1162",0.8,0.378273354486597,0.5,0.824675324675325,0.571428571428571,0.848484848484849,0.428571428571429,0.151515151515151,3.77142857142857,0.505102040816327
"1163",0.825,0.368990237288563,0.666666666666667,0.918956043956044,0.5,1,0.5,0,Inf,0.5
"1164",0.675,0.427312171129857,0.48,0.754464285714286,0.5,0.75,0.5,0.25,2,0.666666666666667
"1165",0.8,0.370883318015467,0.666666666666667,0.896551724137931,0.727272727272727,0.827586206896552,0.272727272727273,0.172413793103448,4.21818181818182,0.329545454545455
"1166",0.8,0.338060566783932,0.555555555555556,0.861666666666667,0.5,0.9,0.5,0.1,5,0.555555555555556
"1167",0.825,0.388656787461652,0.695652173913043,0.873626373626374,0.571428571428571,0.961538461538462,0.428571428571429,0.0384615384615384,14.8571428571429,0.445714285714286
"1168",0.825,0.346759770413481,0.533333333333333,0.849462365591398,0.444444444444444,0.935483870967742,0.555555555555556,0.0645161290322581,6.88888888888888,0.593869731800766
"1169",0.775,0.375274882721183,0.64,0.885416666666667,0.666666666666667,0.821428571428571,0.333333333333333,0.178571428571429,3.73333333333333,0.405797101449275
"1170",0.875,0.28809160352958,0.736842105263158,0.960573476702509,0.777777777777778,0.903225806451613,0.222222222222222,0.0967741935483871,8.03703703703703,0.246031746031746
"1171",0.7,0.466623946456375,0.538461538461538,0.740885416666667,0.4375,0.875,0.5625,0.125,3.5,0.642857142857143
"1172",0.875,0.322916430402217,0.705882352941177,0.87890625,0.75,0.90625,0.25,0.09375,8,0.275862068965517
"1173",0.7,0.434748576353533,0.6,0.787749287749288,0.692307692307692,0.703703703703704,0.307692307692308,0.296296296296296,2.33653846153846,0.437246963562753
"1174",0.85,0.316094378903353,0.7,0.85663082437276,0.777777777777778,0.870967741935484,0.222222222222222,0.129032258064516,6.02777777777778,0.255144032921811
"1175",0.9,0.318619802858013,0.75,0.841796875,0.75,0.9375,0.25,0.0625,12,0.266666666666667
"1176",0.875,0.296799195827179,0.761904761904762,0.911666666666667,0.8,0.9,0.2,0.1,8,0.222222222222222
"1177",0.8,0.367468127639982,0.636363636363636,0.866071428571428,0.583333333333333,0.892857142857143,0.416666666666667,0.107142857142857,5.44444444444445,0.466666666666667
"1178",0.8,0.399097069978929,0.636363636363636,0.813620071684588,0.777777777777778,0.806451612903226,0.222222222222222,0.193548387096774,4.01851851851852,0.275555555555556
"1179",0.75,0.429629555571477,0.5,0.723214285714286,0.416666666666667,0.892857142857143,0.583333333333333,0.107142857142857,3.88888888888889,0.653333333333333
"1180",0.825,0.336339803654418,0.72,0.86,0.9,0.8,0.1,0.2,4.5,0.125
"1181",0.875,0.306603542362135,0.8,0.943452380952381,0.833333333333333,0.892857142857143,0.166666666666667,0.107142857142857,7.77777777777778,0.186666666666667
"1182",0.725,0.437671071745415,0.521739130434783,0.756666666666667,0.6,0.766666666666667,0.4,0.233333333333333,2.57142857142857,0.521739130434783
"1183",0.825,0.370859551216107,0.695652173913043,0.928774928774929,0.615384615384615,0.925925925925926,0.384615384615385,0.0740740740740741,8.30769230769231,0.415384615384615
"1184",0.85,0.319709875721016,0.571428571428571,0.904761904761905,0.571428571428571,0.909090909090909,0.428571428571429,0.0909090909090909,6.28571428571428,0.471428571428571
"1185",0.9,0.248996364891876,0.75,0.980392156862745,1,0.882352941176471,0,0.117647058823529,8.5,0
"1186",0.8,0.396604817499176,0.733333333333333,0.856777493606138,0.647058823529412,0.91304347826087,0.352941176470588,0.0869565217391305,7.44117647058823,0.38655462184874
"1187",0.8,0.40025863814911,0.6,0.787202380952381,0.5,0.928571428571429,0.5,0.0714285714285714,7,0.538461538461538
"1188",0.775,0.389314798374972,0.526315789473684,0.741666666666667,0.5,0.866666666666667,0.5,0.133333333333333,3.75,0.576923076923077
"1189",0.75,0.425340319348725,0.5,0.821316614420063,0.454545454545455,0.862068965517241,0.545454545454545,0.137931034482759,3.29545454545454,0.632727272727273
"1190",0.85,0.343614175507613,0.727272727272727,0.90234375,1,0.8125,0,0.1875,5.33333333333333,0
"1191",0.85,0.370550054529022,0.727272727272727,0.907967032967033,0.571428571428571,1,0.428571428571429,0,Inf,0.428571428571429
"1192",0.875,0.330007650087838,0.782608695652174,0.938988095238095,0.75,0.928571428571429,0.25,0.0714285714285714,10.5,0.269230769230769
"1193",0.85,0.381949547126692,0.625,0.915360501567398,0.454545454545455,1,0.545454545454545,0,Inf,0.545454545454545
"1194",0.875,0.323217455740434,0.666666666666667,0.765625,0.625,0.9375,0.375,0.0625,10,0.4
"1195",0.8,0.368391874984155,0.555555555555556,0.811666666666667,0.5,0.9,0.5,0.1,5,0.555555555555556
"1196",0.75,0.430504078445142,0.545454545454545,0.820054945054945,0.428571428571429,0.923076923076923,0.571428571428571,0.0769230769230769,5.57142857142857,0.619047619047619
"1197",0.875,0.319260220669157,0.736842105263158,0.874608150470219,0.636363636363636,0.96551724137931,0.363636363636364,0.0344827586206896,18.4545454545455,0.376623376623377
"1198",0.825,0.36137600763621,0.666666666666667,0.898809523809524,0.583333333333333,0.928571428571429,0.416666666666667,0.0714285714285714,8.16666666666667,0.448717948717949
"1199",0.85,0.277225439480767,0.666666666666667,0.94921875,0.75,0.875,0.25,0.125,6,0.285714285714286
"1200",0.8,0.383946053966235,0.636363636363636,0.863247863247863,0.538461538461538,0.925925925925926,0.461538461538462,0.0740740740740741,7.26923076923077,0.498461538461539
"1201",0.825,0.367997590786402,0.774193548387097,0.948849104859335,0.705882352941177,0.91304347826087,0.294117647058823,0.0869565217391305,8.11764705882353,0.322128851540616
"1202",0.875,0.360835855713522,0.827586206896552,0.9,0.8,0.92,0.2,0.08,10,0.217391304347826
"1203",0.825,0.316444184940234,0.461538461538462,0.90625,0.375,0.9375,0.625,0.0625,6,0.666666666666667
"1204",0.725,0.422981640791379,0.521739130434783,0.791666666666667,0.5,0.821428571428571,0.5,0.178571428571429,2.8,0.608695652173913
"1205",0.875,0.335515140716056,0.8,0.944,0.666666666666667,1,0.333333333333333,0,Inf,0.333333333333333
"1206",0.85,0.357937129375467,0.785714285714286,0.873219373219373,0.846153846153846,0.851851851851852,0.153846153846154,0.148148148148148,5.71153846153846,0.180602006688963
"1207",0.825,0.34564431409739,0.666666666666667,0.860119047619048,0.583333333333333,0.928571428571429,0.416666666666667,0.0714285714285714,8.16666666666667,0.448717948717949
"1208",0.725,0.392892045856051,0.592592592592593,0.839031339031339,0.615384615384615,0.777777777777778,0.384615384615385,0.222222222222222,2.76923076923077,0.494505494505494
"1209",0.875,0.325781857325335,0.666666666666667,0.883116883116883,0.714285714285714,0.909090909090909,0.285714285714286,0.0909090909090909,7.85714285714285,0.314285714285714
"1210",0.85,0.303041038300928,0.625,0.898268398268398,0.714285714285714,0.878787878787879,0.285714285714286,0.121212121212121,5.89285714285714,0.32512315270936
"1211",0.775,0.425865449164505,0.64,0.876302083333333,0.5,0.958333333333333,0.5,0.0416666666666666,12,0.521739130434783
"1212",0.825,0.377495461787639,0.631578947368421,0.857366771159875,0.545454545454545,0.931034482758621,0.454545454545455,0.0689655172413793,7.90909090909091,0.488215488215488
"1213",0.825,0.359872563151266,0.631578947368421,0.87202380952381,0.5,0.964285714285714,0.5,0.0357142857142857,14,0.518518518518518
"1214",0.8,0.340130550918224,0.6,0.821316614420063,0.545454545454545,0.896551724137931,0.454545454545455,0.103448275862069,5.27272727272727,0.506993006993007
"1215",0.9,0.270089814559705,0.666666666666667,0.958333333333333,1,0.888888888888889,0,0.111111111111111,9,0
"1216",0.775,0.43752494216799,0.571428571428571,0.794871794871795,0.461538461538462,0.925925925925926,0.538461538461538,0.0740740740740741,6.23076923076923,0.581538461538462
"1217",0.75,0.413464829752836,0.5,0.804843304843305,0.384615384615385,0.925925925925926,0.615384615384615,0.0740740740740741,5.19230769230769,0.664615384615385
"1218",0.875,0.352631767592024,0.814814814814815,0.93956043956044,0.785714285714286,0.923076923076923,0.214285714285714,0.0769230769230769,10.2142857142857,0.232142857142857
"1219",0.875,0.339303965300916,0.736842105263158,0.909090909090909,0.636363636363636,0.96551724137931,0.363636363636364,0.0344827586206896,18.4545454545455,0.376623376623377
"1220",0.8,0.399210674407881,0.714285714285714,0.939897698209719,0.588235294117647,0.956521739130435,0.411764705882353,0.0434782608695652,13.5294117647059,0.43048128342246
"1221",0.925,0.32544198639134,0.869565217391304,0.894586894586895,0.769230769230769,1,0.230769230769231,0,Inf,0.230769230769231
"1222",0.875,0.340650604877204,0.705882352941177,0.853333333333333,0.6,0.966666666666667,0.4,0.0333333333333333,18,0.413793103448276
"1223",0.85,0.360121136269736,0.666666666666667,0.861666666666667,0.6,0.933333333333333,0.4,0.0666666666666667,9,0.428571428571429
"1224",0.775,0.392494348970763,0.470588235294118,0.75974025974026,0.571428571428571,0.818181818181818,0.428571428571429,0.181818181818182,3.14285714285714,0.523809523809524
"1225",0.9,0.330053104900978,0.714285714285714,0.874551971326165,0.555555555555556,1,0.444444444444444,0,Inf,0.444444444444444
"1226",0.775,0.373266028504257,0.571428571428571,0.831666666666667,0.6,0.833333333333333,0.4,0.166666666666667,3.6,0.48
"1227",0.775,0.368884078062303,0.571428571428571,0.843333333333333,0.6,0.833333333333333,0.4,0.166666666666667,3.6,0.48
"1228",0.9,0.320664072867247,0.818181818181818,0.938871473354232,0.818181818181818,0.931034482758621,0.181818181818182,0.0689655172413793,11.8636363636364,0.195286195286195
"1229",0.8,0.321638769655703,0.636363636363636,0.933691756272401,0.777777777777778,0.806451612903226,0.222222222222222,0.193548387096774,4.01851851851852,0.275555555555556
"1230",0.875,0.306086899657223,0.666666666666667,0.90625,0.625,0.9375,0.375,0.0625,10,0.4
"1231",0.8,0.369986537875295,0.6,0.82078853046595,0.666666666666667,0.838709677419355,0.333333333333333,0.161290322580645,4.13333333333333,0.397435897435897
"1232",0.875,0.326412008887495,0.782608695652174,0.925925925925926,0.692307692307692,0.962962962962963,0.307692307692308,0.0370370370370371,18.6923076923077,0.319526627218935
"1233",0.775,0.376596720459207,0.64,0.833855799373041,0.727272727272727,0.793103448275862,0.272727272727273,0.206896551724138,3.51515151515152,0.343873517786561
"1234",0.825,0.330230245238828,0.695652173913043,0.877742946708464,0.727272727272727,0.862068965517241,0.272727272727273,0.137931034482759,5.27272727272727,0.316363636363636
"1235",0.875,0.311229988352698,0.782608695652174,0.943333333333333,0.9,0.866666666666667,0.1,0.133333333333333,6.75,0.115384615384615
"1236",0.85,0.351083440263477,0.625,0.808333333333333,0.5,0.966666666666667,0.5,0.0333333333333333,15,0.517241379310345
"1237",0.825,0.38532940513657,0.695652173913043,0.886039886039886,0.615384615384615,0.925925925925926,0.384615384615385,0.0740740740740741,8.30769230769231,0.415384615384615
"1238",0.85,0.359378485933752,0.727272727272727,0.863095238095238,0.666666666666667,0.928571428571429,0.333333333333333,0.0714285714285714,9.33333333333334,0.358974358974359
"1239",0.8,0.39542684018178,0.6,0.763440860215054,0.666666666666667,0.838709677419355,0.333333333333333,0.161290322580645,4.13333333333333,0.397435897435897
"1240",0.8,0.422112436948893,0.636363636363636,0.754464285714286,0.583333333333333,0.892857142857143,0.416666666666667,0.107142857142857,5.44444444444445,0.466666666666667
"1241",0.8,0.38493912895217,0.6,0.867559523809524,0.5,0.928571428571429,0.5,0.0714285714285714,7,0.538461538461538
"1242",0.85,0.293452311975482,0.7,0.921875,0.875,0.84375,0.125,0.15625,5.6,0.148148148148148
"1243",0.825,0.341619982310754,0.695652173913043,0.896666666666667,0.8,0.833333333333333,0.2,0.166666666666667,4.8,0.24
"1244",0.85,0.323970908588245,0.727272727272727,0.928571428571429,0.666666666666667,0.928571428571429,0.333333333333333,0.0714285714285714,9.33333333333334,0.358974358974359
"1245",0.825,0.352638174166803,0.588235294117647,0.916666666666667,0.5,0.933333333333333,0.5,0.0666666666666667,7.5,0.535714285714286
"1246",0.825,0.333070348463608,0.72,0.880952380952381,0.75,0.857142857142857,0.25,0.142857142857143,5.25,0.291666666666667
"1247",0.825,0.367028073017384,0.588235294117647,0.833984375,0.625,0.875,0.375,0.125,5,0.428571428571429
"1248",0.85,0.314261776855162,0.7,0.916666666666667,0.7,0.9,0.3,0.1,7,0.333333333333333
"1249",0.875,0.282265695213853,0.782608695652174,0.959247648902821,0.818181818181818,0.896551724137931,0.181818181818182,0.103448275862069,7.90909090909091,0.202797202797203
"1250",0.85,0.367531810673624,0.7,0.904761904761905,0.583333333333333,0.964285714285714,0.416666666666667,0.0357142857142857,16.3333333333333,0.432098765432099
"1251",0.8,0.405214728113888,0.555555555555556,0.788401253918495,0.454545454545455,0.931034482758621,0.545454545454545,0.0689655172413793,6.59090909090909,0.585858585858586
"1252",0.775,0.37695293046609,0.608695652173913,0.815047021943574,0.636363636363636,0.827586206896552,0.363636363636364,0.172413793103448,3.69090909090909,0.439393939393939
"1253",0.85,0.348277872601387,0.7,0.90282131661442,0.636363636363636,0.931034482758621,0.363636363636364,0.0689655172413793,9.22727272727272,0.390572390572391
"1254",0.75,0.378765380252158,0.583333333333333,0.866096866096866,0.538461538461538,0.851851851851852,0.461538461538462,0.148148148148148,3.63461538461538,0.54180602006689
"1255",0.7,0.421543245139615,0.625,0.814666666666667,0.666666666666667,0.72,0.333333333333333,0.28,2.38095238095238,0.462962962962963
"1256",0.875,0.30533740984603,0.736842105263158,0.857421875,0.875,0.875,0.125,0.125,7,0.142857142857143
"1257",0.825,0.34559481275495,0.631578947368421,0.89247311827957,0.666666666666667,0.870967741935484,0.333333333333333,0.129032258064516,5.16666666666667,0.382716049382716
"1258",0.85,0.319988947330882,0.666666666666667,0.915584415584416,0.857142857142857,0.848484848484849,0.142857142857143,0.151515151515151,5.65714285714286,0.168367346938776
"1259",0.8,0.356894230975784,0.6,0.857366771159875,0.545454545454545,0.896551724137931,0.454545454545455,0.103448275862069,5.27272727272727,0.506993006993007
"1260",0.7,0.467824290177275,0.538461538461538,0.74609375,0.4375,0.875,0.5625,0.125,3.5,0.642857142857143
"1261",0.75,0.430000349356265,0.642857142857143,0.76510989010989,0.642857142857143,0.807692307692308,0.357142857142857,0.192307692307692,3.34285714285714,0.442176870748299
"1262",0.875,0.3356634964839,0.761904761904762,0.910714285714286,0.666666666666667,0.964285714285714,0.333333333333333,0.0357142857142857,18.6666666666667,0.345679012345679
"1263",0.85,0.34133344237151,0.571428571428571,0.720588235294118,0.666666666666667,0.882352941176471,0.333333333333333,0.117647058823529,5.66666666666667,0.377777777777778
"1264",0.8,0.384380447282364,0.636363636363636,0.849702380952381,0.583333333333333,0.892857142857143,0.416666666666667,0.107142857142857,5.44444444444445,0.466666666666667
"1265",0.875,0.295033974226662,0.666666666666667,0.936274509803922,0.833333333333333,0.882352941176471,0.166666666666667,0.117647058823529,7.08333333333333,0.188888888888889
"1266",0.775,0.354520508075867,0.571428571428571,0.871473354231975,0.545454545454545,0.862068965517241,0.454545454545455,0.137931034482759,3.95454545454545,0.527272727272727
"1267",0.825,0.353305331368071,0.588235294117647,0.857843137254902,0.833333333333333,0.823529411764706,0.166666666666667,0.176470588235294,4.72222222222222,0.202380952380952
"1268",0.85,0.351885256908267,0.727272727272727,0.94047619047619,0.666666666666667,0.928571428571429,0.333333333333333,0.0714285714285714,9.33333333333334,0.358974358974359
"1269",0.775,0.393347855402968,0.64,0.816666666666667,0.8,0.766666666666667,0.2,0.233333333333333,3.42857142857143,0.260869565217391
"1270",0.825,0.382596601556037,0.740740740740741,0.850274725274725,0.714285714285714,0.884615384615385,0.285714285714286,0.115384615384615,6.19047619047619,0.322981366459627
"1271",0.875,0.319494260645254,0.761904761904762,0.881720430107527,0.888888888888889,0.870967741935484,0.111111111111111,0.129032258064516,6.88888888888889,0.127572016460905
"1272",0.875,0.333167598085644,0.761904761904762,0.91692789968652,0.727272727272727,0.931034482758621,0.272727272727273,0.0689655172413793,10.5454545454545,0.292929292929293
"1273",0.875,0.285919188856668,0.761904761904762,0.949820788530466,0.888888888888889,0.870967741935484,0.111111111111111,0.129032258064516,6.88888888888889,0.127572016460905
"1274",0.8,0.417242974012152,0.6,0.804075235109718,0.545454545454545,0.896551724137931,0.454545454545455,0.103448275862069,5.27272727272727,0.506993006993007
"1275",0.7,0.458417914309637,0.571428571428571,0.767857142857143,0.571428571428571,0.769230769230769,0.428571428571429,0.230769230769231,2.47619047619048,0.557142857142857
"1276",0.7,0.478358291672213,0.538461538461538,0.722222222222222,0.538461538461538,0.777777777777778,0.461538461538462,0.222222222222222,2.42307692307692,0.593406593406593
"1277",0.85,0.344838828850892,0.571428571428571,0.8125,0.5,0.9375,0.5,0.0625,8,0.533333333333333
"1278",0.9,0.305140551157919,0.833333333333333,0.961309523809524,0.833333333333333,0.928571428571429,0.166666666666667,0.0714285714285714,11.6666666666667,0.179487179487179
"1279",0.775,0.418274310741146,0.709677419354839,0.914322250639386,0.647058823529412,0.869565217391304,0.352941176470588,0.130434782608696,4.96078431372549,0.405882352941176
"1280",0.775,0.42659450530977,0.608695652173913,0.833791208791209,0.5,0.923076923076923,0.5,0.0769230769230769,6.5,0.541666666666667
"1281",0.725,0.428368778358412,0.56,0.75,0.5,0.846153846153846,0.5,0.153846153846154,3.25,0.590909090909091
"1282",0.725,0.357809011669733,0.521739130434783,0.865234375,0.75,0.71875,0.25,0.28125,2.66666666666667,0.347826086956522
"1283",0.925,0.279102832585121,0.8,0.935546875,0.75,0.96875,0.25,0.03125,24,0.258064516129032
"1284",0.775,0.412566071580462,0.470588235294118,0.73828125,0.5,0.84375,0.5,0.15625,3.2,0.592592592592593
"1285",0.8,0.361675300944646,0.5,0.867383512544803,0.444444444444444,0.903225806451613,0.555555555555556,0.0967741935483871,4.59259259259259,0.615079365079365
"1286",0.775,0.441452100509022,0.689655172413793,0.804,0.666666666666667,0.84,0.333333333333333,0.16,4.16666666666667,0.396825396825397
"1287",0.775,0.362462636085403,0.571428571428571,0.898119122257053,0.545454545454545,0.862068965517241,0.454545454545455,0.137931034482759,3.95454545454545,0.527272727272727
"1288",0.825,0.35734300288857,0.72,0.898119122257053,0.818181818181818,0.827586206896552,0.181818181818182,0.172413793103448,4.74545454545455,0.21969696969697
"1289",0.75,0.404834842831607,0.545454545454545,0.722222222222222,0.666666666666667,0.774193548387097,0.333333333333333,0.225806451612903,2.95238095238095,0.430555555555556
"1290",0.825,0.391121758960363,0.631578947368421,0.776666666666667,0.6,0.9,0.4,0.1,6,0.444444444444444
"1291",0.825,0.364879377151114,0.631578947368421,0.768025078369906,0.545454545454545,0.931034482758621,0.454545454545455,0.0689655172413793,7.90909090909091,0.488215488215488
"1292",0.775,0.40276358915903,0.526315789473684,0.788401253918495,0.454545454545455,0.896551724137931,0.545454545454545,0.103448275862069,4.39393939393939,0.608391608391608
"1293",0.8,0.378124497181423,0.666666666666667,0.837606837606838,0.615384615384615,0.888888888888889,0.384615384615385,0.111111111111111,5.53846153846154,0.432692307692308
"1294",0.775,0.377464186590247,0.608695652173913,0.869905956112853,0.636363636363636,0.827586206896552,0.363636363636364,0.172413793103448,3.69090909090909,0.439393939393939
"1295",0.875,0.302019808370048,0.761904761904762,0.883333333333333,0.8,0.9,0.2,0.1,8,0.222222222222222
"1296",0.85,0.309566342719012,0.769230769230769,0.90327380952381,0.833333333333333,0.857142857142857,0.166666666666667,0.142857142857143,5.83333333333333,0.194444444444444
"1297",0.825,0.350578344439709,0.631578947368421,0.795,0.6,0.9,0.4,0.1,6,0.444444444444444
"1298",0.825,0.381116293694412,0.695652173913043,0.904761904761905,0.666666666666667,0.892857142857143,0.333333333333333,0.107142857142857,6.22222222222222,0.373333333333333
"1299",0.775,0.399483242958963,0.689655172413793,0.790178571428571,0.833333333333333,0.75,0.166666666666667,0.25,3.33333333333333,0.222222222222222
"1300",0.825,0.359314694941673,0.666666666666667,0.876488095238095,0.583333333333333,0.928571428571429,0.416666666666667,0.0714285714285714,8.16666666666667,0.448717948717949
"1301",0.875,0.305826313151805,0.761904761904762,0.874608150470219,0.727272727272727,0.931034482758621,0.272727272727273,0.0689655172413793,10.5454545454545,0.292929292929293
"1302",0.775,0.400413522513678,0.608695652173913,0.783699059561129,0.636363636363636,0.827586206896552,0.363636363636364,0.172413793103448,3.69090909090909,0.439393939393939
"1303",0.875,0.298780360062742,0.615384615384615,0.831168831168831,0.571428571428571,0.939393939393939,0.428571428571429,0.0606060606060606,9.42857142857144,0.456221198156682
"1304",0.75,0.434414163272096,0.545454545454545,0.803571428571429,0.5,0.857142857142857,0.5,0.142857142857143,3.5,0.583333333333333
"1305",0.825,0.347097326018451,0.695652173913043,0.863333333333333,0.8,0.833333333333333,0.2,0.166666666666667,4.8,0.24
"1306",0.875,0.313654159319852,0.782608695652174,0.961309523809524,0.75,0.928571428571429,0.25,0.0714285714285714,10.5,0.269230769230769
"1307",0.775,0.424238843570804,0.470588235294118,0.733630952380952,0.333333333333333,0.964285714285714,0.666666666666667,0.0357142857142857,9.33333333333334,0.691358024691358
"1308",0.875,0.297647587524066,0.615384615384615,0.92,0.8,0.885714285714286,0.2,0.114285714285714,7,0.225806451612903
"1309",0.7,0.42655112450745,0.4,0.751666666666667,0.4,0.8,0.6,0.2,2,0.75
"1310",0.775,0.396533889094978,0.571428571428571,0.799373040752351,0.545454545454545,0.862068965517241,0.454545454545455,0.137931034482759,3.95454545454545,0.527272727272727
"1311",0.775,0.442172281552742,0.608695652173913,0.786324786324786,0.538461538461538,0.888888888888889,0.461538461538462,0.111111111111111,4.84615384615384,0.519230769230769
"1312",0.75,0.403738925020573,0.5,0.868945868945869,0.384615384615385,0.925925925925926,0.615384615384615,0.0740740740740741,5.19230769230769,0.664615384615385
"1313",0.875,0.331033469585779,0.736842105263158,0.862007168458781,0.777777777777778,0.903225806451613,0.222222222222222,0.0967741935483871,8.03703703703703,0.246031746031746
"1314",0.875,0.317894335664923,0.705882352941177,0.923828125,0.75,0.90625,0.25,0.09375,8,0.275862068965517
"1315",0.75,0.385777270064855,0.583333333333333,0.794642857142857,0.583333333333333,0.821428571428571,0.416666666666667,0.178571428571429,3.26666666666667,0.507246376811594
"1316",0.825,0.383031963094844,0.740740740740741,0.885333333333333,0.666666666666667,0.92,0.333333333333333,0.08,8.33333333333334,0.36231884057971
"1317",0.825,0.394646044082547,0.740740740740741,0.8,0.666666666666667,0.92,0.333333333333333,0.08,8.33333333333334,0.36231884057971
"1318",0.825,0.356273793224456,0.666666666666667,0.876344086021505,0.777777777777778,0.838709677419355,0.222222222222222,0.161290322580645,4.82222222222222,0.264957264957265
"1319",0.75,0.403087024107859,0.583333333333333,0.831908831908832,0.538461538461538,0.851851851851852,0.461538461538462,0.148148148148148,3.63461538461538,0.54180602006689
"1320",0.675,0.473835203372753,0.518518518518518,0.79923273657289,0.411764705882353,0.869565217391304,0.588235294117647,0.130434782608696,3.15686274509804,0.676470588235294
"1321",0.875,0.331667068099501,0.666666666666667,0.859375,0.625,0.9375,0.375,0.0625,10,0.4
"1322",0.85,0.287790103578383,0.666666666666667,0.872294372294372,0.857142857142857,0.848484848484849,0.142857142857143,0.151515151515151,5.65714285714286,0.168367346938776
"1323",0.85,0.307406240575067,0.7,0.946236559139785,0.777777777777778,0.870967741935484,0.222222222222222,0.129032258064516,6.02777777777778,0.255144032921811
"1324",0.825,0.345205701342733,0.588235294117647,0.851254480286738,0.555555555555556,0.903225806451613,0.444444444444444,0.0967741935483871,5.74074074074074,0.492063492063492
"1325",0.825,0.366424906549971,0.588235294117647,0.829004329004329,0.714285714285714,0.848484848484849,0.285714285714286,0.151515151515151,4.71428571428572,0.336734693877551
"1326",0.825,0.37291752678038,0.666666666666667,0.815047021943574,0.636363636363636,0.896551724137931,0.363636363636364,0.103448275862069,6.15151515151515,0.405594405594406
"1327",0.8,0.386054813679467,0.428571428571429,0.823529411764706,0.5,0.852941176470588,0.5,0.147058823529412,3.4,0.586206896551724
"1328",0.85,0.332310874210015,0.727272727272727,0.915360501567398,0.727272727272727,0.896551724137931,0.272727272727273,0.103448275862069,7.03030303030303,0.304195804195804
"1329",0.825,0.35432775858708,0.631578947368421,0.811666666666667,0.6,0.9,0.4,0.1,6,0.444444444444444
"1330",0.8,0.36480125103675,0.6,0.806666666666667,0.6,0.866666666666667,0.4,0.133333333333333,4.5,0.461538461538462
"1331",0.8,0.399715166679296,0.555555555555556,0.799373040752351,0.454545454545455,0.931034482758621,0.545454545454545,0.0689655172413793,6.59090909090909,0.585858585858586
"1332",0.75,0.426491095934821,0.5,0.82,0.5,0.833333333333333,0.5,0.166666666666667,3,0.6
"1333",0.725,0.437802380967036,0.521739130434783,0.808333333333333,0.6,0.766666666666667,0.4,0.233333333333333,2.57142857142857,0.521739130434783
"1334",0.775,0.37349378520669,0.689655172413793,0.824175824175824,0.714285714285714,0.807692307692308,0.285714285714286,0.192307692307692,3.71428571428571,0.353741496598639
"1335",0.85,0.356944398035129,0.666666666666667,0.843333333333333,0.6,0.933333333333333,0.4,0.0666666666666667,9,0.428571428571429
"1336",0.95,0.276693465860637,0.916666666666667,0.988603988603989,0.846153846153846,1,0.153846153846154,0,Inf,0.153846153846154
"1337",0.8,0.361267985470619,0.636363636363636,0.884012539184953,0.636363636363636,0.862068965517241,0.363636363636364,0.137931034482759,4.61363636363636,0.421818181818182
"1338",0.85,0.331037188992794,0.7,0.908602150537634,0.777777777777778,0.870967741935484,0.222222222222222,0.129032258064516,6.02777777777778,0.255144032921811
"1339",0.775,0.406922915802653,0.64,0.827380952380952,0.666666666666667,0.821428571428571,0.333333333333333,0.178571428571429,3.73333333333333,0.405797101449275
"1340",0.825,0.376975842590384,0.72,0.886039886039886,0.692307692307692,0.888888888888889,0.307692307692308,0.111111111111111,6.23076923076923,0.346153846153846
"1341",0.725,0.39008281301485,0.56,0.825892857142857,0.583333333333333,0.785714285714286,0.416666666666667,0.214285714285714,2.72222222222222,0.53030303030303
"1342",0.825,0.384473154208363,0.695652173913043,0.794871794871795,0.615384615384615,0.925925925925926,0.384615384615385,0.0740740740740741,8.30769230769231,0.415384615384615
"1343",0.775,0.425063087321648,0.608695652173913,0.88671875,0.4375,1,0.5625,0,Inf,0.5625
"1344",0.825,0.385000545010288,0.740740740740741,0.925333333333333,0.666666666666667,0.92,0.333333333333333,0.08,8.33333333333334,0.36231884057971
"1345",0.7,0.428697094178418,0.4,0.78515625,0.5,0.75,0.5,0.25,2,0.666666666666667
"1346",0.75,0.378813991822795,0.615384615384615,0.832288401253918,0.727272727272727,0.758620689655172,0.272727272727273,0.241379310344828,3.01298701298701,0.359504132231405
"1347",0.775,0.397246131056528,0.64,0.862637362637363,0.571428571428571,0.884615384615385,0.428571428571429,0.115384615384615,4.95238095238095,0.484472049689441
"1348",0.775,0.420858350165138,0.666666666666667,0.885416666666667,0.5625,0.916666666666667,0.4375,0.0833333333333334,6.75,0.477272727272727
"1349",0.875,0.312539088883595,0.736842105263158,0.93359375,0.875,0.875,0.125,0.125,7,0.142857142857143
"1350",0.825,0.387473925835034,0.631578947368421,0.821316614420063,0.545454545454545,0.931034482758621,0.454545454545455,0.0689655172413793,7.90909090909091,0.488215488215488
"1351",0.85,0.318665752148274,0.769230769230769,0.943573667711599,0.909090909090909,0.827586206896552,0.0909090909090909,0.172413793103448,5.27272727272727,0.109848484848485
"1352",0.775,0.380889284950436,0.64,0.910714285714286,0.571428571428571,0.884615384615385,0.428571428571429,0.115384615384615,4.95238095238095,0.484472049689441
"1353",0.875,0.297594161264195,0.705882352941177,0.916015625,0.75,0.90625,0.25,0.09375,8,0.275862068965517
"1354",0.8,0.344994245183557,0.6,0.82078853046595,0.666666666666667,0.838709677419355,0.333333333333333,0.161290322580645,4.13333333333333,0.397435897435897
"1355",0.725,0.426633520637569,0.592592592592593,0.834666666666667,0.533333333333333,0.84,0.466666666666667,0.16,3.33333333333333,0.555555555555556
"1356",0.75,0.375280974480664,0.642857142857143,0.790178571428571,0.75,0.75,0.25,0.25,3,0.333333333333333
"1357",0.75,0.431254389738708,0.583333333333333,0.778333333333333,0.7,0.766666666666667,0.3,0.233333333333333,3,0.391304347826087
"1358",0.875,0.356311034084066,0.761904761904762,0.800595238095238,0.666666666666667,0.964285714285714,0.333333333333333,0.0357142857142857,18.6666666666667,0.345679012345679
"1359",0.85,0.310331428861998,0.571428571428571,0.878787878787879,0.571428571428571,0.909090909090909,0.428571428571429,0.0909090909090909,6.28571428571428,0.471428571428571
"1360",0.775,0.391535255993354,0.608695652173913,0.883512544802867,0.777777777777778,0.774193548387097,0.222222222222222,0.225806451612903,3.44444444444444,0.287037037037037
"1361",0.9,0.317252002034789,0.846153846153846,0.880494505494505,0.785714285714286,0.961538461538462,0.214285714285714,0.0384615384615384,20.4285714285714,0.222857142857143
"1362",0.775,0.354811985922766,0.526315789473684,0.841666666666667,0.5,0.866666666666667,0.5,0.133333333333333,3.75,0.576923076923077
"1363",0.8,0.317525801241652,0.5,0.849609375,0.5,0.875,0.5,0.125,4,0.571428571428571
"1364",0.925,0.338596906183601,0.888888888888889,0.95467032967033,0.857142857142857,0.961538461538462,0.142857142857143,0.0384615384615384,22.2857142857143,0.148571428571429
"1365",0.9,0.268991258010881,0.777777777777778,0.96875,0.875,0.90625,0.125,0.09375,9.33333333333333,0.137931034482759
"1366",0.85,0.355628994411614,0.666666666666667,0.905017921146953,0.666666666666667,0.903225806451613,0.333333333333333,0.0967741935483871,6.88888888888889,0.369047619047619
"1367",0.825,0.353386832850162,0.631578947368421,0.846394984326019,0.545454545454545,0.931034482758621,0.454545454545455,0.0689655172413793,7.90909090909091,0.488215488215488
"1368",0.825,0.374557701028487,0.631578947368421,0.898119122257053,0.545454545454545,0.931034482758621,0.454545454545455,0.0689655172413793,7.90909090909091,0.488215488215488
"1369",0.8,0.328463719475298,0.6,0.766666666666667,0.6,0.866666666666667,0.4,0.133333333333333,4.5,0.461538461538462
"1370",0.75,0.453873722786615,0.583333333333333,0.817663817663818,0.538461538461538,0.851851851851852,0.461538461538462,0.148148148148148,3.63461538461538,0.54180602006689
"1371",0.825,0.375020733463067,0.758620689655172,0.885333333333333,0.733333333333333,0.88,0.266666666666667,0.12,6.11111111111111,0.303030303030303
"1372",0.75,0.388295196459362,0.642857142857143,0.806666666666667,0.6,0.84,0.4,0.16,3.75,0.476190476190476
"1373",0.775,0.415079819040765,0.64,0.851648351648352,0.571428571428571,0.884615384615385,0.428571428571429,0.115384615384615,4.95238095238095,0.484472049689441
"1374",0.75,0.405242769567984,0.545454545454545,0.79,0.6,0.8,0.4,0.2,3,0.5
"1375",0.875,0.305055488153513,0.705882352941177,0.922077922077922,0.857142857142857,0.878787878787879,0.142857142857143,0.121212121212121,7.07142857142857,0.16256157635468
"1376",0.75,0.382143582770245,0.5,0.823333333333333,0.5,0.833333333333333,0.5,0.166666666666667,3,0.6
"1377",0.8,0.377120500122099,0.666666666666667,0.911680911680912,0.615384615384615,0.888888888888889,0.384615384615385,0.111111111111111,5.53846153846154,0.432692307692308
"1378",0.725,0.385335156402859,0.521739130434783,0.825,0.6,0.766666666666667,0.4,0.233333333333333,2.57142857142857,0.521739130434783
"1379",0.7,0.412402787792933,0.571428571428571,0.727678571428571,0.666666666666667,0.714285714285714,0.333333333333333,0.285714285714286,2.33333333333333,0.466666666666667
"1380",0.75,0.460622448853125,0.444444444444444,0.735109717868339,0.363636363636364,0.896551724137931,0.636363636363636,0.103448275862069,3.51515151515152,0.70979020979021
"1381",0.775,0.395404998657571,0.608695652173913,0.830484330484331,0.538461538461538,0.888888888888889,0.461538461538462,0.111111111111111,4.84615384615384,0.519230769230769
"1382",0.825,0.338310337689891,0.666666666666667,0.858333333333333,0.7,0.866666666666667,0.3,0.133333333333333,5.25,0.346153846153846
"1383",0.65,0.51021788653701,0.363636363636364,0.672619047619048,0.333333333333333,0.785714285714286,0.666666666666667,0.214285714285714,1.55555555555556,0.848484848484849
"1384",0.85,0.360154325594914,0.727272727272727,0.901433691756272,0.888888888888889,0.838709677419355,0.111111111111111,0.161290322580645,5.51111111111111,0.132478632478633
"1385",0.75,0.393119520507913,0.5,0.703333333333333,0.5,0.833333333333333,0.5,0.166666666666667,3,0.6
"1386",0.875,0.325672478890111,0.782608695652174,0.93,0.9,0.866666666666667,0.1,0.133333333333333,6.75,0.115384615384615
"1387",0.8,0.329390692612752,0.636363636363636,0.893333333333333,0.7,0.833333333333333,0.3,0.166666666666667,4.2,0.36
"1388",0.825,0.354512893778407,0.666666666666667,0.849529780564263,0.636363636363636,0.896551724137931,0.363636363636364,0.103448275862069,6.15151515151515,0.405594405594406
"1389",0.925,0.272608282119476,0.769230769230769,0.976190476190476,0.714285714285714,0.96969696969697,0.285714285714286,0.0303030303030303,23.5714285714286,0.294642857142857
"1390",0.9,0.339219799585995,0.833333333333333,0.882440476190476,0.833333333333333,0.928571428571429,0.166666666666667,0.0714285714285714,11.6666666666667,0.179487179487179
"1391",0.825,0.352524330472633,0.666666666666667,0.838333333333333,0.7,0.866666666666667,0.3,0.133333333333333,5.25,0.346153846153846
"1392",0.825,0.351510533240916,0.695652173913043,0.843260188087774,0.727272727272727,0.862068965517241,0.272727272727273,0.137931034482759,5.27272727272727,0.316363636363636
"1393",0.85,0.271169685052664,0.666666666666667,0.958874458874459,0.857142857142857,0.848484848484849,0.142857142857143,0.151515151515151,5.65714285714286,0.168367346938776
"1394",0.875,0.297570760033141,0.736842105263158,0.94921875,0.875,0.875,0.125,0.125,7,0.142857142857143
"1395",0.825,0.344654347537025,0.72,0.913793103448276,0.818181818181818,0.827586206896552,0.181818181818182,0.172413793103448,4.74545454545455,0.21969696969697
"1396",0.85,0.346330799765948,0.625,0.869175627240143,0.555555555555556,0.935483870967742,0.444444444444444,0.0645161290322581,8.6111111111111,0.475095785440613
"1397",0.775,0.384145468587634,0.4,0.76171875,0.375,0.875,0.625,0.125,3,0.714285714285714
"1398",0.775,0.39038959691321,0.571428571428571,0.779761904761905,0.5,0.892857142857143,0.5,0.107142857142857,4.66666666666667,0.56
"1399",0.85,0.398493707374485,0.727272727272727,0.834757834757835,0.615384615384615,0.962962962962963,0.384615384615385,0.0370370370370371,16.6153846153846,0.399408284023669
"1400",0.8,0.386406279149901,0.6,0.785266457680251,0.545454545454545,0.896551724137931,0.454545454545455,0.103448275862069,5.27272727272727,0.506993006993007
"1401",0.925,0.305459036719996,0.869565217391304,0.979166666666667,0.833333333333333,0.964285714285714,0.166666666666667,0.0357142857142857,23.3333333333333,0.172839506172839
"1402",0.8,0.340861334303777,0.6,0.876344086021505,0.666666666666667,0.838709677419355,0.333333333333333,0.161290322580645,4.13333333333333,0.397435897435897
"1403",0.875,0.335144334180477,0.736842105263158,0.829749103942652,0.777777777777778,0.903225806451613,0.222222222222222,0.0967741935483871,8.03703703703703,0.246031746031746
"1404",0.85,0.375938408674227,0.769230769230769,0.824175824175824,0.714285714285714,0.923076923076923,0.285714285714286,0.0769230769230769,9.28571428571429,0.309523809523809
"1405",0.825,0.376750211866631,0.72,0.891369047619048,0.75,0.857142857142857,0.25,0.142857142857143,5.25,0.291666666666667
"1406",0.85,0.329792525601465,0.666666666666667,0.843333333333333,0.6,0.933333333333333,0.4,0.0666666666666667,9,0.428571428571429
"1407",0.85,0.349374704058341,0.625,0.835423197492163,0.454545454545455,1,0.545454545454545,0,Inf,0.545454545454545
"1408",0.775,0.406368289866366,0.608695652173913,0.731974921630094,0.636363636363636,0.827586206896552,0.363636363636364,0.172413793103448,3.69090909090909,0.439393939393939
"1409",0.825,0.34475913272085,0.695652173913043,0.88871473354232,0.727272727272727,0.862068965517241,0.272727272727273,0.137931034482759,5.27272727272727,0.316363636363636
"1410",0.875,0.316299410030334,0.705882352941177,0.815412186379928,0.666666666666667,0.935483870967742,0.333333333333333,0.0645161290322581,10.3333333333333,0.35632183908046
"1411",0.85,0.358435954561179,0.4,0.683982683982684,0.285714285714286,0.96969696969697,0.714285714285714,0.0303030303030303,9.42857142857144,0.736607142857143
"1412",0.825,0.318954679385621,0.363636363636364,0.794285714285714,0.4,0.885714285714286,0.6,0.114285714285714,3.5,0.67741935483871
"1413",0.8,0.320663499924625,0.636363636363636,0.93359375,0.875,0.78125,0.125,0.21875,4,0.16
"1414",0.725,0.404473946236828,0.592592592592593,0.826210826210826,0.615384615384615,0.777777777777778,0.384615384615385,0.222222222222222,2.76923076923077,0.494505494505494
"1415",0.825,0.355382528123285,0.740740740740741,0.881868131868132,0.714285714285714,0.884615384615385,0.285714285714286,0.115384615384615,6.19047619047619,0.322981366459627
"1416",0.8,0.362129188929897,0.6,0.835,0.6,0.866666666666667,0.4,0.133333333333333,4.5,0.461538461538462
"1417",0.775,0.34518297925159,0.571428571428571,0.873333333333333,0.6,0.833333333333333,0.4,0.166666666666667,3.6,0.48
"1418",0.85,0.337281024786274,0.625,0.884765625,0.625,0.90625,0.375,0.09375,6.66666666666667,0.413793103448276
"1419",0.825,0.401747311932531,0.695652173913043,0.88034188034188,0.615384615384615,0.925925925925926,0.384615384615385,0.0740740740740741,8.30769230769231,0.415384615384615
"1420",0.775,0.389117939772526,0.608695652173913,0.862068965517241,0.636363636363636,0.827586206896552,0.363636363636364,0.172413793103448,3.69090909090909,0.439393939393939
"1421",0.75,0.447246445949969,0.444444444444444,0.769592476489028,0.363636363636364,0.896551724137931,0.636363636363636,0.103448275862069,3.51515151515152,0.70979020979021
"1422",0.9,0.318134052897896,0.818181818181818,0.901785714285714,0.75,0.964285714285714,0.25,0.0357142857142857,21,0.259259259259259
"1423",0.775,0.391762425484391,0.571428571428571,0.837606837606838,0.461538461538462,0.925925925925926,0.538461538461538,0.0740740740740741,6.23076923076923,0.581538461538462
"1424",0.825,0.344791624933272,0.461538461538462,0.833984375,0.375,0.9375,0.625,0.0625,6,0.666666666666667
"1425",0.85,0.318335402362723,0.7,0.88,0.7,0.9,0.3,0.1,7,0.333333333333333
"1426",0.75,0.436850918781774,0.545454545454545,0.789173789173789,0.461538461538462,0.888888888888889,0.538461538461538,0.111111111111111,4.15384615384615,0.605769230769231
"1427",0.9,0.304661395665208,0.8,0.960815047021944,0.727272727272727,0.96551724137931,0.272727272727273,0.0344827586206896,21.0909090909091,0.282467532467532
"1428",0.8,0.407324389885713,0.636363636363636,0.877747252747253,0.5,0.961538461538462,0.5,0.0384615384615384,13,0.52
"1429",0.9,0.310903527830846,0.833333333333333,0.949404761904762,0.833333333333333,0.928571428571429,0.166666666666667,0.0714285714285714,11.6666666666667,0.179487179487179
"1430",0.8,0.415089895503555,0.6,0.818452380952381,0.5,0.928571428571429,0.5,0.0714285714285714,7,0.538461538461538
"1431",0.725,0.427390794994014,0.56,0.79153605015674,0.636363636363636,0.758620689655172,0.363636363636364,0.241379310344828,2.63636363636364,0.479338842975207
"1432",0.825,0.366083737191978,0.533333333333333,0.824372759856631,0.444444444444444,0.935483870967742,0.555555555555556,0.0645161290322581,6.88888888888888,0.593869731800766
"1433",0.8,0.333419209967867,0.666666666666667,0.894984326018809,0.727272727272727,0.827586206896552,0.272727272727273,0.172413793103448,4.21818181818182,0.329545454545455
"1434",0.9,0.300165567297147,0.75,0.924731182795699,0.666666666666667,0.967741935483871,0.333333333333333,0.032258064516129,20.6666666666667,0.344444444444444
"1435",0.825,0.341389635399883,0.72,0.916666666666667,0.75,0.857142857142857,0.25,0.142857142857143,5.25,0.291666666666667
"1436",0.75,0.441870296198141,0.666666666666667,0.765333333333333,0.666666666666667,0.8,0.333333333333333,0.2,3.33333333333333,0.416666666666667
"1437",0.925,0.295892795724562,0.842105263157895,0.94,0.8,0.966666666666667,0.2,0.0333333333333333,24,0.206896551724138
"1438",0.75,0.335167916622427,0.615384615384615,0.915,0.8,0.733333333333333,0.2,0.266666666666667,3,0.272727272727273
"1439",0.85,0.347109842408112,0.7,0.797805642633229,0.636363636363636,0.931034482758621,0.363636363636364,0.0689655172413793,9.22727272727272,0.390572390572391
"1440",0.85,0.358839865247287,0.727272727272727,0.915954415954416,0.615384615384615,0.962962962962963,0.384615384615385,0.0370370370370371,16.6153846153846,0.399408284023669
"1441",0.775,0.387472361387225,0.571428571428571,0.794670846394984,0.545454545454545,0.862068965517241,0.454545454545455,0.137931034482759,3.95454545454545,0.527272727272727
"1442",0.8,0.397715910137956,0.692307692307692,0.822666666666667,0.6,0.92,0.4,0.08,7.5,0.434782608695652
"1443",0.7,0.473282124302096,0.454545454545455,0.65625,0.416666666666667,0.821428571428571,0.583333333333333,0.178571428571429,2.33333333333333,0.710144927536232
"1444",0.85,0.310321916829586,0.7,0.836666666666667,0.7,0.9,0.3,0.1,7,0.333333333333333
"1445",0.85,0.335097707567966,0.666666666666667,0.851666666666667,0.6,0.933333333333333,0.4,0.0666666666666667,9,0.428571428571429
"1446",0.825,0.353669506621947,0.695652173913043,0.836666666666667,0.8,0.833333333333333,0.2,0.166666666666667,4.8,0.24
"1447",0.825,0.334550627007213,0.666666666666667,0.86,0.7,0.866666666666667,0.3,0.133333333333333,5.25,0.346153846153846
"1448",0.775,0.309325627313718,0.571428571428571,0.941558441558442,0.857142857142857,0.757575757575758,0.142857142857143,0.242424242424242,3.53571428571429,0.188571428571429
"1449",0.7,0.425761919425735,0.5,0.751488095238095,0.5,0.785714285714286,0.5,0.214285714285714,2.33333333333333,0.636363636363636
"1450",0.775,0.357301018176875,0.608695652173913,0.863333333333333,0.7,0.8,0.3,0.2,3.5,0.375
"1451",0.8,0.40189781218135,0.666666666666667,0.811011904761905,0.666666666666667,0.857142857142857,0.333333333333333,0.142857142857143,4.66666666666667,0.388888888888889
"1452",0.9,0.302683197454823,0.666666666666667,0.808571428571429,0.8,0.914285714285714,0.2,0.0857142857142857,9.33333333333333,0.21875
"1453",0.725,0.425854636268025,0.56,0.845333333333333,0.466666666666667,0.88,0.533333333333333,0.12,3.88888888888889,0.606060606060606
"1454",0.8,0.315827121264403,0.555555555555556,0.916015625,0.625,0.84375,0.375,0.15625,4,0.444444444444444
"1455",0.9,0.310832327297713,0.777777777777778,0.918333333333333,0.7,0.966666666666667,0.3,0.0333333333333333,21,0.310344827586207
"1456",0.75,0.431083991311261,0.666666666666667,0.855498721227621,0.588235294117647,0.869565217391304,0.411764705882353,0.130434782608696,4.50980392156863,0.473529411764706
"1457",0.8,0.395463570622946,0.636363636363636,0.824404761904762,0.583333333333333,0.892857142857143,0.416666666666667,0.107142857142857,5.44444444444445,0.466666666666667
"1458",0.8,0.337993031083823,0.428571428571429,0.807359307359307,0.428571428571429,0.878787878787879,0.571428571428571,0.121212121212121,3.53571428571429,0.650246305418719
"1459",0.775,0.393319275210807,0.571428571428571,0.824786324786325,0.461538461538462,0.925925925925926,0.538461538461538,0.0740740740740741,6.23076923076923,0.581538461538462
"1460",0.775,0.412487733797062,0.608695652173913,0.759259259259259,0.538461538461538,0.888888888888889,0.461538461538462,0.111111111111111,4.84615384615384,0.519230769230769
"1461",0.825,0.376112279910845,0.666666666666667,0.828869047619048,0.583333333333333,0.928571428571429,0.416666666666667,0.0714285714285714,8.16666666666667,0.448717948717949
"1462",0.775,0.3711982191867,0.571428571428571,0.872023809523809,0.5,0.892857142857143,0.5,0.107142857142857,4.66666666666667,0.56
"1463",0.775,0.393404716873181,0.608695652173913,0.85663082437276,0.777777777777778,0.774193548387097,0.222222222222222,0.225806451612903,3.44444444444444,0.287037037037037
"1464",0.925,0.274279737986441,0.8,0.911255411255411,0.857142857142857,0.939393939393939,0.142857142857143,0.0606060606060606,14.1428571428572,0.152073732718894
"1465",0.825,0.385736333181574,0.666666666666667,0.851190476190476,0.583333333333333,0.928571428571429,0.416666666666667,0.0714285714285714,8.16666666666667,0.448717948717949
"1466",0.825,0.357836342961316,0.695652173913043,0.888888888888889,0.615384615384615,0.925925925925926,0.384615384615385,0.0740740740740741,8.30769230769231,0.415384615384615
"1467",0.825,0.370865583094526,0.588235294117647,0.786666666666667,0.5,0.933333333333333,0.5,0.0666666666666667,7.5,0.535714285714286
"1468",0.725,0.455945411915456,0.592592592592593,0.745014245014245,0.615384615384615,0.777777777777778,0.384615384615385,0.222222222222222,2.76923076923077,0.494505494505494
"1469",0.8,0.379157076961474,0.6,0.846394984326019,0.545454545454545,0.896551724137931,0.454545454545455,0.103448275862069,5.27272727272727,0.506993006993007
"1470",0.85,0.337490543649398,0.727272727272727,0.87202380952381,0.666666666666667,0.928571428571429,0.333333333333333,0.0714285714285714,9.33333333333334,0.358974358974359
"1471",0.75,0.384067567856814,0.615384615384615,0.868945868945869,0.615384615384615,0.814814814814815,0.384615384615385,0.185185185185185,3.32307692307692,0.472027972027972
"1472",0.825,0.304184522338091,0.72,0.85423197492163,0.818181818181818,0.827586206896552,0.181818181818182,0.172413793103448,4.74545454545455,0.21969696969697
"1473",0.775,0.421966112863188,0.608695652173913,0.769230769230769,0.538461538461538,0.888888888888889,0.461538461538462,0.111111111111111,4.84615384615384,0.519230769230769
"1474",0.825,0.306839910857438,0.631578947368421,0.931372549019608,1,0.794117647058823,0,0.205882352941177,4.85714285714286,0
"1475",0.775,0.400228394039372,0.571428571428571,0.827380952380952,0.5,0.892857142857143,0.5,0.107142857142857,4.66666666666667,0.56
"1476",0.85,0.311940053425483,0.7,0.865,0.7,0.9,0.3,0.1,7,0.333333333333333
"1477",0.8,0.367142098063469,0.555555555555556,0.863636363636364,0.454545454545455,0.931034482758621,0.545454545454545,0.0689655172413793,6.59090909090909,0.585858585858586
"1478",0.85,0.330394968729151,0.727272727272727,0.918333333333333,0.8,0.866666666666667,0.2,0.133333333333333,6,0.230769230769231
"1479",0.85,0.336869493944382,0.75,0.925595238095238,0.75,0.892857142857143,0.25,0.107142857142857,7,0.28
"1480",0.925,0.269304858894793,0.842105263157895,0.978494623655914,0.888888888888889,0.935483870967742,0.111111111111111,0.0645161290322581,13.7777777777778,0.118773946360153
"1481",0.875,0.313508919034498,0.8,0.945141065830721,0.909090909090909,0.862068965517241,0.0909090909090909,0.137931034482759,6.59090909090909,0.105454545454545
"1482",0.825,0.33700677746677,0.631578947368421,0.876344086021505,0.666666666666667,0.870967741935484,0.333333333333333,0.129032258064516,5.16666666666667,0.382716049382716
"1483",0.8,0.395701836084107,0.636363636363636,0.884615384615385,0.5,0.961538461538462,0.5,0.0384615384615384,13,0.52
"1484",0.75,0.411936411588482,0.615384615384615,0.825892857142857,0.666666666666667,0.785714285714286,0.333333333333333,0.214285714285714,3.11111111111111,0.424242424242424
"1485",0.775,0.393780599022605,0.571428571428571,0.895604395604396,0.428571428571429,0.961538461538462,0.571428571428571,0.0384615384615384,11.1428571428571,0.594285714285714
"1486",0.75,0.460474657360515,0.583333333333333,0.853021978021978,0.5,0.884615384615385,0.5,0.115384615384615,4.33333333333333,0.565217391304348
"1487",0.775,0.359765089491632,0.526315789473684,0.766666666666667,0.5,0.866666666666667,0.5,0.133333333333333,3.75,0.576923076923077
"1488",0.95,0.314004071135225,0.9,0.984326018808777,0.818181818181818,1,0.181818181818182,0,Inf,0.181818181818182
"1489",0.725,0.417560762692688,0.56,0.807692307692308,0.5,0.846153846153846,0.5,0.153846153846154,3.25,0.590909090909091
"1490",0.8,0.36050753636958,0.555555555555556,0.854838709677419,0.555555555555556,0.870967741935484,0.444444444444444,0.129032258064516,4.30555555555556,0.510288065843621
"1491",0.725,0.43269846218033,0.521739130434783,0.708333333333333,0.5,0.821428571428571,0.5,0.178571428571429,2.8,0.608695652173913
"1492",0.85,0.298487548150065,0.666666666666667,0.902597402597403,0.857142857142857,0.848484848484849,0.142857142857143,0.151515151515151,5.65714285714286,0.168367346938776
"1493",0.875,0.323628528702819,0.782608695652174,0.943573667711599,0.818181818181818,0.896551724137931,0.181818181818182,0.103448275862069,7.90909090909091,0.202797202797203
"1494",0.8,0.324989167338785,0.5,0.895833333333333,1,0.777777777777778,0,0.222222222222222,4.5,0
"1495",0.875,0.362443747580881,0.705882352941177,0.891849529780564,0.545454545454545,1,0.454545454545455,0,Inf,0.454545454545455
"1496",0.8,0.407640108667922,0.555555555555556,0.858630952380952,0.416666666666667,0.964285714285714,0.583333333333333,0.0357142857142857,11.6666666666667,0.604938271604938
"1497",0.8,0.393905151232717,0.5,0.734767025089606,0.444444444444444,0.903225806451613,0.555555555555556,0.0967741935483871,4.59259259259259,0.615079365079365
"1498",0.8,0.358741669737834,0.5,0.78921568627451,0.666666666666667,0.823529411764706,0.333333333333333,0.176470588235294,3.77777777777778,0.404761904761905
"1499",0.775,0.397380063155238,0.470588235294118,0.783154121863799,0.444444444444444,0.870967741935484,0.555555555555556,0.129032258064516,3.44444444444444,0.637860082304527
"1500",0.725,0.432210843075848,0.592592592592593,0.790364583333333,0.5,0.875,0.5,0.125,4,0.571428571428571
"1501",0.825,0.318517714750781,0.588235294117647,0.814453125,0.625,0.875,0.375,0.125,5,0.428571428571429
"1502",0.8,0.340932464307244,0.714285714285714,0.894586894586895,0.769230769230769,0.814814814814815,0.230769230769231,0.185185185185185,4.15384615384615,0.283216783216783
"1503",0.85,0.357943709376422,0.727272727272727,0.921703296703297,0.571428571428571,1,0.428571428571429,0,Inf,0.428571428571429
"1504",0.725,0.449593963547549,0.56,0.788461538461538,0.5,0.846153846153846,0.5,0.153846153846154,3.25,0.590909090909091
"1505",0.75,0.401658303933952,0.615384615384615,0.873333333333333,0.533333333333333,0.88,0.466666666666667,0.12,4.44444444444444,0.53030303030303
"1506",0.8,0.410378453514317,0.692307692307692,0.865384615384615,0.642857142857143,0.884615384615385,0.357142857142857,0.115384615384615,5.57142857142857,0.403726708074534
"1507",0.775,0.420330884776405,0.571428571428571,0.735119047619048,0.5,0.892857142857143,0.5,0.107142857142857,4.66666666666667,0.56
"1508",0.85,0.356974783645407,0.7,0.863095238095238,0.583333333333333,0.964285714285714,0.416666666666667,0.0357142857142857,16.3333333333333,0.432098765432099
"1509",0.725,0.42048938768498,0.592592592592593,0.796703296703297,0.571428571428571,0.807692307692308,0.428571428571429,0.192307692307692,2.97142857142857,0.530612244897959
"1510",0.775,0.360054640677578,0.666666666666667,0.867559523809524,0.75,0.785714285714286,0.25,0.214285714285714,3.5,0.318181818181818
"1511",0.8,0.394287751003891,0.5,0.779569892473118,0.444444444444444,0.903225806451613,0.555555555555556,0.0967741935483871,4.59259259259259,0.615079365079365
"1512",0.7,0.43610328388238,0.4,0.728515625,0.5,0.75,0.5,0.25,2,0.666666666666667
"1513",0.775,0.441350601481126,0.64,0.80859375,0.5,0.958333333333333,0.5,0.0416666666666666,12,0.521739130434783
"1514",0.725,0.452684092122395,0.421052631578947,0.787202380952381,0.333333333333333,0.892857142857143,0.666666666666667,0.107142857142857,3.11111111111111,0.746666666666667
"1515",0.75,0.360667447570921,0.666666666666667,0.904388714733542,0.909090909090909,0.689655172413793,0.0909090909090909,0.310344827586207,2.92929292929293,0.131818181818182
"1516",0.75,0.425667075231784,0.615384615384615,0.895833333333333,0.5,0.916666666666667,0.5,0.0833333333333334,6,0.545454545454546
"1517",0.8,0.367982163478049,0.6,0.84,0.6,0.866666666666667,0.4,0.133333333333333,4.5,0.461538461538462
"1518",0.75,0.425074799571702,0.545454545454545,0.835164835164835,0.428571428571429,0.923076923076923,0.571428571428571,0.0769230769230769,5.57142857142857,0.619047619047619
"1519",0.825,0.337699265943505,0.695652173913043,0.931547619047619,0.666666666666667,0.892857142857143,0.333333333333333,0.107142857142857,6.22222222222222,0.373333333333333
"1520",0.85,0.350880812752318,0.727272727272727,0.900297619047619,0.666666666666667,0.928571428571429,0.333333333333333,0.0714285714285714,9.33333333333334,0.358974358974359
"1521",0.85,0.324456424328098,0.75,0.866666666666667,0.9,0.833333333333333,0.1,0.166666666666667,5.4,0.12
"1522",0.75,0.436806853287869,0.583333333333333,0.749287749287749,0.538461538461538,0.851851851851852,0.461538461538462,0.148148148148148,3.63461538461538,0.54180602006689
"1523",0.8,0.344876266082079,0.636363636363636,0.905,0.7,0.833333333333333,0.3,0.166666666666667,4.2,0.36
"1524",0.75,0.392415112132503,0.5,0.857366771159875,0.454545454545455,0.862068965517241,0.545454545454545,0.137931034482759,3.29545454545454,0.632727272727273
"1525",0.825,0.333465090376456,0.666666666666667,0.910658307210031,0.636363636363636,0.896551724137931,0.363636363636364,0.103448275862069,6.15151515151515,0.405594405594406
"1526",0.875,0.300658869087638,0.8,0.938746438746439,0.769230769230769,0.925925925925926,0.230769230769231,0.0740740740740741,10.3846153846154,0.249230769230769
"1527",0.775,0.404806994261539,0.608695652173913,0.800940438871473,0.636363636363636,0.827586206896552,0.363636363636364,0.172413793103448,3.69090909090909,0.439393939393939
"1528",0.75,0.375261492041076,0.615384615384615,0.796130952380952,0.666666666666667,0.785714285714286,0.333333333333333,0.214285714285714,3.11111111111111,0.424242424242424
"1529",0.85,0.304592774027822,0.666666666666667,0.904296875,0.75,0.875,0.25,0.125,6,0.285714285714286
"1530",0.825,0.357485105730793,0.758620689655172,0.796703296703297,0.785714285714286,0.846153846153846,0.214285714285714,0.153846153846154,5.10714285714286,0.253246753246753
"1531",0.9,0.315913248440599,0.777777777777778,0.970219435736677,0.636363636363636,1,0.363636363636364,0,Inf,0.363636363636364
"1532",0.825,0.347993949954629,0.758620689655172,0.899725274725275,0.785714285714286,0.846153846153846,0.214285714285714,0.153846153846154,5.10714285714286,0.253246753246753
"1533",0.725,0.449594155238873,0.521739130434783,0.752136752136752,0.461538461538462,0.851851851851852,0.538461538461538,0.148148148148148,3.11538461538462,0.632107023411371
"1534",0.825,0.348312801465817,0.588235294117647,0.8515625,0.625,0.875,0.375,0.125,5,0.428571428571429
"1535",0.85,0.328376825156834,0.666666666666667,0.840501792114695,0.666666666666667,0.903225806451613,0.333333333333333,0.0967741935483871,6.88888888888889,0.369047619047619
"1536",0.825,0.36009463453735,0.631578947368421,0.828333333333333,0.6,0.9,0.4,0.1,6,0.444444444444444
"1537",0.8,0.332253958721343,0.6,0.8359375,0.75,0.8125,0.25,0.1875,4,0.307692307692308
"1538",0.8,0.347209758200421,0.555555555555556,0.861666666666667,0.5,0.9,0.5,0.1,5,0.555555555555556
"1539",0.775,0.408564011882463,0.571428571428571,0.80952380952381,0.5,0.892857142857143,0.5,0.107142857142857,4.66666666666667,0.56
"1540",0.775,0.369369092284714,0.470588235294118,0.808333333333333,0.4,0.9,0.6,0.1,4,0.666666666666667
"1541",0.8,0.392544787537483,0.666666666666667,0.800569800569801,0.615384615384615,0.888888888888889,0.384615384615385,0.111111111111111,5.53846153846154,0.432692307692308
"1542",0.825,0.327081003410051,0.695652173913043,0.90282131661442,0.727272727272727,0.862068965517241,0.272727272727273,0.137931034482759,5.27272727272727,0.316363636363636
"1543",0.8,0.372193820035331,0.428571428571429,0.802734375,0.375,0.90625,0.625,0.09375,4,0.689655172413793
"1544",0.725,0.433540471084041,0.521739130434783,0.725705329153605,0.545454545454545,0.793103448275862,0.454545454545455,0.206896551724138,2.63636363636364,0.573122529644269
"1545",0.75,0.430155632455653,0.583333333333333,0.89453125,0.4375,0.958333333333333,0.5625,0.0416666666666666,10.5,0.58695652173913
"1546",0.85,0.354014749054467,0.666666666666667,0.843260188087774,0.545454545454545,0.96551724137931,0.454545454545455,0.0344827586206896,15.8181818181818,0.470779220779221
"1547",0.8,0.350067592173165,0.555555555555556,0.803333333333333,0.5,0.9,0.5,0.1,5,0.555555555555556
"1548",0.85,0.356718690493026,0.769230769230769,0.832417582417582,0.714285714285714,0.923076923076923,0.285714285714286,0.0769230769230769,9.28571428571429,0.309523809523809
"1549",0.775,0.430149725271107,0.470588235294118,0.851190476190476,0.333333333333333,0.964285714285714,0.666666666666667,0.0357142857142857,9.33333333333334,0.691358024691358
"1550",0.825,0.36268573165084,0.631578947368421,0.857366771159875,0.545454545454545,0.931034482758621,0.454545454545455,0.0689655172413793,7.90909090909091,0.488215488215488
"1551",0.725,0.43847982981262,0.476190476190476,0.736328125,0.625,0.75,0.375,0.25,2.5,0.5
"1552",0.775,0.352262607570917,0.526315789473684,0.826164874551971,0.555555555555556,0.838709677419355,0.444444444444444,0.161290322580645,3.44444444444445,0.52991452991453
"1553",0.7,0.441715437565413,0.538461538461538,0.810666666666667,0.466666666666667,0.84,0.533333333333333,0.16,2.91666666666667,0.634920634920635
"1554",0.75,0.406362581519577,0.545454545454545,0.813988095238095,0.5,0.857142857142857,0.5,0.142857142857143,3.5,0.583333333333333
"1555",0.85,0.337343635834422,0.571428571428571,0.79004329004329,0.571428571428571,0.909090909090909,0.428571428571429,0.0909090909090909,6.28571428571428,0.471428571428571
"1556",0.875,0.287318143768098,0.761904761904762,0.883333333333333,0.8,0.9,0.2,0.1,8,0.222222222222222
"1557",0.825,0.384055425476925,0.695652173913043,0.836538461538462,0.571428571428571,0.961538461538462,0.428571428571429,0.0384615384615384,14.8571428571429,0.445714285714286
"1558",0.825,0.384563918502421,0.695652173913043,0.892857142857143,0.571428571428571,0.961538461538462,0.428571428571429,0.0384615384615384,14.8571428571429,0.445714285714286
"1559",0.75,0.410477921605411,0.642857142857143,0.853333333333333,0.6,0.84,0.4,0.16,3.75,0.476190476190476
"1560",0.85,0.318282917454325,0.625,0.813852813852814,0.714285714285714,0.878787878787879,0.285714285714286,0.121212121212121,5.89285714285714,0.32512315270936
"1561",0.9,0.279099252369591,0.75,0.96875,0.75,0.9375,0.25,0.0625,12,0.266666666666667
"1562",0.875,0.344747118296888,0.782608695652174,0.916208791208791,0.642857142857143,1,0.357142857142857,0,Inf,0.357142857142857
"1563",0.775,0.374561101523181,0.526315789473684,0.815,0.5,0.866666666666667,0.5,0.133333333333333,3.75,0.576923076923077
"1564",0.75,0.365046047382032,0.5,0.803333333333333,0.5,0.833333333333333,0.5,0.166666666666667,3,0.6
"1565",0.825,0.35940728104402,0.72,0.884012539184953,0.818181818181818,0.827586206896552,0.181818181818182,0.172413793103448,4.74545454545455,0.21969696969697
"1566",0.825,0.315861519337491,0.695652173913043,0.911666666666667,0.8,0.833333333333333,0.2,0.166666666666667,4.8,0.24
"1567",0.725,0.412032324260927,0.421052631578947,0.82,0.4,0.833333333333333,0.6,0.166666666666667,2.4,0.72
"1568",0.75,0.360875321960862,0.642857142857143,0.881766381766382,0.692307692307692,0.777777777777778,0.307692307692308,0.222222222222222,3.11538461538462,0.395604395604396
"1569",0.8,0.371419832646444,0.6,0.785,0.6,0.866666666666667,0.4,0.133333333333333,4.5,0.461538461538462
"1570",0.85,0.368558960700122,0.727272727272727,0.82051282051282,0.615384615384615,0.962962962962963,0.384615384615385,0.0370370370370371,16.6153846153846,0.399408284023669
"1571",0.75,0.453494197748656,0.375,0.822884012539185,0.272727272727273,0.931034482758621,0.727272727272727,0.0689655172413793,3.95454545454545,0.781144781144781
"1572",0.825,0.369614292289933,0.72,0.889880952380952,0.75,0.857142857142857,0.25,0.142857142857143,5.25,0.291666666666667
"1573",0.825,0.3606868521155,0.695652173913043,0.811965811965812,0.615384615384615,0.925925925925926,0.384615384615385,0.0740740740740741,8.30769230769231,0.415384615384615
"1574",0.75,0.377510150790802,0.545454545454545,0.769592476489028,0.545454545454545,0.827586206896552,0.454545454545455,0.172413793103448,3.16363636363636,0.549242424242424
"1575",0.775,0.37321326136739,0.689655172413793,0.885989010989011,0.714285714285714,0.807692307692308,0.285714285714286,0.192307692307692,3.71428571428571,0.353741496598639
"1576",0.85,0.372567510904729,0.727272727272727,0.805059523809524,0.666666666666667,0.928571428571429,0.333333333333333,0.0714285714285714,9.33333333333334,0.358974358974359
"1577",0.775,0.399306636732397,0.608695652173913,0.831043956043956,0.5,0.923076923076923,0.5,0.0769230769230769,6.5,0.541666666666667
"1578",0.875,0.343581440790926,0.761904761904762,0.855799373040752,0.727272727272727,0.931034482758621,0.272727272727273,0.0689655172413793,10.5454545454545,0.292929292929293
"1579",0.925,0.281290936500781,0.842105263157895,0.988333333333333,0.8,0.966666666666667,0.2,0.0333333333333333,24,0.206896551724138
"1580",0.725,0.41622013561815,0.521739130434783,0.78422619047619,0.5,0.821428571428571,0.5,0.178571428571429,2.8,0.608695652173913
"1581",0.775,0.408945636445468,0.64,0.846153846153846,0.615384615384615,0.851851851851852,0.384615384615385,0.148148148148148,4.15384615384615,0.451505016722408
"1582",0.875,0.307286328141717,0.705882352941177,0.9453125,0.75,0.90625,0.25,0.09375,8,0.275862068965517
"1583",0.85,0.343944859249641,0.727272727272727,0.924764890282132,0.727272727272727,0.896551724137931,0.272727272727273,0.103448275862069,7.03030303030303,0.304195804195804
"1584",0.8,0.345837552373994,0.555555555555556,0.82421875,0.625,0.84375,0.375,0.15625,4,0.444444444444444
"1585",0.925,0.267623269552159,0.857142857142857,0.958333333333333,0.9,0.933333333333333,0.1,0.0666666666666667,13.5,0.107142857142857
"1586",0.775,0.43242191482947,0.709677419354839,0.830808080808081,0.611111111111111,0.909090909090909,0.388888888888889,0.0909090909090909,6.72222222222222,0.427777777777778
"1587",0.75,0.364607326606209,0.666666666666667,0.872023809523809,0.833333333333333,0.714285714285714,0.166666666666667,0.285714285714286,2.91666666666667,0.233333333333333
"1588",0.8,0.419815594570481,0.666666666666667,0.84045584045584,0.615384615384615,0.888888888888889,0.384615384615385,0.111111111111111,5.53846153846154,0.432692307692308
"1589",0.8,0.370513877645816,0.666666666666667,0.884615384615385,0.615384615384615,0.888888888888889,0.384615384615385,0.111111111111111,5.53846153846154,0.432692307692308
"1590",0.875,0.333925565156495,0.8,0.924764890282132,0.909090909090909,0.862068965517241,0.0909090909090909,0.137931034482759,6.59090909090909,0.105454545454545
"1591",0.85,0.350266787248338,0.769230769230769,0.938186813186813,0.714285714285714,0.923076923076923,0.285714285714286,0.0769230769230769,9.28571428571429,0.309523809523809
"1592",0.725,0.439655365936562,0.645161290322581,0.76,0.666666666666667,0.76,0.333333333333333,0.24,2.77777777777778,0.43859649122807
"1593",0.825,0.37336209190997,0.666666666666667,0.829153605015674,0.636363636363636,0.896551724137931,0.363636363636364,0.103448275862069,6.15151515151515,0.405594405594406
"1594",0.775,0.3987979147036,0.571428571428571,0.772401433691756,0.666666666666667,0.806451612903226,0.333333333333333,0.193548387096774,3.44444444444444,0.413333333333333
"1595",0.75,0.39736406600949,0.642857142857143,0.802666666666667,0.6,0.84,0.4,0.16,3.75,0.476190476190476
"1596",0.775,0.422833295440889,0.666666666666667,0.883241758241758,0.642857142857143,0.846153846153846,0.357142857142857,0.153846153846154,4.17857142857143,0.422077922077922
"1597",0.775,0.384541229768393,0.608695652173913,0.875,0.7,0.8,0.3,0.2,3.5,0.375
"1598",0.75,0.408386616923855,0.615384615384615,0.842666666666667,0.533333333333333,0.88,0.466666666666667,0.12,4.44444444444444,0.53030303030303
"1599",0.8,0.391110107616048,0.5,0.701171875,0.5,0.875,0.5,0.125,4,0.571428571428571
"1600",0.775,0.348354099964769,0.608695652173913,0.881666666666667,0.7,0.8,0.3,0.2,3.5,0.375
"1601",0.725,0.434321979765055,0.592592592592593,0.808,0.533333333333333,0.84,0.466666666666667,0.16,3.33333333333333,0.555555555555556
"1602",0.925,0.293626995973533,0.869565217391304,0.955357142857143,0.833333333333333,0.964285714285714,0.166666666666667,0.0357142857142857,23.3333333333333,0.172839506172839
"1603",0.8,0.377668565526811,0.555555555555556,0.77,0.5,0.9,0.5,0.1,5,0.555555555555556
"1604",0.825,0.396876453027271,0.666666666666667,0.858630952380952,0.583333333333333,0.928571428571429,0.416666666666667,0.0714285714285714,8.16666666666667,0.448717948717949
"1605",0.725,0.43962432450556,0.592592592592593,0.796666666666667,0.8,0.7,0.2,0.3,2.66666666666667,0.285714285714286
"1606",0.775,0.346670053517176,0.64,0.885579937304075,0.727272727272727,0.793103448275862,0.272727272727273,0.206896551724138,3.51515151515152,0.343873517786561
"1607",0.8,0.365210318891874,0.636363636363636,0.883928571428571,0.583333333333333,0.892857142857143,0.416666666666667,0.107142857142857,5.44444444444445,0.466666666666667
"1608",0.825,0.347585705656473,0.740740740740741,0.869905956112853,0.909090909090909,0.793103448275862,0.0909090909090909,0.206896551724138,4.39393939393939,0.114624505928854
"1609",0.8,0.395186809325902,0.692307692307692,0.818681318681319,0.642857142857143,0.884615384615385,0.357142857142857,0.115384615384615,5.57142857142857,0.403726708074534
"1610",0.775,0.398075436873887,0.470588235294118,0.755485893416928,0.363636363636364,0.931034482758621,0.636363636363636,0.0689655172413793,5.27272727272727,0.683501683501683
"1611",0.9,0.28373359345898,0.8,0.978494623655914,0.888888888888889,0.903225806451613,0.111111111111111,0.0967741935483871,9.18518518518518,0.123015873015873
"1612",0.8,0.351670826457991,0.428571428571429,0.779296875,0.375,0.90625,0.625,0.09375,4,0.689655172413793
"1613",0.825,0.339146439879807,0.695652173913043,0.916666666666667,0.8,0.833333333333333,0.2,0.166666666666667,4.8,0.24
"1614",0.825,0.354285012227822,0.695652173913043,0.849702380952381,0.666666666666667,0.892857142857143,0.333333333333333,0.107142857142857,6.22222222222222,0.373333333333333
"1615",0.85,0.371325994611602,0.7,0.808035714285714,0.583333333333333,0.964285714285714,0.416666666666667,0.0357142857142857,16.3333333333333,0.432098765432099
"1616",0.75,0.431893652618933,0.545454545454545,0.826210826210826,0.461538461538462,0.888888888888889,0.538461538461538,0.111111111111111,4.15384615384615,0.605769230769231
"1617",0.65,0.459277898036632,0.5,0.754120879120879,0.5,0.730769230769231,0.5,0.269230769230769,1.85714285714286,0.684210526315789
"1618",0.825,0.358685216128671,0.72,0.910714285714286,0.75,0.857142857142857,0.25,0.142857142857143,5.25,0.291666666666667
"1619",0.85,0.373477661599886,0.75,0.837912087912088,0.642857142857143,0.961538461538462,0.357142857142857,0.0384615384615384,16.7142857142857,0.371428571428571
"1620",0.85,0.349687230044461,0.727272727272727,0.849702380952381,0.666666666666667,0.928571428571429,0.333333333333333,0.0714285714285714,9.33333333333334,0.358974358974359
"1621",0.8,0.377117478875466,0.666666666666667,0.799373040752351,0.727272727272727,0.827586206896552,0.272727272727273,0.172413793103448,4.21818181818182,0.329545454545455
"1622",0.825,0.408795536223151,0.695652173913043,0.791666666666667,0.666666666666667,0.892857142857143,0.333333333333333,0.107142857142857,6.22222222222222,0.373333333333333
"1623",0.725,0.466866621136328,0.521739130434783,0.832,0.4,0.92,0.6,0.08,5,0.652173913043478
"1624",0.775,0.404879639992625,0.571428571428571,0.794642857142857,0.5,0.892857142857143,0.5,0.107142857142857,4.66666666666667,0.56
"1625",0.85,0.353942135874881,0.666666666666667,0.887254901960784,1,0.823529411764706,0,0.176470588235294,5.66666666666667,0
"1626",0.825,0.388478277110329,0.695652173913043,0.824786324786325,0.615384615384615,0.925925925925926,0.384615384615385,0.0740740740740741,8.30769230769231,0.415384615384615
"1627",0.85,0.293892174811233,0.625,0.813852813852814,0.714285714285714,0.878787878787879,0.285714285714286,0.121212121212121,5.89285714285714,0.32512315270936
"1628",0.725,0.411719458985917,0.352941176470588,0.722222222222222,0.333333333333333,0.838709677419355,0.666666666666667,0.161290322580645,2.06666666666667,0.794871794871795
"1629",0.875,0.306841996678075,0.736842105263158,0.906666666666667,0.7,0.933333333333333,0.3,0.0666666666666667,10.5,0.321428571428571
"1630",0.775,0.362146456326649,0.4,0.730392156862745,0.5,0.823529411764706,0.5,0.176470588235294,2.83333333333333,0.607142857142857
"1631",0.875,0.348131582974998,0.761904761904762,0.884012539184953,0.727272727272727,0.931034482758621,0.272727272727273,0.0689655172413793,10.5454545454545,0.292929292929293
"1632",0.775,0.37964410696338,0.571428571428571,0.866771159874608,0.545454545454545,0.862068965517241,0.454545454545455,0.137931034482759,3.95454545454545,0.527272727272727
"1633",0.85,0.348907903459565,0.666666666666667,0.885579937304075,0.545454545454545,0.96551724137931,0.454545454545455,0.0344827586206896,15.8181818181818,0.470779220779221
"1634",0.875,0.336174888212399,0.782608695652174,0.931034482758621,0.818181818181818,0.896551724137931,0.181818181818182,0.103448275862069,7.90909090909091,0.202797202797203
"1635",0.825,0.341811421314559,0.588235294117647,0.876344086021505,0.555555555555556,0.903225806451613,0.444444444444444,0.0967741935483871,5.74074074074074,0.492063492063492
"1636",0.875,0.309889888148605,0.782608695652174,0.90922619047619,0.75,0.928571428571429,0.25,0.0714285714285714,10.5,0.269230769230769
"1637",0.75,0.411727692794438,0.615384615384615,0.891483516483517,0.571428571428571,0.846153846153846,0.428571428571429,0.153846153846154,3.71428571428571,0.506493506493507
"1638",0.825,0.370199467392913,0.666666666666667,0.783699059561129,0.636363636363636,0.896551724137931,0.363636363636364,0.103448275862069,6.15151515151515,0.405594405594406
"1639",0.775,0.362139369171475,0.709677419354839,0.829059829059829,0.846153846153846,0.740740740740741,0.153846153846154,0.259259259259259,3.26373626373626,0.207692307692308
"1640",0.8,0.402374460249222,0.636363636363636,0.82967032967033,0.5,0.961538461538462,0.5,0.0384615384615384,13,0.52
"1641",0.8,0.363550235254897,0.5,0.870967741935484,0.444444444444444,0.903225806451613,0.555555555555556,0.0967741935483871,4.59259259259259,0.615079365079365
"1642",0.85,0.38894107453401,0.75,0.84478021978022,0.642857142857143,0.961538461538462,0.357142857142857,0.0384615384615384,16.7142857142857,0.371428571428571
"1643",0.775,0.390430211194895,0.571428571428571,0.835,0.6,0.833333333333333,0.4,0.166666666666667,3.6,0.48
"1644",0.775,0.346519745406555,0.470588235294118,0.8515625,0.5,0.84375,0.5,0.15625,3.2,0.592592592592593
"1645",0.775,0.443690966506743,0.666666666666667,0.774666666666667,0.6,0.88,0.4,0.12,5,0.454545454545455
"1646",0.85,0.319708911722943,0.769230769230769,0.926666666666667,1,0.8,0,0.2,5,0
"1647",0.775,0.391157799359071,0.4,0.783154121863799,0.333333333333333,0.903225806451613,0.666666666666667,0.0967741935483871,3.44444444444444,0.738095238095238
"1648",0.95,0.264845229277336,0.888888888888889,0.996666666666667,0.8,1,0.2,0,Inf,0.2
"1649",0.775,0.392409168541497,0.571428571428571,0.76171875,0.75,0.78125,0.25,0.21875,3.42857142857143,0.32
"1650",0.8,0.372598989531628,0.555555555555556,0.817204301075269,0.555555555555556,0.870967741935484,0.444444444444444,0.129032258064516,4.30555555555556,0.510288065843621
"1651",0.825,0.335666391410577,0.695652173913043,0.884615384615385,0.615384615384615,0.925925925925926,0.384615384615385,0.0740740740740741,8.30769230769231,0.415384615384615
"1652",0.775,0.358883230866523,0.709677419354839,0.862637362637363,0.785714285714286,0.769230769230769,0.214285714285714,0.230769230769231,3.40476190476191,0.278571428571429
"1653",0.9,0.305260277614985,0.75,0.922939068100358,0.666666666666667,0.967741935483871,0.333333333333333,0.032258064516129,20.6666666666667,0.344444444444444
"1654",0.8,0.343425859118194,0.636363636363636,0.885,0.7,0.833333333333333,0.3,0.166666666666667,4.2,0.36
"1655",0.85,0.355974063633161,0.727272727272727,0.898809523809524,0.666666666666667,0.928571428571429,0.333333333333333,0.0714285714285714,9.33333333333334,0.358974358974359
"1656",0.8,0.38050302912072,0.555555555555556,0.748333333333333,0.5,0.9,0.5,0.1,5,0.555555555555556
"1657",0.725,0.446924511235513,0.56,0.865885416666667,0.4375,0.916666666666667,0.5625,0.0833333333333334,5.25,0.613636363636364
"1658",0.775,0.389013586992157,0.526315789473684,0.777429467084639,0.454545454545455,0.896551724137931,0.545454545454545,0.103448275862069,4.39393939393939,0.608391608391608
"1659",0.825,0.363560373052002,0.631578947368421,0.880877742946709,0.545454545454545,0.931034482758621,0.454545454545455,0.0689655172413793,7.90909090909091,0.488215488215488
"1660",0.725,0.416136535933083,0.352941176470588,0.766666666666667,0.3,0.866666666666667,0.7,0.133333333333333,2.25,0.807692307692308
"1661",0.8,0.325604872117807,0.6,0.878136200716846,0.666666666666667,0.838709677419355,0.333333333333333,0.161290322580645,4.13333333333333,0.397435897435897
"1662",0.775,0.380294393276286,0.608695652173913,0.848214285714286,0.583333333333333,0.857142857142857,0.416666666666667,0.142857142857143,4.08333333333333,0.486111111111111
"1663",0.825,0.370610272870516,0.695652173913043,0.892857142857143,0.571428571428571,0.961538461538462,0.428571428571429,0.0384615384615384,14.8571428571429,0.445714285714286
"1664",0.775,0.349498795127488,0.470588235294118,0.7421875,0.5,0.84375,0.5,0.15625,3.2,0.592592592592593
"1665",0.825,0.306439403886601,0.666666666666667,0.939068100358423,0.777777777777778,0.838709677419355,0.222222222222222,0.161290322580645,4.82222222222222,0.264957264957265
"1666",0.8,0.354121612879689,0.5,0.78515625,0.5,0.875,0.5,0.125,4,0.571428571428571
"1667",0.725,0.425531908515657,0.56,0.74702380952381,0.583333333333333,0.785714285714286,0.416666666666667,0.214285714285714,2.72222222222222,0.53030303030303
"1668",0.875,0.363701419390559,0.814814814814815,0.896,0.733333333333333,0.96,0.266666666666667,0.04,18.3333333333333,0.277777777777778
"1669",0.925,0.305598345250489,0.869565217391304,0.916666666666667,0.833333333333333,0.964285714285714,0.166666666666667,0.0357142857142857,23.3333333333333,0.172839506172839
"1670",0.8,0.341846600794043,0.555555555555556,0.800865800865801,0.714285714285714,0.818181818181818,0.285714285714286,0.181818181818182,3.92857142857143,0.349206349206349
"1671",0.75,0.362585736479657,0.545454545454545,0.82601880877743,0.545454545454545,0.827586206896552,0.454545454545455,0.172413793103448,3.16363636363636,0.549242424242424
"1672",0.9,0.279072636932024,0.75,0.965686274509804,1,0.882352941176471,0,0.117647058823529,8.5,0
"1673",0.775,0.3751002973378,0.571428571428571,0.75,0.6,0.833333333333333,0.4,0.166666666666667,3.6,0.48
"1674",0.825,0.384734230718786,0.533333333333333,0.849529780564263,0.363636363636364,1,0.636363636363636,0,Inf,0.636363636363636
"1675",0.725,0.415144877502065,0.56,0.803418803418803,0.538461538461538,0.814814814814815,0.461538461538462,0.185185185185185,2.90769230769231,0.566433566433566
"1676",0.8,0.364319140758067,0.692307692307692,0.900297619047619,0.75,0.821428571428571,0.25,0.178571428571429,4.2,0.304347826086957
"1677",0.825,0.33101468183928,0.588235294117647,0.9140625,0.625,0.875,0.375,0.125,5,0.428571428571429
"1678",0.85,0.31185568708808,0.666666666666667,0.885,0.6,0.933333333333333,0.4,0.0666666666666667,9,0.428571428571429
"1679",0.775,0.421446810991376,0.608695652173913,0.799107142857143,0.583333333333333,0.857142857142857,0.416666666666667,0.142857142857143,4.08333333333333,0.486111111111111
"1680",0.825,0.372419364204517,0.631578947368421,0.882445141065831,0.545454545454545,0.931034482758621,0.454545454545455,0.0689655172413793,7.90909090909091,0.488215488215488
"1681",0.8,0.352730413872714,0.666666666666667,0.825892857142857,0.666666666666667,0.857142857142857,0.333333333333333,0.142857142857143,4.66666666666667,0.388888888888889
"1682",0.675,0.475394902811731,0.518518518518518,0.733333333333333,0.466666666666667,0.8,0.533333333333333,0.2,2.33333333333333,0.666666666666667
"1683",0.8,0.39474194388239,0.692307692307692,0.82967032967033,0.642857142857143,0.884615384615385,0.357142857142857,0.115384615384615,5.57142857142857,0.403726708074534
"1684",0.85,0.366434339220258,0.727272727272727,0.87797619047619,0.666666666666667,0.928571428571429,0.333333333333333,0.0714285714285714,9.33333333333334,0.358974358974359
"1685",0.725,0.457614784964778,0.592592592592593,0.794666666666667,0.533333333333333,0.84,0.466666666666667,0.16,3.33333333333333,0.555555555555556
"1686",0.75,0.450986808364804,0.615384615384615,0.74609375,0.5,0.916666666666667,0.5,0.0833333333333334,6,0.545454545454546
"1687",0.775,0.354149954654038,0.608695652173913,0.799373040752351,0.636363636363636,0.827586206896552,0.363636363636364,0.172413793103448,3.69090909090909,0.439393939393939
"1688",0.75,0.386316592229749,0.444444444444444,0.811827956989247,0.444444444444444,0.838709677419355,0.555555555555556,0.161290322580645,2.75555555555556,0.662393162393162
"1689",0.825,0.377308043663207,0.72,0.873626373626374,0.642857142857143,0.923076923076923,0.357142857142857,0.0769230769230769,8.35714285714286,0.386904761904762
"1690",0.8,0.366245473647471,0.555555555555556,0.861471861471861,0.714285714285714,0.818181818181818,0.285714285714286,0.181818181818182,3.92857142857143,0.349206349206349
"1691",0.85,0.391374825637735,0.8,0.881510416666667,0.75,0.916666666666667,0.25,0.0833333333333334,9,0.272727272727273
"1692",0.825,0.35329090693675,0.588235294117647,0.844086021505376,0.555555555555556,0.903225806451613,0.444444444444444,0.0967741935483871,5.74074074074074,0.492063492063492
"1693",0.75,0.38302822097007,0.5,0.82,0.5,0.833333333333333,0.5,0.166666666666667,3,0.6
"1694",0.75,0.466786166032416,0.444444444444444,0.763392857142857,0.333333333333333,0.928571428571429,0.666666666666667,0.0714285714285714,4.66666666666667,0.717948717948718
"1695",0.875,0.348049689468553,0.705882352941177,0.854838709677419,0.666666666666667,0.935483870967742,0.333333333333333,0.0645161290322581,10.3333333333333,0.35632183908046
"1696",0.85,0.355545068054554,0.75,0.87037037037037,0.692307692307692,0.925925925925926,0.307692307692308,0.0740740740740741,9.34615384615385,0.332307692307692
"1697",0.8,0.386053389895818,0.6,0.841692789968652,0.545454545454545,0.896551724137931,0.454545454545455,0.103448275862069,5.27272727272727,0.506993006993007
"1698",0.9,0.309375499302571,0.75,0.887445887445887,0.857142857142857,0.909090909090909,0.142857142857143,0.0909090909090909,9.42857142857143,0.157142857142857
"1699",0.85,0.316262573083652,0.7,0.921146953405018,0.777777777777778,0.870967741935484,0.222222222222222,0.129032258064516,6.02777777777778,0.255144032921811
"1700",0.75,0.394992496692858,0.444444444444444,0.796238244514107,0.363636363636364,0.896551724137931,0.636363636363636,0.103448275862069,3.51515151515152,0.70979020979021
"1701",0.775,0.354887388579542,0.742857142857143,0.8984375,0.8125,0.75,0.1875,0.25,3.25,0.25
"1702",0.825,0.365721774435211,0.666666666666667,0.780564263322884,0.636363636363636,0.896551724137931,0.363636363636364,0.103448275862069,6.15151515151515,0.405594405594406
"1703",0.9,0.297282411377204,0.75,0.878787878787879,0.857142857142857,0.909090909090909,0.142857142857143,0.0909090909090909,9.42857142857143,0.157142857142857
"1704",0.8,0.390948866278051,0.5,0.743727598566308,0.444444444444444,0.903225806451613,0.555555555555556,0.0967741935483871,4.59259259259259,0.615079365079365
"1705",0.8,0.336782281668824,0.6,0.915770609318996,0.666666666666667,0.838709677419355,0.333333333333333,0.161290322580645,4.13333333333333,0.397435897435897
"1706",0.775,0.352794313610595,0.571428571428571,0.888888888888889,0.666666666666667,0.806451612903226,0.333333333333333,0.193548387096774,3.44444444444444,0.413333333333333
"1707",0.75,0.391734495624525,0.615384615384615,0.862068965517241,0.727272727272727,0.758620689655172,0.272727272727273,0.241379310344828,3.01298701298701,0.359504132231405
"1708",0.75,0.405052132621178,0.615384615384615,0.811813186813187,0.571428571428571,0.846153846153846,0.428571428571429,0.153846153846154,3.71428571428571,0.506493506493507
"1709",0.825,0.371541824883093,0.695652173913043,0.877742946708464,0.727272727272727,0.862068965517241,0.272727272727273,0.137931034482759,5.27272727272727,0.316363636363636
"1710",0.825,0.311254350231485,0.588235294117647,0.833333333333333,0.714285714285714,0.848484848484849,0.285714285714286,0.151515151515151,4.71428571428572,0.336734693877551
"1711",0.825,0.317896598094008,0.588235294117647,0.88961038961039,0.714285714285714,0.848484848484849,0.285714285714286,0.151515151515151,4.71428571428572,0.336734693877551
"1712",0.825,0.386342441691629,0.72,0.896978021978022,0.642857142857143,0.923076923076923,0.357142857142857,0.0769230769230769,8.35714285714286,0.386904761904762
"1713",0.775,0.374776973525947,0.608695652173913,0.801075268817204,0.777777777777778,0.774193548387097,0.222222222222222,0.225806451612903,3.44444444444444,0.287037037037037
"1714",0.825,0.330146252500841,0.631578947368421,0.885,0.6,0.9,0.4,0.1,6,0.444444444444444
"1715",0.75,0.374045967589492,0.5,0.761666666666667,0.5,0.833333333333333,0.5,0.166666666666667,3,0.6
"1716",0.8,0.37682800646306,0.692307692307692,0.856125356125356,0.692307692307692,0.851851851851852,0.307692307692308,0.148148148148148,4.67307692307692,0.361204013377926
"1717",0.85,0.32580957012544,0.727272727272727,0.898809523809524,0.666666666666667,0.928571428571429,0.333333333333333,0.0714285714285714,9.33333333333334,0.358974358974359
"1718",0.825,0.325391374079298,0.695652173913043,0.943573667711599,0.727272727272727,0.862068965517241,0.272727272727273,0.137931034482759,5.27272727272727,0.316363636363636
"1719",0.8,0.367482485462987,0.6,0.853333333333333,0.6,0.866666666666667,0.4,0.133333333333333,4.5,0.461538461538462
"1720",0.85,0.352552565830228,0.625,0.790322580645161,0.555555555555556,0.935483870967742,0.444444444444444,0.0645161290322581,8.6111111111111,0.475095785440613
"1721",0.775,0.367970734075291,0.526315789473684,0.788530465949821,0.555555555555556,0.838709677419355,0.444444444444444,0.161290322580645,3.44444444444445,0.52991452991453
"1722",0.8,0.403161344234063,0.714285714285714,0.89453125,0.625,0.916666666666667,0.375,0.0833333333333334,7.5,0.409090909090909
"1723",0.775,0.393834793828307,0.608695652173913,0.77827380952381,0.583333333333333,0.857142857142857,0.416666666666667,0.142857142857143,4.08333333333333,0.486111111111111
"1724",0.675,0.532269212807876,0.434782608695652,0.68543956043956,0.357142857142857,0.846153846153846,0.642857142857143,0.153846153846154,2.32142857142857,0.75974025974026
"1725",0.8,0.356395855285864,0.555555555555556,0.838709677419355,0.555555555555556,0.870967741935484,0.444444444444444,0.129032258064516,4.30555555555556,0.510288065843621
"1726",0.8,0.372716062130657,0.636363636363636,0.823361823361823,0.538461538461538,0.925925925925926,0.461538461538462,0.0740740740740741,7.26923076923077,0.498461538461539
"1727",0.775,0.332753482223005,0.666666666666667,0.911680911680912,0.692307692307692,0.814814814814815,0.307692307692308,0.185185185185185,3.73846153846154,0.377622377622378
"1728",0.85,0.302750044054586,0.625,0.948529411764706,0.833333333333333,0.852941176470588,0.166666666666667,0.147058823529412,5.66666666666667,0.195402298850575
"1729",0.825,0.347643275062222,0.666666666666667,0.87,0.7,0.866666666666667,0.3,0.133333333333333,5.25,0.346153846153846
"1730",0.875,0.33333022676967,0.761904761904762,0.884012539184953,0.727272727272727,0.931034482758621,0.272727272727273,0.0689655172413793,10.5454545454545,0.292929292929293
"1731",0.8,0.369878189406692,0.636363636363636,0.774294670846395,0.636363636363636,0.862068965517241,0.363636363636364,0.137931034482759,4.61363636363636,0.421818181818182
"1732",0.85,0.315891032321286,0.727272727272727,0.928333333333333,0.8,0.866666666666667,0.2,0.133333333333333,6,0.230769230769231
"1733",0.75,0.355579937574902,0.615384615384615,0.81,0.8,0.733333333333333,0.2,0.266666666666667,3,0.272727272727273
"1734",0.825,0.366865631837292,0.631578947368421,0.858630952380952,0.5,0.964285714285714,0.5,0.0357142857142857,14,0.518518518518518
"1735",0.725,0.370671410313331,0.592592592592593,0.869175627240143,0.888888888888889,0.67741935483871,0.111111111111111,0.32258064516129,2.75555555555556,0.164021164021164
"1736",0.75,0.348180670114118,0.5,0.811666666666667,0.5,0.833333333333333,0.5,0.166666666666667,3,0.6
"1737",0.8,0.348352732587137,0.6,0.838709677419355,0.666666666666667,0.838709677419355,0.333333333333333,0.161290322580645,4.13333333333333,0.397435897435897
"1738",0.8,0.368210512521923,0.555555555555556,0.786833855799373,0.454545454545455,0.931034482758621,0.545454545454545,0.0689655172413793,6.59090909090909,0.585858585858586
"1739",0.75,0.398538906524636,0.285714285714286,0.713235294117647,0.333333333333333,0.823529411764706,0.666666666666667,0.176470588235294,1.88888888888889,0.80952380952381
"1740",0.775,0.356983339726583,0.64,0.851097178683386,0.727272727272727,0.793103448275862,0.272727272727273,0.206896551724138,3.51515151515152,0.343873517786561
"1741",0.775,0.373981117909749,0.608695652173913,0.851666666666667,0.7,0.8,0.3,0.2,3.5,0.375
"1742",0.75,0.414865202724149,0.615384615384615,0.816239316239316,0.615384615384615,0.814814814814815,0.384615384615385,0.185185185185185,3.32307692307692,0.472027972027972
"1743",0.875,0.348988170308476,0.666666666666667,0.835125448028674,0.555555555555556,0.967741935483871,0.444444444444444,0.032258064516129,17.2222222222222,0.459259259259259
"1744",0.8,0.410494912259814,0.636363636363636,0.817663817663818,0.538461538461538,0.925925925925926,0.461538461538462,0.0740740740740741,7.26923076923077,0.498461538461539
"1745",0.8,0.362267454756684,0.714285714285714,0.861607142857143,0.833333333333333,0.785714285714286,0.166666666666667,0.214285714285714,3.88888888888889,0.212121212121212
"1746",0.85,0.31748857283478,0.625,0.890681003584229,0.555555555555556,0.935483870967742,0.444444444444444,0.0645161290322581,8.6111111111111,0.475095785440613
"1747",0.775,0.33939232619996,0.608695652173913,0.823333333333333,0.7,0.8,0.3,0.2,3.5,0.375
"1748",0.875,0.297986017643209,0.666666666666667,0.83984375,0.625,0.9375,0.375,0.0625,10,0.4
"1749",0.775,0.381593229950119,0.526315789473684,0.745519713261649,0.555555555555556,0.838709677419355,0.444444444444444,0.161290322580645,3.44444444444445,0.52991452991453
"1750",0.75,0.429583641239747,0.642857142857143,0.80690537084399,0.529411764705882,0.91304347826087,0.470588235294118,0.0869565217391305,6.08823529411764,0.515406162464986
"1751",0.8,0.363394987503387,0.666666666666667,0.855654761904762,0.666666666666667,0.857142857142857,0.333333333333333,0.142857142857143,4.66666666666667,0.388888888888889
"1752",0.775,0.426546065876007,0.571428571428571,0.733542319749216,0.545454545454545,0.862068965517241,0.454545454545455,0.137931034482759,3.95454545454545,0.527272727272727
"1753",0.825,0.350191867834635,0.533333333333333,0.799283154121864,0.444444444444444,0.935483870967742,0.555555555555556,0.0645161290322581,6.88888888888888,0.593869731800766
"1754",0.75,0.464456471338878,0.583333333333333,0.741758241758242,0.5,0.884615384615385,0.5,0.115384615384615,4.33333333333333,0.565217391304348
"1755",0.9,0.275311151740644,0.666666666666667,0.850490196078431,0.666666666666667,0.941176470588235,0.333333333333333,0.0588235294117647,11.3333333333333,0.354166666666667
"1756",0.825,0.342863586552815,0.695652173913043,0.893162393162393,0.615384615384615,0.925925925925926,0.384615384615385,0.0740740740740741,8.30769230769231,0.415384615384615
"1757",0.85,0.325636084293969,0.75,0.87,0.9,0.833333333333333,0.1,0.166666666666667,5.4,0.12
"1758",0.85,0.304966140912796,0.727272727272727,0.940860215053763,0.888888888888889,0.838709677419355,0.111111111111111,0.161290322580645,5.51111111111111,0.132478632478633
"1759",0.825,0.378722371300083,0.588235294117647,0.833333333333333,0.5,0.933333333333333,0.5,0.0666666666666667,7.5,0.535714285714286
"1760",0.825,0.339395338378526,0.533333333333333,0.9004329004329,0.571428571428571,0.878787878787879,0.428571428571429,0.121212121212121,4.71428571428571,0.487684729064039
"1761",0.825,0.363953228853204,0.588235294117647,0.824372759856631,0.555555555555556,0.903225806451613,0.444444444444444,0.0967741935483871,5.74074074074074,0.492063492063492
"1762",0.85,0.373671278155544,0.785714285714286,0.914835164835165,0.785714285714286,0.884615384615385,0.214285714285714,0.115384615384615,6.80952380952381,0.242236024844721
"1763",0.9,0.325845102580491,0.714285714285714,0.844086021505376,0.555555555555556,1,0.444444444444444,0,Inf,0.444444444444444
"1764",0.8,0.372505018896806,0.636363636363636,0.858333333333333,0.7,0.833333333333333,0.3,0.166666666666667,4.2,0.36
"1765",0.75,0.411766294717981,0.642857142857143,0.796296296296296,0.692307692307692,0.777777777777778,0.307692307692308,0.222222222222222,3.11538461538462,0.395604395604396
"1766",0.8,0.358345806428803,0.6,0.829153605015674,0.545454545454545,0.896551724137931,0.454545454545455,0.103448275862069,5.27272727272727,0.506993006993007
"1767",0.825,0.356345988548565,0.72,0.821428571428571,0.75,0.857142857142857,0.25,0.142857142857143,5.25,0.291666666666667
"1768",0.9,0.300055451860794,0.8,0.919354838709677,0.888888888888889,0.903225806451613,0.111111111111111,0.0967741935483871,9.18518518518518,0.123015873015873
"1769",0.725,0.461616362179804,0.56,0.729333333333333,0.466666666666667,0.88,0.533333333333333,0.12,3.88888888888889,0.606060606060606
"1770",0.825,0.320447980633978,0.666666666666667,0.903225806451613,0.777777777777778,0.838709677419355,0.222222222222222,0.161290322580645,4.82222222222222,0.264957264957265
"1771",0.825,0.334845239993104,0.666666666666667,0.849462365591398,0.777777777777778,0.838709677419355,0.222222222222222,0.161290322580645,4.82222222222222,0.264957264957265
"1772",0.825,0.302273927437157,0.695652173913043,0.917562724014337,0.888888888888889,0.806451612903226,0.111111111111111,0.193548387096774,4.59259259259259,0.137777777777778
"1773",0.825,0.355059169677668,0.588235294117647,0.865,0.5,0.933333333333333,0.5,0.0666666666666667,7.5,0.535714285714286
"1774",0.9,0.33352312385344,0.8,0.916666666666667,0.8,0.933333333333333,0.2,0.0666666666666667,12,0.214285714285714
"1775",0.825,0.349555668572405,0.631578947368421,0.815412186379928,0.666666666666667,0.870967741935484,0.333333333333333,0.129032258064516,5.16666666666667,0.382716049382716
"1776",0.8,0.386150221892094,0.555555555555556,0.836990595611285,0.454545454545455,0.931034482758621,0.545454545454545,0.0689655172413793,6.59090909090909,0.585858585858586
"1777",0.775,0.419968434489501,0.571428571428571,0.758928571428571,0.5,0.892857142857143,0.5,0.107142857142857,4.66666666666667,0.56
"1778",0.85,0.315485498153025,0.769230769230769,0.943452380952381,0.833333333333333,0.857142857142857,0.166666666666667,0.142857142857143,5.83333333333333,0.194444444444444
"1779",0.8,0.367988736493285,0.666666666666667,0.827380952380952,0.666666666666667,0.857142857142857,0.333333333333333,0.142857142857143,4.66666666666667,0.388888888888889
"1780",0.875,0.364875343543156,0.761904761904762,0.879464285714286,0.666666666666667,0.964285714285714,0.333333333333333,0.0357142857142857,18.6666666666667,0.345679012345679
"1781",0.8,0.373099012358255,0.666666666666667,0.848333333333333,0.8,0.8,0.2,0.2,4,0.25
"1782",0.775,0.366870508858792,0.526315789473684,0.806451612903226,0.555555555555556,0.838709677419355,0.444444444444444,0.161290322580645,3.44444444444445,0.52991452991453
"1783",0.775,0.341918778935324,0.470588235294118,0.890625,0.5,0.84375,0.5,0.15625,3.2,0.592592592592593
"1784",0.8,0.362823556161623,0.666666666666667,0.841666666666667,0.8,0.8,0.2,0.2,4,0.25
"1785",0.775,0.37464221736592,0.526315789473684,0.863636363636364,0.454545454545455,0.896551724137931,0.545454545454545,0.103448275862069,4.39393939393939,0.608391608391608
"1786",0.8,0.39107368237429,0.636363636363636,0.861607142857143,0.583333333333333,0.892857142857143,0.416666666666667,0.107142857142857,5.44444444444445,0.466666666666667
"1787",0.85,0.362675872934729,0.75,0.888888888888889,0.692307692307692,0.925925925925926,0.307692307692308,0.0740740740740741,9.34615384615385,0.332307692307692
"1788",0.8,0.321444506125715,0.666666666666667,0.90327380952381,0.666666666666667,0.857142857142857,0.333333333333333,0.142857142857143,4.66666666666667,0.388888888888889
"1789",0.8,0.391023797753375,0.555555555555556,0.837797619047619,0.416666666666667,0.964285714285714,0.583333333333333,0.0357142857142857,11.6666666666667,0.604938271604938
"1790",0.75,0.39357182170881,0.5,0.858333333333333,0.5,0.833333333333333,0.5,0.166666666666667,3,0.6
"1791",0.7,0.439500123868736,0.4,0.725806451612903,0.444444444444444,0.774193548387097,0.555555555555556,0.225806451612903,1.96825396825397,0.717592592592593
"1792",0.775,0.423534392396301,0.571428571428571,0.697916666666667,0.5,0.892857142857143,0.5,0.107142857142857,4.66666666666667,0.56
"1793",0.775,0.364462982888953,0.571428571428571,0.80078125,0.75,0.78125,0.25,0.21875,3.42857142857143,0.32
"1794",0.85,0.354686672823826,0.7,0.894345238095238,0.583333333333333,0.964285714285714,0.416666666666667,0.0357142857142857,16.3333333333333,0.432098765432099
"1795",0.75,0.429667343143987,0.444444444444444,0.702380952380952,0.333333333333333,0.928571428571429,0.666666666666667,0.0714285714285714,4.66666666666667,0.717948717948718
"1796",0.725,0.371584309394754,0.352941176470588,0.765625,0.375,0.8125,0.625,0.1875,2,0.769230769230769
"1797",0.85,0.375472944039206,0.769230769230769,0.847527472527473,0.714285714285714,0.923076923076923,0.285714285714286,0.0769230769230769,9.28571428571429,0.309523809523809
"1798",0.825,0.356936160939142,0.631578947368421,0.82,0.6,0.9,0.4,0.1,6,0.444444444444444
"1799",0.825,0.380780590660972,0.695652173913043,0.794642857142857,0.666666666666667,0.892857142857143,0.333333333333333,0.107142857142857,6.22222222222222,0.373333333333333
"1800",0.825,0.330764207901741,0.588235294117647,0.810035842293907,0.555555555555556,0.903225806451613,0.444444444444444,0.0967741935483871,5.74074074074074,0.492063492063492
"1801",0.825,0.321736939990298,0.666666666666667,0.853046594982079,0.777777777777778,0.838709677419355,0.222222222222222,0.161290322580645,4.82222222222222,0.264957264957265
"1802",0.825,0.38033386266705,0.631578947368421,0.816614420062696,0.545454545454545,0.931034482758621,0.454545454545455,0.0689655172413793,7.90909090909091,0.488215488215488
"1803",0.8,0.370480522375878,0.5,0.924731182795699,0.444444444444444,0.903225806451613,0.555555555555556,0.0967741935483871,4.59259259259259,0.615079365079365
"1804",0.825,0.319923763699388,0.666666666666667,0.853333333333333,0.7,0.866666666666667,0.3,0.133333333333333,5.25,0.346153846153846
"1805",0.725,0.432842602789887,0.521739130434783,0.754985754985755,0.461538461538462,0.851851851851852,0.538461538461538,0.148148148148148,3.11538461538462,0.632107023411371
"1806",0.825,0.396735067551988,0.666666666666667,0.818452380952381,0.583333333333333,0.928571428571429,0.416666666666667,0.0714285714285714,8.16666666666667,0.448717948717949
"1807",0.85,0.368825458278251,0.75,0.902666666666667,0.6,1,0.4,0,Inf,0.4
"1808",0.75,0.434750750906208,0.666666666666667,0.808184143222506,0.588235294117647,0.869565217391304,0.411764705882353,0.130434782608696,4.50980392156863,0.473529411764706
"1809",0.775,0.374260286146094,0.709677419354839,0.865384615384615,0.785714285714286,0.769230769230769,0.214285714285714,0.230769230769231,3.40476190476191,0.278571428571429
"1810",0.775,0.425284228577502,0.666666666666667,0.802197802197802,0.642857142857143,0.846153846153846,0.357142857142857,0.153846153846154,4.17857142857143,0.422077922077922
"1811",0.75,0.359673002442976,0.583333333333333,0.822265625,0.875,0.71875,0.125,0.28125,3.11111111111111,0.173913043478261
"1812",0.775,0.376882325088321,0.64,0.829153605015674,0.727272727272727,0.793103448275862,0.272727272727273,0.206896551724138,3.51515151515152,0.343873517786561
"1813",0.775,0.420929090424354,0.526315789473684,0.73,0.5,0.866666666666667,0.5,0.133333333333333,3.75,0.576923076923077
"1814",0.775,0.368498255913053,0.526315789473684,0.761648745519713,0.555555555555556,0.838709677419355,0.444444444444444,0.161290322580645,3.44444444444445,0.52991452991453
"1815",0.825,0.390037436037217,0.666666666666667,0.816964285714286,0.583333333333333,0.928571428571429,0.416666666666667,0.0714285714285714,8.16666666666667,0.448717948717949
"1816",0.725,0.430846429708752,0.521739130434783,0.811965811965812,0.461538461538462,0.851851851851852,0.538461538461538,0.148148148148148,3.11538461538462,0.632107023411371
"1817",0.85,0.332750536368039,0.625,0.78494623655914,0.555555555555556,0.935483870967742,0.444444444444444,0.0645161290322581,8.6111111111111,0.475095785440613
"1818",0.875,0.306325591134408,0.782608695652174,0.962382445141066,0.818181818181818,0.896551724137931,0.181818181818182,0.103448275862069,7.90909090909091,0.202797202797203
"1819",0.8,0.349812791578184,0.666666666666667,0.915178571428571,0.666666666666667,0.857142857142857,0.333333333333333,0.142857142857143,4.66666666666667,0.388888888888889
"1820",0.75,0.434186745011304,0.444444444444444,0.705,0.4,0.866666666666667,0.6,0.133333333333333,3,0.692307692307692
"1821",0.8,0.330923398458883,0.6,0.90625,0.75,0.8125,0.25,0.1875,4,0.307692307692308
"1822",0.8,0.434632917560849,0.6,0.847527472527473,0.428571428571429,1,0.571428571428571,0,Inf,0.571428571428571
"1823",0.925,0.277355553512657,0.823529411764706,0.870967741935484,0.777777777777778,0.967741935483871,0.222222222222222,0.032258064516129,24.1111111111111,0.22962962962963
"1824",0.825,0.309723400858525,0.695652173913043,0.940860215053763,0.888888888888889,0.806451612903226,0.111111111111111,0.193548387096774,4.59259259259259,0.137777777777778
"1825",0.9,0.263925432732668,0.6,0.862857142857143,0.6,0.942857142857143,0.4,0.0571428571428572,10.5,0.424242424242424
"1826",0.825,0.343681955011062,0.631578947368421,0.810035842293907,0.666666666666667,0.870967741935484,0.333333333333333,0.129032258064516,5.16666666666667,0.382716049382716
"1827",0.775,0.372799929507793,0.526315789473684,0.815047021943574,0.454545454545455,0.896551724137931,0.545454545454545,0.103448275862069,4.39393939393939,0.608391608391608
"1828",0.825,0.349649070030795,0.695652173913043,0.87797619047619,0.666666666666667,0.892857142857143,0.333333333333333,0.107142857142857,6.22222222222222,0.373333333333333
"1829",0.7,0.437529459138612,0.454545454545455,0.736607142857143,0.416666666666667,0.821428571428571,0.583333333333333,0.178571428571429,2.33333333333333,0.710144927536232
"1830",0.9,0.358550622431298,0.833333333333333,0.905982905982906,0.769230769230769,0.962962962962963,0.230769230769231,0.0370370370370371,20.7692307692307,0.239644970414201
"1831",0.7,0.403461558405376,0.538461538461538,0.842261904761905,0.583333333333333,0.75,0.416666666666667,0.25,2.33333333333333,0.555555555555555
"1832",0.85,0.35614735846165,0.7,0.916666666666667,0.583333333333333,0.964285714285714,0.416666666666667,0.0357142857142857,16.3333333333333,0.432098765432099
"1833",0.7,0.42422289532563,0.538461538461538,0.80564263322884,0.636363636363636,0.724137931034483,0.363636363636364,0.275862068965517,2.30681818181818,0.502164502164502
"1834",0.8,0.375975075168619,0.692307692307692,0.853276353276353,0.692307692307692,0.851851851851852,0.307692307692308,0.148148148148148,4.67307692307692,0.361204013377926
"1835",0.825,0.319580210886585,0.666666666666667,0.906810035842294,0.777777777777778,0.838709677419355,0.222222222222222,0.161290322580645,4.82222222222222,0.264957264957265
"1836",0.775,0.395520657033943,0.571428571428571,0.852664576802508,0.545454545454545,0.862068965517241,0.454545454545455,0.137931034482759,3.95454545454545,0.527272727272727
"1837",0.825,0.416980835541018,0.631578947368421,0.79153605015674,0.545454545454545,0.931034482758621,0.454545454545455,0.0689655172413793,7.90909090909091,0.488215488215488
"1838",0.75,0.364009099700134,0.583333333333333,0.860119047619048,0.583333333333333,0.821428571428571,0.416666666666667,0.178571428571429,3.26666666666667,0.507246376811594
"1839",0.875,0.306442273047165,0.736842105263158,0.931899641577061,0.777777777777778,0.903225806451613,0.222222222222222,0.0967741935483871,8.03703703703703,0.246031746031746
"1840",0.825,0.381532600746349,0.588235294117647,0.767025089605735,0.555555555555556,0.903225806451613,0.444444444444444,0.0967741935483871,5.74074074074074,0.492063492063492
"1841",0.8,0.372782761773147,0.666666666666667,0.843304843304843,0.615384615384615,0.888888888888889,0.384615384615385,0.111111111111111,5.53846153846154,0.432692307692308
"1842",0.8,0.39210718989155,0.636363636363636,0.80952380952381,0.583333333333333,0.892857142857143,0.416666666666667,0.107142857142857,5.44444444444445,0.466666666666667
"1843",0.825,0.348951515342294,0.588235294117647,0.78515625,0.625,0.875,0.375,0.125,5,0.428571428571429
"1844",0.8,0.396328862504589,0.636363636363636,0.883241758241758,0.5,0.961538461538462,0.5,0.0384615384615384,13,0.52
"1845",0.875,0.322906403322606,0.761904761904762,0.878333333333333,0.8,0.9,0.2,0.1,8,0.222222222222222
"1846",0.85,0.277135881682254,0.7,0.978354978354978,1,0.818181818181818,0,0.181818181818182,5.5,0
"1847",0.75,0.399675716611639,0.583333333333333,0.803418803418803,0.538461538461538,0.851851851851852,0.461538461538462,0.148148148148148,3.63461538461538,0.54180602006689
"1848",0.75,0.439282106892586,0.615384615384615,0.787087912087912,0.571428571428571,0.846153846153846,0.428571428571429,0.153846153846154,3.71428571428571,0.506493506493507
"1849",0.7,0.342892280088978,0.454545454545455,0.916666666666667,0.833333333333333,0.676470588235294,0.166666666666667,0.323529411764706,2.57575757575758,0.246376811594203
"1850",0.825,0.373338315319326,0.666666666666667,0.877492877492878,0.538461538461538,0.962962962962963,0.461538461538462,0.0370370370370371,14.5384615384615,0.479289940828402
"1851",0.775,0.40016746850856,0.608695652173913,0.853021978021978,0.5,0.923076923076923,0.5,0.0769230769230769,6.5,0.541666666666667
"1852",0.825,0.303623838421607,0.695652173913043,0.907523510971787,0.727272727272727,0.862068965517241,0.272727272727273,0.137931034482759,5.27272727272727,0.316363636363636
"1853",0.825,0.344120136463428,0.695652173913043,0.90282131661442,0.727272727272727,0.862068965517241,0.272727272727273,0.137931034482759,5.27272727272727,0.316363636363636
"1854",0.75,0.433979934616656,0.666666666666667,0.821614583333333,0.625,0.833333333333333,0.375,0.166666666666667,3.75,0.45
"1855",0.8,0.389010335260525,0.666666666666667,0.888736263736264,0.571428571428571,0.923076923076923,0.428571428571429,0.0769230769230769,7.42857142857143,0.464285714285714
"1856",0.725,0.421908007905553,0.56,0.782131661442006,0.636363636363636,0.758620689655172,0.363636363636364,0.241379310344828,2.63636363636364,0.479338842975207
"1857",0.8,0.386182764015577,0.6,0.825,0.6,0.866666666666667,0.4,0.133333333333333,4.5,0.461538461538462
"1858",0.825,0.33967822678763,0.461538461538462,0.816176470588235,0.5,0.882352941176471,0.5,0.117647058823529,4.25,0.566666666666667
"1859",0.85,0.378101456270202,0.7,0.858934169278997,0.636363636363636,0.931034482758621,0.363636363636364,0.0689655172413793,9.22727272727272,0.390572390572391
"1860",0.825,0.365511675416662,0.740740740740741,0.809065934065934,0.714285714285714,0.884615384615385,0.285714285714286,0.115384615384615,6.19047619047619,0.322981366459627
"1861",0.7,0.39655674681996,0.5,0.822884012539185,0.545454545454545,0.758620689655172,0.454545454545455,0.241379310344828,2.25974025974026,0.599173553719008
"1862",0.9,0.288657914455408,0.777777777777778,0.884765625,0.875,0.90625,0.125,0.09375,9.33333333333333,0.137931034482759
"1863",0.85,0.341865274378545,0.75,0.900297619047619,0.75,0.892857142857143,0.25,0.107142857142857,7,0.28
"1864",0.85,0.353233834222963,0.625,0.822265625,0.625,0.90625,0.375,0.09375,6.66666666666667,0.413793103448276
"1865",0.7,0.427831169965356,0.4,0.785714285714286,0.333333333333333,0.857142857142857,0.666666666666667,0.142857142857143,2.33333333333333,0.777777777777778
"1866",0.925,0.274385070046179,0.842105263157895,0.971326164874552,0.888888888888889,0.935483870967742,0.111111111111111,0.0645161290322581,13.7777777777778,0.118773946360153
"1867",0.775,0.417861378657466,0.608695652173913,0.878917378917379,0.538461538461538,0.888888888888889,0.461538461538462,0.111111111111111,4.84615384615384,0.519230769230769
"1868",0.825,0.350884353765592,0.695652173913043,0.835,0.8,0.833333333333333,0.2,0.166666666666667,4.8,0.24
"1869",0.9,0.283110133913832,0.8,0.958781362007168,0.888888888888889,0.903225806451613,0.111111111111111,0.0967741935483871,9.18518518518518,0.123015873015873
"1870",0.825,0.36503239126599,0.631578947368421,0.776666666666667,0.6,0.9,0.4,0.1,6,0.444444444444444
"1871",0.85,0.375828102698905,0.75,0.879464285714286,0.75,0.892857142857143,0.25,0.107142857142857,7,0.28
"1872",0.85,0.374463670261804,0.75,0.880877742946709,0.818181818181818,0.862068965517241,0.181818181818182,0.137931034482759,5.93181818181818,0.210909090909091
"1873",0.8,0.393595998874266,0.636363636363636,0.813988095238095,0.583333333333333,0.892857142857143,0.416666666666667,0.107142857142857,5.44444444444445,0.466666666666667
"1874",0.75,0.426148797337065,0.642857142857143,0.826666666666667,0.6,0.84,0.4,0.16,3.75,0.476190476190476
"1875",0.775,0.369172313498655,0.666666666666667,0.874608150470219,0.818181818181818,0.758620689655172,0.181818181818182,0.241379310344828,3.38961038961039,0.239669421487603
"1876",0.85,0.301160740537539,0.7,0.939453125,0.875,0.84375,0.125,0.15625,5.6,0.148148148148148
"1877",0.85,0.34939268839283,0.666666666666667,0.906666666666667,0.6,0.933333333333333,0.4,0.0666666666666667,9,0.428571428571429
"1878",0.9,0.363397413144806,0.857142857142857,0.928,0.8,0.96,0.2,0.04,20,0.208333333333333
"1879",0.75,0.405219423369331,0.583333333333333,0.815,0.7,0.766666666666667,0.3,0.233333333333333,3,0.391304347826087
"1880",0.85,0.305565265255018,0.7,0.948051948051948,1,0.818181818181818,0,0.181818181818182,5.5,0
"1881",0.825,0.357760362135177,0.666666666666667,0.924764890282132,0.636363636363636,0.896551724137931,0.363636363636364,0.103448275862069,6.15151515151515,0.405594405594406
"1882",0.75,0.435556722427649,0.5,0.715,0.5,0.833333333333333,0.5,0.166666666666667,3,0.6
"1883",0.825,0.359282253582402,0.588235294117647,0.800865800865801,0.714285714285714,0.848484848484849,0.285714285714286,0.151515151515151,4.71428571428572,0.336734693877551
"1884",0.85,0.33321883415075,0.727272727272727,0.863333333333333,0.8,0.866666666666667,0.2,0.133333333333333,6,0.230769230769231
"1885",0.85,0.320894781219998,0.625,0.82421875,0.625,0.90625,0.375,0.09375,6.66666666666667,0.413793103448276
"1886",0.725,0.395483836001786,0.56,0.802083333333333,0.583333333333333,0.785714285714286,0.416666666666667,0.214285714285714,2.72222222222222,0.53030303030303
"1887",0.85,0.357742075218816,0.7,0.893416927899687,0.636363636363636,0.931034482758621,0.363636363636364,0.0689655172413793,9.22727272727272,0.390572390572391
"1888",0.775,0.355226576303661,0.526315789473684,0.740143369175627,0.555555555555556,0.838709677419355,0.444444444444444,0.161290322580645,3.44444444444445,0.52991452991453
"1889",0.85,0.376920869677613,0.769230769230769,0.925333333333333,0.666666666666667,0.96,0.333333333333333,0.04,16.6666666666667,0.347222222222222
"1890",0.8,0.34541396165813,0.6,0.843333333333333,0.6,0.866666666666667,0.4,0.133333333333333,4.5,0.461538461538462
"1891",0.825,0.403036050940924,0.72,0.821428571428571,0.642857142857143,0.923076923076923,0.357142857142857,0.0769230769230769,8.35714285714286,0.386904761904762
"1892",0.7,0.430972256159503,0.454545454545455,0.782967032967033,0.357142857142857,0.884615384615385,0.642857142857143,0.115384615384615,3.09523809523809,0.726708074534161
"1893",0.725,0.416504089466296,0.56,0.798076923076923,0.5,0.846153846153846,0.5,0.153846153846154,3.25,0.590909090909091
"1894",0.8,0.431191517236244,0.636363636363636,0.741071428571429,0.583333333333333,0.892857142857143,0.416666666666667,0.107142857142857,5.44444444444445,0.466666666666667
"1895",0.775,0.37888344624902,0.4,0.683823529411765,0.5,0.823529411764706,0.5,0.176470588235294,2.83333333333333,0.607142857142857
"1896",0.775,0.409636244684467,0.526315789473684,0.751666666666667,0.5,0.866666666666667,0.5,0.133333333333333,3.75,0.576923076923077
"1897",0.8,0.418246562368066,0.714285714285714,0.848,0.666666666666667,0.88,0.333333333333333,0.12,5.55555555555556,0.378787878787879
"1898",0.775,0.403008962377992,0.470588235294118,0.74025974025974,0.571428571428571,0.818181818181818,0.428571428571429,0.181818181818182,3.14285714285714,0.523809523809524
"1899",0.75,0.405586345693314,0.5,0.861823361823362,0.384615384615385,0.925925925925926,0.615384615384615,0.0740740740740741,5.19230769230769,0.664615384615385
"1900",0.75,0.420504792683544,0.5,0.78673835125448,0.555555555555556,0.806451612903226,0.444444444444444,0.193548387096774,2.87037037037037,0.551111111111111
"1901",0.8,0.378319026896667,0.6,0.822884012539185,0.545454545454545,0.896551724137931,0.454545454545455,0.103448275862069,5.27272727272727,0.506993006993007
"1902",0.825,0.284173609731377,0.666666666666667,0.935546875,0.875,0.8125,0.125,0.1875,4.66666666666667,0.153846153846154
"1903",0.8,0.358041314658942,0.692307692307692,0.909340659340659,0.642857142857143,0.884615384615385,0.357142857142857,0.115384615384615,5.57142857142857,0.403726708074534
"1904",0.825,0.368762743336605,0.588235294117647,0.793906810035842,0.555555555555556,0.903225806451613,0.444444444444444,0.0967741935483871,5.74074074074074,0.492063492063492
"1905",0.8,0.383266370001806,0.733333333333333,0.915601023017903,0.647058823529412,0.91304347826087,0.352941176470588,0.0869565217391305,7.44117647058823,0.38655462184874
"1906",0.7,0.447353130882743,0.571428571428571,0.813186813186813,0.571428571428571,0.769230769230769,0.428571428571429,0.230769230769231,2.47619047619048,0.557142857142857
"1907",0.75,0.412263713035972,0.583333333333333,0.846394984326019,0.636363636363636,0.793103448275862,0.363636363636364,0.206896551724138,3.07575757575758,0.458498023715415
"1908",0.825,0.353412461884766,0.695652173913043,0.858934169278997,0.727272727272727,0.862068965517241,0.272727272727273,0.137931034482759,5.27272727272727,0.316363636363636
"1909",0.775,0.426818247667652,0.608695652173913,0.828296703296703,0.5,0.923076923076923,0.5,0.0769230769230769,6.5,0.541666666666667
"1910",0.825,0.358379227937988,0.72,0.884615384615385,0.692307692307692,0.888888888888889,0.307692307692308,0.111111111111111,6.23076923076923,0.346153846153846
"1911",0.75,0.414301797359831,0.583333333333333,0.851648351648352,0.5,0.884615384615385,0.5,0.115384615384615,4.33333333333333,0.565217391304348
"1912",0.8,0.333507863122211,0.428571428571429,0.882857142857143,0.6,0.828571428571429,0.4,0.171428571428571,3.5,0.482758620689655
"1913",0.825,0.338406902963463,0.533333333333333,0.825980392156863,0.666666666666667,0.852941176470588,0.333333333333333,0.147058823529412,4.53333333333333,0.39080459770115
"1914",0.85,0.314783763129248,0.8125,0.944,0.866666666666667,0.84,0.133333333333333,0.16,5.41666666666667,0.158730158730159
"1915",0.8,0.40085653182464,0.6,0.83,0.6,0.866666666666667,0.4,0.133333333333333,4.5,0.461538461538462
"1916",0.8,0.365792298819074,0.428571428571429,0.744140625,0.375,0.90625,0.625,0.09375,4,0.689655172413793
"1917",0.8,0.343141612340755,0.636363636363636,0.924764890282132,0.636363636363636,0.862068965517241,0.363636363636364,0.137931034482759,4.61363636363636,0.421818181818182
"1918",0.8,0.353397715782571,0.6,0.855,0.6,0.866666666666667,0.4,0.133333333333333,4.5,0.461538461538462
"1919",0.8,0.372132242815021,0.666666666666667,0.851666666666667,0.8,0.8,0.2,0.2,4,0.25
"1920",0.8,0.39482483033323,0.666666666666667,0.783475783475784,0.615384615384615,0.888888888888889,0.384615384615385,0.111111111111111,5.53846153846154,0.432692307692308
"1921",0.775,0.424116846946017,0.666666666666667,0.833333333333333,0.5625,0.916666666666667,0.4375,0.0833333333333334,6.75,0.477272727272727
"1922",0.725,0.428047139841587,0.592592592592593,0.81974921630094,0.727272727272727,0.724137931034483,0.272727272727273,0.275862068965517,2.63636363636364,0.376623376623377
"1923",0.85,0.327591963275245,0.727272727272727,0.891369047619048,0.666666666666667,0.928571428571429,0.333333333333333,0.0714285714285714,9.33333333333334,0.358974358974359
"1924",0.85,0.370454690302892,0.666666666666667,0.863095238095238,0.5,1,0.5,0,Inf,0.5
"1925",0.825,0.375934483093474,0.695652173913043,0.815047021943574,0.727272727272727,0.862068965517241,0.272727272727273,0.137931034482759,5.27272727272727,0.316363636363636
"1926",0.775,0.402665093717644,0.571428571428571,0.811011904761905,0.5,0.892857142857143,0.5,0.107142857142857,4.66666666666667,0.56
"1927",0.775,0.372460380915107,0.4,0.806372549019608,0.5,0.823529411764706,0.5,0.176470588235294,2.83333333333333,0.607142857142857
"1928",0.8,0.379691170106946,0.636363636363636,0.883333333333333,0.7,0.833333333333333,0.3,0.166666666666667,4.2,0.36
"1929",0.85,0.282916626523724,0.666666666666667,0.95703125,0.75,0.875,0.25,0.125,6,0.285714285714286
"1930",0.8,0.41017300763512,0.692307692307692,0.877237851662404,0.529411764705882,1,0.470588235294118,0,Inf,0.470588235294118
"1931",0.875,0.336934187386007,0.736842105263158,0.921875,0.875,0.875,0.125,0.125,7,0.142857142857143
"1932",0.9,0.31561817522097,0.846153846153846,0.921703296703297,0.785714285714286,0.961538461538462,0.214285714285714,0.0384615384615384,20.4285714285714,0.222857142857143
"1933",0.8,0.363673526379695,0.428571428571429,0.69047619047619,0.428571428571429,0.878787878787879,0.571428571428571,0.121212121212121,3.53571428571429,0.650246305418719
"1934",0.8,0.363614752580917,0.428571428571429,0.634199134199134,0.428571428571429,0.878787878787879,0.571428571428571,0.121212121212121,3.53571428571429,0.650246305418719
"1935",0.8,0.392800266817858,0.555555555555556,0.74910394265233,0.555555555555556,0.870967741935484,0.444444444444444,0.129032258064516,4.30555555555556,0.510288065843621
"1936",0.8,0.387579772925882,0.692307692307692,0.89031339031339,0.692307692307692,0.851851851851852,0.307692307692308,0.148148148148148,4.67307692307692,0.361204013377926
"1937",0.75,0.42525890003227,0.615384615384615,0.815934065934066,0.571428571428571,0.846153846153846,0.428571428571429,0.153846153846154,3.71428571428571,0.506493506493507
"1938",0.8,0.376417507559227,0.666666666666667,0.852678571428571,0.666666666666667,0.857142857142857,0.333333333333333,0.142857142857143,4.66666666666667,0.388888888888889
"1939",0.675,0.507523718807558,0.48,0.681666666666667,0.6,0.7,0.4,0.3,2,0.571428571428572
"1940",0.75,0.416020112865807,0.545454545454545,0.853046594982079,0.666666666666667,0.774193548387097,0.333333333333333,0.225806451612903,2.95238095238095,0.430555555555556
"1941",0.825,0.337814345346324,0.695652173913043,0.904761904761905,0.666666666666667,0.892857142857143,0.333333333333333,0.107142857142857,6.22222222222222,0.373333333333333
"1942",0.775,0.380269329642461,0.608695652173913,0.782738095238095,0.583333333333333,0.857142857142857,0.416666666666667,0.142857142857143,4.08333333333333,0.486111111111111
"1943",0.9,0.310640114109243,0.8,0.935483870967742,0.888888888888889,0.903225806451613,0.111111111111111,0.0967741935483871,9.18518518518518,0.123015873015873
"1944",0.75,0.384150794120087,0.583333333333333,0.766457680250784,0.636363636363636,0.793103448275862,0.363636363636364,0.206896551724138,3.07575757575758,0.458498023715415
"1945",0.85,0.38258606385202,0.727272727272727,0.891483516483516,0.571428571428571,1,0.428571428571429,0,Inf,0.428571428571429
"1946",0.75,0.436286405031271,0.545454545454545,0.766483516483516,0.428571428571429,0.923076923076923,0.571428571428571,0.0769230769230769,5.57142857142857,0.619047619047619
"1947",0.825,0.346363541172005,0.588235294117647,0.851254480286738,0.555555555555556,0.903225806451613,0.444444444444444,0.0967741935483871,5.74074074074074,0.492063492063492
"1948",0.775,0.335740683875993,0.608695652173913,0.898333333333333,0.7,0.8,0.3,0.2,3.5,0.375
"1949",0.925,0.287950728504065,0.869565217391304,0.982142857142857,0.833333333333333,0.964285714285714,0.166666666666667,0.0357142857142857,23.3333333333333,0.172839506172839
"1950",0.825,0.322018852037032,0.695652173913043,0.946236559139785,0.888888888888889,0.806451612903226,0.111111111111111,0.193548387096774,4.59259259259259,0.137777777777778
"1951",0.85,0.342278162385521,0.7,0.847962382445141,0.636363636363636,0.931034482758621,0.363636363636364,0.0689655172413793,9.22727272727272,0.390572390572391
"1952",0.825,0.332245716261936,0.72,0.84672619047619,0.75,0.857142857142857,0.25,0.142857142857143,5.25,0.291666666666667
"1953",0.85,0.337937281211646,0.75,0.933035714285714,0.75,0.892857142857143,0.25,0.107142857142857,7,0.28
"1954",0.825,0.350085481306944,0.533333333333333,0.669117647058823,0.666666666666667,0.852941176470588,0.333333333333333,0.147058823529412,4.53333333333333,0.39080459770115
"1955",0.825,0.346136045530995,0.588235294117647,0.846666666666667,0.5,0.933333333333333,0.5,0.0666666666666667,7.5,0.535714285714286
"1956",0.875,0.303894263933226,0.545454545454545,0.745714285714286,0.6,0.914285714285714,0.4,0.0857142857142857,7,0.4375
"1957",0.85,0.314309287988463,0.625,0.931428571428571,1,0.828571428571429,0,0.171428571428571,5.83333333333333,0
"1958",0.775,0.405527103621763,0.470588235294118,0.756666666666667,0.4,0.9,0.6,0.1,4,0.666666666666667
"1959",0.725,0.3546016331375,0.352941176470588,0.757142857142857,0.6,0.742857142857143,0.4,0.257142857142857,2.33333333333333,0.538461538461538
"1960",0.775,0.330087961202176,0.571428571428571,0.835,0.6,0.833333333333333,0.4,0.166666666666667,3.6,0.48
"1961",0.75,0.391455464159793,0.444444444444444,0.798701298701299,0.571428571428571,0.787878787878788,0.428571428571429,0.212121212121212,2.69387755102041,0.543956043956044
"1962",0.775,0.411708971107689,0.666666666666667,0.780626780626781,0.692307692307692,0.814814814814815,0.307692307692308,0.185185185185185,3.73846153846154,0.377622377622378
"1963",0.85,0.371363824882663,0.75,0.894586894586895,0.692307692307692,0.925925925925926,0.307692307692308,0.0740740740740741,9.34615384615385,0.332307692307692
"1964",0.85,0.360892516625578,0.75,0.874643874643875,0.692307692307692,0.925925925925926,0.307692307692308,0.0740740740740741,9.34615384615385,0.332307692307692
"1965",0.75,0.363080458329833,0.444444444444444,0.802867383512545,0.444444444444444,0.838709677419355,0.555555555555556,0.161290322580645,2.75555555555556,0.662393162393162
"1966",0.8,0.342250691508452,0.666666666666667,0.883928571428571,0.666666666666667,0.857142857142857,0.333333333333333,0.142857142857143,4.66666666666667,0.388888888888889
"1967",0.8,0.371771903384794,0.636363636363636,0.841692789968652,0.636363636363636,0.862068965517241,0.363636363636364,0.137931034482759,4.61363636363636,0.421818181818182
"1968",0.85,0.385829876851828,0.727272727272727,0.861263736263736,0.571428571428571,1,0.428571428571429,0,Inf,0.428571428571429
"1969",0.825,0.388984624847645,0.695652173913043,0.881766381766382,0.615384615384615,0.925925925925926,0.384615384615385,0.0740740740740741,8.30769230769231,0.415384615384615
"1970",0.85,0.293807450405162,0.625,0.932900432900433,0.714285714285714,0.878787878787879,0.285714285714286,0.121212121212121,5.89285714285714,0.32512315270936
"1971",0.65,0.485236192183463,0.3,0.705078125,0.375,0.71875,0.625,0.28125,1.33333333333333,0.869565217391304
"1972",0.8,0.353862369953609,0.636363636363636,0.912186379928315,0.777777777777778,0.806451612903226,0.222222222222222,0.193548387096774,4.01851851851852,0.275555555555556
"1973",0.875,0.359212926410079,0.615384615384615,0.811274509803922,0.666666666666667,0.911764705882353,0.333333333333333,0.0882352941176471,7.55555555555555,0.365591397849462
"1974",0.8,0.369469687792939,0.636363636363636,0.91015625,0.875,0.78125,0.125,0.21875,4,0.16
"1975",0.85,0.319310406259924,0.7,0.870967741935484,0.777777777777778,0.870967741935484,0.222222222222222,0.129032258064516,6.02777777777778,0.255144032921811
"1976",0.675,0.448298655593935,0.580645161290323,0.767857142857143,0.642857142857143,0.692307692307692,0.357142857142857,0.307692307692308,2.08928571428571,0.515873015873016
"1977",0.825,0.331831094316615,0.666666666666667,0.915770609318996,0.777777777777778,0.838709677419355,0.222222222222222,0.161290322580645,4.82222222222222,0.264957264957265
"1978",0.85,0.357595311358885,0.727272727272727,0.813479623824451,0.727272727272727,0.896551724137931,0.272727272727273,0.103448275862069,7.03030303030303,0.304195804195804
"1979",0.75,0.406343395551145,0.5,0.796130952380952,0.416666666666667,0.892857142857143,0.583333333333333,0.107142857142857,3.88888888888889,0.653333333333333
"1980",0.725,0.399686824973899,0.266666666666667,0.783154121863799,0.222222222222222,0.870967741935484,0.777777777777778,0.129032258064516,1.72222222222222,0.893004115226337
"1981",0.8,0.380412511986398,0.6,0.819940476190476,0.5,0.928571428571429,0.5,0.0714285714285714,7,0.538461538461538
"1982",0.825,0.390267523723298,0.758620689655172,0.884615384615385,0.785714285714286,0.846153846153846,0.214285714285714,0.153846153846154,5.10714285714286,0.253246753246753
"1983",0.8,0.395051804041461,0.714285714285714,0.84765625,0.625,0.916666666666667,0.375,0.0833333333333334,7.5,0.409090909090909
"1984",0.775,0.40539444892332,0.526315789473684,0.827586206896552,0.454545454545455,0.896551724137931,0.545454545454545,0.103448275862069,4.39393939393939,0.608391608391608
"1985",0.75,0.385080999865889,0.642857142857143,0.81043956043956,0.642857142857143,0.807692307692308,0.357142857142857,0.192307692307692,3.34285714285714,0.442176870748299
"1986",0.825,0.348493063773644,0.631578947368421,0.826164874551971,0.666666666666667,0.870967741935484,0.333333333333333,0.129032258064516,5.16666666666667,0.382716049382716
"1987",0.825,0.356396601420092,0.631578947368421,0.916666666666667,0.6,0.9,0.4,0.1,6,0.444444444444444
"1988",0.8,0.360780425222817,0.636363636363636,0.90625,0.583333333333333,0.892857142857143,0.416666666666667,0.107142857142857,5.44444444444445,0.466666666666667
"1989",0.8,0.388920971252854,0.692307692307692,0.833791208791209,0.642857142857143,0.884615384615385,0.357142857142857,0.115384615384615,5.57142857142857,0.403726708074534
"1990",0.775,0.427327372807984,0.608695652173913,0.757834757834758,0.538461538461538,0.888888888888889,0.461538461538462,0.111111111111111,4.84615384615384,0.519230769230769
"1991",0.85,0.330173135900048,0.727272727272727,0.882445141065831,0.727272727272727,0.896551724137931,0.272727272727273,0.103448275862069,7.03030303030303,0.304195804195804
"1992",0.7,0.468752835943353,0.454545454545455,0.762362637362637,0.357142857142857,0.884615384615385,0.642857142857143,0.115384615384615,3.09523809523809,0.726708074534161
"1993",0.875,0.351454780516253,0.782608695652174,0.901785714285714,0.75,0.928571428571429,0.25,0.0714285714285714,10.5,0.269230769230769
"1994",0.85,0.321162814724093,0.666666666666667,0.878333333333333,0.6,0.933333333333333,0.4,0.0666666666666667,9,0.428571428571429
"1995",0.8,0.356065304372165,0.6,0.906666666666667,0.6,0.866666666666667,0.4,0.133333333333333,4.5,0.461538461538462
"1996",0.75,0.417649468160721,0.642857142857143,0.781593406593407,0.642857142857143,0.807692307692308,0.357142857142857,0.192307692307692,3.34285714285714,0.442176870748299
"1997",0.75,0.417455862432703,0.615384615384615,0.777472527472527,0.571428571428571,0.846153846153846,0.428571428571429,0.153846153846154,3.71428571428571,0.506493506493507
"1998",0.775,0.399803183258475,0.526315789473684,0.717868338557994,0.454545454545455,0.896551724137931,0.545454545454545,0.103448275862069,4.39393939393939,0.608391608391608
"1999",0.75,0.411471478366023,0.615384615384615,0.816239316239316,0.615384615384615,0.814814814814815,0.384615384615385,0.185185185185185,3.32307692307692,0.472027972027972
"2000",0.75,0.402628694644829,0.615384615384615,0.802083333333333,0.666666666666667,0.785714285714286,0.333333333333333,0.214285714285714,3.11111111111111,0.424242424242424
"2001",0.85,0.353114526686761,0.625,0.804659498207885,0.555555555555556,0.935483870967742,0.444444444444444,0.0645161290322581,8.6111111111111,0.475095785440613
"2002",0.8,0.353453283472798,0.555555555555556,0.87890625,0.625,0.84375,0.375,0.15625,4,0.444444444444444
"2003",0.825,0.363844374166295,0.666666666666667,0.778996865203762,0.636363636363636,0.896551724137931,0.363636363636364,0.103448275862069,6.15151515151515,0.405594405594406
"2004",0.825,0.407775524880747,0.533333333333333,0.83,0.4,0.966666666666667,0.6,0.0333333333333333,12,0.620689655172414
"2005",0.825,0.365307634644197,0.695652173913043,0.894345238095238,0.666666666666667,0.892857142857143,0.333333333333333,0.107142857142857,6.22222222222222,0.373333333333333
"2006",0.75,0.38838212303393,0.545454545454545,0.80952380952381,0.5,0.857142857142857,0.5,0.142857142857143,3.5,0.583333333333333
"2007",0.775,0.381588526139237,0.571428571428571,0.788401253918495,0.545454545454545,0.862068965517241,0.454545454545455,0.137931034482759,3.95454545454545,0.527272727272727
"2008",0.8,0.357878646595551,0.666666666666667,0.860501567398119,0.727272727272727,0.827586206896552,0.272727272727273,0.172413793103448,4.21818181818182,0.329545454545455
"2009",0.8,0.384509449406346,0.5,0.76171875,0.5,0.875,0.5,0.125,4,0.571428571428571
"2010",0.85,0.317881120050861,0.7,0.921666666666667,0.7,0.9,0.3,0.1,7,0.333333333333333
"2011",0.775,0.373982767800931,0.526315789473684,0.711469534050179,0.555555555555556,0.838709677419355,0.444444444444444,0.161290322580645,3.44444444444445,0.52991452991453
"2012",0.75,0.421970144977256,0.642857142857143,0.859375,0.5625,0.875,0.4375,0.125,4.5,0.5
"2013",0.85,0.305387733268783,0.625,0.919921875,0.625,0.90625,0.375,0.09375,6.66666666666667,0.413793103448276
"2014",0.75,0.416088872316998,0.615384615384615,0.869047619047619,0.666666666666667,0.785714285714286,0.333333333333333,0.214285714285714,3.11111111111111,0.424242424242424
"2015",0.825,0.365231074133873,0.666666666666667,0.825,0.7,0.866666666666667,0.3,0.133333333333333,5.25,0.346153846153846
"2016",0.8,0.359412553671971,0.555555555555556,0.844155844155844,0.714285714285714,0.818181818181818,0.285714285714286,0.181818181818182,3.92857142857143,0.349206349206349
"2017",0.75,0.376398155635275,0.615384615384615,0.875,0.8,0.733333333333333,0.2,0.266666666666667,3,0.272727272727273
"2018",0.8,0.348817921430036,0.6,0.825,0.6,0.866666666666667,0.4,0.133333333333333,4.5,0.461538461538462
"2019",0.85,0.337390771662208,0.5,0.777056277056277,0.428571428571429,0.939393939393939,0.571428571428571,0.0606060606060606,7.07142857142858,0.608294930875576
"2020",0.825,0.383933592243657,0.758620689655172,0.837239583333333,0.6875,0.916666666666667,0.3125,0.0833333333333334,8.25,0.340909090909091
"2021",0.775,0.412723877129494,0.64,0.787749287749288,0.615384615384615,0.851851851851852,0.384615384615385,0.148148148148148,4.15384615384615,0.451505016722408
"2022",0.8,0.384789572039936,0.636363636363636,0.854700854700855,0.538461538461538,0.925925925925926,0.461538461538462,0.0740740740740741,7.26923076923077,0.498461538461539
"2023",0.725,0.397599522569948,0.56,0.815412186379928,0.777777777777778,0.709677419354839,0.222222222222222,0.290322580645161,2.67901234567901,0.313131313131313
"2024",0.825,0.318789563430134,0.695652173913043,0.910394265232975,0.888888888888889,0.806451612903226,0.111111111111111,0.193548387096774,4.59259259259259,0.137777777777778
"2025",0.725,0.427720134405096,0.56,0.802083333333333,0.583333333333333,0.785714285714286,0.416666666666667,0.214285714285714,2.72222222222222,0.53030303030303
"2026",0.725,0.390270099794152,0.476190476190476,0.80078125,0.625,0.75,0.375,0.25,2.5,0.5
"2027",0.85,0.317549967668518,0.7,0.856666666666667,0.7,0.9,0.3,0.1,7,0.333333333333333
"2028",0.8,0.381295569361418,0.714285714285714,0.811813186813187,0.714285714285714,0.846153846153846,0.285714285714286,0.153846153846154,4.64285714285714,0.337662337662338
"2029",0.825,0.301634460279464,0.588235294117647,0.943627450980392,0.833333333333333,0.823529411764706,0.166666666666667,0.176470588235294,4.72222222222222,0.202380952380952
"2030",0.825,0.336705136681319,0.666666666666667,0.907523510971787,0.636363636363636,0.896551724137931,0.363636363636364,0.103448275862069,6.15151515151515,0.405594405594406
"2031",0.875,0.297486875840237,0.782608695652174,0.896666666666667,0.9,0.866666666666667,0.1,0.133333333333333,6.75,0.115384615384615
"2032",0.825,0.369034384184287,0.774193548387097,0.840153452685422,0.705882352941177,0.91304347826087,0.294117647058823,0.0869565217391305,8.11764705882353,0.322128851540616
"2033",0.725,0.377115671193916,0.56,0.834757834757835,0.538461538461538,0.814814814814815,0.461538461538462,0.185185185185185,2.90769230769231,0.566433566433566
"2034",0.85,0.369582514739196,0.75,0.828869047619048,0.75,0.892857142857143,0.25,0.107142857142857,7,0.28
"2035",0.75,0.383279724162217,0.5,0.842293906810036,0.555555555555556,0.806451612903226,0.444444444444444,0.193548387096774,2.87037037037037,0.551111111111111
"2036",0.75,0.401469720392809,0.5,0.833855799373041,0.454545454545455,0.862068965517241,0.545454545454545,0.137931034482759,3.29545454545454,0.632727272727273
"2037",0.825,0.335947964877558,0.72,0.931547619047619,0.75,0.857142857142857,0.25,0.142857142857143,5.25,0.291666666666667
"2038",0.85,0.312763130638697,0.7,0.875,0.7,0.9,0.3,0.1,7,0.333333333333333
"2039",0.75,0.397603021252538,0.5,0.748333333333333,0.5,0.833333333333333,0.5,0.166666666666667,3,0.6
"2040",0.875,0.324295633722607,0.666666666666667,0.8984375,0.625,0.9375,0.375,0.0625,10,0.4
"2041",0.775,0.41366640229986,0.608695652173913,0.777472527472527,0.5,0.923076923076923,0.5,0.0769230769230769,6.5,0.541666666666667
"2042",0.775,0.41298115949103,0.608695652173913,0.821666666666667,0.7,0.8,0.3,0.2,3.5,0.375
"2043",0.875,0.348268703822863,0.8,0.927350427350427,0.769230769230769,0.925925925925926,0.230769230769231,0.0740740740740741,10.3846153846154,0.249230769230769
"2044",0.75,0.433372079688436,0.583333333333333,0.841333333333333,0.466666666666667,0.92,0.533333333333333,0.08,5.83333333333334,0.579710144927536
"2045",0.775,0.344943554547066,0.608695652173913,0.885579937304075,0.636363636363636,0.827586206896552,0.363636363636364,0.172413793103448,3.69090909090909,0.439393939393939
"2046",0.775,0.390277088516318,0.526315789473684,0.763333333333333,0.5,0.866666666666667,0.5,0.133333333333333,3.75,0.576923076923077
"2047",0.85,0.354098739528002,0.75,0.866771159874608,0.818181818181818,0.862068965517241,0.181818181818182,0.137931034482759,5.93181818181818,0.210909090909091
"2048",0.75,0.365484757806087,0.615384615384615,0.84375,0.666666666666667,0.785714285714286,0.333333333333333,0.214285714285714,3.11111111111111,0.424242424242424
"2049",0.85,0.294858379203272,0.25,0.791666666666667,0.25,0.916666666666667,0.75,0.0833333333333334,3,0.818181818181818
"2050",0.85,0.304898919217927,0.7,0.897849462365591,0.777777777777778,0.870967741935484,0.222222222222222,0.129032258064516,6.02777777777778,0.255144032921811
"2051",0.75,0.398764812445768,0.5,0.87797619047619,0.416666666666667,0.892857142857143,0.583333333333333,0.107142857142857,3.88888888888889,0.653333333333333
"2052",0.8,0.412503097851802,0.636363636363636,0.82967032967033,0.5,0.961538461538462,0.5,0.0384615384615384,13,0.52
"2053",0.775,0.376127798080103,0.526315789473684,0.746753246753247,0.714285714285714,0.787878787878788,0.285714285714286,0.212121212121212,3.36734693877551,0.362637362637363
"2054",0.775,0.416048628618173,0.64,0.735042735042735,0.615384615384615,0.851851851851852,0.384615384615385,0.148148148148148,4.15384615384615,0.451505016722408
"2055",0.85,0.291173233421835,0.7,0.942652329749104,0.777777777777778,0.870967741935484,0.222222222222222,0.129032258064516,6.02777777777778,0.255144032921811
"2056",0.875,0.323761080403751,0.782608695652174,0.866666666666667,0.9,0.866666666666667,0.1,0.133333333333333,6.75,0.115384615384615
"2057",0.775,0.35640794158474,0.608695652173913,0.824372759856631,0.777777777777778,0.774193548387097,0.222222222222222,0.225806451612903,3.44444444444444,0.287037037037037
"2058",0.8,0.363874303626131,0.428571428571429,0.816176470588235,0.5,0.852941176470588,0.5,0.147058823529412,3.4,0.586206896551724
"2059",0.85,0.355146747938013,0.7,0.896551724137931,0.636363636363636,0.931034482758621,0.363636363636364,0.0689655172413793,9.22727272727272,0.390572390572391
"2060",0.825,0.339459446699021,0.363636363636364,0.691428571428572,0.4,0.885714285714286,0.6,0.114285714285714,3.5,0.67741935483871
"2061",0.825,0.345116489408236,0.695652173913043,0.879310344827586,0.727272727272727,0.862068965517241,0.272727272727273,0.137931034482759,5.27272727272727,0.316363636363636
"2062",0.775,0.42054680225503,0.571428571428571,0.716300940438871,0.545454545454545,0.862068965517241,0.454545454545455,0.137931034482759,3.95454545454545,0.527272727272727
"2063",0.775,0.3369827014592,0.608695652173913,0.913333333333333,0.7,0.8,0.3,0.2,3.5,0.375
"2064",0.775,0.433435592869748,0.571428571428571,0.756868131868132,0.428571428571429,0.961538461538462,0.571428571428571,0.0384615384615384,11.1428571428571,0.594285714285714
"2065",0.8,0.381806249574659,0.666666666666667,0.945054945054945,0.571428571428571,0.923076923076923,0.428571428571429,0.0769230769230769,7.42857142857143,0.464285714285714
"2066",0.8,0.366857983563793,0.636363636363636,0.804843304843305,0.538461538461538,0.925925925925926,0.461538461538462,0.0740740740740741,7.26923076923077,0.498461538461539
"2067",0.875,0.334198425299062,0.827586206896552,0.962666666666667,0.8,0.92,0.2,0.08,10,0.217391304347826
"2068",0.775,0.406204998826041,0.571428571428571,0.793154761904762,0.5,0.892857142857143,0.5,0.107142857142857,4.66666666666667,0.56
"2069",0.75,0.42456477382191,0.6875,0.817708333333333,0.6875,0.791666666666667,0.3125,0.208333333333333,3.3,0.394736842105263
"2070",0.85,0.309442498465198,0.727272727272727,0.948333333333333,0.8,0.866666666666667,0.2,0.133333333333333,6,0.230769230769231
"2071",0.825,0.372120816108702,0.72,0.883190883190883,0.692307692307692,0.888888888888889,0.307692307692308,0.111111111111111,6.23076923076923,0.346153846153846
"2072",0.85,0.363992682064665,0.75,0.868,0.6,1,0.4,0,Inf,0.4
"2073",0.825,0.389661963084328,0.533333333333333,0.85,0.4,0.966666666666667,0.6,0.0333333333333333,12,0.620689655172414
"2074",0.75,0.386539423427171,0.583333333333333,0.78125,0.583333333333333,0.821428571428571,0.416666666666667,0.178571428571429,3.26666666666667,0.507246376811594
"2075",0.8,0.392348253279535,0.636363636363636,0.881868131868132,0.5,0.961538461538462,0.5,0.0384615384615384,13,0.52
"2076",0.8,0.364431164581157,0.636363636363636,0.836990595611285,0.636363636363636,0.862068965517241,0.363636363636364,0.137931034482759,4.61363636363636,0.421818181818182
"2077",0.675,0.496502062270934,0.315789473684211,0.739583333333333,0.75,0.666666666666667,0.25,0.333333333333333,2.25,0.375
"2078",0.85,0.337377896197364,0.769230769230769,0.930059523809524,0.833333333333333,0.857142857142857,0.166666666666667,0.142857142857143,5.83333333333333,0.194444444444444
"2079",0.7,0.402114094969424,0.6,0.796703296703297,0.642857142857143,0.730769230769231,0.357142857142857,0.269230769230769,2.38775510204082,0.488721804511278
"2080",0.85,0.347779355050774,0.666666666666667,0.866666666666667,0.6,0.933333333333333,0.4,0.0666666666666667,9,0.428571428571429
"2081",0.9,0.304412722697091,0.714285714285714,0.810546875,0.625,0.96875,0.375,0.03125,20,0.387096774193548
"2082",0.675,0.473320508803852,0.434782608695652,0.733542319749216,0.454545454545455,0.758620689655172,0.545454545454545,0.241379310344828,1.88311688311688,0.71900826446281
"2083",0.8,0.387737820989229,0.555555555555556,0.83203125,0.625,0.84375,0.375,0.15625,4,0.444444444444444
"2084",0.825,0.354177065367362,0.588235294117647,0.86,0.5,0.933333333333333,0.5,0.0666666666666667,7.5,0.535714285714286
"2085",0.775,0.346357592933794,0.526315789473684,0.8584229390681,0.555555555555556,0.838709677419355,0.444444444444444,0.161290322580645,3.44444444444445,0.52991452991453
"2086",0.775,0.406751026996186,0.608695652173913,0.905982905982906,0.538461538461538,0.888888888888889,0.461538461538462,0.111111111111111,4.84615384615384,0.519230769230769
"2087",0.875,0.388587267775466,0.736842105263158,0.863636363636364,0.636363636363636,0.96551724137931,0.363636363636364,0.0344827586206896,18.4545454545455,0.376623376623377
"2088",0.775,0.343441004629487,0.64,0.910394265232975,0.888888888888889,0.741935483870968,0.111111111111111,0.258064516129032,3.44444444444444,0.14975845410628
"2089",0.775,0.395329499067248,0.608695652173913,0.879120879120879,0.5,0.923076923076923,0.5,0.0769230769230769,6.5,0.541666666666667
"2090",0.8,0.407595942528471,0.6,0.851851851851852,0.461538461538462,0.962962962962963,0.538461538461538,0.0370370370370371,12.4615384615384,0.559171597633136
"2091",0.825,0.31446259471588,0.461538461538462,0.840686274509804,0.5,0.882352941176471,0.5,0.117647058823529,4.25,0.566666666666667
"2092",0.825,0.395936641461921,0.631578947368421,0.792114695340502,0.666666666666667,0.870967741935484,0.333333333333333,0.129032258064516,5.16666666666667,0.382716049382716
"2093",0.85,0.388440007820157,0.727272727272727,0.862637362637363,0.571428571428571,1,0.428571428571429,0,Inf,0.428571428571429
"2094",0.75,0.397867565942029,0.444444444444444,0.698333333333333,0.4,0.866666666666667,0.6,0.133333333333333,3,0.692307692307692
"2095",0.775,0.409573931973078,0.64,0.830666666666667,0.533333333333333,0.92,0.466666666666667,0.08,6.66666666666667,0.507246376811594
"2096",0.825,0.399048956867368,0.758620689655172,0.852864583333333,0.6875,0.916666666666667,0.3125,0.0833333333333334,8.25,0.340909090909091
"2097",0.825,0.325551677622127,0.631578947368421,0.921146953405018,0.666666666666667,0.870967741935484,0.333333333333333,0.129032258064516,5.16666666666667,0.382716049382716
"2098",0.8,0.369737372610477,0.6,0.808333333333333,0.6,0.866666666666667,0.4,0.133333333333333,4.5,0.461538461538462
"2099",0.825,0.378226641202749,0.588235294117647,0.855799373040752,0.454545454545455,0.96551724137931,0.545454545454545,0.0344827586206896,13.1818181818182,0.564935064935065
"2100",0.8,0.343740385134642,0.636363636363636,0.91015625,0.875,0.78125,0.125,0.21875,4,0.16
"2101",0.8,0.35849110064401,0.692307692307692,0.883190883190883,0.692307692307692,0.851851851851852,0.307692307692308,0.148148148148148,4.67307692307692,0.361204013377926
"2102",0.775,0.318512359978167,0.571428571428571,0.901666666666667,0.6,0.833333333333333,0.4,0.166666666666667,3.6,0.48
"2103",0.75,0.419488221006999,0.545454545454545,0.749216300940439,0.545454545454545,0.827586206896552,0.454545454545455,0.172413793103448,3.16363636363636,0.549242424242424
"2104",0.85,0.360531906373676,0.625,0.792114695340502,0.555555555555556,0.935483870967742,0.444444444444444,0.0645161290322581,8.6111111111111,0.475095785440613
"2105",0.85,0.303556004129934,0.666666666666667,0.95703125,0.75,0.875,0.25,0.125,6,0.285714285714286
"2106",0.875,0.336530629830038,0.736842105263158,0.860215053763441,0.777777777777778,0.903225806451613,0.222222222222222,0.0967741935483871,8.03703703703703,0.246031746031746
"2107",0.725,0.400716650102305,0.56,0.807210031347962,0.636363636363636,0.758620689655172,0.363636363636364,0.241379310344828,2.63636363636364,0.479338842975207
"2108",0.875,0.321996080094191,0.8,0.925595238095238,0.833333333333333,0.892857142857143,0.166666666666667,0.107142857142857,7.77777777777778,0.186666666666667
"2109",0.775,0.394460028473455,0.470588235294118,0.828125,0.5,0.84375,0.5,0.15625,3.2,0.592592592592593
"2110",0.725,0.462260001614596,0.476190476190476,0.752747252747253,0.357142857142857,0.923076923076923,0.642857142857143,0.0769230769230769,4.64285714285715,0.696428571428571
"2111",0.825,0.352819622709445,0.695652173913043,0.847962382445141,0.727272727272727,0.862068965517241,0.272727272727273,0.137931034482759,5.27272727272727,0.316363636363636
"2112",0.85,0.318180902300047,0.75,0.935736677115988,0.818181818181818,0.862068965517241,0.181818181818182,0.137931034482759,5.93181818181818,0.210909090909091
"2113",0.825,0.389211052276013,0.695652173913043,0.807692307692308,0.615384615384615,0.925925925925926,0.384615384615385,0.0740740740740741,8.30769230769231,0.415384615384615
"2114",0.725,0.479906766004929,0.521739130434783,0.725071225071225,0.461538461538462,0.851851851851852,0.538461538461538,0.148148148148148,3.11538461538462,0.632107023411371
"2115",0.825,0.348242859379368,0.631578947368421,0.860501567398119,0.545454545454545,0.931034482758621,0.454545454545455,0.0689655172413793,7.90909090909091,0.488215488215488
"2116",0.775,0.425856663268493,0.571428571428571,0.737891737891738,0.461538461538462,0.925925925925926,0.538461538461538,0.0740740740740741,6.23076923076923,0.581538461538462
"2117",0.775,0.392065381213186,0.571428571428571,0.861823361823362,0.461538461538462,0.925925925925926,0.538461538461538,0.0740740740740741,6.23076923076923,0.581538461538462
"2118",0.75,0.414266189550737,0.444444444444444,0.72265625,0.5,0.8125,0.5,0.1875,2.66666666666667,0.615384615384615
"2119",0.825,0.335663420509201,0.695652173913043,0.916666666666667,0.666666666666667,0.892857142857143,0.333333333333333,0.107142857142857,6.22222222222222,0.373333333333333
"2120",0.9,0.314924746737375,0.8,0.939068100358423,0.888888888888889,0.903225806451613,0.111111111111111,0.0967741935483871,9.18518518518518,0.123015873015873
"2121",0.825,0.349269648438583,0.740740740740741,0.877747252747253,0.714285714285714,0.884615384615385,0.285714285714286,0.115384615384615,6.19047619047619,0.322981366459627
"2122",0.925,0.316119864466597,0.842105263157895,0.898119122257053,0.727272727272727,1,0.272727272727273,0,Inf,0.272727272727273
"2123",0.775,0.350491383739776,0.526315789473684,0.727598566308244,0.555555555555556,0.838709677419355,0.444444444444444,0.161290322580645,3.44444444444445,0.52991452991453
"2124",0.775,0.363389242085904,0.666666666666667,0.875,0.75,0.785714285714286,0.25,0.214285714285714,3.5,0.318181818181818
"2125",0.9,0.288132113187673,0.777777777777778,0.953125,0.875,0.90625,0.125,0.09375,9.33333333333333,0.137931034482759
"2126",0.775,0.393815166291481,0.64,0.871794871794872,0.615384615384615,0.851851851851852,0.384615384615385,0.148148148148148,4.15384615384615,0.451505016722408
"2127",0.875,0.307732160039118,0.761904761904762,0.898333333333333,0.8,0.9,0.2,0.1,8,0.222222222222222
"2128",0.825,0.322369775055915,0.666666666666667,0.921146953405018,0.777777777777778,0.838709677419355,0.222222222222222,0.161290322580645,4.82222222222222,0.264957264957265
"2129",0.725,0.472765271461959,0.476190476190476,0.691964285714286,0.416666666666667,0.857142857142857,0.583333333333333,0.142857142857143,2.91666666666667,0.680555555555555
"2130",0.825,0.332891106847669,0.666666666666667,0.92,0.7,0.866666666666667,0.3,0.133333333333333,5.25,0.346153846153846
"2131",0.875,0.363580657385525,0.736842105263158,0.841692789968652,0.636363636363636,0.96551724137931,0.363636363636364,0.0344827586206896,18.4545454545455,0.376623376623377
"2132",0.7,0.457884912930224,0.571428571428571,0.813802083333333,0.5,0.833333333333333,0.5,0.166666666666667,3,0.6
"2133",0.9,0.323584147327852,0.777777777777778,0.925,0.7,0.966666666666667,0.3,0.0333333333333333,21,0.310344827586207
"2134",0.75,0.458905365715044,0.615384615384615,0.802666666666667,0.533333333333333,0.88,0.466666666666667,0.12,4.44444444444444,0.53030303030303
"2135",0.775,0.429420312259932,0.571428571428571,0.799450549450549,0.428571428571429,0.961538461538462,0.571428571428571,0.0384615384615384,11.1428571428571,0.594285714285714
"2136",0.825,0.346160585594156,0.588235294117647,0.896057347670251,0.555555555555556,0.903225806451613,0.444444444444444,0.0967741935483871,5.74074074074074,0.492063492063492
"2137",0.85,0.321188454370035,0.7,0.781666666666667,0.7,0.9,0.3,0.1,7,0.333333333333333
"2138",0.825,0.325987863753959,0.695652173913043,0.911666666666667,0.8,0.833333333333333,0.2,0.166666666666667,4.8,0.24
"2139",0.825,0.325968507537778,0.588235294117647,0.955,0.5,0.933333333333333,0.5,0.0666666666666667,7.5,0.535714285714286
"2140",0.825,0.349932412681099,0.666666666666667,0.836990595611285,0.636363636363636,0.896551724137931,0.363636363636364,0.103448275862069,6.15151515151515,0.405594405594406
"2141",0.725,0.444477908451993,0.521739130434783,0.84765625,0.75,0.71875,0.25,0.28125,2.66666666666667,0.347826086956522
"2142",0.7,0.461532046795915,0.538461538461538,0.762666666666667,0.466666666666667,0.84,0.533333333333333,0.16,2.91666666666667,0.634920634920635
"2143",0.875,0.306033098990284,0.705882352941177,0.953405017921147,0.666666666666667,0.935483870967742,0.333333333333333,0.0645161290322581,10.3333333333333,0.35632183908046
"2144",0.75,0.428887503597902,0.615384615384615,0.759615384615385,0.571428571428571,0.846153846153846,0.428571428571429,0.153846153846154,3.71428571428571,0.506493506493507
"2145",0.85,0.307630492103221,0.5,0.874458874458874,0.428571428571429,0.939393939393939,0.571428571428571,0.0606060606060606,7.07142857142858,0.608294930875576
"2146",0.825,0.350603279142519,0.631578947368421,0.82078853046595,0.666666666666667,0.870967741935484,0.333333333333333,0.129032258064516,5.16666666666667,0.382716049382716
"2147",0.775,0.406604008375371,0.608695652173913,0.837606837606838,0.538461538461538,0.888888888888889,0.461538461538462,0.111111111111111,4.84615384615384,0.519230769230769
"2148",0.875,0.319719515416974,0.761904761904762,0.961309523809524,0.666666666666667,0.964285714285714,0.333333333333333,0.0357142857142857,18.6666666666667,0.345679012345679
"2149",0.875,0.385946997216794,0.761904761904762,0.825892857142857,0.666666666666667,0.964285714285714,0.333333333333333,0.0357142857142857,18.6666666666667,0.345679012345679
"2150",0.8,0.34861890254398,0.692307692307692,0.855654761904762,0.75,0.821428571428571,0.25,0.178571428571429,4.2,0.304347826086957
"2151",0.85,0.304828554091534,0.75,0.95141065830721,0.818181818181818,0.862068965517241,0.181818181818182,0.137931034482759,5.93181818181818,0.210909090909091
"2152",0.825,0.370234923409156,0.631578947368421,0.876666666666667,0.6,0.9,0.4,0.1,6,0.444444444444444
"2153",0.875,0.290946299015864,0.761904761904762,0.92,0.8,0.9,0.2,0.1,8,0.222222222222222
"2154",0.825,0.329834636153651,0.588235294117647,0.853515625,0.625,0.875,0.375,0.125,5,0.428571428571429
"2155",0.825,0.366043763552307,0.740740740740741,0.888888888888889,0.769230769230769,0.851851851851852,0.230769230769231,0.148148148148148,5.19230769230769,0.270903010033445
"2156",0.875,0.317887715197412,0.705882352941177,0.83984375,0.75,0.90625,0.25,0.09375,8,0.275862068965517
"2157",0.75,0.39257244080823,0.545454545454545,0.788401253918495,0.545454545454545,0.827586206896552,0.454545454545455,0.172413793103448,3.16363636363636,0.549242424242424
"2158",0.85,0.332448206010152,0.769230769230769,0.918803418803419,0.769230769230769,0.888888888888889,0.230769230769231,0.111111111111111,6.92307692307692,0.259615384615385
"2159",0.775,0.42911770629281,0.526315789473684,0.723214285714286,0.416666666666667,0.928571428571429,0.583333333333333,0.0714285714285714,5.83333333333334,0.628205128205128
"2160",0.7,0.450818659508216,0.538461538461538,0.774928774928775,0.538461538461538,0.777777777777778,0.461538461538462,0.222222222222222,2.42307692307692,0.593406593406593
"2161",0.8,0.336375513125427,0.6,0.821666666666667,0.6,0.866666666666667,0.4,0.133333333333333,4.5,0.461538461538462
"2162",0.75,0.411302084109201,0.444444444444444,0.71505376344086,0.444444444444444,0.838709677419355,0.555555555555556,0.161290322580645,2.75555555555556,0.662393162393162
"2163",0.875,0.357898219334593,0.736842105263158,0.852664576802508,0.636363636363636,0.96551724137931,0.363636363636364,0.0344827586206896,18.4545454545455,0.376623376623377
"2164",0.9,0.303686851859757,0.666666666666667,0.838235294117647,0.666666666666667,0.941176470588235,0.333333333333333,0.0588235294117647,11.3333333333333,0.354166666666667
"2165",0.8,0.375038004984798,0.428571428571429,0.772401433691756,0.333333333333333,0.935483870967742,0.666666666666667,0.0645161290322581,5.16666666666666,0.71264367816092
"2166",0.875,0.331469634256605,0.761904761904762,0.94,0.8,0.9,0.2,0.1,8,0.222222222222222
"2167",0.875,0.368681063651015,0.761904761904762,0.870535714285714,0.666666666666667,0.964285714285714,0.333333333333333,0.0357142857142857,18.6666666666667,0.345679012345679
"2168",0.725,0.394049459053695,0.56,0.783699059561129,0.636363636363636,0.758620689655172,0.363636363636364,0.241379310344828,2.63636363636364,0.479338842975207
"2169",0.9,0.333455718113583,0.8,0.890282131661442,0.727272727272727,0.96551724137931,0.272727272727273,0.0344827586206896,21.0909090909091,0.282467532467532
"2170",0.825,0.352716886807835,0.695652173913043,0.80952380952381,0.666666666666667,0.892857142857143,0.333333333333333,0.107142857142857,6.22222222222222,0.373333333333333
"2171",0.8,0.3853976586099,0.666666666666667,0.816964285714286,0.666666666666667,0.857142857142857,0.333333333333333,0.142857142857143,4.66666666666667,0.388888888888889
"2172",0.775,0.390418946603564,0.608695652173913,0.830721003134796,0.636363636363636,0.827586206896552,0.363636363636364,0.172413793103448,3.69090909090909,0.439393939393939
"2173",0.75,0.392728022869196,0.444444444444444,0.788530465949821,0.444444444444444,0.838709677419355,0.555555555555556,0.161290322580645,2.75555555555556,0.662393162393162
"2174",0.7,0.455358319296631,0.25,0.67921146953405,0.222222222222222,0.838709677419355,0.777777777777778,0.161290322580645,1.37777777777778,0.927350427350427
"2175",0.875,0.340212162584889,0.705882352941177,0.833333333333333,0.6,0.966666666666667,0.4,0.0333333333333333,18,0.413793103448276
"2176",0.85,0.305628549904093,0.625,0.9453125,0.625,0.90625,0.375,0.09375,6.66666666666667,0.413793103448276
"2177",0.85,0.368310500606424,0.769230769230769,0.88034188034188,0.769230769230769,0.888888888888889,0.230769230769231,0.111111111111111,6.92307692307692,0.259615384615385
"2178",0.775,0.361438955640901,0.571428571428571,0.851254480286738,0.666666666666667,0.806451612903226,0.333333333333333,0.193548387096774,3.44444444444444,0.413333333333333
"2179",0.775,0.355249065933599,0.526315789473684,0.863333333333333,0.5,0.866666666666667,0.5,0.133333333333333,3.75,0.576923076923077
"2180",0.85,0.325320593171854,0.625,0.901666666666667,0.5,0.966666666666667,0.5,0.0333333333333333,15,0.517241379310345
"2181",0.85,0.358271616972319,0.769230769230769,0.861263736263736,0.714285714285714,0.923076923076923,0.285714285714286,0.0769230769230769,9.28571428571429,0.309523809523809
"2182",0.8,0.387455414665931,0.6,0.863095238095238,0.5,0.928571428571429,0.5,0.0714285714285714,7,0.538461538461538
"2183",0.75,0.382797084195343,0.615384615384615,0.800940438871473,0.727272727272727,0.758620689655172,0.272727272727273,0.241379310344828,3.01298701298701,0.359504132231405
"2184",0.975,0.272567530017613,0.952380952380952,0.926332288401254,0.909090909090909,1,0.0909090909090909,0,Inf,0.0909090909090909
"2185",0.775,0.393719711625269,0.689655172413793,0.827380952380952,0.833333333333333,0.75,0.166666666666667,0.25,3.33333333333333,0.222222222222222
"2186",0.8,0.387384083568615,0.636363636363636,0.868131868131868,0.5,0.961538461538462,0.5,0.0384615384615384,13,0.52
"2187",0.775,0.412225973796053,0.64,0.888,0.533333333333333,0.92,0.466666666666667,0.08,6.66666666666667,0.507246376811594
"2188",0.725,0.442090346238604,0.521739130434783,0.833791208791209,0.428571428571429,0.884615384615385,0.571428571428571,0.115384615384615,3.71428571428571,0.645962732919255
"2189",0.825,0.377685492946721,0.666666666666667,0.876488095238095,0.583333333333333,0.928571428571429,0.416666666666667,0.0714285714285714,8.16666666666667,0.448717948717949
"2190",0.85,0.332160397353931,0.666666666666667,0.883512544802867,0.666666666666667,0.903225806451613,0.333333333333333,0.0967741935483871,6.88888888888889,0.369047619047619
"2191",0.75,0.366521794004569,0.375,0.841796875,0.375,0.84375,0.625,0.15625,2.4,0.740740740740741
"2192",0.775,0.434155412876475,0.608695652173913,0.777472527472527,0.5,0.923076923076923,0.5,0.0769230769230769,6.5,0.541666666666667
"2193",0.75,0.470082393289364,0.583333333333333,0.738095238095238,0.583333333333333,0.821428571428571,0.416666666666667,0.178571428571429,3.26666666666667,0.507246376811594
"2194",0.775,0.389005689643485,0.571428571428571,0.87202380952381,0.5,0.892857142857143,0.5,0.107142857142857,4.66666666666667,0.56
"2195",0.8,0.378197498951763,0.6,0.871473354231975,0.545454545454545,0.896551724137931,0.454545454545455,0.103448275862069,5.27272727272727,0.506993006993007
"2196",0.75,0.398535113869517,0.444444444444444,0.843260188087774,0.363636363636364,0.896551724137931,0.636363636363636,0.103448275862069,3.51515151515152,0.70979020979021
"2197",0.85,0.348023339911977,0.785714285714286,0.931623931623932,0.846153846153846,0.851851851851852,0.153846153846154,0.148148148148148,5.71153846153846,0.180602006688963
"2198",0.75,0.425532537166737,0.545454545454545,0.90521978021978,0.428571428571429,0.923076923076923,0.571428571428571,0.0769230769230769,5.57142857142857,0.619047619047619
"2199",0.75,0.435804461121493,0.545454545454545,0.74702380952381,0.5,0.857142857142857,0.5,0.142857142857143,3.5,0.583333333333333
"2200",0.8,0.359802397317338,0.6,0.865203761755486,0.545454545454545,0.896551724137931,0.454545454545455,0.103448275862069,5.27272727272727,0.506993006993007
"2201",0.825,0.359175085614721,0.666666666666667,0.834821428571429,0.583333333333333,0.928571428571429,0.416666666666667,0.0714285714285714,8.16666666666667,0.448717948717949
"2202",0.85,0.366486160561385,0.75,0.897435897435897,0.692307692307692,0.925925925925926,0.307692307692308,0.0740740740740741,9.34615384615385,0.332307692307692
"2203",0.8,0.415867732487939,0.666666666666667,0.777472527472527,0.571428571428571,0.923076923076923,0.428571428571429,0.0769230769230769,7.42857142857143,0.464285714285714
"2204",0.875,0.344023351575419,0.736842105263158,0.832288401253919,0.636363636363636,0.96551724137931,0.363636363636364,0.0344827586206896,18.4545454545455,0.376623376623377
"2205",0.65,0.482704728286696,0.461538461538462,0.769230769230769,0.461538461538462,0.740740740740741,0.538461538461538,0.259259259259259,1.78021978021978,0.726923076923077
"2206",0.8,0.397312370820457,0.636363636363636,0.826210826210826,0.538461538461538,0.925925925925926,0.461538461538462,0.0740740740740741,7.26923076923077,0.498461538461539
"2207",0.85,0.290159968832497,0.7,0.966666666666667,0.7,0.9,0.3,0.1,7,0.333333333333333
"2208",0.75,0.426028074271846,0.545454545454545,0.837797619047619,0.5,0.857142857142857,0.5,0.142857142857143,3.5,0.583333333333333
"2209",0.8,0.395300658540843,0.555555555555556,0.799373040752351,0.454545454545455,0.931034482758621,0.545454545454545,0.0689655172413793,6.59090909090909,0.585858585858586
"2210",0.825,0.403099913722165,0.588235294117647,0.810035842293907,0.555555555555556,0.903225806451613,0.444444444444444,0.0967741935483871,5.74074074074074,0.492063492063492
"2211",0.85,0.312573367999083,0.7,0.844086021505376,0.777777777777778,0.870967741935484,0.222222222222222,0.129032258064516,6.02777777777778,0.255144032921811
"2212",0.775,0.426644784071237,0.470588235294118,0.758928571428571,0.333333333333333,0.964285714285714,0.666666666666667,0.0357142857142857,9.33333333333334,0.691358024691358
"2213",0.8,0.404098788548698,0.636363636363636,0.858974358974359,0.538461538461538,0.925925925925926,0.461538461538462,0.0740740740740741,7.26923076923077,0.498461538461539
"2214",0.825,0.355914379877559,0.631578947368421,0.898333333333333,0.6,0.9,0.4,0.1,6,0.444444444444444
"2215",0.85,0.311390837024472,0.727272727272727,0.94,0.8,0.866666666666667,0.2,0.133333333333333,6,0.230769230769231
"2216",0.8,0.410988934893247,0.714285714285714,0.829427083333333,0.625,0.916666666666667,0.375,0.0833333333333334,7.5,0.409090909090909
"2217",0.875,0.304085423522367,0.8,0.908831908831909,0.769230769230769,0.925925925925926,0.230769230769231,0.0740740740740741,10.3846153846154,0.249230769230769
"2218",0.8,0.378583796986349,0.733333333333333,0.950127877237852,0.647058823529412,0.91304347826087,0.352941176470588,0.0869565217391305,7.44117647058823,0.38655462184874
"2219",0.875,0.356998153403804,0.736842105263158,0.913793103448276,0.636363636363636,0.96551724137931,0.363636363636364,0.0344827586206896,18.4545454545455,0.376623376623377
"2220",0.8,0.397857950650823,0.666666666666667,0.868131868131868,0.571428571428571,0.923076923076923,0.428571428571429,0.0769230769230769,7.42857142857143,0.464285714285714
"2221",0.8,0.3791036855078,0.75,0.912760416666667,0.75,0.833333333333333,0.25,0.166666666666667,4.5,0.3
"2222",0.8,0.412663067338386,0.692307692307692,0.873697916666667,0.5625,0.958333333333333,0.4375,0.0416666666666666,13.5,0.456521739130435
"2223",0.8,0.380357948942376,0.636363636363636,0.826210826210826,0.538461538461538,0.925925925925926,0.461538461538462,0.0740740740740741,7.26923076923077,0.498461538461539
"2224",0.9,0.320815372133921,0.777777777777778,0.884012539184953,0.636363636363636,1,0.363636363636364,0,Inf,0.363636363636364
"2225",0.85,0.361646285894803,0.571428571428571,0.698529411764706,0.666666666666667,0.882352941176471,0.333333333333333,0.117647058823529,5.66666666666667,0.377777777777778
"2226",0.925,0.315201290454316,0.869565217391304,0.931623931623932,0.769230769230769,1,0.230769230769231,0,Inf,0.230769230769231
"2227",0.75,0.424243731659132,0.615384615384615,0.901333333333333,0.533333333333333,0.88,0.466666666666667,0.12,4.44444444444444,0.53030303030303
"2228",0.85,0.363384043643415,0.666666666666667,0.880877742946708,0.545454545454545,0.96551724137931,0.454545454545455,0.0344827586206896,15.8181818181818,0.470779220779221
"2229",0.775,0.369139659406478,0.571428571428571,0.846394984326019,0.545454545454545,0.862068965517241,0.454545454545455,0.137931034482759,3.95454545454545,0.527272727272727
"2230",0.8,0.356721369340099,0.692307692307692,0.896978021978022,0.642857142857143,0.884615384615385,0.357142857142857,0.115384615384615,5.57142857142857,0.403726708074534
"2231",0.85,0.342636214154891,0.7,0.813620071684588,0.777777777777778,0.870967741935484,0.222222222222222,0.129032258064516,6.02777777777778,0.255144032921811
"2232",0.8,0.356964496056333,0.636363636363636,0.904761904761905,0.583333333333333,0.892857142857143,0.416666666666667,0.107142857142857,5.44444444444445,0.466666666666667
"2233",0.85,0.332522587808098,0.785714285714286,0.895604395604396,0.785714285714286,0.884615384615385,0.214285714285714,0.115384615384615,6.80952380952381,0.242236024844721
"2234",0.85,0.328865390879959,0.625,0.893939393939394,0.714285714285714,0.878787878787879,0.285714285714286,0.121212121212121,5.89285714285714,0.32512315270936
"2235",0.8,0.324368707994576,0.555555555555556,0.898268398268398,0.714285714285714,0.818181818181818,0.285714285714286,0.181818181818182,3.92857142857143,0.349206349206349
"2236",0.85,0.337164634576091,0.7,0.835,0.7,0.9,0.3,0.1,7,0.333333333333333
"2237",0.8,0.374124024570608,0.555555555555556,0.884803921568627,0.833333333333333,0.794117647058823,0.166666666666667,0.205882352941177,4.04761904761905,0.209876543209877
"2238",0.825,0.336889787138802,0.588235294117647,0.818996415770609,0.555555555555556,0.903225806451613,0.444444444444444,0.0967741935483871,5.74074074074074,0.492063492063492
"2239",0.85,0.31778757047102,0.75,0.934169278996865,0.818181818181818,0.862068965517241,0.181818181818182,0.137931034482759,5.93181818181818,0.210909090909091
"2240",0.775,0.349214405030388,0.571428571428571,0.791666666666667,0.6,0.833333333333333,0.4,0.166666666666667,3.6,0.48
"2241",0.775,0.373063731198613,0.608695652173913,0.864583333333333,0.583333333333333,0.857142857142857,0.416666666666667,0.142857142857143,4.08333333333333,0.486111111111111
"2242",0.8,0.376640350293813,0.666666666666667,0.89010989010989,0.571428571428571,0.923076923076923,0.428571428571429,0.0769230769230769,7.42857142857143,0.464285714285714
"2243",0.85,0.350832947866503,0.727272727272727,0.884615384615385,0.615384615384615,0.962962962962963,0.384615384615385,0.0370370370370371,16.6153846153846,0.399408284023669
"2244",0.825,0.376529348119245,0.695652173913043,0.88034188034188,0.615384615384615,0.925925925925926,0.384615384615385,0.0740740740740741,8.30769230769231,0.415384615384615
"2245",0.8,0.356157435198628,0.6,0.833333333333333,0.666666666666667,0.838709677419355,0.333333333333333,0.161290322580645,4.13333333333333,0.397435897435897
"2246",0.85,0.325908665280445,0.7,0.910394265232975,0.777777777777778,0.870967741935484,0.222222222222222,0.129032258064516,6.02777777777778,0.255144032921811
"2247",0.75,0.412980032303817,0.583333333333333,0.768025078369906,0.636363636363636,0.793103448275862,0.363636363636364,0.206896551724138,3.07575757575758,0.458498023715415
"2248",0.85,0.332488801370294,0.727272727272727,0.931547619047619,0.666666666666667,0.928571428571429,0.333333333333333,0.0714285714285714,9.33333333333334,0.358974358974359
"2249",0.875,0.315115878687354,0.666666666666667,0.924242424242424,0.714285714285714,0.909090909090909,0.285714285714286,0.0909090909090909,7.85714285714285,0.314285714285714
"2250",0.75,0.398694141139278,0.444444444444444,0.74910394265233,0.444444444444444,0.838709677419355,0.555555555555556,0.161290322580645,2.75555555555556,0.662393162393162
"2251",0.85,0.338639067765763,0.666666666666667,0.874608150470219,0.545454545454545,0.96551724137931,0.454545454545455,0.0344827586206896,15.8181818181818,0.470779220779221
"2252",0.85,0.34591728897985,0.727272727272727,0.929467084639498,0.727272727272727,0.896551724137931,0.272727272727273,0.103448275862069,7.03030303030303,0.304195804195804
"2253",0.85,0.36814079821957,0.727272727272727,0.836309523809524,0.666666666666667,0.928571428571429,0.333333333333333,0.0714285714285714,9.33333333333334,0.358974358974359
"2254",0.8,0.39078685133479,0.555555555555556,0.833855799373041,0.454545454545455,0.931034482758621,0.545454545454545,0.0689655172413793,6.59090909090909,0.585858585858586
"2255",0.825,0.361197642659326,0.695652173913043,0.833333333333333,0.666666666666667,0.892857142857143,0.333333333333333,0.107142857142857,6.22222222222222,0.373333333333333
"2256",0.825,0.409117194016488,0.588235294117647,0.731666666666667,0.5,0.933333333333333,0.5,0.0666666666666667,7.5,0.535714285714286
"2257",0.725,0.416216891924464,0.56,0.779202279202279,0.538461538461538,0.814814814814815,0.461538461538462,0.185185185185185,2.90769230769231,0.566433566433566
"2258",0.825,0.341966020958055,0.666666666666667,0.87890625,0.875,0.8125,0.125,0.1875,4.66666666666667,0.153846153846154
"2259",0.75,0.395855988264144,0.583333333333333,0.763392857142857,0.583333333333333,0.821428571428571,0.416666666666667,0.178571428571429,3.26666666666667,0.507246376811594
"2260",0.775,0.378592910322086,0.571428571428571,0.81,0.6,0.833333333333333,0.4,0.166666666666667,3.6,0.48
"2261",0.8,0.412006160006046,0.636363636363636,0.821428571428571,0.5,0.961538461538462,0.5,0.0384615384615384,13,0.52
"2262",0.825,0.366913410948844,0.695652173913043,0.898333333333333,0.8,0.833333333333333,0.2,0.166666666666667,4.8,0.24
"2263",0.75,0.417348826807911,0.642857142857143,0.813186813186813,0.642857142857143,0.807692307692308,0.357142857142857,0.192307692307692,3.34285714285714,0.442176870748299
"2264",0.8,0.365831691051185,0.666666666666667,0.888888888888889,0.888888888888889,0.774193548387097,0.111111111111111,0.225806451612903,3.93650793650794,0.143518518518519
"2265",0.75,0.417410352209299,0.642857142857143,0.776098901098901,0.642857142857143,0.807692307692308,0.357142857142857,0.192307692307692,3.34285714285714,0.442176870748299
"2266",0.8,0.325047275142836,0.6,0.87890625,0.75,0.8125,0.25,0.1875,4,0.307692307692308
"2267",0.875,0.365916167497666,0.8,0.966666666666667,0.666666666666667,1,0.333333333333333,0,Inf,0.333333333333333
"2268",0.75,0.432568033938663,0.583333333333333,0.787202380952381,0.583333333333333,0.821428571428571,0.416666666666667,0.178571428571429,3.26666666666667,0.507246376811594
"2269",0.8,0.386738321904567,0.666666666666667,0.840659340659341,0.571428571428571,0.923076923076923,0.428571428571429,0.0769230769230769,7.42857142857143,0.464285714285714
"2270",0.775,0.387815610567737,0.571428571428571,0.787202380952381,0.5,0.892857142857143,0.5,0.107142857142857,4.66666666666667,0.56
"2271",0.775,0.409841277696021,0.526315789473684,0.793154761904762,0.416666666666667,0.928571428571429,0.583333333333333,0.0714285714285714,5.83333333333334,0.628205128205128
"2272",0.85,0.328807956739473,0.571428571428571,0.802734375,0.5,0.9375,0.5,0.0625,8,0.533333333333333
"2273",0.85,0.368688353029143,0.727272727272727,0.907738095238095,0.666666666666667,0.928571428571429,0.333333333333333,0.0714285714285714,9.33333333333334,0.358974358974359
"2274",0.775,0.408242732082447,0.571428571428571,0.835164835164835,0.428571428571429,0.961538461538462,0.571428571428571,0.0384615384615384,11.1428571428571,0.594285714285714
"2275",0.8,0.391451757952062,0.666666666666667,0.913461538461538,0.571428571428571,0.923076923076923,0.428571428571429,0.0769230769230769,7.42857142857143,0.464285714285714
"2276",0.825,0.385478787692473,0.666666666666667,0.803418803418803,0.538461538461538,0.962962962962963,0.461538461538462,0.0370370370370371,14.5384615384615,0.479289940828402
"2277",0.8,0.346747177795486,0.636363636363636,0.908602150537634,0.777777777777778,0.806451612903226,0.222222222222222,0.193548387096774,4.01851851851852,0.275555555555556
"2278",0.8,0.379477706038332,0.666666666666667,0.813390313390313,0.615384615384615,0.888888888888889,0.384615384615385,0.111111111111111,5.53846153846154,0.432692307692308
"2279",0.85,0.3345205039941,0.7,0.903333333333333,0.7,0.9,0.3,0.1,7,0.333333333333333
"2280",0.9,0.26637432890639,0.714285714285714,0.953125,0.625,0.96875,0.375,0.03125,20,0.387096774193548
"2281",0.85,0.326247891195904,0.7,0.908602150537634,0.777777777777778,0.870967741935484,0.222222222222222,0.129032258064516,6.02777777777778,0.255144032921811
"2282",0.825,0.356093225659629,0.72,0.825549450549451,0.642857142857143,0.923076923076923,0.357142857142857,0.0769230769230769,8.35714285714286,0.386904761904762
"2283",0.85,0.337807026326159,0.5,0.80952380952381,0.428571428571429,0.939393939393939,0.571428571428571,0.0606060606060606,7.07142857142858,0.608294930875576
"2284",0.85,0.32950041937104,0.666666666666667,0.849462365591398,0.666666666666667,0.903225806451613,0.333333333333333,0.0967741935483871,6.88888888888889,0.369047619047619
"2285",0.825,0.356283370307857,0.695652173913043,0.855799373040752,0.727272727272727,0.862068965517241,0.272727272727273,0.137931034482759,5.27272727272727,0.316363636363636
"2286",0.9,0.297862603690101,0.714285714285714,0.860215053763441,0.555555555555556,1,0.444444444444444,0,Inf,0.444444444444444
"2287",0.85,0.31479630444872,0.5,0.837662337662338,0.428571428571429,0.939393939393939,0.571428571428571,0.0606060606060606,7.07142857142858,0.608294930875576
"2288",0.8,0.31995864759452,0.692307692307692,0.879310344827586,0.818181818181818,0.793103448275862,0.181818181818182,0.206896551724138,3.95454545454546,0.229249011857707
"2289",0.825,0.376957035893274,0.666666666666667,0.839285714285714,0.583333333333333,0.928571428571429,0.416666666666667,0.0714285714285714,8.16666666666667,0.448717948717949
"2290",0.7,0.411102491590204,0.5,0.748511904761905,0.5,0.785714285714286,0.5,0.214285714285714,2.33333333333333,0.636363636363636
"2291",0.8,0.406625124653145,0.636363636363636,0.803571428571429,0.5,0.961538461538462,0.5,0.0384615384615384,13,0.52
"2292",0.725,0.401546466162873,0.352941176470588,0.78,0.3,0.866666666666667,0.7,0.133333333333333,2.25,0.807692307692308
"2293",0.825,0.361582759440797,0.533333333333333,0.817204301075269,0.444444444444444,0.935483870967742,0.555555555555556,0.0645161290322581,6.88888888888888,0.593869731800766
"2294",0.75,0.357723035767974,0.375,0.707792207792208,0.428571428571429,0.818181818181818,0.571428571428571,0.181818181818182,2.35714285714286,0.698412698412698
"2295",0.85,0.329342010071274,0.666666666666667,0.88,0.6,0.933333333333333,0.4,0.0666666666666667,9,0.428571428571429
"2296",0.8,0.39925184489536,0.666666666666667,0.800824175824176,0.571428571428571,0.923076923076923,0.428571428571429,0.0769230769230769,7.42857142857143,0.464285714285714
"2297",0.825,0.352653352314102,0.758620689655172,0.90327380952381,0.916666666666667,0.785714285714286,0.0833333333333334,0.214285714285714,4.27777777777778,0.106060606060606
"2298",0.75,0.454100491642031,0.375,0.733333333333333,0.3,0.9,0.7,0.1,3,0.777777777777778
"2299",0.725,0.465344517080573,0.645161290322581,0.75,0.625,0.791666666666667,0.375,0.208333333333333,3,0.473684210526316
"2300",0.8,0.352134652483609,0.636363636363636,0.90234375,0.875,0.78125,0.125,0.21875,4,0.16
"2301",0.7,0.437411382632124,0.5,0.730654761904762,0.5,0.785714285714286,0.5,0.214285714285714,2.33333333333333,0.636363636363636
"2302",0.875,0.326949925648077,0.736842105263158,0.881666666666667,0.7,0.933333333333333,0.3,0.0666666666666667,10.5,0.321428571428571
"2303",0.8,0.395993447695404,0.666666666666667,0.877747252747253,0.571428571428571,0.923076923076923,0.428571428571429,0.0769230769230769,7.42857142857143,0.464285714285714
"2304",0.85,0.309777553332513,0.5,0.908571428571429,0.6,0.885714285714286,0.4,0.114285714285714,5.25,0.451612903225806
"2305",0.8,0.387021630300502,0.692307692307692,0.855769230769231,0.642857142857143,0.884615384615385,0.357142857142857,0.115384615384615,5.57142857142857,0.403726708074534
"2306",0.825,0.391940166137985,0.758620689655172,0.906649616368286,0.647058823529412,0.956521739130435,0.352941176470588,0.0434782608695652,14.8823529411765,0.368983957219251
"2307",0.75,0.370287651669308,0.5,0.885304659498208,0.555555555555556,0.806451612903226,0.444444444444444,0.193548387096774,2.87037037037037,0.551111111111111
"2308",0.9,0.311650924928736,0.777777777777778,0.93010752688172,0.777777777777778,0.935483870967742,0.222222222222222,0.0645161290322581,12.0555555555555,0.237547892720307
"2309",0.875,0.292287818140055,0.761904761904762,0.958333333333333,0.8,0.9,0.2,0.1,8,0.222222222222222
"2310",0.8,0.345908527859249,0.636363636363636,0.85423197492163,0.636363636363636,0.862068965517241,0.363636363636364,0.137931034482759,4.61363636363636,0.421818181818182
"2311",0.775,0.389555908427372,0.470588235294118,0.77115987460815,0.363636363636364,0.931034482758621,0.636363636363636,0.0689655172413793,5.27272727272727,0.683501683501683
"2312",0.775,0.407184793371203,0.608695652173913,0.794871794871795,0.538461538461538,0.888888888888889,0.461538461538462,0.111111111111111,4.84615384615384,0.519230769230769
"2313",0.725,0.432671115383444,0.521739130434783,0.8125,0.5,0.821428571428571,0.5,0.178571428571429,2.8,0.608695652173913
"2314",0.8,0.377538977400263,0.6,0.78125,0.5,0.928571428571429,0.5,0.0714285714285714,7,0.538461538461538
"2315",0.775,0.413928125812042,0.608695652173913,0.822802197802198,0.5,0.923076923076923,0.5,0.0769230769230769,6.5,0.541666666666667
"2316",0.85,0.30332254361999,0.727272727272727,0.885,0.8,0.866666666666667,0.2,0.133333333333333,6,0.230769230769231
"2317",0.875,0.338904217133404,0.782608695652174,0.86833855799373,0.818181818181818,0.896551724137931,0.181818181818182,0.103448275862069,7.90909090909091,0.202797202797203
"2318",0.75,0.411172681707389,0.444444444444444,0.731974921630094,0.363636363636364,0.896551724137931,0.636363636363636,0.103448275862069,3.51515151515152,0.70979020979021
"2319",0.825,0.400980005048714,0.787878787878788,0.864450127877238,0.764705882352941,0.869565217391304,0.235294117647059,0.130434782608696,5.86274509803921,0.270588235294118
"2320",0.75,0.419561095720841,0.545454545454545,0.75297619047619,0.5,0.857142857142857,0.5,0.142857142857143,3.5,0.583333333333333
"2321",0.8,0.338642624475292,0.428571428571429,0.822857142857143,0.6,0.828571428571429,0.4,0.171428571428571,3.5,0.482758620689655
"2322",0.8,0.372384375906369,0.636363636363636,0.830721003134796,0.636363636363636,0.862068965517241,0.363636363636364,0.137931034482759,4.61363636363636,0.421818181818182
"2323",0.825,0.329605942870769,0.695652173913043,0.909090909090909,0.727272727272727,0.862068965517241,0.272727272727273,0.137931034482759,5.27272727272727,0.316363636363636
"2324",0.725,0.41865871686111,0.476190476190476,0.816239316239316,0.384615384615385,0.888888888888889,0.615384615384615,0.111111111111111,3.46153846153846,0.692307692307692
"2325",0.775,0.363916215920229,0.64,0.876175548589342,0.727272727272727,0.793103448275862,0.272727272727273,0.206896551724138,3.51515151515152,0.343873517786561
"2326",0.875,0.33654448748589,0.782608695652174,0.919642857142857,0.75,0.928571428571429,0.25,0.0714285714285714,10.5,0.269230769230769
"2327",0.8,0.401825773780354,0.636363636363636,0.868945868945869,0.538461538461538,0.925925925925926,0.461538461538462,0.0740740740740741,7.26923076923077,0.498461538461539
"2328",0.825,0.314960800297026,0.631578947368421,0.865234375,0.75,0.84375,0.25,0.15625,4.8,0.296296296296296
"2329",0.875,0.334453810168396,0.782608695652174,0.93,0.9,0.866666666666667,0.1,0.133333333333333,6.75,0.115384615384615
"2330",0.8,0.391228691873698,0.733333333333333,0.840153452685422,0.647058823529412,0.91304347826087,0.352941176470588,0.0869565217391305,7.44117647058823,0.38655462184874
"2331",0.75,0.433698328226883,0.615384615384615,0.850260416666667,0.5,0.916666666666667,0.5,0.0833333333333334,6,0.545454545454546
"2332",0.825,0.401784714011565,0.758620689655172,0.857142857142857,0.785714285714286,0.846153846153846,0.214285714285714,0.153846153846154,5.10714285714286,0.253246753246753
"2333",0.8,0.404975860224793,0.6,0.821316614420063,0.545454545454545,0.896551724137931,0.454545454545455,0.103448275862069,5.27272727272727,0.506993006993007
"2334",0.775,0.41728167033328,0.608695652173913,0.793447293447293,0.538461538461538,0.888888888888889,0.461538461538462,0.111111111111111,4.84615384615384,0.519230769230769
"2335",0.825,0.366868795983086,0.666666666666667,0.856666666666667,0.7,0.866666666666667,0.3,0.133333333333333,5.25,0.346153846153846
"2336",0.875,0.31394151250084,0.736842105263158,0.953405017921147,0.777777777777778,0.903225806451613,0.222222222222222,0.0967741935483871,8.03703703703703,0.246031746031746
"2337",0.85,0.312089405556909,0.727272727272727,0.863333333333333,0.8,0.866666666666667,0.2,0.133333333333333,6,0.230769230769231
"2338",0.85,0.374007820371879,0.7,0.8125,0.583333333333333,0.964285714285714,0.416666666666667,0.0357142857142857,16.3333333333333,0.432098765432099
"2339",0.825,0.381155402261331,0.695652173913043,0.91025641025641,0.615384615384615,0.925925925925926,0.384615384615385,0.0740740740740741,8.30769230769231,0.415384615384615
"2340",0.825,0.381037703551986,0.72,0.831043956043956,0.642857142857143,0.923076923076923,0.357142857142857,0.0769230769230769,8.35714285714286,0.386904761904762
"2341",0.825,0.351135059363302,0.666666666666667,0.9,0.7,0.866666666666667,0.3,0.133333333333333,5.25,0.346153846153846
"2342",0.85,0.341542879268615,0.625,0.93010752688172,0.555555555555556,0.935483870967742,0.444444444444444,0.0645161290322581,8.6111111111111,0.475095785440613
"2343",0.725,0.474383331417949,0.620689655172414,0.81074168797954,0.529411764705882,0.869565217391304,0.470588235294118,0.130434782608696,4.05882352941176,0.541176470588235
"2344",0.7,0.421188041513675,0.454545454545455,0.829153605015674,0.454545454545455,0.793103448275862,0.545454545454545,0.206896551724138,2.1969696969697,0.687747035573122
"2345",0.825,0.373635537279507,0.631578947368421,0.808777429467085,0.545454545454545,0.931034482758621,0.454545454545455,0.0689655172413793,7.90909090909091,0.488215488215488
"2346",0.825,0.348695400205501,0.695652173913043,0.916666666666667,0.666666666666667,0.892857142857143,0.333333333333333,0.107142857142857,6.22222222222222,0.373333333333333
"2347",0.85,0.349373725195578,0.727272727272727,0.878917378917379,0.615384615384615,0.962962962962963,0.384615384615385,0.0370370370370371,16.6153846153846,0.399408284023669
"2348",0.8,0.385442023418326,0.666666666666667,0.843304843304843,0.615384615384615,0.888888888888889,0.384615384615385,0.111111111111111,5.53846153846154,0.432692307692308
"2349",0.8,0.396221790010429,0.666666666666667,0.844729344729345,0.615384615384615,0.888888888888889,0.384615384615385,0.111111111111111,5.53846153846154,0.432692307692308
"2350",0.75,0.415522721927146,0.666666666666667,0.854395604395604,0.714285714285714,0.769230769230769,0.285714285714286,0.230769230769231,3.0952380952381,0.371428571428571
"2351",0.7,0.433103920578008,0.5,0.791666666666667,0.5,0.785714285714286,0.5,0.214285714285714,2.33333333333333,0.636363636363636
"2352",0.75,0.426764197628257,0.444444444444444,0.708333333333333,0.4,0.866666666666667,0.6,0.133333333333333,3,0.692307692307692
"2353",0.875,0.275160455363698,0.8,0.93452380952381,0.833333333333333,0.892857142857143,0.166666666666667,0.107142857142857,7.77777777777778,0.186666666666667
"2354",0.825,0.363397699068795,0.758620689655172,0.850274725274725,0.785714285714286,0.846153846153846,0.214285714285714,0.153846153846154,5.10714285714286,0.253246753246753
"2355",0.725,0.396787220728422,0.56,0.77827380952381,0.583333333333333,0.785714285714286,0.416666666666667,0.214285714285714,2.72222222222222,0.53030303030303
"2356",0.825,0.317846312285929,0.666666666666667,0.916666666666667,0.7,0.866666666666667,0.3,0.133333333333333,5.25,0.346153846153846
"2357",0.8,0.396345656209856,0.636363636363636,0.843304843304843,0.538461538461538,0.925925925925926,0.461538461538462,0.0740740740740741,7.26923076923077,0.498461538461539
"2358",0.85,0.327428930857986,0.625,0.942652329749104,0.555555555555556,0.935483870967742,0.444444444444444,0.0645161290322581,8.6111111111111,0.475095785440613
"2359",0.825,0.422910302711575,0.666666666666667,0.798076923076923,0.5,1,0.5,0,Inf,0.5
"2360",0.825,0.39652994912615,0.588235294117647,0.90625,0.416666666666667,1,0.583333333333333,0,Inf,0.583333333333333
"2361",0.825,0.370508092262441,0.666666666666667,0.90625,0.583333333333333,0.928571428571429,0.416666666666667,0.0714285714285714,8.16666666666667,0.448717948717949
"2362",0.8,0.391086995278136,0.733333333333333,0.78515625,0.6875,0.875,0.3125,0.125,5.5,0.357142857142857
"2363",0.825,0.324988108697142,0.72,0.884012539184953,0.818181818181818,0.827586206896552,0.181818181818182,0.172413793103448,4.74545454545455,0.21969696969697
"2364",0.8,0.324256143796798,0.636363636363636,0.831666666666667,0.7,0.833333333333333,0.3,0.166666666666667,4.2,0.36
"2365",0.9,0.26511420968122,0.818181818181818,0.927899686520376,0.818181818181818,0.931034482758621,0.181818181818182,0.0689655172413793,11.8636363636364,0.195286195286195
"2366",0.875,0.305707811202121,0.666666666666667,0.928571428571429,0.714285714285714,0.909090909090909,0.285714285714286,0.0909090909090909,7.85714285714285,0.314285714285714
"2367",0.8,0.40101018030159,0.692307692307692,0.809065934065934,0.642857142857143,0.884615384615385,0.357142857142857,0.115384615384615,5.57142857142857,0.403726708074534
"2368",0.8,0.34083665153716,0.428571428571429,0.87890625,0.375,0.90625,0.625,0.09375,4,0.689655172413793
"2369",0.85,0.322994621708359,0.769230769230769,0.924450549450549,0.714285714285714,0.923076923076923,0.285714285714286,0.0769230769230769,9.28571428571429,0.309523809523809
"2370",0.775,0.378679789354377,0.526315789473684,0.836666666666667,0.5,0.866666666666667,0.5,0.133333333333333,3.75,0.576923076923077
"2371",0.8,0.373781678541493,0.5,0.793333333333333,0.4,0.933333333333333,0.6,0.0666666666666667,6,0.642857142857143
"2372",0.75,0.397355050884928,0.545454545454545,0.758333333333333,0.6,0.8,0.4,0.2,3,0.5
"2373",0.85,0.344825077587423,0.769230769230769,0.907523510971787,0.909090909090909,0.827586206896552,0.0909090909090909,0.172413793103448,5.27272727272727,0.109848484848485
"2374",0.775,0.362381962903349,0.608695652173913,0.798333333333333,0.7,0.8,0.3,0.2,3.5,0.375
"2375",0.725,0.397489067435887,0.56,0.862007168458781,0.777777777777778,0.709677419354839,0.222222222222222,0.290322580645161,2.67901234567901,0.313131313131313
"2376",0.825,0.362426731963034,0.666666666666667,0.869047619047619,0.583333333333333,0.928571428571429,0.416666666666667,0.0714285714285714,8.16666666666667,0.448717948717949
"2377",0.825,0.355052192504723,0.533333333333333,0.85,0.4,0.966666666666667,0.6,0.0333333333333333,12,0.620689655172414
"2378",0.775,0.398845092890696,0.666666666666667,0.843406593406593,0.642857142857143,0.846153846153846,0.357142857142857,0.153846153846154,4.17857142857143,0.422077922077922
"2379",0.875,0.345565451270802,0.736842105263158,0.851190476190476,0.583333333333333,1,0.416666666666667,0,Inf,0.416666666666667
"2380",0.75,0.405458618464543,0.545454545454545,0.805,0.6,0.8,0.4,0.2,3,0.5
"2381",0.875,0.328540270404134,0.8,0.935897435897436,0.769230769230769,0.925925925925926,0.230769230769231,0.0740740740740741,10.3846153846154,0.249230769230769
"2382",0.85,0.336848816456942,0.666666666666667,0.89247311827957,0.666666666666667,0.903225806451613,0.333333333333333,0.0967741935483871,6.88888888888889,0.369047619047619
"2383",0.825,0.389488056254589,0.588235294117647,0.79153605015674,0.454545454545455,0.96551724137931,0.545454545454545,0.0344827586206896,13.1818181818182,0.564935064935065
"2384",0.7,0.454273320909119,0.5,0.750712250712251,0.461538461538462,0.814814814814815,0.538461538461538,0.185185185185185,2.49230769230769,0.660839160839161
"2385",0.8,0.36347372118959,0.555555555555556,0.770609318996416,0.555555555555556,0.870967741935484,0.444444444444444,0.129032258064516,4.30555555555556,0.510288065843621
"2386",0.825,0.324420289168968,0.666666666666667,0.88871473354232,0.636363636363636,0.896551724137931,0.363636363636364,0.103448275862069,6.15151515151515,0.405594405594406
"2387",0.8,0.355214141108674,0.714285714285714,0.87202380952381,0.833333333333333,0.785714285714286,0.166666666666667,0.214285714285714,3.88888888888889,0.212121212121212
"2388",0.8,0.38252937315194,0.692307692307692,0.891483516483516,0.642857142857143,0.884615384615385,0.357142857142857,0.115384615384615,5.57142857142857,0.403726708074534
"2389",0.85,0.357087813250723,0.7,0.817204301075269,0.777777777777778,0.870967741935484,0.222222222222222,0.129032258064516,6.02777777777778,0.255144032921811
"2390",0.875,0.310803282721539,0.736842105263158,0.959247648902821,0.636363636363636,0.96551724137931,0.363636363636364,0.0344827586206896,18.4545454545455,0.376623376623377
"2391",0.9,0.244500955672635,0.714285714285714,0.980392156862745,0.833333333333333,0.911764705882353,0.166666666666667,0.0882352941176471,9.44444444444444,0.182795698924731
"2392",0.775,0.36736650057187,0.526315789473684,0.881720430107527,0.555555555555556,0.838709677419355,0.444444444444444,0.161290322580645,3.44444444444445,0.52991452991453
"2393",0.875,0.318473173826428,0.666666666666667,0.953405017921147,0.555555555555556,0.967741935483871,0.444444444444444,0.032258064516129,17.2222222222222,0.459259259259259
"2394",0.775,0.386131308781175,0.64,0.883190883190883,0.615384615384615,0.851851851851852,0.384615384615385,0.148148148148148,4.15384615384615,0.451505016722408
"2395",0.8,0.403590301606654,0.636363636363636,0.794871794871795,0.538461538461538,0.925925925925926,0.461538461538462,0.0740740740740741,7.26923076923077,0.498461538461539
"2396",0.825,0.406851766543797,0.666666666666667,0.813988095238095,0.583333333333333,0.928571428571429,0.416666666666667,0.0714285714285714,8.16666666666667,0.448717948717949
"2397",0.725,0.375105719516314,0.56,0.86,0.7,0.733333333333333,0.3,0.266666666666667,2.625,0.409090909090909
"2398",0.775,0.42713005580963,0.526315789473684,0.735109717868339,0.454545454545455,0.896551724137931,0.545454545454545,0.103448275862069,4.39393939393939,0.608391608391608
"2399",0.775,0.402189274798645,0.571428571428571,0.801994301994302,0.461538461538462,0.925925925925926,0.538461538461538,0.0740740740740741,6.23076923076923,0.581538461538462
"2400",0.875,0.323340220429138,0.8,0.925595238095238,0.833333333333333,0.892857142857143,0.166666666666667,0.107142857142857,7.77777777777778,0.186666666666667
"2401",0.875,0.34138605686857,0.814814814814815,0.888736263736264,0.785714285714286,0.923076923076923,0.214285714285714,0.0769230769230769,10.2142857142857,0.232142857142857
"2402",0.825,0.374027832685834,0.774193548387097,0.862666666666667,0.8,0.84,0.2,0.16,5,0.238095238095238
"2403",0.8,0.375229786671193,0.5,0.83,0.4,0.933333333333333,0.6,0.0666666666666667,6,0.642857142857143
"2404",0.825,0.380658764487558,0.666666666666667,0.891737891737892,0.538461538461538,0.962962962962963,0.461538461538462,0.0370370370370371,14.5384615384615,0.479289940828402
"2405",0.825,0.344245197150748,0.533333333333333,0.8125,0.5,0.90625,0.5,0.09375,5.33333333333333,0.551724137931034
"2406",0.75,0.395530943509011,0.545454545454545,0.861607142857143,0.5,0.857142857142857,0.5,0.142857142857143,3.5,0.583333333333333
"2407",0.8,0.353181120895031,0.636363636363636,0.886904761904762,0.583333333333333,0.892857142857143,0.416666666666667,0.107142857142857,5.44444444444445,0.466666666666667
"2408",0.725,0.413514801106256,0.56,0.823361823361823,0.538461538461538,0.814814814814815,0.461538461538462,0.185185185185185,2.90769230769231,0.566433566433566
"2409",0.825,0.363903847352313,0.72,0.844729344729345,0.692307692307692,0.888888888888889,0.307692307692308,0.111111111111111,6.23076923076923,0.346153846153846
"2410",0.8,0.336736461666824,0.666666666666667,0.919642857142857,0.666666666666667,0.857142857142857,0.333333333333333,0.142857142857143,4.66666666666667,0.388888888888889
"2411",0.8,0.370787193694802,0.714285714285714,0.868945868945869,0.769230769230769,0.814814814814815,0.230769230769231,0.185185185185185,4.15384615384615,0.283216783216783
"2412",0.825,0.354198360878023,0.533333333333333,0.803030303030303,0.571428571428571,0.878787878787879,0.428571428571429,0.121212121212121,4.71428571428571,0.487684729064039
"2413",0.9,0.294225540719996,0.714285714285714,0.844155844155844,0.714285714285714,0.939393939393939,0.285714285714286,0.0606060606060606,11.7857142857143,0.304147465437788
"2414",0.775,0.410785736181426,0.608695652173913,0.811965811965812,0.538461538461538,0.888888888888889,0.461538461538462,0.111111111111111,4.84615384615384,0.519230769230769
"2415",0.825,0.335455149539823,0.588235294117647,0.827956989247312,0.555555555555556,0.903225806451613,0.444444444444444,0.0967741935483871,5.74074074074074,0.492063492063492
"2416",0.775,0.404650271760639,0.470588235294118,0.804659498207885,0.444444444444444,0.870967741935484,0.555555555555556,0.129032258064516,3.44444444444444,0.637860082304527
"2417",0.85,0.363361416333143,0.769230769230769,0.90521978021978,0.714285714285714,0.923076923076923,0.285714285714286,0.0769230769230769,9.28571428571429,0.309523809523809
"2418",0.775,0.372017004155312,0.571428571428571,0.873333333333333,0.6,0.833333333333333,0.4,0.166666666666667,3.6,0.48
"2419",0.9,0.336828295945461,0.75,0.878333333333333,0.6,1,0.4,0,Inf,0.4
"2420",0.8,0.352303450431608,0.666666666666667,0.856666666666667,0.8,0.8,0.2,0.2,4,0.25
"2421",0.85,0.36959145536224,0.769230769230769,0.876068376068376,0.769230769230769,0.888888888888889,0.230769230769231,0.111111111111111,6.92307692307692,0.259615384615385
"2422",0.8,0.363069430216122,0.555555555555556,0.791666666666667,0.5,0.9,0.5,0.1,5,0.555555555555556
"2423",0.725,0.428428897517206,0.476190476190476,0.764890282131661,0.454545454545455,0.827586206896552,0.545454545454545,0.172413793103448,2.63636363636364,0.659090909090909
"2424",0.775,0.43337455699934,0.571428571428571,0.906593406593407,0.428571428571429,0.961538461538462,0.571428571428571,0.0384615384615384,11.1428571428571,0.594285714285714
"2425",0.725,0.371126894602607,0.521739130434783,0.846394984326019,0.545454545454545,0.793103448275862,0.454545454545455,0.206896551724138,2.63636363636364,0.573122529644269
"2426",0.8,0.388514916680737,0.6,0.803571428571429,0.5,0.928571428571429,0.5,0.0714285714285714,7,0.538461538461538
"2427",0.775,0.424570535559869,0.64,0.828,0.533333333333333,0.92,0.466666666666667,0.08,6.66666666666667,0.507246376811594
"2428",0.825,0.357550962659533,0.631578947368421,0.837797619047619,0.5,0.964285714285714,0.5,0.0357142857142857,14,0.518518518518518
"2429",0.85,0.33948752030119,0.75,0.93452380952381,0.75,0.892857142857143,0.25,0.107142857142857,7,0.28
"2430",0.85,0.314186393194842,0.625,0.833984375,0.625,0.90625,0.375,0.09375,6.66666666666667,0.413793103448276
"2431",0.725,0.42262362259376,0.476190476190476,0.717868338557994,0.454545454545455,0.827586206896552,0.545454545454545,0.172413793103448,2.63636363636364,0.659090909090909
"2432",0.8,0.347058057294984,0.636363636363636,0.841666666666667,0.7,0.833333333333333,0.3,0.166666666666667,4.2,0.36
"2433",0.8,0.417183086726092,0.636363636363636,0.758928571428571,0.583333333333333,0.892857142857143,0.416666666666667,0.107142857142857,5.44444444444445,0.466666666666667
"2434",0.825,0.306315621391037,0.666666666666667,0.954545454545455,1,0.787878787878788,0,0.212121212121212,4.71428571428571,0
"2435",0.825,0.353910960031298,0.631578947368421,0.879928315412186,0.666666666666667,0.870967741935484,0.333333333333333,0.129032258064516,5.16666666666667,0.382716049382716
"2436",0.85,0.359813338177942,0.7,0.875,0.583333333333333,0.964285714285714,0.416666666666667,0.0357142857142857,16.3333333333333,0.432098765432099
"2437",0.775,0.349507023868257,0.526315789473684,0.833333333333333,0.555555555555556,0.838709677419355,0.444444444444444,0.161290322580645,3.44444444444445,0.52991452991453
"2438",0.825,0.339707511987996,0.631578947368421,0.825,0.6,0.9,0.4,0.1,6,0.444444444444444
"2439",0.875,0.318859706694065,0.705882352941177,0.815412186379928,0.666666666666667,0.935483870967742,0.333333333333333,0.0645161290322581,10.3333333333333,0.35632183908046
"2440",0.825,0.338851600888097,0.631578947368421,0.845703125,0.75,0.84375,0.25,0.15625,4.8,0.296296296296296
"2441",0.85,0.291598511452258,0.75,0.901253918495298,0.818181818181818,0.862068965517241,0.181818181818182,0.137931034482759,5.93181818181818,0.210909090909091
"2442",0.675,0.447491259026229,0.48,0.761755485893417,0.545454545454545,0.724137931034483,0.454545454545455,0.275862068965517,1.97727272727273,0.627705627705628
"2443",0.85,0.392331478522976,0.666666666666667,0.907523510971787,0.545454545454545,0.96551724137931,0.454545454545455,0.0344827586206896,15.8181818181818,0.470779220779221
"2444",0.75,0.397599081976666,0.545454545454545,0.8359375,0.75,0.75,0.25,0.25,3,0.333333333333333
"2445",0.8,0.41103689510829,0.636363636363636,0.898666666666667,0.466666666666667,1,0.533333333333333,0,Inf,0.533333333333333
"2446",0.9,0.312417302150026,0.8,0.917562724014337,0.888888888888889,0.903225806451613,0.111111111111111,0.0967741935483871,9.18518518518518,0.123015873015873
"2447",0.775,0.414658536351805,0.64,0.858516483516484,0.571428571428571,0.884615384615385,0.428571428571429,0.115384615384615,4.95238095238095,0.484472049689441
"2448",0.775,0.373120573622385,0.571428571428571,0.833855799373041,0.545454545454545,0.862068965517241,0.454545454545455,0.137931034482759,3.95454545454545,0.527272727272727
"2449",0.7,0.443311410254072,0.454545454545455,0.809065934065934,0.357142857142857,0.884615384615385,0.642857142857143,0.115384615384615,3.09523809523809,0.726708074534161
"2450",0.65,0.452385713331083,0.363636363636364,0.720703125,0.5,0.6875,0.5,0.3125,1.6,0.727272727272727
"2451",0.725,0.422335757450048,0.352941176470588,0.731601731601732,0.428571428571429,0.787878787878788,0.571428571428571,0.212121212121212,2.02040816326531,0.725274725274725
"2452",0.8,0.35058099089449,0.6,0.7890625,0.75,0.8125,0.25,0.1875,4,0.307692307692308
"2453",0.825,0.317553800845069,0.666666666666667,0.816666666666667,0.7,0.866666666666667,0.3,0.133333333333333,5.25,0.346153846153846
"2454",0.8,0.3715861061697,0.6,0.792114695340502,0.666666666666667,0.838709677419355,0.333333333333333,0.161290322580645,4.13333333333333,0.397435897435897
"2455",0.8,0.371198182719838,0.764705882352941,0.893333333333333,0.866666666666667,0.76,0.133333333333333,0.24,3.61111111111111,0.175438596491228
"2456",0.775,0.368443743602243,0.470588235294118,0.815,0.4,0.9,0.6,0.1,4,0.666666666666667
"2457",0.8,0.367302089643276,0.714285714285714,0.851851851851852,0.769230769230769,0.814814814814815,0.230769230769231,0.185185185185185,4.15384615384615,0.283216783216783
"2458",0.85,0.363329959759483,0.571428571428571,0.803030303030303,0.571428571428571,0.909090909090909,0.428571428571429,0.0909090909090909,6.28571428571428,0.471428571428571
"2459",0.725,0.410481034754247,0.592592592592593,0.813479623824451,0.727272727272727,0.724137931034483,0.272727272727273,0.275862068965517,2.63636363636364,0.376623376623377
"2460",0.8,0.360592583462033,0.6,0.856666666666667,0.6,0.866666666666667,0.4,0.133333333333333,4.5,0.461538461538462
"2461",0.825,0.376363083345544,0.666666666666667,0.869905956112853,0.636363636363636,0.896551724137931,0.363636363636364,0.103448275862069,6.15151515151515,0.405594405594406
"2462",0.775,0.377997982260748,0.571428571428571,0.786833855799373,0.545454545454545,0.862068965517241,0.454545454545455,0.137931034482759,3.95454545454545,0.527272727272727
"2463",0.8,0.409237105511493,0.636363636363636,0.893162393162393,0.538461538461538,0.925925925925926,0.461538461538462,0.0740740740740741,7.26923076923077,0.498461538461539
"2464",0.8,0.330715479323366,0.636363636363636,0.875,0.7,0.833333333333333,0.3,0.166666666666667,4.2,0.36
"2465",0.8,0.353188747027746,0.6,0.841666666666667,0.6,0.866666666666667,0.4,0.133333333333333,4.5,0.461538461538462
"2466",0.9,0.363444775482232,0.875,0.854219948849105,0.823529411764706,0.956521739130435,0.176470588235294,0.0434782608695652,18.9411764705882,0.184491978609626
"2467",0.825,0.356751339395113,0.631578947368421,0.852664576802508,0.545454545454545,0.931034482758621,0.454545454545455,0.0689655172413793,7.90909090909091,0.488215488215488
"2468",0.85,0.327717897549608,0.727272727272727,0.896666666666667,0.8,0.866666666666667,0.2,0.133333333333333,6,0.230769230769231
"2469",0.825,0.31829790489606,0.533333333333333,0.889705882352941,0.666666666666667,0.852941176470588,0.333333333333333,0.147058823529412,4.53333333333333,0.39080459770115
"2470",0.775,0.403547574479871,0.64,0.855769230769231,0.571428571428571,0.884615384615385,0.428571428571429,0.115384615384615,4.95238095238095,0.484472049689441
"2471",0.8,0.337959134963532,0.75,0.936,0.8,0.8,0.2,0.2,4,0.25
"2472",0.75,0.385466884413715,0.642857142857143,0.875,0.9,0.7,0.1,0.3,3,0.142857142857143
"2473",0.825,0.358838640823074,0.72,0.823361823361823,0.692307692307692,0.888888888888889,0.307692307692308,0.111111111111111,6.23076923076923,0.346153846153846
"2474",0.8,0.366868791577075,0.6,0.788530465949821,0.666666666666667,0.838709677419355,0.333333333333333,0.161290322580645,4.13333333333333,0.397435897435897
"2475",0.85,0.358829833196426,0.666666666666667,0.816614420062696,0.545454545454545,0.96551724137931,0.454545454545455,0.0344827586206896,15.8181818181818,0.470779220779221
"2476",0.75,0.396766955087877,0.615384615384615,0.74294670846395,0.727272727272727,0.758620689655172,0.272727272727273,0.241379310344828,3.01298701298701,0.359504132231405
"2477",0.75,0.442697697202093,0.583333333333333,0.844,0.466666666666667,0.92,0.533333333333333,0.08,5.83333333333334,0.579710144927536
"2478",0.825,0.345915441226705,0.72,0.88034188034188,0.692307692307692,0.888888888888889,0.307692307692308,0.111111111111111,6.23076923076923,0.346153846153846
"2479",0.775,0.403648854172722,0.526315789473684,0.841692789968652,0.454545454545455,0.896551724137931,0.545454545454545,0.103448275862069,4.39393939393939,0.608391608391608
"2480",0.75,0.357454611260647,0.666666666666667,0.896978021978022,0.714285714285714,0.769230769230769,0.285714285714286,0.230769230769231,3.0952380952381,0.371428571428571
"2481",0.8,0.361469734444571,0.6,0.841666666666667,0.6,0.866666666666667,0.4,0.133333333333333,4.5,0.461538461538462
"2482",0.85,0.340373970456687,0.769230769230769,0.863636363636364,0.909090909090909,0.827586206896552,0.0909090909090909,0.172413793103448,5.27272727272727,0.109848484848485
"2483",0.8,0.421699977486742,0.6,0.836538461538462,0.428571428571429,1,0.571428571428571,0,Inf,0.571428571428571
"2484",0.8,0.389587395552462,0.6,0.80952380952381,0.5,0.928571428571429,0.5,0.0714285714285714,7,0.538461538461538
"2485",0.725,0.402880144879811,0.521739130434783,0.767857142857143,0.5,0.821428571428571,0.5,0.178571428571429,2.8,0.608695652173913
"2486",0.8,0.381133505368634,0.666666666666667,0.804843304843305,0.615384615384615,0.888888888888889,0.384615384615385,0.111111111111111,5.53846153846154,0.432692307692308
"2487",0.85,0.309071727421619,0.75,0.901253918495298,0.818181818181818,0.862068965517241,0.181818181818182,0.137931034482759,5.93181818181818,0.210909090909091
"2488",0.8,0.401877658023466,0.636363636363636,0.845238095238095,0.583333333333333,0.892857142857143,0.416666666666667,0.107142857142857,5.44444444444445,0.466666666666667
"2489",0.875,0.313558531495288,0.814814814814815,0.927350427350427,0.846153846153846,0.888888888888889,0.153846153846154,0.111111111111111,7.61538461538461,0.173076923076923
"2490",0.75,0.430840124229476,0.375,0.700716845878136,0.333333333333333,0.870967741935484,0.666666666666667,0.129032258064516,2.58333333333333,0.765432098765432
"2491",0.75,0.442489722789544,0.545454545454545,0.760989010989011,0.428571428571429,0.923076923076923,0.571428571428571,0.0769230769230769,5.57142857142857,0.619047619047619
"2492",0.775,0.389689314994408,0.608695652173913,0.839285714285714,0.583333333333333,0.857142857142857,0.416666666666667,0.142857142857143,4.08333333333333,0.486111111111111
"2493",0.875,0.273968235022418,0.736842105263158,0.921146953405018,0.777777777777778,0.903225806451613,0.222222222222222,0.0967741935483871,8.03703703703703,0.246031746031746
"2494",0.775,0.396286013043612,0.526315789473684,0.756666666666667,0.5,0.866666666666667,0.5,0.133333333333333,3.75,0.576923076923077
"2495",0.825,0.356870132303637,0.695652173913043,0.873040752351097,0.727272727272727,0.862068965517241,0.272727272727273,0.137931034482759,5.27272727272727,0.316363636363636
"2496",0.725,0.451685932039737,0.56,0.736677115987461,0.636363636363636,0.758620689655172,0.363636363636364,0.241379310344828,2.63636363636364,0.479338842975207
"2497",0.8,0.396631167202964,0.692307692307692,0.831043956043956,0.642857142857143,0.884615384615385,0.357142857142857,0.115384615384615,5.57142857142857,0.403726708074534
"2498",0.8,0.344218057873396,0.555555555555556,0.848333333333333,0.5,0.9,0.5,0.1,5,0.555555555555556
"2499",0.7,0.44117804536853,0.571428571428571,0.770604395604396,0.571428571428571,0.769230769230769,0.428571428571429,0.230769230769231,2.47619047619048,0.557142857142857
"2500",0.825,0.367183728101476,0.695652173913043,0.904558404558405,0.615384615384615,0.925925925925926,0.384615384615385,0.0740740740740741,8.30769230769231,0.415384615384615
"2501",0.725,0.447648490183461,0.592592592592593,0.786324786324786,0.615384615384615,0.777777777777778,0.384615384615385,0.222222222222222,2.76923076923077,0.494505494505494
"2502",0.75,0.435812866372416,0.583333333333333,0.769230769230769,0.538461538461538,0.851851851851852,0.461538461538462,0.148148148148148,3.63461538461538,0.54180602006689
"2503",0.7,0.384925422285541,0.25,0.752252252252252,0.666666666666667,0.702702702702703,0.333333333333333,0.297297297297297,2.24242424242424,0.474358974358974
"2504",0.825,0.32059434737508,0.666666666666667,0.891666666666667,0.7,0.866666666666667,0.3,0.133333333333333,5.25,0.346153846153846
"2505",0.825,0.323672072513219,0.72,0.923333333333333,0.9,0.8,0.1,0.2,4.5,0.125
"2506",0.825,0.357126684153803,0.666666666666667,0.899686520376176,0.636363636363636,0.896551724137931,0.363636363636364,0.103448275862069,6.15151515151515,0.405594405594406
"2507",0.825,0.392709384891192,0.631578947368421,0.767857142857143,0.5,0.964285714285714,0.5,0.0357142857142857,14,0.518518518518518
"2508",0.775,0.402619857004744,0.571428571428571,0.793154761904762,0.5,0.892857142857143,0.5,0.107142857142857,4.66666666666667,0.56
"2509",0.9,0.304448082499034,0.846153846153846,0.956112852664577,1,0.862068965517241,0,0.137931034482759,7.25,0
"2510",0.725,0.356860690658717,0.521739130434783,0.849529780564263,0.545454545454545,0.793103448275862,0.454545454545455,0.206896551724138,2.63636363636364,0.573122529644269
"2511",0.8,0.345408928359247,0.5,0.673160173160173,0.571428571428571,0.848484848484849,0.428571428571429,0.151515151515151,3.77142857142857,0.505102040816327
"2512",0.825,0.349265735054091,0.588235294117647,0.829749103942652,0.555555555555556,0.903225806451613,0.444444444444444,0.0967741935483871,5.74074074074074,0.492063492063492
"2513",0.775,0.375062601487836,0.307692307692308,0.71875,0.25,0.90625,0.75,0.09375,2.66666666666667,0.827586206896552
"2514",0.825,0.318431330348937,0.666666666666667,0.92578125,0.875,0.8125,0.125,0.1875,4.66666666666667,0.153846153846154
"2515",0.8,0.311812872662684,0.5,0.865196078431373,0.666666666666667,0.823529411764706,0.333333333333333,0.176470588235294,3.77777777777778,0.404761904761905
"2516",0.875,0.298331224904211,0.615384615384615,0.825980392156863,0.666666666666667,0.911764705882353,0.333333333333333,0.0882352941176471,7.55555555555555,0.365591397849462
"2517",0.8,0.408111158470972,0.666666666666667,0.79532967032967,0.571428571428571,0.923076923076923,0.428571428571429,0.0769230769230769,7.42857142857143,0.464285714285714
"2518",0.775,0.394191065161402,0.470588235294118,0.833333333333333,0.444444444444444,0.870967741935484,0.555555555555556,0.129032258064516,3.44444444444444,0.637860082304527
"2519",0.9,0.306959522255744,0.818181818181818,0.959821428571429,0.75,0.964285714285714,0.25,0.0357142857142857,21,0.259259259259259
"2520",0.8,0.406725565971441,0.636363636363636,0.833333333333333,0.538461538461538,0.925925925925926,0.461538461538462,0.0740740740740741,7.26923076923077,0.498461538461539
"2521",0.825,0.360425826862964,0.695652173913043,0.924450549450549,0.571428571428571,0.961538461538462,0.428571428571429,0.0384615384615384,14.8571428571429,0.445714285714286
"2522",0.775,0.357591173293628,0.526315789473684,0.700716845878136,0.555555555555556,0.838709677419355,0.444444444444444,0.161290322580645,3.44444444444445,0.52991452991453
"2523",0.775,0.386199396292829,0.571428571428571,0.879310344827586,0.545454545454545,0.862068965517241,0.454545454545455,0.137931034482759,3.95454545454545,0.527272727272727
"2524",0.85,0.343541327073961,0.625,0.816666666666667,0.5,0.966666666666667,0.5,0.0333333333333333,15,0.517241379310345
"2525",0.85,0.350044400224384,0.727272727272727,0.904388714733542,0.727272727272727,0.896551724137931,0.272727272727273,0.103448275862069,7.03030303030303,0.304195804195804
"2526",0.775,0.373941296047017,0.571428571428571,0.853333333333333,0.6,0.833333333333333,0.4,0.166666666666667,3.6,0.48
"2527",0.7,0.437572747678214,0.454545454545455,0.717868338557994,0.454545454545455,0.793103448275862,0.545454545454545,0.206896551724138,2.1969696969697,0.687747035573122
"2528",0.8,0.382642220305531,0.6,0.830721003134796,0.545454545454545,0.896551724137931,0.454545454545455,0.103448275862069,5.27272727272727,0.506993006993007
"2529",0.75,0.414057386026296,0.5,0.821937321937322,0.384615384615385,0.925925925925926,0.615384615384615,0.0740740740740741,5.19230769230769,0.664615384615385
"2530",0.825,0.400477226475318,0.758620689655172,0.882666666666667,0.733333333333333,0.88,0.266666666666667,0.12,6.11111111111111,0.303030303030303
"2531",0.775,0.356129542250834,0.470588235294118,0.8984375,0.5,0.84375,0.5,0.15625,3.2,0.592592592592593
"2532",0.725,0.364156574328369,0.645161290322581,0.882445141065831,0.909090909090909,0.655172413793103,0.0909090909090909,0.344827586206897,2.63636363636364,0.138755980861244
"2533",0.85,0.3314260816858,0.7,0.816614420062696,0.636363636363636,0.931034482758621,0.363636363636364,0.0689655172413793,9.22727272727272,0.390572390572391
"2534",0.75,0.399426217141142,0.545454545454545,0.842261904761905,0.5,0.857142857142857,0.5,0.142857142857143,3.5,0.583333333333333
"2535",0.825,0.336710762059433,0.588235294117647,0.84375,0.625,0.875,0.375,0.125,5,0.428571428571429
"2536",0.825,0.390498115101787,0.631578947368421,0.830484330484331,0.461538461538462,1,0.538461538461538,0,Inf,0.538461538461538
"2537",0.7,0.491084225731162,0.454545454545455,0.809895833333333,0.3125,0.958333333333333,0.6875,0.0416666666666666,7.50000000000001,0.717391304347826
"2538",0.75,0.437097039006428,0.375,0.78125,0.25,0.964285714285714,0.75,0.0357142857142857,7,0.777777777777778
"2539",0.825,0.361375164704882,0.631578947368421,0.779569892473118,0.666666666666667,0.870967741935484,0.333333333333333,0.129032258064516,5.16666666666667,0.382716049382716
"2540",0.75,0.436727159876344,0.375,0.746081504702194,0.272727272727273,0.931034482758621,0.727272727272727,0.0689655172413793,3.95454545454545,0.781144781144781
"2541",0.825,0.337695930634975,0.666666666666667,0.821666666666667,0.7,0.866666666666667,0.3,0.133333333333333,5.25,0.346153846153846
"2542",0.75,0.432554470809044,0.615384615384615,0.766666666666667,0.533333333333333,0.88,0.466666666666667,0.12,4.44444444444444,0.53030303030303
"2543",0.825,0.290781915807717,0.666666666666667,0.953125,0.875,0.8125,0.125,0.1875,4.66666666666667,0.153846153846154
"2544",0.875,0.310138816200432,0.761904761904762,0.918333333333333,0.8,0.9,0.2,0.1,8,0.222222222222222
"2545",0.875,0.34044240471865,0.761904761904762,0.913690476190476,0.666666666666667,0.964285714285714,0.333333333333333,0.0357142857142857,18.6666666666667,0.345679012345679
"2546",0.85,0.328141099553111,0.7,0.91796875,0.875,0.84375,0.125,0.15625,5.6,0.148148148148148
"2547",0.825,0.383511603682741,0.666666666666667,0.84077380952381,0.583333333333333,0.928571428571429,0.416666666666667,0.0714285714285714,8.16666666666667,0.448717948717949
"2548",0.875,0.317335921989351,0.761904761904762,0.96,0.8,0.9,0.2,0.1,8,0.222222222222222
"2549",0.825,0.339800656158949,0.666666666666667,0.822884012539185,0.636363636363636,0.896551724137931,0.363636363636364,0.103448275862069,6.15151515151515,0.405594405594406
"2550",0.9,0.281233761193177,0.75,0.919921875,0.75,0.9375,0.25,0.0625,12,0.266666666666667
"2551",0.825,0.341763831465587,0.72,0.901785714285714,0.75,0.857142857142857,0.25,0.142857142857143,5.25,0.291666666666667
"2552",0.825,0.3645219917027,0.631578947368421,0.943573667711599,0.545454545454545,0.931034482758621,0.454545454545455,0.0689655172413793,7.90909090909091,0.488215488215488
"2553",0.825,0.320253811272582,0.695652173913043,0.877742946708464,0.727272727272727,0.862068965517241,0.272727272727273,0.137931034482759,5.27272727272727,0.316363636363636
"2554",0.775,0.424789649815036,0.571428571428571,0.810541310541311,0.461538461538462,0.925925925925926,0.538461538461538,0.0740740740740741,6.23076923076923,0.581538461538462
"2555",0.75,0.477080461192063,0.444444444444444,0.72257053291536,0.363636363636364,0.896551724137931,0.636363636363636,0.103448275862069,3.51515151515152,0.70979020979021
"2556",0.825,0.354154974466151,0.72,0.905982905982906,0.692307692307692,0.888888888888889,0.307692307692308,0.111111111111111,6.23076923076923,0.346153846153846
"2557",0.75,0.466424083613761,0.615384615384615,0.798666666666667,0.533333333333333,0.88,0.466666666666667,0.12,4.44444444444444,0.53030303030303
"2558",0.775,0.380050260630133,0.608695652173913,0.830721003134796,0.636363636363636,0.827586206896552,0.363636363636364,0.172413793103448,3.69090909090909,0.439393939393939
"2559",0.85,0.328797341873232,0.666666666666667,0.912109375,0.75,0.875,0.25,0.125,6,0.285714285714286
"2560",0.75,0.417855107692217,0.545454545454545,0.741666666666667,0.6,0.8,0.4,0.2,3,0.5
"2561",0.875,0.359481722493865,0.782608695652174,0.856125356125356,0.692307692307692,0.962962962962963,0.307692307692308,0.0370370370370371,18.6923076923077,0.319526627218935
"2562",0.825,0.378690723814987,0.72,0.86039886039886,0.692307692307692,0.888888888888889,0.307692307692308,0.111111111111111,6.23076923076923,0.346153846153846
"2563",0.775,0.383020584518431,0.608695652173913,0.824404761904762,0.583333333333333,0.857142857142857,0.416666666666667,0.142857142857143,4.08333333333333,0.486111111111111
"2564",0.875,0.334636039982758,0.666666666666667,0.885281385281385,0.714285714285714,0.909090909090909,0.285714285714286,0.0909090909090909,7.85714285714285,0.314285714285714
"2565",0.825,0.351444182500474,0.461538461538462,0.784313725490196,0.5,0.882352941176471,0.5,0.117647058823529,4.25,0.566666666666667
"2566",0.75,0.399344099609002,0.615384615384615,0.760416666666667,0.666666666666667,0.785714285714286,0.333333333333333,0.214285714285714,3.11111111111111,0.424242424242424
"2567",0.875,0.339677523880646,0.761904761904762,0.938988095238095,0.666666666666667,0.964285714285714,0.333333333333333,0.0357142857142857,18.6666666666667,0.345679012345679
"2568",0.8,0.408622345848868,0.666666666666667,0.86039886039886,0.615384615384615,0.888888888888889,0.384615384615385,0.111111111111111,5.53846153846154,0.432692307692308
"2569",0.775,0.418707158706147,0.526315789473684,0.808333333333333,0.5,0.866666666666667,0.5,0.133333333333333,3.75,0.576923076923077
"2570",0.725,0.399645914694636,0.476190476190476,0.833333333333333,0.5,0.8,0.5,0.2,2.5,0.625
"2571",0.925,0.316881642546413,0.869565217391304,0.924107142857143,0.833333333333333,0.964285714285714,0.166666666666667,0.0357142857142857,23.3333333333333,0.172839506172839
"2572",0.775,0.388678814116903,0.571428571428571,0.80564263322884,0.545454545454545,0.862068965517241,0.454545454545455,0.137931034482759,3.95454545454545,0.527272727272727
"2573",0.775,0.399013541210644,0.571428571428571,0.794642857142857,0.5,0.892857142857143,0.5,0.107142857142857,4.66666666666667,0.56
"2574",0.875,0.339788359083526,0.761904761904762,0.875,0.666666666666667,0.964285714285714,0.333333333333333,0.0357142857142857,18.6666666666667,0.345679012345679
"2575",0.875,0.303004936976588,0.736842105263158,0.913978494623656,0.777777777777778,0.903225806451613,0.222222222222222,0.0967741935483871,8.03703703703703,0.246031746031746
"2576",0.9,0.293890383718904,0.8,0.875,0.8,0.933333333333333,0.2,0.0666666666666667,12,0.214285714285714
"2577",0.75,0.374070971726122,0.375,0.794921875,0.375,0.84375,0.625,0.15625,2.4,0.740740740740741
"2578",0.8,0.411261004151268,0.733333333333333,0.813186813186813,0.785714285714286,0.807692307692308,0.214285714285714,0.192307692307692,4.08571428571429,0.26530612244898
"2579",0.8,0.350460933499086,0.636363636363636,0.893333333333333,0.7,0.833333333333333,0.3,0.166666666666667,4.2,0.36
"2580",0.775,0.41950102024728,0.571428571428571,0.736607142857143,0.5,0.892857142857143,0.5,0.107142857142857,4.66666666666667,0.56
"2581",0.85,0.301958314301525,0.666666666666667,0.878787878787879,0.857142857142857,0.848484848484849,0.142857142857143,0.151515151515151,5.65714285714286,0.168367346938776
"2582",0.825,0.369874897031083,0.631578947368421,0.796666666666667,0.6,0.9,0.4,0.1,6,0.444444444444444
"2583",0.875,0.319325888833725,0.782608695652174,0.946708463949843,0.818181818181818,0.896551724137931,0.181818181818182,0.103448275862069,7.90909090909091,0.202797202797203
"2584",0.825,0.374840183089814,0.631578947368421,0.829153605015674,0.545454545454545,0.931034482758621,0.454545454545455,0.0689655172413793,7.90909090909091,0.488215488215488
"2585",0.875,0.363380471271713,0.782608695652174,0.901098901098901,0.642857142857143,1,0.357142857142857,0,Inf,0.357142857142857
"2586",0.825,0.316502094665137,0.740740740740741,0.940438871473354,0.909090909090909,0.793103448275862,0.0909090909090909,0.206896551724138,4.39393939393939,0.114624505928854
"2587",0.8,0.345190978206668,0.636363636363636,0.8984375,0.875,0.78125,0.125,0.21875,4,0.16
"2588",0.8,0.366191963338528,0.6,0.882440476190476,0.5,0.928571428571429,0.5,0.0714285714285714,7,0.538461538461538
"2589",0.7,0.440556607237292,0.5,0.831043956043956,0.428571428571429,0.846153846153846,0.571428571428571,0.153846153846154,2.78571428571429,0.675324675324675
"2590",0.725,0.421220735002534,0.476190476190476,0.791666666666667,0.5,0.8,0.5,0.2,2.5,0.625
"2591",0.8,0.397708074519724,0.555555555555556,0.818181818181818,0.454545454545455,0.931034482758621,0.545454545454545,0.0689655172413793,6.59090909090909,0.585858585858586
"2592",0.75,0.395933951001298,0.5,0.733333333333333,0.5,0.833333333333333,0.5,0.166666666666667,3,0.6
"2593",0.9,0.328620716120742,0.846153846153846,0.949175824175824,0.785714285714286,0.961538461538462,0.214285714285714,0.0384615384615384,20.4285714285714,0.222857142857143
"2594",0.825,0.350113420939038,0.695652173913043,0.898119122257053,0.727272727272727,0.862068965517241,0.272727272727273,0.137931034482759,5.27272727272727,0.316363636363636
"2595",0.775,0.384551384531008,0.470588235294118,0.785714285714286,0.571428571428571,0.818181818181818,0.428571428571429,0.181818181818182,3.14285714285714,0.523809523809524
"2596",0.825,0.350433558384261,0.588235294117647,0.810546875,0.625,0.875,0.375,0.125,5,0.428571428571429
"2597",0.75,0.426213046004094,0.5,0.723333333333333,0.5,0.833333333333333,0.5,0.166666666666667,3,0.6
"2598",0.775,0.412796994509381,0.608695652173913,0.733630952380952,0.583333333333333,0.857142857142857,0.416666666666667,0.142857142857143,4.08333333333333,0.486111111111111
"2599",0.825,0.300085289287966,0.588235294117647,0.8828125,0.625,0.875,0.375,0.125,5,0.428571428571429
"2600",0.825,0.383369770475489,0.666666666666667,0.873511904761905,0.583333333333333,0.928571428571429,0.416666666666667,0.0714285714285714,8.16666666666667,0.448717948717949
"2601",0.825,0.363440593945647,0.72,0.867521367521368,0.692307692307692,0.888888888888889,0.307692307692308,0.111111111111111,6.23076923076923,0.346153846153846
"2602",0.775,0.404058416295809,0.64,0.794642857142857,0.666666666666667,0.821428571428571,0.333333333333333,0.178571428571429,3.73333333333333,0.405797101449275
"2603",0.75,0.37652895497588,0.583333333333333,0.899725274725275,0.5,0.884615384615385,0.5,0.115384615384615,4.33333333333333,0.565217391304348
"2604",0.825,0.377176037334014,0.695652173913043,0.892857142857143,0.571428571428571,0.961538461538462,0.428571428571429,0.0384615384615384,14.8571428571429,0.445714285714286
"2605",0.775,0.381186585720412,0.608695652173913,0.84375,0.583333333333333,0.857142857142857,0.416666666666667,0.142857142857143,4.08333333333333,0.486111111111111
"2606",0.725,0.432536973097895,0.56,0.823361823361823,0.538461538461538,0.814814814814815,0.461538461538462,0.185185185185185,2.90769230769231,0.566433566433566
"2607",0.85,0.351618163362072,0.7,0.891369047619048,0.583333333333333,0.964285714285714,0.416666666666667,0.0357142857142857,16.3333333333333,0.432098765432099
"2608",0.85,0.328545900057776,0.666666666666667,0.878333333333333,0.6,0.933333333333333,0.4,0.0666666666666667,9,0.428571428571429
"2609",0.825,0.327467454237334,0.666666666666667,0.821666666666667,0.7,0.866666666666667,0.3,0.133333333333333,5.25,0.346153846153846
"2610",0.675,0.490059122823623,0.551724137931034,0.792582417582418,0.571428571428571,0.730769230769231,0.428571428571429,0.269230769230769,2.12244897959184,0.586466165413534
"2611",0.825,0.369667499289634,0.666666666666667,0.862068965517241,0.636363636363636,0.896551724137931,0.363636363636364,0.103448275862069,6.15151515151515,0.405594405594406
"2612",0.7,0.454859268920475,0.5,0.801333333333333,0.4,0.88,0.6,0.12,3.33333333333333,0.681818181818182
"2613",0.875,0.352290413083487,0.761904761904762,0.901666666666667,0.8,0.9,0.2,0.1,8,0.222222222222222
"2614",0.8,0.349834511236371,0.692307692307692,0.876068376068376,0.692307692307692,0.851851851851852,0.307692307692308,0.148148148148148,4.67307692307692,0.361204013377926
"2615",0.825,0.356502175453385,0.666666666666667,0.875,0.7,0.866666666666667,0.3,0.133333333333333,5.25,0.346153846153846
"2616",0.85,0.284621039644624,0.666666666666667,0.892578125,0.75,0.875,0.25,0.125,6,0.285714285714286
"2617",0.825,0.343451540093106,0.666666666666667,0.874551971326165,0.777777777777778,0.838709677419355,0.222222222222222,0.161290322580645,4.82222222222222,0.264957264957265
"2618",0.75,0.401041521909476,0.615384615384615,0.868489583333333,0.5,0.916666666666667,0.5,0.0833333333333334,6,0.545454545454546
"2619",0.8,0.395454664630014,0.6,0.819088319088319,0.461538461538462,0.962962962962963,0.538461538461538,0.0370370370370371,12.4615384615384,0.559171597633136
"2620",0.775,0.355229763455946,0.571428571428571,0.873333333333333,0.6,0.833333333333333,0.4,0.166666666666667,3.6,0.48
"2621",0.875,0.296721187826445,0.761904761904762,0.945141065830721,0.727272727272727,0.931034482758621,0.272727272727273,0.0689655172413793,10.5454545454545,0.292929292929293
"2622",0.725,0.421388706012798,0.56,0.767857142857143,0.583333333333333,0.785714285714286,0.416666666666667,0.214285714285714,2.72222222222222,0.53030303030303
"2623",0.9,0.298582188439524,0.777777777777778,0.973333333333333,0.7,0.966666666666667,0.3,0.0333333333333333,21,0.310344827586207
"2624",0.9,0.344220086357643,0.846153846153846,0.945054945054945,0.785714285714286,0.961538461538462,0.214285714285714,0.0384615384615384,20.4285714285714,0.222857142857143
"2625",0.925,0.274680183231591,0.8,0.96875,0.75,0.96875,0.25,0.03125,24,0.258064516129032
"2626",0.85,0.362011355983792,0.727272727272727,0.889880952380952,0.666666666666667,0.928571428571429,0.333333333333333,0.0714285714285714,9.33333333333334,0.358974358974359
"2627",0.8,0.391193436624956,0.6,0.808333333333333,0.6,0.866666666666667,0.4,0.133333333333333,4.5,0.461538461538462
"2628",0.8,0.297528516906259,0.6,0.955882352941177,1,0.764705882352941,0,0.235294117647059,4.25,0
"2629",0.8,0.362943942616068,0.6,0.851666666666667,0.6,0.866666666666667,0.4,0.133333333333333,4.5,0.461538461538462
"2630",0.7,0.413797389995977,0.5,0.770609318996416,0.666666666666667,0.709677419354839,0.333333333333333,0.290322580645161,2.2962962962963,0.46969696969697
"2631",0.875,0.323995179502489,0.761904761904762,0.913793103448276,0.727272727272727,0.931034482758621,0.272727272727273,0.0689655172413793,10.5454545454545,0.292929292929293
"2632",0.75,0.392110783194257,0.5,0.831666666666667,0.5,0.833333333333333,0.5,0.166666666666667,3,0.6
"2633",0.825,0.371085871309329,0.631578947368421,0.836990595611285,0.545454545454545,0.931034482758621,0.454545454545455,0.0689655172413793,7.90909090909091,0.488215488215488
"2634",0.875,0.352994650367946,0.8,0.945054945054945,0.714285714285714,0.961538461538462,0.285714285714286,0.0384615384615384,18.5714285714286,0.297142857142857
"2635",0.825,0.339594645041884,0.740740740740741,0.888392857142857,0.833333333333333,0.821428571428571,0.166666666666667,0.178571428571429,4.66666666666667,0.202898550724638
"2636",0.8,0.326414244176837,0.5,0.897058823529412,0.666666666666667,0.823529411764706,0.333333333333333,0.176470588235294,3.77777777777778,0.404761904761905
"2637",0.875,0.315622042841266,0.761904761904762,0.946708463949843,0.727272727272727,0.931034482758621,0.272727272727273,0.0689655172413793,10.5454545454545,0.292929292929293
"2638",0.8,0.422000365812366,0.666666666666667,0.847527472527473,0.571428571428571,0.923076923076923,0.428571428571429,0.0769230769230769,7.42857142857143,0.464285714285714
"2639",0.8,0.319470277115618,0.6,0.836917562724014,0.666666666666667,0.838709677419355,0.333333333333333,0.161290322580645,4.13333333333333,0.397435897435897
"2640",0.825,0.337866165959085,0.588235294117647,0.915770609318996,0.555555555555556,0.903225806451613,0.444444444444444,0.0967741935483871,5.74074074074074,0.492063492063492
"2641",0.675,0.456437269508176,0.48,0.761755485893417,0.545454545454545,0.724137931034483,0.454545454545455,0.275862068965517,1.97727272727273,0.627705627705628
"2642",0.8,0.403397445516366,0.666666666666667,0.876373626373626,0.571428571428571,0.923076923076923,0.428571428571429,0.0769230769230769,7.42857142857143,0.464285714285714
"2643",0.775,0.377951433940088,0.526315789473684,0.792114695340502,0.555555555555556,0.838709677419355,0.444444444444444,0.161290322580645,3.44444444444445,0.52991452991453
"2644",0.8,0.333384544921505,0.6,0.874551971326165,0.666666666666667,0.838709677419355,0.333333333333333,0.161290322580645,4.13333333333333,0.397435897435897
"2645",0.85,0.329827332124852,0.625,0.854838709677419,0.555555555555556,0.935483870967742,0.444444444444444,0.0645161290322581,8.6111111111111,0.475095785440613
"2646",0.775,0.366102489001531,0.608695652173913,0.835,0.7,0.8,0.3,0.2,3.5,0.375
"2647",0.8,0.395935357671535,0.714285714285714,0.857333333333333,0.666666666666667,0.88,0.333333333333333,0.12,5.55555555555556,0.378787878787879
"2648",0.75,0.422141033589883,0.583333333333333,0.818666666666667,0.466666666666667,0.92,0.533333333333333,0.08,5.83333333333334,0.579710144927536
"2649",0.8,0.37997086637027,0.666666666666667,0.806547619047619,0.666666666666667,0.857142857142857,0.333333333333333,0.142857142857143,4.66666666666667,0.388888888888889
"2650",0.95,0.246747036492535,0.875,0.995670995670996,1,0.939393939393939,0,0.0606060606060606,16.5,0
"2651",0.85,0.345343588478113,0.625,0.791666666666667,0.5,0.966666666666667,0.5,0.0333333333333333,15,0.517241379310345
"2652",0.825,0.364532814694146,0.533333333333333,0.776666666666667,0.4,0.966666666666667,0.6,0.0333333333333333,12,0.620689655172414
"2653",0.725,0.389522123534435,0.421052631578947,0.775390625,0.5,0.78125,0.5,0.21875,2.28571428571429,0.64
"2654",0.725,0.410905589802906,0.592592592592593,0.791666666666667,0.8,0.7,0.2,0.3,2.66666666666667,0.285714285714286
"2655",0.875,0.330491040757757,0.782608695652174,0.927083333333333,0.75,0.928571428571429,0.25,0.0714285714285714,10.5,0.269230769230769
"2656",0.75,0.383182890041619,0.444444444444444,0.768333333333333,0.4,0.866666666666667,0.6,0.133333333333333,3,0.692307692307692
"2657",0.825,0.379374459836698,0.695652173913043,0.821937321937322,0.615384615384615,0.925925925925926,0.384615384615385,0.0740740740740741,8.30769230769231,0.415384615384615
"2658",0.85,0.335515354583555,0.666666666666667,0.798828125,0.75,0.875,0.25,0.125,6,0.285714285714286
"2659",0.675,0.414464782761755,0.580645161290323,0.793447293447293,0.692307692307692,0.666666666666667,0.307692307692308,0.333333333333333,2.07692307692308,0.461538461538462
"2660",0.825,0.346064507308083,0.666666666666667,0.879464285714286,0.583333333333333,0.928571428571429,0.416666666666667,0.0714285714285714,8.16666666666667,0.448717948717949
"2661",0.875,0.312214698411894,0.736842105263158,0.9,0.7,0.933333333333333,0.3,0.0666666666666667,10.5,0.321428571428571
"2662",0.85,0.305426785100899,0.571428571428571,0.9,0.8,0.857142857142857,0.2,0.142857142857143,5.6,0.233333333333333
"2663",0.775,0.370666602107183,0.64,0.887464387464387,0.615384615384615,0.851851851851852,0.384615384615385,0.148148148148148,4.15384615384615,0.451505016722408
"2664",0.85,0.314717597012031,0.7,0.89426523297491,0.777777777777778,0.870967741935484,0.222222222222222,0.129032258064516,6.02777777777778,0.255144032921811
"2665",0.75,0.434058549218324,0.545454545454545,0.81456043956044,0.428571428571429,0.923076923076923,0.571428571428571,0.0769230769230769,5.57142857142857,0.619047619047619
"2666",0.75,0.402840129912059,0.583333333333333,0.843304843304843,0.538461538461538,0.851851851851852,0.461538461538462,0.148148148148148,3.63461538461538,0.54180602006689
"2667",0.8,0.375234544874681,0.692307692307692,0.87797619047619,0.75,0.821428571428571,0.25,0.178571428571429,4.2,0.304347826086957
"2668",0.725,0.434827360496302,0.421052631578947,0.755485893416928,0.363636363636364,0.862068965517241,0.636363636363636,0.137931034482759,2.63636363636364,0.738181818181818
"2669",0.7,0.468841675074694,0.5,0.805333333333333,0.4,0.88,0.6,0.12,3.33333333333333,0.681818181818182
"2670",0.85,0.366707059390533,0.7,0.937321937321937,0.538461538461538,1,0.461538461538462,0,Inf,0.461538461538462
"2671",0.775,0.357118489347018,0.4,0.689453125,0.375,0.875,0.625,0.125,3,0.714285714285714
"2672",0.825,0.390610817563024,0.695652173913043,0.877492877492878,0.615384615384615,0.925925925925926,0.384615384615385,0.0740740740740741,8.30769230769231,0.415384615384615
"2673",0.75,0.422035633000558,0.583333333333333,0.776666666666667,0.7,0.766666666666667,0.3,0.233333333333333,3,0.391304347826087
"2674",0.675,0.452762174068249,0.434782608695652,0.782051282051282,0.384615384615385,0.814814814814815,0.615384615384615,0.185185185185185,2.07692307692308,0.755244755244755
"2675",0.775,0.418741637186719,0.470588235294118,0.713166144200627,0.363636363636364,0.931034482758621,0.636363636363636,0.0689655172413793,5.27272727272727,0.683501683501683
"2676",0.775,0.355176108576788,0.608695652173913,0.89,0.7,0.8,0.3,0.2,3.5,0.375
"2677",0.65,0.482459750872044,0.416666666666667,0.701666666666667,0.5,0.7,0.5,0.3,1.66666666666667,0.714285714285714
"2678",0.775,0.395786390672226,0.470588235294118,0.733333333333333,0.4,0.9,0.6,0.1,4,0.666666666666667
"2679",0.85,0.319867905311683,0.666666666666667,0.942652329749104,0.666666666666667,0.903225806451613,0.333333333333333,0.0967741935483871,6.88888888888889,0.369047619047619
"2680",0.825,0.397712663885583,0.72,0.876068376068376,0.692307692307692,0.888888888888889,0.307692307692308,0.111111111111111,6.23076923076923,0.346153846153846
"2681",0.825,0.34283045093834,0.72,0.90625,0.75,0.857142857142857,0.25,0.142857142857143,5.25,0.291666666666667
"2682",0.725,0.428350340786847,0.592592592592593,0.856770833333333,0.5,0.875,0.5,0.125,4,0.571428571428571
"2683",0.85,0.356625934784394,0.727272727272727,0.916666666666667,0.666666666666667,0.928571428571429,0.333333333333333,0.0714285714285714,9.33333333333334,0.358974358974359
"2684",0.7,0.37736684666728,0.538461538461538,0.80952380952381,0.583333333333333,0.75,0.416666666666667,0.25,2.33333333333333,0.555555555555555
"2685",0.775,0.395799818566069,0.571428571428571,0.725,0.6,0.833333333333333,0.4,0.166666666666667,3.6,0.48
"2686",0.875,0.342286403651645,0.8,0.888392857142857,0.833333333333333,0.892857142857143,0.166666666666667,0.107142857142857,7.77777777777778,0.186666666666667
"2687",0.875,0.337541816313243,0.782608695652174,0.904558404558405,0.692307692307692,0.962962962962963,0.307692307692308,0.0370370370370371,18.6923076923077,0.319526627218935
"2688",0.9,0.286212551783798,0.75,0.892578125,0.75,0.9375,0.25,0.0625,12,0.266666666666667
"2689",0.775,0.358592341228371,0.608695652173913,0.885304659498208,0.777777777777778,0.774193548387097,0.222222222222222,0.225806451612903,3.44444444444444,0.287037037037037
"2690",0.7,0.452791661071556,0.4,0.779761904761905,0.333333333333333,0.857142857142857,0.666666666666667,0.142857142857143,2.33333333333333,0.777777777777778
"2691",0.825,0.329496671026853,0.461538461538462,0.83982683982684,0.428571428571429,0.909090909090909,0.571428571428571,0.0909090909090909,4.71428571428571,0.628571428571429
"2692",0.825,0.327222146325528,0.72,0.924764890282132,0.818181818181818,0.827586206896552,0.181818181818182,0.172413793103448,4.74545454545455,0.21969696969697
"2693",0.775,0.365217691246387,0.608695652173913,0.793333333333333,0.7,0.8,0.3,0.2,3.5,0.375
"2694",0.8,0.379271552327669,0.692307692307692,0.953333333333333,0.6,0.92,0.4,0.08,7.5,0.434782608695652
"2695",0.825,0.365243162633183,0.533333333333333,0.81,0.4,0.966666666666667,0.6,0.0333333333333333,12,0.620689655172414
"2696",0.875,0.273180585345477,0.666666666666667,0.942857142857143,1,0.857142857142857,0,0.142857142857143,7,0
"2697",0.875,0.332315786626192,0.782608695652174,0.926666666666667,0.9,0.866666666666667,0.1,0.133333333333333,6.75,0.115384615384615
"2698",0.8,0.38510730969996,0.5,0.866071428571428,0.333333333333333,1,0.666666666666667,0,Inf,0.666666666666667
"2699",0.8,0.387349695701654,0.666666666666667,0.82051282051282,0.615384615384615,0.888888888888889,0.384615384615385,0.111111111111111,5.53846153846154,0.432692307692308
"2700",0.8,0.425517682125719,0.636363636363636,0.815934065934066,0.5,0.961538461538462,0.5,0.0384615384615384,13,0.52
"2701",0.7,0.395360862641046,0.454545454545455,0.826164874551971,0.555555555555556,0.741935483870968,0.444444444444444,0.258064516129032,2.15277777777778,0.599033816425121
"2702",0.8,0.37458071179589,0.692307692307692,0.898666666666667,0.6,0.92,0.4,0.08,7.5,0.434782608695652
"2703",0.8,0.413203016482173,0.666666666666667,0.850666666666667,0.533333333333333,0.96,0.466666666666667,0.04,13.3333333333333,0.486111111111111
"2704",0.75,0.416082506785866,0.444444444444444,0.798333333333333,0.4,0.866666666666667,0.6,0.133333333333333,3,0.692307692307692
"2705",0.775,0.416748486448206,0.608695652173913,0.712797619047619,0.583333333333333,0.857142857142857,0.416666666666667,0.142857142857143,4.08333333333333,0.486111111111111
"2706",0.825,0.353642596730832,0.72,0.874643874643875,0.692307692307692,0.888888888888889,0.307692307692308,0.111111111111111,6.23076923076923,0.346153846153846
"2707",0.8,0.384489616258427,0.6,0.79153605015674,0.545454545454545,0.896551724137931,0.454545454545455,0.103448275862069,5.27272727272727,0.506993006993007
"2708",0.875,0.274977273913937,0.666666666666667,0.887445887445887,0.714285714285714,0.909090909090909,0.285714285714286,0.0909090909090909,7.85714285714285,0.314285714285714
"2709",0.8,0.369093337914159,0.636363636363636,0.866071428571429,0.583333333333333,0.892857142857143,0.416666666666667,0.107142857142857,5.44444444444445,0.466666666666667
"2710",0.825,0.404753773802142,0.72,0.796296296296296,0.692307692307692,0.888888888888889,0.307692307692308,0.111111111111111,6.23076923076923,0.346153846153846
"2711",0.8,0.373851728041123,0.5,0.863799283154122,0.444444444444444,0.903225806451613,0.555555555555556,0.0967741935483871,4.59259259259259,0.615079365079365
"2712",0.825,0.35835432954792,0.631578947368421,0.883333333333333,0.6,0.9,0.4,0.1,6,0.444444444444444
"2713",0.825,0.341580527963805,0.631578947368421,0.899641577060932,0.666666666666667,0.870967741935484,0.333333333333333,0.129032258064516,5.16666666666667,0.382716049382716
"2714",0.9,0.280723786021239,0.75,0.896103896103896,0.857142857142857,0.909090909090909,0.142857142857143,0.0909090909090909,9.42857142857143,0.157142857142857
"2715",0.9,0.33064503406268,0.777777777777778,0.890282131661442,0.636363636363636,1,0.363636363636364,0,Inf,0.363636363636364
"2716",0.775,0.386399361595922,0.571428571428571,0.827586206896552,0.545454545454545,0.862068965517241,0.454545454545455,0.137931034482759,3.95454545454545,0.527272727272727
"2717",0.75,0.429525447641425,0.545454545454545,0.864010989010989,0.428571428571429,0.923076923076923,0.571428571428571,0.0769230769230769,5.57142857142857,0.619047619047619
"2718",0.825,0.391299504702072,0.695652173913043,0.851648351648352,0.571428571428571,0.961538461538462,0.428571428571429,0.0384615384615384,14.8571428571429,0.445714285714286
"2719",0.85,0.27179333673682,0.625,0.948051948051948,0.714285714285714,0.878787878787879,0.285714285714286,0.121212121212121,5.89285714285714,0.32512315270936
"2720",0.825,0.33756785571748,0.695652173913043,0.916666666666667,0.8,0.833333333333333,0.2,0.166666666666667,4.8,0.24
"2721",0.85,0.359367306704944,0.727272727272727,0.851190476190476,0.666666666666667,0.928571428571429,0.333333333333333,0.0714285714285714,9.33333333333334,0.358974358974359
"2722",0.9,0.284552157563824,0.8,0.960573476702509,0.888888888888889,0.903225806451613,0.111111111111111,0.0967741935483871,9.18518518518518,0.123015873015873
"2723",0.725,0.397488184944892,0.421052631578947,0.725806451612903,0.444444444444444,0.806451612903226,0.555555555555556,0.193548387096774,2.2962962962963,0.688888888888889
"2724",0.9,0.263566310704097,0.75,0.973039215686274,1,0.882352941176471,0,0.117647058823529,8.5,0
"2725",0.675,0.445584426349101,0.518518518518518,0.735042735042735,0.538461538461538,0.740740740740741,0.461538461538462,0.259259259259259,2.07692307692308,0.623076923076923
"2726",0.85,0.373325123291923,0.75,0.816239316239316,0.692307692307692,0.925925925925926,0.307692307692308,0.0740740740740741,9.34615384615385,0.332307692307692
"2727",0.85,0.337887891898365,0.75,0.943019943019943,0.692307692307692,0.925925925925926,0.307692307692308,0.0740740740740741,9.34615384615385,0.332307692307692
"2728",0.85,0.327490438229884,0.75,0.901785714285714,0.75,0.892857142857143,0.25,0.107142857142857,7,0.28
"2729",0.875,0.318715229017798,0.782608695652174,0.90327380952381,0.75,0.928571428571429,0.25,0.0714285714285714,10.5,0.269230769230769
"2730",0.775,0.433551219165484,0.526315789473684,0.683333333333333,0.5,0.866666666666667,0.5,0.133333333333333,3.75,0.576923076923077
"2731",0.75,0.430864632191188,0.545454545454545,0.78422619047619,0.5,0.857142857142857,0.5,0.142857142857143,3.5,0.583333333333333
"2732",0.85,0.333474721779423,0.666666666666667,0.855,0.6,0.933333333333333,0.4,0.0666666666666667,9,0.428571428571429
"2733",0.85,0.329433740120793,0.75,0.943452380952381,0.75,0.892857142857143,0.25,0.107142857142857,7,0.28
"2734",0.725,0.407816941650949,0.476190476190476,0.776666666666667,0.5,0.8,0.5,0.2,2.5,0.625
"2735",0.725,0.386327499692474,0.56,0.870967741935484,0.777777777777778,0.709677419354839,0.222222222222222,0.290322580645161,2.67901234567901,0.313131313131313
"2736",0.75,0.420817431433882,0.642857142857143,0.836990595611285,0.818181818181818,0.724137931034483,0.181818181818182,0.275862068965517,2.96590909090909,0.251082251082251
"2737",0.725,0.392737931207339,0.421052631578947,0.696078431372549,0.666666666666667,0.735294117647059,0.333333333333333,0.264705882352941,2.51851851851852,0.453333333333333
"2738",0.75,0.396186406525152,0.583333333333333,0.821666666666667,0.7,0.766666666666667,0.3,0.233333333333333,3,0.391304347826087
"2739",0.825,0.313104056848327,0.461538461538462,0.78,0.6,0.857142857142857,0.4,0.142857142857143,4.2,0.466666666666667
"2740",0.85,0.308966307981634,0.727272727272727,0.942652329749104,0.888888888888889,0.838709677419355,0.111111111111111,0.161290322580645,5.51111111111111,0.132478632478633
"2741",0.775,0.4157828823177,0.64,0.809116809116809,0.615384615384615,0.851851851851852,0.384615384615385,0.148148148148148,4.15384615384615,0.451505016722408
"2742",0.75,0.429803945628048,0.642857142857143,0.753333333333333,0.6,0.84,0.4,0.16,3.75,0.476190476190476
"2743",0.85,0.322252448604868,0.625,0.85663082437276,0.555555555555556,0.935483870967742,0.444444444444444,0.0645161290322581,8.6111111111111,0.475095785440613
"2744",0.825,0.422341211475,0.72,0.807692307692308,0.642857142857143,0.923076923076923,0.357142857142857,0.0769230769230769,8.35714285714286,0.386904761904762
"2745",0.75,0.421562982979146,0.583333333333333,0.83048433048433,0.538461538461538,0.851851851851852,0.461538461538462,0.148148148148148,3.63461538461538,0.54180602006689
"2746",0.775,0.415534348836562,0.526315789473684,0.809116809116809,0.384615384615385,0.962962962962963,0.615384615384615,0.0370370370370371,10.3846153846154,0.63905325443787
"2747",0.8,0.368503755213445,0.666666666666667,0.796238244514107,0.727272727272727,0.827586206896552,0.272727272727273,0.172413793103448,4.21818181818182,0.329545454545455
"2748",0.825,0.338040261467196,0.666666666666667,0.810344827586207,0.636363636363636,0.896551724137931,0.363636363636364,0.103448275862069,6.15151515151515,0.405594405594406
"2749",0.8,0.371558078190604,0.692307692307692,0.860119047619048,0.75,0.821428571428571,0.25,0.178571428571429,4.2,0.304347826086957
"2750",0.875,0.353622619404217,0.761904761904762,0.861666666666667,0.8,0.9,0.2,0.1,8,0.222222222222222
"2751",0.7,0.465314943534414,0.538461538461538,0.849104859335038,0.411764705882353,0.91304347826087,0.588235294117647,0.0869565217391305,4.73529411764706,0.644257703081233
"2752",0.825,0.348067238624812,0.631578947368421,0.85423197492163,0.545454545454545,0.931034482758621,0.454545454545455,0.0689655172413793,7.90909090909091,0.488215488215488
"2753",0.825,0.376687451035194,0.533333333333333,0.718637992831541,0.444444444444444,0.935483870967742,0.555555555555556,0.0645161290322581,6.88888888888888,0.593869731800766
"2754",0.875,0.318421258986315,0.705882352941177,0.873333333333333,0.6,0.966666666666667,0.4,0.0333333333333333,18,0.413793103448276
"2755",0.825,0.377331831015685,0.72,0.930666666666667,0.6,0.96,0.4,0.04,15,0.416666666666667
"2756",0.9,0.330342324855284,0.75,0.797491039426523,0.666666666666667,0.967741935483871,0.333333333333333,0.032258064516129,20.6666666666667,0.344444444444444
"2757",0.9,0.341397379188946,0.833333333333333,0.885989010989011,0.714285714285714,1,0.285714285714286,0,Inf,0.285714285714286
"2758",0.8,0.338931965184656,0.6,0.872759856630824,0.666666666666667,0.838709677419355,0.333333333333333,0.161290322580645,4.13333333333333,0.397435897435897
"2759",0.7,0.454953458402755,0.454545454545455,0.748046875,0.625,0.71875,0.375,0.28125,2.22222222222222,0.521739130434783
"2760",0.8,0.363697103910654,0.5,0.783154121863799,0.444444444444444,0.903225806451613,0.555555555555556,0.0967741935483871,4.59259259259259,0.615079365079365
"2761",0.75,0.418666171518973,0.375,0.698924731182796,0.333333333333333,0.870967741935484,0.666666666666667,0.129032258064516,2.58333333333333,0.765432098765432
"2762",0.75,0.421595137111688,0.615384615384615,0.847578347578348,0.615384615384615,0.814814814814815,0.384615384615385,0.185185185185185,3.32307692307692,0.472027972027972
"2763",0.825,0.390180922078004,0.758620689655172,0.857333333333333,0.733333333333333,0.88,0.266666666666667,0.12,6.11111111111111,0.303030303030303
"2764",0.8,0.327302066622921,0.6,0.825,0.6,0.866666666666667,0.4,0.133333333333333,4.5,0.461538461538462
"2765",0.8,0.38082346336369,0.555555555555556,0.813620071684588,0.555555555555556,0.870967741935484,0.444444444444444,0.129032258064516,4.30555555555556,0.510288065843621
"2766",0.7,0.478097171097564,0.625,0.748626373626374,0.714285714285714,0.692307692307692,0.285714285714286,0.307692307692308,2.32142857142857,0.412698412698413
"2767",0.85,0.352789779639095,0.75,0.910714285714286,0.642857142857143,0.961538461538462,0.357142857142857,0.0384615384615384,16.7142857142857,0.371428571428571
"2768",0.85,0.327352653094374,0.727272727272727,0.898119122257053,0.727272727272727,0.896551724137931,0.272727272727273,0.103448275862069,7.03030303030303,0.304195804195804
"2769",0.75,0.417411906407823,0.615384615384615,0.793333333333333,0.533333333333333,0.88,0.466666666666667,0.12,4.44444444444444,0.53030303030303
"2770",0.775,0.433724030210121,0.608695652173913,0.787749287749288,0.538461538461538,0.888888888888889,0.461538461538462,0.111111111111111,4.84615384615384,0.519230769230769
"2771",0.775,0.396947981488432,0.608695652173913,0.830357142857143,0.583333333333333,0.857142857142857,0.416666666666667,0.142857142857143,4.08333333333333,0.486111111111111
"2772",0.875,0.340878000028018,0.782608695652174,0.918495297805643,0.818181818181818,0.896551724137931,0.181818181818182,0.103448275862069,7.90909090909091,0.202797202797203
"2773",0.875,0.357161558281474,0.8,0.87037037037037,0.769230769230769,0.925925925925926,0.230769230769231,0.0740740740740741,10.3846153846154,0.249230769230769
"2774",0.8,0.367760870911736,0.666666666666667,0.868945868945869,0.615384615384615,0.888888888888889,0.384615384615385,0.111111111111111,5.53846153846154,0.432692307692308
"2775",0.775,0.394138153230652,0.608695652173913,0.77115987460815,0.636363636363636,0.827586206896552,0.363636363636364,0.172413793103448,3.69090909090909,0.439393939393939
"2776",0.8,0.387407180764088,0.636363636363636,0.832288401253918,0.636363636363636,0.862068965517241,0.363636363636364,0.137931034482759,4.61363636363636,0.421818181818182
"2777",0.85,0.357256511719733,0.7,0.851097178683386,0.636363636363636,0.931034482758621,0.363636363636364,0.0689655172413793,9.22727272727272,0.390572390572391
"2778",0.775,0.40332362082008,0.526315789473684,0.876068376068376,0.384615384615385,0.962962962962963,0.615384615384615,0.0370370370370371,10.3846153846154,0.63905325443787
"2779",0.825,0.348383537982374,0.695652173913043,0.923197492163009,0.727272727272727,0.862068965517241,0.272727272727273,0.137931034482759,5.27272727272727,0.316363636363636
"2780",0.825,0.344242624844289,0.72,0.877492877492878,0.692307692307692,0.888888888888889,0.307692307692308,0.111111111111111,6.23076923076923,0.346153846153846
"2781",0.85,0.349275523998769,0.75,0.915954415954416,0.692307692307692,0.925925925925926,0.307692307692308,0.0740740740740741,9.34615384615385,0.332307692307692
"2782",0.775,0.395555047452118,0.64,0.84077380952381,0.666666666666667,0.821428571428571,0.333333333333333,0.178571428571429,3.73333333333333,0.405797101449275
"2783",0.825,0.370347308546191,0.72,0.865203761755486,0.818181818181818,0.827586206896552,0.181818181818182,0.172413793103448,4.74545454545455,0.21969696969697
"2784",0.75,0.425233117561162,0.545454545454545,0.793103448275862,0.545454545454545,0.827586206896552,0.454545454545455,0.172413793103448,3.16363636363636,0.549242424242424
"2785",0.825,0.396071514664519,0.631578947368421,0.874643874643875,0.461538461538462,1,0.538461538461538,0,Inf,0.538461538461538
"2786",0.825,0.370156019676008,0.72,0.876488095238095,0.75,0.857142857142857,0.25,0.142857142857143,5.25,0.291666666666667
"2787",0.8,0.390842876304746,0.714285714285714,0.866666666666667,0.666666666666667,0.88,0.333333333333333,0.12,5.55555555555556,0.378787878787879
"2788",0.8,0.404609910076036,0.636363636363636,0.907967032967033,0.5,0.961538461538462,0.5,0.0384615384615384,13,0.52
"2789",0.8,0.373331591419105,0.636363636363636,0.852664576802508,0.636363636363636,0.862068965517241,0.363636363636364,0.137931034482759,4.61363636363636,0.421818181818182
"2790",0.775,0.380451967896034,0.64,0.861823361823362,0.615384615384615,0.851851851851852,0.384615384615385,0.148148148148148,4.15384615384615,0.451505016722408
"2791",0.725,0.42845607161236,0.56,0.763532763532764,0.538461538461538,0.814814814814815,0.461538461538462,0.185185185185185,2.90769230769231,0.566433566433566
"2792",0.825,0.389172283645949,0.695652173913043,0.826923076923077,0.571428571428571,0.961538461538462,0.428571428571429,0.0384615384615384,14.8571428571429,0.445714285714286
"2793",0.85,0.306144226985926,0.625,0.931640625,0.625,0.90625,0.375,0.09375,6.66666666666667,0.413793103448276
"2794",0.85,0.378014565743429,0.666666666666667,0.805,0.6,0.933333333333333,0.4,0.0666666666666667,9,0.428571428571429
"2795",0.8,0.345453854658646,0.636363636363636,0.895,0.7,0.833333333333333,0.3,0.166666666666667,4.2,0.36
"2796",0.85,0.3371690250381,0.571428571428571,0.791015625,0.5,0.9375,0.5,0.0625,8,0.533333333333333
"2797",0.8,0.368740015771963,0.6,0.853333333333333,0.6,0.866666666666667,0.4,0.133333333333333,4.5,0.461538461538462
"2798",0.8,0.37200107903569,0.6,0.86,0.6,0.866666666666667,0.4,0.133333333333333,4.5,0.461538461538462
"2799",0.75,0.415287115876892,0.583333333333333,0.848214285714286,0.583333333333333,0.821428571428571,0.416666666666667,0.178571428571429,3.26666666666667,0.507246376811594
"2800",0.85,0.328795961816084,0.8,0.93019943019943,0.923076923076923,0.814814814814815,0.0769230769230769,0.185185185185185,4.98461538461538,0.0944055944055943
"2801",0.85,0.346964061353262,0.7,0.891369047619048,0.583333333333333,0.964285714285714,0.416666666666667,0.0357142857142857,16.3333333333333,0.432098765432099
"2802",0.825,0.335899625423824,0.631578947368421,0.856666666666667,0.6,0.9,0.4,0.1,6,0.444444444444444
"2803",0.7,0.39139248424159,0.538461538461538,0.779761904761905,0.583333333333333,0.75,0.416666666666667,0.25,2.33333333333333,0.555555555555555
"2804",0.85,0.382527541594405,0.769230769230769,0.884,0.666666666666667,0.96,0.333333333333333,0.04,16.6666666666667,0.347222222222222
"2805",0.725,0.424044282993882,0.56,0.819940476190476,0.583333333333333,0.785714285714286,0.416666666666667,0.214285714285714,2.72222222222222,0.53030303030303
"2806",0.85,0.304424623915932,0.625,0.896057347670251,0.555555555555556,0.935483870967742,0.444444444444444,0.0645161290322581,8.6111111111111,0.475095785440613
"2807",0.7,0.413393228498546,0.5,0.808035714285714,0.5,0.785714285714286,0.5,0.214285714285714,2.33333333333333,0.636363636363636
"2808",0.925,0.313784549970983,0.869565217391304,0.905982905982906,0.769230769230769,1,0.230769230769231,0,Inf,0.230769230769231
"2809",0.75,0.408614015865876,0.615384615384615,0.853021978021978,0.571428571428571,0.846153846153846,0.428571428571429,0.153846153846154,3.71428571428571,0.506493506493507
"2810",0.8,0.373525134985291,0.6,0.829749103942652,0.666666666666667,0.838709677419355,0.333333333333333,0.161290322580645,4.13333333333333,0.397435897435897
"2811",0.775,0.390394635256022,0.666666666666667,0.881510416666667,0.5625,0.916666666666667,0.4375,0.0833333333333334,6.75,0.477272727272727
"2812",0.85,0.318010522054578,0.666666666666667,0.926523297491039,0.666666666666667,0.903225806451613,0.333333333333333,0.0967741935483871,6.88888888888889,0.369047619047619
"2813",0.825,0.389685865292941,0.666666666666667,0.816964285714286,0.583333333333333,0.928571428571429,0.416666666666667,0.0714285714285714,8.16666666666667,0.448717948717949
"2814",0.825,0.358694313865637,0.588235294117647,0.768817204301075,0.555555555555556,0.903225806451613,0.444444444444444,0.0967741935483871,5.74074074074074,0.492063492063492
"2815",0.875,0.372767522437788,0.782608695652174,0.881766381766382,0.692307692307692,0.962962962962963,0.307692307692308,0.0370370370370371,18.6923076923077,0.319526627218935
"2816",0.825,0.397135476801341,0.631578947368421,0.833855799373041,0.545454545454545,0.931034482758621,0.454545454545455,0.0689655172413793,7.90909090909091,0.488215488215488
"2817",0.8,0.372837425611759,0.714285714285714,0.836182336182336,0.769230769230769,0.814814814814815,0.230769230769231,0.185185185185185,4.15384615384615,0.283216783216783
"2818",0.775,0.390650800002477,0.608695652173913,0.804843304843305,0.538461538461538,0.888888888888889,0.461538461538462,0.111111111111111,4.84615384615384,0.519230769230769
"2819",0.775,0.420752764849186,0.526315789473684,0.849002849002849,0.384615384615385,0.962962962962963,0.615384615384615,0.0370370370370371,10.3846153846154,0.63905325443787
"2820",0.8,0.381403432429314,0.666666666666667,0.86833855799373,0.727272727272727,0.827586206896552,0.272727272727273,0.172413793103448,4.21818181818182,0.329545454545455
"2821",0.7,0.446262361099122,0.4,0.718637992831541,0.444444444444444,0.774193548387097,0.555555555555556,0.225806451612903,1.96825396825397,0.717592592592593
"2822",0.75,0.411852265775939,0.5,0.785266457680251,0.454545454545455,0.862068965517241,0.545454545454545,0.137931034482759,3.29545454545454,0.632727272727273
"2823",0.85,0.335961226600356,0.7,0.876666666666667,0.7,0.9,0.3,0.1,7,0.333333333333333
"2824",0.8,0.381682554170285,0.6,0.793103448275862,0.545454545454545,0.896551724137931,0.454545454545455,0.103448275862069,5.27272727272727,0.506993006993007
"2825",0.85,0.353981923789499,0.727272727272727,0.879464285714286,0.666666666666667,0.928571428571429,0.333333333333333,0.0714285714285714,9.33333333333334,0.358974358974359
"2826",0.85,0.291952077968112,0.625,0.884765625,0.625,0.90625,0.375,0.09375,6.66666666666667,0.413793103448276
"2827",0.75,0.378949270585398,0.375,0.788571428571429,0.6,0.771428571428571,0.4,0.228571428571429,2.625,0.518518518518518
"2828",0.775,0.373101456503721,0.526315789473684,0.859375,0.625,0.8125,0.375,0.1875,3.33333333333333,0.461538461538462
"2829",0.9,0.328634688344081,0.777777777777778,0.870967741935484,0.777777777777778,0.935483870967742,0.222222222222222,0.0645161290322581,12.0555555555555,0.237547892720307
"2830",0.8,0.345017800535911,0.555555555555556,0.8828125,0.625,0.84375,0.375,0.15625,4,0.444444444444444
"2831",0.825,0.348383983368632,0.631578947368421,0.8,0.6,0.9,0.4,0.1,6,0.444444444444444
"2832",0.875,0.353380570114508,0.8,0.931318681318681,0.714285714285714,0.961538461538462,0.285714285714286,0.0384615384615384,18.5714285714286,0.297142857142857
"2833",0.75,0.366944484153982,0.5,0.78494623655914,0.555555555555556,0.806451612903226,0.444444444444444,0.193548387096774,2.87037037037037,0.551111111111111
"2834",0.75,0.36766236396372,0.444444444444444,0.796875,0.5,0.8125,0.5,0.1875,2.66666666666667,0.615384615384615
"2835",0.875,0.329151363355501,0.761904761904762,0.933333333333333,0.8,0.9,0.2,0.1,8,0.222222222222222
"2836",0.9,0.317842941577545,0.857142857142857,0.923076923076923,0.923076923076923,0.888888888888889,0.0769230769230769,0.111111111111111,8.3076923076923,0.0865384615384615
"2837",0.825,0.305259168571909,0.588235294117647,0.829004329004329,0.714285714285714,0.848484848484849,0.285714285714286,0.151515151515151,4.71428571428572,0.336734693877551
"2838",0.825,0.345963350055174,0.631578947368421,0.833855799373041,0.545454545454545,0.931034482758621,0.454545454545455,0.0689655172413793,7.90909090909091,0.488215488215488
"2839",0.75,0.411625055660209,0.545454545454545,0.71577380952381,0.5,0.857142857142857,0.5,0.142857142857143,3.5,0.583333333333333
"2840",0.875,0.320031724231476,0.761904761904762,0.938333333333333,0.8,0.9,0.2,0.1,8,0.222222222222222
"2841",0.825,0.385000719499583,0.631578947368421,0.857366771159875,0.545454545454545,0.931034482758621,0.454545454545455,0.0689655172413793,7.90909090909091,0.488215488215488
"2842",0.8,0.35645218991736,0.692307692307692,0.891369047619048,0.75,0.821428571428571,0.25,0.178571428571429,4.2,0.304347826086957
"2843",0.85,0.353215157197515,0.727272727272727,0.843260188087774,0.727272727272727,0.896551724137931,0.272727272727273,0.103448275862069,7.03030303030303,0.304195804195804
"2844",0.775,0.422515327806932,0.526315789473684,0.789968652037618,0.454545454545455,0.896551724137931,0.545454545454545,0.103448275862069,4.39393939393939,0.608391608391608
"2845",0.775,0.367599504580706,0.4,0.704301075268817,0.333333333333333,0.903225806451613,0.666666666666667,0.0967741935483871,3.44444444444444,0.738095238095238
"2846",0.8,0.372076270653006,0.666666666666667,0.862007168458781,0.888888888888889,0.774193548387097,0.111111111111111,0.225806451612903,3.93650793650794,0.143518518518519
"2847",0.775,0.381599269408249,0.571428571428571,0.863247863247863,0.461538461538462,0.925925925925926,0.538461538461538,0.0740740740740741,6.23076923076923,0.581538461538462
"2848",0.775,0.385521967317095,0.64,0.803571428571429,0.666666666666667,0.821428571428571,0.333333333333333,0.178571428571429,3.73333333333333,0.405797101449275
"2849",0.8,0.375821890024491,0.666666666666667,0.819940476190476,0.666666666666667,0.857142857142857,0.333333333333333,0.142857142857143,4.66666666666667,0.388888888888889
"2850",0.85,0.372449876097333,0.727272727272727,0.775297619047619,0.666666666666667,0.928571428571429,0.333333333333333,0.0714285714285714,9.33333333333334,0.358974358974359
"2851",0.875,0.330786585605522,0.705882352941177,0.852813852813853,0.857142857142857,0.878787878787879,0.142857142857143,0.121212121212121,7.07142857142857,0.16256157635468
"2852",0.775,0.363335336135009,0.526315789473684,0.833333333333333,0.555555555555556,0.838709677419355,0.444444444444444,0.161290322580645,3.44444444444445,0.52991452991453
"2853",0.75,0.430227151155008,0.666666666666667,0.819088319088319,0.769230769230769,0.740740740740741,0.230769230769231,0.259259259259259,2.96703296703297,0.311538461538461
"2854",0.875,0.346420240720463,0.782608695652174,0.834821428571429,0.75,0.928571428571429,0.25,0.0714285714285714,10.5,0.269230769230769
"2855",0.825,0.291159742651755,0.533333333333333,0.937142857142857,0.8,0.828571428571429,0.2,0.171428571428571,4.66666666666667,0.241379310344828
"2856",0.825,0.352141557605277,0.695652173913043,0.858333333333333,0.8,0.833333333333333,0.2,0.166666666666667,4.8,0.24
"2857",0.825,0.352659752088524,0.631578947368421,0.787109375,0.75,0.84375,0.25,0.15625,4.8,0.296296296296296
"2858",0.8,0.382868445818102,0.5,0.803030303030303,0.571428571428571,0.848484848484849,0.428571428571429,0.151515151515151,3.77142857142857,0.505102040816327
"2859",0.85,0.33233315651227,0.7,0.84012539184953,0.636363636363636,0.931034482758621,0.363636363636364,0.0689655172413793,9.22727272727272,0.390572390572391
"2860",0.75,0.408264089050969,0.583333333333333,0.835164835164835,0.5,0.884615384615385,0.5,0.115384615384615,4.33333333333333,0.565217391304348
"2861",0.7,0.401993796968767,0.5,0.781362007168459,0.666666666666667,0.709677419354839,0.333333333333333,0.290322580645161,2.2962962962963,0.46969696969697
"2862",0.85,0.325343628490558,0.571428571428571,0.865234375,0.5,0.9375,0.5,0.0625,8,0.533333333333333
"2863",0.775,0.392485691233997,0.64,0.822666666666667,0.533333333333333,0.92,0.466666666666667,0.08,6.66666666666667,0.507246376811594
"2864",0.875,0.335331413353436,0.8,0.895833333333333,0.833333333333333,0.892857142857143,0.166666666666667,0.107142857142857,7.77777777777778,0.186666666666667
"2865",0.875,0.349446543456446,0.782608695652174,0.925925925925926,0.692307692307692,0.962962962962963,0.307692307692308,0.0370370370370371,18.6923076923077,0.319526627218935
"2866",0.75,0.446468264197793,0.6875,0.80690537084399,0.647058823529412,0.826086956521739,0.352941176470588,0.173913043478261,3.72058823529412,0.427244582043344
"2867",0.85,0.324368641925786,0.75,0.938988095238095,0.75,0.892857142857143,0.25,0.107142857142857,7,0.28
"2868",0.775,0.410582280970595,0.666666666666667,0.764957264957265,0.692307692307692,0.814814814814815,0.307692307692308,0.185185185185185,3.73846153846154,0.377622377622378
"2869",0.875,0.283527825091752,0.8,0.968652037617555,0.909090909090909,0.862068965517241,0.0909090909090909,0.137931034482759,6.59090909090909,0.105454545454545
"2870",0.85,0.363915143397711,0.727272727272727,0.893162393162393,0.615384615384615,0.962962962962963,0.384615384615385,0.0370370370370371,16.6153846153846,0.399408284023669
"2871",0.8,0.373438545685737,0.692307692307692,0.87797619047619,0.75,0.821428571428571,0.25,0.178571428571429,4.2,0.304347826086957
"2872",0.8,0.339849199430378,0.555555555555556,0.892578125,0.625,0.84375,0.375,0.15625,4,0.444444444444444
"2873",0.8,0.387424359569813,0.692307692307692,0.841333333333333,0.6,0.92,0.4,0.08,7.5,0.434782608695652
"2874",0.775,0.39628473816979,0.666666666666667,0.829059829059829,0.692307692307692,0.814814814814815,0.307692307692308,0.185185185185185,3.73846153846154,0.377622377622378
"2875",0.925,0.311113466554816,0.823529411764706,0.942652329749104,0.777777777777778,0.967741935483871,0.222222222222222,0.032258064516129,24.1111111111111,0.22962962962963
"2876",0.75,0.388220107163291,0.444444444444444,0.797142857142857,0.8,0.742857142857143,0.2,0.257142857142857,3.11111111111111,0.269230769230769
"2877",0.85,0.329024345271082,0.666666666666667,0.869175627240143,0.666666666666667,0.903225806451613,0.333333333333333,0.0967741935483871,6.88888888888889,0.369047619047619
"2878",0.85,0.322011805482995,0.666666666666667,0.841796875,0.75,0.875,0.25,0.125,6,0.285714285714286
"2879",0.8,0.344697089427481,0.6,0.85663082437276,0.666666666666667,0.838709677419355,0.333333333333333,0.161290322580645,4.13333333333333,0.397435897435897
"2880",0.7,0.467478818628743,0.538461538461538,0.797333333333333,0.466666666666667,0.84,0.533333333333333,0.16,2.91666666666667,0.634920634920635
"2881",0.775,0.377821235716272,0.526315789473684,0.905956112852665,0.454545454545455,0.896551724137931,0.545454545454545,0.103448275862069,4.39393939393939,0.608391608391608
"2882",0.875,0.354393672339399,0.736842105263158,0.910658307210031,0.636363636363636,0.96551724137931,0.363636363636364,0.0344827586206896,18.4545454545455,0.376623376623377
"2883",0.825,0.376289694173736,0.631578947368421,0.900297619047619,0.5,0.964285714285714,0.5,0.0357142857142857,14,0.518518518518518
"2884",0.875,0.295854163304713,0.666666666666667,0.861328125,0.625,0.9375,0.375,0.0625,10,0.4
"2885",0.85,0.410551537206594,0.727272727272727,0.82967032967033,0.571428571428571,1,0.428571428571429,0,Inf,0.428571428571429
"2886",0.75,0.337517201792216,0.444444444444444,0.830882352941177,0.666666666666667,0.764705882352941,0.333333333333333,0.235294117647059,2.83333333333333,0.435897435897436
"2887",0.875,0.309111134558414,0.736842105263158,0.866666666666667,0.7,0.933333333333333,0.3,0.0666666666666667,10.5,0.321428571428571
"2888",0.725,0.452788442887871,0.521739130434783,0.757834757834758,0.461538461538462,0.851851851851852,0.538461538461538,0.148148148148148,3.11538461538462,0.632107023411371
"2889",0.85,0.313702056077623,0.769230769230769,0.903133903133903,0.769230769230769,0.888888888888889,0.230769230769231,0.111111111111111,6.92307692307692,0.259615384615385
"2890",0.825,0.388761524158948,0.631578947368421,0.717868338557994,0.545454545454545,0.931034482758621,0.454545454545455,0.0689655172413793,7.90909090909091,0.488215488215488
"2891",0.85,0.302930683832473,0.75,0.904388714733542,0.818181818181818,0.862068965517241,0.181818181818182,0.137931034482759,5.93181818181818,0.210909090909091
"2892",0.825,0.347464954300959,0.588235294117647,0.885281385281385,0.714285714285714,0.848484848484849,0.285714285714286,0.151515151515151,4.71428571428572,0.336734693877551
"2893",0.775,0.39626337841658,0.64,0.851851851851852,0.615384615384615,0.851851851851852,0.384615384615385,0.148148148148148,4.15384615384615,0.451505016722408
"2894",0.8,0.329039637284799,0.6,0.845878136200717,0.666666666666667,0.838709677419355,0.333333333333333,0.161290322580645,4.13333333333333,0.397435897435897
"2895",0.775,0.351095717175469,0.526315789473684,0.783549783549784,0.714285714285714,0.787878787878788,0.285714285714286,0.212121212121212,3.36734693877551,0.362637362637363
"2896",0.7,0.398512483162102,0.333333333333333,0.705627705627706,0.428571428571429,0.757575757575758,0.571428571428571,0.242424242424242,1.76785714285714,0.754285714285714
"2897",0.8,0.396234837204159,0.666666666666667,0.851648351648352,0.571428571428571,0.923076923076923,0.428571428571429,0.0769230769230769,7.42857142857143,0.464285714285714
"2898",0.75,0.426190496314085,0.5,0.727272727272727,0.454545454545455,0.862068965517241,0.545454545454545,0.137931034482759,3.29545454545454,0.632727272727273
"2899",0.825,0.338171705539024,0.695652173913043,0.888333333333333,0.8,0.833333333333333,0.2,0.166666666666667,4.8,0.24
"2900",0.85,0.318144287091503,0.7,0.936666666666667,0.7,0.9,0.3,0.1,7,0.333333333333333
"2901",0.775,0.388051110454928,0.608695652173913,0.772401433691756,0.777777777777778,0.774193548387097,0.222222222222222,0.225806451612903,3.44444444444444,0.287037037037037
"2902",0.825,0.355075960962255,0.72,0.92022792022792,0.692307692307692,0.888888888888889,0.307692307692308,0.111111111111111,6.23076923076923,0.346153846153846
"2903",0.825,0.41177693254507,0.666666666666667,0.881868131868132,0.5,1,0.5,0,Inf,0.5
"2904",0.775,0.371421687649842,0.470588235294118,0.824372759856631,0.444444444444444,0.870967741935484,0.555555555555556,0.129032258064516,3.44444444444444,0.637860082304527
"2905",0.825,0.360650270016284,0.631578947368421,0.915360501567398,0.545454545454545,0.931034482758621,0.454545454545455,0.0689655172413793,7.90909090909091,0.488215488215488
"2906",0.725,0.43083532617341,0.521739130434783,0.842032967032967,0.428571428571429,0.884615384615385,0.571428571428571,0.115384615384615,3.71428571428571,0.645962732919255
"2907",0.925,0.259999518075113,0.88,0.987460815047022,1,0.896551724137931,0,0.103448275862069,9.66666666666667,0
"2908",0.7,0.431556305599825,0.571428571428571,0.86,0.8,0.666666666666667,0.2,0.333333333333333,2.4,0.3
"2909",0.8,0.405543607286156,0.5,0.794670846394984,0.363636363636364,0.96551724137931,0.636363636363636,0.0344827586206896,10.5454545454546,0.659090909090909
"2910",0.8,0.389693299927493,0.555555555555556,0.73,0.5,0.9,0.5,0.1,5,0.555555555555556
"2911",0.875,0.315018744948959,0.705882352941177,0.921146953405018,0.666666666666667,0.935483870967742,0.333333333333333,0.0645161290322581,10.3333333333333,0.35632183908046
"2912",0.85,0.312629456004493,0.666666666666667,0.804659498207885,0.666666666666667,0.903225806451613,0.333333333333333,0.0967741935483871,6.88888888888889,0.369047619047619
"2913",0.7,0.401759615561134,0.454545454545455,0.727598566308244,0.555555555555556,0.741935483870968,0.444444444444444,0.258064516129032,2.15277777777778,0.599033816425121
"2914",0.875,0.354867203799657,0.8,0.855799373040752,0.909090909090909,0.862068965517241,0.0909090909090909,0.137931034482759,6.59090909090909,0.105454545454545
"2915",0.85,0.300747799246258,0.625,0.883116883116883,0.714285714285714,0.878787878787879,0.285714285714286,0.121212121212121,5.89285714285714,0.32512315270936
"2916",0.825,0.403427432058383,0.695652173913043,0.750783699059561,0.727272727272727,0.862068965517241,0.272727272727273,0.137931034482759,5.27272727272727,0.316363636363636
"2917",0.925,0.270288414747802,0.857142857142857,0.971666666666667,0.9,0.933333333333333,0.1,0.0666666666666667,13.5,0.107142857142857
"2918",0.85,0.374578915254435,0.75,0.915954415954416,0.692307692307692,0.925925925925926,0.307692307692308,0.0740740740740741,9.34615384615385,0.332307692307692
"2919",0.725,0.455719650740209,0.592592592592593,0.791208791208791,0.571428571428571,0.807692307692308,0.428571428571429,0.192307692307692,2.97142857142857,0.530612244897959
"2920",0.85,0.283969122876621,0.666666666666667,0.919921875,0.75,0.875,0.25,0.125,6,0.285714285714286
"2921",0.775,0.385072131661591,0.666666666666667,0.876068376068376,0.692307692307692,0.814814814814815,0.307692307692308,0.185185185185185,3.73846153846154,0.377622377622378
"2922",0.825,0.333928025101946,0.72,0.889880952380952,0.75,0.857142857142857,0.25,0.142857142857143,5.25,0.291666666666667
"2923",0.875,0.304065234081046,0.705882352941177,0.873046875,0.75,0.90625,0.25,0.09375,8,0.275862068965517
"2924",0.8,0.393459077305689,0.636363636363636,0.896978021978022,0.5,0.961538461538462,0.5,0.0384615384615384,13,0.52
"2925",0.75,0.367819041920143,0.642857142857143,0.901253918495298,0.818181818181818,0.724137931034483,0.181818181818182,0.275862068965517,2.96590909090909,0.251082251082251
"2926",0.775,0.405885874919829,0.608695652173913,0.846153846153846,0.538461538461538,0.888888888888889,0.461538461538462,0.111111111111111,4.84615384615384,0.519230769230769
"2927",0.8,0.405449094521972,0.636363636363636,0.814814814814815,0.538461538461538,0.925925925925926,0.461538461538462,0.0740740740740741,7.26923076923077,0.498461538461539
"2928",0.875,0.290501220062115,0.666666666666667,0.859307359307359,0.714285714285714,0.909090909090909,0.285714285714286,0.0909090909090909,7.85714285714285,0.314285714285714
"2929",0.825,0.398973330126383,0.666666666666667,0.766369047619048,0.583333333333333,0.928571428571429,0.416666666666667,0.0714285714285714,8.16666666666667,0.448717948717949
"2930",0.8,0.356874182932437,0.6,0.793103448275862,0.545454545454545,0.896551724137931,0.454545454545455,0.103448275862069,5.27272727272727,0.506993006993007
"2931",0.85,0.342967566043323,0.7,0.866771159874608,0.636363636363636,0.931034482758621,0.363636363636364,0.0689655172413793,9.22727272727272,0.390572390572391
"2932",0.8,0.410971968370285,0.714285714285714,0.81456043956044,0.714285714285714,0.846153846153846,0.285714285714286,0.153846153846154,4.64285714285714,0.337662337662338
"2933",0.9,0.307471818675748,0.714285714285714,0.926406926406926,0.714285714285714,0.939393939393939,0.285714285714286,0.0606060606060606,11.7857142857143,0.304147465437788
"2934",0.775,0.441766177499991,0.571428571428571,0.782738095238095,0.5,0.892857142857143,0.5,0.107142857142857,4.66666666666667,0.56
"2935",0.65,0.53739788923175,0.363636363636364,0.777493606138107,0.235294117647059,0.956521739130435,0.764705882352941,0.0434782608695652,5.41176470588236,0.799465240641711
"2936",0.775,0.359039851186447,0.608695652173913,0.870967741935484,0.777777777777778,0.774193548387097,0.222222222222222,0.225806451612903,3.44444444444444,0.287037037037037
"2937",0.8,0.383743973390166,0.666666666666667,0.793447293447293,0.615384615384615,0.888888888888889,0.384615384615385,0.111111111111111,5.53846153846154,0.432692307692308
"2938",0.775,0.370395119828783,0.526315789473684,0.898333333333333,0.5,0.866666666666667,0.5,0.133333333333333,3.75,0.576923076923077
"2939",0.725,0.480103898719565,0.56,0.8125,0.4375,0.916666666666667,0.5625,0.0833333333333334,5.25,0.613636363636364
"2940",0.825,0.349390293950184,0.631578947368421,0.770609318996416,0.666666666666667,0.870967741935484,0.333333333333333,0.129032258064516,5.16666666666667,0.382716049382716
"2941",0.825,0.347436124745181,0.631578947368421,0.876344086021505,0.666666666666667,0.870967741935484,0.333333333333333,0.129032258064516,5.16666666666667,0.382716049382716
"2942",0.875,0.393783438040331,0.782608695652174,0.783475783475784,0.692307692307692,0.962962962962963,0.307692307692308,0.0370370370370371,18.6923076923077,0.319526627218935
"2943",0.85,0.364808519725357,0.727272727272727,0.857142857142857,0.666666666666667,0.928571428571429,0.333333333333333,0.0714285714285714,9.33333333333334,0.358974358974359
"2944",0.825,0.364592213244152,0.588235294117647,0.823333333333333,0.5,0.933333333333333,0.5,0.0666666666666667,7.5,0.535714285714286
"2945",0.825,0.33901945955203,0.588235294117647,0.848484848484849,0.714285714285714,0.848484848484849,0.285714285714286,0.151515151515151,4.71428571428572,0.336734693877551
"2946",0.725,0.450636078871462,0.476190476190476,0.857333333333333,0.333333333333333,0.96,0.666666666666667,0.04,8.33333333333333,0.694444444444445
"2947",0.775,0.351112001877774,0.571428571428571,0.818996415770609,0.666666666666667,0.806451612903226,0.333333333333333,0.193548387096774,3.44444444444444,0.413333333333333
"2948",0.825,0.349967896911686,0.461538461538462,0.863799283154122,0.333333333333333,0.967741935483871,0.666666666666667,0.032258064516129,10.3333333333333,0.688888888888889
"2949",0.85,0.313801906999812,0.571428571428571,0.867647058823529,0.666666666666667,0.882352941176471,0.333333333333333,0.117647058823529,5.66666666666667,0.377777777777778
"2950",0.85,0.376681975465635,0.7,0.81547619047619,0.583333333333333,0.964285714285714,0.416666666666667,0.0357142857142857,16.3333333333333,0.432098765432099
"2951",0.825,0.371947741397848,0.72,0.839031339031339,0.692307692307692,0.888888888888889,0.307692307692308,0.111111111111111,6.23076923076923,0.346153846153846
"2952",0.8,0.401144044708668,0.6,0.818452380952381,0.5,0.928571428571429,0.5,0.0714285714285714,7,0.538461538461538
"2953",0.825,0.367718663990491,0.666666666666667,0.813333333333333,0.7,0.866666666666667,0.3,0.133333333333333,5.25,0.346153846153846
"2954",0.8,0.374179498376081,0.636363636363636,0.768333333333333,0.7,0.833333333333333,0.3,0.166666666666667,4.2,0.36
"2955",0.775,0.414922056068077,0.608695652173913,0.866758241758242,0.5,0.923076923076923,0.5,0.0769230769230769,6.5,0.541666666666667
"2956",0.85,0.377448167507794,0.727272727272727,0.858974358974359,0.615384615384615,0.962962962962963,0.384615384615385,0.0370370370370371,16.6153846153846,0.399408284023669
"2957",0.8,0.390052639735365,0.666666666666667,0.799145299145299,0.615384615384615,0.888888888888889,0.384615384615385,0.111111111111111,5.53846153846154,0.432692307692308
"2958",0.75,0.452878164595512,0.615384615384615,0.767857142857143,0.571428571428571,0.846153846153846,0.428571428571429,0.153846153846154,3.71428571428571,0.506493506493507
"2959",0.8,0.375852581992336,0.714285714285714,0.876488095238095,0.833333333333333,0.785714285714286,0.166666666666667,0.214285714285714,3.88888888888889,0.212121212121212
"2960",0.775,0.391700747826192,0.526315789473684,0.816964285714286,0.416666666666667,0.928571428571429,0.583333333333333,0.0714285714285714,5.83333333333334,0.628205128205128
"2961",0.85,0.376840312627349,0.625,0.827586206896552,0.454545454545455,1,0.545454545454545,0,Inf,0.545454545454545
"2962",0.85,0.300176981481742,0.7,0.919354838709677,0.777777777777778,0.870967741935484,0.222222222222222,0.129032258064516,6.02777777777778,0.255144032921811
"2963",0.75,0.359111883231252,0.583333333333333,0.887096774193548,0.777777777777778,0.741935483870968,0.222222222222222,0.258064516129032,3.01388888888889,0.29951690821256
"2964",0.85,0.328200905323794,0.666666666666667,0.873333333333333,0.6,0.933333333333333,0.4,0.0666666666666667,9,0.428571428571429
"2965",0.8,0.353594786779222,0.636363636363636,0.851097178683386,0.636363636363636,0.862068965517241,0.363636363636364,0.137931034482759,4.61363636363636,0.421818181818182
"2966",0.825,0.323654280836665,0.631578947368421,0.93,0.6,0.9,0.4,0.1,6,0.444444444444444
"2967",0.725,0.435431728493195,0.352941176470588,0.761648745519713,0.333333333333333,0.838709677419355,0.666666666666667,0.161290322580645,2.06666666666667,0.794871794871795
"2968",0.775,0.349999217661814,0.571428571428571,0.89426523297491,0.666666666666667,0.806451612903226,0.333333333333333,0.193548387096774,3.44444444444444,0.413333333333333
"2969",0.775,0.354355356731813,0.64,0.904761904761905,0.666666666666667,0.821428571428571,0.333333333333333,0.178571428571429,3.73333333333333,0.405797101449275
"2970",0.825,0.333749474137124,0.695652173913043,0.865,0.8,0.833333333333333,0.2,0.166666666666667,4.8,0.24
"2971",0.925,0.302262987367066,0.842105263157895,0.876666666666667,0.8,0.966666666666667,0.2,0.0333333333333333,24,0.206896551724138
"2972",0.9,0.346962399937295,0.833333333333333,0.842261904761905,0.833333333333333,0.928571428571429,0.166666666666667,0.0714285714285714,11.6666666666667,0.179487179487179
"2973",0.825,0.322645403106638,0.533333333333333,0.859307359307359,0.571428571428571,0.878787878787879,0.428571428571429,0.121212121212121,4.71428571428571,0.487684729064039
"2974",0.775,0.340546797964077,0.470588235294118,0.814453125,0.5,0.84375,0.5,0.15625,3.2,0.592592592592593
"2975",0.825,0.350520064476858,0.72,0.903846153846154,0.642857142857143,0.923076923076923,0.357142857142857,0.0769230769230769,8.35714285714286,0.386904761904762
"2976",0.8,0.383657530293643,0.636363636363636,0.833855799373041,0.636363636363636,0.862068965517241,0.363636363636364,0.137931034482759,4.61363636363636,0.421818181818182
"2977",0.825,0.350967873668584,0.588235294117647,0.783333333333333,0.5,0.933333333333333,0.5,0.0666666666666667,7.5,0.535714285714286
"2978",0.85,0.366737694995771,0.769230769230769,0.891483516483517,0.714285714285714,0.923076923076923,0.285714285714286,0.0769230769230769,9.28571428571429,0.309523809523809
"2979",0.675,0.482631116400248,0.48,0.664,0.4,0.84,0.6,0.16,2.5,0.714285714285714
"2980",0.85,0.308075315590027,0.785714285714286,0.921652421652422,0.846153846153846,0.851851851851852,0.153846153846154,0.148148148148148,5.71153846153846,0.180602006688963
"2981",0.775,0.391621897830307,0.4,0.75390625,0.375,0.875,0.625,0.125,3,0.714285714285714
"2982",0.875,0.327558720908731,0.736842105263158,0.93359375,0.875,0.875,0.125,0.125,7,0.142857142857143
"2983",0.775,0.330109509247763,0.64,0.822884012539185,0.727272727272727,0.793103448275862,0.272727272727273,0.206896551724138,3.51515151515152,0.343873517786561
"2984",0.8,0.347446599704941,0.5,0.840501792114695,0.444444444444444,0.903225806451613,0.555555555555556,0.0967741935483871,4.59259259259259,0.615079365079365
"2985",0.825,0.388243369655613,0.72,0.884615384615385,0.692307692307692,0.888888888888889,0.307692307692308,0.111111111111111,6.23076923076923,0.346153846153846
"2986",0.8,0.360694324713357,0.5,0.796875,0.5,0.875,0.5,0.125,4,0.571428571428571
"2987",0.775,0.340432183102278,0.571428571428571,0.918333333333333,0.6,0.833333333333333,0.4,0.166666666666667,3.6,0.48
"2988",0.825,0.34198188742723,0.666666666666667,0.876666666666667,0.7,0.866666666666667,0.3,0.133333333333333,5.25,0.346153846153846
"2989",0.775,0.397850912242421,0.571428571428571,0.738095238095238,0.5,0.892857142857143,0.5,0.107142857142857,4.66666666666667,0.56
"2990",0.775,0.382516413070318,0.571428571428571,0.89426523297491,0.666666666666667,0.806451612903226,0.333333333333333,0.193548387096774,3.44444444444444,0.413333333333333
"2991",0.8,0.332255844095863,0.666666666666667,0.908602150537634,0.888888888888889,0.774193548387097,0.111111111111111,0.225806451612903,3.93650793650794,0.143518518518519
"2992",0.85,0.329739671869109,0.666666666666667,0.911255411255411,0.857142857142857,0.848484848484849,0.142857142857143,0.151515151515151,5.65714285714286,0.168367346938776
"2993",0.725,0.431755173305432,0.56,0.816239316239316,0.538461538461538,0.814814814814815,0.461538461538462,0.185185185185185,2.90769230769231,0.566433566433566
"2994",0.8,0.389550239274849,0.6,0.738244514106583,0.545454545454545,0.896551724137931,0.454545454545455,0.103448275862069,5.27272727272727,0.506993006993007
"2995",0.825,0.326742232297683,0.72,0.898119122257053,0.818181818181818,0.827586206896552,0.181818181818182,0.172413793103448,4.74545454545455,0.21969696969697
"2996",0.775,0.384354305544794,0.666666666666667,0.854700854700855,0.692307692307692,0.814814814814815,0.307692307692308,0.185185185185185,3.73846153846154,0.377622377622378
"2997",0.75,0.445125045019259,0.615384615384615,0.747395833333333,0.5,0.916666666666667,0.5,0.0833333333333334,6,0.545454545454546
"2998",0.8,0.372520808109875,0.666666666666667,0.887096774193548,0.888888888888889,0.774193548387097,0.111111111111111,0.225806451612903,3.93650793650794,0.143518518518519
"2999",0.825,0.403774666884947,0.695652173913043,0.834757834757835,0.615384615384615,0.925925925925926,0.384615384615385,0.0740740740740741,8.30769230769231,0.415384615384615
"3000",0.775,0.407471009572974,0.571428571428571,0.803571428571428,0.5,0.892857142857143,0.5,0.107142857142857,4.66666666666667,0.56
"3001",0.775,0.397401218499003,0.608695652173913,0.829059829059829,0.538461538461538,0.888888888888889,0.461538461538462,0.111111111111111,4.84615384615384,0.519230769230769
"3002",0.8,0.364104592329589,0.636363636363636,0.87,0.7,0.833333333333333,0.3,0.166666666666667,4.2,0.36
"3003",0.75,0.384814093614444,0.5,0.841666666666667,0.5,0.833333333333333,0.5,0.166666666666667,3,0.6
"3004",0.85,0.332928486713394,0.625,0.874458874458874,0.714285714285714,0.878787878787879,0.285714285714286,0.121212121212121,5.89285714285714,0.32512315270936
"3005",0.825,0.347186087017319,0.588235294117647,0.917562724014337,0.555555555555556,0.903225806451613,0.444444444444444,0.0967741935483871,5.74074074074074,0.492063492063492
"3006",0.775,0.395458232152319,0.666666666666667,0.832417582417582,0.642857142857143,0.846153846153846,0.357142857142857,0.153846153846154,4.17857142857143,0.422077922077922
"3007",0.825,0.384242778606471,0.666666666666667,0.800940438871473,0.636363636363636,0.896551724137931,0.363636363636364,0.103448275862069,6.15151515151515,0.405594405594406
"3008",0.9,0.315279356233197,0.8,0.925,0.8,0.933333333333333,0.2,0.0666666666666667,12,0.214285714285714
"3009",0.75,0.434821429937711,0.583333333333333,0.854700854700855,0.538461538461538,0.851851851851852,0.461538461538462,0.148148148148148,3.63461538461538,0.54180602006689
"3010",0.775,0.431436924366173,0.608695652173913,0.804,0.466666666666667,0.96,0.533333333333333,0.04,11.6666666666667,0.555555555555556
"3011",0.85,0.331800642385112,0.727272727272727,0.9,0.8,0.866666666666667,0.2,0.133333333333333,6,0.230769230769231
"3012",0.825,0.313531798194088,0.666666666666667,0.911666666666667,0.7,0.866666666666667,0.3,0.133333333333333,5.25,0.346153846153846
"3013",0.825,0.336651710971204,0.631578947368421,0.833333333333333,0.666666666666667,0.870967741935484,0.333333333333333,0.129032258064516,5.16666666666667,0.382716049382716
"3014",0.725,0.413879537530846,0.56,0.736607142857143,0.583333333333333,0.785714285714286,0.416666666666667,0.214285714285714,2.72222222222222,0.53030303030303
"3015",0.85,0.371249859418253,0.75,0.863247863247863,0.692307692307692,0.925925925925926,0.307692307692308,0.0740740740740741,9.34615384615385,0.332307692307692
"3016",0.8,0.417314271568817,0.666666666666667,0.837606837606838,0.615384615384615,0.888888888888889,0.384615384615385,0.111111111111111,5.53846153846154,0.432692307692308
"3017",0.8,0.345280201715233,0.692307692307692,0.913690476190476,0.75,0.821428571428571,0.25,0.178571428571429,4.2,0.304347826086957
"3018",0.775,0.395264905024531,0.608695652173913,0.835423197492163,0.636363636363636,0.827586206896552,0.363636363636364,0.172413793103448,3.69090909090909,0.439393939393939
"3019",0.875,0.335972053550799,0.615384615384615,0.865234375,0.5,0.96875,0.5,0.03125,16,0.516129032258065
"3020",0.85,0.312847452738829,0.571428571428571,0.857142857142857,0.571428571428571,0.909090909090909,0.428571428571429,0.0909090909090909,6.28571428571428,0.471428571428571
"3021",0.8,0.44124964284884,0.636363636363636,0.830666666666667,0.466666666666667,1,0.533333333333333,0,Inf,0.533333333333333
"3022",0.875,0.32477937415811,0.761904761904762,0.916666666666667,0.8,0.9,0.2,0.1,8,0.222222222222222
"3023",0.825,0.367510852597148,0.695652173913043,0.845238095238095,0.666666666666667,0.892857142857143,0.333333333333333,0.107142857142857,6.22222222222222,0.373333333333333
"3024",0.85,0.307653702189549,0.666666666666667,0.931640625,0.75,0.875,0.25,0.125,6,0.285714285714286
"3025",0.8,0.339110615085821,0.5,0.90234375,0.5,0.875,0.5,0.125,4,0.571428571428571
"3026",0.875,0.322660679961278,0.705882352941177,0.883333333333333,0.6,0.966666666666667,0.4,0.0333333333333333,18,0.413793103448276
"3027",0.775,0.354093028160448,0.470588235294118,0.814453125,0.5,0.84375,0.5,0.15625,3.2,0.592592592592593
"3028",0.75,0.360914398055506,0.5,0.818333333333333,0.5,0.833333333333333,0.5,0.166666666666667,3,0.6
"3029",0.775,0.405938043279111,0.709677419354839,0.828,0.733333333333333,0.8,0.266666666666667,0.2,3.66666666666667,0.333333333333333
"3030",0.85,0.371541933065259,0.785714285714286,0.884114583333333,0.6875,0.958333333333333,0.3125,0.0416666666666666,16.5,0.326086956521739
"3031",0.8,0.35043623027186,0.555555555555556,0.925,0.5,0.9,0.5,0.1,5,0.555555555555556
"3032",0.8,0.37291718799242,0.666666666666667,0.866758241758242,0.571428571428571,0.923076923076923,0.428571428571429,0.0769230769230769,7.42857142857143,0.464285714285714
"3033",0.825,0.327242610878962,0.588235294117647,0.842293906810036,0.555555555555556,0.903225806451613,0.444444444444444,0.0967741935483871,5.74074074074074,0.492063492063492
"3034",0.825,0.370833910176548,0.72,0.84478021978022,0.642857142857143,0.923076923076923,0.357142857142857,0.0769230769230769,8.35714285714286,0.386904761904762
"3035",0.875,0.355183626461731,0.761904761904762,0.819940476190476,0.666666666666667,0.964285714285714,0.333333333333333,0.0357142857142857,18.6666666666667,0.345679012345679
"3036",0.925,0.309031162457827,0.842105263157895,0.890282131661442,0.727272727272727,1,0.272727272727273,0,Inf,0.272727272727273
"3037",0.875,0.310882194977184,0.782608695652174,0.91692789968652,0.818181818181818,0.896551724137931,0.181818181818182,0.103448275862069,7.90909090909091,0.202797202797203
"3038",0.8,0.387959971828238,0.555555555555556,0.836309523809524,0.416666666666667,0.964285714285714,0.583333333333333,0.0357142857142857,11.6666666666667,0.604938271604938
"3039",0.85,0.367361502602512,0.785714285714286,0.925333333333333,0.733333333333333,0.92,0.266666666666667,0.08,9.16666666666667,0.289855072463768
"3040",0.825,0.365135279919673,0.695652173913043,0.852664576802508,0.727272727272727,0.862068965517241,0.272727272727273,0.137931034482759,5.27272727272727,0.316363636363636
"3041",0.8,0.403827112794352,0.555555555555556,0.763440860215054,0.555555555555556,0.870967741935484,0.444444444444444,0.129032258064516,4.30555555555556,0.510288065843621
"3042",0.875,0.333105116348516,0.8,0.904558404558405,0.769230769230769,0.925925925925926,0.230769230769231,0.0740740740740741,10.3846153846154,0.249230769230769
"3043",0.8,0.39670134224194,0.666666666666667,0.741758241758242,0.571428571428571,0.923076923076923,0.428571428571429,0.0769230769230769,7.42857142857143,0.464285714285714
"3044",0.875,0.35091422982709,0.8,0.951923076923077,0.714285714285714,0.961538461538462,0.285714285714286,0.0384615384615384,18.5714285714286,0.297142857142857
"3045",0.8,0.330259166751108,0.692307692307692,0.869047619047619,0.75,0.821428571428571,0.25,0.178571428571429,4.2,0.304347826086957
"3046",0.85,0.337523117497761,0.7,0.895833333333333,0.583333333333333,0.964285714285714,0.416666666666667,0.0357142857142857,16.3333333333333,0.432098765432099
"3047",0.75,0.378808902165468,0.583333333333333,0.849462365591398,0.777777777777778,0.741935483870968,0.222222222222222,0.258064516129032,3.01388888888889,0.29951690821256
"3048",0.7,0.4479104380462,0.4,0.822802197802198,0.285714285714286,0.923076923076923,0.714285714285714,0.0769230769230769,3.71428571428572,0.773809523809524
"3049",0.875,0.326143655992267,0.782608695652174,0.890282131661442,0.818181818181818,0.896551724137931,0.181818181818182,0.103448275862069,7.90909090909091,0.202797202797203
"3050",0.775,0.414264258254882,0.470588235294118,0.816614420062696,0.363636363636364,0.931034482758621,0.636363636363636,0.0689655172413793,5.27272727272727,0.683501683501683
"3051",0.875,0.313530625606918,0.615384615384615,0.683982683982684,0.571428571428571,0.939393939393939,0.428571428571429,0.0606060606060606,9.42857142857144,0.456221198156682
"3052",0.725,0.411147763108238,0.620689655172414,0.800595238095238,0.75,0.714285714285714,0.25,0.285714285714286,2.625,0.35
"3053",0.8,0.378613928912702,0.636363636363636,0.847962382445141,0.636363636363636,0.862068965517241,0.363636363636364,0.137931034482759,4.61363636363636,0.421818181818182
"3054",0.8,0.369948777647637,0.666666666666667,0.826210826210826,0.615384615384615,0.888888888888889,0.384615384615385,0.111111111111111,5.53846153846154,0.432692307692308
"3055",0.9,0.304857859158227,0.777777777777778,0.874551971326165,0.777777777777778,0.935483870967742,0.222222222222222,0.0645161290322581,12.0555555555555,0.237547892720307
"3056",0.85,0.280213116554389,0.666666666666667,0.9296875,0.75,0.875,0.25,0.125,6,0.285714285714286
"3057",0.8,0.358284321700915,0.636363636363636,0.846666666666667,0.7,0.833333333333333,0.3,0.166666666666667,4.2,0.36
"3058",0.725,0.431588047556369,0.645161290322581,0.782552083333333,0.625,0.791666666666667,0.375,0.208333333333333,3,0.473684210526316
"3059",0.75,0.467796615932854,0.615384615384615,0.81640625,0.5,0.916666666666667,0.5,0.0833333333333334,6,0.545454545454546
"3060",0.775,0.36721622269669,0.689655172413793,0.842032967032967,0.714285714285714,0.807692307692308,0.285714285714286,0.192307692307692,3.71428571428571,0.353741496598639
"3061",0.775,0.382624393706381,0.4,0.7890625,0.375,0.875,0.625,0.125,3,0.714285714285714
"3062",0.875,0.329307368644881,0.736842105263158,0.923333333333333,0.7,0.933333333333333,0.3,0.0666666666666667,10.5,0.321428571428571
"3063",0.85,0.358949240147503,0.75,0.876373626373626,0.642857142857143,0.961538461538462,0.357142857142857,0.0384615384615384,16.7142857142857,0.371428571428571
"3064",0.825,0.328515351972558,0.666666666666667,0.851097178683386,0.636363636363636,0.896551724137931,0.363636363636364,0.103448275862069,6.15151515151515,0.405594405594406
"3065",0.775,0.399967260575233,0.64,0.901333333333333,0.533333333333333,0.92,0.466666666666667,0.08,6.66666666666667,0.507246376811594
"3066",0.775,0.4564400299814,0.64,0.785333333333333,0.533333333333333,0.92,0.466666666666667,0.08,6.66666666666667,0.507246376811594
"3067",0.825,0.367637949687877,0.631578947368421,0.828333333333333,0.6,0.9,0.4,0.1,6,0.444444444444444
"3068",0.85,0.303113492359611,0.5,0.893939393939394,0.428571428571429,0.939393939393939,0.571428571428571,0.0606060606060606,7.07142857142858,0.608294930875576
"3069",0.775,0.406638873873877,0.64,0.778846153846154,0.571428571428571,0.884615384615385,0.428571428571429,0.115384615384615,4.95238095238095,0.484472049689441
"3070",0.775,0.360839926354174,0.571428571428571,0.85663082437276,0.666666666666667,0.806451612903226,0.333333333333333,0.193548387096774,3.44444444444444,0.413333333333333
"3071",0.85,0.352384873998554,0.727272727272727,0.879310344827586,0.727272727272727,0.896551724137931,0.272727272727273,0.103448275862069,7.03030303030303,0.304195804195804
"3072",0.775,0.409102168392371,0.470588235294118,0.723214285714286,0.333333333333333,0.964285714285714,0.666666666666667,0.0357142857142857,9.33333333333334,0.691358024691358
"3073",0.85,0.316248641425497,0.75,0.938333333333333,0.9,0.833333333333333,0.1,0.166666666666667,5.4,0.12
"3074",0.725,0.429506924913922,0.266666666666667,0.698333333333333,0.2,0.9,0.8,0.1,2,0.888888888888889
"3075",0.75,0.421805657000614,0.666666666666667,0.774725274725275,0.714285714285714,0.769230769230769,0.285714285714286,0.230769230769231,3.0952380952381,0.371428571428571
"3076",0.825,0.326048161283265,0.695652173913043,0.916666666666667,0.666666666666667,0.892857142857143,0.333333333333333,0.107142857142857,6.22222222222222,0.373333333333333
"3077",0.825,0.346847813221018,0.695652173913043,0.803571428571429,0.666666666666667,0.892857142857143,0.333333333333333,0.107142857142857,6.22222222222222,0.373333333333333
"3078",0.875,0.327005510639882,0.705882352941177,0.89426523297491,0.666666666666667,0.935483870967742,0.333333333333333,0.0645161290322581,10.3333333333333,0.35632183908046
"3079",0.725,0.405964842008279,0.521739130434783,0.752688172043011,0.666666666666667,0.741935483870968,0.333333333333333,0.258064516129032,2.58333333333333,0.449275362318841
"3080",0.85,0.377608335632611,0.7,0.84077380952381,0.583333333333333,0.964285714285714,0.416666666666667,0.0357142857142857,16.3333333333333,0.432098765432099
"3081",0.8,0.394844663731267,0.666666666666667,0.807692307692308,0.571428571428571,0.923076923076923,0.428571428571429,0.0769230769230769,7.42857142857143,0.464285714285714
"3082",0.875,0.368949382638315,0.782608695652174,0.870535714285714,0.75,0.928571428571429,0.25,0.0714285714285714,10.5,0.269230769230769
"3083",0.85,0.368684836208368,0.666666666666667,0.829153605015674,0.545454545454545,0.96551724137931,0.454545454545455,0.0344827586206896,15.8181818181818,0.470779220779221
"3084",0.8,0.377236247241452,0.636363636363636,0.855654761904762,0.583333333333333,0.892857142857143,0.416666666666667,0.107142857142857,5.44444444444445,0.466666666666667
"3085",0.875,0.317656994864402,0.666666666666667,0.87012987012987,0.714285714285714,0.909090909090909,0.285714285714286,0.0909090909090909,7.85714285714285,0.314285714285714
"3086",0.875,0.315540805495077,0.666666666666667,0.958781362007168,0.555555555555556,0.967741935483871,0.444444444444444,0.032258064516129,17.2222222222222,0.459259259259259
"3087",0.85,0.361481965503769,0.75,0.861823361823362,0.692307692307692,0.925925925925926,0.307692307692308,0.0740740740740741,9.34615384615385,0.332307692307692
"3088",0.8,0.364269816325998,0.636363636363636,0.888392857142857,0.583333333333333,0.892857142857143,0.416666666666667,0.107142857142857,5.44444444444445,0.466666666666667
"3089",0.75,0.437812331045523,0.545454545454545,0.714285714285714,0.428571428571429,0.923076923076923,0.571428571428571,0.0769230769230769,5.57142857142857,0.619047619047619
"3090",0.8,0.410440091364116,0.636363636363636,0.864,0.466666666666667,1,0.533333333333333,0,Inf,0.533333333333333
"3091",0.85,0.332026659978322,0.727272727272727,0.921666666666667,0.8,0.866666666666667,0.2,0.133333333333333,6,0.230769230769231
"3092",0.85,0.332792459028566,0.75,0.949404761904762,0.75,0.892857142857143,0.25,0.107142857142857,7,0.28
"3093",0.725,0.370216084067486,0.421052631578947,0.83984375,0.5,0.78125,0.5,0.21875,2.28571428571429,0.64
"3094",0.75,0.407385578734997,0.583333333333333,0.77742946708464,0.636363636363636,0.793103448275862,0.363636363636364,0.206896551724138,3.07575757575758,0.458498023715415
"3095",0.8,0.392546117542211,0.6,0.770833333333333,0.5,0.928571428571429,0.5,0.0714285714285714,7,0.538461538461538
"3096",0.875,0.302610396938466,0.615384615384615,0.857843137254902,0.666666666666667,0.911764705882353,0.333333333333333,0.0882352941176471,7.55555555555555,0.365591397849462
"3097",0.75,0.376652529425796,0.583333333333333,0.80952380952381,0.583333333333333,0.821428571428571,0.416666666666667,0.178571428571429,3.26666666666667,0.507246376811594
"3098",0.75,0.407654649580252,0.545454545454545,0.74702380952381,0.5,0.857142857142857,0.5,0.142857142857143,3.5,0.583333333333333
"3099",0.8,0.378186528498847,0.636363636363636,0.840501792114695,0.777777777777778,0.806451612903226,0.222222222222222,0.193548387096774,4.01851851851852,0.275555555555556
"3100",0.85,0.333785758448365,0.727272727272727,0.896666666666667,0.8,0.866666666666667,0.2,0.133333333333333,6,0.230769230769231
"3101",0.875,0.292806547093486,0.705882352941177,0.874458874458874,0.857142857142857,0.878787878787879,0.142857142857143,0.121212121212121,7.07142857142857,0.16256157635468
"3102",0.725,0.408147606780726,0.56,0.833791208791209,0.5,0.846153846153846,0.5,0.153846153846154,3.25,0.590909090909091
"3103",0.825,0.379752770727138,0.740740740740741,0.834666666666667,0.666666666666667,0.92,0.333333333333333,0.08,8.33333333333334,0.36231884057971
"3104",0.775,0.353187764863322,0.608695652173913,0.843260188087774,0.636363636363636,0.827586206896552,0.363636363636364,0.172413793103448,3.69090909090909,0.439393939393939
"3105",0.875,0.348822270880387,0.666666666666667,0.86328125,0.625,0.9375,0.375,0.0625,10,0.4
"3106",0.8,0.388980917085871,0.6,0.877492877492878,0.461538461538462,0.962962962962963,0.538461538461538,0.0370370370370371,12.4615384615384,0.559171597633136
"3107",0.8,0.401133028571256,0.714285714285714,0.856770833333333,0.625,0.916666666666667,0.375,0.0833333333333334,7.5,0.409090909090909
"3108",0.875,0.335106250253181,0.705882352941177,0.923828125,0.75,0.90625,0.25,0.09375,8,0.275862068965517
"3109",0.8,0.341134084415057,0.692307692307692,0.858934169278997,0.818181818181818,0.793103448275862,0.181818181818182,0.206896551724138,3.95454545454546,0.229249011857707
"3110",0.85,0.302759241530299,0.666666666666667,0.908203125,0.75,0.875,0.25,0.125,6,0.285714285714286
"3111",0.875,0.323985774556887,0.736842105263158,0.92578125,0.875,0.875,0.125,0.125,7,0.142857142857143
"3112",0.75,0.344804068014046,0.583333333333333,0.880877742946708,0.636363636363636,0.793103448275862,0.363636363636364,0.206896551724138,3.07575757575758,0.458498023715415
"3113",0.875,0.364662606895672,0.782608695652174,0.85042735042735,0.692307692307692,0.962962962962963,0.307692307692308,0.0370370370370371,18.6923076923077,0.319526627218935
"3114",0.85,0.360928555188629,0.75,0.854166666666667,0.75,0.892857142857143,0.25,0.107142857142857,7,0.28
"3115",0.8,0.404847421050846,0.666666666666667,0.841880341880342,0.615384615384615,0.888888888888889,0.384615384615385,0.111111111111111,5.53846153846154,0.432692307692308
"3116",0.875,0.328221956109183,0.761904761904762,0.934169278996865,0.727272727272727,0.931034482758621,0.272727272727273,0.0689655172413793,10.5454545454545,0.292929292929293
"3117",0.85,0.368476742338872,0.666666666666667,0.794670846394984,0.545454545454545,0.96551724137931,0.454545454545455,0.0344827586206896,15.8181818181818,0.470779220779221
"3118",0.75,0.416779767841377,0.5,0.788401253918495,0.454545454545455,0.862068965517241,0.545454545454545,0.137931034482759,3.29545454545454,0.632727272727273
"3119",0.775,0.397575677089983,0.526315789473684,0.833333333333333,0.416666666666667,0.928571428571429,0.583333333333333,0.0714285714285714,5.83333333333334,0.628205128205128
"3120",0.825,0.357163986123257,0.666666666666667,0.901666666666667,0.7,0.866666666666667,0.3,0.133333333333333,5.25,0.346153846153846
"3121",0.85,0.289616317927158,0.666666666666667,0.869175627240143,0.666666666666667,0.903225806451613,0.333333333333333,0.0967741935483871,6.88888888888889,0.369047619047619
"3122",0.75,0.396565289055628,0.5,0.87037037037037,0.384615384615385,0.925925925925926,0.615384615384615,0.0740740740740741,5.19230769230769,0.664615384615385
"3123",0.85,0.280779036003618,0.75,0.959247648902821,0.818181818181818,0.862068965517241,0.181818181818182,0.137931034482759,5.93181818181818,0.210909090909091
"3124",0.8,0.365854313587521,0.555555555555556,0.78515625,0.625,0.84375,0.375,0.15625,4,0.444444444444444
"3125",0.675,0.46889068374698,0.380952380952381,0.673333333333333,0.4,0.766666666666667,0.6,0.233333333333333,1.71428571428571,0.782608695652174
"3126",0.825,0.325669251238668,0.666666666666667,0.91015625,0.875,0.8125,0.125,0.1875,4.66666666666667,0.153846153846154
"3127",0.775,0.408097100871892,0.526315789473684,0.841880341880342,0.384615384615385,0.962962962962963,0.615384615384615,0.0370370370370371,10.3846153846154,0.63905325443787
"3128",0.75,0.424771533261447,0.583333333333333,0.779202279202279,0.538461538461538,0.851851851851852,0.461538461538462,0.148148148148148,3.63461538461538,0.54180602006689
"3129",0.85,0.288480309747411,0.75,0.884012539184953,0.818181818181818,0.862068965517241,0.181818181818182,0.137931034482759,5.93181818181818,0.210909090909091
"3130",0.825,0.366565812834053,0.758620689655172,0.885333333333333,0.733333333333333,0.88,0.266666666666667,0.12,6.11111111111111,0.303030303030303
"3131",0.8,0.386275778412291,0.666666666666667,0.83048433048433,0.615384615384615,0.888888888888889,0.384615384615385,0.111111111111111,5.53846153846154,0.432692307692308
"3132",0.875,0.314124780517073,0.666666666666667,0.863636363636364,0.714285714285714,0.909090909090909,0.285714285714286,0.0909090909090909,7.85714285714285,0.314285714285714
"3133",0.775,0.411110988578808,0.526315789473684,0.76171875,0.625,0.8125,0.375,0.1875,3.33333333333333,0.461538461538462
"3134",0.825,0.383723996635961,0.695652173913043,0.846153846153846,0.571428571428571,0.961538461538462,0.428571428571429,0.0384615384615384,14.8571428571429,0.445714285714286
"3135",0.875,0.301425691328883,0.705882352941177,0.9453125,0.75,0.90625,0.25,0.09375,8,0.275862068965517
"3136",0.7,0.480544717753416,0.538461538461538,0.837239583333333,0.4375,0.875,0.5625,0.125,3.5,0.642857142857143
"3137",0.775,0.374793453000241,0.571428571428571,0.825,0.6,0.833333333333333,0.4,0.166666666666667,3.6,0.48
"3138",0.85,0.409198169678147,0.666666666666667,0.800940438871473,0.545454545454545,0.96551724137931,0.454545454545455,0.0344827586206896,15.8181818181818,0.470779220779221
"3139",0.8,0.397157728788301,0.636363636363636,0.830357142857143,0.583333333333333,0.892857142857143,0.416666666666667,0.107142857142857,5.44444444444445,0.466666666666667
"3140",0.8,0.323334765309557,0.555555555555556,0.876623376623377,0.714285714285714,0.818181818181818,0.285714285714286,0.181818181818182,3.92857142857143,0.349206349206349
"3141",0.875,0.356131270738209,0.814814814814815,0.92,0.733333333333333,0.96,0.266666666666667,0.04,18.3333333333333,0.277777777777778
"3142",0.75,0.398013006298799,0.666666666666667,0.831908831908832,0.769230769230769,0.740740740740741,0.230769230769231,0.259259259259259,2.96703296703297,0.311538461538461
"3143",0.825,0.397604348770935,0.666666666666667,0.858974358974359,0.538461538461538,0.962962962962963,0.461538461538462,0.0370370370370371,14.5384615384615,0.479289940828402
"3144",0.875,0.309775511908009,0.736842105263158,0.872759856630824,0.777777777777778,0.903225806451613,0.222222222222222,0.0967741935483871,8.03703703703703,0.246031746031746
"3145",0.725,0.470024867309943,0.476190476190476,0.786666666666667,0.333333333333333,0.96,0.666666666666667,0.04,8.33333333333333,0.694444444444445
"3146",0.775,0.396607314571099,0.470588235294118,0.742424242424242,0.571428571428571,0.818181818181818,0.428571428571429,0.181818181818182,3.14285714285714,0.523809523809524
"3147",0.65,0.466973894869646,0.533333333333333,0.726190476190476,0.666666666666667,0.642857142857143,0.333333333333333,0.357142857142857,1.86666666666667,0.518518518518518
"3148",0.85,0.322000113827572,0.7,0.904388714733542,0.636363636363636,0.931034482758621,0.363636363636364,0.0689655172413793,9.22727272727272,0.390572390572391
"3149",0.8,0.408734115608067,0.692307692307692,0.858072916666667,0.5625,0.958333333333333,0.4375,0.0416666666666666,13.5,0.456521739130435
"3150",0.85,0.307608417055687,0.727272727272727,0.96484375,1,0.8125,0,0.1875,5.33333333333333,0
"3151",0.825,0.377206467691703,0.631578947368421,0.860119047619048,0.5,0.964285714285714,0.5,0.0357142857142857,14,0.518518518518518
"3152",0.725,0.386008161650614,0.476190476190476,0.741935483870968,0.555555555555556,0.774193548387097,0.444444444444444,0.225806451612903,2.46031746031746,0.574074074074074
"3153",0.85,0.328244351924306,0.666666666666667,0.935,0.6,0.933333333333333,0.4,0.0666666666666667,9,0.428571428571429
"3154",0.725,0.451585262525922,0.620689655172414,0.853535353535353,0.5,0.909090909090909,0.5,0.0909090909090909,5.5,0.55
"3155",0.825,0.38102582480009,0.666666666666667,0.802083333333333,0.583333333333333,0.928571428571429,0.416666666666667,0.0714285714285714,8.16666666666667,0.448717948717949
"3156",0.75,0.35315519636314,0.545454545454545,0.876666666666667,0.6,0.8,0.4,0.2,3,0.5
"3157",0.825,0.368068617355201,0.533333333333333,0.78673835125448,0.444444444444444,0.935483870967742,0.555555555555556,0.0645161290322581,6.88888888888888,0.593869731800766
"3158",0.8,0.375535143712151,0.692307692307692,0.901098901098901,0.642857142857143,0.884615384615385,0.357142857142857,0.115384615384615,5.57142857142857,0.403726708074534
"3159",0.775,0.373999993067403,0.666666666666667,0.833333333333333,0.75,0.785714285714286,0.25,0.214285714285714,3.5,0.318181818181818
"3160",0.9,0.281364559875618,0.777777777777778,0.87890625,0.875,0.90625,0.125,0.09375,9.33333333333333,0.137931034482759
"3161",0.75,0.405897884070085,0.615384615384615,0.797805642633229,0.727272727272727,0.758620689655172,0.272727272727273,0.241379310344828,3.01298701298701,0.359504132231405
"3162",0.8,0.387231563097232,0.692307692307692,0.824786324786325,0.692307692307692,0.851851851851852,0.307692307692308,0.148148148148148,4.67307692307692,0.361204013377926
"3163",0.8,0.418864637847035,0.6,0.769345238095238,0.5,0.928571428571429,0.5,0.0714285714285714,7,0.538461538461538
"3164",0.75,0.441863268797169,0.5,0.851851851851852,0.384615384615385,0.925925925925926,0.615384615384615,0.0740740740740741,5.19230769230769,0.664615384615385
"3165",0.825,0.383510383317852,0.695652173913043,0.788690476190476,0.666666666666667,0.892857142857143,0.333333333333333,0.107142857142857,6.22222222222222,0.373333333333333
"3166",0.775,0.414435601067746,0.571428571428571,0.736607142857143,0.5,0.892857142857143,0.5,0.107142857142857,4.66666666666667,0.56
"3167",0.85,0.379533066568809,0.666666666666667,0.849529780564263,0.545454545454545,0.96551724137931,0.454545454545455,0.0344827586206896,15.8181818181818,0.470779220779221
"3168",0.775,0.364680790823061,0.689655172413793,0.884615384615385,0.769230769230769,0.777777777777778,0.230769230769231,0.222222222222222,3.46153846153846,0.296703296703297
"3169",0.775,0.355415884220265,0.470588235294118,0.794921875,0.5,0.84375,0.5,0.15625,3.2,0.592592592592593
"3170",0.775,0.400984578506999,0.470588235294118,0.770609318996416,0.444444444444444,0.870967741935484,0.555555555555556,0.129032258064516,3.44444444444444,0.637860082304527
"3171",0.8,0.370277677516659,0.6,0.810546875,0.75,0.8125,0.25,0.1875,4,0.307692307692308
"3172",0.85,0.315956277116995,0.727272727272727,0.90282131661442,0.727272727272727,0.896551724137931,0.272727272727273,0.103448275862069,7.03030303030303,0.304195804195804
"3173",0.925,0.305885897286562,0.823529411764706,0.940860215053763,0.777777777777778,0.967741935483871,0.222222222222222,0.032258064516129,24.1111111111111,0.22962962962963
"3174",0.825,0.397188589259701,0.695652173913043,0.805059523809524,0.666666666666667,0.892857142857143,0.333333333333333,0.107142857142857,6.22222222222222,0.373333333333333
"3175",0.875,0.290491077610171,0.705882352941177,0.953125,0.75,0.90625,0.25,0.09375,8,0.275862068965517
"3176",0.775,0.403959640297127,0.666666666666667,0.81456043956044,0.642857142857143,0.846153846153846,0.357142857142857,0.153846153846154,4.17857142857143,0.422077922077922
"3177",0.775,0.374697495695811,0.608695652173913,0.860119047619048,0.583333333333333,0.857142857142857,0.416666666666667,0.142857142857143,4.08333333333333,0.486111111111111
"3178",0.825,0.346893201590609,0.533333333333333,0.811827956989247,0.444444444444444,0.935483870967742,0.555555555555556,0.0645161290322581,6.88888888888888,0.593869731800766
"3179",0.85,0.342351660058428,0.727272727272727,0.857366771159875,0.727272727272727,0.896551724137931,0.272727272727273,0.103448275862069,7.03030303030303,0.304195804195804
"3180",0.9,0.328797635851833,0.833333333333333,0.952991452991453,0.769230769230769,0.962962962962963,0.230769230769231,0.0370370370370371,20.7692307692307,0.239644970414201
"3181",0.85,0.364363298289964,0.7,0.8,0.7,0.9,0.3,0.1,7,0.333333333333333
"3182",0.775,0.376226720901603,0.470588235294118,0.811827956989247,0.444444444444444,0.870967741935484,0.555555555555556,0.129032258064516,3.44444444444444,0.637860082304527
"3183",0.825,0.359391530568399,0.695652173913043,0.896011396011396,0.615384615384615,0.925925925925926,0.384615384615385,0.0740740740740741,8.30769230769231,0.415384615384615
"3184",0.875,0.340487313600732,0.782608695652174,0.877742946708464,0.818181818181818,0.896551724137931,0.181818181818182,0.103448275862069,7.90909090909091,0.202797202797203
"3185",0.825,0.374871960568524,0.695652173913043,0.906593406593407,0.571428571428571,0.961538461538462,0.428571428571429,0.0384615384615384,14.8571428571429,0.445714285714286
"3186",0.725,0.472398226769708,0.56,0.807291666666667,0.4375,0.916666666666667,0.5625,0.0833333333333334,5.25,0.613636363636364
"3187",0.9,0.296754041410821,0.833333333333333,0.951666666666667,1,0.866666666666667,0,0.133333333333333,7.5,0
"3188",0.825,0.338767672834382,0.72,0.934472934472934,0.692307692307692,0.888888888888889,0.307692307692308,0.111111111111111,6.23076923076923,0.346153846153846
"3189",0.75,0.358339328998127,0.285714285714286,0.753246753246753,0.285714285714286,0.848484848484849,0.714285714285714,0.151515151515151,1.88571428571429,0.841836734693878
"3190",0.8,0.362017717510881,0.636363636363636,0.869905956112853,0.636363636363636,0.862068965517241,0.363636363636364,0.137931034482759,4.61363636363636,0.421818181818182
"3191",0.775,0.401841346920287,0.4,0.59765625,0.375,0.875,0.625,0.125,3,0.714285714285714
"3192",0.825,0.369412031362021,0.631578947368421,0.907523510971787,0.545454545454545,0.931034482758621,0.454545454545455,0.0689655172413793,7.90909090909091,0.488215488215488
"3193",0.725,0.456994181498253,0.56,0.768,0.466666666666667,0.88,0.533333333333333,0.12,3.88888888888889,0.606060606060606
"3194",0.775,0.397067953898941,0.64,0.84672619047619,0.666666666666667,0.821428571428571,0.333333333333333,0.178571428571429,3.73333333333333,0.405797101449275
"3195",0.75,0.40213247154258,0.615384615384615,0.836309523809524,0.666666666666667,0.785714285714286,0.333333333333333,0.214285714285714,3.11111111111111,0.424242424242424
"3196",0.75,0.393614959347838,0.615384615384615,0.799107142857143,0.666666666666667,0.785714285714286,0.333333333333333,0.214285714285714,3.11111111111111,0.424242424242424
"3197",0.725,0.361555897958381,0.521739130434783,0.826171875,0.75,0.71875,0.25,0.28125,2.66666666666667,0.347826086956522
"3198",0.675,0.452353146537065,0.315789473684211,0.721003134796238,0.272727272727273,0.827586206896552,0.727272727272727,0.172413793103448,1.58181818181818,0.878787878787879
"3199",0.725,0.436458243253094,0.645161290322581,0.78772378516624,0.588235294117647,0.826086956521739,0.411764705882353,0.173913043478261,3.38235294117647,0.498452012383901
"3200",0.85,0.341771793353422,0.75,0.876068376068376,0.692307692307692,0.925925925925926,0.307692307692308,0.0740740740740741,9.34615384615385,0.332307692307692
"3201",0.775,0.428677004423865,0.64,0.829059829059829,0.615384615384615,0.851851851851852,0.384615384615385,0.148148148148148,4.15384615384615,0.451505016722408
"3202",0.75,0.405664271225212,0.583333333333333,0.787202380952381,0.583333333333333,0.821428571428571,0.416666666666667,0.178571428571429,3.26666666666667,0.507246376811594
"3203",0.8,0.381241595481271,0.636363636363636,0.931623931623932,0.538461538461538,0.925925925925926,0.461538461538462,0.0740740740740741,7.26923076923077,0.498461538461539
"3204",0.8,0.388563434835143,0.6,0.773809523809524,0.5,0.928571428571429,0.5,0.0714285714285714,7,0.538461538461538
"3205",0.75,0.426782523540009,0.583333333333333,0.810541310541311,0.538461538461538,0.851851851851852,0.461538461538462,0.148148148148148,3.63461538461538,0.54180602006689
"3206",0.825,0.351508574564697,0.631578947368421,0.756272401433692,0.666666666666667,0.870967741935484,0.333333333333333,0.129032258064516,5.16666666666667,0.382716049382716
"3207",0.825,0.384985557006416,0.695652173913043,0.822802197802198,0.571428571428571,0.961538461538462,0.428571428571429,0.0384615384615384,14.8571428571429,0.445714285714286
"3208",0.825,0.353515416682482,0.588235294117647,0.831541218637993,0.555555555555556,0.903225806451613,0.444444444444444,0.0967741935483871,5.74074074074074,0.492063492063492
"3209",0.85,0.348589560010745,0.727272727272727,0.873511904761905,0.666666666666667,0.928571428571429,0.333333333333333,0.0714285714285714,9.33333333333334,0.358974358974359
"3210",0.85,0.274269780772568,0.571428571428571,0.948571428571429,0.8,0.857142857142857,0.2,0.142857142857143,5.6,0.233333333333333
"3211",0.85,0.327458335342523,0.769230769230769,0.931547619047619,0.833333333333333,0.857142857142857,0.166666666666667,0.142857142857143,5.83333333333333,0.194444444444444
"3212",0.775,0.405566581252105,0.608695652173913,0.862637362637363,0.5,0.923076923076923,0.5,0.0769230769230769,6.5,0.541666666666667
"3213",0.8,0.348439606662532,0.6,0.836666666666667,0.6,0.866666666666667,0.4,0.133333333333333,4.5,0.461538461538462
"3214",0.875,0.284319050036009,0.736842105263158,0.96484375,0.875,0.875,0.125,0.125,7,0.142857142857143
"3215",0.8,0.368033616571473,0.5,0.779569892473118,0.444444444444444,0.903225806451613,0.555555555555556,0.0967741935483871,4.59259259259259,0.615079365079365
"3216",0.775,0.364284418269066,0.571428571428571,0.825,0.6,0.833333333333333,0.4,0.166666666666667,3.6,0.48
"3217",0.8,0.384660787205575,0.6,0.775,0.6,0.866666666666667,0.4,0.133333333333333,4.5,0.461538461538462
"3218",0.8,0.39470684745906,0.666666666666667,0.858516483516484,0.571428571428571,0.923076923076923,0.428571428571429,0.0769230769230769,7.42857142857143,0.464285714285714
"3219",0.725,0.367821055570421,0.56,0.849702380952381,0.583333333333333,0.785714285714286,0.416666666666667,0.214285714285714,2.72222222222222,0.53030303030303
"3220",0.825,0.322955145549462,0.533333333333333,0.942652329749104,0.444444444444444,0.935483870967742,0.555555555555556,0.0645161290322581,6.88888888888888,0.593869731800766
"3221",0.875,0.341746976282576,0.782608695652174,0.90922619047619,0.75,0.928571428571429,0.25,0.0714285714285714,10.5,0.269230769230769
"3222",0.775,0.356206358048845,0.64,0.863799283154122,0.888888888888889,0.741935483870968,0.111111111111111,0.258064516129032,3.44444444444444,0.14975845410628
"3223",0.75,0.401433467865317,0.444444444444444,0.718137254901961,0.666666666666667,0.764705882352941,0.333333333333333,0.235294117647059,2.83333333333333,0.435897435897436
"3224",0.775,0.432275770435217,0.571428571428571,0.787087912087912,0.428571428571429,0.961538461538462,0.571428571428571,0.0384615384615384,11.1428571428571,0.594285714285714
"3225",0.725,0.458948704278534,0.592592592592593,0.873401534526854,0.470588235294118,0.91304347826087,0.529411764705882,0.0869565217391305,5.41176470588235,0.579831932773109
"3226",0.9,0.353783141151148,0.846153846153846,0.943681318681319,0.785714285714286,0.961538461538462,0.214285714285714,0.0384615384615384,20.4285714285714,0.222857142857143
"3227",0.85,0.351360817159038,0.727272727272727,0.898333333333333,0.8,0.866666666666667,0.2,0.133333333333333,6,0.230769230769231
"3228",0.775,0.322074092573983,0.470588235294118,0.82421875,0.5,0.84375,0.5,0.15625,3.2,0.592592592592593
"3229",0.85,0.36781419509296,0.75,0.833333333333333,0.6,1,0.4,0,Inf,0.4
"3230",0.75,0.421999067569282,0.444444444444444,0.757440476190476,0.333333333333333,0.928571428571429,0.666666666666667,0.0714285714285714,4.66666666666667,0.717948717948718
"3231",0.825,0.376859898900475,0.631578947368421,0.844827586206897,0.545454545454545,0.931034482758621,0.454545454545455,0.0689655172413793,7.90909090909091,0.488215488215488
"3232",0.925,0.303072992055728,0.823529411764706,0.833333333333333,0.777777777777778,0.967741935483871,0.222222222222222,0.032258064516129,24.1111111111111,0.22962962962963
"3233",0.875,0.33068923674988,0.736842105263158,0.936666666666667,0.7,0.933333333333333,0.3,0.0666666666666667,10.5,0.321428571428571
"3234",0.875,0.311585967285142,0.782608695652174,0.907738095238095,0.75,0.928571428571429,0.25,0.0714285714285714,10.5,0.269230769230769
"3235",0.825,0.371477386624867,0.666666666666667,0.852664576802508,0.636363636363636,0.896551724137931,0.363636363636364,0.103448275862069,6.15151515151515,0.405594405594406
"3236",0.7,0.432842336841613,0.454545454545455,0.705,0.5,0.766666666666667,0.5,0.233333333333333,2.14285714285714,0.652173913043478
"3237",0.75,0.413799353146982,0.375,0.75,0.375,0.84375,0.625,0.15625,2.4,0.740740740740741
"3238",0.825,0.363617906870649,0.695652173913043,0.873219373219373,0.615384615384615,0.925925925925926,0.384615384615385,0.0740740740740741,8.30769230769231,0.415384615384615
"3239",0.775,0.384951707499458,0.608695652173913,0.821666666666667,0.7,0.8,0.3,0.2,3.5,0.375
"3240",0.8,0.391641239929966,0.714285714285714,0.839285714285714,0.714285714285714,0.846153846153846,0.285714285714286,0.153846153846154,4.64285714285714,0.337662337662338
"3241",0.75,0.419252896311538,0.545454545454545,0.800940438871473,0.545454545454545,0.827586206896552,0.454545454545455,0.172413793103448,3.16363636363636,0.549242424242424
"3242",0.825,0.392303735365898,0.695652173913043,0.831908831908832,0.615384615384615,0.925925925925926,0.384615384615385,0.0740740740740741,8.30769230769231,0.415384615384615
"3243",0.875,0.327906400422633,0.782608695652174,0.880877742946709,0.818181818181818,0.896551724137931,0.181818181818182,0.103448275862069,7.90909090909091,0.202797202797203
"3244",0.8,0.371563071645004,0.636363636363636,0.848214285714286,0.583333333333333,0.892857142857143,0.416666666666667,0.107142857142857,5.44444444444445,0.466666666666667
"3245",0.825,0.338752643418796,0.588235294117647,0.926523297491039,0.555555555555556,0.903225806451613,0.444444444444444,0.0967741935483871,5.74074074074074,0.492063492063492
"3246",0.75,0.390357695885333,0.615384615384615,0.80952380952381,0.666666666666667,0.785714285714286,0.333333333333333,0.214285714285714,3.11111111111111,0.424242424242424
"3247",0.825,0.373596830238985,0.72,0.82967032967033,0.642857142857143,0.923076923076923,0.357142857142857,0.0769230769230769,8.35714285714286,0.386904761904762
"3248",0.875,0.311168296284115,0.782608695652174,0.943452380952381,0.75,0.928571428571429,0.25,0.0714285714285714,10.5,0.269230769230769
"3249",0.85,0.367828482629055,0.75,0.911680911680912,0.692307692307692,0.925925925925926,0.307692307692308,0.0740740740740741,9.34615384615385,0.332307692307692
"3250",0.75,0.386629929389991,0.583333333333333,0.867383512544803,0.777777777777778,0.741935483870968,0.222222222222222,0.258064516129032,3.01388888888889,0.29951690821256
"3251",0.825,0.366344000185058,0.72,0.85,0.9,0.8,0.1,0.2,4.5,0.125
"3252",0.825,0.356370449043108,0.72,0.871666666666667,0.9,0.8,0.1,0.2,4.5,0.125
"3253",0.775,0.414012047661612,0.64,0.82601880877743,0.727272727272727,0.793103448275862,0.272727272727273,0.206896551724138,3.51515151515152,0.343873517786561
"3254",0.825,0.341689786409142,0.533333333333333,0.919921875,0.5,0.90625,0.5,0.09375,5.33333333333333,0.551724137931034
"3255",0.8,0.38247290814116,0.6,0.71,0.6,0.866666666666667,0.4,0.133333333333333,4.5,0.461538461538462
"3256",0.825,0.371578892749711,0.588235294117647,0.766666666666667,0.5,0.933333333333333,0.5,0.0666666666666667,7.5,0.535714285714286
"3257",0.775,0.407904561156644,0.571428571428571,0.775297619047619,0.5,0.892857142857143,0.5,0.107142857142857,4.66666666666667,0.56
"3258",0.9,0.33119457165763,0.833333333333333,0.898809523809524,0.833333333333333,0.928571428571429,0.166666666666667,0.0714285714285714,11.6666666666667,0.179487179487179
"3259",0.875,0.334687601184805,0.705882352941177,0.872759856630824,0.666666666666667,0.935483870967742,0.333333333333333,0.0645161290322581,10.3333333333333,0.35632183908046
"3260",0.75,0.440498669381394,0.666666666666667,0.766927083333333,0.625,0.833333333333333,0.375,0.166666666666667,3.75,0.45
"3261",0.725,0.441412566134296,0.592592592592593,0.80078125,0.5,0.875,0.5,0.125,4,0.571428571428571
"3262",0.875,0.299423537388952,0.705882352941177,0.9453125,0.75,0.90625,0.25,0.09375,8,0.275862068965517
"3263",0.825,0.361447135035682,0.740740740740741,0.918956043956044,0.714285714285714,0.884615384615385,0.285714285714286,0.115384615384615,6.19047619047619,0.322981366459627
"3264",0.75,0.404920059631477,0.615384615384615,0.827586206896552,0.727272727272727,0.758620689655172,0.272727272727273,0.241379310344828,3.01298701298701,0.359504132231405
"3265",0.8,0.362734794072659,0.666666666666667,0.904558404558405,0.615384615384615,0.888888888888889,0.384615384615385,0.111111111111111,5.53846153846154,0.432692307692308
"3266",0.825,0.39062508966075,0.588235294117647,0.775,0.5,0.933333333333333,0.5,0.0666666666666667,7.5,0.535714285714286
"3267",0.825,0.404943175153585,0.695652173913043,0.811011904761905,0.666666666666667,0.892857142857143,0.333333333333333,0.107142857142857,6.22222222222222,0.373333333333333
"3268",0.7,0.439458526400086,0.4,0.703333333333333,0.4,0.8,0.6,0.2,2,0.75
"3269",0.875,0.287107778336457,0.666666666666667,0.941558441558442,0.714285714285714,0.909090909090909,0.285714285714286,0.0909090909090909,7.85714285714285,0.314285714285714
"3270",0.75,0.374956803086318,0.583333333333333,0.858333333333333,0.7,0.766666666666667,0.3,0.233333333333333,3,0.391304347826087
"3271",0.8,0.342128650206416,0.5,0.740234375,0.5,0.875,0.5,0.125,4,0.571428571428571
"3272",0.85,0.322867938029373,0.7,0.84,0.7,0.9,0.3,0.1,7,0.333333333333333
"3273",0.8,0.357863086712387,0.5,0.8125,0.5,0.875,0.5,0.125,4,0.571428571428571
"3274",0.85,0.314946984658172,0.625,0.848484848484849,0.714285714285714,0.878787878787879,0.285714285714286,0.121212121212121,5.89285714285714,0.32512315270936
"3275",0.75,0.427165640365327,0.5,0.752136752136752,0.384615384615385,0.925925925925926,0.615384615384615,0.0740740740740741,5.19230769230769,0.664615384615385
"3276",0.875,0.356891714269139,0.761904761904762,0.930059523809524,0.666666666666667,0.964285714285714,0.333333333333333,0.0357142857142857,18.6666666666667,0.345679012345679
"3277",0.775,0.372220979093915,0.526315789473684,0.817204301075269,0.555555555555556,0.838709677419355,0.444444444444444,0.161290322580645,3.44444444444445,0.52991452991453
"3278",0.725,0.474966182724019,0.56,0.736263736263736,0.5,0.846153846153846,0.5,0.153846153846154,3.25,0.590909090909091
"3279",0.775,0.411865663550413,0.470588235294118,0.71326164874552,0.444444444444444,0.870967741935484,0.555555555555556,0.129032258064516,3.44444444444444,0.637860082304527
"3280",0.75,0.379119591812741,0.5,0.836666666666667,0.5,0.833333333333333,0.5,0.166666666666667,3,0.6
"3281",0.775,0.420997705464204,0.689655172413793,0.81640625,0.625,0.875,0.375,0.125,5,0.428571428571429
"3282",0.85,0.319792195884774,0.7,0.868333333333333,0.7,0.9,0.3,0.1,7,0.333333333333333
"3283",0.85,0.353353890219497,0.666666666666667,0.910658307210031,0.545454545454545,0.96551724137931,0.454545454545455,0.0344827586206896,15.8181818181818,0.470779220779221
"3284",0.75,0.44594749257305,0.545454545454545,0.757440476190476,0.5,0.857142857142857,0.5,0.142857142857143,3.5,0.583333333333333
"3285",0.75,0.422503191091,0.583333333333333,0.796130952380952,0.583333333333333,0.821428571428571,0.416666666666667,0.178571428571429,3.26666666666667,0.507246376811594
"3286",0.9,0.337171010973952,0.8,0.849529780564263,0.727272727272727,0.96551724137931,0.272727272727273,0.0344827586206896,21.0909090909091,0.282467532467532
"3287",0.7,0.426464935403103,0.4,0.862857142857143,0.8,0.685714285714286,0.2,0.314285714285714,2.54545454545455,0.291666666666667
"3288",0.8,0.354341424383046,0.636363636363636,0.825,0.7,0.833333333333333,0.3,0.166666666666667,4.2,0.36
"3289",0.85,0.33860642375436,0.75,0.832288401253918,0.818181818181818,0.862068965517241,0.181818181818182,0.137931034482759,5.93181818181818,0.210909090909091
"3290",0.9,0.337194078257366,0.777777777777778,0.90282131661442,0.636363636363636,1,0.363636363636364,0,Inf,0.363636363636364
"3291",0.8,0.345401786835716,0.666666666666667,0.927083333333333,0.666666666666667,0.857142857142857,0.333333333333333,0.142857142857143,4.66666666666667,0.388888888888889
"3292",0.85,0.318991328678477,0.571428571428571,0.826171875,0.5,0.9375,0.5,0.0625,8,0.533333333333333
"3293",0.9,0.336087314553659,0.8,0.90922619047619,0.666666666666667,1,0.333333333333333,0,Inf,0.333333333333333
"3294",0.825,0.352130311217796,0.740740740740741,0.917582417582418,0.714285714285714,0.884615384615385,0.285714285714286,0.115384615384615,6.19047619047619,0.322981366459627
"3295",0.8,0.411925402093027,0.733333333333333,0.845268542199488,0.647058823529412,0.91304347826087,0.352941176470588,0.0869565217391305,7.44117647058823,0.38655462184874
"3296",0.85,0.365772279125037,0.727272727272727,0.90922619047619,0.666666666666667,0.928571428571429,0.333333333333333,0.0714285714285714,9.33333333333334,0.358974358974359
"3297",0.75,0.403370675484893,0.642857142857143,0.802083333333333,0.75,0.75,0.25,0.25,3,0.333333333333333
"3298",0.75,0.364606592057868,0.5,0.797491039426523,0.555555555555556,0.806451612903226,0.444444444444444,0.193548387096774,2.87037037037037,0.551111111111111
"3299",0.825,0.381958899461534,0.631578947368421,0.862007168458781,0.666666666666667,0.870967741935484,0.333333333333333,0.129032258064516,5.16666666666667,0.382716049382716
"3300",0.8,0.410973813205908,0.636363636363636,0.769345238095238,0.583333333333333,0.892857142857143,0.416666666666667,0.107142857142857,5.44444444444445,0.466666666666667
"3301",0.825,0.345543329736758,0.666666666666667,0.861666666666667,0.7,0.866666666666667,0.3,0.133333333333333,5.25,0.346153846153846
"3302",0.7,0.412797203924921,0.4,0.74609375,0.5,0.75,0.5,0.25,2,0.666666666666667
"3303",0.875,0.364075374001313,0.8,0.843406593406593,0.714285714285714,0.961538461538462,0.285714285714286,0.0384615384615384,18.5714285714286,0.297142857142857
"3304",0.85,0.340371935717445,0.7,0.89453125,0.875,0.84375,0.125,0.15625,5.6,0.148148148148148
"3305",0.875,0.304795605121004,0.782608695652174,0.949843260188088,0.818181818181818,0.896551724137931,0.181818181818182,0.103448275862069,7.90909090909091,0.202797202797203
"3306",0.75,0.408208931078858,0.545454545454545,0.835423197492163,0.545454545454545,0.827586206896552,0.454545454545455,0.172413793103448,3.16363636363636,0.549242424242424
"3307",0.8,0.366532164527508,0.6,0.833855799373041,0.545454545454545,0.896551724137931,0.454545454545455,0.103448275862069,5.27272727272727,0.506993006993007
"3308",0.925,0.272368853276966,0.857142857142857,0.974910394265233,1,0.903225806451613,0,0.0967741935483871,10.3333333333333,0
"3309",0.85,0.350299426851548,0.666666666666667,0.865203761755486,0.545454545454545,0.96551724137931,0.454545454545455,0.0344827586206896,15.8181818181818,0.470779220779221
"3310",0.825,0.356378299078416,0.695652173913043,0.912202380952381,0.666666666666667,0.892857142857143,0.333333333333333,0.107142857142857,6.22222222222222,0.373333333333333
"3311",0.8,0.378079573624484,0.6,0.74910394265233,0.666666666666667,0.838709677419355,0.333333333333333,0.161290322580645,4.13333333333333,0.397435897435897
"3312",0.85,0.315412582431555,0.7,0.921630094043887,0.636363636363636,0.931034482758621,0.363636363636364,0.0689655172413793,9.22727272727272,0.390572390572391
"3313",0.8,0.387984601637578,0.555555555555556,0.823333333333333,0.5,0.9,0.5,0.1,5,0.555555555555556
"3314",0.825,0.322671675600982,0.666666666666667,0.888333333333333,0.7,0.866666666666667,0.3,0.133333333333333,5.25,0.346153846153846
"3315",0.675,0.443564899853173,0.518518518518518,0.782666666666667,0.466666666666667,0.8,0.533333333333333,0.2,2.33333333333333,0.666666666666667
"3316",0.825,0.378399758953788,0.695652173913043,0.831908831908832,0.615384615384615,0.925925925925926,0.384615384615385,0.0740740740740741,8.30769230769231,0.415384615384615
"3317",0.825,0.378927753222076,0.666666666666667,0.854700854700855,0.538461538461538,0.962962962962963,0.461538461538462,0.0370370370370371,14.5384615384615,0.479289940828402
"3318",0.75,0.418619026439727,0.642857142857143,0.817663817663818,0.692307692307692,0.777777777777778,0.307692307692308,0.222222222222222,3.11538461538462,0.395604395604396
"3319",0.8,0.391813383887071,0.692307692307692,0.850666666666667,0.6,0.92,0.4,0.08,7.5,0.434782608695652
"3320",0.825,0.361814563656877,0.72,0.921703296703297,0.642857142857143,0.923076923076923,0.357142857142857,0.0769230769230769,8.35714285714286,0.386904761904762
"3321",0.8,0.344627179280964,0.692307692307692,0.862068965517241,0.818181818181818,0.793103448275862,0.181818181818182,0.206896551724138,3.95454545454546,0.229249011857707
"3322",0.875,0.300418685535181,0.615384615384615,0.913419913419913,0.571428571428571,0.939393939393939,0.428571428571429,0.0606060606060606,9.42857142857144,0.456221198156682
"3323",0.8,0.402623458669641,0.733333333333333,0.804,0.733333333333333,0.84,0.266666666666667,0.16,4.58333333333333,0.317460317460318
"3324",0.825,0.330322396728313,0.72,0.879464285714286,0.75,0.857142857142857,0.25,0.142857142857143,5.25,0.291666666666667
"3325",0.85,0.329761363841085,0.727272727272727,0.880952380952381,0.666666666666667,0.928571428571429,0.333333333333333,0.0714285714285714,9.33333333333334,0.358974358974359
"3326",0.825,0.346589864162827,0.631578947368421,0.896666666666667,0.6,0.9,0.4,0.1,6,0.444444444444444
"3327",0.825,0.347745539637441,0.695652173913043,0.854166666666667,0.666666666666667,0.892857142857143,0.333333333333333,0.107142857142857,6.22222222222222,0.373333333333333
"3328",0.825,0.382511691480162,0.666666666666667,0.873219373219373,0.538461538461538,0.962962962962963,0.461538461538462,0.0370370370370371,14.5384615384615,0.479289940828402
"3329",0.8,0.400454311403726,0.666666666666667,0.786324786324786,0.615384615384615,0.888888888888889,0.384615384615385,0.111111111111111,5.53846153846154,0.432692307692308
"3330",0.8,0.39645668282724,0.555555555555556,0.84672619047619,0.416666666666667,0.964285714285714,0.583333333333333,0.0357142857142857,11.6666666666667,0.604938271604938
"3331",0.825,0.323818486058375,0.588235294117647,0.830078125,0.625,0.875,0.375,0.125,5,0.428571428571429
"3332",0.725,0.403685762706433,0.476190476190476,0.821316614420063,0.454545454545455,0.827586206896552,0.545454545454545,0.172413793103448,2.63636363636364,0.659090909090909
"3333",0.8,0.387436730105062,0.692307692307692,0.904947916666667,0.5625,0.958333333333333,0.4375,0.0416666666666666,13.5,0.456521739130435
"3334",0.825,0.356044610669602,0.631578947368421,0.91796875,0.75,0.84375,0.25,0.15625,4.8,0.296296296296296
"3335",0.75,0.435258672918546,0.615384615384615,0.836538461538462,0.571428571428571,0.846153846153846,0.428571428571429,0.153846153846154,3.71428571428571,0.506493506493507
"3336",0.925,0.255971998919074,0.88,0.921130952380952,0.916666666666667,0.928571428571429,0.0833333333333334,0.0714285714285714,12.8333333333333,0.0897435897435898
"3337",0.775,0.386611056638987,0.608695652173913,0.826164874551971,0.777777777777778,0.774193548387097,0.222222222222222,0.225806451612903,3.44444444444444,0.287037037037037
"3338",0.775,0.420929973940297,0.571428571428571,0.799450549450549,0.428571428571429,0.961538461538462,0.571428571428571,0.0384615384615384,11.1428571428571,0.594285714285714
"3339",0.825,0.365853995106083,0.666666666666667,0.836309523809524,0.583333333333333,0.928571428571429,0.416666666666667,0.0714285714285714,8.16666666666667,0.448717948717949
"3340",0.875,0.293796428080419,0.761904761904762,0.96,0.8,0.9,0.2,0.1,8,0.222222222222222
"3341",0.825,0.391589652237192,0.533333333333333,0.752688172043011,0.444444444444444,0.935483870967742,0.555555555555556,0.0645161290322581,6.88888888888888,0.593869731800766
"3342",0.85,0.305550082831379,0.7,0.948333333333333,0.7,0.9,0.3,0.1,7,0.333333333333333
"3343",0.825,0.368108793896631,0.588235294117647,0.838557993730408,0.454545454545455,0.96551724137931,0.545454545454545,0.0344827586206896,13.1818181818182,0.564935064935065
"3344",0.775,0.319681790281546,0.470588235294118,0.88671875,0.5,0.84375,0.5,0.15625,3.2,0.592592592592593
"3345",0.875,0.319186125415352,0.705882352941177,0.890681003584229,0.666666666666667,0.935483870967742,0.333333333333333,0.0645161290322581,10.3333333333333,0.35632183908046
"3346",0.75,0.444015113602432,0.615384615384615,0.742165242165242,0.615384615384615,0.814814814814815,0.384615384615385,0.185185185185185,3.32307692307692,0.472027972027972
"3347",0.75,0.415588096241099,0.615384615384615,0.809065934065934,0.571428571428571,0.846153846153846,0.428571428571429,0.153846153846154,3.71428571428571,0.506493506493507
"3348",0.775,0.389452285760253,0.526315789473684,0.790322580645161,0.555555555555556,0.838709677419355,0.444444444444444,0.161290322580645,3.44444444444445,0.52991452991453
"3349",0.75,0.361491308642539,0.583333333333333,0.811912225705329,0.636363636363636,0.793103448275862,0.363636363636364,0.206896551724138,3.07575757575758,0.458498023715415
"3350",0.9,0.317846462374646,0.8,0.900297619047619,0.666666666666667,1,0.333333333333333,0,Inf,0.333333333333333
"3351",0.9,0.3002001008359,0.75,0.906810035842294,0.666666666666667,0.967741935483871,0.333333333333333,0.032258064516129,20.6666666666667,0.344444444444444
"3352",0.75,0.404473956851192,0.545454545454545,0.733542319749216,0.545454545454545,0.827586206896552,0.454545454545455,0.172413793103448,3.16363636363636,0.549242424242424
"3353",0.825,0.332203640617692,0.533333333333333,0.798701298701299,0.571428571428571,0.878787878787879,0.428571428571429,0.121212121212121,4.71428571428571,0.487684729064039
"3354",0.725,0.424952717712149,0.592592592592593,0.850274725274725,0.571428571428571,0.807692307692308,0.428571428571429,0.192307692307692,2.97142857142857,0.530612244897959
"3355",0.85,0.302949956992202,0.666666666666667,0.822265625,0.75,0.875,0.25,0.125,6,0.285714285714286
"3356",0.825,0.387301941211163,0.695652173913043,0.84478021978022,0.571428571428571,0.961538461538462,0.428571428571429,0.0384615384615384,14.8571428571429,0.445714285714286
"3357",0.8,0.354075555783184,0.5,0.833333333333333,0.444444444444444,0.903225806451613,0.555555555555556,0.0967741935483871,4.59259259259259,0.615079365079365
"3358",0.775,0.393458107768944,0.526315789473684,0.857366771159875,0.454545454545455,0.896551724137931,0.545454545454545,0.103448275862069,4.39393939393939,0.608391608391608
"3359",0.775,0.370180144338287,0.526315789473684,0.794372294372294,0.714285714285714,0.787878787878788,0.285714285714286,0.212121212121212,3.36734693877551,0.362637362637363
"3360",0.8,0.377246200010085,0.6,0.806666666666667,0.6,0.866666666666667,0.4,0.133333333333333,4.5,0.461538461538462
"3361",0.8,0.411189238777453,0.5,0.790178571428571,0.333333333333333,1,0.666666666666667,0,Inf,0.666666666666667
"3362",0.9,0.277974999798013,0.8,0.9,0.8,0.933333333333333,0.2,0.0666666666666667,12,0.214285714285714
"3363",0.75,0.383004234390504,0.666666666666667,0.814814814814815,0.769230769230769,0.740740740740741,0.230769230769231,0.259259259259259,2.96703296703297,0.311538461538461
"3364",0.85,0.295135097306924,0.571428571428571,0.803921568627451,0.666666666666667,0.882352941176471,0.333333333333333,0.117647058823529,5.66666666666667,0.377777777777778
"3365",0.85,0.325569215432427,0.666666666666667,0.88671875,0.75,0.875,0.25,0.125,6,0.285714285714286
"3366",0.7,0.42153417105859,0.5,0.776785714285714,0.5,0.785714285714286,0.5,0.214285714285714,2.33333333333333,0.636363636363636
"3367",0.775,0.440461353834815,0.526315789473684,0.801994301994302,0.384615384615385,0.962962962962963,0.615384615384615,0.0370370370370371,10.3846153846154,0.63905325443787
"3368",0.9,0.322953120746331,0.818181818181818,0.84375,0.75,0.964285714285714,0.25,0.0357142857142857,21,0.259259259259259
"3369",0.75,0.416098176025766,0.545454545454545,0.858974358974359,0.461538461538462,0.888888888888889,0.538461538461538,0.111111111111111,4.15384615384615,0.605769230769231
"3370",0.775,0.365944487496821,0.571428571428571,0.848333333333333,0.6,0.833333333333333,0.4,0.166666666666667,3.6,0.48
"3371",0.8,0.401938434410422,0.5,0.735,0.4,0.933333333333333,0.6,0.0666666666666667,6,0.642857142857143
"3372",0.8,0.396729999147326,0.636363636363636,0.787202380952381,0.583333333333333,0.892857142857143,0.416666666666667,0.107142857142857,5.44444444444445,0.466666666666667
"3373",0.8,0.386969692656252,0.5,0.767025089605735,0.444444444444444,0.903225806451613,0.555555555555556,0.0967741935483871,4.59259259259259,0.615079365079365
"3374",0.825,0.354253852282276,0.666666666666667,0.87,0.7,0.866666666666667,0.3,0.133333333333333,5.25,0.346153846153846
"3375",0.775,0.327749279510132,0.526315789473684,0.919117647058824,0.833333333333333,0.764705882352941,0.166666666666667,0.235294117647059,3.54166666666667,0.217948717948718
"3376",0.825,0.302931545964078,0.666666666666667,0.905,0.7,0.866666666666667,0.3,0.133333333333333,5.25,0.346153846153846
"3377",0.9,0.282897523041118,0.75,0.943359375,0.75,0.9375,0.25,0.0625,12,0.266666666666667
"3378",0.8,0.395149987657492,0.6,0.845238095238095,0.5,0.928571428571429,0.5,0.0714285714285714,7,0.538461538461538
"3379",0.725,0.429382112961576,0.592592592592593,0.792582417582418,0.571428571428571,0.807692307692308,0.428571428571429,0.192307692307692,2.97142857142857,0.530612244897959
"3380",0.85,0.356859058368897,0.727272727272727,0.831845238095238,0.666666666666667,0.928571428571429,0.333333333333333,0.0714285714285714,9.33333333333334,0.358974358974359
"3381",0.8,0.35644130199428,0.636363636363636,0.913690476190476,0.583333333333333,0.892857142857143,0.416666666666667,0.107142857142857,5.44444444444445,0.466666666666667
"3382",0.825,0.366384107415366,0.72,0.881766381766382,0.692307692307692,0.888888888888889,0.307692307692308,0.111111111111111,6.23076923076923,0.346153846153846
"3383",0.875,0.306631807596968,0.8,0.918803418803419,0.769230769230769,0.925925925925926,0.230769230769231,0.0740740740740741,10.3846153846154,0.249230769230769
"3384",0.775,0.385816501875337,0.571428571428571,0.882440476190476,0.5,0.892857142857143,0.5,0.107142857142857,4.66666666666667,0.56
"3385",0.775,0.370282299789815,0.571428571428571,0.807210031347962,0.545454545454545,0.862068965517241,0.454545454545455,0.137931034482759,3.95454545454545,0.527272727272727
"3386",0.85,0.361522324743096,0.75,0.891369047619048,0.75,0.892857142857143,0.25,0.107142857142857,7,0.28
"3387",0.825,0.319861825000236,0.588235294117647,0.857142857142857,0.714285714285714,0.848484848484849,0.285714285714286,0.151515151515151,4.71428571428572,0.336734693877551
"3388",0.775,0.394626575083845,0.307692307692308,0.712121212121212,0.285714285714286,0.878787878787879,0.714285714285714,0.121212121212121,2.35714285714286,0.812807881773399
"3389",0.8,0.407317958025625,0.636363636363636,0.838709677419355,0.777777777777778,0.806451612903226,0.222222222222222,0.193548387096774,4.01851851851852,0.275555555555556
"3390",0.85,0.343226570020933,0.7,0.884012539184953,0.636363636363636,0.931034482758621,0.363636363636364,0.0689655172413793,9.22727272727272,0.390572390572391
"3391",0.775,0.406689865660467,0.64,0.788690476190476,0.666666666666667,0.821428571428571,0.333333333333333,0.178571428571429,3.73333333333333,0.405797101449275
"3392",0.775,0.368802270013367,0.666666666666667,0.863247863247863,0.692307692307692,0.814814814814815,0.307692307692308,0.185185185185185,3.73846153846154,0.377622377622378
"3393",0.85,0.310866701347614,0.727272727272727,0.90282131661442,0.727272727272727,0.896551724137931,0.272727272727273,0.103448275862069,7.03030303030303,0.304195804195804
"3394",0.85,0.363295822875557,0.727272727272727,0.846153846153846,0.615384615384615,0.962962962962963,0.384615384615385,0.0370370370370371,16.6153846153846,0.399408284023669
"3395",0.75,0.437093258210051,0.615384615384615,0.772,0.533333333333333,0.88,0.466666666666667,0.12,4.44444444444444,0.53030303030303
"3396",0.725,0.408617284666593,0.266666666666667,0.628571428571429,0.4,0.771428571428571,0.6,0.228571428571429,1.75,0.777777777777778
"3397",0.85,0.311894591054893,0.666666666666667,0.887096774193548,0.666666666666667,0.903225806451613,0.333333333333333,0.0967741935483871,6.88888888888889,0.369047619047619
"3398",0.725,0.456477435470303,0.592592592592593,0.817135549872123,0.470588235294118,0.91304347826087,0.529411764705882,0.0869565217391305,5.41176470588235,0.579831932773109
"3399",0.75,0.425365837540334,0.615384615384615,0.904092071611253,0.470588235294118,0.956521739130435,0.529411764705882,0.0434782608695652,10.8235294117647,0.553475935828877
"3400",0.85,0.348894388654929,0.769230769230769,0.905982905982906,0.769230769230769,0.888888888888889,0.230769230769231,0.111111111111111,6.92307692307692,0.259615384615385
"3401",0.8,0.359037332052654,0.555555555555556,0.91692789968652,0.454545454545455,0.931034482758621,0.545454545454545,0.0689655172413793,6.59090909090909,0.585858585858586
"3402",0.85,0.313562609641402,0.7,0.93730407523511,0.636363636363636,0.931034482758621,0.363636363636364,0.0689655172413793,9.22727272727272,0.390572390572391
"3403",0.7,0.441470176278541,0.538461538461538,0.723646723646724,0.538461538461538,0.777777777777778,0.461538461538462,0.222222222222222,2.42307692307692,0.593406593406593
"3404",0.775,0.405943764880728,0.571428571428571,0.793154761904762,0.5,0.892857142857143,0.5,0.107142857142857,4.66666666666667,0.56
"3405",0.85,0.360255695026354,0.666666666666667,0.880877742946708,0.545454545454545,0.96551724137931,0.454545454545455,0.0344827586206896,15.8181818181818,0.470779220779221
"3406",0.875,0.297220046989336,0.761904761904762,0.903333333333333,0.8,0.9,0.2,0.1,8,0.222222222222222
"3407",0.85,0.375316112548398,0.75,0.834757834757835,0.692307692307692,0.925925925925926,0.307692307692308,0.0740740740740741,9.34615384615385,0.332307692307692
"3408",0.875,0.376582426030524,0.761904761904762,0.790178571428571,0.666666666666667,0.964285714285714,0.333333333333333,0.0357142857142857,18.6666666666667,0.345679012345679
"3409",0.775,0.365917663966072,0.64,0.808777429467085,0.727272727272727,0.793103448275862,0.272727272727273,0.206896551724138,3.51515151515152,0.343873517786561
"3410",0.85,0.343398596842551,0.769230769230769,0.893162393162393,0.769230769230769,0.888888888888889,0.230769230769231,0.111111111111111,6.92307692307692,0.259615384615385
"3411",0.8,0.380389469469471,0.636363636363636,0.836309523809524,0.583333333333333,0.892857142857143,0.416666666666667,0.107142857142857,5.44444444444445,0.466666666666667
"3412",0.7,0.441715520107119,0.5,0.757440476190476,0.5,0.785714285714286,0.5,0.214285714285714,2.33333333333333,0.636363636363636
"3413",0.825,0.358351275805356,0.631578947368421,0.920062695924765,0.545454545454545,0.931034482758621,0.454545454545455,0.0689655172413793,7.90909090909091,0.488215488215488
"3414",0.775,0.356459721072945,0.526315789473684,0.805,0.5,0.866666666666667,0.5,0.133333333333333,3.75,0.576923076923077
"3415",0.8,0.401767934053458,0.714285714285714,0.914322250639386,0.588235294117647,0.956521739130435,0.411764705882353,0.0434782608695652,13.5294117647059,0.43048128342246
"3416",0.925,0.266810488001418,0.666666666666667,0.7,0.6,0.971428571428571,0.4,0.0285714285714286,21,0.411764705882353
"3417",0.75,0.40742486841428,0.545454545454545,0.741666666666667,0.6,0.8,0.4,0.2,3,0.5
"3418",0.875,0.33359733621291,0.705882352941177,0.883333333333333,0.6,0.966666666666667,0.4,0.0333333333333333,18,0.413793103448276
"3419",0.775,0.390493820781849,0.64,0.854700854700855,0.615384615384615,0.851851851851852,0.384615384615385,0.148148148148148,4.15384615384615,0.451505016722408
"3420",0.8,0.433984405774782,0.692307692307692,0.791208791208791,0.642857142857143,0.884615384615385,0.357142857142857,0.115384615384615,5.57142857142857,0.403726708074534
"3421",0.85,0.369587968947426,0.769230769230769,0.901098901098901,0.714285714285714,0.923076923076923,0.285714285714286,0.0769230769230769,9.28571428571429,0.309523809523809
"3422",0.75,0.42037908807828,0.545454545454545,0.816614420062696,0.545454545454545,0.827586206896552,0.454545454545455,0.172413793103448,3.16363636363636,0.549242424242424
"3423",0.8,0.309889144417728,0.6,0.904296875,0.75,0.8125,0.25,0.1875,4,0.307692307692308
"3424",0.85,0.38039559554203,0.625,0.815,0.5,0.966666666666667,0.5,0.0333333333333333,15,0.517241379310345
"3425",0.8,0.339965772915662,0.5,0.787878787878788,0.571428571428571,0.848484848484849,0.428571428571429,0.151515151515151,3.77142857142857,0.505102040816327
"3426",0.8,0.402767159416483,0.5,0.875,0.4,0.933333333333333,0.6,0.0666666666666667,6,0.642857142857143
"3427",0.725,0.386706475839807,0.592592592592593,0.81547619047619,0.666666666666667,0.75,0.333333333333333,0.25,2.66666666666667,0.444444444444444
"3428",0.675,0.456439776450972,0.518518518518518,0.81043956043956,0.5,0.769230769230769,0.5,0.230769230769231,2.16666666666667,0.65
"3429",0.825,0.312288097129086,0.588235294117647,0.876953125,0.625,0.875,0.375,0.125,5,0.428571428571429
"3430",0.85,0.33882323225538,0.7,0.912109375,0.875,0.84375,0.125,0.15625,5.6,0.148148148148148
"3431",0.775,0.365618318271423,0.526315789473684,0.801075268817204,0.555555555555556,0.838709677419355,0.444444444444444,0.161290322580645,3.44444444444445,0.52991452991453
"3432",0.825,0.358694362311927,0.740740740740741,0.862637362637363,0.714285714285714,0.884615384615385,0.285714285714286,0.115384615384615,6.19047619047619,0.322981366459627
"3433",0.775,0.40110816360038,0.608695652173913,0.863247863247863,0.538461538461538,0.888888888888889,0.461538461538462,0.111111111111111,4.84615384615384,0.519230769230769
"3434",0.85,0.321838444181175,0.75,0.884012539184953,0.818181818181818,0.862068965517241,0.181818181818182,0.137931034482759,5.93181818181818,0.210909090909091
"3435",0.725,0.40644734801131,0.421052631578947,0.766666666666667,0.4,0.833333333333333,0.6,0.166666666666667,2.4,0.72
"3436",0.75,0.376230515613359,0.5,0.848333333333333,0.5,0.833333333333333,0.5,0.166666666666667,3,0.6
"3437",0.85,0.348524301415725,0.7,0.854166666666667,0.583333333333333,0.964285714285714,0.416666666666667,0.0357142857142857,16.3333333333333,0.432098765432099
"3438",0.725,0.400591739509291,0.421052631578947,0.78673835125448,0.444444444444444,0.806451612903226,0.555555555555556,0.193548387096774,2.2962962962963,0.688888888888889
"3439",0.8,0.379042816320518,0.555555555555556,0.826164874551971,0.555555555555556,0.870967741935484,0.444444444444444,0.129032258064516,4.30555555555556,0.510288065843621
"3440",0.875,0.259564362955916,0.666666666666667,0.938725490196078,0.833333333333333,0.882352941176471,0.166666666666667,0.117647058823529,7.08333333333333,0.188888888888889
"3441",0.825,0.361154165391809,0.666666666666667,0.911666666666667,0.7,0.866666666666667,0.3,0.133333333333333,5.25,0.346153846153846
"3442",0.775,0.398018966256536,0.64,0.847962382445141,0.727272727272727,0.793103448275862,0.272727272727273,0.206896551724138,3.51515151515152,0.343873517786561
"3443",0.825,0.394366060233808,0.666666666666667,0.796130952380952,0.583333333333333,0.928571428571429,0.416666666666667,0.0714285714285714,8.16666666666667,0.448717948717949
"3444",0.75,0.480464419517722,0.583333333333333,0.783887468030691,0.411764705882353,1,0.588235294117647,0,Inf,0.588235294117647
"3445",0.925,0.298877755494925,0.857142857142857,0.955357142857143,0.75,1,0.25,0,Inf,0.25
"3446",0.9,0.312743385953203,0.833333333333333,0.892857142857143,0.833333333333333,0.928571428571429,0.166666666666667,0.0714285714285714,11.6666666666667,0.179487179487179
"3447",0.775,0.409000068741111,0.608695652173913,0.823361823361823,0.538461538461538,0.888888888888889,0.461538461538462,0.111111111111111,4.84615384615384,0.519230769230769
"3448",0.8,0.418653397812502,0.6,0.801994301994302,0.461538461538462,0.962962962962963,0.538461538461538,0.0370370370370371,12.4615384615384,0.559171597633136
"3449",0.825,0.378932521595785,0.72,0.968,0.6,0.96,0.4,0.04,15,0.416666666666667
"3450",0.825,0.378640097784271,0.72,0.910714285714286,0.642857142857143,0.923076923076923,0.357142857142857,0.0769230769230769,8.35714285714286,0.386904761904762
"3451",0.825,0.393619734908445,0.631578947368421,0.842293906810036,0.666666666666667,0.870967741935484,0.333333333333333,0.129032258064516,5.16666666666667,0.382716049382716
"3452",0.825,0.323273073199336,0.740740740740741,0.94017094017094,0.769230769230769,0.851851851851852,0.230769230769231,0.148148148148148,5.19230769230769,0.270903010033445
"3453",0.875,0.356229966238527,0.761904761904762,0.912202380952381,0.666666666666667,0.964285714285714,0.333333333333333,0.0357142857142857,18.6666666666667,0.345679012345679
"3454",0.85,0.331449761263335,0.7,0.861666666666667,0.7,0.9,0.3,0.1,7,0.333333333333333
"3455",0.8,0.359803021717698,0.636363636363636,0.855,0.7,0.833333333333333,0.3,0.166666666666667,4.2,0.36
"3456",0.725,0.391780480299574,0.476190476190476,0.793906810035842,0.555555555555556,0.774193548387097,0.444444444444444,0.225806451612903,2.46031746031746,0.574074074074074
"3457",0.8,0.388990316727634,0.555555555555556,0.846394984326019,0.454545454545455,0.931034482758621,0.545454545454545,0.0689655172413793,6.59090909090909,0.585858585858586
"3458",0.8,0.366553651167854,0.666666666666667,0.838557993730408,0.727272727272727,0.827586206896552,0.272727272727273,0.172413793103448,4.21818181818182,0.329545454545455
"3459",0.875,0.2933395892769,0.761904761904762,0.904388714733542,0.727272727272727,0.931034482758621,0.272727272727273,0.0689655172413793,10.5454545454545,0.292929292929293
"3460",0.825,0.381638299940185,0.72,0.882440476190476,0.75,0.857142857142857,0.25,0.142857142857143,5.25,0.291666666666667
"3461",0.9,0.31538913260977,0.833333333333333,0.929467084639498,0.909090909090909,0.896551724137931,0.0909090909090909,0.103448275862069,8.78787878787879,0.101398601398601
"3462",0.825,0.321711737040137,0.666666666666667,0.846666666666667,0.7,0.866666666666667,0.3,0.133333333333333,5.25,0.346153846153846
"3463",0.8,0.353367612610268,0.6,0.905956112852665,0.545454545454545,0.896551724137931,0.454545454545455,0.103448275862069,5.27272727272727,0.506993006993007
"3464",0.875,0.358822864728341,0.666666666666667,0.896057347670251,0.555555555555556,0.967741935483871,0.444444444444444,0.032258064516129,17.2222222222222,0.459259259259259
"3465",0.9,0.292477534807782,0.777777777777778,0.93359375,0.875,0.90625,0.125,0.09375,9.33333333333333,0.137931034482759
"3466",0.825,0.34204567257822,0.695652173913043,0.84012539184953,0.727272727272727,0.862068965517241,0.272727272727273,0.137931034482759,5.27272727272727,0.316363636363636
"3467",0.85,0.368364377361081,0.666666666666667,0.86328125,0.75,0.875,0.25,0.125,6,0.285714285714286
"3468",0.8,0.313208261687849,0.636363636363636,0.943722943722944,1,0.757575757575758,0,0.242424242424242,4.125,0
"3469",0.825,0.339219483001319,0.631578947368421,0.783203125,0.75,0.84375,0.25,0.15625,4.8,0.296296296296296
"3470",0.75,0.434706652186571,0.583333333333333,0.793333333333333,0.466666666666667,0.92,0.533333333333333,0.08,5.83333333333334,0.579710144927536
"3471",0.8,0.402645823425823,0.6,0.768025078369906,0.545454545454545,0.896551724137931,0.454545454545455,0.103448275862069,5.27272727272727,0.506993006993007
"3472",0.775,0.377810921983357,0.64,0.886904761904762,0.666666666666667,0.821428571428571,0.333333333333333,0.178571428571429,3.73333333333333,0.405797101449275
"3473",0.8,0.326614561266917,0.714285714285714,0.895833333333333,0.833333333333333,0.785714285714286,0.166666666666667,0.214285714285714,3.88888888888889,0.212121212121212
"3474",0.8,0.382154030876668,0.555555555555556,0.801075268817204,0.555555555555556,0.870967741935484,0.444444444444444,0.129032258064516,4.30555555555556,0.510288065843621
"3475",0.8,0.357192233385215,0.636363636363636,0.862068965517241,0.636363636363636,0.862068965517241,0.363636363636364,0.137931034482759,4.61363636363636,0.421818181818182
"3476",0.875,0.285464720027758,0.761904761904762,0.968333333333333,0.8,0.9,0.2,0.1,8,0.222222222222222
"3477",0.9,0.335082347073883,0.8,0.90922619047619,0.666666666666667,1,0.333333333333333,0,Inf,0.333333333333333
"3478",0.775,0.411243660894706,0.571428571428571,0.830721003134796,0.545454545454545,0.862068965517241,0.454545454545455,0.137931034482759,3.95454545454545,0.527272727272727
"3479",0.8,0.406619613665548,0.692307692307692,0.860677083333333,0.5625,0.958333333333333,0.4375,0.0416666666666666,13.5,0.456521739130435
"3480",0.725,0.396278883168703,0.421052631578947,0.693548387096774,0.444444444444444,0.806451612903226,0.555555555555556,0.193548387096774,2.2962962962963,0.688888888888889
"3481",0.8,0.335478259981409,0.555555555555556,0.913978494623656,0.555555555555556,0.870967741935484,0.444444444444444,0.129032258064516,4.30555555555556,0.510288065843621
"3482",0.85,0.324875326037217,0.7,0.909090909090909,0.636363636363636,0.931034482758621,0.363636363636364,0.0689655172413793,9.22727272727272,0.390572390572391
"3483",0.8,0.384431444481069,0.692307692307692,0.804945054945055,0.642857142857143,0.884615384615385,0.357142857142857,0.115384615384615,5.57142857142857,0.403726708074534
"3484",0.775,0.344185018339385,0.571428571428571,0.869175627240143,0.666666666666667,0.806451612903226,0.333333333333333,0.193548387096774,3.44444444444444,0.413333333333333
"3485",0.75,0.450876957244625,0.642857142857143,0.789333333333333,0.6,0.84,0.4,0.16,3.75,0.476190476190476
"3486",0.75,0.438496813979275,0.583333333333333,0.891304347826087,0.411764705882353,1,0.588235294117647,0,Inf,0.588235294117647
"3487",0.8,0.361888715954371,0.666666666666667,0.848333333333333,0.8,0.8,0.2,0.2,4,0.25
"3488",0.8,0.388380427336076,0.692307692307692,0.888736263736264,0.642857142857143,0.884615384615385,0.357142857142857,0.115384615384615,5.57142857142857,0.403726708074534
"3489",0.875,0.295905665545137,0.761904761904762,0.946236559139785,0.888888888888889,0.870967741935484,0.111111111111111,0.129032258064516,6.88888888888889,0.127572016460905
"3490",0.825,0.338242159934513,0.72,0.91692789968652,0.818181818181818,0.827586206896552,0.181818181818182,0.172413793103448,4.74545454545455,0.21969696969697
"3491",0.85,0.346205886561991,0.785714285714286,0.966145833333333,0.6875,0.958333333333333,0.3125,0.0416666666666666,16.5,0.326086956521739
"3492",0.775,0.406456941057894,0.526315789473684,0.749216300940439,0.454545454545455,0.896551724137931,0.545454545454545,0.103448275862069,4.39393939393939,0.608391608391608
"3493",0.85,0.327968124749935,0.666666666666667,0.904296875,0.75,0.875,0.25,0.125,6,0.285714285714286
"3494",0.875,0.289884208971179,0.736842105263158,0.926666666666667,0.7,0.933333333333333,0.3,0.0666666666666667,10.5,0.321428571428571
"3495",0.8,0.332280839415986,0.5,0.755859375,0.5,0.875,0.5,0.125,4,0.571428571428571
"3496",0.75,0.376480050625449,0.444444444444444,0.783154121863799,0.444444444444444,0.838709677419355,0.555555555555556,0.161290322580645,2.75555555555556,0.662393162393162
"3497",0.775,0.365541951469611,0.307692307692308,0.66421568627451,0.333333333333333,0.852941176470588,0.666666666666667,0.147058823529412,2.26666666666667,0.781609195402299
"3498",0.8,0.362031743867513,0.692307692307692,0.867559523809524,0.75,0.821428571428571,0.25,0.178571428571429,4.2,0.304347826086957
"3499",0.8,0.384485566752526,0.636363636363636,0.894586894586895,0.538461538461538,0.925925925925926,0.461538461538462,0.0740740740740741,7.26923076923077,0.498461538461539
"3500",0.825,0.305239749057507,0.588235294117647,0.86328125,0.625,0.875,0.375,0.125,5,0.428571428571429
"3501",0.8,0.309858778197766,0.555555555555556,0.852941176470588,0.833333333333333,0.794117647058823,0.166666666666667,0.205882352941177,4.04761904761905,0.209876543209877
"3502",0.825,0.355420916044455,0.631578947368421,0.805,0.6,0.9,0.4,0.1,6,0.444444444444444
"3503",0.825,0.331372331960376,0.588235294117647,0.921875,0.625,0.875,0.375,0.125,5,0.428571428571429
"3504",0.775,0.382197860273867,0.608695652173913,0.726666666666667,0.7,0.8,0.3,0.2,3.5,0.375
"3505",0.7,0.475303770568854,0.571428571428571,0.81074168797954,0.470588235294118,0.869565217391304,0.529411764705882,0.130434782608696,3.6078431372549,0.608823529411765
"3506",0.85,0.33558159078294,0.75,0.882440476190476,0.75,0.892857142857143,0.25,0.107142857142857,7,0.28
"3507",0.825,0.352163949473707,0.695652173913043,0.847962382445141,0.727272727272727,0.862068965517241,0.272727272727273,0.137931034482759,5.27272727272727,0.316363636363636
"3508",0.875,0.353068943024685,0.615384615384615,0.774193548387097,0.444444444444444,1,0.555555555555556,0,Inf,0.555555555555556
"3509",0.8,0.386496338890901,0.692307692307692,0.871473354231975,0.818181818181818,0.793103448275862,0.181818181818182,0.206896551724138,3.95454545454546,0.229249011857707
"3510",0.85,0.31581233218408,0.666666666666667,0.808333333333333,0.6,0.933333333333333,0.4,0.0666666666666667,9,0.428571428571429
"3511",0.75,0.418870562600057,0.444444444444444,0.77,0.4,0.866666666666667,0.6,0.133333333333333,3,0.692307692307692
"3512",0.85,0.345325923644221,0.769230769230769,0.881868131868132,0.714285714285714,0.923076923076923,0.285714285714286,0.0769230769230769,9.28571428571429,0.309523809523809
"3513",0.8,0.391839052651749,0.6,0.898809523809524,0.5,0.928571428571429,0.5,0.0714285714285714,7,0.538461538461538
"3514",0.8,0.352012766825677,0.428571428571429,0.77734375,0.375,0.90625,0.625,0.09375,4,0.689655172413793
"3515",0.85,0.335735349462555,0.666666666666667,0.903225806451613,0.666666666666667,0.903225806451613,0.333333333333333,0.0967741935483871,6.88888888888889,0.369047619047619
"3516",0.825,0.356196239108209,0.631578947368421,0.794670846394984,0.545454545454545,0.931034482758621,0.454545454545455,0.0689655172413793,7.90909090909091,0.488215488215488
"3517",0.775,0.396253867696202,0.666666666666667,0.853333333333333,0.6,0.88,0.4,0.12,5,0.454545454545455
"3518",0.775,0.390090300502462,0.64,0.825892857142857,0.666666666666667,0.821428571428571,0.333333333333333,0.178571428571429,3.73333333333333,0.405797101449275
"3519",0.775,0.363385722165505,0.4,0.851428571428571,0.6,0.8,0.4,0.2,3,0.5
"3520",0.825,0.376788216687743,0.72,0.836990595611285,0.818181818181818,0.827586206896552,0.181818181818182,0.172413793103448,4.74545454545455,0.21969696969697
"3521",0.85,0.363980237934385,0.7,0.938746438746439,0.538461538461538,1,0.461538461538462,0,Inf,0.461538461538462
"3522",0.85,0.367784708114229,0.8,0.846666666666667,0.8,0.88,0.2,0.12,6.66666666666667,0.227272727272727
"3523",0.825,0.303986572964795,0.666666666666667,0.92831541218638,0.777777777777778,0.838709677419355,0.222222222222222,0.161290322580645,4.82222222222222,0.264957264957265
"3524",0.75,0.377955366127246,0.583333333333333,0.821316614420063,0.636363636363636,0.793103448275862,0.363636363636364,0.206896551724138,3.07575757575758,0.458498023715415
"3525",0.8,0.366389248544345,0.636363636363636,0.82258064516129,0.777777777777778,0.806451612903226,0.222222222222222,0.193548387096774,4.01851851851852,0.275555555555556
"3526",0.9,0.324365325852468,0.857142857142857,0.95467032967033,0.857142857142857,0.923076923076923,0.142857142857143,0.0769230769230769,11.1428571428571,0.154761904761905
"3527",0.775,0.390285183592542,0.608695652173913,0.853021978021978,0.5,0.923076923076923,0.5,0.0769230769230769,6.5,0.541666666666667
"3528",0.775,0.394919425901258,0.571428571428571,0.826018808777429,0.545454545454545,0.862068965517241,0.454545454545455,0.137931034482759,3.95454545454545,0.527272727272727
"3529",0.875,0.28477050994871,0.615384615384615,0.952380952380952,0.571428571428571,0.939393939393939,0.428571428571429,0.0606060606060606,9.42857142857144,0.456221198156682
"3530",0.75,0.412442260146011,0.666666666666667,0.837606837606838,0.769230769230769,0.740740740740741,0.230769230769231,0.259259259259259,2.96703296703297,0.311538461538461
"3531",0.925,0.282898494912386,0.8,0.96875,0.75,0.96875,0.25,0.03125,24,0.258064516129032
"3532",0.85,0.323534403583305,0.625,0.940860215053763,0.555555555555556,0.935483870967742,0.444444444444444,0.0645161290322581,8.6111111111111,0.475095785440613
"3533",0.8,0.386755765355531,0.666666666666667,0.903846153846154,0.571428571428571,0.923076923076923,0.428571428571429,0.0769230769230769,7.42857142857143,0.464285714285714
"3534",0.9,0.372791922950663,0.846153846153846,0.844729344729345,0.846153846153846,0.925925925925926,0.153846153846154,0.0740740740740741,11.4230769230769,0.166153846153846
"3535",0.825,0.346315548745482,0.631578947368421,0.853333333333333,0.6,0.9,0.4,0.1,6,0.444444444444444
"3536",0.725,0.404943932129564,0.476190476190476,0.874643874643875,0.384615384615385,0.888888888888889,0.615384615384615,0.111111111111111,3.46153846153846,0.692307692307692
"3537",0.725,0.492307294240965,0.592592592592593,0.745333333333333,0.533333333333333,0.84,0.466666666666667,0.16,3.33333333333333,0.555555555555556
"3538",0.85,0.339090672461856,0.625,0.818181818181818,0.714285714285714,0.878787878787879,0.285714285714286,0.121212121212121,5.89285714285714,0.32512315270936
"3539",0.825,0.361235573571328,0.588235294117647,0.77,0.5,0.933333333333333,0.5,0.0666666666666667,7.5,0.535714285714286
"3540",0.725,0.472347395291439,0.56,0.727678571428571,0.583333333333333,0.785714285714286,0.416666666666667,0.214285714285714,2.72222222222222,0.53030303030303
"3541",0.825,0.396128596596281,0.695652173913043,0.887464387464387,0.615384615384615,0.925925925925926,0.384615384615385,0.0740740740740741,8.30769230769231,0.415384615384615
"3542",0.775,0.388036032157567,0.608695652173913,0.808035714285714,0.583333333333333,0.857142857142857,0.416666666666667,0.142857142857143,4.08333333333333,0.486111111111111
"3543",0.95,0.237557786264113,0.888888888888889,0.985663082437276,0.888888888888889,0.967741935483871,0.111111111111111,0.032258064516129,27.5555555555556,0.114814814814815
"3544",0.775,0.428497061028183,0.526315789473684,0.767806267806268,0.384615384615385,0.962962962962963,0.615384615384615,0.0370370370370371,10.3846153846154,0.63905325443787
"3545",0.8,0.372063815381012,0.636363636363636,0.868333333333333,0.7,0.833333333333333,0.3,0.166666666666667,4.2,0.36
"3546",0.85,0.338850046636575,0.727272727272727,0.857366771159875,0.727272727272727,0.896551724137931,0.272727272727273,0.103448275862069,7.03030303030303,0.304195804195804
"3547",0.775,0.416161855577847,0.526315789473684,0.761755485893417,0.454545454545455,0.896551724137931,0.545454545454545,0.103448275862069,4.39393939393939,0.608391608391608
"3548",0.725,0.364154099044211,0.592592592592593,0.849529780564263,0.727272727272727,0.724137931034483,0.272727272727273,0.275862068965517,2.63636363636364,0.376623376623377
"3549",0.7,0.475650548505978,0.4,0.826210826210826,0.307692307692308,0.888888888888889,0.692307692307692,0.111111111111111,2.76923076923077,0.778846153846154
"3550",0.8,0.370286469510416,0.636363636363636,0.858333333333333,0.7,0.833333333333333,0.3,0.166666666666667,4.2,0.36
"3551",0.825,0.357364148562013,0.695652173913043,0.816964285714286,0.666666666666667,0.892857142857143,0.333333333333333,0.107142857142857,6.22222222222222,0.373333333333333
"3552",0.775,0.364404539496714,0.4,0.720703125,0.375,0.875,0.625,0.125,3,0.714285714285714
"3553",0.85,0.337253532647742,0.7,0.844086021505376,0.777777777777778,0.870967741935484,0.222222222222222,0.129032258064516,6.02777777777778,0.255144032921811
"3554",0.8,0.312141107044181,0.6,0.876666666666667,0.6,0.866666666666667,0.4,0.133333333333333,4.5,0.461538461538462
"3555",0.7,0.431268921832897,0.538461538461538,0.803418803418803,0.538461538461538,0.777777777777778,0.461538461538462,0.222222222222222,2.42307692307692,0.593406593406593
"3556",0.825,0.32114720998426,0.695652173913043,0.926666666666667,0.8,0.833333333333333,0.2,0.166666666666667,4.8,0.24
"3557",0.75,0.399398537702658,0.5,0.838333333333333,0.5,0.833333333333333,0.5,0.166666666666667,3,0.6
"3558",0.775,0.368956247655083,0.666666666666667,0.854700854700855,0.692307692307692,0.814814814814815,0.307692307692308,0.185185185185185,3.73846153846154,0.377622377622378
"3559",0.825,0.367079794935407,0.695652173913043,0.833333333333333,0.615384615384615,0.925925925925926,0.384615384615385,0.0740740740740741,8.30769230769231,0.415384615384615
"3560",0.75,0.382571568744928,0.5,0.779296875,0.625,0.78125,0.375,0.21875,2.85714285714286,0.48
"3561",0.8,0.347732666290283,0.636363636363636,0.876175548589342,0.636363636363636,0.862068965517241,0.363636363636364,0.137931034482759,4.61363636363636,0.421818181818182
"3562",0.775,0.398572491530847,0.64,0.849529780564263,0.727272727272727,0.793103448275862,0.272727272727273,0.206896551724138,3.51515151515152,0.343873517786561
"3563",0.925,0.28310528501666,0.857142857142857,0.96,0.9,0.933333333333333,0.1,0.0666666666666667,13.5,0.107142857142857
"3564",0.8,0.333667887552519,0.6,0.89426523297491,0.666666666666667,0.838709677419355,0.333333333333333,0.161290322580645,4.13333333333333,0.397435897435897
"3565",0.8,0.396525156551986,0.5,0.777777777777778,0.444444444444444,0.903225806451613,0.555555555555556,0.0967741935483871,4.59259259259259,0.615079365079365
"3566",0.775,0.443351452428761,0.666666666666667,0.773351648351648,0.642857142857143,0.846153846153846,0.357142857142857,0.153846153846154,4.17857142857143,0.422077922077922
"3567",0.8,0.381510786086812,0.636363636363636,0.821316614420063,0.636363636363636,0.862068965517241,0.363636363636364,0.137931034482759,4.61363636363636,0.421818181818182
"3568",0.775,0.329522743775981,0.608695652173913,0.836917562724014,0.777777777777778,0.774193548387097,0.222222222222222,0.225806451612903,3.44444444444444,0.287037037037037
"3569",0.7,0.43529153002411,0.538461538461538,0.789968652037618,0.636363636363636,0.724137931034483,0.363636363636364,0.275862068965517,2.30681818181818,0.502164502164502
"3570",0.85,0.361928122455968,0.75,0.921130952380952,0.75,0.892857142857143,0.25,0.107142857142857,7,0.28
"3571",0.875,0.373343941428036,0.761904761904762,0.895833333333333,0.666666666666667,0.964285714285714,0.333333333333333,0.0357142857142857,18.6666666666667,0.345679012345679
"3572",0.85,0.312495560326568,0.727272727272727,0.926666666666667,0.8,0.866666666666667,0.2,0.133333333333333,6,0.230769230769231
"3573",0.8,0.359647045537806,0.666666666666667,0.852678571428571,0.666666666666667,0.857142857142857,0.333333333333333,0.142857142857143,4.66666666666667,0.388888888888889
"3574",0.775,0.387962935766699,0.64,0.876068376068376,0.615384615384615,0.851851851851852,0.384615384615385,0.148148148148148,4.15384615384615,0.451505016722408
"3575",0.75,0.432089181700495,0.545454545454545,0.756272401433692,0.666666666666667,0.774193548387097,0.333333333333333,0.225806451612903,2.95238095238095,0.430555555555556
"3576",0.875,0.359740309550906,0.705882352941177,0.849529780564263,0.545454545454545,1,0.454545454545455,0,Inf,0.454545454545455
"3577",0.75,0.429946494263338,0.642857142857143,0.812020460358056,0.529411764705882,0.91304347826087,0.470588235294118,0.0869565217391305,6.08823529411764,0.515406162464986
"3578",0.8,0.346207994005793,0.6,0.881720430107527,0.666666666666667,0.838709677419355,0.333333333333333,0.161290322580645,4.13333333333333,0.397435897435897
"3579",0.8,0.376702318266526,0.666666666666667,0.837797619047619,0.666666666666667,0.857142857142857,0.333333333333333,0.142857142857143,4.66666666666667,0.388888888888889
"3580",0.875,0.283125500643242,0.761904761904762,0.962365591397849,0.888888888888889,0.870967741935484,0.111111111111111,0.129032258064516,6.88888888888889,0.127572016460905
"3581",0.875,0.329972417808066,0.761904761904762,0.925595238095238,0.666666666666667,0.964285714285714,0.333333333333333,0.0357142857142857,18.6666666666667,0.345679012345679
"3582",0.8,0.383442309859271,0.666666666666667,0.851190476190476,0.666666666666667,0.857142857142857,0.333333333333333,0.142857142857143,4.66666666666667,0.388888888888889
"3583",0.8,0.370786572312812,0.636363636363636,0.884615384615385,0.538461538461538,0.925925925925926,0.461538461538462,0.0740740740740741,7.26923076923077,0.498461538461539
"3584",0.8,0.395561192114372,0.733333333333333,0.826822916666667,0.6875,0.875,0.3125,0.125,5.5,0.357142857142857
"3585",0.8,0.37065115207218,0.6,0.782131661442006,0.545454545454545,0.896551724137931,0.454545454545455,0.103448275862069,5.27272727272727,0.506993006993007
"3586",0.85,0.298849627619605,0.75,0.931666666666667,0.9,0.833333333333333,0.1,0.166666666666667,5.4,0.12
"3587",0.8,0.357611411961392,0.555555555555556,0.855,0.5,0.9,0.5,0.1,5,0.555555555555556
"3588",0.8,0.368026618264965,0.636363636363636,0.814814814814815,0.538461538461538,0.925925925925926,0.461538461538462,0.0740740740740741,7.26923076923077,0.498461538461539
"3589",0.725,0.429796634277628,0.592592592592593,0.786324786324786,0.615384615384615,0.777777777777778,0.384615384615385,0.222222222222222,2.76923076923077,0.494505494505494
"3590",0.7,0.445968185963855,0.25,0.699134199134199,0.285714285714286,0.787878787878788,0.714285714285714,0.212121212121212,1.3469387755102,0.906593406593407
"3591",0.825,0.373776616003009,0.72,0.858974358974359,0.692307692307692,0.888888888888889,0.307692307692308,0.111111111111111,6.23076923076923,0.346153846153846
"3592",0.8,0.384254292809737,0.692307692307692,0.836182336182336,0.692307692307692,0.851851851851852,0.307692307692308,0.148148148148148,4.67307692307692,0.361204013377926
"3593",0.75,0.402576177085891,0.5,0.775985663082437,0.555555555555556,0.806451612903226,0.444444444444444,0.193548387096774,2.87037037037037,0.551111111111111
"3594",0.825,0.350009023134998,0.72,0.860501567398119,0.818181818181818,0.827586206896552,0.181818181818182,0.172413793103448,4.74545454545455,0.21969696969697
"3595",0.9,0.289539258692315,0.75,0.915770609318996,0.666666666666667,0.967741935483871,0.333333333333333,0.032258064516129,20.6666666666667,0.344444444444444
"3596",0.775,0.39130740451354,0.571428571428571,0.846394984326019,0.545454545454545,0.862068965517241,0.454545454545455,0.137931034482759,3.95454545454545,0.527272727272727
"3597",0.75,0.400856497686152,0.615384615384615,0.816239316239316,0.615384615384615,0.814814814814815,0.384615384615385,0.185185185185185,3.32307692307692,0.472027972027972
"3598",0.9,0.301524450334154,0.75,0.873046875,0.75,0.9375,0.25,0.0625,12,0.266666666666667
"3599",0.725,0.40567953789347,0.476190476190476,0.744514106583072,0.454545454545455,0.827586206896552,0.545454545454545,0.172413793103448,2.63636363636364,0.659090909090909
"3600",0.85,0.312125191631416,0.625,0.927734375,0.625,0.90625,0.375,0.09375,6.66666666666667,0.413793103448276
"3601",0.875,0.350308322694036,0.761904761904762,0.858934169278997,0.727272727272727,0.931034482758621,0.272727272727273,0.0689655172413793,10.5454545454545,0.292929292929293
"3602",0.85,0.337903191485327,0.75,0.932601880877743,0.818181818181818,0.862068965517241,0.181818181818182,0.137931034482759,5.93181818181818,0.210909090909091
"3603",0.85,0.343906876848394,0.7,0.824404761904762,0.583333333333333,0.964285714285714,0.416666666666667,0.0357142857142857,16.3333333333333,0.432098765432099
"3604",0.775,0.379313330755434,0.526315789473684,0.84012539184953,0.454545454545455,0.896551724137931,0.545454545454545,0.103448275862069,4.39393939393939,0.608391608391608
"3605",0.8,0.393771701540515,0.692307692307692,0.842032967032967,0.642857142857143,0.884615384615385,0.357142857142857,0.115384615384615,5.57142857142857,0.403726708074534
"3606",0.725,0.393814401029498,0.592592592592593,0.811813186813187,0.571428571428571,0.807692307692308,0.428571428571429,0.192307692307692,2.97142857142857,0.530612244897959
"3607",0.85,0.320923181129274,0.666666666666667,0.916015625,0.75,0.875,0.25,0.125,6,0.285714285714286
"3608",0.825,0.353704230398192,0.588235294117647,0.826164874551971,0.555555555555556,0.903225806451613,0.444444444444444,0.0967741935483871,5.74074074074074,0.492063492063492
"3609",0.725,0.38685958758982,0.521739130434783,0.829153605015674,0.545454545454545,0.793103448275862,0.454545454545455,0.206896551724138,2.63636363636364,0.573122529644269
"3610",0.75,0.379252870165286,0.583333333333333,0.837797619047619,0.583333333333333,0.821428571428571,0.416666666666667,0.178571428571429,3.26666666666667,0.507246376811594
"3611",0.775,0.407745599546205,0.666666666666667,0.802666666666667,0.6,0.88,0.4,0.12,5,0.454545454545455
"3612",0.85,0.342235396717944,0.7,0.85,0.7,0.9,0.3,0.1,7,0.333333333333333
"3613",0.85,0.34619982337905,0.7,0.851666666666667,0.7,0.9,0.3,0.1,7,0.333333333333333
"3614",0.675,0.461687611201982,0.380952380952381,0.74702380952381,0.333333333333333,0.821428571428571,0.666666666666667,0.178571428571429,1.86666666666667,0.811594202898551
"3615",0.8,0.365503640453675,0.555555555555556,0.86,0.5,0.9,0.5,0.1,5,0.555555555555556
"3616",0.8,0.390862385913298,0.6,0.904761904761905,0.5,0.928571428571429,0.5,0.0714285714285714,7,0.538461538461538
"3617",0.9,0.299766070798204,0.818181818181818,0.964285714285714,0.75,0.964285714285714,0.25,0.0357142857142857,21,0.259259259259259
"3618",0.825,0.372905207079591,0.631578947368421,0.835423197492163,0.545454545454545,0.931034482758621,0.454545454545455,0.0689655172413793,7.90909090909091,0.488215488215488
"3619",0.7,0.42407587947307,0.5,0.791666666666667,0.6,0.733333333333333,0.4,0.266666666666667,2.25,0.545454545454546
"3620",0.875,0.318641905061997,0.705882352941177,0.908602150537634,0.666666666666667,0.935483870967742,0.333333333333333,0.0645161290322581,10.3333333333333,0.35632183908046
"3621",0.825,0.346684119453171,0.666666666666667,0.866771159874608,0.636363636363636,0.896551724137931,0.363636363636364,0.103448275862069,6.15151515151515,0.405594405594406
"3622",0.725,0.401072129826079,0.476190476190476,0.811666666666667,0.5,0.8,0.5,0.2,2.5,0.625
"3623",0.775,0.380557327692946,0.470588235294118,0.720430107526882,0.444444444444444,0.870967741935484,0.555555555555556,0.129032258064516,3.44444444444444,0.637860082304527
"3624",0.825,0.323573283559869,0.588235294117647,0.897849462365591,0.555555555555556,0.903225806451613,0.444444444444444,0.0967741935483871,5.74074074074074,0.492063492063492
"3625",0.7,0.429797357945222,0.538461538461538,0.699059561128527,0.636363636363636,0.724137931034483,0.363636363636364,0.275862068965517,2.30681818181818,0.502164502164502
"3626",0.825,0.323753299449337,0.72,0.87037037037037,0.692307692307692,0.888888888888889,0.307692307692308,0.111111111111111,6.23076923076923,0.346153846153846
"3627",0.875,0.287420128078815,0.615384615384615,0.809523809523809,0.571428571428571,0.939393939393939,0.428571428571429,0.0606060606060606,9.42857142857144,0.456221198156682
"3628",0.8,0.412447880805268,0.666666666666667,0.853333333333333,0.533333333333333,0.96,0.466666666666667,0.04,13.3333333333333,0.486111111111111
"3629",0.875,0.331568262496447,0.782608695652174,0.946428571428571,0.75,0.928571428571429,0.25,0.0714285714285714,10.5,0.269230769230769
"3630",0.8,0.341730881532517,0.6,0.854838709677419,0.666666666666667,0.838709677419355,0.333333333333333,0.161290322580645,4.13333333333333,0.397435897435897
"3631",0.85,0.368885711133404,0.625,0.788401253918495,0.454545454545455,1,0.545454545454545,0,Inf,0.545454545454545
"3632",0.825,0.340698441362054,0.588235294117647,0.804659498207885,0.555555555555556,0.903225806451613,0.444444444444444,0.0967741935483871,5.74074074074074,0.492063492063492
"3633",0.85,0.342491578694154,0.666666666666667,0.853333333333333,0.6,0.933333333333333,0.4,0.0666666666666667,9,0.428571428571429
"3634",0.85,0.325977034922231,0.666666666666667,0.866666666666667,0.6,0.933333333333333,0.4,0.0666666666666667,9,0.428571428571429
"3635",0.725,0.432661262864645,0.521739130434783,0.782967032967033,0.428571428571429,0.884615384615385,0.571428571428571,0.115384615384615,3.71428571428571,0.645962732919255
"3636",0.875,0.348134338604145,0.705882352941177,0.876666666666667,0.6,0.966666666666667,0.4,0.0333333333333333,18,0.413793103448276
"3637",0.825,0.332314620300784,0.588235294117647,0.89426523297491,0.555555555555556,0.903225806451613,0.444444444444444,0.0967741935483871,5.74074074074074,0.492063492063492
"3638",0.875,0.354600145228063,0.666666666666667,0.856666666666667,0.5,1,0.5,0,Inf,0.5
"3639",0.8,0.330232612483583,0.666666666666667,0.919354838709677,0.888888888888889,0.774193548387097,0.111111111111111,0.225806451612903,3.93650793650794,0.143518518518519
"3640",0.85,0.30433034111271,0.7,0.874551971326165,0.777777777777778,0.870967741935484,0.222222222222222,0.129032258064516,6.02777777777778,0.255144032921811
"3641",0.75,0.453060040019487,0.642857142857143,0.920454545454545,0.5,0.954545454545455,0.5,0.0454545454545454,11,0.523809523809524
"3642",0.8,0.365115962919872,0.692307692307692,0.862068965517241,0.818181818181818,0.793103448275862,0.181818181818182,0.206896551724138,3.95454545454546,0.229249011857707
"3643",0.775,0.374033961274132,0.571428571428571,0.778333333333333,0.6,0.833333333333333,0.4,0.166666666666667,3.6,0.48
"3644",0.825,0.386873518265496,0.666666666666667,0.839285714285714,0.583333333333333,0.928571428571429,0.416666666666667,0.0714285714285714,8.16666666666667,0.448717948717949
"3645",0.725,0.410798969655108,0.592592592592593,0.779761904761905,0.666666666666667,0.75,0.333333333333333,0.25,2.66666666666667,0.444444444444444
"3646",0.75,0.422243355921401,0.545454545454545,0.825892857142857,0.5,0.857142857142857,0.5,0.142857142857143,3.5,0.583333333333333
"3647",0.875,0.337264930626201,0.666666666666667,0.835497835497835,0.714285714285714,0.909090909090909,0.285714285714286,0.0909090909090909,7.85714285714285,0.314285714285714
"3648",0.725,0.423440864681856,0.476190476190476,0.781666666666667,0.5,0.8,0.5,0.2,2.5,0.625
"3649",0.7,0.453418911312818,0.5,0.821333333333333,0.4,0.88,0.6,0.12,3.33333333333333,0.681818181818182
"3650",0.675,0.46559014785484,0.315789473684211,0.644200626959248,0.272727272727273,0.827586206896552,0.727272727272727,0.172413793103448,1.58181818181818,0.878787878787879
"3651",0.825,0.334083966388473,0.666666666666667,0.901666666666667,0.7,0.866666666666667,0.3,0.133333333333333,5.25,0.346153846153846
"3652",0.8,0.40121164952742,0.666666666666667,0.894666666666667,0.533333333333333,0.96,0.466666666666667,0.04,13.3333333333333,0.486111111111111
"3653",0.85,0.35501936424882,0.727272727272727,0.851190476190476,0.666666666666667,0.928571428571429,0.333333333333333,0.0714285714285714,9.33333333333334,0.358974358974359
"3654",0.75,0.437326073378064,0.5,0.774294670846395,0.454545454545455,0.862068965517241,0.545454545454545,0.137931034482759,3.29545454545454,0.632727272727273
"3655",0.8,0.393988953538904,0.555555555555556,0.743727598566308,0.555555555555556,0.870967741935484,0.444444444444444,0.129032258064516,4.30555555555556,0.510288065843621
"3656",0.775,0.355918646148127,0.571428571428571,0.887147335423197,0.545454545454545,0.862068965517241,0.454545454545455,0.137931034482759,3.95454545454545,0.527272727272727
"3657",0.725,0.435203831741703,0.620689655172414,0.911616161616162,0.5,0.909090909090909,0.5,0.0909090909090909,5.5,0.55
"3658",0.75,0.419029710968143,0.545454545454545,0.837912087912088,0.428571428571429,0.923076923076923,0.571428571428571,0.0769230769230769,5.57142857142857,0.619047619047619
"3659",0.775,0.319147426194881,0.307692307692308,0.748571428571429,0.4,0.828571428571429,0.6,0.171428571428571,2.33333333333333,0.724137931034483
"3660",0.85,0.263239333141422,0.666666666666667,0.985294117647059,1,0.823529411764706,0,0.176470588235294,5.66666666666667,0
"3661",0.8,0.364520432031163,0.666666666666667,0.866071428571429,0.666666666666667,0.857142857142857,0.333333333333333,0.142857142857143,4.66666666666667,0.388888888888889
"3662",0.75,0.351751628753671,0.375,0.791666666666667,0.5,0.794117647058823,0.5,0.205882352941177,2.42857142857143,0.62962962962963
"3663",0.8,0.389275452013712,0.714285714285714,0.85989010989011,0.714285714285714,0.846153846153846,0.285714285714286,0.153846153846154,4.64285714285714,0.337662337662338
"3664",0.825,0.369334717470543,0.72,0.892857142857143,0.642857142857143,0.923076923076923,0.357142857142857,0.0769230769230769,8.35714285714286,0.386904761904762
"3665",0.7,0.446340780479135,0.454545454545455,0.745535714285714,0.416666666666667,0.821428571428571,0.583333333333333,0.178571428571429,2.33333333333333,0.710144927536232
"3666",0.875,0.30274216940108,0.782608695652174,0.875,0.75,0.928571428571429,0.25,0.0714285714285714,10.5,0.269230769230769
"3667",0.85,0.327528987556619,0.727272727272727,0.934169278996865,0.727272727272727,0.896551724137931,0.272727272727273,0.103448275862069,7.03030303030303,0.304195804195804
"3668",0.8,0.389760705262687,0.692307692307692,0.780626780626781,0.692307692307692,0.851851851851852,0.307692307692308,0.148148148148148,4.67307692307692,0.361204013377926
"3669",0.65,0.471448347820647,0.363636363636364,0.623333333333333,0.4,0.733333333333333,0.6,0.266666666666667,1.5,0.818181818181818
"3670",0.85,0.373048597165513,0.727272727272727,0.805059523809524,0.666666666666667,0.928571428571429,0.333333333333333,0.0714285714285714,9.33333333333334,0.358974358974359
"3671",0.825,0.352629820512228,0.695652173913043,0.883928571428571,0.666666666666667,0.892857142857143,0.333333333333333,0.107142857142857,6.22222222222222,0.373333333333333
"3672",0.725,0.430499681467723,0.521739130434783,0.799107142857143,0.5,0.821428571428571,0.5,0.178571428571429,2.8,0.608695652173913
"3673",0.825,0.371927023432797,0.695652173913043,0.843406593406593,0.571428571428571,0.961538461538462,0.428571428571429,0.0384615384615384,14.8571428571429,0.445714285714286
"3674",0.8,0.376990064779358,0.692307692307692,0.894586894586895,0.692307692307692,0.851851851851852,0.307692307692308,0.148148148148148,4.67307692307692,0.361204013377926
"3675",0.775,0.414229949793205,0.526315789473684,0.74702380952381,0.416666666666667,0.928571428571429,0.583333333333333,0.0714285714285714,5.83333333333334,0.628205128205128
"3676",0.775,0.374585409050582,0.470588235294118,0.693359375,0.5,0.84375,0.5,0.15625,3.2,0.592592592592593
"3677",0.875,0.350470210699236,0.761904761904762,0.863333333333333,0.8,0.9,0.2,0.1,8,0.222222222222222
"3678",0.825,0.356329410863431,0.631578947368421,0.903333333333333,0.6,0.9,0.4,0.1,6,0.444444444444444
"3679",0.725,0.375591869878909,0.476190476190476,0.802867383512545,0.555555555555556,0.774193548387097,0.444444444444444,0.225806451612903,2.46031746031746,0.574074074074074
"3680",0.825,0.330930925394439,0.695652173913043,0.913333333333333,0.8,0.833333333333333,0.2,0.166666666666667,4.8,0.24
"3681",0.7,0.465880758229648,0.454545454545455,0.725705329153605,0.454545454545455,0.793103448275862,0.545454545454545,0.206896551724138,2.1969696969697,0.687747035573122
"3682",0.725,0.427813471049368,0.476190476190476,0.668333333333333,0.5,0.8,0.5,0.2,2.5,0.625
"3683",0.875,0.36162048201043,0.736842105263158,0.888392857142857,0.583333333333333,1,0.416666666666667,0,Inf,0.416666666666667
"3684",0.875,0.284668228115943,0.782608695652174,0.938871473354232,0.818181818181818,0.896551724137931,0.181818181818182,0.103448275862069,7.90909090909091,0.202797202797203
"3685",0.75,0.410636695323044,0.6875,0.79539641943734,0.647058823529412,0.826086956521739,0.352941176470588,0.173913043478261,3.72058823529412,0.427244582043344
"3686",0.8,0.395235282032173,0.636363636363636,0.861607142857143,0.583333333333333,0.892857142857143,0.416666666666667,0.107142857142857,5.44444444444445,0.466666666666667
"3687",0.775,0.432356635063251,0.666666666666667,0.855498721227621,0.529411764705882,0.956521739130435,0.470588235294118,0.0434782608695652,12.1764705882353,0.491978609625668
"3688",0.775,0.3817583877175,0.526315789473684,0.815,0.5,0.866666666666667,0.5,0.133333333333333,3.75,0.576923076923077
"3689",0.775,0.418218393442791,0.689655172413793,0.867007672634271,0.588235294117647,0.91304347826087,0.411764705882353,0.0869565217391305,6.76470588235294,0.450980392156863
"3690",0.75,0.372092037864853,0.375,0.683982683982684,0.428571428571429,0.818181818181818,0.571428571428571,0.181818181818182,2.35714285714286,0.698412698412698
"3691",0.825,0.339377902753225,0.695652173913043,0.912225705329154,0.727272727272727,0.862068965517241,0.272727272727273,0.137931034482759,5.27272727272727,0.316363636363636
"3692",0.8,0.35988030391013,0.5,0.818359375,0.5,0.875,0.5,0.125,4,0.571428571428571
"3693",0.75,0.40561965056841,0.615384615384615,0.838557993730408,0.727272727272727,0.758620689655172,0.272727272727273,0.241379310344828,3.01298701298701,0.359504132231405
"3694",0.775,0.391150234239551,0.608695652173913,0.735042735042735,0.538461538461538,0.888888888888889,0.461538461538462,0.111111111111111,4.84615384615384,0.519230769230769
"3695",0.825,0.338226879031841,0.631578947368421,0.888333333333333,0.6,0.9,0.4,0.1,6,0.444444444444444
"3696",0.85,0.329445140471988,0.7,0.91796875,0.875,0.84375,0.125,0.15625,5.6,0.148148148148148
"3697",0.775,0.397302027083126,0.608695652173913,0.831666666666667,0.7,0.8,0.3,0.2,3.5,0.375
"3698",0.75,0.420832364376417,0.5,0.819088319088319,0.384615384615385,0.925925925925926,0.615384615384615,0.0740740740740741,5.19230769230769,0.664615384615385
"3699",0.7,0.408430435915549,0.4,0.766457680250784,0.363636363636364,0.827586206896552,0.636363636363636,0.172413793103448,2.10909090909091,0.768939393939394
"3700",0.825,0.35128575682785,0.533333333333333,0.838709677419355,0.444444444444444,0.935483870967742,0.555555555555556,0.0645161290322581,6.88888888888888,0.593869731800766
"3701",0.85,0.359713633004796,0.727272727272727,0.894586894586895,0.615384615384615,0.962962962962963,0.384615384615385,0.0370370370370371,16.6153846153846,0.399408284023669
"3702",0.775,0.40054669637203,0.571428571428571,0.811011904761905,0.5,0.892857142857143,0.5,0.107142857142857,4.66666666666667,0.56
"3703",0.825,0.392767283434638,0.588235294117647,0.76,0.5,0.933333333333333,0.5,0.0666666666666667,7.5,0.535714285714286
"3704",0.8,0.363178426287947,0.714285714285714,0.884615384615385,0.714285714285714,0.846153846153846,0.285714285714286,0.153846153846154,4.64285714285714,0.337662337662338
"3705",0.75,0.359333607372614,0.285714285714286,0.791666666666667,0.333333333333333,0.823529411764706,0.666666666666667,0.176470588235294,1.88888888888889,0.80952380952381
"3706",0.875,0.322778689649777,0.761904761904762,0.945,0.8,0.9,0.2,0.1,8,0.222222222222222
"3707",0.85,0.387011394644967,0.7,0.767857142857143,0.583333333333333,0.964285714285714,0.416666666666667,0.0357142857142857,16.3333333333333,0.432098765432099
"3708",0.775,0.384319849713312,0.526315789473684,0.795,0.5,0.866666666666667,0.5,0.133333333333333,3.75,0.576923076923077
"3709",0.75,0.443212126035886,0.615384615384615,0.83984375,0.5,0.916666666666667,0.5,0.0833333333333334,6,0.545454545454546
"3710",0.85,0.337613649468318,0.5,0.883116883116883,0.428571428571429,0.939393939393939,0.571428571428571,0.0606060606060606,7.07142857142858,0.608294930875576
"3711",0.85,0.313804273478901,0.7,0.874608150470219,0.636363636363636,0.931034482758621,0.363636363636364,0.0689655172413793,9.22727272727272,0.390572390572391
"3712",0.85,0.314773314533533,0.727272727272727,0.898119122257053,0.727272727272727,0.896551724137931,0.272727272727273,0.103448275862069,7.03030303030303,0.304195804195804
"3713",0.825,0.373311885057709,0.740740740740741,0.892857142857143,0.833333333333333,0.821428571428571,0.166666666666667,0.178571428571429,4.66666666666667,0.202898550724638
"3714",0.875,0.333286611219697,0.782608695652174,0.957264957264957,0.692307692307692,0.962962962962963,0.307692307692308,0.0370370370370371,18.6923076923077,0.319526627218935
"3715",0.8,0.435430111453904,0.555555555555556,0.794670846394984,0.454545454545455,0.931034482758621,0.545454545454545,0.0689655172413793,6.59090909090909,0.585858585858586
"3716",0.75,0.396814890178756,0.444444444444444,0.861666666666667,0.4,0.866666666666667,0.6,0.133333333333333,3,0.692307692307692
"3717",0.8,0.390209587426082,0.666666666666667,0.804843304843305,0.615384615384615,0.888888888888889,0.384615384615385,0.111111111111111,5.53846153846154,0.432692307692308
"3718",0.8,0.393991780629235,0.666666666666667,0.851851851851852,0.615384615384615,0.888888888888889,0.384615384615385,0.111111111111111,5.53846153846154,0.432692307692308
"3719",0.8,0.404028432781446,0.692307692307692,0.789835164835165,0.642857142857143,0.884615384615385,0.357142857142857,0.115384615384615,5.57142857142857,0.403726708074534
"3720",0.825,0.343972498968043,0.72,0.873511904761905,0.75,0.857142857142857,0.25,0.142857142857143,5.25,0.291666666666667
"3721",0.825,0.302771608313641,0.588235294117647,0.922077922077922,0.714285714285714,0.848484848484849,0.285714285714286,0.151515151515151,4.71428571428572,0.336734693877551
"3722",0.725,0.422534128393659,0.476190476190476,0.842261904761905,0.416666666666667,0.857142857142857,0.583333333333333,0.142857142857143,2.91666666666667,0.680555555555555
"3723",0.85,0.345504767959496,0.75,0.941595441595442,0.692307692307692,0.925925925925926,0.307692307692308,0.0740740740740741,9.34615384615385,0.332307692307692
"3724",0.825,0.374152111193461,0.631578947368421,0.865,0.6,0.9,0.4,0.1,6,0.444444444444444
"3725",0.85,0.354021370424264,0.625,0.84,0.5,0.966666666666667,0.5,0.0333333333333333,15,0.517241379310345
"3726",0.775,0.389211080464006,0.526315789473684,0.79153605015674,0.454545454545455,0.896551724137931,0.545454545454545,0.103448275862069,4.39393939393939,0.608391608391608
"3727",0.85,0.326389959474344,0.666666666666667,0.939393939393939,0.857142857142857,0.848484848484849,0.142857142857143,0.151515151515151,5.65714285714286,0.168367346938776
"3728",0.775,0.409846433574812,0.571428571428571,0.824404761904762,0.5,0.892857142857143,0.5,0.107142857142857,4.66666666666667,0.56
"3729",0.75,0.449802153308377,0.615384615384615,0.774725274725275,0.571428571428571,0.846153846153846,0.428571428571429,0.153846153846154,3.71428571428571,0.506493506493507
"3730",0.775,0.416682715862028,0.689655172413793,0.846666666666667,0.666666666666667,0.84,0.333333333333333,0.16,4.16666666666667,0.396825396825397
"3731",0.75,0.399662108308466,0.444444444444444,0.761755485893417,0.363636363636364,0.896551724137931,0.636363636363636,0.103448275862069,3.51515151515152,0.70979020979021
"3732",0.825,0.364713967927471,0.740740740740741,0.866096866096866,0.769230769230769,0.851851851851852,0.230769230769231,0.148148148148148,5.19230769230769,0.270903010033445
"3733",0.775,0.365351521519044,0.470588235294118,0.808243727598566,0.444444444444444,0.870967741935484,0.555555555555556,0.129032258064516,3.44444444444444,0.637860082304527
"3734",0.875,0.296158024627216,0.8,0.949404761904762,0.833333333333333,0.892857142857143,0.166666666666667,0.107142857142857,7.77777777777778,0.186666666666667
"3735",0.75,0.385530211874022,0.615384615384615,0.873333333333333,0.533333333333333,0.88,0.466666666666667,0.12,4.44444444444444,0.53030303030303
"3736",0.8,0.417684467850782,0.555555555555556,0.854700854700855,0.384615384615385,1,0.615384615384615,0,Inf,0.615384615384615
"3737",0.85,0.355116480110766,0.75,0.901253918495298,0.818181818181818,0.862068965517241,0.181818181818182,0.137931034482759,5.93181818181818,0.210909090909091
"3738",0.9,0.325683160484007,0.818181818181818,0.898119122257053,0.818181818181818,0.931034482758621,0.181818181818182,0.0689655172413793,11.8636363636364,0.195286195286195
"3739",0.8,0.366715759073093,0.666666666666667,0.871794871794872,0.615384615384615,0.888888888888889,0.384615384615385,0.111111111111111,5.53846153846154,0.432692307692308
"3740",0.825,0.376902045532239,0.666666666666667,0.854700854700855,0.538461538461538,0.962962962962963,0.461538461538462,0.0370370370370371,14.5384615384615,0.479289940828402
"3741",0.725,0.433718214367346,0.476190476190476,0.783699059561129,0.454545454545455,0.827586206896552,0.545454545454545,0.172413793103448,2.63636363636364,0.659090909090909
"3742",0.8,0.352121950273009,0.333333333333333,0.737745098039216,0.333333333333333,0.882352941176471,0.666666666666667,0.117647058823529,2.83333333333333,0.755555555555556
"3743",0.85,0.373649491057156,0.666666666666667,0.888392857142857,0.5,1,0.5,0,Inf,0.5
"3744",0.75,0.406727770196534,0.444444444444444,0.826666666666667,0.4,0.866666666666667,0.6,0.133333333333333,3,0.692307692307692
"3745",0.825,0.339076661890046,0.631578947368421,0.871666666666667,0.6,0.9,0.4,0.1,6,0.444444444444444
"3746",0.7,0.459605993451764,0.4,0.698333333333333,0.4,0.8,0.6,0.2,2,0.75
"3747",0.8,0.415752906549177,0.555555555555556,0.721003134796238,0.454545454545455,0.931034482758621,0.545454545454545,0.0689655172413793,6.59090909090909,0.585858585858586
"3748",0.85,0.302955402447299,0.666666666666667,0.873046875,0.75,0.875,0.25,0.125,6,0.285714285714286
"3749",0.85,0.343754461223474,0.7,0.857366771159875,0.636363636363636,0.931034482758621,0.363636363636364,0.0689655172413793,9.22727272727272,0.390572390572391
"3750",0.725,0.43313817452546,0.421052631578947,0.72884012539185,0.363636363636364,0.862068965517241,0.636363636363636,0.137931034482759,2.63636363636364,0.738181818181818
"3751",0.75,0.384489453522773,0.5,0.804075235109718,0.454545454545455,0.862068965517241,0.545454545454545,0.137931034482759,3.29545454545454,0.632727272727273
"3752",0.825,0.368372441094816,0.695652173913043,0.925824175824176,0.571428571428571,0.961538461538462,0.428571428571429,0.0384615384615384,14.8571428571429,0.445714285714286
"3753",0.825,0.289911426740529,0.666666666666667,0.94921875,0.875,0.8125,0.125,0.1875,4.66666666666667,0.153846153846154
"3754",0.85,0.347363023017131,0.727272727272727,0.867559523809524,0.666666666666667,0.928571428571429,0.333333333333333,0.0714285714285714,9.33333333333334,0.358974358974359
"3755",0.8,0.391120132925524,0.636363636363636,0.82,0.7,0.833333333333333,0.3,0.166666666666667,4.2,0.36
"3756",0.8,0.390617622600833,0.636363636363636,0.836990595611285,0.636363636363636,0.862068965517241,0.363636363636364,0.137931034482759,4.61363636363636,0.421818181818182
"3757",0.75,0.406626185099466,0.545454545454545,0.793906810035842,0.666666666666667,0.774193548387097,0.333333333333333,0.225806451612903,2.95238095238095,0.430555555555556
"3758",0.775,0.364653009218106,0.571428571428571,0.807210031347962,0.545454545454545,0.862068965517241,0.454545454545455,0.137931034482759,3.95454545454545,0.527272727272727
"3759",0.825,0.344406042389273,0.695652173913043,0.829153605015674,0.727272727272727,0.862068965517241,0.272727272727273,0.137931034482759,5.27272727272727,0.316363636363636
"3760",0.875,0.311905312236235,0.782608695652174,0.923197492163009,0.818181818181818,0.896551724137931,0.181818181818182,0.103448275862069,7.90909090909091,0.202797202797203
"3761",0.7,0.445700179790867,0.538461538461538,0.8203125,0.4375,0.875,0.5625,0.125,3.5,0.642857142857143
"3762",0.825,0.394600915582648,0.666666666666667,0.836309523809524,0.583333333333333,0.928571428571429,0.416666666666667,0.0714285714285714,8.16666666666667,0.448717948717949
"3763",0.825,0.392212734679938,0.695652173913043,0.819088319088319,0.615384615384615,0.925925925925926,0.384615384615385,0.0740740740740741,8.30769230769231,0.415384615384615
"3764",0.75,0.41529854161064,0.615384615384615,0.799145299145299,0.615384615384615,0.814814814814815,0.384615384615385,0.185185185185185,3.32307692307692,0.472027972027972
"3765",0.8,0.312135500372607,0.555555555555556,0.861471861471861,0.714285714285714,0.818181818181818,0.285714285714286,0.181818181818182,3.92857142857143,0.349206349206349
"3766",0.75,0.380076828762299,0.444444444444444,0.66015625,0.5,0.8125,0.5,0.1875,2.66666666666667,0.615384615384615
"3767",0.875,0.312694314285415,0.705882352941177,0.870967741935484,0.666666666666667,0.935483870967742,0.333333333333333,0.0645161290322581,10.3333333333333,0.35632183908046
"3768",0.675,0.463434128401377,0.518518518518518,0.736467236467236,0.538461538461538,0.740740740740741,0.461538461538462,0.259259259259259,2.07692307692308,0.623076923076923
"3769",0.85,0.390700505569034,0.769230769230769,0.870666666666667,0.666666666666667,0.96,0.333333333333333,0.04,16.6666666666667,0.347222222222222
"3770",0.825,0.367676662404672,0.695652173913043,0.84077380952381,0.666666666666667,0.892857142857143,0.333333333333333,0.107142857142857,6.22222222222222,0.373333333333333
"3771",0.825,0.359662926747375,0.695652173913043,0.94017094017094,0.615384615384615,0.925925925925926,0.384615384615385,0.0740740740740741,8.30769230769231,0.415384615384615
"3772",0.775,0.372786542002252,0.64,0.857366771159875,0.727272727272727,0.793103448275862,0.272727272727273,0.206896551724138,3.51515151515152,0.343873517786561
"3773",0.85,0.327267093068188,0.727272727272727,0.93,0.8,0.866666666666667,0.2,0.133333333333333,6,0.230769230769231
"3774",0.775,0.395105415513275,0.666666666666667,0.799450549450549,0.642857142857143,0.846153846153846,0.357142857142857,0.153846153846154,4.17857142857143,0.422077922077922
"3775",0.8,0.355526063586028,0.555555555555556,0.772401433691756,0.555555555555556,0.870967741935484,0.444444444444444,0.129032258064516,4.30555555555556,0.510288065843621
"3776",0.75,0.395729251822658,0.545454545454545,0.783699059561129,0.545454545454545,0.827586206896552,0.454545454545455,0.172413793103448,3.16363636363636,0.549242424242424
"3777",0.775,0.391135623108277,0.571428571428571,0.772321428571429,0.5,0.892857142857143,0.5,0.107142857142857,4.66666666666667,0.56
"3778",0.85,0.338838174686848,0.625,0.908602150537634,0.555555555555556,0.935483870967742,0.444444444444444,0.0645161290322581,8.6111111111111,0.475095785440613
"3779",0.825,0.355833637432051,0.666666666666667,0.913690476190476,0.583333333333333,0.928571428571429,0.416666666666667,0.0714285714285714,8.16666666666667,0.448717948717949
"3780",0.875,0.249142071890853,0.705882352941177,0.995098039215686,1,0.852941176470588,0,0.147058823529412,6.8,0
"3781",0.85,0.367971303684114,0.666666666666667,0.81974921630094,0.545454545454545,0.96551724137931,0.454545454545455,0.0344827586206896,15.8181818181818,0.470779220779221
"3782",0.775,0.394114853581861,0.64,0.800940438871473,0.727272727272727,0.793103448275862,0.272727272727273,0.206896551724138,3.51515151515152,0.343873517786561
"3783",0.825,0.344672624031776,0.695652173913043,0.852664576802508,0.727272727272727,0.862068965517241,0.272727272727273,0.137931034482759,5.27272727272727,0.316363636363636
"3784",0.8,0.359097387152579,0.555555555555556,0.802734375,0.625,0.84375,0.375,0.15625,4,0.444444444444444
"3785",0.625,0.432841645724439,0.4,0.69921875,0.625,0.625,0.375,0.375,1.66666666666667,0.6
"3786",0.825,0.333009546997831,0.666666666666667,0.865,0.7,0.866666666666667,0.3,0.133333333333333,5.25,0.346153846153846
"3787",0.75,0.418799438701227,0.583333333333333,0.868,0.466666666666667,0.92,0.533333333333333,0.08,5.83333333333334,0.579710144927536
"3788",0.825,0.367940479745062,0.740740740740741,0.898860398860399,0.769230769230769,0.851851851851852,0.230769230769231,0.148148148148148,5.19230769230769,0.270903010033445
"3789",0.775,0.407676675440516,0.64,0.844729344729345,0.615384615384615,0.851851851851852,0.384615384615385,0.148148148148148,4.15384615384615,0.451505016722408
"3790",0.825,0.349151789012281,0.533333333333333,0.865591397849462,0.444444444444444,0.935483870967742,0.555555555555556,0.0645161290322581,6.88888888888888,0.593869731800766
"3791",0.9,0.341294807597902,0.818181818181818,0.921130952380952,0.75,0.964285714285714,0.25,0.0357142857142857,21,0.259259259259259
"3792",0.85,0.337334464818013,0.727272727272727,0.90282131661442,0.727272727272727,0.896551724137931,0.272727272727273,0.103448275862069,7.03030303030303,0.304195804195804
"3793",0.85,0.373053862538675,0.8125,0.861892583120205,0.764705882352941,0.91304347826087,0.235294117647059,0.0869565217391305,8.79411764705882,0.257703081232493
"3794",0.675,0.422901838370265,0.434782608695652,0.731974921630094,0.454545454545455,0.758620689655172,0.545454545454545,0.241379310344828,1.88311688311688,0.71900826446281
"3795",0.8,0.355035653027284,0.6,0.85663082437276,0.666666666666667,0.838709677419355,0.333333333333333,0.161290322580645,4.13333333333333,0.397435897435897
"3796",0.775,0.392583988508384,0.571428571428571,0.786833855799373,0.545454545454545,0.862068965517241,0.454545454545455,0.137931034482759,3.95454545454545,0.527272727272727
"3797",0.75,0.40700532237888,0.615384615384615,0.862666666666667,0.533333333333333,0.88,0.466666666666667,0.12,4.44444444444444,0.53030303030303
"3798",0.775,0.364964694513526,0.666666666666667,0.855799373040752,0.818181818181818,0.758620689655172,0.181818181818182,0.241379310344828,3.38961038961039,0.239669421487603
"3799",0.725,0.395941049821017,0.56,0.836309523809524,0.583333333333333,0.785714285714286,0.416666666666667,0.214285714285714,2.72222222222222,0.53030303030303
"3800",0.875,0.32834850385869,0.782608695652174,0.933333333333333,0.9,0.866666666666667,0.1,0.133333333333333,6.75,0.115384615384615
"3801",0.8,0.319827411639885,0.428571428571429,0.865800865800866,0.428571428571429,0.878787878787879,0.571428571428571,0.121212121212121,3.53571428571429,0.650246305418719
"3802",0.775,0.351114039882122,0.571428571428571,0.869140625,0.75,0.78125,0.25,0.21875,3.42857142857143,0.32
"3803",0.9,0.307255248829685,0.818181818181818,0.928333333333333,0.9,0.9,0.1,0.1,9,0.111111111111111
"3804",0.775,0.384512918375455,0.64,0.821937321937322,0.615384615384615,0.851851851851852,0.384615384615385,0.148148148148148,4.15384615384615,0.451505016722408
"3805",0.85,0.343796752250049,0.666666666666667,0.9,0.6,0.933333333333333,0.4,0.0666666666666667,9,0.428571428571429
"3806",0.8,0.343482871675928,0.636363636363636,0.849529780564263,0.636363636363636,0.862068965517241,0.363636363636364,0.137931034482759,4.61363636363636,0.421818181818182
"3807",0.85,0.304458394081178,0.625,0.96,1,0.828571428571429,0,0.171428571428571,5.83333333333333,0
"3808",0.85,0.328807678335935,0.7,0.931899641577061,0.777777777777778,0.870967741935484,0.222222222222222,0.129032258064516,6.02777777777778,0.255144032921811
"3809",0.775,0.393750984453059,0.608695652173913,0.864672364672365,0.538461538461538,0.888888888888889,0.461538461538462,0.111111111111111,4.84615384615384,0.519230769230769
"3810",0.825,0.336430718567074,0.666666666666667,0.913690476190476,0.583333333333333,0.928571428571429,0.416666666666667,0.0714285714285714,8.16666666666667,0.448717948717949
"3811",0.775,0.427934878289118,0.608695652173913,0.850666666666667,0.466666666666667,0.96,0.533333333333333,0.04,11.6666666666667,0.555555555555556
"3812",0.825,0.358074989166307,0.666666666666667,0.826164874551971,0.777777777777778,0.838709677419355,0.222222222222222,0.161290322580645,4.82222222222222,0.264957264957265
"3813",0.7,0.476418159920799,0.454545454545455,0.675,0.5,0.766666666666667,0.5,0.233333333333333,2.14285714285714,0.652173913043478
"3814",0.7,0.413640216814153,0.333333333333333,0.67578125,0.375,0.78125,0.625,0.21875,1.71428571428571,0.8
"3815",0.75,0.454611803469885,0.615384615384615,0.865885416666667,0.5,0.916666666666667,0.5,0.0833333333333334,6,0.545454545454546
"3816",0.725,0.387990371184057,0.56,0.802507836990596,0.636363636363636,0.758620689655172,0.363636363636364,0.241379310344828,2.63636363636364,0.479338842975207
"3817",0.85,0.295381991141051,0.7,0.888888888888889,0.777777777777778,0.870967741935484,0.222222222222222,0.129032258064516,6.02777777777778,0.255144032921811
"3818",0.8,0.39829934581015,0.666666666666667,0.822884012539185,0.727272727272727,0.827586206896552,0.272727272727273,0.172413793103448,4.21818181818182,0.329545454545455
"3819",0.8,0.375936743620105,0.714285714285714,0.853021978021978,0.714285714285714,0.846153846153846,0.285714285714286,0.153846153846154,4.64285714285714,0.337662337662338
"3820",0.7,0.453888836859592,0.5,0.791208791208791,0.428571428571429,0.846153846153846,0.571428571428571,0.153846153846154,2.78571428571429,0.675324675324675
"3821",0.75,0.403564423437544,0.5,0.810344827586207,0.454545454545455,0.862068965517241,0.545454545454545,0.137931034482759,3.29545454545454,0.632727272727273
"3822",0.825,0.357687845699173,0.533333333333333,0.885304659498208,0.444444444444444,0.935483870967742,0.555555555555556,0.0645161290322581,6.88888888888888,0.593869731800766
"3823",0.9,0.313877963947243,0.8,0.942006269592476,0.727272727272727,0.96551724137931,0.272727272727273,0.0344827586206896,21.0909090909091,0.282467532467532
"3824",0.85,0.288183797201041,0.7,0.90234375,0.875,0.84375,0.125,0.15625,5.6,0.148148148148148
"3825",0.85,0.288159175760791,0.727272727272727,0.956112852664577,0.727272727272727,0.896551724137931,0.272727272727273,0.103448275862069,7.03030303030303,0.304195804195804
"3826",0.875,0.336650587065936,0.736842105263158,0.828333333333333,0.7,0.933333333333333,0.3,0.0666666666666667,10.5,0.321428571428571
"3827",0.775,0.360886696105918,0.571428571428571,0.82258064516129,0.666666666666667,0.806451612903226,0.333333333333333,0.193548387096774,3.44444444444444,0.413333333333333
"3828",0.85,0.355546309875682,0.75,0.819088319088319,0.692307692307692,0.925925925925926,0.307692307692308,0.0740740740740741,9.34615384615385,0.332307692307692
"3829",0.8,0.422110692644042,0.666666666666667,0.822666666666667,0.533333333333333,0.96,0.466666666666667,0.04,13.3333333333333,0.486111111111111
"3830",0.8,0.427243557624755,0.733333333333333,0.840153452685422,0.647058823529412,0.91304347826087,0.352941176470588,0.0869565217391305,7.44117647058823,0.38655462184874
"3831",0.8,0.324106155952345,0.666666666666667,0.907738095238095,0.666666666666667,0.857142857142857,0.333333333333333,0.142857142857143,4.66666666666667,0.388888888888889
"3832",0.7,0.416976606338808,0.454545454545455,0.785714285714286,0.714285714285714,0.696969696969697,0.285714285714286,0.303030303030303,2.35714285714286,0.409937888198758
"3833",0.725,0.413934624611672,0.476190476190476,0.798333333333333,0.5,0.8,0.5,0.2,2.5,0.625
"3834",0.85,0.388529474730931,0.785714285714286,0.897135416666667,0.6875,0.958333333333333,0.3125,0.0416666666666666,16.5,0.326086956521739
"3835",0.775,0.408280721419881,0.526315789473684,0.830721003134796,0.454545454545455,0.896551724137931,0.545454545454545,0.103448275862069,4.39393939393939,0.608391608391608
"3836",0.825,0.347952324012701,0.758620689655172,0.868131868131868,0.785714285714286,0.846153846153846,0.214285714285714,0.153846153846154,5.10714285714286,0.253246753246753
"3837",0.85,0.36779503991818,0.7,0.81,0.7,0.9,0.3,0.1,7,0.333333333333333
"3838",0.75,0.40701859498119,0.545454545454545,0.765,0.6,0.8,0.4,0.2,3,0.5
"3839",0.825,0.365392379938394,0.666666666666667,0.817204301075269,0.777777777777778,0.838709677419355,0.222222222222222,0.161290322580645,4.82222222222222,0.264957264957265
"3840",0.825,0.339234650692625,0.631578947368421,0.921666666666667,0.6,0.9,0.4,0.1,6,0.444444444444444
"3841",0.775,0.437472546150061,0.608695652173913,0.737891737891738,0.538461538461538,0.888888888888889,0.461538461538462,0.111111111111111,4.84615384615384,0.519230769230769
"3842",0.75,0.37899581251188,0.5,0.756272401433692,0.555555555555556,0.806451612903226,0.444444444444444,0.193548387096774,2.87037037037037,0.551111111111111
"3843",0.8,0.397023358617798,0.5,0.775862068965517,0.363636363636364,0.96551724137931,0.636363636363636,0.0344827586206896,10.5454545454546,0.659090909090909
"3844",0.75,0.386487064794268,0.615384615384615,0.81974921630094,0.727272727272727,0.758620689655172,0.272727272727273,0.241379310344828,3.01298701298701,0.359504132231405
"3845",0.775,0.388462530308467,0.608695652173913,0.843260188087774,0.636363636363636,0.827586206896552,0.363636363636364,0.172413793103448,3.69090909090909,0.439393939393939
"3846",0.775,0.289122865249753,0.571428571428571,0.902597402597403,0.857142857142857,0.757575757575758,0.142857142857143,0.242424242424242,3.53571428571429,0.188571428571429
"3847",0.75,0.41855799015619,0.5,0.874643874643875,0.384615384615385,0.925925925925926,0.615384615384615,0.0740740740740741,5.19230769230769,0.664615384615385
"3848",0.75,0.324668974414053,0.583333333333333,0.901433691756272,0.777777777777778,0.741935483870968,0.222222222222222,0.258064516129032,3.01388888888889,0.29951690821256
"3849",0.85,0.359868727975722,0.727272727272727,0.923333333333333,0.8,0.866666666666667,0.2,0.133333333333333,6,0.230769230769231
"3850",0.85,0.338426717177101,0.7,0.851254480286738,0.777777777777778,0.870967741935484,0.222222222222222,0.129032258064516,6.02777777777778,0.255144032921811
"3851",0.875,0.298793587622687,0.736842105263158,0.949820788530466,0.777777777777778,0.903225806451613,0.222222222222222,0.0967741935483871,8.03703703703703,0.246031746031746
"3852",0.8,0.385450500154627,0.636363636363636,0.84672619047619,0.583333333333333,0.892857142857143,0.416666666666667,0.107142857142857,5.44444444444445,0.466666666666667
"3853",0.75,0.442482123325562,0.545454545454545,0.779761904761905,0.5,0.857142857142857,0.5,0.142857142857143,3.5,0.583333333333333
"3854",0.775,0.428751174884761,0.608695652173913,0.890666666666667,0.466666666666667,0.96,0.533333333333333,0.04,11.6666666666667,0.555555555555556
"3855",0.775,0.388956699889174,0.608695652173913,0.863095238095238,0.583333333333333,0.857142857142857,0.416666666666667,0.142857142857143,4.08333333333333,0.486111111111111
"3856",0.8,0.335219131663445,0.666666666666667,0.92,0.8,0.8,0.2,0.2,4,0.25
"3857",0.775,0.382628971159771,0.64,0.86039886039886,0.615384615384615,0.851851851851852,0.384615384615385,0.148148148148148,4.15384615384615,0.451505016722408
"3858",0.8,0.424827934031109,0.636363636363636,0.835164835164835,0.5,0.961538461538462,0.5,0.0384615384615384,13,0.52
"3859",0.75,0.368928136805409,0.545454545454545,0.858934169278997,0.545454545454545,0.827586206896552,0.454545454545455,0.172413793103448,3.16363636363636,0.549242424242424
"3860",0.85,0.291422070471016,0.7,0.879928315412186,0.777777777777778,0.870967741935484,0.222222222222222,0.129032258064516,6.02777777777778,0.255144032921811
"3861",0.85,0.328049168991845,0.666666666666667,0.853515625,0.75,0.875,0.25,0.125,6,0.285714285714286
"3862",0.8,0.406835564115155,0.666666666666667,0.802197802197802,0.571428571428571,0.923076923076923,0.428571428571429,0.0769230769230769,7.42857142857143,0.464285714285714
"3863",0.875,0.32061841457149,0.545454545454545,0.862857142857143,0.6,0.914285714285714,0.4,0.0857142857142857,7,0.4375
"3864",0.75,0.444780741257481,0.642857142857143,0.843989769820972,0.529411764705882,0.91304347826087,0.470588235294118,0.0869565217391305,6.08823529411764,0.515406162464986
"3865",0.8,0.420080587834884,0.6,0.746666666666667,0.6,0.866666666666667,0.4,0.133333333333333,4.5,0.461538461538462
"3866",0.9,0.256606662925197,0.75,0.911255411255411,0.857142857142857,0.909090909090909,0.142857142857143,0.0909090909090909,9.42857142857143,0.157142857142857
"3867",0.725,0.42941116049291,0.521739130434783,0.763532763532764,0.461538461538462,0.851851851851852,0.538461538461538,0.148148148148148,3.11538461538462,0.632107023411371
"3868",0.775,0.358792584764615,0.526315789473684,0.850649350649351,0.714285714285714,0.787878787878788,0.285714285714286,0.212121212121212,3.36734693877551,0.362637362637363
"3869",0.8,0.409652517065606,0.428571428571429,0.647186147186147,0.428571428571429,0.878787878787879,0.571428571428571,0.121212121212121,3.53571428571429,0.650246305418719
"3870",0.825,0.405562972776752,0.740740740740741,0.792582417582418,0.714285714285714,0.884615384615385,0.285714285714286,0.115384615384615,6.19047619047619,0.322981366459627
"3871",0.825,0.391757738399546,0.666666666666667,0.849702380952381,0.583333333333333,0.928571428571429,0.416666666666667,0.0714285714285714,8.16666666666667,0.448717948717949
"3872",0.775,0.402715769803773,0.608695652173913,0.899725274725275,0.5,0.923076923076923,0.5,0.0769230769230769,6.5,0.541666666666667
"3873",0.8,0.385541897642936,0.666666666666667,0.843260188087774,0.727272727272727,0.827586206896552,0.272727272727273,0.172413793103448,4.21818181818182,0.329545454545455
"3874",0.775,0.392118728592248,0.64,0.84077380952381,0.666666666666667,0.821428571428571,0.333333333333333,0.178571428571429,3.73333333333333,0.405797101449275
"3875",0.825,0.306320603704602,0.666666666666667,0.926666666666667,0.7,0.866666666666667,0.3,0.133333333333333,5.25,0.346153846153846
"3876",0.825,0.336089712307391,0.740740740740741,0.913690476190476,0.833333333333333,0.821428571428571,0.166666666666667,0.178571428571429,4.66666666666667,0.202898550724638
"3877",0.775,0.338834741489234,0.526315789473684,0.869175627240143,0.555555555555556,0.838709677419355,0.444444444444444,0.161290322580645,3.44444444444445,0.52991452991453
"3878",0.825,0.38328922333242,0.631578947368421,0.829153605015674,0.545454545454545,0.931034482758621,0.454545454545455,0.0689655172413793,7.90909090909091,0.488215488215488
"3879",0.8,0.331971025099073,0.666666666666667,0.931547619047619,0.666666666666667,0.857142857142857,0.333333333333333,0.142857142857143,4.66666666666667,0.388888888888889
"3880",0.9,0.301033878331915,0.818181818181818,0.962382445141066,0.818181818181818,0.931034482758621,0.181818181818182,0.0689655172413793,11.8636363636364,0.195286195286195
"3881",0.8,0.370419206378334,0.666666666666667,0.882445141065831,0.727272727272727,0.827586206896552,0.272727272727273,0.172413793103448,4.21818181818182,0.329545454545455
"3882",0.8,0.356381348006929,0.692307692307692,0.855654761904762,0.75,0.821428571428571,0.25,0.178571428571429,4.2,0.304347826086957
"3883",0.8,0.392049423046388,0.6,0.816614420062696,0.545454545454545,0.896551724137931,0.454545454545455,0.103448275862069,5.27272727272727,0.506993006993007
"3884",0.825,0.377051228977305,0.631578947368421,0.739811912225705,0.545454545454545,0.931034482758621,0.454545454545455,0.0689655172413793,7.90909090909091,0.488215488215488
"3885",0.775,0.417013890173044,0.689655172413793,0.822916666666667,0.625,0.875,0.375,0.125,5,0.428571428571429
"3886",0.825,0.375741114932522,0.695652173913043,0.833333333333333,0.615384615384615,0.925925925925926,0.384615384615385,0.0740740740740741,8.30769230769231,0.415384615384615
"3887",0.675,0.426231316254577,0.551724137931034,0.763736263736264,0.571428571428571,0.730769230769231,0.428571428571429,0.269230769230769,2.12244897959184,0.586466165413534
"3888",0.75,0.354603401679391,0.444444444444444,0.804659498207885,0.444444444444444,0.838709677419355,0.555555555555556,0.161290322580645,2.75555555555556,0.662393162393162
"3889",0.85,0.3512877254492,0.5,0.845703125,0.375,0.96875,0.625,0.03125,12,0.645161290322581
"3890",0.75,0.451489666737101,0.615384615384615,0.791208791208791,0.571428571428571,0.846153846153846,0.428571428571429,0.153846153846154,3.71428571428571,0.506493506493507
"3891",0.8,0.340704245968158,0.636363636363636,0.835,0.7,0.833333333333333,0.3,0.166666666666667,4.2,0.36
"3892",0.775,0.375416267528681,0.4,0.78125,0.375,0.875,0.625,0.125,3,0.714285714285714
"3893",0.8,0.369454632046512,0.5,0.865196078431373,0.666666666666667,0.823529411764706,0.333333333333333,0.176470588235294,3.77777777777778,0.404761904761905
"3894",0.875,0.309172654999489,0.705882352941177,0.958781362007168,0.666666666666667,0.935483870967742,0.333333333333333,0.0645161290322581,10.3333333333333,0.35632183908046
"3895",0.775,0.392853344529524,0.666666666666667,0.808777429467085,0.818181818181818,0.758620689655172,0.181818181818182,0.241379310344828,3.38961038961039,0.239669421487603
"3896",0.75,0.379298802051172,0.375,0.736559139784946,0.333333333333333,0.870967741935484,0.666666666666667,0.129032258064516,2.58333333333333,0.765432098765432
"3897",0.825,0.32701358427612,0.631578947368421,0.872759856630824,0.666666666666667,0.870967741935484,0.333333333333333,0.129032258064516,5.16666666666667,0.382716049382716
"3898",0.85,0.350720697665008,0.727272727272727,0.853333333333333,0.8,0.866666666666667,0.2,0.133333333333333,6,0.230769230769231
"3899",0.75,0.381523712363496,0.615384615384615,0.86833855799373,0.727272727272727,0.758620689655172,0.272727272727273,0.241379310344828,3.01298701298701,0.359504132231405
"3900",0.825,0.375125807255463,0.666666666666667,0.86039886039886,0.538461538461538,0.962962962962963,0.461538461538462,0.0370370370370371,14.5384615384615,0.479289940828402
"3901",0.825,0.349692003615598,0.588235294117647,0.835125448028674,0.555555555555556,0.903225806451613,0.444444444444444,0.0967741935483871,5.74074074074074,0.492063492063492
"3902",0.675,0.508420341563699,0.380952380952381,0.695156695156695,0.307692307692308,0.851851851851852,0.692307692307692,0.148148148148148,2.07692307692308,0.812709030100334
"3903",0.8,0.426090012244,0.666666666666667,0.781593406593407,0.571428571428571,0.923076923076923,0.428571428571429,0.0769230769230769,7.42857142857143,0.464285714285714
"3904",0.85,0.360348826692605,0.571428571428571,0.729437229437229,0.571428571428571,0.909090909090909,0.428571428571429,0.0909090909090909,6.28571428571428,0.471428571428571
"3905",0.85,0.34547564360231,0.571428571428571,0.775390625,0.5,0.9375,0.5,0.0625,8,0.533333333333333
"3906",0.875,0.287292081936412,0.736842105263158,0.926666666666667,0.7,0.933333333333333,0.3,0.0666666666666667,10.5,0.321428571428571
"3907",0.825,0.361766378278614,0.533333333333333,0.753246753246753,0.571428571428571,0.878787878787879,0.428571428571429,0.121212121212121,4.71428571428571,0.487684729064039
"3908",0.85,0.344866073824661,0.727272727272727,0.842261904761905,0.666666666666667,0.928571428571429,0.333333333333333,0.0714285714285714,9.33333333333334,0.358974358974359
"3909",0.775,0.350120007199476,0.526315789473684,0.731666666666667,0.5,0.866666666666667,0.5,0.133333333333333,3.75,0.576923076923077
"3910",0.8,0.382245760762199,0.666666666666667,0.824404761904762,0.666666666666667,0.857142857142857,0.333333333333333,0.142857142857143,4.66666666666667,0.388888888888889
"3911",0.775,0.388314542062196,0.571428571428571,0.810344827586207,0.545454545454545,0.862068965517241,0.454545454545455,0.137931034482759,3.95454545454545,0.527272727272727
"3912",0.825,0.35851743989328,0.695652173913043,0.907738095238095,0.666666666666667,0.892857142857143,0.333333333333333,0.107142857142857,6.22222222222222,0.373333333333333
"3913",0.825,0.324829616939311,0.631578947368421,0.810035842293907,0.666666666666667,0.870967741935484,0.333333333333333,0.129032258064516,5.16666666666667,0.382716049382716
"3914",0.825,0.335939596225808,0.588235294117647,0.82421875,0.625,0.875,0.375,0.125,5,0.428571428571429
"3915",0.85,0.323707197412935,0.7,0.868333333333333,0.7,0.9,0.3,0.1,7,0.333333333333333
"3916",0.8,0.383240816360765,0.6,0.787202380952381,0.5,0.928571428571429,0.5,0.0714285714285714,7,0.538461538461538
"3917",0.8,0.36565869565455,0.666666666666667,0.842261904761905,0.666666666666667,0.857142857142857,0.333333333333333,0.142857142857143,4.66666666666667,0.388888888888889
"3918",0.8,0.402273060189005,0.5,0.815047021943574,0.363636363636364,0.96551724137931,0.636363636363636,0.0344827586206896,10.5454545454546,0.659090909090909
"3919",0.775,0.39389287205555,0.470588235294118,0.77742946708464,0.363636363636364,0.931034482758621,0.636363636363636,0.0689655172413793,5.27272727272727,0.683501683501683
"3920",0.75,0.395191471839329,0.583333333333333,0.794871794871795,0.538461538461538,0.851851851851852,0.461538461538462,0.148148148148148,3.63461538461538,0.54180602006689
"3921",0.775,0.361258704346519,0.608695652173913,0.758620689655172,0.636363636363636,0.827586206896552,0.363636363636364,0.172413793103448,3.69090909090909,0.439393939393939
"3922",0.75,0.388294615325938,0.642857142857143,0.833855799373041,0.818181818181818,0.724137931034483,0.181818181818182,0.275862068965517,2.96590909090909,0.251082251082251
"3923",0.775,0.396872703657138,0.608695652173913,0.786666666666667,0.7,0.8,0.3,0.2,3.5,0.375
"3924",0.875,0.332653831488898,0.736842105263158,0.893333333333333,0.7,0.933333333333333,0.3,0.0666666666666667,10.5,0.321428571428571
"3925",0.875,0.3250054785516,0.761904761904762,0.877742946708464,0.727272727272727,0.931034482758621,0.272727272727273,0.0689655172413793,10.5454545454545,0.292929292929293
"3926",0.875,0.299467619454224,0.705882352941177,0.824372759856631,0.666666666666667,0.935483870967742,0.333333333333333,0.0645161290322581,10.3333333333333,0.35632183908046
"3927",0.775,0.381183823117068,0.526315789473684,0.880952380952381,0.714285714285714,0.787878787878788,0.285714285714286,0.212121212121212,3.36734693877551,0.362637362637363
"3928",0.825,0.377098520199593,0.666666666666667,0.82,0.7,0.866666666666667,0.3,0.133333333333333,5.25,0.346153846153846
"3929",0.9,0.265026811288087,0.777777777777778,0.9765625,0.875,0.90625,0.125,0.09375,9.33333333333333,0.137931034482759
"3930",0.9,0.308141100807773,0.8,0.974921630094044,0.727272727272727,0.96551724137931,0.272727272727273,0.0344827586206896,21.0909090909091,0.282467532467532
"3931",0.775,0.374705304027286,0.666666666666667,0.796296296296296,0.692307692307692,0.814814814814815,0.307692307692308,0.185185185185185,3.73846153846154,0.377622377622378
"3932",0.875,0.317393010136414,0.761904761904762,0.913333333333333,0.8,0.9,0.2,0.1,8,0.222222222222222
"3933",0.9,0.343845691361032,0.75,0.793906810035842,0.666666666666667,0.967741935483871,0.333333333333333,0.032258064516129,20.6666666666667,0.344444444444444
"3934",0.75,0.389879069906939,0.5,0.880877742946709,0.454545454545455,0.862068965517241,0.545454545454545,0.137931034482759,3.29545454545454,0.632727272727273
"3935",0.7,0.395417664637474,0.571428571428571,0.777777777777778,0.615384615384615,0.740740740740741,0.384615384615385,0.259259259259259,2.37362637362637,0.519230769230769
"3936",0.85,0.329181152315309,0.7,0.921666666666667,0.7,0.9,0.3,0.1,7,0.333333333333333
"3937",0.75,0.423507749818499,0.583333333333333,0.769592476489028,0.636363636363636,0.793103448275862,0.363636363636364,0.206896551724138,3.07575757575758,0.458498023715415
"3938",0.8,0.360692150315588,0.636363636363636,0.851666666666667,0.7,0.833333333333333,0.3,0.166666666666667,4.2,0.36
"3939",0.825,0.399773118712685,0.666666666666667,0.814814814814815,0.538461538461538,0.962962962962963,0.461538461538462,0.0370370370370371,14.5384615384615,0.479289940828402
"3940",0.875,0.33354219876784,0.782608695652174,0.886039886039886,0.692307692307692,0.962962962962963,0.307692307692308,0.0370370370370371,18.6923076923077,0.319526627218935
"3941",0.85,0.355467569542859,0.727272727272727,0.941595441595442,0.615384615384615,0.962962962962963,0.384615384615385,0.0370370370370371,16.6153846153846,0.399408284023669
"3942",0.775,0.379158857838575,0.608695652173913,0.923076923076923,0.538461538461538,0.888888888888889,0.461538461538462,0.111111111111111,4.84615384615384,0.519230769230769
"3943",0.775,0.345888028160816,0.608695652173913,0.879928315412186,0.777777777777778,0.774193548387097,0.222222222222222,0.225806451612903,3.44444444444444,0.287037037037037
"3944",0.8,0.34100359570719,0.6,0.911666666666667,0.6,0.866666666666667,0.4,0.133333333333333,4.5,0.461538461538462
"3945",0.75,0.424362067926925,0.375,0.755,0.3,0.9,0.7,0.1,3,0.777777777777778
"3946",0.85,0.381089031456922,0.75,0.905982905982906,0.692307692307692,0.925925925925926,0.307692307692308,0.0740740740740741,9.34615384615385,0.332307692307692
"3947",0.75,0.397260954343258,0.545454545454545,0.808333333333333,0.6,0.8,0.4,0.2,3,0.5
"3948",0.825,0.34173785228435,0.461538461538462,0.800865800865801,0.428571428571429,0.909090909090909,0.571428571428571,0.0909090909090909,4.71428571428571,0.628571428571429
"3949",0.8,0.338126421944269,0.666666666666667,0.852664576802508,0.727272727272727,0.827586206896552,0.272727272727273,0.172413793103448,4.21818181818182,0.329545454545455
"3950",0.725,0.389408844729944,0.592592592592593,0.813988095238095,0.666666666666667,0.75,0.333333333333333,0.25,2.66666666666667,0.444444444444444
"3951",0.725,0.429594916525028,0.352941176470588,0.799373040752351,0.272727272727273,0.896551724137931,0.727272727272727,0.103448275862069,2.63636363636364,0.811188811188811
"3952",0.775,0.347480768889146,0.709677419354839,0.872252747252747,0.785714285714286,0.769230769230769,0.214285714285714,0.230769230769231,3.40476190476191,0.278571428571429
"3953",0.825,0.360353451626577,0.631578947368421,0.871666666666667,0.6,0.9,0.4,0.1,6,0.444444444444444
"3954",0.825,0.359320548830022,0.695652173913043,0.888392857142857,0.666666666666667,0.892857142857143,0.333333333333333,0.107142857142857,6.22222222222222,0.373333333333333
"3955",0.85,0.357118640563179,0.666666666666667,0.827956989247312,0.666666666666667,0.903225806451613,0.333333333333333,0.0967741935483871,6.88888888888889,0.369047619047619
"3956",0.85,0.341527982442189,0.727272727272727,0.821316614420063,0.727272727272727,0.896551724137931,0.272727272727273,0.103448275862069,7.03030303030303,0.304195804195804
"3957",0.85,0.31259634359794,0.727272727272727,0.851666666666667,0.8,0.866666666666667,0.2,0.133333333333333,6,0.230769230769231
"3958",0.775,0.403873407965564,0.526315789473684,0.770833333333333,0.416666666666667,0.928571428571429,0.583333333333333,0.0714285714285714,5.83333333333334,0.628205128205128
"3959",0.8,0.397704605805806,0.6,0.799107142857143,0.5,0.928571428571429,0.5,0.0714285714285714,7,0.538461538461538
"3960",0.75,0.421886473374744,0.5,0.789968652037618,0.454545454545455,0.862068965517241,0.545454545454545,0.137931034482759,3.29545454545454,0.632727272727273
"3961",0.85,0.34350053824547,0.727272727272727,0.918154761904762,0.666666666666667,0.928571428571429,0.333333333333333,0.0714285714285714,9.33333333333334,0.358974358974359
"3962",0.85,0.323180838532135,0.75,0.893416927899687,0.818181818181818,0.862068965517241,0.181818181818182,0.137931034482759,5.93181818181818,0.210909090909091
"3963",0.825,0.38833713082134,0.695652173913043,0.84045584045584,0.615384615384615,0.925925925925926,0.384615384615385,0.0740740740740741,8.30769230769231,0.415384615384615
"3964",0.9,0.299845232693914,0.833333333333333,0.959247648902821,0.909090909090909,0.896551724137931,0.0909090909090909,0.103448275862069,8.78787878787879,0.101398601398601
"3965",0.75,0.358799117207398,0.583333333333333,0.88871473354232,0.636363636363636,0.793103448275862,0.363636363636364,0.206896551724138,3.07575757575758,0.458498023715415
"3966",0.825,0.344149233788905,0.631578947368421,0.846320346320346,0.857142857142857,0.818181818181818,0.142857142857143,0.181818181818182,4.71428571428572,0.174603174603175
"3967",0.825,0.352097470173985,0.695652173913043,0.867521367521368,0.615384615384615,0.925925925925926,0.384615384615385,0.0740740740740741,8.30769230769231,0.415384615384615
"3968",0.7,0.429548998180722,0.25,0.6484375,0.25,0.8125,0.75,0.1875,1.33333333333333,0.923076923076923
"3969",0.775,0.403635829150414,0.666666666666667,0.811813186813187,0.642857142857143,0.846153846153846,0.357142857142857,0.153846153846154,4.17857142857143,0.422077922077922
"3970",0.875,0.364457423182233,0.8,0.873626373626374,0.714285714285714,0.961538461538462,0.285714285714286,0.0384615384615384,18.5714285714286,0.297142857142857
"3971",0.75,0.410298330580191,0.444444444444444,0.845,0.4,0.866666666666667,0.6,0.133333333333333,3,0.692307692307692
"3972",0.875,0.331336775381178,0.782608695652174,0.91025641025641,0.692307692307692,0.962962962962963,0.307692307692308,0.0370370370370371,18.6923076923077,0.319526627218935
"3973",0.7,0.430641529113361,0.571428571428571,0.733618233618234,0.615384615384615,0.740740740740741,0.384615384615385,0.259259259259259,2.37362637362637,0.519230769230769
"3974",0.775,0.366743304294912,0.608695652173913,0.8584229390681,0.777777777777778,0.774193548387097,0.222222222222222,0.225806451612903,3.44444444444444,0.287037037037037
"3975",0.775,0.390233513925681,0.64,0.887362637362637,0.571428571428571,0.884615384615385,0.428571428571429,0.115384615384615,4.95238095238095,0.484472049689441
"3976",0.825,0.352030477156133,0.72,0.910714285714286,0.75,0.857142857142857,0.25,0.142857142857143,5.25,0.291666666666667
"3977",0.85,0.366180891557746,0.625,0.917562724014337,0.555555555555556,0.935483870967742,0.444444444444444,0.0645161290322581,8.6111111111111,0.475095785440613
"3978",0.75,0.415080190402154,0.615384615384615,0.813333333333333,0.533333333333333,0.88,0.466666666666667,0.12,4.44444444444444,0.53030303030303
"3979",0.725,0.415001733408198,0.476190476190476,0.72884012539185,0.454545454545455,0.827586206896552,0.545454545454545,0.172413793103448,2.63636363636364,0.659090909090909
"3980",0.75,0.424275679898254,0.545454545454545,0.763392857142857,0.5,0.857142857142857,0.5,0.142857142857143,3.5,0.583333333333333
"3981",0.825,0.298469870793782,0.695652173913043,0.906666666666667,0.8,0.833333333333333,0.2,0.166666666666667,4.8,0.24
"3982",0.75,0.427437923885609,0.444444444444444,0.7109375,0.5,0.8125,0.5,0.1875,2.66666666666667,0.615384615384615
"3983",0.7,0.435356072273316,0.333333333333333,0.748333333333333,0.3,0.833333333333333,0.7,0.166666666666667,1.8,0.84
"3984",0.8,0.406432810338195,0.666666666666667,0.855769230769231,0.571428571428571,0.923076923076923,0.428571428571429,0.0769230769230769,7.42857142857143,0.464285714285714
"3985",0.85,0.310463238261294,0.625,0.887445887445887,0.714285714285714,0.878787878787879,0.285714285714286,0.121212121212121,5.89285714285714,0.32512315270936
"3986",0.85,0.370266074836295,0.75,0.914529914529915,0.692307692307692,0.925925925925926,0.307692307692308,0.0740740740740741,9.34615384615385,0.332307692307692
"3987",0.825,0.333966252986896,0.631578947368421,0.866771159874608,0.545454545454545,0.931034482758621,0.454545454545455,0.0689655172413793,7.90909090909091,0.488215488215488
"3988",0.85,0.36608165734234,0.7,0.866771159874608,0.636363636363636,0.931034482758621,0.363636363636364,0.0689655172413793,9.22727272727272,0.390572390572391
"3989",0.825,0.374115418290663,0.631578947368421,0.725806451612903,0.666666666666667,0.870967741935484,0.333333333333333,0.129032258064516,5.16666666666667,0.382716049382716
"3990",0.775,0.366826514658274,0.571428571428571,0.766457680250784,0.545454545454545,0.862068965517241,0.454545454545455,0.137931034482759,3.95454545454545,0.527272727272727
"3991",0.8,0.3766212437915,0.555555555555556,0.804659498207885,0.555555555555556,0.870967741935484,0.444444444444444,0.129032258064516,4.30555555555556,0.510288065843621
"3992",0.825,0.34313973758788,0.666666666666667,0.816666666666667,0.7,0.866666666666667,0.3,0.133333333333333,5.25,0.346153846153846
"3993",0.725,0.427699534241979,0.592592592592593,0.756410256410256,0.615384615384615,0.777777777777778,0.384615384615385,0.222222222222222,2.76923076923077,0.494505494505494
"3994",0.825,0.327749259438537,0.588235294117647,0.908203125,0.625,0.875,0.375,0.125,5,0.428571428571429
"3995",0.75,0.404477319064087,0.615384615384615,0.79532967032967,0.571428571428571,0.846153846153846,0.428571428571429,0.153846153846154,3.71428571428571,0.506493506493507
"3996",0.85,0.323974667940399,0.7,0.887096774193548,0.777777777777778,0.870967741935484,0.222222222222222,0.129032258064516,6.02777777777778,0.255144032921811
"3997",0.75,0.417475495820962,0.583333333333333,0.778846153846154,0.5,0.884615384615385,0.5,0.115384615384615,4.33333333333333,0.565217391304348
"3998",0.825,0.365108202939023,0.695652173913043,0.811011904761905,0.666666666666667,0.892857142857143,0.333333333333333,0.107142857142857,6.22222222222222,0.373333333333333
"3999",0.8,0.392955307474497,0.636363636363636,0.9002849002849,0.538461538461538,0.925925925925926,0.461538461538462,0.0740740740740741,7.26923076923077,0.498461538461539
"4000",0.8,0.379261702521337,0.5,0.738333333333333,0.4,0.933333333333333,0.6,0.0666666666666667,6,0.642857142857143
"4001",0.75,0.403488273287195,0.583333333333333,0.868945868945869,0.538461538461538,0.851851851851852,0.461538461538462,0.148148148148148,3.63461538461538,0.54180602006689
"4002",0.725,0.408723380216544,0.645161290322581,0.801790281329923,0.588235294117647,0.826086956521739,0.411764705882353,0.173913043478261,3.38235294117647,0.498452012383901
"4003",0.8,0.341395052830164,0.6,0.860215053763441,0.666666666666667,0.838709677419355,0.333333333333333,0.161290322580645,4.13333333333333,0.397435897435897
"4004",0.85,0.358171733517473,0.7,0.849702380952381,0.583333333333333,0.964285714285714,0.416666666666667,0.0357142857142857,16.3333333333333,0.432098765432099
"4005",0.725,0.404830445439555,0.421052631578947,0.845,0.4,0.833333333333333,0.6,0.166666666666667,2.4,0.72
"4006",0.825,0.331346473012683,0.695652173913043,0.9,0.8,0.833333333333333,0.2,0.166666666666667,4.8,0.24
"4007",0.8,0.351829936916313,0.555555555555556,0.8828125,0.625,0.84375,0.375,0.15625,4,0.444444444444444
"4008",0.925,0.305001479917335,0.842105263157895,0.946708463949843,0.727272727272727,1,0.272727272727273,0,Inf,0.272727272727273
"4009",0.8,0.327380580993297,0.6,0.865591397849462,0.666666666666667,0.838709677419355,0.333333333333333,0.161290322580645,4.13333333333333,0.397435897435897
"4010",0.775,0.396140137763859,0.571428571428571,0.728333333333333,0.6,0.833333333333333,0.4,0.166666666666667,3.6,0.48
"4011",0.8,0.402630590686684,0.636363636363636,0.807692307692308,0.538461538461538,0.925925925925926,0.461538461538462,0.0740740740740741,7.26923076923077,0.498461538461539
"4012",0.775,0.374673961506213,0.689655172413793,0.866758241758242,0.714285714285714,0.807692307692308,0.285714285714286,0.192307692307692,3.71428571428571,0.353741496598639
"4013",0.8,0.362951871575924,0.555555555555556,0.796666666666667,0.5,0.9,0.5,0.1,5,0.555555555555556
"4014",0.9,0.332811674063888,0.75,0.956989247311828,0.666666666666667,0.967741935483871,0.333333333333333,0.032258064516129,20.6666666666667,0.344444444444444
"4015",0.825,0.355593842907524,0.666666666666667,0.865203761755486,0.636363636363636,0.896551724137931,0.363636363636364,0.103448275862069,6.15151515151515,0.405594405594406
"4016",0.8,0.382170046378212,0.692307692307692,0.879120879120879,0.642857142857143,0.884615384615385,0.357142857142857,0.115384615384615,5.57142857142857,0.403726708074534
"4017",0.8,0.407359960651343,0.692307692307692,0.910714285714286,0.642857142857143,0.884615384615385,0.357142857142857,0.115384615384615,5.57142857142857,0.403726708074534
"4018",0.825,0.370493892107563,0.695652173913043,0.873333333333333,0.8,0.833333333333333,0.2,0.166666666666667,4.8,0.24
"4019",0.775,0.376828130787343,0.470588235294118,0.6796875,0.5,0.84375,0.5,0.15625,3.2,0.592592592592593
"4020",0.925,0.310293136442507,0.869565217391304,0.936011904761905,0.833333333333333,0.964285714285714,0.166666666666667,0.0357142857142857,23.3333333333333,0.172839506172839
"4021",0.875,0.319962354933236,0.666666666666667,0.859375,0.625,0.9375,0.375,0.0625,10,0.4
"4022",0.8,0.381158122425338,0.6,0.827380952380952,0.5,0.928571428571429,0.5,0.0714285714285714,7,0.538461538461538
"4023",0.825,0.359407546061672,0.461538461538462,0.76,0.6,0.857142857142857,0.4,0.142857142857143,4.2,0.466666666666667
"4024",0.85,0.37317158684717,0.727272727272727,0.858516483516483,0.571428571428571,1,0.428571428571429,0,Inf,0.428571428571429
"4025",0.85,0.34404399507012,0.666666666666667,0.890625,0.75,0.875,0.25,0.125,6,0.285714285714286
"4026",0.775,0.401005967347213,0.526315789473684,0.832288401253918,0.454545454545455,0.896551724137931,0.545454545454545,0.103448275862069,4.39393939393939,0.608391608391608
"4027",0.775,0.379097767479347,0.666666666666667,0.836182336182336,0.692307692307692,0.814814814814815,0.307692307692308,0.185185185185185,3.73846153846154,0.377622377622378
"4028",0.9,0.3374823214764,0.75,0.900390625,0.75,0.9375,0.25,0.0625,12,0.266666666666667
"4029",0.8,0.40228395254106,0.5,0.798333333333333,0.4,0.933333333333333,0.6,0.0666666666666667,6,0.642857142857143
"4030",0.85,0.331341088574802,0.75,0.903846153846154,0.642857142857143,0.961538461538462,0.357142857142857,0.0384615384615384,16.7142857142857,0.371428571428571
"4031",0.675,0.45303419373751,0.606060606060606,0.829923273657289,0.588235294117647,0.739130434782609,0.411764705882353,0.260869565217391,2.25490196078431,0.557093425605536
"4032",0.825,0.3884905972571,0.666666666666667,0.786833855799373,0.636363636363636,0.896551724137931,0.363636363636364,0.103448275862069,6.15151515151515,0.405594405594406
"4033",0.775,0.356247219202386,0.666666666666667,0.866096866096866,0.692307692307692,0.814814814814815,0.307692307692308,0.185185185185185,3.73846153846154,0.377622377622378
"4034",0.75,0.314562401095721,0.545454545454545,0.853046594982079,0.666666666666667,0.774193548387097,0.333333333333333,0.225806451612903,2.95238095238095,0.430555555555556
"4035",0.85,0.323409456875546,0.727272727272727,0.822884012539185,0.727272727272727,0.896551724137931,0.272727272727273,0.103448275862069,7.03030303030303,0.304195804195804
"4036",0.775,0.363879061604306,0.64,0.894984326018809,0.727272727272727,0.793103448275862,0.272727272727273,0.206896551724138,3.51515151515152,0.343873517786561
"4037",0.825,0.365765380501776,0.666666666666667,0.821666666666667,0.7,0.866666666666667,0.3,0.133333333333333,5.25,0.346153846153846
"4038",0.8,0.366191055505721,0.6,0.841692789968652,0.545454545454545,0.896551724137931,0.454545454545455,0.103448275862069,5.27272727272727,0.506993006993007
"4039",0.75,0.456800315293655,0.642857142857143,0.8125,0.5625,0.875,0.4375,0.125,4.5,0.5
"4040",0.875,0.309973124938115,0.782608695652174,0.866071428571429,0.75,0.928571428571429,0.25,0.0714285714285714,10.5,0.269230769230769
"4041",0.8,0.342243535835115,0.636363636363636,0.83,0.7,0.833333333333333,0.3,0.166666666666667,4.2,0.36
"4042",0.775,0.430079473808826,0.608695652173913,0.78,0.466666666666667,0.96,0.533333333333333,0.04,11.6666666666667,0.555555555555556
"4043",0.825,0.374114808235312,0.695652173913043,0.918956043956044,0.571428571428571,0.961538461538462,0.428571428571429,0.0384615384615384,14.8571428571429,0.445714285714286
"4044",0.825,0.360651022124443,0.72,0.914529914529915,0.692307692307692,0.888888888888889,0.307692307692308,0.111111111111111,6.23076923076923,0.346153846153846
"4045",0.825,0.402577935083209,0.695652173913043,0.829059829059829,0.615384615384615,0.925925925925926,0.384615384615385,0.0740740740740741,8.30769230769231,0.415384615384615
"4046",0.75,0.436174441908872,0.615384615384615,0.838541666666667,0.5,0.916666666666667,0.5,0.0833333333333334,6,0.545454545454546
"4047",0.8,0.357823636394316,0.555555555555556,0.767578125,0.625,0.84375,0.375,0.15625,4,0.444444444444444
"4048",0.775,0.402154136210637,0.571428571428571,0.842261904761905,0.5,0.892857142857143,0.5,0.107142857142857,4.66666666666667,0.56
"4049",0.85,0.28304911790275,0.7,0.952380952380952,1,0.818181818181818,0,0.181818181818182,5.5,0
"4050",0.825,0.368133739704807,0.631578947368421,0.855654761904762,0.5,0.964285714285714,0.5,0.0357142857142857,14,0.518518518518518
"4051",0.75,0.385359988398577,0.444444444444444,0.736559139784946,0.444444444444444,0.838709677419355,0.555555555555556,0.161290322580645,2.75555555555556,0.662393162393162
"4052",0.725,0.413790570107227,0.153846153846154,0.712121212121212,0.142857142857143,0.848484848484849,0.857142857142857,0.151515151515151,0.942857142857143,1.01020408163265
"4053",0.8,0.375433470199222,0.714285714285714,0.895604395604396,0.714285714285714,0.846153846153846,0.285714285714286,0.153846153846154,4.64285714285714,0.337662337662338
"4054",0.725,0.423742820276151,0.56,0.800569800569801,0.538461538461538,0.814814814814815,0.461538461538462,0.185185185185185,2.90769230769231,0.566433566433566
"4055",0.725,0.416811311432623,0.56,0.764880952380952,0.583333333333333,0.785714285714286,0.416666666666667,0.214285714285714,2.72222222222222,0.53030303030303
"4056",0.8,0.385004152127497,0.666666666666667,0.804843304843305,0.615384615384615,0.888888888888889,0.384615384615385,0.111111111111111,5.53846153846154,0.432692307692308
"4057",0.725,0.454058133706791,0.620689655172414,0.772378516624041,0.529411764705882,0.869565217391304,0.470588235294118,0.130434782608696,4.05882352941176,0.541176470588235
"4058",0.8,0.382446178796178,0.6,0.783699059561129,0.545454545454545,0.896551724137931,0.454545454545455,0.103448275862069,5.27272727272727,0.506993006993007
"4059",0.85,0.358828579573767,0.666666666666667,0.898119122257053,0.545454545454545,0.96551724137931,0.454545454545455,0.0344827586206896,15.8181818181818,0.470779220779221
"4060",0.725,0.432738471989884,0.521739130434783,0.822802197802198,0.428571428571429,0.884615384615385,0.571428571428571,0.115384615384615,3.71428571428571,0.645962732919255
"4061",0.875,0.292045097786261,0.615384615384615,0.936274509803922,0.666666666666667,0.911764705882353,0.333333333333333,0.0882352941176471,7.55555555555555,0.365591397849462
"4062",0.9,0.277999669678178,0.777777777777778,0.980286738351254,0.777777777777778,0.935483870967742,0.222222222222222,0.0645161290322581,12.0555555555555,0.237547892720307
"4063",0.775,0.420710634882887,0.571428571428571,0.811965811965812,0.461538461538462,0.925925925925926,0.538461538461538,0.0740740740740741,6.23076923076923,0.581538461538462
"4064",0.75,0.438713887651749,0.5,0.688172043010753,0.555555555555556,0.806451612903226,0.444444444444444,0.193548387096774,2.87037037037037,0.551111111111111
"4065",0.85,0.32359019607088,0.625,0.826164874551971,0.555555555555556,0.935483870967742,0.444444444444444,0.0645161290322581,8.6111111111111,0.475095785440613
"4066",0.825,0.307935929411192,0.461538461538462,0.8,0.6,0.857142857142857,0.4,0.142857142857143,4.2,0.466666666666667
"4067",0.875,0.310461616191427,0.705882352941177,0.919354838709677,0.666666666666667,0.935483870967742,0.333333333333333,0.0645161290322581,10.3333333333333,0.35632183908046
"4068",0.8,0.389731391874909,0.6,0.79153605015674,0.545454545454545,0.896551724137931,0.454545454545455,0.103448275862069,5.27272727272727,0.506993006993007
"4069",0.8,0.339988405422423,0.692307692307692,0.849529780564263,0.818181818181818,0.793103448275862,0.181818181818182,0.206896551724138,3.95454545454546,0.229249011857707
"4070",0.75,0.419252802235153,0.5,0.802083333333333,0.416666666666667,0.892857142857143,0.583333333333333,0.107142857142857,3.88888888888889,0.653333333333333
"4071",0.8,0.401978574721685,0.666666666666667,0.858516483516483,0.571428571428571,0.923076923076923,0.428571428571429,0.0769230769230769,7.42857142857143,0.464285714285714
"4072",0.8,0.364824780855367,0.692307692307692,0.871794871794872,0.692307692307692,0.851851851851852,0.307692307692308,0.148148148148148,4.67307692307692,0.361204013377926
"4073",0.75,0.455383416667274,0.5,0.767857142857143,0.357142857142857,0.961538461538462,0.642857142857143,0.0384615384615384,9.28571428571429,0.668571428571428
"4074",0.775,0.370729701951216,0.526315789473684,0.885304659498208,0.555555555555556,0.838709677419355,0.444444444444444,0.161290322580645,3.44444444444445,0.52991452991453
"4075",0.825,0.313395880568015,0.72,0.915360501567398,0.818181818181818,0.827586206896552,0.181818181818182,0.172413793103448,4.74545454545455,0.21969696969697
"4076",0.8,0.405940653318442,0.666666666666667,0.847527472527473,0.571428571428571,0.923076923076923,0.428571428571429,0.0769230769230769,7.42857142857143,0.464285714285714
"4077",0.825,0.396449323490047,0.666666666666667,0.822802197802198,0.5,1,0.5,0,Inf,0.5
"4078",0.825,0.373056015038724,0.666666666666667,0.799107142857143,0.583333333333333,0.928571428571429,0.416666666666667,0.0714285714285714,8.16666666666667,0.448717948717949
"4079",0.775,0.333518629423017,0.4,0.786764705882353,0.5,0.823529411764706,0.5,0.176470588235294,2.83333333333333,0.607142857142857
"4080",0.825,0.34907924779358,0.695652173913043,0.879310344827586,0.727272727272727,0.862068965517241,0.272727272727273,0.137931034482759,5.27272727272727,0.316363636363636
"4081",0.825,0.386850479529876,0.666666666666667,0.85,0.7,0.866666666666667,0.3,0.133333333333333,5.25,0.346153846153846
"4082",0.8,0.407707511821843,0.666666666666667,0.863247863247863,0.615384615384615,0.888888888888889,0.384615384615385,0.111111111111111,5.53846153846154,0.432692307692308
"4083",0.875,0.298866246732255,0.736842105263158,0.84,0.7,0.933333333333333,0.3,0.0666666666666667,10.5,0.321428571428571
"4084",0.8,0.372634909053804,0.428571428571429,0.654411764705882,0.5,0.852941176470588,0.5,0.147058823529412,3.4,0.586206896551724
"4085",0.825,0.348232309131613,0.588235294117647,0.772401433691756,0.555555555555556,0.903225806451613,0.444444444444444,0.0967741935483871,5.74074074074074,0.492063492063492
"4086",0.775,0.375725671675591,0.64,0.830721003134796,0.727272727272727,0.793103448275862,0.272727272727273,0.206896551724138,3.51515151515152,0.343873517786561
"4087",0.725,0.453183067966966,0.521739130434783,0.836,0.4,0.92,0.6,0.08,5,0.652173913043478
"4088",0.825,0.370707137544601,0.533333333333333,0.841666666666667,0.4,0.966666666666667,0.6,0.0333333333333333,12,0.620689655172414
"4089",0.8,0.394820546990182,0.714285714285714,0.870666666666667,0.666666666666667,0.88,0.333333333333333,0.12,5.55555555555556,0.378787878787879
"4090",0.75,0.36837354593358,0.545454545454545,0.789968652037618,0.545454545454545,0.827586206896552,0.454545454545455,0.172413793103448,3.16363636363636,0.549242424242424
"4091",0.75,0.423798350620099,0.444444444444444,0.75705329153605,0.363636363636364,0.896551724137931,0.636363636363636,0.103448275862069,3.51515151515152,0.70979020979021
"4092",0.825,0.387604852121422,0.533333333333333,0.871666666666667,0.4,0.966666666666667,0.6,0.0333333333333333,12,0.620689655172414
"4093",0.825,0.407593973746301,0.72,0.809065934065934,0.642857142857143,0.923076923076923,0.357142857142857,0.0769230769230769,8.35714285714286,0.386904761904762
"4094",0.825,0.360755300346275,0.533333333333333,0.720703125,0.5,0.90625,0.5,0.09375,5.33333333333333,0.551724137931034
"4095",0.75,0.349703045573038,0.285714285714286,0.697142857142857,0.4,0.8,0.6,0.2,2,0.75
"4096",0.8,0.382582669111953,0.692307692307692,0.816239316239316,0.692307692307692,0.851851851851852,0.307692307692308,0.148148148148148,4.67307692307692,0.361204013377926
"4097",0.825,0.385594984110381,0.631578947368421,0.774294670846395,0.545454545454545,0.931034482758621,0.454545454545455,0.0689655172413793,7.90909090909091,0.488215488215488
"4098",0.875,0.324470838382565,0.782608695652174,0.87797619047619,0.75,0.928571428571429,0.25,0.0714285714285714,10.5,0.269230769230769
"4099",0.85,0.32301528692452,0.7,0.831666666666667,0.7,0.9,0.3,0.1,7,0.333333333333333
"4100",0.8,0.388397582064793,0.714285714285714,0.868,0.666666666666667,0.88,0.333333333333333,0.12,5.55555555555556,0.378787878787879
"4101",0.725,0.355832788521815,0.592592592592593,0.877492877492878,0.615384615384615,0.777777777777778,0.384615384615385,0.222222222222222,2.76923076923077,0.494505494505494
"4102",0.9,0.302412728057549,0.75,0.930735930735931,0.857142857142857,0.909090909090909,0.142857142857143,0.0909090909090909,9.42857142857143,0.157142857142857
"4103",0.825,0.340925763319058,0.740740740740741,0.908831908831909,0.769230769230769,0.851851851851852,0.230769230769231,0.148148148148148,5.19230769230769,0.270903010033445
"4104",0.8,0.389576647340029,0.714285714285714,0.84045584045584,0.769230769230769,0.814814814814815,0.230769230769231,0.185185185185185,4.15384615384615,0.283216783216783
"4105",0.825,0.365342187354837,0.631578947368421,0.901785714285714,0.5,0.964285714285714,0.5,0.0357142857142857,14,0.518518518518518
"4106",0.85,0.32401779083997,0.727272727272727,0.871666666666667,0.8,0.866666666666667,0.2,0.133333333333333,6,0.230769230769231
"4107",0.825,0.375247801353823,0.666666666666667,0.857142857142857,0.583333333333333,0.928571428571429,0.416666666666667,0.0714285714285714,8.16666666666667,0.448717948717949
"4108",0.8,0.380477152689014,0.636363636363636,0.807210031347962,0.636363636363636,0.862068965517241,0.363636363636364,0.137931034482759,4.61363636363636,0.421818181818182
"4109",0.825,0.350122513434347,0.588235294117647,0.876175548589342,0.454545454545455,0.96551724137931,0.545454545454545,0.0344827586206896,13.1818181818182,0.564935064935065
"4110",0.775,0.422521607409673,0.526315789473684,0.833333333333333,0.384615384615385,0.962962962962963,0.615384615384615,0.0370370370370371,10.3846153846154,0.63905325443787
"4111",0.7,0.426160358027206,0.4,0.714733542319749,0.363636363636364,0.827586206896552,0.636363636363636,0.172413793103448,2.10909090909091,0.768939393939394
"4112",0.775,0.366961048102764,0.571428571428571,0.794670846394984,0.545454545454545,0.862068965517241,0.454545454545455,0.137931034482759,3.95454545454545,0.527272727272727
"4113",0.75,0.379184470953417,0.285714285714286,0.6640625,0.25,0.875,0.75,0.125,2,0.857142857142857
"4114",0.875,0.317100795405275,0.8,0.891369047619048,0.833333333333333,0.892857142857143,0.166666666666667,0.107142857142857,7.77777777777778,0.186666666666667
"4115",0.725,0.430285825171335,0.56,0.789173789173789,0.538461538461538,0.814814814814815,0.461538461538462,0.185185185185185,2.90769230769231,0.566433566433566
"4116",0.9,0.28119282097718,0.666666666666667,0.904411764705882,0.666666666666667,0.941176470588235,0.333333333333333,0.0588235294117647,11.3333333333333,0.354166666666667
"4117",0.925,0.288340199816918,0.8,0.955882352941176,1,0.911764705882353,0,0.0882352941176471,11.3333333333333,0
"4118",0.825,0.382107613269098,0.695652173913043,0.896978021978022,0.571428571428571,0.961538461538462,0.428571428571429,0.0384615384615384,14.8571428571429,0.445714285714286
"4119",0.725,0.425172215770443,0.476190476190476,0.813620071684588,0.555555555555556,0.774193548387097,0.444444444444444,0.225806451612903,2.46031746031746,0.574074074074074
"4120",0.775,0.370042247212856,0.526315789473684,0.684587813620072,0.555555555555556,0.838709677419355,0.444444444444444,0.161290322580645,3.44444444444445,0.52991452991453
"4121",0.775,0.357137460141924,0.526315789473684,0.781362007168459,0.555555555555556,0.838709677419355,0.444444444444444,0.161290322580645,3.44444444444445,0.52991452991453
"4122",0.875,0.321125332896794,0.761904761904762,0.933035714285714,0.666666666666667,0.964285714285714,0.333333333333333,0.0357142857142857,18.6666666666667,0.345679012345679
"4123",0.825,0.367904940545801,0.666666666666667,0.835423197492163,0.636363636363636,0.896551724137931,0.363636363636364,0.103448275862069,6.15151515151515,0.405594405594406
"4124",0.75,0.434755970855615,0.583333333333333,0.818681318681319,0.5,0.884615384615385,0.5,0.115384615384615,4.33333333333333,0.565217391304348
"4125",0.825,0.347399695413668,0.666666666666667,0.87,0.7,0.866666666666667,0.3,0.133333333333333,5.25,0.346153846153846
"4126",0.825,0.362474549776166,0.666666666666667,0.860501567398119,0.636363636363636,0.896551724137931,0.363636363636364,0.103448275862069,6.15151515151515,0.405594405594406
"4127",0.75,0.331530707620954,0.5,0.883116883116883,0.714285714285714,0.757575757575758,0.285714285714286,0.242424242424242,2.94642857142857,0.377142857142857
"4128",0.85,0.369188769999847,0.7,0.897435897435897,0.538461538461538,1,0.461538461538462,0,Inf,0.461538461538462
"4129",0.875,0.333647035630598,0.761904761904762,0.863333333333333,0.8,0.9,0.2,0.1,8,0.222222222222222
"4130",0.725,0.454141274480949,0.56,0.811965811965812,0.538461538461538,0.814814814814815,0.461538461538462,0.185185185185185,2.90769230769231,0.566433566433566
"4131",0.875,0.307768751828273,0.705882352941177,0.94140625,0.75,0.90625,0.25,0.09375,8,0.275862068965517
"4132",0.725,0.450063236198108,0.521739130434783,0.743589743589744,0.461538461538462,0.851851851851852,0.538461538461538,0.148148148148148,3.11538461538462,0.632107023411371
"4133",0.75,0.448291192929935,0.545454545454545,0.787749287749288,0.461538461538462,0.888888888888889,0.538461538461538,0.111111111111111,4.15384615384615,0.605769230769231
"4134",0.775,0.378130906921256,0.526315789473684,0.838333333333333,0.5,0.866666666666667,0.5,0.133333333333333,3.75,0.576923076923077
"4135",0.7,0.495873377391172,0.454545454545455,0.884910485933504,0.294117647058824,1,0.705882352941176,0,Inf,0.705882352941176
"4136",0.775,0.391715978781718,0.742857142857143,0.881074168797954,0.764705882352941,0.782608695652174,0.235294117647059,0.217391304347826,3.51764705882353,0.300653594771242
"4137",0.8,0.353956317824139,0.555555555555556,0.8046875,0.625,0.84375,0.375,0.15625,4,0.444444444444444
"4138",0.825,0.370256763070714,0.631578947368421,0.876175548589342,0.545454545454545,0.931034482758621,0.454545454545455,0.0689655172413793,7.90909090909091,0.488215488215488
"4139",0.775,0.39730623548751,0.571428571428571,0.79,0.6,0.833333333333333,0.4,0.166666666666667,3.6,0.48
"4140",0.8,0.30516724443274,0.428571428571429,0.914285714285714,0.6,0.828571428571429,0.4,0.171428571428571,3.5,0.482758620689655
"4141",0.825,0.377580995545376,0.588235294117647,0.738333333333333,0.5,0.933333333333333,0.5,0.0666666666666667,7.5,0.535714285714286
"4142",0.775,0.382851545696712,0.571428571428571,0.806640625,0.75,0.78125,0.25,0.21875,3.42857142857143,0.32
"4143",0.875,0.305283838870726,0.782608695652174,0.905956112852665,0.818181818181818,0.896551724137931,0.181818181818182,0.103448275862069,7.90909090909091,0.202797202797203
"4144",0.825,0.336962026048294,0.666666666666667,0.863799283154122,0.777777777777778,0.838709677419355,0.222222222222222,0.161290322580645,4.82222222222222,0.264957264957265
"4145",0.825,0.330361423332085,0.72,0.93,0.9,0.8,0.1,0.2,4.5,0.125
"4146",0.825,0.374752767864489,0.695652173913043,0.837797619047619,0.666666666666667,0.892857142857143,0.333333333333333,0.107142857142857,6.22222222222222,0.373333333333333
"4147",0.85,0.285903256301752,0.625,0.863636363636364,0.714285714285714,0.878787878787879,0.285714285714286,0.121212121212121,5.89285714285714,0.32512315270936
"4148",0.825,0.377267539704148,0.631578947368421,0.797619047619048,0.5,0.964285714285714,0.5,0.0357142857142857,14,0.518518518518518
"4149",0.775,0.405356563062358,0.608695652173913,0.841880341880342,0.538461538461538,0.888888888888889,0.461538461538462,0.111111111111111,4.84615384615384,0.519230769230769
"4150",0.875,0.363604054558968,0.8,0.856,0.666666666666667,1,0.333333333333333,0,Inf,0.333333333333333
"4151",0.825,0.3528046165637,0.758620689655172,0.830666666666667,0.733333333333333,0.88,0.266666666666667,0.12,6.11111111111111,0.303030303030303
"4152",0.85,0.369170514661774,0.727272727272727,0.879464285714286,0.666666666666667,0.928571428571429,0.333333333333333,0.0714285714285714,9.33333333333334,0.358974358974359
"4153",0.8,0.385392060515223,0.666666666666667,0.831908831908832,0.615384615384615,0.888888888888889,0.384615384615385,0.111111111111111,5.53846153846154,0.432692307692308
"4154",0.8,0.394830744899455,0.666666666666667,0.843406593406593,0.571428571428571,0.923076923076923,0.428571428571429,0.0769230769230769,7.42857142857143,0.464285714285714
"4155",0.85,0.367199431971468,0.75,0.92022792022792,0.692307692307692,0.925925925925926,0.307692307692308,0.0740740740740741,9.34615384615385,0.332307692307692
"4156",0.9,0.331542002909771,0.75,0.90234375,0.75,0.9375,0.25,0.0625,12,0.266666666666667
"4157",0.775,0.425682336586228,0.608695652173913,0.865333333333333,0.466666666666667,0.96,0.533333333333333,0.04,11.6666666666667,0.555555555555556
"4158",0.825,0.30459548523512,0.666666666666667,0.943333333333333,0.7,0.866666666666667,0.3,0.133333333333333,5.25,0.346153846153846
"4159",0.875,0.359770148424222,0.782608695652174,0.949175824175824,0.642857142857143,1,0.357142857142857,0,Inf,0.357142857142857
"4160",0.85,0.311525006800302,0.571428571428571,0.88961038961039,0.571428571428571,0.909090909090909,0.428571428571429,0.0909090909090909,6.28571428571428,0.471428571428571
"4161",0.775,0.409636429364499,0.689655172413793,0.854166666666667,0.625,0.875,0.375,0.125,5,0.428571428571429
"4162",0.775,0.388507881243465,0.526315789473684,0.77115987460815,0.454545454545455,0.896551724137931,0.545454545454545,0.103448275862069,4.39393939393939,0.608391608391608
"4163",0.725,0.387110525636866,0.352941176470588,0.75390625,0.375,0.8125,0.625,0.1875,2,0.769230769230769
"4164",0.75,0.379918934455142,0.5,0.775,0.5,0.833333333333333,0.5,0.166666666666667,3,0.6
"4165",0.825,0.371647639573911,0.666666666666667,0.835423197492163,0.636363636363636,0.896551724137931,0.363636363636364,0.103448275862069,6.15151515151515,0.405594405594406
"4166",0.75,0.396939379947957,0.666666666666667,0.822802197802198,0.714285714285714,0.769230769230769,0.285714285714286,0.230769230769231,3.0952380952381,0.371428571428571
"4167",0.775,0.357852385027499,0.571428571428571,0.793103448275862,0.545454545454545,0.862068965517241,0.454545454545455,0.137931034482759,3.95454545454545,0.527272727272727
"4168",0.825,0.360121850555825,0.666666666666667,0.836666666666667,0.7,0.866666666666667,0.3,0.133333333333333,5.25,0.346153846153846
"4169",0.775,0.38214463956868,0.526315789473684,0.795,0.5,0.866666666666667,0.5,0.133333333333333,3.75,0.576923076923077
"4170",0.825,0.367516082863304,0.588235294117647,0.890681003584229,0.555555555555556,0.903225806451613,0.444444444444444,0.0967741935483871,5.74074074074074,0.492063492063492
"4171",0.85,0.315160960533204,0.7,0.92578125,0.875,0.84375,0.125,0.15625,5.6,0.148148148148148
"4172",0.775,0.395169445166502,0.608695652173913,0.892857142857143,0.5,0.923076923076923,0.5,0.0769230769230769,6.5,0.541666666666667
"4173",0.85,0.356536653907334,0.75,0.883928571428571,0.75,0.892857142857143,0.25,0.107142857142857,7,0.28
"4174",0.8,0.359889689392915,0.636363636363636,0.9,0.7,0.833333333333333,0.3,0.166666666666667,4.2,0.36
"4175",0.925,0.23274339122348,0.8,0.984848484848485,0.857142857142857,0.939393939393939,0.142857142857143,0.0606060606060606,14.1428571428572,0.152073732718894
"4176",0.8,0.378667304238313,0.6,0.84012539184953,0.545454545454545,0.896551724137931,0.454545454545455,0.103448275862069,5.27272727272727,0.506993006993007
"4177",0.875,0.294977241499592,0.782608695652174,0.95,0.9,0.866666666666667,0.1,0.133333333333333,6.75,0.115384615384615
"4178",0.75,0.410777415564428,0.545454545454545,0.695924764890282,0.545454545454545,0.827586206896552,0.454545454545455,0.172413793103448,3.16363636363636,0.549242424242424
"4179",0.75,0.403854952569954,0.375,0.783699059561129,0.272727272727273,0.931034482758621,0.727272727272727,0.0689655172413793,3.95454545454545,0.781144781144781
"4180",0.9,0.289425530314849,0.666666666666667,0.945714285714286,0.8,0.914285714285714,0.2,0.0857142857142857,9.33333333333333,0.21875
"4181",0.875,0.298800014764704,0.736842105263158,0.8584229390681,0.777777777777778,0.903225806451613,0.222222222222222,0.0967741935483871,8.03703703703703,0.246031746031746
"4182",0.825,0.350724720971238,0.740740740740741,0.911680911680912,0.769230769230769,0.851851851851852,0.230769230769231,0.148148148148148,5.19230769230769,0.270903010033445
"4183",0.725,0.436923963771844,0.56,0.84765625,0.4375,0.916666666666667,0.5625,0.0833333333333334,5.25,0.613636363636364
"4184",0.8,0.341240409154461,0.692307692307692,0.95,0.9,0.766666666666667,0.1,0.233333333333333,3.85714285714286,0.130434782608696
"4185",0.775,0.33287409176504,0.526315789473684,0.884765625,0.625,0.8125,0.375,0.1875,3.33333333333333,0.461538461538462
"4186",0.75,0.392937915675537,0.666666666666667,0.833791208791209,0.714285714285714,0.769230769230769,0.285714285714286,0.230769230769231,3.0952380952381,0.371428571428571
"4187",0.75,0.406525208204525,0.545454545454545,0.785266457680251,0.545454545454545,0.827586206896552,0.454545454545455,0.172413793103448,3.16363636363636,0.549242424242424
"4188",0.775,0.415595827305793,0.727272727272727,0.823529411764706,0.705882352941177,0.826086956521739,0.294117647058823,0.173913043478261,4.05882352941177,0.356037151702786
"4189",0.9,0.355425875286245,0.846153846153846,0.917333333333333,0.733333333333333,1,0.266666666666667,0,Inf,0.266666666666667
"4190",0.775,0.3578307641411,0.470588235294118,0.788530465949821,0.444444444444444,0.870967741935484,0.555555555555556,0.129032258064516,3.44444444444444,0.637860082304527
"4191",0.825,0.3976005625142,0.695652173913043,0.863247863247863,0.615384615384615,0.925925925925926,0.384615384615385,0.0740740740740741,8.30769230769231,0.415384615384615
"4192",0.75,0.40901168423196,0.444444444444444,0.747311827956989,0.444444444444444,0.838709677419355,0.555555555555556,0.161290322580645,2.75555555555556,0.662393162393162
"4193",0.775,0.3962782413027,0.64,0.896,0.533333333333333,0.92,0.466666666666667,0.08,6.66666666666667,0.507246376811594
"4194",0.9,0.325197459952314,0.75,0.835,0.6,1,0.4,0,Inf,0.4
"4195",0.775,0.304934307969079,0.666666666666667,0.923333333333333,0.9,0.733333333333333,0.1,0.266666666666667,3.375,0.136363636363636
"4196",0.775,0.355972022117885,0.608695652173913,0.85423197492163,0.636363636363636,0.827586206896552,0.363636363636364,0.172413793103448,3.69090909090909,0.439393939393939
"4197",0.725,0.425484897507994,0.476190476190476,0.811813186813187,0.357142857142857,0.923076923076923,0.642857142857143,0.0769230769230769,4.64285714285715,0.696428571428571
"4198",0.85,0.345261341961082,0.666666666666667,0.851254480286738,0.666666666666667,0.903225806451613,0.333333333333333,0.0967741935483871,6.88888888888889,0.369047619047619
"4199",0.825,0.394133578011169,0.695652173913043,0.861607142857143,0.666666666666667,0.892857142857143,0.333333333333333,0.107142857142857,6.22222222222222,0.373333333333333
"4200",0.75,0.402349578998496,0.5,0.752351097178683,0.454545454545455,0.862068965517241,0.545454545454545,0.137931034482759,3.29545454545454,0.632727272727273
"4201",0.8,0.38506251591976,0.636363636363636,0.855654761904762,0.583333333333333,0.892857142857143,0.416666666666667,0.107142857142857,5.44444444444445,0.466666666666667
"4202",0.85,0.371985412780849,0.785714285714286,0.894666666666667,0.733333333333333,0.92,0.266666666666667,0.08,9.16666666666667,0.289855072463768
"4203",0.8,0.389059870462532,0.764705882352941,0.879795396419437,0.764705882352941,0.826086956521739,0.235294117647059,0.173913043478261,4.39705882352941,0.284829721362229
"4204",0.9,0.278638369096106,0.8,0.953405017921147,0.888888888888889,0.903225806451613,0.111111111111111,0.0967741935483871,9.18518518518518,0.123015873015873
"4205",0.8,0.381166726575643,0.5,0.831666666666667,0.4,0.933333333333333,0.6,0.0666666666666667,6,0.642857142857143
"4206",0.825,0.393065621025678,0.631578947368421,0.836309523809524,0.5,0.964285714285714,0.5,0.0357142857142857,14,0.518518518518518
"4207",0.875,0.361694910553616,0.761904761904762,0.880952380952381,0.666666666666667,0.964285714285714,0.333333333333333,0.0357142857142857,18.6666666666667,0.345679012345679
"4208",0.85,0.314610108004427,0.666666666666667,0.861328125,0.75,0.875,0.25,0.125,6,0.285714285714286
"4209",0.8,0.418823087193088,0.6,0.717261904761905,0.5,0.928571428571429,0.5,0.0714285714285714,7,0.538461538461538
"4210",0.775,0.394633557287692,0.64,0.869505494505495,0.571428571428571,0.884615384615385,0.428571428571429,0.115384615384615,4.95238095238095,0.484472049689441
"4211",0.8,0.317549637979962,0.555555555555556,0.75390625,0.625,0.84375,0.375,0.15625,4,0.444444444444444
"4212",0.825,0.375244306225395,0.758620689655172,0.864,0.733333333333333,0.88,0.266666666666667,0.12,6.11111111111111,0.303030303030303
"4213",0.8,0.385960230078874,0.6,0.772727272727273,0.545454545454545,0.896551724137931,0.454545454545455,0.103448275862069,5.27272727272727,0.506993006993007
"4214",0.75,0.407499866771896,0.615384615384615,0.865384615384615,0.571428571428571,0.846153846153846,0.428571428571429,0.153846153846154,3.71428571428571,0.506493506493507
"4215",0.65,0.47750261062656,0.5,0.764322916666667,0.4375,0.791666666666667,0.5625,0.208333333333333,2.1,0.710526315789474
"4216",0.75,0.412713947253597,0.5,0.761755485893417,0.454545454545455,0.862068965517241,0.545454545454545,0.137931034482759,3.29545454545454,0.632727272727273
"4217",0.85,0.32350274813655,0.7,0.91692789968652,0.636363636363636,0.931034482758621,0.363636363636364,0.0689655172413793,9.22727272727272,0.390572390572391
"4218",0.825,0.364589130442685,0.695652173913043,0.793154761904762,0.666666666666667,0.892857142857143,0.333333333333333,0.107142857142857,6.22222222222222,0.373333333333333
"4219",0.775,0.404905691007855,0.526315789473684,0.788530465949821,0.555555555555556,0.838709677419355,0.444444444444444,0.161290322580645,3.44444444444445,0.52991452991453
"4220",0.825,0.354712216956154,0.631578947368421,0.804659498207885,0.666666666666667,0.870967741935484,0.333333333333333,0.129032258064516,5.16666666666667,0.382716049382716
"4221",0.775,0.363501761341623,0.526315789473684,0.823333333333333,0.5,0.866666666666667,0.5,0.133333333333333,3.75,0.576923076923077
"4222",0.825,0.342196066098155,0.588235294117647,0.8828125,0.625,0.875,0.375,0.125,5,0.428571428571429
"4223",0.825,0.372903250256011,0.695652173913043,0.886039886039886,0.615384615384615,0.925925925925926,0.384615384615385,0.0740740740740741,8.30769230769231,0.415384615384615
"4224",0.85,0.312588363696663,0.571428571428571,0.777056277056277,0.571428571428571,0.909090909090909,0.428571428571429,0.0909090909090909,6.28571428571428,0.471428571428571
"4225",0.825,0.313957263862843,0.695652173913043,0.88871473354232,0.727272727272727,0.862068965517241,0.272727272727273,0.137931034482759,5.27272727272727,0.316363636363636
"4226",0.825,0.374947906680537,0.72,0.891483516483516,0.642857142857143,0.923076923076923,0.357142857142857,0.0769230769230769,8.35714285714286,0.386904761904762
"4227",0.75,0.449743452855167,0.583333333333333,0.712912087912088,0.5,0.884615384615385,0.5,0.115384615384615,4.33333333333333,0.565217391304348
"4228",0.8,0.358868467037124,0.555555555555556,0.901433691756272,0.555555555555556,0.870967741935484,0.444444444444444,0.129032258064516,4.30555555555556,0.510288065843621
"4229",0.725,0.463546776462403,0.56,0.773333333333333,0.466666666666667,0.88,0.533333333333333,0.12,3.88888888888889,0.606060606060606
"4230",0.725,0.469157896759863,0.476190476190476,0.730654761904762,0.416666666666667,0.857142857142857,0.583333333333333,0.142857142857143,2.91666666666667,0.680555555555555
"4231",0.725,0.367839227515106,0.521739130434783,0.85,0.6,0.766666666666667,0.4,0.233333333333333,2.57142857142857,0.521739130434783
"4232",0.75,0.427816235698698,0.375,0.725,0.3,0.9,0.7,0.1,3,0.777777777777778
"4233",0.75,0.418145835805538,0.285714285714286,0.835423197492163,0.181818181818182,0.96551724137931,0.818181818181818,0.0344827586206896,5.27272727272728,0.847402597402597
"4234",0.875,0.340073502461198,0.736842105263158,0.95141065830721,0.636363636363636,0.96551724137931,0.363636363636364,0.0344827586206896,18.4545454545455,0.376623376623377
"4235",0.875,0.268414524241103,0.8,0.976666666666667,1,0.833333333333333,0,0.166666666666667,6,0
"4236",0.85,0.308113367504117,0.666666666666667,0.912109375,0.75,0.875,0.25,0.125,6,0.285714285714286
"4237",0.825,0.320547110532103,0.631578947368421,0.885304659498208,0.666666666666667,0.870967741935484,0.333333333333333,0.129032258064516,5.16666666666667,0.382716049382716
"4238",0.675,0.469122391666504,0.48,0.708333333333333,0.5,0.75,0.5,0.25,2,0.666666666666667
"4239",0.825,0.380610158182686,0.631578947368421,0.852678571428571,0.5,0.964285714285714,0.5,0.0357142857142857,14,0.518518518518518
"4240",0.775,0.366897429538596,0.608695652173913,0.847670250896057,0.777777777777778,0.774193548387097,0.222222222222222,0.225806451612903,3.44444444444444,0.287037037037037
"4241",0.825,0.393749732040136,0.695652173913043,0.858974358974359,0.615384615384615,0.925925925925926,0.384615384615385,0.0740740740740741,8.30769230769231,0.415384615384615
"4242",0.8,0.381728214399746,0.6,0.844827586206897,0.545454545454545,0.896551724137931,0.454545454545455,0.103448275862069,5.27272727272727,0.506993006993007
"4243",0.75,0.405334626882384,0.642857142857143,0.859375,0.5625,0.875,0.4375,0.125,4.5,0.5
"4244",0.775,0.356968430328985,0.64,0.813988095238095,0.666666666666667,0.821428571428571,0.333333333333333,0.178571428571429,3.73333333333333,0.405797101449275
"4245",0.75,0.444416768535538,0.583333333333333,0.777333333333333,0.466666666666667,0.92,0.533333333333333,0.08,5.83333333333334,0.579710144927536
"4246",0.85,0.369676686670961,0.625,0.743727598566308,0.555555555555556,0.935483870967742,0.444444444444444,0.0645161290322581,8.6111111111111,0.475095785440613
"4247",0.775,0.406601976057168,0.526315789473684,0.758620689655172,0.454545454545455,0.896551724137931,0.545454545454545,0.103448275862069,4.39393939393939,0.608391608391608
"4248",0.75,0.416252610784914,0.5,0.74910394265233,0.555555555555556,0.806451612903226,0.444444444444444,0.193548387096774,2.87037037037037,0.551111111111111
"4249",0.775,0.403895020078193,0.64,0.815,0.8,0.766666666666667,0.2,0.233333333333333,3.42857142857143,0.260869565217391
"4250",0.825,0.341274548412228,0.588235294117647,0.926666666666667,0.5,0.933333333333333,0.5,0.0666666666666667,7.5,0.535714285714286
"4251",0.75,0.417337687638645,0.583333333333333,0.799107142857143,0.583333333333333,0.821428571428571,0.416666666666667,0.178571428571429,3.26666666666667,0.507246376811594
"4252",0.8,0.38716203239195,0.636363636363636,0.837912087912088,0.5,0.961538461538462,0.5,0.0384615384615384,13,0.52
"4253",0.75,0.390959206678933,0.5,0.783154121863799,0.555555555555556,0.806451612903226,0.444444444444444,0.193548387096774,2.87037037037037,0.551111111111111
"4254",0.775,0.367886767811279,0.470588235294118,0.759765625,0.5,0.84375,0.5,0.15625,3.2,0.592592592592593
"4255",0.725,0.373531667122825,0.56,0.849609375,0.875,0.6875,0.125,0.3125,2.8,0.181818181818182
"4256",0.75,0.33959466206485,0.5,0.831541218637993,0.555555555555556,0.806451612903226,0.444444444444444,0.193548387096774,2.87037037037037,0.551111111111111
"4257",0.8,0.39620006746302,0.555555555555556,0.724014336917563,0.555555555555556,0.870967741935484,0.444444444444444,0.129032258064516,4.30555555555556,0.510288065843621
"4258",0.9,0.305552253266746,0.8,0.912225705329154,0.727272727272727,0.96551724137931,0.272727272727273,0.0344827586206896,21.0909090909091,0.282467532467532
"4259",0.85,0.34373711174928,0.7,0.92,0.7,0.9,0.3,0.1,7,0.333333333333333
"4260",0.775,0.416978780829988,0.64,0.793956043956044,0.571428571428571,0.884615384615385,0.428571428571429,0.115384615384615,4.95238095238095,0.484472049689441
"4261",0.825,0.349171682454335,0.666666666666667,0.882445141065831,0.636363636363636,0.896551724137931,0.363636363636364,0.103448275862069,6.15151515151515,0.405594405594406
"4262",0.7,0.406817191905015,0.454545454545455,0.76,0.5,0.766666666666667,0.5,0.233333333333333,2.14285714285714,0.652173913043478
"4263",0.875,0.293225123743015,0.736842105263158,0.935546875,0.875,0.875,0.125,0.125,7,0.142857142857143
"4264",0.75,0.389805995086621,0.444444444444444,0.726666666666667,0.4,0.866666666666667,0.6,0.133333333333333,3,0.692307692307692
"4265",0.75,0.436794957790073,0.545454545454545,0.773504273504274,0.461538461538462,0.888888888888889,0.538461538461538,0.111111111111111,4.15384615384615,0.605769230769231
"4266",0.825,0.336703231769058,0.533333333333333,0.815412186379928,0.444444444444444,0.935483870967742,0.555555555555556,0.0645161290322581,6.88888888888888,0.593869731800766
"4267",0.825,0.288306069152588,0.533333333333333,0.915584415584416,0.571428571428571,0.878787878787879,0.428571428571429,0.121212121212121,4.71428571428571,0.487684729064039
"4268",0.8,0.369437813983237,0.692307692307692,0.84375,0.75,0.821428571428571,0.25,0.178571428571429,4.2,0.304347826086957
"4269",0.725,0.390321055229831,0.592592592592593,0.805059523809524,0.666666666666667,0.75,0.333333333333333,0.25,2.66666666666667,0.444444444444444
"4270",0.8,0.406099981681903,0.6,0.833333333333333,0.5,0.928571428571429,0.5,0.0714285714285714,7,0.538461538461538
"4271",0.85,0.346690769389227,0.7,0.79,0.7,0.9,0.3,0.1,7,0.333333333333333
"4272",0.825,0.370033256541479,0.666666666666667,0.878917378917379,0.538461538461538,0.962962962962963,0.461538461538462,0.0370370370370371,14.5384615384615,0.479289940828402
"4273",0.85,0.382449738187263,0.785714285714286,0.90537084398977,0.647058823529412,1,0.352941176470588,0,Inf,0.352941176470588
"4274",0.8,0.379145915717863,0.6,0.841666666666667,0.6,0.866666666666667,0.4,0.133333333333333,4.5,0.461538461538462
"4275",0.8,0.377877626701489,0.555555555555556,0.877742946708464,0.454545454545455,0.931034482758621,0.545454545454545,0.0689655172413793,6.59090909090909,0.585858585858586
"4276",0.85,0.299015432149303,0.571428571428571,0.844155844155844,0.571428571428571,0.909090909090909,0.428571428571429,0.0909090909090909,6.28571428571428,0.471428571428571
"4277",0.825,0.377075274018056,0.695652173913043,0.907407407407407,0.615384615384615,0.925925925925926,0.384615384615385,0.0740740740740741,8.30769230769231,0.415384615384615
"4278",0.775,0.418582120855403,0.571428571428571,0.793103448275862,0.545454545454545,0.862068965517241,0.454545454545455,0.137931034482759,3.95454545454545,0.527272727272727
"4279",0.825,0.359220834137703,0.666666666666667,0.822916666666667,0.583333333333333,0.928571428571429,0.416666666666667,0.0714285714285714,8.16666666666667,0.448717948717949
"4280",0.75,0.400403894643939,0.642857142857143,0.846153846153846,0.642857142857143,0.807692307692308,0.357142857142857,0.192307692307692,3.34285714285714,0.442176870748299
"4281",0.775,0.389991657988601,0.689655172413793,0.84375,0.833333333333333,0.75,0.166666666666667,0.25,3.33333333333333,0.222222222222222
"4282",0.8,0.363312318128379,0.5,0.802867383512545,0.444444444444444,0.903225806451613,0.555555555555556,0.0967741935483871,4.59259259259259,0.615079365079365
"4283",0.7,0.434651730961291,0.5,0.747311827956989,0.666666666666667,0.709677419354839,0.333333333333333,0.290322580645161,2.2962962962963,0.46969696969697
"4284",0.85,0.395011941552558,0.7,0.827635327635328,0.538461538461538,1,0.461538461538462,0,Inf,0.461538461538462
"4285",0.875,0.337401902163831,0.761904761904762,0.857366771159875,0.727272727272727,0.931034482758621,0.272727272727273,0.0689655172413793,10.5454545454545,0.292929292929293
"4286",0.825,0.397897748768656,0.695652173913043,0.894586894586895,0.615384615384615,0.925925925925926,0.384615384615385,0.0740740740740741,8.30769230769231,0.415384615384615
"4287",0.8,0.334445365102373,0.636363636363636,0.918495297805643,0.636363636363636,0.862068965517241,0.363636363636364,0.137931034482759,4.61363636363636,0.421818181818182
"4288",0.825,0.371990828740648,0.695652173913043,0.818333333333333,0.8,0.833333333333333,0.2,0.166666666666667,4.8,0.24
"4289",0.85,0.307594089309371,0.666666666666667,0.865800865800866,0.857142857142857,0.848484848484849,0.142857142857143,0.151515151515151,5.65714285714286,0.168367346938776
"4290",0.75,0.431041225953283,0.615384615384615,0.86328125,0.5,0.916666666666667,0.5,0.0833333333333334,6,0.545454545454546
"4291",0.8,0.367479870055954,0.692307692307692,0.829059829059829,0.692307692307692,0.851851851851852,0.307692307692308,0.148148148148148,4.67307692307692,0.361204013377926
"4292",0.9,0.314700486427791,0.818181818181818,0.932601880877743,0.818181818181818,0.931034482758621,0.181818181818182,0.0689655172413793,11.8636363636364,0.195286195286195
"4293",0.85,0.308926013061007,0.75,0.896666666666667,0.9,0.833333333333333,0.1,0.166666666666667,5.4,0.12
"4294",0.9,0.319475617200263,0.75,0.838709677419355,0.666666666666667,0.967741935483871,0.333333333333333,0.032258064516129,20.6666666666667,0.344444444444444
"4295",0.8,0.349546515172907,0.428571428571429,0.785714285714286,0.428571428571429,0.878787878787879,0.571428571428571,0.121212121212121,3.53571428571429,0.650246305418719
"4296",0.875,0.322798917370671,0.736842105263158,0.91692789968652,0.636363636363636,0.96551724137931,0.363636363636364,0.0344827586206896,18.4545454545455,0.376623376623377
"4297",0.9,0.307516606194166,0.777777777777778,0.897849462365591,0.777777777777778,0.935483870967742,0.222222222222222,0.0645161290322581,12.0555555555555,0.237547892720307
"4298",0.825,0.348626509640303,0.631578947368421,0.89247311827957,0.666666666666667,0.870967741935484,0.333333333333333,0.129032258064516,5.16666666666667,0.382716049382716
"4299",0.7,0.427471719766637,0.5,0.760989010989011,0.428571428571429,0.846153846153846,0.571428571428571,0.153846153846154,2.78571428571429,0.675324675324675
"4300",0.8,0.36003900065289,0.6,0.857366771159875,0.545454545454545,0.896551724137931,0.454545454545455,0.103448275862069,5.27272727272727,0.506993006993007
"4301",0.775,0.360125722949281,0.571428571428571,0.853333333333333,0.6,0.833333333333333,0.4,0.166666666666667,3.6,0.48
"4302",0.8,0.344537846860527,0.692307692307692,0.888392857142857,0.75,0.821428571428571,0.25,0.178571428571429,4.2,0.304347826086957
"4303",0.725,0.384411578219801,0.476190476190476,0.782131661442006,0.454545454545455,0.827586206896552,0.545454545454545,0.172413793103448,2.63636363636364,0.659090909090909
"4304",0.775,0.360423273620814,0.666666666666667,0.885579937304075,0.818181818181818,0.758620689655172,0.181818181818182,0.241379310344828,3.38961038961039,0.239669421487603
"4305",0.925,0.29124778544824,0.823529411764706,0.960573476702509,0.777777777777778,0.967741935483871,0.222222222222222,0.032258064516129,24.1111111111111,0.22962962962963
"4306",0.75,0.442695702598983,0.545454545454545,0.787749287749288,0.461538461538462,0.888888888888889,0.538461538461538,0.111111111111111,4.15384615384615,0.605769230769231
"4307",0.825,0.362995694420958,0.631578947368421,0.7890625,0.75,0.84375,0.25,0.15625,4.8,0.296296296296296
"4308",0.825,0.332069082350854,0.666666666666667,0.910394265232975,0.777777777777778,0.838709677419355,0.222222222222222,0.161290322580645,4.82222222222222,0.264957264957265
"4309",0.85,0.371511460093475,0.727272727272727,0.804075235109718,0.727272727272727,0.896551724137931,0.272727272727273,0.103448275862069,7.03030303030303,0.304195804195804
"4310",0.75,0.417781758270131,0.545454545454545,0.810344827586207,0.545454545454545,0.827586206896552,0.454545454545455,0.172413793103448,3.16363636363636,0.549242424242424
"4311",0.8,0.364721394994135,0.636363636363636,0.843260188087774,0.636363636363636,0.862068965517241,0.363636363636364,0.137931034482759,4.61363636363636,0.421818181818182
"4312",0.775,0.378371855100025,0.470588235294118,0.797491039426523,0.444444444444444,0.870967741935484,0.555555555555556,0.129032258064516,3.44444444444444,0.637860082304527
"4313",0.8,0.386494589402979,0.555555555555556,0.847962382445141,0.454545454545455,0.931034482758621,0.545454545454545,0.0689655172413793,6.59090909090909,0.585858585858586
"4314",0.875,0.325246629257324,0.827586206896552,0.887464387464387,0.923076923076923,0.851851851851852,0.0769230769230769,0.148148148148148,6.23076923076923,0.0903010033444815
"4315",0.775,0.407162977596821,0.689655172413793,0.856125356125356,0.769230769230769,0.777777777777778,0.230769230769231,0.222222222222222,3.46153846153846,0.296703296703297
"4316",0.85,0.302552913439863,0.7,0.940860215053763,0.777777777777778,0.870967741935484,0.222222222222222,0.129032258064516,6.02777777777778,0.255144032921811
"4317",0.775,0.391620565541161,0.608695652173913,0.790598290598291,0.538461538461538,0.888888888888889,0.461538461538462,0.111111111111111,4.84615384615384,0.519230769230769
"4318",0.775,0.414641163949418,0.571428571428571,0.77827380952381,0.5,0.892857142857143,0.5,0.107142857142857,4.66666666666667,0.56
"4319",0.825,0.403258649080404,0.695652173913043,0.815934065934066,0.571428571428571,0.961538461538462,0.428571428571429,0.0384615384615384,14.8571428571429,0.445714285714286
"4320",0.825,0.320100696547938,0.72,0.924764890282132,0.818181818181818,0.827586206896552,0.181818181818182,0.172413793103448,4.74545454545455,0.21969696969697
"4321",0.825,0.316380313946561,0.631578947368421,0.899641577060932,0.666666666666667,0.870967741935484,0.333333333333333,0.129032258064516,5.16666666666667,0.382716049382716
"4322",0.825,0.33719814489261,0.695652173913043,0.871473354231975,0.727272727272727,0.862068965517241,0.272727272727273,0.137931034482759,5.27272727272727,0.316363636363636
"4323",0.825,0.384100102648825,0.588235294117647,0.887147335423197,0.454545454545455,0.96551724137931,0.545454545454545,0.0344827586206896,13.1818181818182,0.564935064935065
"4324",0.8,0.381213106878405,0.6,0.77115987460815,0.545454545454545,0.896551724137931,0.454545454545455,0.103448275862069,5.27272727272727,0.506993006993007
"4325",0.75,0.40507969202071,0.615384615384615,0.793154761904762,0.666666666666667,0.785714285714286,0.333333333333333,0.214285714285714,3.11111111111111,0.424242424242424
"4326",0.85,0.362143800458064,0.75,0.876488095238095,0.75,0.892857142857143,0.25,0.107142857142857,7,0.28
"4327",0.85,0.345979845745875,0.7,0.885304659498208,0.777777777777778,0.870967741935484,0.222222222222222,0.129032258064516,6.02777777777778,0.255144032921811
"4328",0.775,0.410175461268293,0.4,0.651515151515151,0.428571428571429,0.848484848484849,0.571428571428571,0.151515151515151,2.82857142857143,0.673469387755102
"4329",0.85,0.394828310092815,0.7,0.818452380952381,0.583333333333333,0.964285714285714,0.416666666666667,0.0357142857142857,16.3333333333333,0.432098765432099
"4330",0.8,0.374695277233088,0.6,0.819940476190476,0.5,0.928571428571429,0.5,0.0714285714285714,7,0.538461538461538
"4331",0.8,0.350537141409664,0.692307692307692,0.88871473354232,0.818181818181818,0.793103448275862,0.181818181818182,0.206896551724138,3.95454545454546,0.229249011857707
"4332",0.9,0.294198371024964,0.833333333333333,0.910714285714286,0.833333333333333,0.928571428571429,0.166666666666667,0.0714285714285714,11.6666666666667,0.179487179487179
"4333",0.775,0.402509049748639,0.666666666666667,0.840659340659341,0.642857142857143,0.846153846153846,0.357142857142857,0.153846153846154,4.17857142857143,0.422077922077922
"4334",0.725,0.396004566952296,0.476190476190476,0.753333333333333,0.5,0.8,0.5,0.2,2.5,0.625
"4335",0.85,0.407120354221588,0.769230769230769,0.875,0.625,1,0.375,0,Inf,0.375
"4336",0.875,0.322587456046448,0.782608695652174,0.962962962962963,0.692307692307692,0.962962962962963,0.307692307692308,0.0370370370370371,18.6923076923077,0.319526627218935
"4337",0.85,0.338892031251663,0.7,0.863095238095238,0.583333333333333,0.964285714285714,0.416666666666667,0.0357142857142857,16.3333333333333,0.432098765432099
"4338",0.85,0.306724782496426,0.7,0.82,0.7,0.9,0.3,0.1,7,0.333333333333333
"4339",0.85,0.343795912266599,0.625,0.778333333333333,0.5,0.966666666666667,0.5,0.0333333333333333,15,0.517241379310345
"4340",0.8,0.350450198759541,0.666666666666667,0.892857142857143,0.666666666666667,0.857142857142857,0.333333333333333,0.142857142857143,4.66666666666667,0.388888888888889
"4341",0.825,0.389401159562692,0.631578947368421,0.813988095238095,0.5,0.964285714285714,0.5,0.0357142857142857,14,0.518518518518518
"4342",0.775,0.391050440972722,0.64,0.894230769230769,0.571428571428571,0.884615384615385,0.428571428571429,0.115384615384615,4.95238095238095,0.484472049689441
"4343",0.875,0.260855741816599,0.782608695652174,0.973333333333333,0.9,0.866666666666667,0.1,0.133333333333333,6.75,0.115384615384615
"4344",0.825,0.382895664370608,0.740740740740741,0.836538461538461,0.714285714285714,0.884615384615385,0.285714285714286,0.115384615384615,6.19047619047619,0.322981366459627
"4345",0.7,0.431518973865093,0.454545454545455,0.78125,0.416666666666667,0.821428571428571,0.583333333333333,0.178571428571429,2.33333333333333,0.710144927536232
"4346",0.85,0.360450577669091,0.75,0.887464387464387,0.692307692307692,0.925925925925926,0.307692307692308,0.0740740740740741,9.34615384615385,0.332307692307692
"4347",0.8,0.391940874056814,0.6,0.802507836990596,0.545454545454545,0.896551724137931,0.454545454545455,0.103448275862069,5.27272727272727,0.506993006993007
"4348",0.775,0.367423019727535,0.526315789473684,0.681640625,0.625,0.8125,0.375,0.1875,3.33333333333333,0.461538461538462
"4349",0.75,0.380064625707922,0.545454545454545,0.815047021943574,0.545454545454545,0.827586206896552,0.454545454545455,0.172413793103448,3.16363636363636,0.549242424242424
"4350",0.9,0.283039099966839,0.777777777777778,0.915770609318996,0.777777777777778,0.935483870967742,0.222222222222222,0.0645161290322581,12.0555555555555,0.237547892720307
"4351",0.75,0.369235709300808,0.583333333333333,0.884012539184953,0.636363636363636,0.793103448275862,0.363636363636364,0.206896551724138,3.07575757575758,0.458498023715415
"4352",0.8,0.322013216126879,0.666666666666667,0.870535714285714,0.666666666666667,0.857142857142857,0.333333333333333,0.142857142857143,4.66666666666667,0.388888888888889
"4353",0.8,0.374162528680011,0.666666666666667,0.82601880877743,0.727272727272727,0.827586206896552,0.272727272727273,0.172413793103448,4.21818181818182,0.329545454545455
"4354",0.9,0.312328235590322,0.818181818181818,0.948275862068966,0.818181818181818,0.931034482758621,0.181818181818182,0.0689655172413793,11.8636363636364,0.195286195286195
"4355",0.775,0.387545126350958,0.666666666666667,0.840455840455841,0.692307692307692,0.814814814814815,0.307692307692308,0.185185185185185,3.73846153846154,0.377622377622378
"4356",0.75,0.390632712973495,0.444444444444444,0.713333333333333,0.4,0.866666666666667,0.6,0.133333333333333,3,0.692307692307692
"4357",0.825,0.388800700341054,0.631578947368421,0.883190883190883,0.461538461538462,1,0.538461538461538,0,Inf,0.538461538461538
"4358",0.8,0.356948269584101,0.6,0.795,0.6,0.866666666666667,0.4,0.133333333333333,4.5,0.461538461538462
"4359",0.825,0.359219746866389,0.588235294117647,0.794921875,0.625,0.875,0.375,0.125,5,0.428571428571429
"4360",0.9,0.33413553313052,0.818181818181818,0.836309523809524,0.75,0.964285714285714,0.25,0.0357142857142857,21,0.259259259259259
"4361",0.8,0.362962953367093,0.666666666666667,0.807210031347962,0.727272727272727,0.827586206896552,0.272727272727273,0.172413793103448,4.21818181818182,0.329545454545455
"4362",0.8,0.303404644375853,0.692307692307692,0.96415770609319,1,0.741935483870968,0,0.258064516129032,3.875,0
"4363",0.85,0.337549539966698,0.7,0.903333333333333,0.7,0.9,0.3,0.1,7,0.333333333333333
"4364",0.775,0.428869818798535,0.571428571428571,0.771978021978022,0.428571428571429,0.961538461538462,0.571428571428571,0.0384615384615384,11.1428571428571,0.594285714285714
"4365",0.825,0.32885917221842,0.740740740740741,0.881868131868132,0.714285714285714,0.884615384615385,0.285714285714286,0.115384615384615,6.19047619047619,0.322981366459627
"4366",0.775,0.357663333059919,0.526315789473684,0.866666666666667,0.5,0.866666666666667,0.5,0.133333333333333,3.75,0.576923076923077
"4367",0.85,0.324637121499935,0.666666666666667,0.856666666666667,0.6,0.933333333333333,0.4,0.0666666666666667,9,0.428571428571429
"4368",0.85,0.371776765732854,0.727272727272727,0.919642857142857,0.666666666666667,0.928571428571429,0.333333333333333,0.0714285714285714,9.33333333333334,0.358974358974359
"4369",0.875,0.33649144990927,0.814814814814815,0.907967032967033,0.785714285714286,0.923076923076923,0.214285714285714,0.0769230769230769,10.2142857142857,0.232142857142857
"4370",0.8,0.383547221886062,0.428571428571429,0.859375,0.375,0.90625,0.625,0.09375,4,0.689655172413793
"4371",0.8,0.349617725466336,0.6,0.835,0.6,0.866666666666667,0.4,0.133333333333333,4.5,0.461538461538462
"4372",0.75,0.367682581686252,0.5,0.831666666666667,0.5,0.833333333333333,0.5,0.166666666666667,3,0.6
"4373",0.725,0.414087843564353,0.521739130434783,0.802507836990596,0.545454545454545,0.793103448275862,0.454545454545455,0.206896551724138,2.63636363636364,0.573122529644269
"4374",0.875,0.334554390289263,0.782608695652174,0.90922619047619,0.75,0.928571428571429,0.25,0.0714285714285714,10.5,0.269230769230769
"4375",0.725,0.420999767579754,0.476190476190476,0.814453125,0.625,0.75,0.375,0.25,2.5,0.5
"4376",0.8,0.421589161547365,0.692307692307692,0.847527472527473,0.642857142857143,0.884615384615385,0.357142857142857,0.115384615384615,5.57142857142857,0.403726708074534
"4377",0.925,0.270701506588731,0.842105263157895,0.96415770609319,0.888888888888889,0.935483870967742,0.111111111111111,0.0645161290322581,13.7777777777778,0.118773946360153
"4378",0.825,0.385246331727128,0.695652173913043,0.862637362637363,0.571428571428571,0.961538461538462,0.428571428571429,0.0384615384615384,14.8571428571429,0.445714285714286
"4379",0.8,0.347695479291421,0.714285714285714,0.868945868945869,0.769230769230769,0.814814814814815,0.230769230769231,0.185185185185185,4.15384615384615,0.283216783216783
"4380",0.8,0.385236177357514,0.636363636363636,0.858974358974359,0.538461538461538,0.925925925925926,0.461538461538462,0.0740740740740741,7.26923076923077,0.498461538461539
"4381",0.775,0.421828709135735,0.608695652173913,0.861263736263736,0.5,0.923076923076923,0.5,0.0769230769230769,6.5,0.541666666666667
"4382",0.825,0.370272934619633,0.72,0.898860398860399,0.692307692307692,0.888888888888889,0.307692307692308,0.111111111111111,6.23076923076923,0.346153846153846
"4383",0.775,0.423622014476187,0.571428571428571,0.768025078369906,0.545454545454545,0.862068965517241,0.454545454545455,0.137931034482759,3.95454545454545,0.527272727272727
"4384",0.7,0.471872855599749,0.571428571428571,0.791666666666667,0.444444444444444,0.909090909090909,0.555555555555556,0.0909090909090909,4.88888888888889,0.611111111111111
"4385",0.8,0.386832704698272,0.555555555555556,0.845878136200717,0.555555555555556,0.870967741935484,0.444444444444444,0.129032258064516,4.30555555555556,0.510288065843621
"4386",0.725,0.375967127339675,0.476190476190476,0.826164874551971,0.555555555555556,0.774193548387097,0.444444444444444,0.225806451612903,2.46031746031746,0.574074074074074
"4387",0.9,0.296792645942655,0.8,0.939068100358423,0.888888888888889,0.903225806451613,0.111111111111111,0.0967741935483871,9.18518518518518,0.123015873015873
"4388",0.9,0.337671384960529,0.818181818181818,0.822916666666667,0.75,0.964285714285714,0.25,0.0357142857142857,21,0.259259259259259
"4389",0.8,0.376467616470538,0.636363636363636,0.824404761904762,0.583333333333333,0.892857142857143,0.416666666666667,0.107142857142857,5.44444444444445,0.466666666666667
"4390",0.85,0.323328393600359,0.666666666666667,0.906810035842294,0.666666666666667,0.903225806451613,0.333333333333333,0.0967741935483871,6.88888888888889,0.369047619047619
"4391",0.85,0.359248290580442,0.666666666666667,0.765,0.6,0.933333333333333,0.4,0.0666666666666667,9,0.428571428571429
"4392",0.825,0.352862647211256,0.695652173913043,0.87202380952381,0.666666666666667,0.892857142857143,0.333333333333333,0.107142857142857,6.22222222222222,0.373333333333333
"4393",0.8,0.392584557951851,0.636363636363636,0.78125,0.583333333333333,0.892857142857143,0.416666666666667,0.107142857142857,5.44444444444445,0.466666666666667
"4394",0.85,0.332765699271105,0.666666666666667,0.891666666666667,0.6,0.933333333333333,0.4,0.0666666666666667,9,0.428571428571429
"4395",0.75,0.43495751154273,0.615384615384615,0.802197802197802,0.571428571428571,0.846153846153846,0.428571428571429,0.153846153846154,3.71428571428571,0.506493506493507
"4396",0.825,0.375889898325747,0.631578947368421,0.896551724137931,0.545454545454545,0.931034482758621,0.454545454545455,0.0689655172413793,7.90909090909091,0.488215488215488
"4397",0.75,0.39728896913233,0.545454545454545,0.848214285714286,0.5,0.857142857142857,0.5,0.142857142857143,3.5,0.583333333333333
"4398",0.875,0.355470276950936,0.782608695652174,0.873511904761905,0.75,0.928571428571429,0.25,0.0714285714285714,10.5,0.269230769230769
"4399",0.8,0.403962077437617,0.5,0.866771159874608,0.363636363636364,0.96551724137931,0.636363636363636,0.0344827586206896,10.5454545454546,0.659090909090909
"4400",0.825,0.342543978790169,0.533333333333333,0.787878787878788,0.571428571428571,0.878787878787879,0.428571428571429,0.121212121212121,4.71428571428571,0.487684729064039
"4401",0.8,0.409472581898262,0.692307692307692,0.831043956043956,0.642857142857143,0.884615384615385,0.357142857142857,0.115384615384615,5.57142857142857,0.403726708074534
"4402",0.75,0.386260993234941,0.583333333333333,0.769592476489028,0.636363636363636,0.793103448275862,0.363636363636364,0.206896551724138,3.07575757575758,0.458498023715415
"4403",0.775,0.418970016730671,0.689655172413793,0.785333333333333,0.666666666666667,0.84,0.333333333333333,0.16,4.16666666666667,0.396825396825397
"4404",0.8,0.379744490516452,0.555555555555556,0.754480286738351,0.555555555555556,0.870967741935484,0.444444444444444,0.129032258064516,4.30555555555556,0.510288065843621
"4405",0.775,0.372274660910202,0.571428571428571,0.879310344827586,0.545454545454545,0.862068965517241,0.454545454545455,0.137931034482759,3.95454545454545,0.527272727272727
"4406",0.75,0.39812435730964,0.545454545454545,0.841692789968652,0.545454545454545,0.827586206896552,0.454545454545455,0.172413793103448,3.16363636363636,0.549242424242424
"4407",0.8,0.37299802362363,0.555555555555556,0.816666666666667,0.5,0.9,0.5,0.1,5,0.555555555555556
"4408",0.875,0.316233603137826,0.666666666666667,0.922077922077922,0.714285714285714,0.909090909090909,0.285714285714286,0.0909090909090909,7.85714285714285,0.314285714285714
"4409",0.8,0.374464715156418,0.6,0.803333333333333,0.6,0.866666666666667,0.4,0.133333333333333,4.5,0.461538461538462
"4410",0.8,0.354879870400993,0.666666666666667,0.90282131661442,0.727272727272727,0.827586206896552,0.272727272727273,0.172413793103448,4.21818181818182,0.329545454545455
"4411",0.75,0.39543579681657,0.615384615384615,0.867559523809524,0.666666666666667,0.785714285714286,0.333333333333333,0.214285714285714,3.11111111111111,0.424242424242424
"4412",0.775,0.366688747440294,0.608695652173913,0.868333333333333,0.7,0.8,0.3,0.2,3.5,0.375
"4413",0.75,0.355503432517947,0.5,0.807359307359307,0.714285714285714,0.757575757575758,0.285714285714286,0.242424242424242,2.94642857142857,0.377142857142857
"4414",0.85,0.335501098902445,0.625,0.836917562724014,0.555555555555556,0.935483870967742,0.444444444444444,0.0645161290322581,8.6111111111111,0.475095785440613
"4415",0.75,0.421178641044949,0.444444444444444,0.669921875,0.5,0.8125,0.5,0.1875,2.66666666666667,0.615384615384615
"4416",0.9,0.288911831548215,0.8,0.938333333333333,0.8,0.933333333333333,0.2,0.0666666666666667,12,0.214285714285714
"4417",0.775,0.410373250304585,0.526315789473684,0.775862068965517,0.454545454545455,0.896551724137931,0.545454545454545,0.103448275862069,4.39393939393939,0.608391608391608
"4418",0.85,0.363901245873762,0.75,0.903846153846154,0.642857142857143,0.961538461538462,0.357142857142857,0.0384615384615384,16.7142857142857,0.371428571428571
"4419",0.85,0.374558911746935,0.8,0.895833333333333,0.75,0.916666666666667,0.25,0.0833333333333334,9,0.272727272727273
"4420",0.775,0.426325696751571,0.571428571428571,0.774928774928775,0.461538461538462,0.925925925925926,0.538461538461538,0.0740740740740741,6.23076923076923,0.581538461538462
"4421",0.85,0.289900077874857,0.666666666666667,0.87109375,0.75,0.875,0.25,0.125,6,0.285714285714286
"4422",0.725,0.440587911789871,0.521739130434783,0.776098901098901,0.428571428571429,0.884615384615385,0.571428571428571,0.115384615384615,3.71428571428571,0.645962732919255
"4423",0.825,0.29851886968193,0.666666666666667,0.942652329749104,0.777777777777778,0.838709677419355,0.222222222222222,0.161290322580645,4.82222222222222,0.264957264957265
"4424",0.8,0.385039351928719,0.6,0.813390313390313,0.461538461538462,0.962962962962963,0.538461538461538,0.0370370370370371,12.4615384615384,0.559171597633136
"4425",0.675,0.479288620813561,0.518518518518518,0.78,0.466666666666667,0.8,0.533333333333333,0.2,2.33333333333333,0.666666666666667
"4426",0.85,0.303409456155206,0.727272727272727,0.903225806451613,0.888888888888889,0.838709677419355,0.111111111111111,0.161290322580645,5.51111111111111,0.132478632478633
"4427",0.75,0.372225402876219,0.444444444444444,0.823333333333333,0.4,0.866666666666667,0.6,0.133333333333333,3,0.692307692307692
"4428",0.8,0.390773712769277,0.6,0.832288401253918,0.545454545454545,0.896551724137931,0.454545454545455,0.103448275862069,5.27272727272727,0.506993006993007
"4429",0.825,0.323886699037665,0.758620689655172,0.924501424501424,0.846153846153846,0.814814814814815,0.153846153846154,0.185185185185185,4.56923076923077,0.188811188811189
"4430",0.85,0.342953192980674,0.571428571428571,0.822510822510823,0.571428571428571,0.909090909090909,0.428571428571429,0.0909090909090909,6.28571428571428,0.471428571428571
"4431",0.7,0.42071787136418,0.4,0.796238244514107,0.363636363636364,0.827586206896552,0.636363636363636,0.172413793103448,2.10909090909091,0.768939393939394
"4432",0.85,0.33533221820162,0.571428571428571,0.76953125,0.5,0.9375,0.5,0.0625,8,0.533333333333333
"4433",0.775,0.351529385201779,0.571428571428571,0.831541218637993,0.666666666666667,0.806451612903226,0.333333333333333,0.193548387096774,3.44444444444444,0.413333333333333
"4434",0.975,0.260123402607151,0.947368421052632,0.989247311827957,1,0.967741935483871,0,0.032258064516129,31,0
"4435",0.875,0.324746188196298,0.736842105263158,0.94,0.7,0.933333333333333,0.3,0.0666666666666667,10.5,0.321428571428571
"4436",0.825,0.363678904454902,0.72,0.854166666666667,0.75,0.857142857142857,0.25,0.142857142857143,5.25,0.291666666666667
"4437",0.85,0.31620665176136,0.7,0.915,0.7,0.9,0.3,0.1,7,0.333333333333333
"4438",0.85,0.34650390241359,0.7,0.842261904761905,0.583333333333333,0.964285714285714,0.416666666666667,0.0357142857142857,16.3333333333333,0.432098765432099
"4439",0.875,0.297036646042585,0.761904761904762,0.90282131661442,0.727272727272727,0.931034482758621,0.272727272727273,0.0689655172413793,10.5454545454545,0.292929292929293
"4440",0.775,0.374106874511255,0.608695652173913,0.86833855799373,0.636363636363636,0.827586206896552,0.363636363636364,0.172413793103448,3.69090909090909,0.439393939393939
"4441",0.725,0.397977753301129,0.476190476190476,0.774294670846395,0.454545454545455,0.827586206896552,0.545454545454545,0.172413793103448,2.63636363636364,0.659090909090909
"4442",0.725,0.359676417427853,0.476190476190476,0.756666666666667,0.5,0.8,0.5,0.2,2.5,0.625
"4443",0.8,0.347955817709673,0.6,0.863799283154122,0.666666666666667,0.838709677419355,0.333333333333333,0.161290322580645,4.13333333333333,0.397435897435897
"4444",0.825,0.354606914091101,0.695652173913043,0.858934169278997,0.727272727272727,0.862068965517241,0.272727272727273,0.137931034482759,5.27272727272727,0.316363636363636
"4445",0.825,0.328731788896145,0.631578947368421,0.922077922077922,0.857142857142857,0.818181818181818,0.142857142857143,0.181818181818182,4.71428571428572,0.174603174603175
"4446",0.825,0.379986170891818,0.666666666666667,0.8125,0.583333333333333,0.928571428571429,0.416666666666667,0.0714285714285714,8.16666666666667,0.448717948717949
"4447",0.775,0.373613050742173,0.571428571428571,0.88871473354232,0.545454545454545,0.862068965517241,0.454545454545455,0.137931034482759,3.95454545454545,0.527272727272727
"4448",0.8,0.390288295319895,0.692307692307692,0.835164835164835,0.642857142857143,0.884615384615385,0.357142857142857,0.115384615384615,5.57142857142857,0.403726708074534
"4449",0.825,0.338846957929441,0.740740740740741,0.90327380952381,0.833333333333333,0.821428571428571,0.166666666666667,0.178571428571429,4.66666666666667,0.202898550724638
"4450",0.725,0.380953479687088,0.592592592592593,0.827586206896552,0.727272727272727,0.724137931034483,0.272727272727273,0.275862068965517,2.63636363636364,0.376623376623377
"4451",0.8,0.359161203280206,0.6,0.86,0.6,0.866666666666667,0.4,0.133333333333333,4.5,0.461538461538462
"4452",0.775,0.412523970690213,0.571428571428571,0.75,0.6,0.833333333333333,0.4,0.166666666666667,3.6,0.48
"4453",0.725,0.442192448394124,0.645161290322581,0.864450127877238,0.588235294117647,0.826086956521739,0.411764705882353,0.173913043478261,3.38235294117647,0.498452012383901
"4454",0.85,0.350505954298332,0.727272727272727,0.871473354231975,0.727272727272727,0.896551724137931,0.272727272727273,0.103448275862069,7.03030303030303,0.304195804195804
"4455",0.825,0.375443492350127,0.695652173913043,0.847578347578348,0.615384615384615,0.925925925925926,0.384615384615385,0.0740740740740741,8.30769230769231,0.415384615384615
"4456",0.825,0.360102846777924,0.588235294117647,0.815047021943574,0.454545454545455,0.96551724137931,0.545454545454545,0.0344827586206896,13.1818181818182,0.564935064935065
"4457",0.775,0.380319569340273,0.571428571428571,0.831845238095238,0.5,0.892857142857143,0.5,0.107142857142857,4.66666666666667,0.56
"4458",0.775,0.370031439542055,0.64,0.815047021943574,0.727272727272727,0.793103448275862,0.272727272727273,0.206896551724138,3.51515151515152,0.343873517786561
"4459",0.725,0.417843009073111,0.521739130434783,0.764880952380952,0.5,0.821428571428571,0.5,0.178571428571429,2.8,0.608695652173913
"4460",0.85,0.326033952544729,0.727272727272727,0.928333333333333,0.8,0.866666666666667,0.2,0.133333333333333,6,0.230769230769231
"4461",0.875,0.370883447931283,0.838709677419355,0.925831202046036,0.764705882352941,0.956521739130435,0.235294117647059,0.0434782608695652,17.5882352941177,0.245989304812834
"4462",0.825,0.360817269521024,0.666666666666667,0.807210031347962,0.636363636363636,0.896551724137931,0.363636363636364,0.103448275862069,6.15151515151515,0.405594405594406
"4463",0.8,0.403023799533921,0.6,0.793154761904762,0.5,0.928571428571429,0.5,0.0714285714285714,7,0.538461538461538
"4464",0.7,0.480900643491712,0.454545454545455,0.802197802197802,0.357142857142857,0.884615384615385,0.642857142857143,0.115384615384615,3.09523809523809,0.726708074534161
"4465",0.85,0.369766459682222,0.7,0.858630952380952,0.583333333333333,0.964285714285714,0.416666666666667,0.0357142857142857,16.3333333333333,0.432098765432099
"4466",0.75,0.42189305825319,0.444444444444444,0.688087774294671,0.363636363636364,0.896551724137931,0.636363636363636,0.103448275862069,3.51515151515152,0.70979020979021
"4467",0.8,0.381200410953053,0.428571428571429,0.761666666666667,0.3,0.966666666666667,0.7,0.0333333333333333,9,0.724137931034483
"4468",0.8,0.421359272803324,0.692307692307692,0.90537084398977,0.529411764705882,1,0.470588235294118,0,Inf,0.470588235294118
"4469",0.85,0.363663772565171,0.727272727272727,0.86,0.8,0.866666666666667,0.2,0.133333333333333,6,0.230769230769231
"4470",0.725,0.406595267800425,0.521739130434783,0.773809523809524,0.5,0.821428571428571,0.5,0.178571428571429,2.8,0.608695652173913
"4471",0.825,0.353806694586046,0.533333333333333,0.872294372294372,0.571428571428571,0.878787878787879,0.428571428571429,0.121212121212121,4.71428571428571,0.487684729064039
"4472",0.775,0.408538243311307,0.526315789473684,0.757440476190476,0.416666666666667,0.928571428571429,0.583333333333333,0.0714285714285714,5.83333333333334,0.628205128205128
"4473",0.8,0.357683737829268,0.6,0.806451612903226,0.666666666666667,0.838709677419355,0.333333333333333,0.161290322580645,4.13333333333333,0.397435897435897
"4474",0.8,0.386654999924642,0.636363636363636,0.782131661442006,0.636363636363636,0.862068965517241,0.363636363636364,0.137931034482759,4.61363636363636,0.421818181818182
"4475",0.875,0.292932456771938,0.545454545454545,0.734285714285714,0.6,0.914285714285714,0.4,0.0857142857142857,7,0.4375
"4476",0.775,0.369163275669054,0.666666666666667,0.858974358974359,0.692307692307692,0.814814814814815,0.307692307692308,0.185185185185185,3.73846153846154,0.377622377622378
"4477",0.725,0.409666695705993,0.521739130434783,0.8125,0.5,0.821428571428571,0.5,0.178571428571429,2.8,0.608695652173913
"4478",0.725,0.412204563518957,0.56,0.768025078369906,0.636363636363636,0.758620689655172,0.363636363636364,0.241379310344828,2.63636363636364,0.479338842975207
"4479",0.8,0.386399079690419,0.692307692307692,0.838557993730408,0.818181818181818,0.793103448275862,0.181818181818182,0.206896551724138,3.95454545454546,0.229249011857707
"4480",0.775,0.357217061573667,0.608695652173913,0.889880952380952,0.583333333333333,0.857142857142857,0.416666666666667,0.142857142857143,4.08333333333333,0.486111111111111
"4481",0.85,0.33974236285161,0.5,0.818359375,0.375,0.96875,0.625,0.03125,12,0.645161290322581
"4482",0.825,0.379766697946023,0.631578947368421,0.872759856630824,0.666666666666667,0.870967741935484,0.333333333333333,0.129032258064516,5.16666666666667,0.382716049382716
"4483",0.825,0.348214367429329,0.666666666666667,0.86328125,0.875,0.8125,0.125,0.1875,4.66666666666667,0.153846153846154
"4484",0.75,0.432118349488527,0.615384615384615,0.814666666666667,0.533333333333333,0.88,0.466666666666667,0.12,4.44444444444444,0.53030303030303
"4485",0.8,0.404680496641387,0.6,0.805,0.6,0.866666666666667,0.4,0.133333333333333,4.5,0.461538461538462
"4486",0.8,0.361318987818379,0.636363636363636,0.886666666666667,0.7,0.833333333333333,0.3,0.166666666666667,4.2,0.36
"4487",0.85,0.340102544019417,0.75,0.914835164835165,0.642857142857143,0.961538461538462,0.357142857142857,0.0384615384615384,16.7142857142857,0.371428571428571
"4488",0.875,0.304165945268039,0.615384615384615,0.799019607843137,0.666666666666667,0.911764705882353,0.333333333333333,0.0882352941176471,7.55555555555555,0.365591397849462
"4489",0.75,0.41173705196469,0.545454545454545,0.813988095238095,0.5,0.857142857142857,0.5,0.142857142857143,3.5,0.583333333333333
"4490",0.85,0.331062795042953,0.75,0.924764890282132,0.818181818181818,0.862068965517241,0.181818181818182,0.137931034482759,5.93181818181818,0.210909090909091
"4491",0.775,0.40851890600147,0.666666666666667,0.798076923076923,0.642857142857143,0.846153846153846,0.357142857142857,0.153846153846154,4.17857142857143,0.422077922077922
"4492",0.8,0.3809967454478,0.666666666666667,0.844729344729345,0.615384615384615,0.888888888888889,0.384615384615385,0.111111111111111,5.53846153846154,0.432692307692308
"4493",0.8,0.364113485011156,0.714285714285714,0.894345238095238,0.833333333333333,0.785714285714286,0.166666666666667,0.214285714285714,3.88888888888889,0.212121212121212
"4494",0.825,0.343194713809412,0.666666666666667,0.863799283154122,0.777777777777778,0.838709677419355,0.222222222222222,0.161290322580645,4.82222222222222,0.264957264957265
"4495",0.775,0.425531158880959,0.727272727272727,0.843434343434343,0.666666666666667,0.863636363636364,0.333333333333333,0.136363636363636,4.88888888888889,0.385964912280702
"4496",0.725,0.447183355360597,0.352941176470588,0.46594982078853,0.333333333333333,0.838709677419355,0.666666666666667,0.161290322580645,2.06666666666667,0.794871794871795
"4497",0.825,0.339279081531238,0.588235294117647,0.828125,0.625,0.875,0.375,0.125,5,0.428571428571429
"4498",0.8,0.37903564862369,0.666666666666667,0.866071428571428,0.666666666666667,0.857142857142857,0.333333333333333,0.142857142857143,4.66666666666667,0.388888888888889
"4499",0.95,0.213972712093908,0.75,0.989583333333333,0.75,0.972222222222222,0.25,0.0277777777777778,27,0.257142857142857
"4500",0.75,0.356019236612515,0.615384615384615,0.855654761904762,0.666666666666667,0.785714285714286,0.333333333333333,0.214285714285714,3.11111111111111,0.424242424242424
"4501",0.8,0.360411257374923,0.636363636363636,0.848214285714286,0.583333333333333,0.892857142857143,0.416666666666667,0.107142857142857,5.44444444444445,0.466666666666667
"4502",0.825,0.333158915310212,0.631578947368421,0.906810035842294,0.666666666666667,0.870967741935484,0.333333333333333,0.129032258064516,5.16666666666667,0.382716049382716
"4503",0.75,0.394091549989237,0.615384615384615,0.821428571428571,0.666666666666667,0.785714285714286,0.333333333333333,0.214285714285714,3.11111111111111,0.424242424242424
"4504",0.825,0.347547615641481,0.695652173913043,0.865203761755486,0.727272727272727,0.862068965517241,0.272727272727273,0.137931034482759,5.27272727272727,0.316363636363636
"4505",0.8,0.36344347513127,0.714285714285714,0.883190883190883,0.769230769230769,0.814814814814815,0.230769230769231,0.185185185185185,4.15384615384615,0.283216783216783
"4506",0.825,0.342643898782449,0.666666666666667,0.899641577060932,0.777777777777778,0.838709677419355,0.222222222222222,0.161290322580645,4.82222222222222,0.264957264957265
"4507",0.75,0.377643403481838,0.545454545454545,0.811666666666667,0.6,0.8,0.4,0.2,3,0.5
"4508",0.775,0.388473651704024,0.64,0.830357142857143,0.666666666666667,0.821428571428571,0.333333333333333,0.178571428571429,3.73333333333333,0.405797101449275
"4509",0.775,0.434968396155825,0.470588235294118,0.83048433048433,0.307692307692308,1,0.692307692307692,0,Inf,0.692307692307692
"4510",0.8,0.331232796801485,0.555555555555556,0.838709677419355,0.555555555555556,0.870967741935484,0.444444444444444,0.129032258064516,4.30555555555556,0.510288065843621
"4511",0.8,0.331474900663732,0.714285714285714,0.919642857142857,0.833333333333333,0.785714285714286,0.166666666666667,0.214285714285714,3.88888888888889,0.212121212121212
"4512",0.75,0.365814418801779,0.583333333333333,0.874608150470219,0.636363636363636,0.793103448275862,0.363636363636364,0.206896551724138,3.07575757575758,0.458498023715415
"4513",0.95,0.307445232634598,0.888888888888889,0.935,0.8,1,0.2,0,Inf,0.2
"4514",0.75,0.426219260132715,0.642857142857143,0.832417582417582,0.642857142857143,0.807692307692308,0.357142857142857,0.192307692307692,3.34285714285714,0.442176870748299
"4515",0.75,0.42716595455101,0.642857142857143,0.796703296703297,0.642857142857143,0.807692307692308,0.357142857142857,0.192307692307692,3.34285714285714,0.442176870748299
"4516",0.775,0.392441639081618,0.608695652173913,0.788333333333333,0.7,0.8,0.3,0.2,3.5,0.375
"4517",0.775,0.375412774705133,0.571428571428571,0.846153846153846,0.461538461538462,0.925925925925926,0.538461538461538,0.0740740740740741,6.23076923076923,0.581538461538462
"4518",0.775,0.369747257562394,0.526315789473684,0.797491039426523,0.555555555555556,0.838709677419355,0.444444444444444,0.161290322580645,3.44444444444445,0.52991452991453
"4519",0.775,0.375900542391765,0.571428571428571,0.823333333333333,0.6,0.833333333333333,0.4,0.166666666666667,3.6,0.48
"4520",0.85,0.303594556614847,0.625,0.854838709677419,0.555555555555556,0.935483870967742,0.444444444444444,0.0645161290322581,8.6111111111111,0.475095785440613
"4521",0.85,0.352357077651644,0.625,0.85423197492163,0.454545454545455,1,0.545454545454545,0,Inf,0.545454545454545
"4522",0.725,0.389023489505899,0.352941176470588,0.720703125,0.375,0.8125,0.625,0.1875,2,0.769230769230769
"4523",0.85,0.340597765618991,0.75,0.875,0.75,0.892857142857143,0.25,0.107142857142857,7,0.28
"4524",0.875,0.360905117346721,0.8,0.916,0.666666666666667,1,0.333333333333333,0,Inf,0.333333333333333
"4525",0.85,0.328555799971678,0.727272727272727,0.931547619047619,0.666666666666667,0.928571428571429,0.333333333333333,0.0714285714285714,9.33333333333334,0.358974358974359
"4526",0.8,0.337443729755074,0.636363636363636,0.818181818181818,0.636363636363636,0.862068965517241,0.363636363636364,0.137931034482759,4.61363636363636,0.421818181818182
"4527",0.8,0.349643309058019,0.692307692307692,0.863095238095238,0.75,0.821428571428571,0.25,0.178571428571429,4.2,0.304347826086957
"4528",0.85,0.333486171690764,0.75,0.844827586206897,0.818181818181818,0.862068965517241,0.181818181818182,0.137931034482759,5.93181818181818,0.210909090909091
"4529",0.825,0.300290845814341,0.631578947368421,0.860215053763441,0.666666666666667,0.870967741935484,0.333333333333333,0.129032258064516,5.16666666666667,0.382716049382716
"4530",0.875,0.289675529326459,0.736842105263158,0.874551971326165,0.777777777777778,0.903225806451613,0.222222222222222,0.0967741935483871,8.03703703703703,0.246031746031746
"4531",0.725,0.38079651328018,0.56,0.857366771159875,0.636363636363636,0.758620689655172,0.363636363636364,0.241379310344828,2.63636363636364,0.479338842975207
"4532",0.75,0.444036441229232,0.642857142857143,0.8203125,0.5625,0.875,0.4375,0.125,4.5,0.5
"4533",0.8,0.425417868268648,0.714285714285714,0.762666666666667,0.666666666666667,0.88,0.333333333333333,0.12,5.55555555555556,0.378787878787879
"4534",0.825,0.366175413651396,0.72,0.898809523809524,0.75,0.857142857142857,0.25,0.142857142857143,5.25,0.291666666666667
"4535",0.8,0.331528204949636,0.5,0.898268398268398,0.571428571428571,0.848484848484849,0.428571428571429,0.151515151515151,3.77142857142857,0.505102040816327
"4536",0.775,0.340364652003933,0.608695652173913,0.904296875,0.875,0.75,0.125,0.25,3.5,0.166666666666667
"4537",0.8,0.367095463846551,0.636363636363636,0.833333333333333,0.7,0.833333333333333,0.3,0.166666666666667,4.2,0.36
"4538",0.725,0.398789239371375,0.521739130434783,0.808777429467085,0.545454545454545,0.793103448275862,0.454545454545455,0.206896551724138,2.63636363636364,0.573122529644269
"4539",0.9,0.326875407049716,0.818181818181818,0.921130952380952,0.75,0.964285714285714,0.25,0.0357142857142857,21,0.259259259259259
"4540",0.825,0.351574587896026,0.533333333333333,0.779569892473118,0.444444444444444,0.935483870967742,0.555555555555556,0.0645161290322581,6.88888888888888,0.593869731800766
"4541",0.85,0.304013002255877,0.727272727272727,0.951666666666667,0.8,0.866666666666667,0.2,0.133333333333333,6,0.230769230769231
"4542",0.85,0.301746235257502,0.625,0.898268398268398,0.714285714285714,0.878787878787879,0.285714285714286,0.121212121212121,5.89285714285714,0.32512315270936
"4543",0.9,0.286078153709037,0.833333333333333,0.963333333333333,1,0.866666666666667,0,0.133333333333333,7.5,0
"4544",0.75,0.394211694621753,0.444444444444444,0.80078125,0.5,0.8125,0.5,0.1875,2.66666666666667,0.615384615384615
"4545",0.875,0.310666410258959,0.666666666666667,0.791015625,0.625,0.9375,0.375,0.0625,10,0.4
"4546",0.75,0.339544858239731,0.615384615384615,0.889880952380952,0.666666666666667,0.785714285714286,0.333333333333333,0.214285714285714,3.11111111111111,0.424242424242424
"4547",0.775,0.355514179416166,0.689655172413793,0.868945868945869,0.769230769230769,0.777777777777778,0.230769230769231,0.222222222222222,3.46153846153846,0.296703296703297
"4548",0.825,0.393541677903517,0.588235294117647,0.835125448028674,0.555555555555556,0.903225806451613,0.444444444444444,0.0967741935483871,5.74074074074074,0.492063492063492
"4549",0.775,0.314474644731166,0.608695652173913,0.855799373040752,0.636363636363636,0.827586206896552,0.363636363636364,0.172413793103448,3.69090909090909,0.439393939393939
"4550",0.85,0.365933718129584,0.727272727272727,0.875,0.666666666666667,0.928571428571429,0.333333333333333,0.0714285714285714,9.33333333333334,0.358974358974359
"4551",0.85,0.339322579774526,0.666666666666667,0.905,0.6,0.933333333333333,0.4,0.0666666666666667,9,0.428571428571429
"4552",0.825,0.372790627010188,0.72,0.9002849002849,0.692307692307692,0.888888888888889,0.307692307692308,0.111111111111111,6.23076923076923,0.346153846153846
"4553",0.825,0.386598347252047,0.631578947368421,0.773333333333333,0.6,0.9,0.4,0.1,6,0.444444444444444
"4554",0.75,0.400383565035674,0.444444444444444,0.785,0.4,0.866666666666667,0.6,0.133333333333333,3,0.692307692307692
"4555",0.825,0.322990747043532,0.588235294117647,0.888671875,0.625,0.875,0.375,0.125,5,0.428571428571429
"4556",0.875,0.352324260089782,0.782608695652174,0.891737891737892,0.692307692307692,0.962962962962963,0.307692307692308,0.0370370370370371,18.6923076923077,0.319526627218935
"4557",0.825,0.345954824869013,0.588235294117647,0.896484375,0.625,0.875,0.375,0.125,5,0.428571428571429
"4558",0.8,0.361194627494616,0.636363636363636,0.885579937304075,0.636363636363636,0.862068965517241,0.363636363636364,0.137931034482759,4.61363636363636,0.421818181818182
"4559",0.8,0.35779203041635,0.5,0.788530465949821,0.444444444444444,0.903225806451613,0.555555555555556,0.0967741935483871,4.59259259259259,0.615079365079365
"4560",0.825,0.373928246721393,0.695652173913043,0.837797619047619,0.666666666666667,0.892857142857143,0.333333333333333,0.107142857142857,6.22222222222222,0.373333333333333
"4561",0.825,0.362035409427532,0.631578947368421,0.824372759856631,0.666666666666667,0.870967741935484,0.333333333333333,0.129032258064516,5.16666666666667,0.382716049382716
"4562",0.775,0.375638125579979,0.571428571428571,0.846394984326019,0.545454545454545,0.862068965517241,0.454545454545455,0.137931034482759,3.95454545454545,0.527272727272727
"4563",0.85,0.341144191484197,0.7,0.903333333333333,0.7,0.9,0.3,0.1,7,0.333333333333333
"4564",0.75,0.395620471774399,0.5,0.857421875,0.625,0.78125,0.375,0.21875,2.85714285714286,0.48
"4565",0.825,0.273485171787286,0.666666666666667,0.989177489177489,1,0.787878787878788,0,0.212121212121212,4.71428571428571,0
"4566",0.725,0.34616400282745,0.56,0.905017921146953,0.777777777777778,0.709677419354839,0.222222222222222,0.290322580645161,2.67901234567901,0.313131313131313
"4567",0.9,0.332400448980869,0.75,0.935483870967742,0.666666666666667,0.967741935483871,0.333333333333333,0.032258064516129,20.6666666666667,0.344444444444444
"4568",0.85,0.357644130277413,0.727272727272727,0.846394984326019,0.727272727272727,0.896551724137931,0.272727272727273,0.103448275862069,7.03030303030303,0.304195804195804
"4569",0.825,0.336907819427918,0.588235294117647,0.849462365591398,0.555555555555556,0.903225806451613,0.444444444444444,0.0967741935483871,5.74074074074074,0.492063492063492
"4570",0.875,0.317885533837523,0.736842105263158,0.875,0.7,0.933333333333333,0.3,0.0666666666666667,10.5,0.321428571428571
"4571",0.7,0.416566296065265,0.5,0.800824175824176,0.428571428571429,0.846153846153846,0.571428571428571,0.153846153846154,2.78571428571429,0.675324675324675
"4572",0.8,0.371180892505667,0.75,0.885333333333333,0.8,0.8,0.2,0.2,4,0.25
"4573",0.85,0.368007259575209,0.7,0.873040752351097,0.636363636363636,0.931034482758621,0.363636363636364,0.0689655172413793,9.22727272727272,0.390572390572391
"4574",0.85,0.368004022668615,0.7,0.890282131661442,0.636363636363636,0.931034482758621,0.363636363636364,0.0689655172413793,9.22727272727272,0.390572390572391
"4575",0.85,0.318778152988986,0.7,0.845,0.7,0.9,0.3,0.1,7,0.333333333333333
"4576",0.825,0.418437896373425,0.695652173913043,0.861333333333333,0.533333333333333,1,0.466666666666667,0,Inf,0.466666666666667
"4577",0.775,0.351480409121595,0.526315789473684,0.806451612903226,0.555555555555556,0.838709677419355,0.444444444444444,0.161290322580645,3.44444444444445,0.52991452991453
"4578",0.825,0.354996991116637,0.695652173913043,0.802507836990596,0.727272727272727,0.862068965517241,0.272727272727273,0.137931034482759,5.27272727272727,0.316363636363636
"4579",0.7,0.437233431742334,0.333333333333333,0.863095238095238,0.25,0.892857142857143,0.75,0.107142857142857,2.33333333333333,0.84
"4580",0.75,0.398197649283297,0.545454545454545,0.810344827586207,0.545454545454545,0.827586206896552,0.454545454545455,0.172413793103448,3.16363636363636,0.549242424242424
"4581",0.775,0.354631518501338,0.64,0.889880952380952,0.666666666666667,0.821428571428571,0.333333333333333,0.178571428571429,3.73333333333333,0.405797101449275
"4582",0.8,0.402866299293794,0.636363636363636,0.801994301994302,0.538461538461538,0.925925925925926,0.461538461538462,0.0740740740740741,7.26923076923077,0.498461538461539
"4583",0.875,0.353407363321816,0.736842105263158,0.867559523809524,0.583333333333333,1,0.416666666666667,0,Inf,0.416666666666667
"4584",0.8,0.348740190431808,0.692307692307692,0.851190476190476,0.75,0.821428571428571,0.25,0.178571428571429,4.2,0.304347826086957
"4585",0.75,0.409983030672663,0.545454545454545,0.899725274725275,0.428571428571429,0.923076923076923,0.571428571428571,0.0769230769230769,5.57142857142857,0.619047619047619
"4586",0.75,0.426889278865191,0.375,0.716666666666667,0.3,0.9,0.7,0.1,3,0.777777777777778
"4587",0.775,0.374031281943087,0.608695652173913,0.80952380952381,0.583333333333333,0.857142857142857,0.416666666666667,0.142857142857143,4.08333333333333,0.486111111111111
"4588",0.75,0.380801308656331,0.705882352941177,0.885333333333333,0.8,0.72,0.2,0.28,2.85714285714286,0.277777777777778
"4589",0.85,0.352617566937219,0.75,0.849002849002849,0.692307692307692,0.925925925925926,0.307692307692308,0.0740740740740741,9.34615384615385,0.332307692307692
"4590",0.85,0.308338496629788,0.625,0.8984375,0.625,0.90625,0.375,0.09375,6.66666666666667,0.413793103448276
"4591",0.9,0.321163196176298,0.833333333333333,0.903133903133903,0.769230769230769,0.962962962962963,0.230769230769231,0.0370370370370371,20.7692307692307,0.239644970414201
"4592",0.85,0.364355681467071,0.666666666666667,0.912225705329154,0.545454545454545,0.96551724137931,0.454545454545455,0.0344827586206896,15.8181818181818,0.470779220779221
"4593",0.825,0.316983330379924,0.666666666666667,0.94140625,0.875,0.8125,0.125,0.1875,4.66666666666667,0.153846153846154
"4594",0.825,0.308218542967688,0.72,0.947916666666667,0.75,0.857142857142857,0.25,0.142857142857143,5.25,0.291666666666667
"4595",0.85,0.339750648968339,0.769230769230769,0.918956043956044,0.714285714285714,0.923076923076923,0.285714285714286,0.0769230769230769,9.28571428571429,0.309523809523809
"4596",0.8,0.361041563374441,0.333333333333333,0.708333333333333,0.333333333333333,0.882352941176471,0.666666666666667,0.117647058823529,2.83333333333333,0.755555555555556
"4597",0.725,0.397782852424,0.476190476190476,0.869905956112853,0.454545454545455,0.827586206896552,0.545454545454545,0.172413793103448,2.63636363636364,0.659090909090909
"4598",0.85,0.36164770264148,0.727272727272727,0.877492877492878,0.615384615384615,0.962962962962963,0.384615384615385,0.0370370370370371,16.6153846153846,0.399408284023669
"4599",0.85,0.340189210911962,0.75,0.875,0.75,0.892857142857143,0.25,0.107142857142857,7,0.28
"4600",0.8,0.369775027841653,0.666666666666667,0.904761904761905,0.666666666666667,0.857142857142857,0.333333333333333,0.142857142857143,4.66666666666667,0.388888888888889
"4601",0.875,0.289706584881912,0.736842105263158,0.96594982078853,0.777777777777778,0.903225806451613,0.222222222222222,0.0967741935483871,8.03703703703703,0.246031746031746
"4602",0.775,0.384839104276102,0.608695652173913,0.819940476190476,0.583333333333333,0.857142857142857,0.416666666666667,0.142857142857143,4.08333333333333,0.486111111111111
"4603",0.825,0.345583372232653,0.631578947368421,0.818333333333333,0.6,0.9,0.4,0.1,6,0.444444444444444
"4604",0.9,0.300345089412385,0.777777777777778,0.871666666666667,0.7,0.966666666666667,0.3,0.0333333333333333,21,0.310344827586207
"4605",0.875,0.324413200070136,0.705882352941177,0.941176470588235,1,0.852941176470588,0,0.147058823529412,6.8,0
"4606",0.775,0.440590285353796,0.608695652173913,0.765333333333333,0.466666666666667,0.96,0.533333333333333,0.04,11.6666666666667,0.555555555555556
"4607",0.8,0.346078506075939,0.5,0.845878136200717,0.444444444444444,0.903225806451613,0.555555555555556,0.0967741935483871,4.59259259259259,0.615079365079365
"4608",0.825,0.348078450012594,0.666666666666667,0.91015625,0.875,0.8125,0.125,0.1875,4.66666666666667,0.153846153846154
"4609",0.8,0.367440031110782,0.6,0.803333333333333,0.6,0.866666666666667,0.4,0.133333333333333,4.5,0.461538461538462
"4610",0.75,0.439209326408184,0.5,0.691222570532915,0.454545454545455,0.862068965517241,0.545454545454545,0.137931034482759,3.29545454545454,0.632727272727273
"4611",0.875,0.293754143108943,0.761904761904762,0.970219435736677,0.727272727272727,0.931034482758621,0.272727272727273,0.0689655172413793,10.5454545454545,0.292929292929293
"4612",0.875,0.320377955609209,0.782608695652174,0.842261904761905,0.75,0.928571428571429,0.25,0.0714285714285714,10.5,0.269230769230769
"4613",0.825,0.378216815775425,0.758620689655172,0.90521978021978,0.785714285714286,0.846153846153846,0.214285714285714,0.153846153846154,5.10714285714286,0.253246753246753
"4614",0.8,0.359586060243094,0.555555555555556,0.815412186379928,0.555555555555556,0.870967741935484,0.444444444444444,0.129032258064516,4.30555555555556,0.510288065843621
"4615",0.85,0.322310201235211,0.769230769230769,0.904761904761905,0.833333333333333,0.857142857142857,0.166666666666667,0.142857142857143,5.83333333333333,0.194444444444444
"4616",0.825,0.337183979928057,0.461538461538462,0.890625,0.375,0.9375,0.625,0.0625,6,0.666666666666667
"4617",0.8,0.363485226204854,0.6,0.897058823529412,1,0.764705882352941,0,0.235294117647059,4.25,0
"4618",0.85,0.334318484447805,0.727272727272727,0.862068965517241,0.727272727272727,0.896551724137931,0.272727272727273,0.103448275862069,7.03030303030303,0.304195804195804
"4619",0.725,0.428622760874684,0.521739130434783,0.772321428571428,0.5,0.821428571428571,0.5,0.178571428571429,2.8,0.608695652173913
"4620",0.9,0.300611025323945,0.818181818181818,0.96551724137931,0.818181818181818,0.931034482758621,0.181818181818182,0.0689655172413793,11.8636363636364,0.195286195286195
"4621",0.875,0.35619892756037,0.761904761904762,0.874608150470219,0.727272727272727,0.931034482758621,0.272727272727273,0.0689655172413793,10.5454545454545,0.292929292929293
"4622",0.775,0.376027462772638,0.608695652173913,0.834821428571429,0.583333333333333,0.857142857142857,0.416666666666667,0.142857142857143,4.08333333333333,0.486111111111111
"4623",0.85,0.363884481711653,0.75,0.843304843304843,0.692307692307692,0.925925925925926,0.307692307692308,0.0740740740740741,9.34615384615385,0.332307692307692
"4624",0.7,0.488066315023526,0.538461538461538,0.753333333333333,0.466666666666667,0.84,0.533333333333333,0.16,2.91666666666667,0.634920634920635
"4625",0.85,0.314434673165709,0.769230769230769,0.944940476190476,0.833333333333333,0.857142857142857,0.166666666666667,0.142857142857143,5.83333333333333,0.194444444444444
"4626",0.8,0.330811690915502,0.6,0.845,0.6,0.866666666666667,0.4,0.133333333333333,4.5,0.461538461538462
"4627",0.85,0.316254177880613,0.625,0.880859375,0.625,0.90625,0.375,0.09375,6.66666666666667,0.413793103448276
"4628",0.8,0.39060135795496,0.6,0.838709677419355,0.666666666666667,0.838709677419355,0.333333333333333,0.161290322580645,4.13333333333333,0.397435897435897
"4629",0.8,0.42517982336945,0.6,0.865384615384615,0.428571428571429,1,0.571428571428571,0,Inf,0.571428571428571
"4630",0.875,0.330113505937219,0.705882352941177,0.818333333333333,0.6,0.966666666666667,0.4,0.0333333333333333,18,0.413793103448276
"4631",0.8,0.395343989398802,0.666666666666667,0.858974358974359,0.615384615384615,0.888888888888889,0.384615384615385,0.111111111111111,5.53846153846154,0.432692307692308
"4632",0.9,0.235375162556007,0.777777777777778,0.991341991341991,1,0.878787878787879,0,0.121212121212121,8.25,0
"4633",0.85,0.368010732238632,0.7,0.793154761904762,0.583333333333333,0.964285714285714,0.416666666666667,0.0357142857142857,16.3333333333333,0.432098765432099
"4634",0.825,0.342619635075538,0.758620689655172,0.885989010989011,0.785714285714286,0.846153846153846,0.214285714285714,0.153846153846154,5.10714285714286,0.253246753246753
"4635",0.75,0.384927078584956,0.5,0.853333333333333,0.5,0.833333333333333,0.5,0.166666666666667,3,0.6
"4636",0.775,0.3857955821704,0.64,0.825549450549451,0.571428571428571,0.884615384615385,0.428571428571429,0.115384615384615,4.95238095238095,0.484472049689441
"4637",0.775,0.44325258109817,0.4,0.717868338557994,0.272727272727273,0.96551724137931,0.727272727272727,0.0344827586206896,7.90909090909092,0.753246753246753
"4638",0.875,0.294387065996699,0.666666666666667,0.848484848484848,0.714285714285714,0.909090909090909,0.285714285714286,0.0909090909090909,7.85714285714285,0.314285714285714
"4639",0.7,0.454045952642124,0.5,0.766381766381766,0.461538461538462,0.814814814814815,0.538461538461538,0.185185185185185,2.49230769230769,0.660839160839161
"4640",0.8,0.328375789537595,0.555555555555556,0.805194805194805,0.714285714285714,0.818181818181818,0.285714285714286,0.181818181818182,3.92857142857143,0.349206349206349
"4641",0.85,0.371614673817684,0.666666666666667,0.892857142857143,0.5,1,0.5,0,Inf,0.5
"4642",0.825,0.333202964870827,0.740740740740741,0.926332288401254,0.909090909090909,0.793103448275862,0.0909090909090909,0.206896551724138,4.39393939393939,0.114624505928854
"4643",0.825,0.355521579773711,0.631578947368421,0.856666666666667,0.6,0.9,0.4,0.1,6,0.444444444444444
"4644",0.7,0.459003852710082,0.4,0.671130952380952,0.333333333333333,0.857142857142857,0.666666666666667,0.142857142857143,2.33333333333333,0.777777777777778
"4645",0.825,0.380845770479736,0.695652173913043,0.831908831908832,0.615384615384615,0.925925925925926,0.384615384615385,0.0740740740740741,8.30769230769231,0.415384615384615
"4646",0.75,0.348822543777885,0.666666666666667,0.884615384615385,0.714285714285714,0.769230769230769,0.285714285714286,0.230769230769231,3.0952380952381,0.371428571428571
"4647",0.85,0.355377980443651,0.5,0.748917748917749,0.428571428571429,0.939393939393939,0.571428571428571,0.0606060606060606,7.07142857142858,0.608294930875576
"4648",0.775,0.412110848918699,0.571428571428571,0.854395604395604,0.428571428571429,0.961538461538462,0.571428571428571,0.0384615384615384,11.1428571428571,0.594285714285714
"4649",0.85,0.334395396632893,0.4,0.737142857142857,0.4,0.914285714285714,0.6,0.0857142857142857,4.66666666666667,0.65625
"4650",0.75,0.445162169760729,0.583333333333333,0.88618925831202,0.411764705882353,1,0.588235294117647,0,Inf,0.588235294117647
"4651",0.8,0.388291923504712,0.714285714285714,0.883190883190883,0.769230769230769,0.814814814814815,0.230769230769231,0.185185185185185,4.15384615384615,0.283216783216783
"4652",0.725,0.387409629869647,0.476190476190476,0.815047021943574,0.454545454545455,0.827586206896552,0.545454545454545,0.172413793103448,2.63636363636364,0.659090909090909
"4653",0.85,0.346226872381432,0.7,0.877742946708464,0.636363636363636,0.931034482758621,0.363636363636364,0.0689655172413793,9.22727272727272,0.390572390572391
"4654",0.8,0.370941204452365,0.636363636363636,0.803333333333333,0.7,0.833333333333333,0.3,0.166666666666667,4.2,0.36
"4655",0.775,0.375341307238399,0.64,0.764957264957265,0.615384615384615,0.851851851851852,0.384615384615385,0.148148148148148,4.15384615384615,0.451505016722408
"4656",0.7,0.434177027595055,0.454545454545455,0.746666666666667,0.5,0.766666666666667,0.5,0.233333333333333,2.14285714285714,0.652173913043478
"4657",0.8,0.363433126235782,0.636363636363636,0.873511904761905,0.583333333333333,0.892857142857143,0.416666666666667,0.107142857142857,5.44444444444445,0.466666666666667
"4658",0.8,0.381034628312279,0.692307692307692,0.866096866096866,0.692307692307692,0.851851851851852,0.307692307692308,0.148148148148148,4.67307692307692,0.361204013377926
"4659",0.8,0.387803587953793,0.555555555555556,0.806666666666667,0.5,0.9,0.5,0.1,5,0.555555555555556
"4660",0.775,0.395309955024606,0.608695652173913,0.87037037037037,0.538461538461538,0.888888888888889,0.461538461538462,0.111111111111111,4.84615384615384,0.519230769230769
"4661",0.85,0.378289584381028,0.666666666666667,0.912225705329154,0.545454545454545,0.96551724137931,0.454545454545455,0.0344827586206896,15.8181818181818,0.470779220779221
"4662",0.75,0.476947483660817,0.615384615384615,0.873737373737374,0.444444444444444,1,0.555555555555556,0,Inf,0.555555555555556
"4663",0.9,0.30828935040579,0.8,0.925,0.8,0.933333333333333,0.2,0.0666666666666667,12,0.214285714285714
"4664",0.775,0.389243250872568,0.526315789473684,0.716796875,0.625,0.8125,0.375,0.1875,3.33333333333333,0.461538461538462
"4665",0.775,0.384614071836828,0.571428571428571,0.81,0.6,0.833333333333333,0.4,0.166666666666667,3.6,0.48
"4666",0.7,0.445782246826699,0.454545454545455,0.714733542319749,0.454545454545455,0.793103448275862,0.545454545454545,0.206896551724138,2.1969696969697,0.687747035573122
"4667",0.75,0.445643176220347,0.615384615384615,0.790598290598291,0.615384615384615,0.814814814814815,0.384615384615385,0.185185185185185,3.32307692307692,0.472027972027972
"4668",0.8,0.358172205319017,0.6,0.849529780564263,0.545454545454545,0.896551724137931,0.454545454545455,0.103448275862069,5.27272727272727,0.506993006993007
"4669",0.925,0.258097911505465,0.769230769230769,0.965686274509804,0.833333333333333,0.941176470588235,0.166666666666667,0.0588235294117647,14.1666666666667,0.177083333333333
"4670",0.825,0.385442517592939,0.666666666666667,0.8125,0.583333333333333,0.928571428571429,0.416666666666667,0.0714285714285714,8.16666666666667,0.448717948717949
"4671",0.825,0.35905005742592,0.695652173913043,0.835423197492163,0.727272727272727,0.862068965517241,0.272727272727273,0.137931034482759,5.27272727272727,0.316363636363636
"4672",0.8,0.383883375605127,0.5,0.770562770562771,0.571428571428571,0.848484848484849,0.428571428571429,0.151515151515151,3.77142857142857,0.505102040816327
"4673",0.85,0.311265383287911,0.727272727272727,0.885,0.8,0.866666666666667,0.2,0.133333333333333,6,0.230769230769231
"4674",0.8,0.401913336193929,0.636363636363636,0.861328125,0.875,0.78125,0.125,0.21875,4,0.16
"4675",0.75,0.390509065837596,0.583333333333333,0.80952380952381,0.583333333333333,0.821428571428571,0.416666666666667,0.178571428571429,3.26666666666667,0.507246376811594
"4676",0.825,0.329923473131021,0.695652173913043,0.916666666666667,0.666666666666667,0.892857142857143,0.333333333333333,0.107142857142857,6.22222222222222,0.373333333333333
"4677",0.675,0.454315139804145,0.235294117647059,0.666666666666667,0.222222222222222,0.806451612903226,0.777777777777778,0.193548387096774,1.14814814814815,0.964444444444445
"4678",0.725,0.469552103738458,0.592592592592593,0.734375,0.5,0.875,0.5,0.125,4,0.571428571428571
"4679",0.75,0.41556390586286,0.545454545454545,0.805059523809524,0.5,0.857142857142857,0.5,0.142857142857143,3.5,0.583333333333333
"4680",0.85,0.367660499813472,0.666666666666667,0.829153605015674,0.545454545454545,0.96551724137931,0.454545454545455,0.0344827586206896,15.8181818181818,0.470779220779221
"4681",0.775,0.40435791060142,0.307692307692308,0.716666666666667,0.2,0.966666666666667,0.8,0.0333333333333333,6,0.827586206896552
"4682",0.825,0.349354373828902,0.666666666666667,0.907523510971787,0.636363636363636,0.896551724137931,0.363636363636364,0.103448275862069,6.15151515151515,0.405594405594406
"4683",0.65,0.491765018470363,0.363636363636364,0.71978021978022,0.285714285714286,0.846153846153846,0.714285714285714,0.153846153846154,1.85714285714286,0.844155844155844
"4684",0.825,0.32357637579345,0.758620689655172,0.934472934472934,0.846153846153846,0.814814814814815,0.153846153846154,0.185185185185185,4.56923076923077,0.188811188811189
"4685",0.85,0.336867317160562,0.7,0.874608150470219,0.636363636363636,0.931034482758621,0.363636363636364,0.0689655172413793,9.22727272727272,0.390572390572391
"4686",0.875,0.325173951267613,0.838709677419355,0.914666666666667,0.866666666666667,0.88,0.133333333333333,0.12,7.22222222222222,0.151515151515151
"4687",0.775,0.387148639881418,0.64,0.790178571428571,0.666666666666667,0.821428571428571,0.333333333333333,0.178571428571429,3.73333333333333,0.405797101449275
"4688",0.75,0.406437131835115,0.375,0.698924731182796,0.333333333333333,0.870967741935484,0.666666666666667,0.129032258064516,2.58333333333333,0.765432098765432
"4689",0.7,0.433111176684224,0.454545454545455,0.671875,0.625,0.71875,0.375,0.28125,2.22222222222222,0.521739130434783
"4690",0.8,0.340326125399612,0.714285714285714,0.877747252747253,0.714285714285714,0.846153846153846,0.285714285714286,0.153846153846154,4.64285714285714,0.337662337662338
"4691",0.9,0.32269272092616,0.8,0.881720430107527,0.888888888888889,0.903225806451613,0.111111111111111,0.0967741935483871,9.18518518518518,0.123015873015873
"4692",0.925,0.28234170669739,0.8,0.892578125,0.75,0.96875,0.25,0.03125,24,0.258064516129032
"4693",0.875,0.344898971386406,0.736842105263158,0.824451410658307,0.636363636363636,0.96551724137931,0.363636363636364,0.0344827586206896,18.4545454545455,0.376623376623377
"4694",0.85,0.372963701671891,0.7,0.895833333333333,0.583333333333333,0.964285714285714,0.416666666666667,0.0357142857142857,16.3333333333333,0.432098765432099
"4695",0.8,0.365842537683518,0.6,0.783699059561129,0.545454545454545,0.896551724137931,0.454545454545455,0.103448275862069,5.27272727272727,0.506993006993007
"4696",0.875,0.290673226933172,0.736842105263158,0.888888888888889,0.777777777777778,0.903225806451613,0.222222222222222,0.0967741935483871,8.03703703703703,0.246031746031746
"4697",0.8,0.347741572485046,0.6,0.896103896103896,0.857142857142857,0.787878787878788,0.142857142857143,0.212121212121212,4.04081632653061,0.181318681318681
"4698",0.825,0.344922952200784,0.631578947368421,0.90282131661442,0.545454545454545,0.931034482758621,0.454545454545455,0.0689655172413793,7.90909090909091,0.488215488215488
"4699",0.775,0.367772502167927,0.571428571428571,0.845703125,0.75,0.78125,0.25,0.21875,3.42857142857143,0.32
"4700",0.825,0.344077500154332,0.533333333333333,0.712890625,0.5,0.90625,0.5,0.09375,5.33333333333333,0.551724137931034
"4701",0.825,0.347132845539934,0.695652173913043,0.90282131661442,0.727272727272727,0.862068965517241,0.272727272727273,0.137931034482759,5.27272727272727,0.316363636363636
"4702",0.75,0.419762963794919,0.583333333333333,0.798333333333333,0.7,0.766666666666667,0.3,0.233333333333333,3,0.391304347826087
"4703",0.825,0.373404655491285,0.631578947368421,0.830357142857143,0.5,0.964285714285714,0.5,0.0357142857142857,14,0.518518518518518
"4704",0.9,0.295281612068507,0.846153846153846,0.943452380952381,0.916666666666667,0.892857142857143,0.0833333333333334,0.107142857142857,8.55555555555556,0.0933333333333334
"4705",0.8,0.350074699612789,0.6,0.856666666666667,0.6,0.866666666666667,0.4,0.133333333333333,4.5,0.461538461538462
"4706",0.8,0.371933217116569,0.714285714285714,0.879120879120879,0.714285714285714,0.846153846153846,0.285714285714286,0.153846153846154,4.64285714285714,0.337662337662338
"4707",0.925,0.227321648658655,0.857142857142857,1,1,0.903225806451613,0,0.0967741935483871,10.3333333333333,0
"4708",0.825,0.383246333127945,0.695652173913043,0.861263736263736,0.571428571428571,0.961538461538462,0.428571428571429,0.0384615384615384,14.8571428571429,0.445714285714286
"4709",0.8,0.419567252538837,0.666666666666667,0.856,0.533333333333333,0.96,0.466666666666667,0.04,13.3333333333333,0.486111111111111
"4710",0.775,0.396128823555928,0.526315789473684,0.83,0.5,0.866666666666667,0.5,0.133333333333333,3.75,0.576923076923077
"4711",0.775,0.369687016615558,0.470588235294118,0.767025089605735,0.444444444444444,0.870967741935484,0.555555555555556,0.129032258064516,3.44444444444444,0.637860082304527
"4712",0.725,0.443196087865262,0.476190476190476,0.721003134796238,0.454545454545455,0.827586206896552,0.545454545454545,0.172413793103448,2.63636363636364,0.659090909090909
"4713",0.825,0.343635099290299,0.666666666666667,0.863636363636364,0.636363636363636,0.896551724137931,0.363636363636364,0.103448275862069,6.15151515151515,0.405594405594406
"4714",0.775,0.332079976913421,0.64,0.86833855799373,0.727272727272727,0.793103448275862,0.272727272727273,0.206896551724138,3.51515151515152,0.343873517786561
"4715",0.825,0.332851784922825,0.758620689655172,0.917378917378917,0.846153846153846,0.814814814814815,0.153846153846154,0.185185185185185,4.56923076923077,0.188811188811189
"4716",0.85,0.334806394867416,0.769230769230769,0.933333333333333,1,0.8,0,0.2,5,0
"4717",0.8,0.380935310196691,0.5,0.781385281385281,0.571428571428571,0.848484848484849,0.428571428571429,0.151515151515151,3.77142857142857,0.505102040816327
"4718",0.775,0.348764937589798,0.526315789473684,0.838709677419355,0.555555555555556,0.838709677419355,0.444444444444444,0.161290322580645,3.44444444444445,0.52991452991453
"4719",0.75,0.384172075926207,0.545454545454545,0.752351097178683,0.545454545454545,0.827586206896552,0.454545454545455,0.172413793103448,3.16363636363636,0.549242424242424
"4720",0.825,0.344655741813292,0.588235294117647,0.82258064516129,0.555555555555556,0.903225806451613,0.444444444444444,0.0967741935483871,5.74074074074074,0.492063492063492
"4721",0.75,0.413381646614433,0.545454545454545,0.791666666666667,0.5,0.857142857142857,0.5,0.142857142857143,3.5,0.583333333333333
"4722",0.85,0.356045105993187,0.666666666666667,0.887147335423197,0.545454545454545,0.96551724137931,0.454545454545455,0.0344827586206896,15.8181818181818,0.470779220779221
"4723",0.8,0.354316099373606,0.636363636363636,0.835,0.7,0.833333333333333,0.3,0.166666666666667,4.2,0.36
"4724",0.7,0.445159573810522,0.333333333333333,0.72,0.3,0.833333333333333,0.7,0.166666666666667,1.8,0.84
"4725",0.9,0.302079063216017,0.75,0.8671875,0.75,0.9375,0.25,0.0625,12,0.266666666666667
"4726",0.7,0.450734869769482,0.454545454545455,0.79153605015674,0.454545454545455,0.793103448275862,0.545454545454545,0.206896551724138,2.1969696969697,0.687747035573122
"4727",0.85,0.34943916716571,0.727272727272727,0.80952380952381,0.666666666666667,0.928571428571429,0.333333333333333,0.0714285714285714,9.33333333333334,0.358974358974359
"4728",0.85,0.330864530009033,0.666666666666667,0.883512544802867,0.666666666666667,0.903225806451613,0.333333333333333,0.0967741935483871,6.88888888888889,0.369047619047619
"4729",0.8,0.374864705746929,0.666666666666667,0.851190476190476,0.666666666666667,0.857142857142857,0.333333333333333,0.142857142857143,4.66666666666667,0.388888888888889
"4730",0.9,0.332124332808977,0.777777777777778,0.895,0.7,0.966666666666667,0.3,0.0333333333333333,21,0.310344827586207
"4731",0.825,0.347265471165862,0.631578947368421,0.82601880877743,0.545454545454545,0.931034482758621,0.454545454545455,0.0689655172413793,7.90909090909091,0.488215488215488
"4732",0.75,0.452157737543062,0.545454545454545,0.837606837606838,0.461538461538462,0.888888888888889,0.538461538461538,0.111111111111111,4.15384615384615,0.605769230769231
"4733",0.8,0.37174512125151,0.636363636363636,0.879310344827586,0.636363636363636,0.862068965517241,0.363636363636364,0.137931034482759,4.61363636363636,0.421818181818182
"4734",0.7,0.457817705350802,0.538461538461538,0.754464285714286,0.583333333333333,0.75,0.416666666666667,0.25,2.33333333333333,0.555555555555555
"4735",0.775,0.398806238940225,0.608695652173913,0.742165242165242,0.538461538461538,0.888888888888889,0.461538461538462,0.111111111111111,4.84615384615384,0.519230769230769
"4736",0.825,0.350896284574568,0.631578947368421,0.89247311827957,0.666666666666667,0.870967741935484,0.333333333333333,0.129032258064516,5.16666666666667,0.382716049382716
"4737",0.775,0.393384857239302,0.526315789473684,0.758333333333333,0.5,0.866666666666667,0.5,0.133333333333333,3.75,0.576923076923077
"4738",0.9,0.359454314939908,0.833333333333333,0.895604395604396,0.714285714285714,1,0.285714285714286,0,Inf,0.285714285714286
"4739",0.825,0.264371311271702,0.631578947368421,0.995098039215686,1,0.794117647058823,0,0.205882352941177,4.85714285714286,0
"4740",0.925,0.30566463596729,0.842105263157895,0.974921630094044,0.727272727272727,1,0.272727272727273,0,Inf,0.272727272727273
"4741",0.825,0.359912403365089,0.631578947368421,0.901433691756272,0.666666666666667,0.870967741935484,0.333333333333333,0.129032258064516,5.16666666666667,0.382716049382716
"4742",0.775,0.440753421948661,0.608695652173913,0.786666666666667,0.466666666666667,0.96,0.533333333333333,0.04,11.6666666666667,0.555555555555556
"4743",0.85,0.381404961947267,0.666666666666667,0.826666666666667,0.6,0.933333333333333,0.4,0.0666666666666667,9,0.428571428571429
"4744",0.85,0.375596144889679,0.75,0.871794871794872,0.692307692307692,0.925925925925926,0.307692307692308,0.0740740740740741,9.34615384615385,0.332307692307692
"4745",0.875,0.316293881627737,0.761904761904762,0.924764890282132,0.727272727272727,0.931034482758621,0.272727272727273,0.0689655172413793,10.5454545454545,0.292929292929293
"4746",0.8,0.324573400487905,0.5,0.865800865800866,0.571428571428571,0.848484848484849,0.428571428571429,0.151515151515151,3.77142857142857,0.505102040816327
"4747",0.875,0.348054292032271,0.761904761904762,0.871473354231975,0.727272727272727,0.931034482758621,0.272727272727273,0.0689655172413793,10.5454545454545,0.292929292929293
"4748",0.8,0.360408654783207,0.555555555555556,0.868333333333333,0.5,0.9,0.5,0.1,5,0.555555555555556
"4749",0.85,0.307431659806874,0.7,0.91015625,0.875,0.84375,0.125,0.15625,5.6,0.148148148148148
"4750",0.875,0.291464747631007,0.705882352941177,0.840501792114695,0.666666666666667,0.935483870967742,0.333333333333333,0.0645161290322581,10.3333333333333,0.35632183908046
"4751",0.825,0.363971364372464,0.666666666666667,0.855654761904762,0.583333333333333,0.928571428571429,0.416666666666667,0.0714285714285714,8.16666666666667,0.448717948717949
"4752",0.85,0.347911811907645,0.625,0.857366771159875,0.454545454545455,1,0.545454545454545,0,Inf,0.545454545454545
"4753",0.85,0.328351491174997,0.571428571428571,0.7890625,0.5,0.9375,0.5,0.0625,8,0.533333333333333
"4754",0.75,0.370186802683252,0.5,0.792207792207792,0.714285714285714,0.757575757575758,0.285714285714286,0.242424242424242,2.94642857142857,0.377142857142857
"4755",0.8,0.385953547243378,0.636363636363636,0.764890282131661,0.636363636363636,0.862068965517241,0.363636363636364,0.137931034482759,4.61363636363636,0.421818181818182
"4756",0.725,0.441352016721129,0.592592592592593,0.772079772079772,0.615384615384615,0.777777777777778,0.384615384615385,0.222222222222222,2.76923076923077,0.494505494505494
"4757",0.85,0.328996350233308,0.7,0.912186379928315,0.777777777777778,0.870967741935484,0.222222222222222,0.129032258064516,6.02777777777778,0.255144032921811
"4758",0.75,0.375472672445948,0.6875,0.850666666666667,0.733333333333333,0.76,0.266666666666667,0.24,3.05555555555556,0.350877192982456
"4759",0.85,0.376934696183647,0.666666666666667,0.843260188087774,0.545454545454545,0.96551724137931,0.454545454545455,0.0344827586206896,15.8181818181818,0.470779220779221
"4760",0.825,0.370940522649494,0.666666666666667,0.752351097178683,0.636363636363636,0.896551724137931,0.363636363636364,0.103448275862069,6.15151515151515,0.405594405594406
"4761",0.8,0.420206251758503,0.692307692307692,0.817333333333333,0.6,0.92,0.4,0.08,7.5,0.434782608695652
"4762",0.825,0.324559962269029,0.631578947368421,0.82078853046595,0.666666666666667,0.870967741935484,0.333333333333333,0.129032258064516,5.16666666666667,0.382716049382716
"4763",0.85,0.316986916183233,0.571428571428571,0.94921875,0.5,0.9375,0.5,0.0625,8,0.533333333333333
"4764",0.75,0.318861547639341,0.583333333333333,0.92578125,0.875,0.71875,0.125,0.28125,3.11111111111111,0.173913043478261
"4765",0.8,0.355836563387762,0.692307692307692,0.875,0.75,0.821428571428571,0.25,0.178571428571429,4.2,0.304347826086957
"4766",0.85,0.351178445684559,0.727272727272727,0.922619047619048,0.666666666666667,0.928571428571429,0.333333333333333,0.0714285714285714,9.33333333333334,0.358974358974359
"4767",0.8,0.385883801521656,0.636363636363636,0.873219373219373,0.538461538461538,0.925925925925926,0.461538461538462,0.0740740740740741,7.26923076923077,0.498461538461539
"4768",0.825,0.386466637477763,0.588235294117647,0.797491039426523,0.555555555555556,0.903225806451613,0.444444444444444,0.0967741935483871,5.74074074074074,0.492063492063492
"4769",0.775,0.343175557077664,0.64,0.847962382445141,0.727272727272727,0.793103448275862,0.272727272727273,0.206896551724138,3.51515151515152,0.343873517786561
"4770",0.825,0.370070658592775,0.631578947368421,0.80564263322884,0.545454545454545,0.931034482758621,0.454545454545455,0.0689655172413793,7.90909090909091,0.488215488215488
"4771",0.825,0.296732340698272,0.588235294117647,0.833333333333333,0.833333333333333,0.823529411764706,0.166666666666667,0.176470588235294,4.72222222222222,0.202380952380952
"4772",0.65,0.468459869767512,0.363636363636364,0.740384615384615,0.285714285714286,0.846153846153846,0.714285714285714,0.153846153846154,1.85714285714286,0.844155844155844
"4773",0.725,0.418416494578736,0.421052631578947,0.760188087774295,0.363636363636364,0.862068965517241,0.636363636363636,0.137931034482759,2.63636363636364,0.738181818181818
"4774",0.725,0.38560397527205,0.56,0.767857142857143,0.583333333333333,0.785714285714286,0.416666666666667,0.214285714285714,2.72222222222222,0.53030303030303
"4775",0.7,0.427133597410524,0.6,0.803571428571429,0.75,0.678571428571429,0.25,0.321428571428571,2.33333333333333,0.368421052631579
"4776",0.75,0.432714039579718,0.615384615384615,0.833333333333333,0.533333333333333,0.88,0.466666666666667,0.12,4.44444444444444,0.53030303030303
"4777",0.75,0.407820196332181,0.615384615384615,0.774928774928775,0.615384615384615,0.814814814814815,0.384615384615385,0.185185185185185,3.32307692307692,0.472027972027972
"4778",0.775,0.431525698283068,0.571428571428571,0.764880952380952,0.5,0.892857142857143,0.5,0.107142857142857,4.66666666666667,0.56
"4779",0.775,0.362864970418885,0.608695652173913,0.85,0.7,0.8,0.3,0.2,3.5,0.375
"4780",0.775,0.370289093266173,0.571428571428571,0.844086021505376,0.666666666666667,0.806451612903226,0.333333333333333,0.193548387096774,3.44444444444444,0.413333333333333
"4781",0.85,0.331698483491306,0.727272727272727,0.912186379928315,0.888888888888889,0.838709677419355,0.111111111111111,0.161290322580645,5.51111111111111,0.132478632478633
"4782",0.8,0.330809707210048,0.666666666666667,0.843260188087774,0.727272727272727,0.827586206896552,0.272727272727273,0.172413793103448,4.21818181818182,0.329545454545455
"4783",0.8,0.348220008953104,0.6,0.795,0.6,0.866666666666667,0.4,0.133333333333333,4.5,0.461538461538462
"4784",0.825,0.303987329535852,0.533333333333333,0.844155844155844,0.571428571428571,0.878787878787879,0.428571428571429,0.121212121212121,4.71428571428571,0.487684729064039
"4785",0.875,0.327103876234071,0.782608695652174,0.917378917378917,0.692307692307692,0.962962962962963,0.307692307692308,0.0370370370370371,18.6923076923077,0.319526627218935
"4786",0.75,0.429107132309316,0.583333333333333,0.789333333333333,0.466666666666667,0.92,0.533333333333333,0.08,5.83333333333334,0.579710144927536
"4787",0.85,0.330248650377369,0.625,0.846320346320346,0.714285714285714,0.878787878787879,0.285714285714286,0.121212121212121,5.89285714285714,0.32512315270936
"4788",0.725,0.460148385734096,0.476190476190476,0.751373626373626,0.357142857142857,0.923076923076923,0.642857142857143,0.0769230769230769,4.64285714285715,0.696428571428571
"4789",0.775,0.374225350279491,0.571428571428571,0.824372759856631,0.666666666666667,0.806451612903226,0.333333333333333,0.193548387096774,3.44444444444444,0.413333333333333
"4790",0.825,0.375721672486252,0.631578947368421,0.833855799373041,0.545454545454545,0.931034482758621,0.454545454545455,0.0689655172413793,7.90909090909091,0.488215488215488
"4791",0.675,0.421304400980773,0.380952380952381,0.736666666666667,0.4,0.766666666666667,0.6,0.233333333333333,1.71428571428571,0.782608695652174
"4792",0.8,0.384982473676116,0.636363636363636,0.829153605015674,0.636363636363636,0.862068965517241,0.363636363636364,0.137931034482759,4.61363636363636,0.421818181818182
"4793",0.875,0.286697332335003,0.666666666666667,0.904411764705882,0.833333333333333,0.882352941176471,0.166666666666667,0.117647058823529,7.08333333333333,0.188888888888889
"4794",0.85,0.344017665745568,0.75,0.870535714285714,0.75,0.892857142857143,0.25,0.107142857142857,7,0.28
"4795",0.75,0.440841472200928,0.615384615384615,0.792582417582418,0.571428571428571,0.846153846153846,0.428571428571429,0.153846153846154,3.71428571428571,0.506493506493507
"4796",0.875,0.315689184239999,0.666666666666667,0.833984375,0.625,0.9375,0.375,0.0625,10,0.4
"4797",0.775,0.417280311459022,0.64,0.783699059561129,0.727272727272727,0.793103448275862,0.272727272727273,0.206896551724138,3.51515151515152,0.343873517786561
"4798",0.775,0.329248818253729,0.571428571428571,0.908333333333333,0.6,0.833333333333333,0.4,0.166666666666667,3.6,0.48
"4799",0.825,0.304213165826182,0.533333333333333,0.879901960784314,0.666666666666667,0.852941176470588,0.333333333333333,0.147058823529412,4.53333333333333,0.39080459770115
"4800",0.8,0.350996161636717,0.428571428571429,0.843137254901961,0.5,0.852941176470588,0.5,0.147058823529412,3.4,0.586206896551724
"4801",0.8,0.340744814548429,0.636363636363636,0.927734375,0.875,0.78125,0.125,0.21875,4,0.16
"4802",0.875,0.315481176049648,0.736842105263158,0.856666666666667,0.7,0.933333333333333,0.3,0.0666666666666667,10.5,0.321428571428571
"4803",0.925,0.317135601788171,0.857142857142857,0.979166666666667,0.75,1,0.25,0,Inf,0.25
"4804",0.75,0.3853503579751,0.583333333333333,0.827380952380952,0.583333333333333,0.821428571428571,0.416666666666667,0.178571428571429,3.26666666666667,0.507246376811594
"4805",0.775,0.381275073062325,0.571428571428571,0.8,0.6,0.833333333333333,0.4,0.166666666666667,3.6,0.48
"4806",0.8,0.385945285188727,0.6,0.739583333333333,0.5,0.928571428571429,0.5,0.0714285714285714,7,0.538461538461538
"4807",0.9,0.305905879184908,0.777777777777778,0.940860215053763,0.777777777777778,0.935483870967742,0.222222222222222,0.0645161290322581,12.0555555555555,0.237547892720307
"4808",0.825,0.343960228843074,0.588235294117647,0.816017316017316,0.714285714285714,0.848484848484849,0.285714285714286,0.151515151515151,4.71428571428572,0.336734693877551
"4809",0.825,0.314331119272044,0.695652173913043,0.931899641577061,0.888888888888889,0.806451612903226,0.111111111111111,0.193548387096774,4.59259259259259,0.137777777777778
"4810",0.825,0.400688110132091,0.666666666666667,0.883928571428571,0.583333333333333,0.928571428571429,0.416666666666667,0.0714285714285714,8.16666666666667,0.448717948717949
"4811",0.85,0.358678834897607,0.727272727272727,0.927350427350427,0.615384615384615,0.962962962962963,0.384615384615385,0.0370370370370371,16.6153846153846,0.399408284023669
"4812",0.775,0.405379231450207,0.64,0.825892857142857,0.666666666666667,0.821428571428571,0.333333333333333,0.178571428571429,3.73333333333333,0.405797101449275
"4813",0.8,0.399652058744416,0.636363636363636,0.857549857549858,0.538461538461538,0.925925925925926,0.461538461538462,0.0740740740740741,7.26923076923077,0.498461538461539
"4814",0.8,0.378092610170282,0.636363636363636,0.777429467084639,0.636363636363636,0.862068965517241,0.363636363636364,0.137931034482759,4.61363636363636,0.421818181818182
"4815",0.825,0.362867862326158,0.72,0.841880341880342,0.692307692307692,0.888888888888889,0.307692307692308,0.111111111111111,6.23076923076923,0.346153846153846
"4816",0.9,0.274830590911083,0.818181818181818,0.97,0.9,0.9,0.1,0.1,9,0.111111111111111
"4817",0.775,0.371517672895931,0.666666666666667,0.921146953405018,1,0.709677419354839,0,0.290322580645161,3.44444444444445,0
"4818",0.875,0.370560283825252,0.761904761904762,0.921652421652422,0.615384615384615,1,0.384615384615385,0,Inf,0.384615384615385
"4819",0.775,0.393093525035564,0.608695652173913,0.896103896103896,1,0.727272727272727,0,0.272727272727273,3.66666666666667,0
"4820",0.8,0.398877801933737,0.692307692307692,0.864,0.6,0.92,0.4,0.08,7.5,0.434782608695652
"4821",0.775,0.383152451696995,0.689655172413793,0.826210826210826,0.769230769230769,0.777777777777778,0.230769230769231,0.222222222222222,3.46153846153846,0.296703296703297
"4822",0.75,0.426888020083378,0.583333333333333,0.81043956043956,0.5,0.884615384615385,0.5,0.115384615384615,4.33333333333333,0.565217391304348
"4823",0.75,0.395488748363359,0.545454545454545,0.778996865203762,0.545454545454545,0.827586206896552,0.454545454545455,0.172413793103448,3.16363636363636,0.549242424242424
"4824",0.8,0.363071831052302,0.6,0.882445141065831,0.545454545454545,0.896551724137931,0.454545454545455,0.103448275862069,5.27272727272727,0.506993006993007
"4825",0.75,0.393702958665755,0.615384615384615,0.833333333333333,0.615384615384615,0.814814814814815,0.384615384615385,0.185185185185185,3.32307692307692,0.472027972027972
"4826",0.75,0.422430023489159,0.615384615384615,0.811813186813187,0.571428571428571,0.846153846153846,0.428571428571429,0.153846153846154,3.71428571428571,0.506493506493507
"4827",0.825,0.341138280099037,0.666666666666667,0.766666666666667,0.7,0.866666666666667,0.3,0.133333333333333,5.25,0.346153846153846
"4828",0.8,0.40664036538957,0.666666666666667,0.798666666666667,0.533333333333333,0.96,0.466666666666667,0.04,13.3333333333333,0.486111111111111
"4829",0.825,0.340228121697718,0.533333333333333,0.884803921568627,0.666666666666667,0.852941176470588,0.333333333333333,0.147058823529412,4.53333333333333,0.39080459770115
"4830",0.875,0.29856009813521,0.761904761904762,0.949820788530466,0.888888888888889,0.870967741935484,0.111111111111111,0.129032258064516,6.88888888888889,0.127572016460905
"4831",0.75,0.424408860412662,0.615384615384615,0.820054945054945,0.571428571428571,0.846153846153846,0.428571428571429,0.153846153846154,3.71428571428571,0.506493506493507
"4832",0.85,0.34972431779005,0.727272727272727,0.875,0.8,0.866666666666667,0.2,0.133333333333333,6,0.230769230769231
"4833",0.875,0.340927159607821,0.782608695652174,0.854700854700855,0.692307692307692,0.962962962962963,0.307692307692308,0.0370370370370371,18.6923076923077,0.319526627218935
"4834",0.925,0.295686236458231,0.869565217391304,0.9375,0.833333333333333,0.964285714285714,0.166666666666667,0.0357142857142857,23.3333333333333,0.172839506172839
"4835",0.8,0.38913067355414,0.692307692307692,0.840659340659341,0.642857142857143,0.884615384615385,0.357142857142857,0.115384615384615,5.57142857142857,0.403726708074534
"4836",0.775,0.388939788594778,0.64,0.9002849002849,0.615384615384615,0.851851851851852,0.384615384615385,0.148148148148148,4.15384615384615,0.451505016722408
"4837",0.825,0.377557745461786,0.740740740740741,0.854395604395604,0.714285714285714,0.884615384615385,0.285714285714286,0.115384615384615,6.19047619047619,0.322981366459627
"4838",0.8,0.402974610414044,0.555555555555556,0.879464285714286,0.416666666666667,0.964285714285714,0.583333333333333,0.0357142857142857,11.6666666666667,0.604938271604938
"4839",0.75,0.408109219649782,0.545454545454545,0.787202380952381,0.5,0.857142857142857,0.5,0.142857142857143,3.5,0.583333333333333
"4840",0.85,0.361327722009362,0.571428571428571,0.802867383512545,0.444444444444444,0.967741935483871,0.555555555555556,0.032258064516129,13.7777777777778,0.574074074074074
"4841",0.8,0.336000508057326,0.555555555555556,0.869140625,0.625,0.84375,0.375,0.15625,4,0.444444444444444
"4842",0.8,0.371670541739241,0.555555555555556,0.873040752351097,0.454545454545455,0.931034482758621,0.545454545454545,0.0689655172413793,6.59090909090909,0.585858585858586
"4843",0.925,0.252070396010963,0.8,0.902597402597403,0.857142857142857,0.939393939393939,0.142857142857143,0.0606060606060606,14.1428571428572,0.152073732718894
"4844",0.7,0.427446961441113,0.454545454545455,0.722570532915361,0.454545454545455,0.793103448275862,0.545454545454545,0.206896551724138,2.1969696969697,0.687747035573122
"4845",0.875,0.353233768711616,0.814814814814815,0.953296703296703,0.785714285714286,0.923076923076923,0.214285714285714,0.0769230769230769,10.2142857142857,0.232142857142857
"4846",0.8,0.378439199022165,0.666666666666667,0.808035714285714,0.666666666666667,0.857142857142857,0.333333333333333,0.142857142857143,4.66666666666667,0.388888888888889
"4847",0.775,0.371923356521006,0.608695652173913,0.878136200716846,0.777777777777778,0.774193548387097,0.222222222222222,0.225806451612903,3.44444444444444,0.287037037037037
"4848",0.825,0.323727623075081,0.666666666666667,0.842293906810036,0.777777777777778,0.838709677419355,0.222222222222222,0.161290322580645,4.82222222222222,0.264957264957265
"4849",0.825,0.388954626434912,0.588235294117647,0.778333333333333,0.5,0.933333333333333,0.5,0.0666666666666667,7.5,0.535714285714286
"4850",0.825,0.401040607441745,0.631578947368421,0.739811912225705,0.545454545454545,0.931034482758621,0.454545454545455,0.0689655172413793,7.90909090909091,0.488215488215488
"4851",0.825,0.335618491911185,0.72,0.884012539184953,0.818181818181818,0.827586206896552,0.181818181818182,0.172413793103448,4.74545454545455,0.21969696969697
"4852",0.825,0.364763430307887,0.740740740740741,0.913690476190476,0.833333333333333,0.821428571428571,0.166666666666667,0.178571428571429,4.66666666666667,0.202898550724638
"4853",0.775,0.371165531654083,0.64,0.858934169278997,0.727272727272727,0.793103448275862,0.272727272727273,0.206896551724138,3.51515151515152,0.343873517786561
"4854",0.75,0.394786775982016,0.615384615384615,0.819088319088319,0.615384615384615,0.814814814814815,0.384615384615385,0.185185185185185,3.32307692307692,0.472027972027972
"4855",0.825,0.373164113259854,0.588235294117647,0.85423197492163,0.454545454545455,0.96551724137931,0.545454545454545,0.0344827586206896,13.1818181818182,0.564935064935065
"4856",0.875,0.329667225036149,0.761904761904762,0.895833333333333,0.666666666666667,0.964285714285714,0.333333333333333,0.0357142857142857,18.6666666666667,0.345679012345679
"4857",0.825,0.372915477864246,0.533333333333333,0.833333333333333,0.444444444444444,0.935483870967742,0.555555555555556,0.0645161290322581,6.88888888888888,0.593869731800766
"4858",0.775,0.400564715403267,0.689655172413793,0.864450127877238,0.588235294117647,0.91304347826087,0.411764705882353,0.0869565217391305,6.76470588235294,0.450980392156863
"4859",0.8,0.396952073873214,0.692307692307692,0.853333333333333,0.6,0.92,0.4,0.08,7.5,0.434782608695652
"4860",0.75,0.41612430885266,0.375,0.715,0.3,0.9,0.7,0.1,3,0.777777777777778
"4861",0.675,0.465010780107452,0.518518518518518,0.758928571428571,0.583333333333333,0.714285714285714,0.416666666666667,0.285714285714286,2.04166666666667,0.583333333333333
"4862",0.775,0.329830343225063,0.666666666666667,0.860119047619048,0.75,0.785714285714286,0.25,0.214285714285714,3.5,0.318181818181818
"4863",0.875,0.350148377547689,0.782608695652174,0.866071428571428,0.75,0.928571428571429,0.25,0.0714285714285714,10.5,0.269230769230769
"4864",0.675,0.439203555756495,0.380952380952381,0.706093189964158,0.444444444444444,0.741935483870968,0.555555555555556,0.258064516129032,1.72222222222222,0.748792270531401
"4865",0.775,0.379428723280244,0.666666666666667,0.886666666666667,0.6,0.88,0.4,0.12,5,0.454545454545455
"4866",0.875,0.335553780809511,0.8,0.942307692307692,0.714285714285714,0.961538461538462,0.285714285714286,0.0384615384615384,18.5714285714286,0.297142857142857
"4867",0.75,0.357537796570238,0.444444444444444,0.841991341991342,0.571428571428571,0.787878787878788,0.428571428571429,0.212121212121212,2.69387755102041,0.543956043956044
"4868",0.825,0.363452298364297,0.666666666666667,0.848214285714286,0.583333333333333,0.928571428571429,0.416666666666667,0.0714285714285714,8.16666666666667,0.448717948717949
"4869",0.775,0.36467071743869,0.571428571428571,0.85663082437276,0.666666666666667,0.806451612903226,0.333333333333333,0.193548387096774,3.44444444444444,0.413333333333333
"4870",0.775,0.384479849940286,0.608695652173913,0.845238095238095,0.583333333333333,0.857142857142857,0.416666666666667,0.142857142857143,4.08333333333333,0.486111111111111
"4871",0.825,0.333474335113126,0.774193548387097,0.927350427350427,0.923076923076923,0.777777777777778,0.0769230769230769,0.222222222222222,4.15384615384615,0.0989010989010988
"4872",0.725,0.454632479340106,0.421052631578947,0.759259259259259,0.307692307692308,0.925925925925926,0.692307692307692,0.0740740740740741,4.15384615384615,0.747692307692308
"4873",0.85,0.352303846648051,0.727272727272727,0.921130952380952,0.666666666666667,0.928571428571429,0.333333333333333,0.0714285714285714,9.33333333333334,0.358974358974359
"4874",0.8,0.349407676814866,0.636363636363636,0.85,0.7,0.833333333333333,0.3,0.166666666666667,4.2,0.36
"4875",0.925,0.326502240706978,0.857142857142857,0.973214285714286,0.75,1,0.25,0,Inf,0.25
"4876",0.8,0.346197361222,0.666666666666667,0.869905956112853,0.727272727272727,0.827586206896552,0.272727272727273,0.172413793103448,4.21818181818182,0.329545454545455
"4877",0.825,0.327903001780221,0.666666666666667,0.85663082437276,0.777777777777778,0.838709677419355,0.222222222222222,0.161290322580645,4.82222222222222,0.264957264957265
"4878",0.825,0.337797826149589,0.588235294117647,0.802734375,0.625,0.875,0.375,0.125,5,0.428571428571429
"4879",0.8,0.347089906076508,0.6,0.868333333333333,0.6,0.866666666666667,0.4,0.133333333333333,4.5,0.461538461538462
"4880",0.825,0.368896510385985,0.666666666666667,0.857549857549858,0.538461538461538,0.962962962962963,0.461538461538462,0.0370370370370371,14.5384615384615,0.479289940828402
"4881",0.9,0.321363238348861,0.8,0.998511904761905,0.666666666666667,1,0.333333333333333,0,Inf,0.333333333333333
"4882",0.775,0.424787464473176,0.526315789473684,0.75,0.416666666666667,0.928571428571429,0.583333333333333,0.0714285714285714,5.83333333333334,0.628205128205128
"4883",0.75,0.413944460427641,0.615384615384615,0.799450549450549,0.571428571428571,0.846153846153846,0.428571428571429,0.153846153846154,3.71428571428571,0.506493506493507
"4884",0.8,0.366112525701499,0.555555555555556,0.736666666666667,0.5,0.9,0.5,0.1,5,0.555555555555556
"4885",0.725,0.364784357185528,0.592592592592593,0.841880341880342,0.615384615384615,0.777777777777778,0.384615384615385,0.222222222222222,2.76923076923077,0.494505494505494
"4886",0.75,0.443100314654009,0.642857142857143,0.825333333333333,0.6,0.84,0.4,0.16,3.75,0.476190476190476
"4887",0.7,0.460739000075886,0.454545454545455,0.773351648351648,0.357142857142857,0.884615384615385,0.642857142857143,0.115384615384615,3.09523809523809,0.726708074534161
"4888",0.75,0.413849130744487,0.545454545454545,0.818181818181818,0.545454545454545,0.827586206896552,0.454545454545455,0.172413793103448,3.16363636363636,0.549242424242424
"4889",0.7,0.430915858587595,0.538461538461538,0.785714285714286,0.583333333333333,0.75,0.416666666666667,0.25,2.33333333333333,0.555555555555555
"4890",0.925,0.318873249806175,0.869565217391304,0.876068376068376,0.769230769230769,1,0.230769230769231,0,Inf,0.230769230769231
"4891",0.7,0.439672372608022,0.454545454545455,0.72884012539185,0.454545454545455,0.793103448275862,0.545454545454545,0.206896551724138,2.1969696969697,0.687747035573122
"4892",0.775,0.407940199788083,0.64,0.805,0.8,0.766666666666667,0.2,0.233333333333333,3.42857142857143,0.260869565217391
"4893",0.825,0.316192641777914,0.666666666666667,0.861666666666667,0.7,0.866666666666667,0.3,0.133333333333333,5.25,0.346153846153846
"4894",0.85,0.322759252835868,0.75,0.932601880877743,0.818181818181818,0.862068965517241,0.181818181818182,0.137931034482759,5.93181818181818,0.210909090909091
"4895",0.85,0.279165335595845,0.727272727272727,0.935483870967742,0.888888888888889,0.838709677419355,0.111111111111111,0.161290322580645,5.51111111111111,0.132478632478633
"4896",0.85,0.347241566088457,0.75,0.877492877492878,0.692307692307692,0.925925925925926,0.307692307692308,0.0740740740740741,9.34615384615385,0.332307692307692
"4897",0.85,0.322911740068537,0.727272727272727,0.858333333333333,0.8,0.866666666666667,0.2,0.133333333333333,6,0.230769230769231
"4898",0.875,0.33331438281983,0.666666666666667,0.831541218637993,0.555555555555556,0.967741935483871,0.444444444444444,0.032258064516129,17.2222222222222,0.459259259259259
"4899",0.85,0.281013567487224,0.727272727272727,0.961666666666667,0.8,0.866666666666667,0.2,0.133333333333333,6,0.230769230769231
"4900",0.85,0.325639973396298,0.727272727272727,0.883928571428571,0.666666666666667,0.928571428571429,0.333333333333333,0.0714285714285714,9.33333333333334,0.358974358974359
"4901",0.825,0.362524165935907,0.666666666666667,0.921652421652422,0.538461538461538,0.962962962962963,0.461538461538462,0.0370370370370371,14.5384615384615,0.479289940828402
"4902",0.9,0.337628385975234,0.8,0.926332288401254,0.727272727272727,0.96551724137931,0.272727272727273,0.0344827586206896,21.0909090909091,0.282467532467532
"4903",0.775,0.365829768786815,0.64,0.821316614420063,0.727272727272727,0.793103448275862,0.272727272727273,0.206896551724138,3.51515151515152,0.343873517786561
"4904",0.8,0.348699306142272,0.428571428571429,0.697142857142857,0.6,0.828571428571429,0.4,0.171428571428571,3.5,0.482758620689655
"4905",0.825,0.34845043811377,0.695652173913043,0.855654761904762,0.666666666666667,0.892857142857143,0.333333333333333,0.107142857142857,6.22222222222222,0.373333333333333
"4906",0.775,0.388574737041013,0.608695652173913,0.855654761904762,0.583333333333333,0.857142857142857,0.416666666666667,0.142857142857143,4.08333333333333,0.486111111111111
"4907",0.8,0.33482580510002,0.6,0.838709677419355,0.666666666666667,0.838709677419355,0.333333333333333,0.161290322580645,4.13333333333333,0.397435897435897
"4908",0.825,0.348047072748372,0.740740740740741,0.881868131868132,0.714285714285714,0.884615384615385,0.285714285714286,0.115384615384615,6.19047619047619,0.322981366459627
"4909",0.8,0.364665453758171,0.636363636363636,0.78,0.7,0.833333333333333,0.3,0.166666666666667,4.2,0.36
"4910",0.75,0.376481808088912,0.545454545454545,0.808333333333333,0.6,0.8,0.4,0.2,3,0.5
"4911",0.725,0.440517660092545,0.521739130434783,0.71875,0.5,0.821428571428571,0.5,0.178571428571429,2.8,0.608695652173913
"4912",0.825,0.356967663621848,0.666666666666667,0.895833333333333,0.583333333333333,0.928571428571429,0.416666666666667,0.0714285714285714,8.16666666666667,0.448717948717949
"4913",0.775,0.377901190678956,0.470588235294118,0.810035842293907,0.444444444444444,0.870967741935484,0.555555555555556,0.129032258064516,3.44444444444444,0.637860082304527
"4914",0.8,0.371602612588163,0.636363636363636,0.821316614420063,0.636363636363636,0.862068965517241,0.363636363636364,0.137931034482759,4.61363636363636,0.421818181818182
"4915",0.775,0.403620321476404,0.608695652173913,0.850274725274725,0.5,0.923076923076923,0.5,0.0769230769230769,6.5,0.541666666666667
"4916",0.8,0.371143660956465,0.733333333333333,0.865333333333333,0.733333333333333,0.84,0.266666666666667,0.16,4.58333333333333,0.317460317460318
"4917",0.8,0.379523266835519,0.636363636363636,0.934472934472934,0.538461538461538,0.925925925925926,0.461538461538462,0.0740740740740741,7.26923076923077,0.498461538461539
"4918",0.75,0.383147072936367,0.5,0.707885304659498,0.555555555555556,0.806451612903226,0.444444444444444,0.193548387096774,2.87037037037037,0.551111111111111
"4919",0.8,0.370312923818619,0.692307692307692,0.902472527472527,0.642857142857143,0.884615384615385,0.357142857142857,0.115384615384615,5.57142857142857,0.403726708074534
"4920",0.675,0.444403524376278,0.380952380952381,0.793154761904762,0.333333333333333,0.821428571428571,0.666666666666667,0.178571428571429,1.86666666666667,0.811594202898551
"4921",0.825,0.396840899469375,0.695652173913043,0.793956043956044,0.571428571428571,0.961538461538462,0.428571428571429,0.0384615384615384,14.8571428571429,0.445714285714286
"4922",0.7,0.450843499264097,0.454545454545455,0.757440476190476,0.416666666666667,0.821428571428571,0.583333333333333,0.178571428571429,2.33333333333333,0.710144927536232
"4923",0.825,0.353263799474802,0.695652173913043,0.880877742946709,0.727272727272727,0.862068965517241,0.272727272727273,0.137931034482759,5.27272727272727,0.316363636363636
"4924",0.825,0.34556266176264,0.588235294117647,0.845,0.5,0.933333333333333,0.5,0.0666666666666667,7.5,0.535714285714286
"4925",0.7,0.446031797980351,0.6,0.782608695652174,0.529411764705882,0.826086956521739,0.470588235294118,0.173913043478261,3.04411764705882,0.569659442724458
"4926",0.775,0.345203034614412,0.470588235294118,0.791015625,0.5,0.84375,0.5,0.15625,3.2,0.592592592592593
"4927",0.8,0.385138549832325,0.636363636363636,0.876068376068376,0.538461538461538,0.925925925925926,0.461538461538462,0.0740740740740741,7.26923076923077,0.498461538461539
"4928",0.8,0.360651021591733,0.555555555555556,0.835,0.5,0.9,0.5,0.1,5,0.555555555555556
"4929",0.75,0.387458428572289,0.444444444444444,0.759765625,0.5,0.8125,0.5,0.1875,2.66666666666667,0.615384615384615
"4930",0.85,0.277028359118273,0.625,0.95343137254902,0.833333333333333,0.852941176470588,0.166666666666667,0.147058823529412,5.66666666666667,0.195402298850575
"4931",0.85,0.321892388365736,0.75,0.869905956112853,0.818181818181818,0.862068965517241,0.181818181818182,0.137931034482759,5.93181818181818,0.210909090909091
"4932",0.775,0.409908370880969,0.608695652173913,0.818666666666667,0.466666666666667,0.96,0.533333333333333,0.04,11.6666666666667,0.555555555555556
"4933",0.775,0.390956852067295,0.64,0.836309523809524,0.666666666666667,0.821428571428571,0.333333333333333,0.178571428571429,3.73333333333333,0.405797101449275
"4934",0.875,0.358276742431671,0.8,0.880494505494505,0.714285714285714,0.961538461538462,0.285714285714286,0.0384615384615384,18.5714285714286,0.297142857142857
"4935",0.775,0.380320802003092,0.571428571428571,0.82258064516129,0.666666666666667,0.806451612903226,0.333333333333333,0.193548387096774,3.44444444444444,0.413333333333333
"4936",0.75,0.347755452593628,0.5,0.759856630824373,0.555555555555556,0.806451612903226,0.444444444444444,0.193548387096774,2.87037037037037,0.551111111111111
"4937",0.825,0.348739608825958,0.695652173913043,0.835423197492163,0.727272727272727,0.862068965517241,0.272727272727273,0.137931034482759,5.27272727272727,0.316363636363636
"4938",0.825,0.341938651774304,0.695652173913043,0.893416927899687,0.727272727272727,0.862068965517241,0.272727272727273,0.137931034482759,5.27272727272727,0.316363636363636
"4939",0.775,0.395502049790291,0.470588235294118,0.869905956112853,0.363636363636364,0.931034482758621,0.636363636363636,0.0689655172413793,5.27272727272727,0.683501683501683
"4940",0.85,0.384332657934949,0.75,0.853021978021978,0.642857142857143,0.961538461538462,0.357142857142857,0.0384615384615384,16.7142857142857,0.371428571428571
"4941",0.8,0.387713002503387,0.428571428571429,0.743333333333333,0.3,0.966666666666667,0.7,0.0333333333333333,9,0.724137931034483
"4942",0.825,0.420264950555097,0.695652173913043,0.836,0.533333333333333,1,0.466666666666667,0,Inf,0.466666666666667
"4943",0.775,0.390288577537304,0.526315789473684,0.827586206896552,0.454545454545455,0.896551724137931,0.545454545454545,0.103448275862069,4.39393939393939,0.608391608391608
"4944",0.875,0.335981328836454,0.761904761904762,0.891666666666667,0.8,0.9,0.2,0.1,8,0.222222222222222
"4945",0.8,0.388827007705242,0.636363636363636,0.869047619047619,0.583333333333333,0.892857142857143,0.416666666666667,0.107142857142857,5.44444444444445,0.466666666666667
"4946",0.75,0.428756831675825,0.5,0.755485893416928,0.454545454545455,0.862068965517241,0.545454545454545,0.137931034482759,3.29545454545454,0.632727272727273
"4947",0.725,0.41221400527859,0.592592592592593,0.806318681318681,0.571428571428571,0.807692307692308,0.428571428571429,0.192307692307692,2.97142857142857,0.530612244897959
"4948",0.8,0.392288020638399,0.555555555555556,0.716845878136201,0.555555555555556,0.870967741935484,0.444444444444444,0.129032258064516,4.30555555555556,0.510288065843621
"4949",0.75,0.448801306579773,0.5,0.724609375,0.625,0.78125,0.375,0.21875,2.85714285714286,0.48
"4950",0.75,0.345093357422784,0.444444444444444,0.714285714285714,0.571428571428571,0.787878787878788,0.428571428571429,0.212121212121212,2.69387755102041,0.543956043956044
"4951",0.75,0.409995049987018,0.545454545454545,0.7734375,0.75,0.75,0.25,0.25,3,0.333333333333333
"4952",0.9,0.28135844810615,0.777777777777778,0.96969696969697,1,0.878787878787879,0,0.121212121212121,8.25,0
"4953",0.9,0.326725826175279,0.833333333333333,0.928571428571428,0.833333333333333,0.928571428571429,0.166666666666667,0.0714285714285714,11.6666666666667,0.179487179487179
"4954",0.725,0.423618294188165,0.421052631578947,0.683333333333333,0.4,0.833333333333333,0.6,0.166666666666667,2.4,0.72
"4955",0.725,0.442012492194319,0.56,0.766457680250784,0.636363636363636,0.758620689655172,0.363636363636364,0.241379310344828,2.63636363636364,0.479338842975207
"4956",0.875,0.344708990895838,0.761904761904762,0.876488095238095,0.666666666666667,0.964285714285714,0.333333333333333,0.0357142857142857,18.6666666666667,0.345679012345679
"4957",0.775,0.401587691278527,0.526315789473684,0.777429467084639,0.454545454545455,0.896551724137931,0.545454545454545,0.103448275862069,4.39393939393939,0.608391608391608
"4958",0.875,0.30367661343616,0.666666666666667,0.85546875,0.625,0.9375,0.375,0.0625,10,0.4
"4959",0.825,0.34864627004961,0.588235294117647,0.8671875,0.625,0.875,0.375,0.125,5,0.428571428571429
"4960",0.85,0.295388631828467,0.7,0.966666666666667,0.7,0.9,0.3,0.1,7,0.333333333333333
"4961",0.8,0.350093351356247,0.5,0.853515625,0.5,0.875,0.5,0.125,4,0.571428571428571
"4962",0.925,0.230343485378232,0.823529411764706,0.995670995670996,1,0.909090909090909,0,0.0909090909090909,11,0
"4963",0.825,0.39294020375703,0.774193548387097,0.885416666666667,0.75,0.875,0.25,0.125,6,0.285714285714286
"4964",0.775,0.360561078150813,0.608695652173913,0.883928571428571,0.583333333333333,0.857142857142857,0.416666666666667,0.142857142857143,4.08333333333333,0.486111111111111
"4965",0.725,0.432881115244603,0.421052631578947,0.721003134796238,0.363636363636364,0.862068965517241,0.636363636363636,0.137931034482759,2.63636363636364,0.738181818181818
"4966",0.725,0.407148017006154,0.521739130434783,0.879464285714286,0.5,0.821428571428571,0.5,0.178571428571429,2.8,0.608695652173913
"4967",0.825,0.366900116140877,0.666666666666667,0.837797619047619,0.583333333333333,0.928571428571429,0.416666666666667,0.0714285714285714,8.16666666666667,0.448717948717949
"4968",0.75,0.356376130662739,0.5,0.831666666666667,0.5,0.833333333333333,0.5,0.166666666666667,3,0.6
"4969",0.775,0.359163662838114,0.64,0.866071428571428,0.666666666666667,0.821428571428571,0.333333333333333,0.178571428571429,3.73333333333333,0.405797101449275
"4970",0.75,0.391220850766045,0.444444444444444,0.732974910394265,0.444444444444444,0.838709677419355,0.555555555555556,0.161290322580645,2.75555555555556,0.662393162393162
"4971",0.75,0.392789515871459,0.444444444444444,0.745519713261649,0.444444444444444,0.838709677419355,0.555555555555556,0.161290322580645,2.75555555555556,0.662393162393162
"4972",0.75,0.416875291146014,0.583333333333333,0.779202279202279,0.538461538461538,0.851851851851852,0.461538461538462,0.148148148148148,3.63461538461538,0.54180602006689
"4973",0.825,0.369263386047956,0.631578947368421,0.854166666666667,0.5,0.964285714285714,0.5,0.0357142857142857,14,0.518518518518518
"4974",0.725,0.393020678791067,0.421052631578947,0.748046875,0.5,0.78125,0.5,0.21875,2.28571428571429,0.64
"4975",0.825,0.37100036666922,0.695652173913043,0.841880341880342,0.615384615384615,0.925925925925926,0.384615384615385,0.0740740740740741,8.30769230769231,0.415384615384615
"4976",0.8,0.39560643679846,0.666666666666667,0.827635327635328,0.615384615384615,0.888888888888889,0.384615384615385,0.111111111111111,5.53846153846154,0.432692307692308
"4977",0.725,0.428939228547038,0.56,0.872,0.466666666666667,0.88,0.533333333333333,0.12,3.88888888888889,0.606060606060606
"4978",0.95,0.301263933231919,0.909090909090909,0.924764890282132,0.909090909090909,0.96551724137931,0.0909090909090909,0.0344827586206896,26.3636363636364,0.0941558441558442
"4979",0.825,0.358592000014893,0.695652173913043,0.861607142857143,0.666666666666667,0.892857142857143,0.333333333333333,0.107142857142857,6.22222222222222,0.373333333333333
"4980",0.85,0.357760049073951,0.7,0.85423197492163,0.636363636363636,0.931034482758621,0.363636363636364,0.0689655172413793,9.22727272727272,0.390572390572391
"4981",0.825,0.311929356141704,0.588235294117647,0.84765625,0.625,0.875,0.375,0.125,5,0.428571428571429
"4982",0.8,0.406780004209462,0.666666666666667,0.831908831908832,0.615384615384615,0.888888888888889,0.384615384615385,0.111111111111111,5.53846153846154,0.432692307692308
"4983",0.7,0.458138612474694,0.5,0.802197802197802,0.428571428571429,0.846153846153846,0.571428571428571,0.153846153846154,2.78571428571429,0.675324675324675
"4984",0.85,0.370111729345718,0.7,0.87202380952381,0.583333333333333,0.964285714285714,0.416666666666667,0.0357142857142857,16.3333333333333,0.432098765432099
"4985",0.825,0.379084218910398,0.758620689655172,0.885416666666667,0.6875,0.916666666666667,0.3125,0.0833333333333334,8.25,0.340909090909091
"4986",0.825,0.345343392340473,0.740740740740741,0.862637362637363,0.714285714285714,0.884615384615385,0.285714285714286,0.115384615384615,6.19047619047619,0.322981366459627
"4987",0.75,0.389933765304263,0.545454545454545,0.797805642633229,0.545454545454545,0.827586206896552,0.454545454545455,0.172413793103448,3.16363636363636,0.549242424242424
"4988",0.75,0.410735564886421,0.444444444444444,0.802867383512545,0.444444444444444,0.838709677419355,0.555555555555556,0.161290322580645,2.75555555555556,0.662393162393162
"4989",0.75,0.425542281917382,0.615384615384615,0.864583333333333,0.666666666666667,0.785714285714286,0.333333333333333,0.214285714285714,3.11111111111111,0.424242424242424
"4990",0.775,0.41874043822343,0.526315789473684,0.847578347578348,0.384615384615385,0.962962962962963,0.615384615384615,0.0370370370370371,10.3846153846154,0.63905325443787
"4991",0.85,0.370420704024651,0.727272727272727,0.864672364672365,0.615384615384615,0.962962962962963,0.384615384615385,0.0370370370370371,16.6153846153846,0.399408284023669
"4992",0.875,0.312986386494013,0.814814814814815,0.96011396011396,0.846153846153846,0.888888888888889,0.153846153846154,0.111111111111111,7.61538461538461,0.173076923076923
"4993",0.85,0.342158471801282,0.625,0.91015625,0.625,0.90625,0.375,0.09375,6.66666666666667,0.413793103448276
"4994",0.85,0.332702703601512,0.7,0.866666666666667,0.7,0.9,0.3,0.1,7,0.333333333333333
"4995",0.825,0.31990642953059,0.740740740740741,0.927899686520376,0.909090909090909,0.793103448275862,0.0909090909090909,0.206896551724138,4.39393939393939,0.114624505928854
"4996",0.8,0.395846487447162,0.692307692307692,0.848958333333333,0.5625,0.958333333333333,0.4375,0.0416666666666666,13.5,0.456521739130435
"4997",0.75,0.358983766230868,0.375,0.814453125,0.375,0.84375,0.625,0.15625,2.4,0.740740740740741
"4998",0.75,0.396084154050565,0.583333333333333,0.824404761904762,0.583333333333333,0.821428571428571,0.416666666666667,0.178571428571429,3.26666666666667,0.507246376811594
"4999",0.675,0.483621046016003,0.48,0.739583333333333,0.5,0.75,0.5,0.25,2,0.666666666666667
"5000",0.8,0.319258932420055,0.636363636363636,0.92578125,0.875,0.78125,0.125,0.21875,4,0.16
