"","optimal_cutoff","optimal_SUVcutoff","acc","rmse","f1","auc","sens","spec","fnr","fpr","plr","nlr"
"1",0.8255,9.54678104826511,0.935483870967742,0.321822589063317,0.857142857142857,0.958333333333333,0.857142857142857,0.958333333333333,0.142857142857143,0.0416666666666666,20.5714285714286,0.149068322981366
"2",0.279,4.17834566663411,0.838709677419355,0.342659955683571,0.736842105263158,0.891304347826087,0.875,0.826086956521739,0.125,0.173913043478261,5.03125,0.151315789473684
"3",0.676,8.86985141181869,0.935483870967742,0.277808545918216,0.833333333333333,0.892857142857143,0.714285714285714,1,0.285714285714286,0,Inf,0.285714285714286
"4",0.4235,6.65493924548544,0.903225806451613,0.326188328850447,0.8,0.924242424242424,0.666666666666667,1,0.333333333333333,0,Inf,0.333333333333333
"5",0.3175,5.02698333493819,0.870967741935484,0.333063236625849,0.75,0.83695652173913,0.75,0.91304347826087,0.25,0.0869565217391305,8.62499999999999,0.273809523809524
"6",0.2755,5.02973962215452,0.870967741935484,0.348891124256239,0.857142857142857,0.939075630252101,0.857142857142857,0.882352941176471,0.142857142857143,0.117647058823529,7.28571428571428,0.161904761904762
"7",0.0845,1.97484402824807,0.774193548387097,0.444439997582321,0.758620689655172,0.826754385964912,0.916666666666667,0.684210526315789,0.0833333333333334,0.315789473684211,2.90277777777778,0.121794871794872
"8",0.538,7.67418228340481,0.967741935483871,0.240586484902689,0.923076923076923,0.988095238095238,0.857142857142857,1,0.142857142857143,0,Inf,0.142857142857143
"9",0.1915,3.6881588521298,0.935483870967742,0.344170571005158,0.9,0.954761904761905,0.9,0.952380952380952,0.1,0.0476190476190477,18.9,0.105
"10",0.5235,6.94732003128911,0.870967741935484,0.344151390023612,0.777777777777778,0.909090909090909,0.777777777777778,0.909090909090909,0.222222222222222,0.0909090909090909,8.55555555555555,0.244444444444444
"11",0.143,2.70687936527177,0.741935483870968,0.39576918896858,0.764705882352941,0.850840336134454,0.928571428571429,0.588235294117647,0.0714285714285714,0.411764705882353,2.25510204081633,0.121428571428571
"12",0.274,5.02651684415532,0.935483870967742,0.334178178399503,0.916666666666667,0.925438596491228,0.916666666666667,0.947368421052632,0.0833333333333334,0.0526315789473685,17.4166666666667,0.087962962962963
"13",0.345,5.74791115574076,0.870967741935484,0.359116466345529,0.714285714285714,0.818181818181818,0.555555555555556,1,0.444444444444444,0,Inf,0.444444444444444
"14",0.7325,8.85876323797226,0.870967741935484,0.365509055945754,0.666666666666667,0.845238095238095,0.571428571428571,0.958333333333333,0.428571428571429,0.0416666666666666,13.7142857142857,0.447204968944099
"15",0.327,5.74495944949049,0.903225806451613,0.329217790584847,0.88,0.927350427350427,0.846153846153846,0.944444444444444,0.153846153846154,0.0555555555555556,15.2307692307692,0.16289592760181
"16",0.066,2.33576429138219,0.741935483870968,0.48391394777863,0.733333333333333,0.822649572649573,0.846153846153846,0.666666666666667,0.153846153846154,0.333333333333333,2.53846153846154,0.230769230769231
"17",0.1385,2.58300488857147,0.774193548387097,0.398345702332913,0.740740740740741,0.852380952380952,1,0.666666666666667,0,0.333333333333333,3,0
"18",0.465,5.74921810525082,0.838709677419355,0.358707027757224,0.761904761904762,0.921717171717172,0.888888888888889,0.818181818181818,0.111111111111111,0.181818181818182,4.88888888888889,0.135802469135803
"19",0.146,2.34997867059531,0.838709677419355,0.339199328442306,0.761904761904762,0.91304347826087,1,0.782608695652174,0,0.217391304347826,4.6,0
"20",0.234,4.12222106346943,0.709677419354839,0.475694200512853,0.571428571428571,0.724747474747475,0.666666666666667,0.727272727272727,0.333333333333333,0.272727272727273,2.44444444444444,0.458333333333333
"21",0.547,7.50749559215222,0.903225806451613,0.292571896514955,0.769230769230769,0.928571428571428,0.714285714285714,0.958333333333333,0.285714285714286,0.0416666666666666,17.1428571428572,0.298136645962733
"22",0.379,5.7538011043104,0.870967741935484,0.331487457786274,0.714285714285714,0.891304347826087,0.625,0.956521739130435,0.375,0.0434782608695652,14.375,0.392045454545455
"23",0.444,6.50191131058799,0.903225806451613,0.32598485140563,0.823529411764706,0.898989898989899,0.777777777777778,0.954545454545455,0.222222222222222,0.0454545454545454,17.1111111111111,0.232804232804233
"24",0.205,3.86399227985891,0.967741935483871,0.343508259693265,0.962962962962963,0.974358974358974,1,0.944444444444444,0,0.0555555555555556,18,0
"25",0.2835,4.64535407860327,0.774193548387097,0.447211733328719,0.666666666666667,0.759523809523809,0.7,0.80952380952381,0.3,0.19047619047619,3.675,0.370588235294118
"26",0.1355,2.8508035918448,0.806451612903226,0.397274351257632,0.785714285714286,0.87280701754386,0.916666666666667,0.736842105263158,0.0833333333333334,0.263157894736842,3.48333333333333,0.113095238095238
"27",0.534,7.2481874745116,0.870967741935484,0.34514001720949,0.714285714285714,0.861413043478261,0.625,0.956521739130435,0.375,0.0434782608695652,14.375,0.392045454545455
"28",0.2045,3.87114783131201,0.838709677419355,0.40334581639085,0.838709677419355,0.886554621848739,0.928571428571429,0.764705882352941,0.0714285714285714,0.235294117647059,3.94642857142857,0.0934065934065934
"29",0.628,7.69820717415098,0.903225806451613,0.333195074039689,0.823529411764706,0.886363636363636,0.777777777777778,0.954545454545455,0.222222222222222,0.0454545454545454,17.1111111111111,0.232804232804233
"30",0.323,5.02829421139112,0.903225806451613,0.317372487878125,0.8,0.898809523809524,0.857142857142857,0.916666666666667,0.142857142857143,0.0833333333333334,10.2857142857143,0.155844155844156
"31",0.147,2.77968375307287,0.838709677419355,0.34581433945398,0.782608695652174,0.879545454545455,0.818181818181818,0.85,0.181818181818182,0.15,5.45454545454545,0.213903743315508
"32",0.306,5.34229181261112,0.903225806451613,0.333112864699589,0.8,0.896464646464646,0.666666666666667,1,0.333333333333333,0,Inf,0.333333333333333
"33",0.161,2.64451645173406,0.870967741935484,0.330422588966215,0.714285714285714,0.915384615384615,1,0.846153846153846,0,0.153846153846154,6.5,0
"34",0.469,6.95039539583995,0.903225806451613,0.332509108762116,0.727272727272727,0.87202380952381,0.571428571428571,1,0.428571428571429,0,Inf,0.428571428571429
"35",0.127,2.65054082710392,0.741935483870968,0.399680038047186,0.555555555555556,0.75,0.714285714285714,0.75,0.285714285714286,0.25,2.85714285714286,0.380952380952381
"36",0.1055,2.25247666240381,0.741935483870968,0.41437567123183,0.764705882352941,0.856837606837607,1,0.555555555555556,0,0.444444444444444,2.25,0
"37",0.1295,2.30006875848733,0.774193548387097,0.384477643061072,0.72,0.873737373737374,1,0.681818181818182,0,0.318181818181818,3.14285714285714,0
"38",0.146,2.65204396972595,0.709677419354839,0.396253126100333,0.608695652173913,0.817934782608696,0.875,0.652173913043478,0.125,0.347826086956522,2.515625,0.191666666666667
"39",0.3215,4.95354459233977,0.935483870967742,0.293511299120961,0.888888888888889,0.94949494949495,0.888888888888889,0.954545454545455,0.111111111111111,0.0454545454545454,19.5555555555556,0.116402116402116
"40",0.3025,5.0245911844592,0.903225806451613,0.316226594789137,0.842105263157895,0.907142857142857,0.8,0.952380952380952,0.2,0.0476190476190477,16.8,0.21
"41",0.112,2.30475492127846,0.741935483870968,0.416439962921607,0.692307692307692,0.828571428571429,0.9,0.666666666666667,0.1,0.333333333333333,2.7,0.15
"42",0.6245,8.6398390750138,0.935483870967742,0.280212694886622,0.833333333333333,0.916666666666667,0.714285714285714,1,0.285714285714286,0,Inf,0.285714285714286
"43",0.194,3.58694514614341,0.741935483870968,0.40595321949202,0.5,0.702380952380952,0.571428571428571,0.791666666666667,0.428571428571429,0.208333333333333,2.74285714285714,0.541353383458647
"44",0.1355,2.52351845687091,0.870967741935484,0.380772618648588,0.875,0.945378151260504,1,0.764705882352941,0,0.235294117647059,4.25,0
"45",0.476,6.95116073199045,0.838709677419355,0.378007071393942,0.736842105263158,0.825,0.636363636363636,0.95,0.363636363636364,0.05,12.7272727272727,0.382775119617225
"46",0.07,2.61346547987303,0.806451612903226,0.492894486966825,0.727272727272727,0.815909090909091,0.727272727272727,0.85,0.272727272727273,0.15,4.84848484848485,0.320855614973262
"47",0.0705,1.81986350644356,0.741935483870968,0.445451518626002,0.75,0.866228070175439,1,0.578947368421053,0,0.421052631578947,2.375,0
"48",0.3195,5.03049874335657,0.903225806451613,0.329979711331902,0.8,0.931547619047619,0.857142857142857,0.916666666666667,0.142857142857143,0.0833333333333334,10.2857142857143,0.155844155844156
"49",0.0715,1.82207706836114,0.709677419354839,0.438760859137448,0.727272727272727,0.814102564102564,0.923076923076923,0.555555555555556,0.0769230769230769,0.444444444444444,2.07692307692308,0.138461538461538
"50",0.8165,8.61775980838802,0.838709677419355,0.413756955555061,0.666666666666667,0.793478260869565,0.625,0.91304347826087,0.375,0.0869565217391305,7.1875,0.410714285714286
"51",0.5015,6.35319330277622,0.903225806451613,0.3072700387456,0.769230769230769,0.946666666666667,0.833333333333333,0.92,0.166666666666667,0.08,10.4166666666667,0.181159420289855
"52",0.657,8.63675779701806,0.967741935483871,0.26771760699661,0.923076923076923,0.9375,0.857142857142857,1,0.142857142857143,0,Inf,0.142857142857143
"53",0.2005,3.97553705337867,0.870967741935484,0.3724548547168,0.846153846153846,0.878205128205128,0.846153846153846,0.888888888888889,0.153846153846154,0.111111111111111,7.61538461538461,0.173076923076923
"54",0.2215,4.14664876847126,0.838709677419355,0.379875338878153,0.705882352941177,0.855978260869565,0.75,0.869565217391304,0.25,0.130434782608696,5.75,0.2875
"55",0.232,4.15384656013608,0.838709677419355,0.370146799012581,0.761904761904762,0.835714285714286,0.8,0.857142857142857,0.2,0.142857142857143,5.6,0.233333333333333
"56",0.368,5.33848957298581,0.870967741935484,0.327574903660449,0.714285714285714,0.901785714285714,0.714285714285714,0.916666666666667,0.285714285714286,0.0833333333333334,8.57142857142857,0.311688311688312
"57",0.328,5.02599550105979,0.774193548387097,0.421636334420863,0.695652173913043,0.79047619047619,0.8,0.761904761904762,0.2,0.238095238095238,3.36,0.2625
"58",0.196,4.1564751963957,0.774193548387097,0.435863206648485,0.740740740740741,0.815789473684211,0.833333333333333,0.736842105263158,0.166666666666667,0.263157894736842,3.16666666666667,0.226190476190476
"59",0.3685,5.75256841971237,0.870967741935484,0.326826767035985,0.75,0.896739130434783,0.75,0.91304347826087,0.25,0.0869565217391305,8.62499999999999,0.273809523809524
"60",0.5075,7.24911587411111,0.870967741935484,0.351650782471643,0.8,0.861363636363636,0.727272727272727,0.95,0.272727272727273,0.05,14.5454545454545,0.287081339712919
"61",0.124,2.29894261262809,0.806451612903226,0.379187827089577,0.727272727272727,0.894021739130435,1,0.739130434782609,0,0.260869565217391,3.83333333333333,0
"62",0.2375,4.40084762160807,0.806451612903226,0.429670101456806,0.75,0.848684210526316,0.75,0.842105263157895,0.25,0.157894736842105,4.75,0.296875
"63",0.421,6.36364342629197,0.903225806451613,0.330799015477196,0.842105263157895,0.921428571428571,0.8,0.952380952380952,0.2,0.0476190476190477,16.8,0.21
"64",0.2595,4.95559347100944,0.870967741935484,0.366509703979611,0.8,0.906818181818182,0.727272727272727,0.95,0.272727272727273,0.05,14.5454545454545,0.287081339712919
"65",0.279,5.33889651589546,0.838709677419355,0.414721414761166,0.814814814814815,0.84453781512605,0.785714285714286,0.882352941176471,0.214285714285714,0.117647058823529,6.67857142857143,0.242857142857143
"66",0.2245,4.15402880033908,0.838709677419355,0.387274457992332,0.736842105263158,0.871212121212121,0.777777777777778,0.863636363636364,0.222222222222222,0.136363636363636,5.7037037037037,0.257309941520468
"67",0.172,2.75188174365409,0.903225806451613,0.301513196269459,0.842105263157895,0.956521739130435,1,0.869565217391304,0,0.130434782608696,7.66666666666667,0
"68",0.2615,4.61345380455952,0.806451612903226,0.383645060851895,0.7,0.833333333333333,0.7,0.857142857142857,0.3,0.142857142857143,4.9,0.35
"69",0.115,2.85456087140094,0.774193548387097,0.432507779110857,0.695652173913043,0.842857142857143,0.8,0.761904761904762,0.2,0.238095238095238,3.36,0.2625
"70",0.333,5.75067406410766,0.870967741935484,0.350006706888948,0.777777777777778,0.9,0.7,0.952380952380952,0.3,0.0476190476190477,14.7,0.315
"71",0.528,6.95336334972911,0.838709677419355,0.392904458661497,0.782608695652174,0.870614035087719,0.75,0.894736842105263,0.25,0.105263157894737,7.125,0.279411764705882
"72",0.101,2.30737818435322,0.67741935483871,0.417832534482149,0.583333333333333,0.785326086956522,0.875,0.608695652173913,0.125,0.391304347826087,2.23611111111111,0.205357142857143
"73",0.0975,2.07171529678021,0.612903225806452,0.426530402166805,0.571428571428571,0.71969696969697,0.888888888888889,0.5,0.111111111111111,0.5,1.77777777777778,0.222222222222222
"74",0.374,5.7504153178352,0.838709677419355,0.370000794827248,0.736842105263158,0.838095238095238,0.7,0.904761904761905,0.3,0.0952380952380952,7.35,0.331578947368421
"75",0.5155,7.34741183581409,0.903225806451613,0.317348022607107,0.727272727272727,0.892857142857143,0.571428571428571,1,0.428571428571429,0,Inf,0.428571428571429
"76",0.2305,3.87794355059393,0.806451612903226,0.364968723854809,0.7,0.851010101010101,0.777777777777778,0.818181818181818,0.222222222222222,0.181818181818182,4.27777777777778,0.271604938271605
"77",0.2535,3.87194331684685,0.870967741935484,0.36974048175896,0.818181818181818,0.919191919191919,1,0.818181818181818,0,0.181818181818182,5.5,0
"78",0.589,6.44637936260034,0.774193548387097,0.454649244681572,0.666666666666667,0.795238095238095,0.7,0.80952380952381,0.3,0.19047619047619,3.675,0.370588235294118
"79",0.116,2.30665372951686,0.806451612903226,0.398900798676334,0.769230769230769,0.885714285714286,1,0.714285714285714,0,0.285714285714286,3.5,0
"80",0.1195,2.65615201547189,0.838709677419355,0.407450533180543,0.8,0.909090909090909,0.909090909090909,0.8,0.0909090909090909,0.2,4.54545454545455,0.113636363636364
"81",0.5045,6.22354242388497,0.838709677419355,0.368346368461314,0.666666666666667,0.875,0.714285714285714,0.875,0.285714285714286,0.125,5.71428571428571,0.326530612244898
"82",0.116,2.64918093106133,0.774193548387097,0.475441556295583,0.758620689655172,0.793859649122807,0.916666666666667,0.684210526315789,0.0833333333333334,0.315789473684211,2.90277777777778,0.121794871794872
"83",0.1475,2.51095567218613,0.741935483870968,0.374696598480604,0.555555555555556,0.81,0.833333333333333,0.72,0.166666666666667,0.28,2.97619047619048,0.231481481481481
"84",0.398,5.02599508724782,0.838709677419355,0.364587789721074,0.705882352941177,0.886666666666667,1,0.8,0,0.2,5,0
"85",0.1375,2.41233059031614,0.709677419354839,0.39220936623152,0.608695652173913,0.779761904761905,1,0.625,0,0.375,2.66666666666667,0
"86",0.0775,2.2970470472975,0.709677419354839,0.458249251394152,0.666666666666667,0.772727272727273,0.818181818181818,0.65,0.181818181818182,0.35,2.33766233766234,0.27972027972028
"87",0.55,6.64761190936403,0.838709677419355,0.363793992796723,0.615384615384615,0.83,0.666666666666667,0.88,0.333333333333333,0.12,5.55555555555556,0.378787878787879
"88",0.47,6.90883232864174,0.935483870967742,0.290112247065565,0.833333333333333,0.889880952380952,0.714285714285714,1,0.285714285714286,0,Inf,0.285714285714286
"89",0.2725,4.96686462441733,0.838709677419355,0.390171297115642,0.761904761904762,0.840909090909091,0.727272727272727,0.9,0.272727272727273,0.1,7.27272727272727,0.303030303030303
"90",0.3215,5.03351748486505,0.967741935483871,0.283620636651169,0.933333333333333,0.976190476190476,1,0.958333333333333,0,0.0416666666666666,24,0
"91",0.5335,7.24881675231099,0.870967741935484,0.330595016898443,0.75,0.909090909090909,0.666666666666667,0.954545454545455,0.333333333333333,0.0454545454545454,14.6666666666667,0.349206349206349
"92",0.2635,4.18040896536912,0.870967741935484,0.313843463032123,0.777777777777778,0.923913043478261,0.875,0.869565217391304,0.125,0.130434782608696,6.70833333333333,0.14375
"93",0.532,7.3664035527525,0.903225806451613,0.298809943936529,0.823529411764706,0.919191919191919,0.777777777777778,0.954545454545455,0.222222222222222,0.0454545454545454,17.1111111111111,0.232804232804233
"94",0.826,10.048699894552,0.903225806451613,0.34702243907369,0.666666666666667,0.893333333333333,0.5,1,0.5,0,Inf,0.5
"95",0.581,8.64502498687712,0.870967741935484,0.35244120245244,0.8,0.894736842105263,0.666666666666667,1,0.333333333333333,0,Inf,0.333333333333333
"96",0.1645,2.8503758166169,0.838709677419355,0.34118066524141,0.827586206896552,0.929824561403509,1,0.736842105263158,0,0.263157894736842,3.8,0
"97",0.872,10.117181721564,0.870967741935484,0.380304877229495,0.714285714285714,0.864130434782609,0.625,0.956521739130435,0.375,0.0434782608695652,14.375,0.392045454545455
"98",0.217,3.70151094941099,0.806451612903226,0.369009989890976,0.727272727272727,0.833333333333333,0.888888888888889,0.772727272727273,0.111111111111111,0.227272727272727,3.91111111111111,0.143790849673203
"99",0.4515,6.80809110338005,0.903225806451613,0.318095948256173,0.869565217391304,0.912280701754386,0.833333333333333,0.947368421052632,0.166666666666667,0.0526315789473685,15.8333333333333,0.175925925925926
"100",0.5025,7.24875552252411,0.870967741935484,0.336920504502474,0.777777777777778,0.90952380952381,0.7,0.952380952380952,0.3,0.0476190476190477,14.7,0.315
"101",0.054,2.35703561485897,0.741935483870968,0.523227378143803,0.764705882352941,0.7875,0.866666666666667,0.625,0.133333333333333,0.375,2.31111111111111,0.213333333333333
"102",0.207,4.62543082226129,0.838709677419355,0.434115173203994,0.761904761904762,0.835526315789474,0.666666666666667,0.947368421052632,0.333333333333333,0.0526315789473685,12.6666666666667,0.351851851851852
"103",0.269,4.95075347755042,0.838709677419355,0.396277896796735,0.8,0.864035087719298,0.833333333333333,0.842105263157895,0.166666666666667,0.157894736842105,5.27777777777778,0.197916666666667
"104",0.275,4.37594081652508,0.870967741935484,0.332547514741162,0.666666666666667,0.853333333333333,0.666666666666667,0.92,0.333333333333333,0.08,8.33333333333334,0.36231884057971
"105",0.1575,2.84551061704757,0.870967741935484,0.347835527421339,0.833333333333333,0.940909090909091,0.909090909090909,0.85,0.0909090909090909,0.15,6.06060606060606,0.106951871657754
"106",0.2465,4.42212532186427,0.903225806451613,0.326197897411617,0.823529411764706,0.873737373737374,0.777777777777778,0.954545454545455,0.222222222222222,0.0454545454545454,17.1111111111111,0.232804232804233
"107",0.502,6.64928082323706,0.903225806451613,0.296448755975608,0.8,0.958333333333333,0.857142857142857,0.916666666666667,0.142857142857143,0.0833333333333334,10.2857142857143,0.155844155844156
"108",0.106,2.65130293262357,0.709677419354839,0.454168554419939,0.571428571428571,0.741847826086957,0.75,0.695652173913043,0.25,0.304347826086957,2.46428571428571,0.359375
"109",0.355,5.02975462540479,0.838709677419355,0.35894668170763,0.736842105263158,0.891304347826087,0.875,0.826086956521739,0.125,0.173913043478261,5.03125,0.151315789473684
"110",0.342,5.75373517387591,0.903225806451613,0.349481872299847,0.88,0.934210526315789,0.916666666666667,0.894736842105263,0.0833333333333334,0.105263157894737,8.70833333333333,0.0931372549019608
"111",0.408,6.77468315964451,0.870967741935484,0.350168820506704,0.8,0.922727272727273,0.727272727272727,0.95,0.272727272727273,0.05,14.5454545454545,0.287081339712919
"112",0.7875,8.83155360292558,0.903225806451613,0.363620916293179,0.727272727272727,0.823333333333333,0.666666666666667,0.96,0.333333333333333,0.04,16.6666666666667,0.347222222222222
"113",0.4435,5.75161215488176,0.903225806451613,0.315533272800785,0.727272727272727,0.923076923076923,0.8,0.923076923076923,0.2,0.0769230769230769,10.4,0.216666666666667
"114",0.2635,4.1550805516514,0.935483870967742,0.265615693154792,0.9,0.984848484848485,1,0.909090909090909,0,0.0909090909090909,11,0
"115",0.534,7.69860159391507,0.903225806451613,0.321101021094052,0.769230769230769,0.923913043478261,0.625,1,0.375,0,Inf,0.375
"116",0.0935,1.83095908280038,0.483870967741935,0.445599182018168,0.466666666666667,0.619047619047619,1,0.333333333333333,0,0.666666666666667,1.5,0
"117",0.72,9.55268906950977,0.903225806451613,0.329427868307277,0.8,0.876262626262626,0.666666666666667,1,0.333333333333333,0,Inf,0.333333333333333
"118",0.229,4.39961557363386,0.806451612903226,0.419949956065297,0.75,0.846491228070175,0.75,0.842105263157895,0.25,0.157894736842105,4.75,0.296875
"119",0.211,4.15676381019176,0.806451612903226,0.387143718641658,0.785714285714286,0.870614035087719,0.916666666666667,0.736842105263158,0.0833333333333334,0.263157894736842,3.48333333333333,0.113095238095238
"120",0.797,8.83273702667584,0.935483870967742,0.356860609136929,0.8,0.880769230769231,0.8,0.961538461538462,0.2,0.0384615384615384,20.8,0.208
"121",0.136,2.65281987616333,0.806451612903226,0.356926274174979,0.769230769230769,0.911363636363636,0.909090909090909,0.75,0.0909090909090909,0.25,3.63636363636364,0.121212121212121
"122",0.273,4.36537338671745,0.903225806451613,0.300745845984662,0.857142857142857,0.95959595959596,1,0.863636363636364,0,0.136363636363636,7.33333333333333,0
"123",0.255,4.63344181015941,0.903225806451613,0.336683531897776,0.842105263157895,0.892857142857143,0.8,0.952380952380952,0.2,0.0476190476190477,16.8,0.21
"124",0.6635,8.3195151181704,0.935483870967742,0.289172205133579,0.875,0.972826086956522,0.875,0.956521739130435,0.125,0.0434782608695652,20.125,0.130681818181818
"125",0.1285,2.756107179593,0.741935483870968,0.43403896398249,0.636363636363636,0.762626262626263,0.777777777777778,0.727272727272727,0.222222222222222,0.272727272727273,2.85185185185185,0.305555555555556
"126",0.2485,4.17499453096059,0.870967741935484,0.325788296048746,0.75,0.842391304347826,0.75,0.91304347826087,0.25,0.0869565217391305,8.62499999999999,0.273809523809524
"127",0.3825,5.75156574250531,0.903225806451613,0.308699663273578,0.8,0.923913043478261,0.75,0.956521739130435,0.25,0.0434782608695652,17.25,0.261363636363636
"128",0.1465,2.77941312165383,0.774193548387097,0.377840645583375,0.72,0.864285714285714,0.9,0.714285714285714,0.1,0.285714285714286,3.15,0.14
"129",0.4085,5.26396259529662,0.806451612903226,0.399376278755406,0.666666666666667,0.798913043478261,0.75,0.826086956521739,0.25,0.173913043478261,4.3125,0.302631578947368
"130",0.334,5.55709242121827,0.903225806451613,0.31997986781493,0.8,0.914141414141414,0.666666666666667,1,0.333333333333333,0,Inf,0.333333333333333
"131",0.1315,2.59942412246219,0.870967741935484,0.39164502688458,0.866666666666667,0.927350427350427,1,0.777777777777778,0,0.222222222222222,4.5,0
"132",0.731,9.55181284200973,0.870967741935484,0.366593964855835,0.75,0.89047619047619,0.6,1,0.4,0,Inf,0.4
"133",0.2725,4.1809676915878,0.741935483870968,0.452143069865663,0.733333333333333,0.798245614035088,0.916666666666667,0.631578947368421,0.0833333333333334,0.368421052631579,2.48809523809524,0.131944444444445
"134",0.237,4.2045249596981,0.838709677419355,0.361429234860138,0.666666666666667,0.831521739130435,0.625,0.91304347826087,0.375,0.0869565217391305,7.1875,0.410714285714286
"135",0.408,6.95233085282947,0.967741935483871,0.288954438498511,0.952380952380952,0.990909090909091,0.909090909090909,1,0.0909090909090909,0,Inf,0.0909090909090909
"136",0.232,3.97599909439601,0.870967741935484,0.376563672797299,0.714285714285714,0.81547619047619,0.714285714285714,0.916666666666667,0.285714285714286,0.0833333333333334,8.57142857142857,0.311688311688312
"137",0.0805,2.30450292220419,0.741935483870968,0.429940512913518,0.666666666666667,0.816666666666667,0.8,0.714285714285714,0.2,0.285714285714286,2.8,0.28
"138",0.268,4.63075547999397,0.903225806451613,0.323267148633918,0.88,0.923245614035088,0.916666666666667,0.894736842105263,0.0833333333333334,0.105263157894737,8.70833333333333,0.0931372549019608
"139",0.127,2.65156013556399,0.838709677419355,0.415007315007384,0.8,0.859090909090909,0.909090909090909,0.8,0.0909090909090909,0.2,4.54545454545455,0.113636363636364
"140",0.2315,3.91368636720813,0.903225806451613,0.320368177608068,0.857142857142857,0.952380952380952,0.9,0.904761904761905,0.1,0.0952380952380952,9.45,0.110526315789474
"141",0.204,4.14764266265247,0.741935483870968,0.403473739683642,0.692307692307692,0.809210526315789,0.75,0.736842105263158,0.25,0.263157894736842,2.85,0.339285714285714
"142",0.257,4.95008555266989,0.903225806451613,0.38137179894204,0.888888888888889,0.932773109243697,0.857142857142857,0.941176470588235,0.142857142857143,0.0588235294117647,14.5714285714286,0.151785714285714
"143",0.789,8.26565851875591,0.870967741935484,0.401442543739404,0.75,0.804347826086957,0.75,0.91304347826087,0.25,0.0869565217391305,8.62499999999999,0.273809523809524
"144",0.251,4.15395553220579,0.870967741935484,0.313903697619569,0.777777777777778,0.9375,0.875,0.869565217391304,0.125,0.130434782608696,6.70833333333333,0.14375
"145",0.0675,2.00675470720626,0.774193548387097,0.461212904309385,0.758620689655172,0.848684210526316,0.916666666666667,0.684210526315789,0.0833333333333334,0.315789473684211,2.90277777777778,0.121794871794872
"146",0.1285,2.65488135846866,0.935483870967742,0.385771879027087,0.916666666666667,0.954545454545455,1,0.9,0,0.1,10,0
"147",0.64,8.87736343992633,0.935483870967742,0.27549458667026,0.875,0.96969696969697,0.777777777777778,1,0.222222222222222,0,Inf,0.222222222222222
"148",0.104,1.99814368718549,0.806451612903226,0.384044739320514,0.8,0.910087719298246,1,0.684210526315789,0,0.315789473684211,3.16666666666667,0
"149",0.4565,6.95005103749351,0.967741935483871,0.287313834357921,0.941176470588235,0.95959595959596,0.888888888888889,1,0.111111111111111,0,Inf,0.111111111111111
"150",0.4595,5.92435727063256,0.806451612903226,0.395035972797213,0.666666666666667,0.866161616161616,0.666666666666667,0.863636363636364,0.333333333333333,0.136363636363636,4.88888888888889,0.385964912280702
"151",0.139,2.35105654419486,0.870967741935484,0.343431104275166,0.8,0.923913043478261,1,0.826086956521739,0,0.173913043478261,5.75,0
"152",0.4175,5.54952648178686,0.838709677419355,0.360890044767995,0.8,0.890909090909091,0.909090909090909,0.8,0.0909090909090909,0.2,4.54545454545455,0.113636363636364
"153",0.299,5.26973955374322,0.870967741935484,0.364506637435744,0.833333333333333,0.888157894736842,0.833333333333333,0.894736842105263,0.166666666666667,0.105263157894737,7.91666666666667,0.186274509803922
"154",0.066,1.82515848886691,0.741935483870968,0.462696930289277,0.733333333333333,0.824561403508772,0.916666666666667,0.631578947368421,0.0833333333333334,0.368421052631579,2.48809523809524,0.131944444444445
"155",0.0805,2.35158733237497,0.741935483870968,0.476470057572849,0.75,0.833333333333333,1,0.578947368421053,0,0.421052631578947,2.375,0
"156",0.1655,2.65590351936395,0.806451612903226,0.358637690188977,0.727272727272727,0.902173913043478,1,0.739130434782609,0,0.260869565217391,3.83333333333333,0
"157",0.502,6.94943394142186,0.838709677419355,0.370030222872942,0.736842105263158,0.859523809523809,0.7,0.904761904761905,0.3,0.0952380952380952,7.35,0.331578947368421
"158",0.7995,8.62199558189103,0.838709677419355,0.414261108541006,0.615384615384615,0.767857142857143,0.571428571428571,0.916666666666667,0.428571428571429,0.0833333333333334,6.85714285714285,0.467532467532468
"159",0.079,1.77964690408625,0.580645161290323,0.437532980178896,0.628571428571429,0.765909090909091,1,0.35,0,0.65,1.53846153846154,0
"160",0.1485,3.56447451122728,0.838709677419355,0.430392241080063,0.8,0.871794871794872,0.769230769230769,0.888888888888889,0.230769230769231,0.111111111111111,6.92307692307692,0.259615384615385
"161",0.297,5.02633210244763,0.838709677419355,0.390007347499454,0.761904761904762,0.836363636363636,0.727272727272727,0.9,0.272727272727273,0.1,7.27272727272727,0.303030303030303
"162",0.2285,4.2060215515792,0.838709677419355,0.405762056336178,0.761904761904762,0.871428571428571,0.8,0.857142857142857,0.2,0.142857142857143,5.6,0.233333333333333
"163",0.1285,2.60140240660135,0.806451612903226,0.373267762129722,0.75,0.881818181818182,0.818181818181818,0.8,0.181818181818182,0.2,4.09090909090909,0.227272727272727
"164",0.2985,4.62181167691947,0.838709677419355,0.316953564925831,0.736842105263158,0.91304347826087,0.875,0.826086956521739,0.125,0.173913043478261,5.03125,0.151315789473684
"165",0.3225,4.95671311342819,0.838709677419355,0.40095399210415,0.736842105263158,0.838383838383838,0.777777777777778,0.863636363636364,0.222222222222222,0.136363636363636,5.7037037037037,0.257309941520468
"166",0.1525,2.79397724471072,0.870967741935484,0.359316422636998,0.8,0.914141414141414,0.888888888888889,0.863636363636364,0.111111111111111,0.136363636363636,6.51851851851852,0.128654970760234
"167",0.4135,5.74841685301898,0.935483870967742,0.268186150017926,0.8,0.961538461538462,0.8,0.961538461538462,0.2,0.0384615384615384,20.8,0.208
"168",0.303,5.02744862837148,0.870967741935484,0.3535426569497,0.777777777777778,0.863636363636364,0.777777777777778,0.909090909090909,0.222222222222222,0.0909090909090909,8.55555555555555,0.244444444444444
"169",0.1505,2.70143692435101,0.806451612903226,0.379061506334783,0.75,0.888095238095238,0.9,0.761904761904762,0.1,0.238095238095238,3.78,0.13125
"170",0.2375,3.91962693731317,0.806451612903226,0.383727245852571,0.625,0.800595238095238,0.714285714285714,0.833333333333333,0.285714285714286,0.166666666666667,4.28571428571429,0.342857142857143
"171",0.6975,8.29810920154785,0.870967741935484,0.369287723204483,0.6,0.763333333333333,0.5,0.96,0.5,0.04,12.5,0.520833333333333
"172",0.524,7.99323552989226,0.903225806451613,0.323163272835923,0.857142857142857,0.905701754385965,0.75,1,0.25,0,Inf,0.25
"173",0.234,4.15059007891947,0.903225806451613,0.344582881473487,0.869565217391304,0.9,0.909090909090909,0.9,0.0909090909090909,0.1,9.09090909090909,0.101010101010101
"174",0.2695,4.60707663991299,0.903225806451613,0.319572067442385,0.823529411764706,0.873737373737374,0.777777777777778,0.954545454545455,0.222222222222222,0.0454545454545454,17.1111111111111,0.232804232804233
"175",0.3295,5.26489734428736,0.903225806451613,0.290814548358359,0.842105263157895,0.947619047619048,0.8,0.952380952380952,0.2,0.0476190476190477,16.8,0.21
"176",0.0605,1.35036648065292,0.483870967741935,0.436589546078272,0.5,0.657608695652174,1,0.304347826086957,0,0.695652173913043,1.4375,0
"177",0.0935,1.82471848062404,0.67741935483871,0.420512559405317,0.666666666666667,0.828571428571429,1,0.523809523809524,0,0.476190476190476,2.1,0
"178",0.384,6.65126676387218,0.870967741935484,0.372975835884874,0.833333333333333,0.91025641025641,0.769230769230769,0.944444444444444,0.230769230769231,0.0555555555555556,13.8461538461538,0.244343891402715
"179",0.512,6.97039406114286,0.838709677419355,0.350751656424768,0.666666666666667,0.891304347826087,0.625,0.91304347826087,0.375,0.0869565217391305,7.1875,0.410714285714286
"180",0.2015,4.20528755907842,0.838709677419355,0.402003231362599,0.736842105263158,0.883333333333333,0.7,0.904761904761905,0.3,0.0952380952380952,7.35,0.331578947368421
"181",0.4645,7.24939310611357,0.903225806451613,0.321301303999696,0.842105263157895,0.94047619047619,0.8,0.952380952380952,0.2,0.0476190476190477,16.8,0.21
"182",0.522,6.94960746821288,0.903225806451613,0.308058426683575,0.666666666666667,0.907692307692308,0.6,0.961538461538462,0.4,0.0384615384615384,15.6,0.416
"183",0.207,4.1527972870679,0.806451612903226,0.409634658466307,0.727272727272727,0.843181818181818,0.727272727272727,0.85,0.272727272727273,0.15,4.84848484848485,0.320855614973262
"184",0.35,5.75144632105205,0.870967741935484,0.356645959220601,0.777777777777778,0.895238095238095,0.7,0.952380952380952,0.3,0.0476190476190477,14.7,0.315
"185",0.1685,4.15497361375726,0.903225806451613,0.427559029268827,0.88,0.96218487394958,0.785714285714286,1,0.214285714285714,0,Inf,0.214285714285714
"186",0.104,2.3416685535013,0.774193548387097,0.431979470892606,0.695652173913043,0.828282828282828,0.888888888888889,0.727272727272727,0.111111111111111,0.272727272727273,3.25925925925926,0.152777777777778
"187",0.169,2.84920512674386,0.903225806451613,0.327030430886127,0.888888888888889,0.964912280701754,1,0.842105263157895,0,0.157894736842105,6.33333333333333,0
"188",0.474,5.74807908214606,0.903225806451613,0.332894769556457,0.8,0.94,1,0.88,0,0.12,8.33333333333333,0
"189",0.238,4.15583150865483,0.838709677419355,0.355012035851572,0.782608695652174,0.90952380952381,0.9,0.80952380952381,0.1,0.19047619047619,4.725,0.123529411764706
"190",0.1245,2.65152910276109,0.806451612903226,0.40052192365649,0.785714285714286,0.888157894736842,0.916666666666667,0.736842105263158,0.0833333333333334,0.263157894736842,3.48333333333333,0.113095238095238
"191",0.1165,2.30273948697828,0.741935483870968,0.394989047998439,0.666666666666667,0.803030303030303,0.888888888888889,0.681818181818182,0.111111111111111,0.318181818181818,2.79365079365079,0.162962962962963
"192",0.2635,4.61266783107368,0.838709677419355,0.394249896978564,0.761904761904762,0.861904761904762,0.8,0.857142857142857,0.2,0.142857142857143,5.6,0.233333333333333
"193",0.2125,4.15667814950085,0.870967741935484,0.394494534208495,0.8,0.852380952380952,0.8,0.904761904761905,0.2,0.0952380952380952,8.4,0.221052631578947
"194",0.558,6.49342979391202,0.870967741935484,0.349721552727997,0.777777777777778,0.932065217391304,0.875,0.869565217391304,0.125,0.130434782608696,6.70833333333333,0.14375
"195",0.117,2.59973925098697,0.774193548387097,0.427190776278032,0.787878787878788,0.865384615384615,1,0.611111111111111,0,0.388888888888889,2.57142857142857,0
"196",0.195,3.91861483835641,0.806451612903226,0.405895660077856,0.7,0.766666666666667,0.7,0.857142857142857,0.3,0.142857142857143,4.9,0.35
"197",0.1735,2.8795893041597,0.838709677419355,0.32600256422344,0.761904761904762,0.929292929292929,0.888888888888889,0.818181818181818,0.111111111111111,0.181818181818182,4.88888888888889,0.135802469135803
"198",0.2665,4.62982301758643,0.870967741935484,0.370075415364145,0.8,0.916666666666667,0.8,0.904761904761905,0.2,0.0952380952380952,8.4,0.221052631578947
"199",0.2385,4.1487534915113,0.870967741935484,0.395203544541635,0.8,0.838383838383838,0.888888888888889,0.863636363636364,0.111111111111111,0.136363636363636,6.51851851851852,0.128654970760234
"200",0.1235,2.80280742118762,0.806451612903226,0.395514779111707,0.75,0.877272727272727,0.818181818181818,0.8,0.181818181818182,0.2,4.09090909090909,0.227272727272727
"201",0.472,6.95290659574012,0.870967741935484,0.325266753101788,0.75,0.916666666666667,0.666666666666667,0.954545454545455,0.333333333333333,0.0454545454545454,14.6666666666667,0.349206349206349
"202",0.208,4.19930341775696,0.903225806451613,0.371366919845756,0.857142857142857,0.904545454545455,0.818181818181818,0.95,0.181818181818182,0.05,16.3636363636363,0.191387559808612
"203",0.5425,6.64786304298123,0.838709677419355,0.387985676579037,0.615384615384615,0.75,0.571428571428571,0.916666666666667,0.428571428571429,0.0833333333333334,6.85714285714285,0.467532467532468
"204",0.1625,2.60469885093042,0.774193548387097,0.373050614844375,0.631578947368421,0.866666666666667,1,0.72,0,0.28,3.57142857142857,0
"205",0.356,5.33431863951382,0.870967741935484,0.332347149631817,0.714285714285714,0.866071428571429,0.714285714285714,0.916666666666667,0.285714285714286,0.0833333333333334,8.57142857142857,0.311688311688312
"206",0.1935,4.15431017906684,0.806451612903226,0.439664493426461,0.666666666666667,0.814285714285714,0.6,0.904761904761905,0.4,0.0952380952380952,6.3,0.442105263157895
"207",0.245,4.20500188239108,0.741935483870968,0.451632307671284,0.692307692307692,0.795454545454545,0.818181818181818,0.7,0.181818181818182,0.3,2.72727272727273,0.25974025974026
"208",0.11,2.34963683894996,0.645161290322581,0.407059354601556,0.56,0.730978260869565,0.875,0.565217391304348,0.125,0.434782608695652,2.0125,0.221153846153846
"209",0.21,4.09648772616273,0.806451612903226,0.40179928856894,0.666666666666667,0.833333333333333,0.666666666666667,0.863636363636364,0.333333333333333,0.136363636363636,4.88888888888889,0.385964912280702
"210",0.662,8.53206613737677,0.870967741935484,0.346237169191381,0.714285714285714,0.83695652173913,0.625,0.956521739130435,0.375,0.0434782608695652,14.375,0.392045454545455
"211",0.2785,4.96048144667684,0.903225806451613,0.323090225347602,0.842105263157895,0.957142857142857,0.8,0.952380952380952,0.2,0.0476190476190477,16.8,0.21
"212",0.19,3.6963751062972,0.838709677419355,0.364004945020748,0.736842105263158,0.833333333333333,0.777777777777778,0.863636363636364,0.222222222222222,0.136363636363636,5.7037037037037,0.257309941520468
"213",0.2355,3.96898047452556,0.903225806451613,0.330615690868432,0.727272727272727,0.866666666666667,0.666666666666667,0.96,0.333333333333333,0.04,16.6666666666667,0.347222222222222
"214",0.143,2.60328981140553,0.903225806451613,0.327037288003927,0.857142857142857,0.907142857142857,0.9,0.904761904761905,0.1,0.0952380952380952,9.45,0.110526315789474
"215",0.2575,4.13131126991825,0.870967741935484,0.36297797321245,0.833333333333333,0.90952380952381,1,0.80952380952381,0,0.19047619047619,5.25,0
"216",0.0915,1.81864379329922,0.645161290322581,0.416549033594362,0.592592592592593,0.763586956521739,1,0.521739130434783,0,0.478260869565217,2.09090909090909,0
"217",0.4785,7.22746810673144,0.903225806451613,0.318243353573828,0.8,0.840909090909091,0.666666666666667,1,0.333333333333333,0,Inf,0.333333333333333
"218",0.7165,9.3093628911436,0.870967741935484,0.353772282579756,0.777777777777778,0.865909090909091,0.636363636363636,1,0.363636363636364,0,Inf,0.363636363636364
"219",0.642,6.92009773708207,0.870967741935484,0.359291718050338,0.75,0.922619047619048,0.857142857142857,0.875,0.142857142857143,0.125,6.85714285714286,0.163265306122449
"220",0.5865,7.24447903172023,0.870967741935484,0.36704865992423,0.75,0.866161616161616,0.666666666666667,0.954545454545455,0.333333333333333,0.0454545454545454,14.6666666666667,0.349206349206349
"221",0.3015,4.12517720311679,0.806451612903226,0.35206697720324,0.666666666666667,0.89,1,0.76,0,0.24,4.16666666666667,0
"222",0.5775,7.40310066003681,0.870967741935484,0.336400380651643,0.666666666666667,0.880952380952381,0.571428571428571,0.958333333333333,0.428571428571429,0.0416666666666666,13.7142857142857,0.447204968944099
"223",0.368,5.55401019838874,0.903225806451613,0.326792528883114,0.727272727272727,0.876666666666667,0.666666666666667,0.96,0.333333333333333,0.04,16.6666666666667,0.347222222222222
"224",0.818,8.2582586523764,0.903225806451613,0.363686868506342,0.727272727272727,0.944444444444444,1,0.888888888888889,0,0.111111111111111,9,0
"225",0.2085,3.92376168276793,0.838709677419355,0.362345782212819,0.761904761904762,0.902380952380952,0.8,0.857142857142857,0.2,0.142857142857143,5.6,0.233333333333333
"226",0.194,4.17758066754561,0.838709677419355,0.408152912920099,0.761904761904762,0.852272727272727,0.727272727272727,0.9,0.272727272727273,0.1,7.27272727272727,0.303030303030303
"227",0.3,4.15023490495694,0.806451612903226,0.38224929029523,0.571428571428571,0.796153846153846,0.8,0.807692307692308,0.2,0.192307692307692,4.16,0.247619047619048
"228",0.0885,1.82486499317771,0.612903225806452,0.418528732630171,0.6,0.787878787878788,1,0.454545454545455,0,0.545454545454545,1.83333333333333,0
"229",0.155,2.84379355467061,0.870967741935484,0.348140168705885,0.833333333333333,0.895454545454545,0.909090909090909,0.85,0.0909090909090909,0.15,6.06060606060606,0.106951871657754
"230",0.3275,5.02681624110412,0.838709677419355,0.402114534613125,0.705882352941177,0.752525252525252,0.666666666666667,0.909090909090909,0.333333333333333,0.0909090909090909,7.33333333333333,0.366666666666667
"231",0.211,4.20154337170928,0.870967741935484,0.378023869692171,0.777777777777778,0.89047619047619,0.7,0.952380952380952,0.3,0.0476190476190477,14.7,0.315
"232",0.545,7.95192387309148,0.870967741935484,0.340189407085461,0.75,0.866666666666667,0.6,1,0.4,0,Inf,0.4
"233",0.3285,4.95456268841791,0.903225806451613,0.317032744859171,0.8,0.94047619047619,0.857142857142857,0.916666666666667,0.142857142857143,0.0833333333333334,10.2857142857143,0.155844155844156
"234",0.2195,4.38582459569504,0.806451612903226,0.403366761554701,0.666666666666667,0.838095238095238,0.6,0.904761904761905,0.4,0.0952380952380952,6.3,0.442105263157895
"235",0.1545,3.88280671459924,0.774193548387097,0.45917241134381,0.695652173913043,0.798245614035088,0.666666666666667,0.842105263157895,0.333333333333333,0.157894736842105,4.22222222222222,0.395833333333333
"236",0.175,2.8434740527129,0.838709677419355,0.312831362856524,0.705882352941177,0.92,1,0.8,0,0.2,5,0
"237",0.256,4.60847097557208,0.903225806451613,0.344601813461571,0.88,0.903846153846154,0.846153846153846,0.944444444444444,0.153846153846154,0.0555555555555556,15.2307692307692,0.16289592760181
"238",0.592,7.96454586348191,0.903225806451613,0.309247133102238,0.666666666666667,0.82,0.5,1,0.5,0,Inf,0.5
"239",0.1425,2.84800131637225,0.774193548387097,0.413157607176719,0.695652173913043,0.823232323232323,0.888888888888889,0.727272727272727,0.111111111111111,0.272727272727273,3.25925925925926,0.152777777777778
"240",0.297,4.63258063445272,0.838709677419355,0.366834774610548,0.666666666666667,0.857142857142857,0.714285714285714,0.875,0.285714285714286,0.125,5.71428571428571,0.326530612244898
"241",0.2125,5.02855362712908,0.870967741935484,0.428944167180287,0.846153846153846,0.9125,0.733333333333333,1,0.266666666666667,0,Inf,0.266666666666667
"242",0.5375,7.91427063948611,0.903225806451613,0.301870439507242,0.8,0.906565656565657,0.666666666666667,1,0.333333333333333,0,Inf,0.333333333333333
"243",0.1295,2.34892681145282,0.806451612903226,0.363604710567628,0.727272727272727,0.863636363636364,0.888888888888889,0.772727272727273,0.111111111111111,0.227272727272727,3.91111111111111,0.143790849673203
"244",0.0985,2.30123536610906,0.774193548387097,0.427958707882964,0.740740740740741,0.820454545454545,0.909090909090909,0.7,0.0909090909090909,0.3,3.03030303030303,0.12987012987013
"245",0.274,5.0283272429013,0.838709677419355,0.383539793662008,0.814814814814815,0.884615384615385,0.846153846153846,0.833333333333333,0.153846153846154,0.166666666666667,5.07692307692308,0.184615384615385
"246",0.23,3.80963214383409,0.774193548387097,0.409367977589084,0.695652173913043,0.828282828282828,0.888888888888889,0.727272727272727,0.111111111111111,0.272727272727273,3.25925925925926,0.152777777777778
"247",0.121,2.74771092794206,0.774193548387097,0.403873026716632,0.666666666666667,0.833333333333333,0.7,0.80952380952381,0.3,0.19047619047619,3.675,0.370588235294118
"248",0.157,2.85004550440257,0.806451612903226,0.349410373659614,0.7,0.855978260869565,0.875,0.782608695652174,0.125,0.217391304347826,4.025,0.159722222222222
"249",0.1285,2.75481285122945,0.774193548387097,0.408971713091361,0.695652173913043,0.845238095238095,0.8,0.761904761904762,0.2,0.238095238095238,3.36,0.2625
"250",0.44,6.95835784829145,0.870967741935484,0.35321708575559,0.75,0.857142857142857,0.6,1,0.4,0,Inf,0.4
"251",0.237,4.18443757118873,0.903225806451613,0.329165488852462,0.857142857142857,0.942857142857143,0.9,0.904761904761905,0.1,0.0952380952380952,9.45,0.110526315789474
"252",0.4625,6.50071732789314,0.838709677419355,0.367773281662132,0.705882352941177,0.828282828282828,0.666666666666667,0.909090909090909,0.333333333333333,0.0909090909090909,7.33333333333333,0.366666666666667
"253",0.15,2.60074910941459,0.741935483870968,0.377064510715697,0.714285714285714,0.869047619047619,1,0.619047619047619,0,0.380952380952381,2.625,0
"254",0.5815,6.94951377756542,0.903225806451613,0.355363187716616,0.666666666666667,0.853846153846154,0.6,0.961538461538462,0.4,0.0384615384615384,15.6,0.416
"255",0.1335,2.75494848127704,0.903225806451613,0.384830157245251,0.869565217391304,0.925,0.909090909090909,0.9,0.0909090909090909,0.1,9.09090909090909,0.101010101010101
"256",0.672,8.30558988309577,0.838709677419355,0.393766782917906,0.666666666666667,0.818181818181818,0.555555555555556,0.954545454545455,0.444444444444444,0.0454545454545454,12.2222222222222,0.465608465608466
"257",0.1375,2.51123901642542,0.903225806451613,0.356696562893487,0.869565217391304,0.947619047619048,1,0.857142857142857,0,0.142857142857143,7,0
"258",0.122,2.6561217903974,0.67741935483871,0.486853137562718,0.615384615384615,0.742424242424242,0.888888888888889,0.590909090909091,0.111111111111111,0.409090909090909,2.17283950617284,0.188034188034188
"259",0.322,5.02210412157318,0.838709677419355,0.356553135556574,0.761904761904762,0.811904761904762,0.8,0.857142857142857,0.2,0.142857142857143,5.6,0.233333333333333
"260",0.1105,2.25511296394773,0.870967741935484,0.395224483416223,0.875,0.945378151260504,1,0.764705882352941,0,0.235294117647059,4.25,0
"261",0.6885,9.34483805207147,0.935483870967742,0.275311602957281,0.888888888888889,0.957142857142857,0.8,1,0.2,0,Inf,0.2
"262",0.3875,5.75060637622009,0.935483870967742,0.290737224982219,0.857142857142857,0.964285714285714,0.857142857142857,0.958333333333333,0.142857142857143,0.0416666666666666,20.5714285714286,0.149068322981366
"263",0.258,4.63367146889248,0.870967741935484,0.342411696551411,0.777777777777778,0.876190476190476,0.7,0.952380952380952,0.3,0.0476190476190477,14.7,0.315
"264",0.458,6.50203405540398,0.967741935483871,0.270616630111111,0.923076923076923,0.99,1,0.96,0,0.04,25,0
"265",0.138,2.85349027397978,0.774193548387097,0.419682463229838,0.631578947368421,0.760869565217391,0.75,0.782608695652174,0.25,0.217391304347826,3.45,0.319444444444444
"266",0.219,3.97481025420817,0.838709677419355,0.337938682112659,0.782608695652174,0.895454545454546,0.818181818181818,0.85,0.181818181818182,0.15,5.45454545454545,0.213903743315508
"267",0.1415,2.3014594682334,0.838709677419355,0.353493578573399,0.782608695652174,0.909090909090909,1,0.772727272727273,0,0.227272727272727,4.4,0
"268",0.575,7.69562517390956,0.870967741935484,0.345396371041912,0.714285714285714,0.891304347826087,0.625,0.956521739130435,0.375,0.0434782608695652,14.375,0.392045454545455
"269",0.22,3.87064778347452,0.806451612903226,0.38115999170689,0.666666666666667,0.83695652173913,0.75,0.826086956521739,0.25,0.173913043478261,4.3125,0.302631578947368
"270",0.3625,5.72656523552299,0.903225806451613,0.292645079087161,0.842105263157895,0.945238095238095,0.8,0.952380952380952,0.2,0.0476190476190477,16.8,0.21
"271",0.135,2.64838815427149,0.741935483870968,0.41224987448062,0.666666666666667,0.830808080808081,0.888888888888889,0.681818181818182,0.111111111111111,0.318181818181818,2.79365079365079,0.162962962962963
"272",0.2045,3.87325068711395,0.838709677419355,0.390432355308128,0.782608695652174,0.878571428571429,0.9,0.80952380952381,0.1,0.19047619047619,4.725,0.123529411764706
"273",0.3155,5.02480059357371,0.838709677419355,0.362863958121282,0.736842105263158,0.866161616161616,0.777777777777778,0.863636363636364,0.222222222222222,0.136363636363636,5.7037037037037,0.257309941520468
"274",0.22,3.93586405684584,0.774193548387097,0.436835868227232,0.631578947368421,0.741847826086957,0.75,0.782608695652174,0.25,0.217391304347826,3.45,0.319444444444444
"275",0.291,4.75393745239664,0.870967741935484,0.336754167917164,0.777777777777778,0.898989898989899,0.777777777777778,0.909090909090909,0.222222222222222,0.0909090909090909,8.55555555555555,0.244444444444444
"276",0.776,8.62192530928171,0.870967741935484,0.395860445921826,0.6,0.733333333333333,0.5,0.96,0.5,0.04,12.5,0.520833333333333
"277",0.262,4.1557080814045,0.838709677419355,0.332071835387912,0.615384615384615,0.813333333333333,0.666666666666667,0.88,0.333333333333333,0.12,5.55555555555556,0.378787878787879
"278",0.508,7.25128438432047,0.903225806451613,0.31477609367492,0.769230769230769,0.883152173913043,0.625,1,0.375,0,Inf,0.375
"279",0.343,5.74740521069637,0.935483870967742,0.328341265511919,0.875,0.954545454545454,0.777777777777778,1,0.222222222222222,0,Inf,0.222222222222222
"280",0.282,5.03014336910963,0.838709677419355,0.382350776832837,0.736842105263158,0.857142857142857,0.7,0.904761904761905,0.3,0.0952380952380952,7.35,0.331578947368421
"281",0.2035,3.87322311747288,0.838709677419355,0.363505242442394,0.761904761904762,0.876190476190476,0.8,0.857142857142857,0.2,0.142857142857143,5.6,0.233333333333333
"282",0.2365,3.91881153720034,0.806451612903226,0.380794302311514,0.727272727272727,0.823232323232323,0.888888888888889,0.772727272727273,0.111111111111111,0.227272727272727,3.91111111111111,0.143790849673203
"283",0.6495,8.63687350909158,0.838709677419355,0.409960478137205,0.761904761904762,0.799145299145299,0.615384615384615,1,0.384615384615385,0,Inf,0.384615384615385
"284",0.113,2.30284232080363,0.838709677419355,0.387600225562779,0.782608695652174,0.892857142857143,0.9,0.80952380952381,0.1,0.19047619047619,4.725,0.123529411764706
"285",0.235,3.92829534529858,0.774193548387097,0.387919789290665,0.666666666666667,0.845959595959596,0.777777777777778,0.772727272727273,0.222222222222222,0.227272727272727,3.42222222222222,0.287581699346405
"286",0.4975,6.95077309005969,0.935483870967742,0.304660164975013,0.875,0.945652173913043,0.875,0.956521739130435,0.125,0.0434782608695652,20.125,0.130681818181818
"287",0.335,5.74966190119086,0.870967741935484,0.362653829090497,0.8,0.844298245614035,0.666666666666667,1,0.333333333333333,0,Inf,0.333333333333333
"288",0.074,2.30596183260625,0.612903225806452,0.478958276452843,0.625,0.708333333333333,0.833333333333333,0.473684210526316,0.166666666666667,0.526315789473684,1.58333333333333,0.351851851851852
"289",0.334,5.27415791304462,0.903225806451613,0.334633036200013,0.857142857142857,0.919047619047619,0.9,0.904761904761905,0.1,0.0952380952380952,9.45,0.110526315789474
"290",0.132,2.8492422873094,0.741935483870968,0.435441974891835,0.666666666666667,0.787878787878788,0.888888888888889,0.681818181818182,0.111111111111111,0.318181818181818,2.79365079365079,0.162962962962963
"291",0.6045,8.23484662750059,0.935483870967742,0.276632213264567,0.833333333333333,0.952380952380952,0.714285714285714,1,0.285714285714286,0,Inf,0.285714285714286
"292",0.1955,4.2075082283897,0.806451612903226,0.431679307087689,0.625,0.777777777777778,0.555555555555556,0.909090909090909,0.444444444444444,0.0909090909090909,6.11111111111111,0.488888888888889
"293",0.1345,2.6496208240244,0.870967741935484,0.401782736882201,0.857142857142857,0.907894736842105,1,0.789473684210526,0,0.210526315789474,4.75,0
"294",0.2025,4.18492830117214,0.903225806451613,0.392964855765713,0.88,0.929824561403509,0.916666666666667,0.894736842105263,0.0833333333333334,0.105263157894737,8.70833333333333,0.0931372549019608
"295",0.1995,3.96809974697373,0.806451612903226,0.396018581859399,0.769230769230769,0.868421052631579,0.833333333333333,0.789473684210526,0.166666666666667,0.210526315789474,3.95833333333333,0.211111111111111
"296",0.195,4.13617826546,0.935483870967742,0.391245554229904,0.916666666666667,0.978070175438596,0.916666666666667,0.947368421052632,0.0833333333333334,0.0526315789473685,17.4166666666667,0.087962962962963
"297",0.221,3.87645140003585,0.741935483870968,0.417800968684618,0.6,0.755434782608696,0.75,0.739130434782609,0.25,0.260869565217391,2.875,0.338235294117647
"298",0.197,4.20641117511295,0.806451612903226,0.434011736830797,0.7,0.792857142857143,0.7,0.857142857142857,0.3,0.142857142857143,4.9,0.35
"299",0.1265,2.35607085016212,0.806451612903226,0.382341434077659,0.8,0.903508771929825,1,0.684210526315789,0,0.315789473684211,3.16666666666667,0
"300",0.133,2.25166241231493,0.838709677419355,0.351072945649394,0.736842105263158,0.916666666666667,1,0.791666666666667,0,0.208333333333333,4.8,0
"301",0.1075,2.06720833293782,0.67741935483871,0.409073941237422,0.666666666666667,0.8,1,0.523809523809524,0,0.476190476190476,2.1,0
"302",0.274,4.48011281395946,0.806451612903226,0.372503227626459,0.666666666666667,0.796195652173913,0.75,0.826086956521739,0.25,0.173913043478261,4.3125,0.302631578947368
"303",0.0845,2.85121743213124,0.774193548387097,0.482415364702718,0.695652173913043,0.788636363636364,0.727272727272727,0.8,0.272727272727273,0.2,3.63636363636364,0.340909090909091
"304",0.119,2.84924883767683,0.774193548387097,0.425033499107261,0.72,0.852272727272727,0.818181818181818,0.75,0.181818181818182,0.25,3.27272727272727,0.242424242424242
"305",0.839,10.3867731203531,0.838709677419355,0.403261630453844,0.615384615384615,0.757575757575758,0.444444444444444,1,0.555555555555556,0,Inf,0.555555555555556
"306",0.247,4.12847649093254,0.838709677419355,0.353008887678445,0.736842105263158,0.864130434782609,0.875,0.826086956521739,0.125,0.173913043478261,5.03125,0.151315789473684
"307",0.3245,5.55435015773057,0.806451612903226,0.394702678255732,0.625,0.734848484848485,0.555555555555556,0.909090909090909,0.444444444444444,0.0909090909090909,6.11111111111111,0.488888888888889
"308",0.3365,5.74938597267233,0.870967741935484,0.345073297425525,0.75,0.878787878787879,0.666666666666667,0.954545454545455,0.333333333333333,0.0454545454545454,14.6666666666667,0.349206349206349
"309",0.1725,2.80324335593508,0.709677419354839,0.44960764151681,0.608695652173913,0.803571428571429,1,0.625,0,0.375,2.66666666666667,0
"310",0.2455,4.15359757768403,0.838709677419355,0.350043225845534,0.705882352941177,0.89945652173913,0.75,0.869565217391304,0.25,0.130434782608696,5.75,0.2875
"311",0.847,10.6906944421466,0.903225806451613,0.337155748303261,0.727272727272727,0.863095238095238,0.571428571428571,1,0.428571428571429,0,Inf,0.428571428571429
"312",0.341,5.02489657833996,0.903225806451613,0.308545150229789,0.8,0.860119047619048,0.857142857142857,0.916666666666667,0.142857142857143,0.0833333333333334,10.2857142857143,0.155844155844156
"313",0.234,4.3765336322005,0.838709677419355,0.359103609338724,0.705882352941177,0.893939393939394,0.666666666666667,0.909090909090909,0.333333333333333,0.0909090909090909,7.33333333333333,0.366666666666667
"314",0.1595,2.80184620340655,0.806451612903226,0.374951123111478,0.769230769230769,0.880952380952381,1,0.714285714285714,0,0.285714285714286,3.5,0
"315",0.13,2.80763828332997,0.870967741935484,0.414430753745881,0.833333333333333,0.879545454545455,0.909090909090909,0.85,0.0909090909090909,0.15,6.06060606060606,0.106951871657754
"316",0.651,8.31765477465389,0.870967741935484,0.353689422899539,0.714285714285714,0.831521739130435,0.625,0.956521739130435,0.375,0.0434782608695652,14.375,0.392045454545455
"317",0.086,2.60146110900471,0.870967741935484,0.458685964940642,0.846153846153846,0.920168067226891,0.785714285714286,0.941176470588235,0.214285714285714,0.0588235294117647,13.3571428571429,0.227678571428571
"318",0.1255,2.68311541580682,0.870967741935484,0.399355792731548,0.833333333333333,0.870454545454545,0.909090909090909,0.85,0.0909090909090909,0.15,6.06060606060606,0.106951871657754
"319",0.881,10.636391793239,0.903225806451613,0.370035453371033,0.727272727272727,0.836309523809524,0.571428571428571,1,0.428571428571429,0,Inf,0.428571428571429
"320",0.132,2.34875357055289,0.709677419354839,0.374245643943434,0.64,0.847826086956522,1,0.608695652173913,0,0.391304347826087,2.55555555555556,0
"321",0.2505,4.13280740491572,0.838709677419355,0.360127781811345,0.761904761904762,0.873737373737374,0.888888888888889,0.818181818181818,0.111111111111111,0.181818181818182,4.88888888888889,0.135802469135803
"322",0.1435,2.3493552698619,0.806451612903226,0.345327099539294,0.7,0.89945652173913,0.875,0.782608695652174,0.125,0.217391304347826,4.025,0.159722222222222
"323",0.1135,2.61379231597881,0.870967741935484,0.398507339655926,0.833333333333333,0.901315789473684,0.833333333333333,0.894736842105263,0.166666666666667,0.105263157894737,7.91666666666667,0.186274509803922
"324",0.1315,2.60495235852507,0.806451612903226,0.381027277497967,0.769230769230769,0.895454545454546,0.909090909090909,0.75,0.0909090909090909,0.25,3.63636363636364,0.121212121212121
"325",0.572,7.34676795868168,0.903225806451613,0.32161425899604,0.823529411764706,0.924242424242424,0.777777777777778,0.954545454545455,0.222222222222222,0.0454545454545454,17.1111111111111,0.232804232804233
"326",0.4315,6.17383411572344,0.870967741935484,0.358865348900456,0.666666666666667,0.833333333333333,0.571428571428571,0.958333333333333,0.428571428571429,0.0416666666666666,13.7142857142857,0.447204968944099
"327",0.4345,6.16914711383334,0.903225806451613,0.321463326344155,0.8,0.902173913043478,0.75,0.956521739130435,0.25,0.0434782608695652,17.25,0.261363636363636
"328",0.571,7.70092019495946,0.870967741935484,0.344930874192055,0.714285714285714,0.888586956521739,0.625,0.956521739130435,0.375,0.0434782608695652,14.375,0.392045454545455
"329",0.3565,5.74736679040975,0.870967741935484,0.336148948142679,0.75,0.896464646464647,0.666666666666667,0.954545454545455,0.333333333333333,0.0454545454545454,14.6666666666667,0.349206349206349
"330",0.522,7.24797094426617,0.967741935483871,0.257825355959262,0.952380952380952,0.997619047619048,1,0.952380952380952,0,0.0476190476190477,21,0
"331",0.146,2.80416327372014,0.838709677419355,0.375919929759733,0.814814814814815,0.907894736842105,0.916666666666667,0.789473684210526,0.0833333333333334,0.210526315789474,4.35416666666667,0.105555555555556
"332",0.071,2.0208410570428,0.645161290322581,0.484370475185691,0.666666666666667,0.74780701754386,0.916666666666667,0.473684210526316,0.0833333333333334,0.526315789473684,1.74166666666667,0.175925925925926
"333",0.253,4.20288321364845,0.709677419354839,0.449518558647119,0.608695652173913,0.724747474747475,0.777777777777778,0.681818181818182,0.222222222222222,0.318181818181818,2.44444444444444,0.325925925925926
"334",0.932,10.4579264223593,0.967741935483871,0.39275417571045,0.888888888888889,0.953846153846154,0.8,1,0.2,0,Inf,0.2
"335",0.649,7.70168298757109,0.838709677419355,0.378845679748591,0.705882352941177,0.863636363636364,0.666666666666667,0.909090909090909,0.333333333333333,0.0909090909090909,7.33333333333333,0.366666666666667
"336",0.3225,5.03093985264342,0.870967741935484,0.328488357421266,0.666666666666667,0.826666666666667,0.666666666666667,0.92,0.333333333333333,0.08,8.33333333333334,0.36231884057971
"337",0.276,5.03040795588995,0.806451612903226,0.384290104380739,0.727272727272727,0.836363636363636,0.727272727272727,0.85,0.272727272727273,0.15,4.84848484848485,0.320855614973262
"338",0.0985,2.24302628209009,0.870967741935484,0.416239832514736,0.846153846153846,0.922727272727273,1,0.8,0,0.2,5,0
"339",0.068,1.97759765704963,0.741935483870968,0.471311790294496,0.733333333333333,0.800438596491228,0.916666666666667,0.631578947368421,0.0833333333333334,0.368421052631579,2.48809523809524,0.131944444444445
"340",0.0995,2.64499638030585,0.741935483870968,0.463926071391593,0.666666666666667,0.785714285714286,0.8,0.714285714285714,0.2,0.285714285714286,2.8,0.28
"341",0.674,8.70277985032248,0.838709677419355,0.39981944520396,0.666666666666667,0.828571428571429,0.5,1,0.5,0,Inf,0.5
"342",0.0915,2.29986568567436,0.741935483870968,0.439334190311914,0.733333333333333,0.798245614035088,0.916666666666667,0.631578947368421,0.0833333333333334,0.368421052631579,2.48809523809524,0.131944444444445
"343",0.161,2.85470966989897,0.870967741935484,0.322335146187718,0.6,0.746153846153846,0.6,0.923076923076923,0.4,0.0769230769230769,7.80000000000001,0.433333333333333
"344",0.26,4.18241581185993,0.903225806451613,0.286019592861352,0.869565217391304,0.971428571428571,1,0.857142857142857,0,0.142857142857143,7,0
"345",0.5165,6.94778500603458,0.903225806451613,0.307950713835985,0.769230769230769,0.883928571428571,0.714285714285714,0.958333333333333,0.285714285714286,0.0416666666666666,17.1428571428572,0.298136645962733
"346",0.306,4.36376898547268,0.838709677419355,0.34716061797794,0.761904761904762,0.907608695652174,1,0.782608695652174,0,0.217391304347826,4.6,0
"347",0.2215,3.44962054994348,0.935483870967742,0.267909508832619,0.888888888888889,0.972826086956522,1,0.91304347826087,0,0.0869565217391305,11.5,0
"348",0.233,4.63505272537931,0.806451612903226,0.409266575903064,0.727272727272727,0.85,0.727272727272727,0.85,0.272727272727273,0.15,4.84848484848485,0.320855614973262
"349",0.123,2.34703427292029,0.67741935483871,0.414577825659144,0.545454545454545,0.738095238095238,0.857142857142857,0.625,0.142857142857143,0.375,2.28571428571429,0.228571428571429
"350",0.3175,4.95633974471249,0.903225806451613,0.303512687390293,0.8,0.928571428571428,0.857142857142857,0.916666666666667,0.142857142857143,0.0833333333333334,10.2857142857143,0.155844155844156
"351",0.359,5.55413971143974,0.903225806451613,0.292318063988854,0.823529411764706,0.896464646464646,0.777777777777778,0.954545454545455,0.222222222222222,0.0454545454545454,17.1111111111111,0.232804232804233
"352",0.265,5.02845474500483,0.838709677419355,0.373617649058039,0.736842105263158,0.877272727272727,0.636363636363636,0.95,0.363636363636364,0.05,12.7272727272727,0.382775119617225
"353",0.3225,4.40679445983074,0.806451612903226,0.360599282499094,0.727272727272727,0.89945652173913,1,0.739130434782609,0,0.260869565217391,3.83333333333333,0
"354",0.309,4.96932608242718,0.838709677419355,0.339395902086436,0.666666666666667,0.892857142857143,0.714285714285714,0.875,0.285714285714286,0.125,5.71428571428571,0.326530612244898
"355",0.164,2.85319734377254,0.903225806451613,0.329547934871482,0.869565217391304,0.952380952380952,1,0.857142857142857,0,0.142857142857143,7,0
"356",0.2555,3.87429517358493,0.806451612903226,0.351073443878655,0.571428571428571,0.823076923076923,0.8,0.807692307692308,0.2,0.192307692307692,4.16,0.247619047619048
"357",0.7465,8.85002689734705,0.870967741935484,0.357549571204639,0.666666666666667,0.818452380952381,0.571428571428571,0.958333333333333,0.428571428571429,0.0416666666666666,13.7142857142857,0.447204968944099
"358",0.389,5.41898570336526,0.838709677419355,0.346320827577266,0.666666666666667,0.842261904761905,0.714285714285714,0.875,0.285714285714286,0.125,5.71428571428571,0.326530612244898
"359",0.0925,2.08297953782472,0.709677419354839,0.402757773183475,0.709677419354839,0.81140350877193,0.916666666666667,0.578947368421053,0.0833333333333334,0.421052631578947,2.17708333333333,0.143939393939394
"360",0.159,2.80138818736378,0.806451612903226,0.38243669436033,0.727272727272727,0.866161616161616,0.888888888888889,0.772727272727273,0.111111111111111,0.227272727272727,3.91111111111111,0.143790849673203
"361",0.1275,2.35184924671072,0.838709677419355,0.375432626763382,0.827586206896552,0.907894736842105,1,0.736842105263158,0,0.263157894736842,3.8,0
"362",0.808,9.54892778512754,0.903225806451613,0.339591722039189,0.727272727272727,0.876666666666667,0.666666666666667,0.96,0.333333333333333,0.04,16.6666666666667,0.347222222222222
"363",0.5255,6.647077170213,0.903225806451613,0.302406824687493,0.823529411764706,0.956521739130435,0.875,0.91304347826087,0.125,0.0869565217391305,10.0625,0.136904761904762
"364",0.089,2.8498398916505,0.806451612903226,0.490417890219325,0.8,0.84453781512605,0.857142857142857,0.764705882352941,0.142857142857143,0.235294117647059,3.64285714285714,0.186813186813187
"365",0.149,2.61654303380405,0.741935483870968,0.415822933276011,0.666666666666667,0.817934782608696,1,0.652173913043478,0,0.347826086956522,2.875,0
"366",0.4475,6.50100376448368,0.935483870967742,0.274937261893305,0.833333333333333,0.94047619047619,0.714285714285714,1,0.285714285714286,0,Inf,0.285714285714286
"367",0.348,5.74986362971617,0.903225806451613,0.328654144074018,0.823529411764706,0.939393939393939,0.777777777777778,0.954545454545455,0.222222222222222,0.0454545454545454,17.1111111111111,0.232804232804233
"368",0.22,4.12275097869359,0.870967741935484,0.361325077775378,0.818181818181818,0.923809523809524,0.9,0.857142857142857,0.1,0.142857142857143,6.3,0.116666666666667
"369",0.347,5.26531969570983,0.967741935483871,0.266848774685105,0.941176470588235,0.967391304347826,1,0.956521739130435,0,0.0434782608695652,23,0
"370",0.454,5.74938423302445,0.870967741935484,0.351385823465584,0.75,0.910714285714286,0.857142857142857,0.875,0.142857142857143,0.125,6.85714285714286,0.163265306122449
"371",0.061,1.81435552884779,0.741935483870968,0.461279321805222,0.733333333333333,0.831818181818182,1,0.6,0,0.4,2.5,0
"372",0.104,1.82662802360458,0.709677419354839,0.382964843057026,0.608695652173913,0.854166666666667,1,0.625,0,0.375,2.66666666666667,0
"373",0.522,6.94296869104316,0.838709677419355,0.372932909324685,0.705882352941177,0.825757575757576,0.666666666666667,0.909090909090909,0.333333333333333,0.0909090909090909,7.33333333333333,0.366666666666667
"374",0.4805,7.25426513141091,0.935483870967742,0.305136139918068,0.857142857142857,0.96195652173913,0.75,1,0.25,0,Inf,0.25
"375",0.3335,5.02870984761759,0.838709677419355,0.340204415921877,0.761904761904762,0.906565656565657,0.888888888888889,0.818181818181818,0.111111111111111,0.181818181818182,4.88888888888889,0.135802469135803
"376",0.3535,5.65473832635297,0.806451612903226,0.362391359740743,0.666666666666667,0.815656565656566,0.666666666666667,0.863636363636364,0.333333333333333,0.136363636363636,4.88888888888889,0.385964912280702
"377",0.05,1.82974736349551,0.709677419354839,0.491267524840851,0.742857142857143,0.766806722689076,0.928571428571429,0.529411764705882,0.0714285714285714,0.470588235294118,1.97321428571429,0.134920634920635
"378",0.1785,2.72815265564674,0.838709677419355,0.322680367252244,0.782608695652174,0.939393939393939,1,0.772727272727273,0,0.227272727272727,4.4,0
"379",0.48,6.94959444097695,0.870967741935484,0.355909725798552,0.777777777777778,0.85,0.7,0.952380952380952,0.3,0.0476190476190477,14.7,0.315
"380",0.4895,6.95156372870143,0.870967741935484,0.347248843528028,0.714285714285714,0.885869565217391,0.625,0.956521739130435,0.375,0.0434782608695652,14.375,0.392045454545455
"381",0.752,8.62336096993572,0.903225806451613,0.349093620611859,0.769230769230769,0.904761904761905,0.714285714285714,0.958333333333333,0.285714285714286,0.0416666666666666,17.1428571428572,0.298136645962733
"382",0.0955,1.81465472015628,0.645161290322581,0.381517746665818,0.592592592592593,0.804347826086957,1,0.521739130434783,0,0.478260869565217,2.09090909090909,0
"383",0.0845,1.76933205991319,0.838709677419355,0.419163150594366,0.838709677419355,0.905982905982906,1,0.722222222222222,0,0.277777777777778,3.6,0
"384",0.1115,2.26023933343786,0.774193548387097,0.41145739370816,0.758620689655172,0.85,1,0.65,0,0.35,2.85714285714286,0
"385",0.2595,4.9504534750021,0.870967741935484,0.364643843155521,0.8,0.918181818181818,0.727272727272727,0.95,0.272727272727273,0.05,14.5454545454545,0.287081339712919
"386",0.367,4.95122815761495,0.870967741935484,0.328870364542802,0.777777777777778,0.93452380952381,1,0.833333333333333,0,0.166666666666667,6,0
"387",0.273,4.63218299539512,0.806451612903226,0.393753301240778,0.727272727272727,0.85,0.727272727272727,0.85,0.272727272727273,0.15,4.84848484848485,0.320855614973262
"388",0.333,5.33787197999651,0.935483870967742,0.283953698194413,0.888888888888889,0.962121212121212,0.888888888888889,0.954545454545455,0.111111111111111,0.0454545454545454,19.5555555555556,0.116402116402116
"389",0.201,3.86903384679523,0.870967741935484,0.342140333530768,0.833333333333333,0.932017543859649,0.833333333333333,0.894736842105263,0.166666666666667,0.105263157894737,7.91666666666667,0.186274509803922
"390",0.1065,2.84934637152582,0.774193548387097,0.479613501296107,0.72,0.777272727272727,0.818181818181818,0.75,0.181818181818182,0.25,3.27272727272727,0.242424242424242
"391",0.311,4.95489327453049,0.903225806451613,0.320991662730996,0.823529411764706,0.940217391304348,0.875,0.91304347826087,0.125,0.0869565217391305,10.0625,0.136904761904762
"392",0.4355,6.50833712835481,0.935483870967742,0.278271642476002,0.857142857142857,0.96195652173913,0.75,1,0.25,0,Inf,0.25
"393",0.2655,4.2036750737052,0.870967741935484,0.314612744806727,0.777777777777778,0.923913043478261,0.875,0.869565217391304,0.125,0.130434782608696,6.70833333333333,0.14375
"394",0.3435,5.5571115557521,0.935483870967742,0.306970849407271,0.8,0.94,0.666666666666667,1,0.333333333333333,0,Inf,0.333333333333333
"395",0.371,5.55453568308082,0.870967741935484,0.329231013674033,0.777777777777778,0.911616161616162,0.777777777777778,0.909090909090909,0.222222222222222,0.0909090909090909,8.55555555555555,0.244444444444444
"396",0.122,2.76057609454683,0.709677419354839,0.45241313023776,0.608695652173913,0.742424242424242,0.777777777777778,0.681818181818182,0.222222222222222,0.318181818181818,2.44444444444444,0.325925925925926
"397",0.26,4.17359554154676,0.870967741935484,0.319114021598849,0.777777777777778,0.907608695652174,0.875,0.869565217391304,0.125,0.130434782608696,6.70833333333333,0.14375
"398",0.4145,5.74936435447213,0.870967741935484,0.331533946005361,0.666666666666667,0.863333333333333,0.666666666666667,0.92,0.333333333333333,0.08,8.33333333333334,0.36231884057971
"399",0.55,7.90095692637292,0.903225806451613,0.320970362207259,0.823529411764706,0.861904761904762,0.7,1,0.3,0,Inf,0.3
"400",0.9265,10.3723164227206,0.838709677419355,0.438521832646925,0.615384615384615,0.8125,0.5,0.956521739130435,0.5,0.0434782608695652,11.5,0.522727272727273
"401",0.713,9.33285698136302,0.935483870967742,0.28490496873289,0.833333333333333,0.964285714285714,0.714285714285714,1,0.285714285714286,0,Inf,0.285714285714286
"402",0.676,8.30951040483642,0.935483870967742,0.295370074671377,0.857142857142857,0.964285714285714,0.857142857142857,0.958333333333333,0.142857142857143,0.0416666666666666,20.5714285714286,0.149068322981366
"403",0.322,4.9534392827297,0.838709677419355,0.37326069493642,0.827586206896552,0.888888888888889,0.923076923076923,0.777777777777778,0.0769230769230769,0.222222222222222,4.15384615384615,0.0989010989010988
"404",0.367,4.95328593579263,0.838709677419355,0.343484908851321,0.761904761904762,0.91304347826087,1,0.782608695652174,0,0.217391304347826,4.6,0
"405",0.6075,7.34440968310673,0.838709677419355,0.369461300699551,0.545454545454545,0.82,0.5,0.92,0.5,0.08,6.25,0.543478260869565
"406",0.2315,4.13024647473086,0.838709677419355,0.354658576264326,0.761904761904762,0.871428571428571,0.8,0.857142857142857,0.2,0.142857142857143,5.6,0.233333333333333
"407",0.8455,9.55284097172305,0.870967741935484,0.375411470080706,0.714285714285714,0.91304347826087,0.625,0.956521739130435,0.375,0.0434782608695652,14.375,0.392045454545455
"408",0.1835,4.15011643813074,0.806451612903226,0.414130763326713,0.666666666666667,0.79047619047619,0.6,0.904761904761905,0.4,0.0952380952380952,6.3,0.442105263157895
"409",0.2115,4.41934014352237,0.903225806451613,0.3753310699567,0.842105263157895,0.931818181818182,0.727272727272727,1,0.272727272727273,0,Inf,0.272727272727273
"410",0.3335,4.95858436529845,0.870967741935484,0.335551617550768,0.75,0.875,0.857142857142857,0.875,0.142857142857143,0.125,6.85714285714286,0.163265306122449
"411",0.2915,4.60923038196333,0.935483870967742,0.291905395585731,0.875,0.894021739130435,0.875,0.956521739130435,0.125,0.0434782608695652,20.125,0.130681818181818
"412",0.1475,2.513005693667,0.870967741935484,0.321445959219371,0.777777777777778,0.9375,0.875,0.869565217391304,0.125,0.130434782608696,6.70833333333333,0.14375
"413",0.5065,7.65994886181201,0.806451612903226,0.422307839335057,0.666666666666667,0.782894736842105,0.5,1,0.5,0,Inf,0.5
"414",0.4955,6.94521091597792,0.870967741935484,0.360625153195275,0.777777777777778,0.878571428571429,0.7,0.952380952380952,0.3,0.0476190476190477,14.7,0.315
"415",0.11,2.65194217398472,0.709677419354839,0.439059981098236,0.709677419354839,0.800438596491228,0.916666666666667,0.578947368421053,0.0833333333333334,0.421052631578947,2.17708333333333,0.143939393939394
"416",0.2925,4.96066255177162,0.903225806451613,0.31524508513878,0.8,0.89945652173913,0.75,0.956521739130435,0.25,0.0434782608695652,17.25,0.261363636363636
"417",0.0995,2.34848124835996,0.774193548387097,0.423521455063436,0.758620689655172,0.845454545454545,1,0.65,0,0.35,2.85714285714286,0
"418",0.343,5.02674371131771,0.870967741935484,0.356286406390196,0.833333333333333,0.902272727272727,0.909090909090909,0.85,0.0909090909090909,0.15,6.06060606060606,0.106951871657754
"419",0.173,2.84848507408943,0.838709677419355,0.345374439620964,0.705882352941177,0.893333333333333,1,0.8,0,0.2,5,0
"420",0.369,5.50488360899449,0.774193548387097,0.430030117125271,0.666666666666667,0.771428571428571,0.7,0.80952380952381,0.3,0.19047619047619,3.675,0.370588235294118
"421",0.4575,6.66561518370871,0.870967741935484,0.323412745841029,0.777777777777778,0.835858585858586,0.777777777777778,0.909090909090909,0.222222222222222,0.0909090909090909,8.55555555555555,0.244444444444444
"422",0.8735,9.60014307945853,0.870967741935484,0.405954014016727,0.714285714285714,0.831521739130435,0.625,0.956521739130435,0.375,0.0434782608695652,14.375,0.392045454545455
"423",0.8825,10.4719901970316,0.903225806451613,0.379302010356415,0.727272727272727,0.821428571428571,0.571428571428571,1,0.428571428571429,0,Inf,0.428571428571429
"424",0.778,8.82477031462756,0.774193548387097,0.46640891216393,0.588235294117647,0.697727272727273,0.454545454545455,0.95,0.545454545454545,0.05,9.09090909090908,0.574162679425837
"425",0.2485,3.8734829640808,0.838709677419355,0.337577199988674,0.666666666666667,0.883333333333333,0.833333333333333,0.84,0.166666666666667,0.16,5.20833333333333,0.198412698412698
"426",0.2225,4.19688541821193,0.903225806451613,0.348918150423558,0.869565217391304,0.934210526315789,0.833333333333333,0.947368421052632,0.166666666666667,0.0526315789473685,15.8333333333333,0.175925925925926
"427",0.526,7.25005730291071,0.838709677419355,0.357937051780371,0.705882352941177,0.881313131313131,0.666666666666667,0.909090909090909,0.333333333333333,0.0909090909090909,7.33333333333333,0.366666666666667
"428",0.253,4.17875445603927,0.838709677419355,0.381941539957882,0.782608695652174,0.9,0.818181818181818,0.85,0.181818181818182,0.15,5.45454545454545,0.213903743315508
"429",0.216,3.87328183641409,0.838709677419355,0.384557921816188,0.814814814814815,0.857456140350877,0.916666666666667,0.789473684210526,0.0833333333333334,0.210526315789474,4.35416666666667,0.105555555555556
"430",0.459,6.35529072040203,0.870967741935484,0.33542174358765,0.8,0.880952380952381,0.8,0.904761904761905,0.2,0.0952380952380952,8.4,0.221052631578947
"431",0.202,3.87323411249595,0.870967741935484,0.352083152587228,0.818181818181818,0.927272727272727,0.818181818181818,0.9,0.181818181818182,0.1,8.18181818181818,0.202020202020202
"432",0.2175,3.97015588882511,0.838709677419355,0.357784647415062,0.705882352941177,0.809782608695652,0.75,0.869565217391304,0.25,0.130434782608696,5.75,0.2875
"433",0.139,2.84200912275626,0.741935483870968,0.406424981888157,0.692307692307692,0.825,0.818181818181818,0.7,0.181818181818182,0.3,2.72727272727273,0.25974025974026
"434",0.448,6.66577538645052,0.903225806451613,0.303291091877189,0.823529411764706,0.914141414141414,0.777777777777778,0.954545454545455,0.222222222222222,0.0454545454545454,17.1111111111111,0.232804232804233
"435",0.121,2.79636665597482,0.774193548387097,0.425751151112183,0.787878787878788,0.835416666666667,0.866666666666667,0.6875,0.133333333333333,0.3125,2.77333333333333,0.193939393939394
"436",0.2425,3.91732465061341,0.806451612903226,0.356000107753953,0.727272727272727,0.893939393939394,0.888888888888889,0.772727272727273,0.111111111111111,0.227272727272727,3.91111111111111,0.143790849673203
"437",0.2035,3.46064730847056,0.870967741935484,0.323856459060096,0.846153846153846,0.940909090909091,1,0.8,0,0.2,5,0
"438",0.9015,10.4760234842343,0.903225806451613,0.342041149542742,0.727272727272727,0.933333333333333,0.666666666666667,0.96,0.333333333333333,0.04,16.6666666666667,0.347222222222222
"439",0.5085,6.92405526326434,0.870967741935484,0.354008720513047,0.666666666666667,0.869047619047619,0.571428571428571,0.958333333333333,0.428571428571429,0.0416666666666666,13.7142857142857,0.447204968944099
"440",0.5435,6.95132220884091,0.903225806451613,0.323347310390085,0.769230769230769,0.85,0.833333333333333,0.92,0.166666666666667,0.08,10.4166666666667,0.181159420289855
"441",0.1055,1.94878926248861,0.741935483870968,0.388844074037732,0.764705882352941,0.867521367521368,1,0.555555555555556,0,0.444444444444444,2.25,0
"442",0.295,5.02976489994129,0.935483870967742,0.300535386560861,0.857142857142857,0.970108695652174,0.75,1,0.25,0,Inf,0.25
"443",0.543,6.34227583570802,0.903225806451613,0.322130995615387,0.769230769230769,0.942307692307692,1,0.884615384615385,0,0.115384615384615,8.66666666666666,0
"444",0.1495,2.6859593201234,0.709677419354839,0.413362952676906,0.689655172413793,0.833333333333333,1,0.571428571428571,0,0.428571428571429,2.33333333333333,0
"445",0.253,4.62677722974667,0.838709677419355,0.36977292082878,0.761904761904762,0.861363636363636,0.727272727272727,0.9,0.272727272727273,0.1,7.27272727272727,0.303030303030303
"446",0.7635,10.06654471198,0.838709677419355,0.37445787341989,0.736842105263158,0.879385964912281,0.583333333333333,1,0.416666666666667,0,Inf,0.416666666666667
"447",0.13,2.35056361684706,0.838709677419355,0.363192801213345,0.827586206896552,0.921052631578947,1,0.736842105263158,0,0.263157894736842,3.8,0
"448",0.5045,6.66723283510791,0.838709677419355,0.362965858380637,0.666666666666667,0.839673913043478,0.625,0.91304347826087,0.375,0.0869565217391305,7.1875,0.410714285714286
"449",0.249,4.41135373308346,0.870967741935484,0.343430403975703,0.818181818181818,0.886363636363636,0.818181818181818,0.9,0.181818181818182,0.1,8.18181818181818,0.202020202020202
"450",0.568,7.34805550338627,0.838709677419355,0.380229863162205,0.545454545454545,0.758928571428571,0.428571428571429,0.958333333333333,0.571428571428571,0.0416666666666666,10.2857142857143,0.596273291925466
"451",0.133,2.25602445507738,0.806451612903226,0.364516258823145,0.769230769230769,0.9,1,0.714285714285714,0,0.285714285714286,3.5,0
"452",0.4845,5.93498069343223,0.903225806451613,0.306311549888972,0.842105263157895,0.956521739130435,1,0.869565217391304,0,0.130434782608696,7.66666666666667,0
"453",0.7225,8.8496607613906,0.870967741935484,0.370174876725176,0.6,0.758928571428571,0.428571428571429,1,0.571428571428571,0,Inf,0.571428571428571
"454",0.517,6.94621658034956,0.903225806451613,0.307003925651093,0.769230769230769,0.901785714285714,0.714285714285714,0.958333333333333,0.285714285714286,0.0416666666666666,17.1428571428572,0.298136645962733
"455",0.2055,4.15419725263577,0.806451612903226,0.399884881693127,0.769230769230769,0.850427350427351,0.769230769230769,0.833333333333333,0.230769230769231,0.166666666666667,4.61538461538462,0.276923076923077
"456",0.225,3.96720972052204,0.838709677419355,0.356932810617523,0.8,0.911363636363636,0.909090909090909,0.8,0.0909090909090909,0.2,4.54545454545455,0.113636363636364
"457",0.4125,5.75071602275464,0.838709677419355,0.397452323843277,0.705882352941177,0.76010101010101,0.666666666666667,0.909090909090909,0.333333333333333,0.0909090909090909,7.33333333333333,0.366666666666667
"458",0.8725,9.59706939577188,0.903225806451613,0.37820671018861,0.769230769230769,0.883928571428571,0.714285714285714,0.958333333333333,0.285714285714286,0.0416666666666666,17.1428571428572,0.298136645962733
"459",0.3745,5.74773492767339,0.806451612903226,0.398708622723259,0.571428571428571,0.763586956521739,0.5,0.91304347826087,0.5,0.0869565217391305,5.75,0.547619047619048
"460",0.0615,1.82950282808272,0.709677419354839,0.487565392703483,0.727272727272727,0.796052631578947,1,0.526315789473684,0,0.473684210526316,2.11111111111111,0
"461",0.5895,7.45790729526685,0.903225806451613,0.310255898683917,0.727272727272727,0.91,0.666666666666667,0.96,0.333333333333333,0.04,16.6666666666667,0.347222222222222
"462",0.1475,2.84554911621325,0.741935483870968,0.40727272992521,0.666666666666667,0.810606060606061,0.888888888888889,0.681818181818182,0.111111111111111,0.318181818181818,2.79365079365079,0.162962962962963
"463",0.2025,4.15056532839967,0.838709677419355,0.454897113968985,0.761904761904762,0.830952380952381,0.8,0.857142857142857,0.2,0.142857142857143,5.6,0.233333333333333
"464",0.229,3.87185694075824,0.903225806451613,0.310554573677179,0.857142857142857,0.904761904761905,0.9,0.904761904761905,0.1,0.0952380952380952,9.45,0.110526315789474
"465",0.133,2.5993040710619,0.741935483870968,0.425971008305391,0.6,0.758928571428571,0.857142857142857,0.708333333333333,0.142857142857143,0.291666666666667,2.93877551020408,0.201680672268908
"466",0.492,6.80049953819567,0.838709677419355,0.343781078133904,0.8,0.907894736842105,0.833333333333333,0.842105263157895,0.166666666666667,0.157894736842105,5.27777777777778,0.197916666666667
"467",0.3185,4.60892313040885,0.806451612903226,0.38231911985613,0.727272727272727,0.861111111111111,0.888888888888889,0.772727272727273,0.111111111111111,0.227272727272727,3.91111111111111,0.143790849673203
"468",0.0985,2.26465254998978,0.838709677419355,0.424668066607731,0.838709677419355,0.903846153846154,1,0.722222222222222,0,0.277777777777778,3.6,0
"469",0.0725,2.46421134195201,0.806451612903226,0.487072966781752,0.785714285714286,0.829059829059829,0.846153846153846,0.777777777777778,0.153846153846154,0.222222222222222,3.80769230769231,0.197802197802198
"470",0.1035,2.00692180638946,0.741935483870968,0.387696713078127,0.714285714285714,0.866666666666667,1,0.619047619047619,0,0.380952380952381,2.625,0
"471",0.2745,4.1988414927353,0.870967741935484,0.329041348287022,0.777777777777778,0.875,0.875,0.869565217391304,0.125,0.130434782608696,6.70833333333333,0.14375
"472",0.2255,3.87052233545543,0.806451612903226,0.374660741636657,0.727272727272727,0.861904761904762,0.8,0.80952380952381,0.2,0.19047619047619,4.2,0.247058823529412
"473",0.1175,2.79610348985657,0.838709677419355,0.422826559120146,0.827586206896552,0.91025641025641,0.923076923076923,0.777777777777778,0.0769230769230769,0.222222222222222,4.15384615384615,0.0989010989010988
"474",0.236,3.87461937893532,0.903225806451613,0.311220456458249,0.8,0.93452380952381,0.857142857142857,0.916666666666667,0.142857142857143,0.0833333333333334,10.2857142857143,0.155844155844156
"475",0.4725,7.24795651377536,0.903225806451613,0.325343521708771,0.842105263157895,0.904545454545455,0.727272727272727,1,0.272727272727273,0,Inf,0.272727272727273
"476",0.3635,5.74980963008521,0.806451612903226,0.417475432367096,0.666666666666667,0.795238095238095,0.6,0.904761904761905,0.4,0.0952380952380952,6.3,0.442105263157895
"477",0.1505,2.82257649357602,0.774193548387097,0.388652050337481,0.695652173913043,0.818181818181818,0.888888888888889,0.727272727272727,0.111111111111111,0.272727272727273,3.25925925925926,0.152777777777778
"478",0.2865,4.37566284640746,0.838709677419355,0.348692372257349,0.782608695652174,0.895238095238095,0.9,0.80952380952381,0.1,0.19047619047619,4.725,0.123529411764706
"479",0.699,8.30118743906007,0.870967741935484,0.36870381770699,0.666666666666667,0.851190476190476,0.571428571428571,0.958333333333333,0.428571428571429,0.0416666666666666,13.7142857142857,0.447204968944099
"480",0.2385,4.12557814072613,0.870967741935484,0.334077316910232,0.75,0.845108695652174,0.75,0.91304347826087,0.25,0.0869565217391305,8.62499999999999,0.273809523809524
"481",0.2145,3.80399211548358,0.838709677419355,0.379716433977787,0.814814814814815,0.881578947368421,0.916666666666667,0.789473684210526,0.0833333333333334,0.210526315789474,4.35416666666667,0.105555555555556
"482",0.1425,3.75675591595918,0.838709677419355,0.462666212642871,0.736842105263158,0.830952380952381,0.7,0.904761904761905,0.3,0.0952380952380952,7.35,0.331578947368421
"483",0.344,5.34067709576544,0.838709677419355,0.371387353927454,0.761904761904762,0.861904761904762,0.8,0.857142857142857,0.2,0.142857142857143,5.6,0.233333333333333
"484",0.2405,3.92847525654233,0.838709677419355,0.345638705474205,0.615384615384615,0.81,0.666666666666667,0.88,0.333333333333333,0.12,5.55555555555556,0.378787878787879
"485",0.1655,2.7537399174824,0.774193548387097,0.393880272811984,0.666666666666667,0.839285714285714,1,0.708333333333333,0,0.291666666666667,3.42857142857143,0
"486",0.193,3.67528979734853,0.838709677419355,0.365558989430231,0.814814814814815,0.918803418803419,0.846153846153846,0.833333333333333,0.153846153846154,0.166666666666667,5.07692307692308,0.184615384615385
"487",0.51,6.40226079899159,0.838709677419355,0.36931818831973,0.666666666666667,0.858695652173913,0.625,0.91304347826087,0.375,0.0869565217391305,7.1875,0.410714285714286
"488",0.338,4.6184183581905,0.709677419354839,0.478252261068294,0.571428571428571,0.732323232323232,0.666666666666667,0.727272727272727,0.333333333333333,0.272727272727273,2.44444444444444,0.458333333333333
"489",0.2685,4.15197241895149,0.903225806451613,0.32411647904812,0.823529411764706,0.928571428571429,1,0.875,0,0.125,8,0
"490",0.591,8.33942023953773,1,0.230167075485282,1,1,1,1,0,0,Inf,0
"491",0.948,10.6426252976463,0.903225806451613,0.445683081262626,0.823529411764706,0.866666666666667,0.7,1,0.3,0,Inf,0.3
"492",0.2685,4.63002372230438,0.838709677419355,0.343723465400348,0.705882352941177,0.815217391304348,0.75,0.869565217391304,0.25,0.130434782608696,5.75,0.2875
"493",0.369,5.33334081261206,0.967741935483871,0.298154963563533,0.923076923076923,0.966666666666667,1,0.96,0,0.04,25,0
"494",0.145,2.82777082249337,0.903225806451613,0.379515099828995,0.888888888888889,0.929824561403509,1,0.842105263157895,0,0.157894736842105,6.33333333333333,0
"495",0.518,7.34773887189747,0.967741935483871,0.249980105932763,0.933333333333333,0.956521739130435,0.875,1,0.125,0,Inf,0.125
"496",0.1395,2.65290262808103,0.838709677419355,0.361459035538908,0.782608695652174,0.904761904761905,0.9,0.80952380952381,0.1,0.19047619047619,4.725,0.123529411764706
"497",0.636,8.32415218520234,0.935483870967742,0.2873008472917,0.75,0.915384615384615,0.6,1,0.4,0,Inf,0.4
"498",0.198,3.86920607967877,0.806451612903226,0.391918551873516,0.75,0.827272727272727,0.818181818181818,0.8,0.181818181818182,0.2,4.09090909090909,0.227272727272727
"499",0.354,5.33674949376231,0.903225806451613,0.297259349885361,0.727272727272727,0.893333333333333,0.666666666666667,0.96,0.333333333333333,0.04,16.6666666666667,0.347222222222222
"500",0.82,8.6129713405211,0.838709677419355,0.419855772171456,0.666666666666667,0.804347826086957,0.625,0.91304347826087,0.375,0.0869565217391305,7.1875,0.410714285714286
"501",0.2245,4.20339514170788,0.774193548387097,0.418578152151859,0.72,0.818181818181818,0.818181818181818,0.75,0.181818181818182,0.25,3.27272727272727,0.242424242424242
"502",0.325,5.02583478459221,0.806451612903226,0.387360517259223,0.7,0.858585858585859,0.777777777777778,0.818181818181818,0.222222222222222,0.181818181818182,4.27777777777778,0.271604938271605
"503",0.2275,4.1494603049178,0.870967741935484,0.357623255866713,0.846153846153846,0.910087719298246,0.916666666666667,0.842105263157895,0.0833333333333334,0.157894736842105,5.80555555555555,0.0989583333333334
"504",0.1485,2.8680963742103,0.806451612903226,0.386070526912526,0.75,0.852380952380952,0.9,0.761904761904762,0.1,0.238095238095238,3.78,0.13125
"505",0.782,8.87613977199284,0.838709677419355,0.409846433186073,0.545454545454545,0.767857142857143,0.428571428571429,0.958333333333333,0.571428571428571,0.0416666666666666,10.2857142857143,0.596273291925466
"506",0.141,2.78021324580559,0.806451612903226,0.399916680941476,0.7,0.840909090909091,0.777777777777778,0.818181818181818,0.222222222222222,0.181818181818182,4.27777777777778,0.271604938271605
"507",0.095,1.82239503292656,0.645161290322581,0.426195141743744,0.592592592592593,0.782608695652174,1,0.521739130434783,0,0.478260869565217,2.09090909090909,0
"508",0.592,7.24454420323935,0.935483870967742,0.311775195640233,0.833333333333333,0.913333333333333,0.833333333333333,0.96,0.166666666666667,0.04,20.8333333333333,0.173611111111111
"509",0.293,4.95063495055024,0.870967741935484,0.338622226813055,0.714285714285714,0.894021739130435,0.625,0.956521739130435,0.375,0.0434782608695652,14.375,0.392045454545455
"510",0.8885,10.8783172025267,0.935483870967742,0.350611761127272,0.666666666666667,0.888888888888889,0.5,1,0.5,0,Inf,0.5
"511",0.191,3.9710186657629,0.870967741935484,0.414250577806351,0.833333333333333,0.881578947368421,0.833333333333333,0.894736842105263,0.166666666666667,0.105263157894737,7.91666666666667,0.186274509803922
"512",0.329,5.02604064614082,0.903225806451613,0.287766750762392,0.769230769230769,0.953333333333333,0.833333333333333,0.92,0.166666666666667,0.08,10.4166666666667,0.181159420289855
"513",0.145,2.76190556093095,0.67741935483871,0.415413354456584,0.615384615384615,0.787878787878788,0.888888888888889,0.590909090909091,0.111111111111111,0.409090909090909,2.17283950617284,0.188034188034188
"514",0.31,5.34224593426105,0.903225806451613,0.318914342578797,0.842105263157895,0.930952380952381,0.8,0.952380952380952,0.2,0.0476190476190477,16.8,0.21
"515",0.2285,4.61078238228468,0.870967741935484,0.394290500902618,0.866666666666667,0.892857142857143,0.928571428571429,0.823529411764706,0.0714285714285714,0.176470588235294,5.26190476190476,0.086734693877551
"516",0.2965,4.6233341915868,0.806451612903226,0.372822309980917,0.75,0.883333333333333,0.9,0.761904761904762,0.1,0.238095238095238,3.78,0.13125
"517",0.227,4.12129405756171,0.838709677419355,0.378482834456766,0.782608695652174,0.895238095238095,0.9,0.80952380952381,0.1,0.19047619047619,4.725,0.123529411764706
"518",0.7035,9.41307258598973,0.935483870967742,0.261909801059622,0.8,0.93,0.666666666666667,1,0.333333333333333,0,Inf,0.333333333333333
"519",0.232,4.18002917480282,0.967741935483871,0.322795781611924,0.952380952380952,0.995238095238095,1,0.952380952380952,0,0.0476190476190477,21,0
"520",0.2465,3.91017849928794,0.903225806451613,0.2883436143491,0.842105263157895,0.96195652173913,1,0.869565217391304,0,0.130434782608696,7.66666666666667,0
"521",0.326,5.02086412440556,0.870967741935484,0.310959751416555,0.777777777777778,0.923913043478261,0.875,0.869565217391304,0.125,0.130434782608696,6.70833333333333,0.14375
"522",0.2715,4.14935435660838,0.870967741935484,0.302580225573621,0.777777777777778,0.946428571428571,1,0.833333333333333,0,0.166666666666667,6,0
"523",0.7705,8.83367199886194,0.838709677419355,0.409874167948328,0.666666666666667,0.775252525252525,0.555555555555556,0.954545454545455,0.444444444444444,0.0454545454545454,12.2222222222222,0.465608465608466
"524",0.349,6.37900129211897,0.870967741935484,0.36320227244161,0.833333333333333,0.897058823529412,0.714285714285714,1,0.285714285714286,0,Inf,0.285714285714286
"525",0.1075,2.58156880898341,0.774193548387097,0.422369440691738,0.740740740740741,0.828947368421053,0.833333333333333,0.736842105263158,0.166666666666667,0.263157894736842,3.16666666666667,0.226190476190476
"526",0.1215,2.35324786738699,0.806451612903226,0.378187841835554,0.769230769230769,0.890909090909091,0.909090909090909,0.75,0.0909090909090909,0.25,3.63636363636364,0.121212121212121
"527",0.377,5.55496589505152,0.870967741935484,0.325000515286246,0.8,0.885714285714286,0.8,0.904761904761905,0.2,0.0952380952380952,8.4,0.221052631578947
"528",0.4715,6.94724177082213,0.935483870967742,0.295607895780974,0.857142857142857,0.945652173913043,0.75,1,0.25,0,Inf,0.25
"529",0.14,2.85279120649949,0.838709677419355,0.402100615996392,0.761904761904762,0.881313131313131,0.888888888888889,0.818181818181818,0.111111111111111,0.181818181818182,4.88888888888889,0.135802469135803
"530",0.523,7.25120597490999,0.838709677419355,0.39357133930808,0.666666666666667,0.777777777777778,0.555555555555556,0.954545454545455,0.444444444444444,0.0454545454545454,12.2222222222222,0.465608465608466
"531",0.258,4.1539983612685,0.935483870967742,0.294993476669423,0.9,0.96969696969697,1,0.909090909090909,0,0.0909090909090909,11,0
"532",0.118,2.84339723572329,0.774193548387097,0.450238752507343,0.72,0.804545454545455,0.818181818181818,0.75,0.181818181818182,0.25,3.27272727272727,0.242424242424242
"533",0.713,8.85772345636131,0.903225806451613,0.353145844821015,0.727272727272727,0.794642857142857,0.571428571428571,1,0.428571428571429,0,Inf,0.428571428571429
"534",0.105,2.23687906249082,0.774193548387097,0.389821026765194,0.666666666666667,0.866847826086957,0.875,0.739130434782609,0.125,0.260869565217391,3.35416666666667,0.169117647058824
"535",0.5705,7.03118477881143,0.838709677419355,0.383290561754236,0.736842105263158,0.814285714285714,0.7,0.904761904761905,0.3,0.0952380952380952,7.35,0.331578947368421
"536",0.726,8.66064889584392,0.903225806451613,0.317745535679983,0.769230769230769,0.880952380952381,0.714285714285714,0.958333333333333,0.285714285714286,0.0416666666666666,17.1428571428572,0.298136645962733
"537",0.543,7.87707906967561,0.903225806451613,0.300861634002412,0.8,0.934343434343434,0.666666666666667,1,0.333333333333333,0,Inf,0.333333333333333
"538",0.1365,2.85018728553102,0.741935483870968,0.42621210469675,0.692307692307692,0.80952380952381,0.9,0.666666666666667,0.1,0.333333333333333,2.7,0.15
"539",0.3775,5.55317466806421,0.903225806451613,0.339013314045831,0.769230769230769,0.848214285714286,0.714285714285714,0.958333333333333,0.285714285714286,0.0416666666666666,17.1428571428572,0.298136645962733
"540",0.8265,9.96721370617913,0.870967741935484,0.384827770744261,0.5,0.713333333333333,0.333333333333333,1,0.666666666666667,0,Inf,0.666666666666667
"541",0.82,9.54819411981322,0.870967741935484,0.360901881616551,0.714285714285714,0.883152173913043,0.625,0.956521739130435,0.375,0.0434782608695652,14.375,0.392045454545455
"542",0.3025,5.02758834599307,0.870967741935484,0.332184933074884,0.818181818181818,0.884090909090909,0.818181818181818,0.9,0.181818181818182,0.1,8.18181818181818,0.202020202020202
"543",0.1885,3.91678891040151,0.838709677419355,0.403004809009238,0.705882352941177,0.80050505050505,0.666666666666667,0.909090909090909,0.333333333333333,0.0909090909090909,7.33333333333333,0.366666666666667
"544",0.1195,2.30344275282117,0.870967741935484,0.384652951602565,0.833333333333333,0.90952380952381,1,0.80952380952381,0,0.19047619047619,5.25,0
"545",0.5325,7.25050807054961,0.903225806451613,0.314090219815009,0.769230769230769,0.916666666666667,0.714285714285714,0.958333333333333,0.285714285714286,0.0416666666666666,17.1428571428572,0.298136645962733
"546",0.5055,7.24934791803154,0.870967741935484,0.321225802351611,0.833333333333333,0.942982456140351,0.833333333333333,0.894736842105263,0.166666666666667,0.105263157894737,7.91666666666667,0.186274509803922
"547",0.482,6.94947049154049,0.838709677419355,0.357864472505608,0.705882352941177,0.871428571428571,0.6,0.952380952380952,0.4,0.0476190476190477,12.6,0.42
"548",0.163,2.84538611499392,0.870967741935484,0.351950095018362,0.8,0.923913043478261,1,0.826086956521739,0,0.173913043478261,5.75,0
"549",0.6845,8.52453825860451,0.903225806451613,0.318309516304165,0.666666666666667,0.915384615384615,0.6,0.961538461538462,0.4,0.0384615384615384,15.6,0.416
"550",0.4355,5.7522576037256,0.870967741935484,0.344061777852588,0.714285714285714,0.9,0.833333333333333,0.88,0.166666666666667,0.12,6.94444444444444,0.189393939393939
"551",0.6905,8.52380136988457,0.870967741935484,0.344520868913849,0.714285714285714,0.902173913043478,0.625,0.956521739130435,0.375,0.0434782608695652,14.375,0.392045454545455
"552",0.5805,6.95041121077476,0.838709677419355,0.389063049157878,0.736842105263158,0.842857142857143,0.7,0.904761904761905,0.3,0.0952380952380952,7.35,0.331578947368421
"553",0.2205,4.15466839471773,0.903225806451613,0.345738784933008,0.888888888888889,0.944444444444444,0.923076923076923,0.888888888888889,0.0769230769230769,0.111111111111111,8.3076923076923,0.0865384615384615
"554",0.2415,4.17580846392268,0.806451612903226,0.368964909375371,0.727272727272727,0.866161616161616,0.888888888888889,0.772727272727273,0.111111111111111,0.227272727272727,3.91111111111111,0.143790849673203
"555",0.1305,2.84713312436065,0.870967741935484,0.390610635705839,0.846153846153846,0.925438596491228,0.916666666666667,0.842105263157895,0.0833333333333334,0.157894736842105,5.80555555555555,0.0989583333333334
"556",0.1225,2.80122918923858,0.709677419354839,0.455813147050755,0.64,0.776190476190476,0.8,0.666666666666667,0.2,0.333333333333333,2.4,0.3
"557",0.719,9.54937118479981,0.903225806451613,0.328254462609125,0.769230769230769,0.872282608695652,0.625,1,0.375,0,Inf,0.375
"558",0.71,9.59899857396414,0.903225806451613,0.314307540275656,0.823529411764706,0.942857142857143,0.7,1,0.3,0,Inf,0.3
"559",0.458,6.46546414265784,0.935483870967742,0.278062131734733,0.875,0.956521739130435,0.875,0.956521739130435,0.125,0.0434782608695652,20.125,0.130681818181818
"560",0.277,4.95814304929653,0.774193548387097,0.441440036511816,0.666666666666667,0.792857142857143,0.7,0.80952380952381,0.3,0.19047619047619,3.675,0.370588235294118
"561",0.904,9.54479992602131,0.870967741935484,0.433793331414049,0.6,0.74,0.5,0.96,0.5,0.04,12.5,0.520833333333333
"562",0.5735,7.69707511533899,0.806451612903226,0.412521928434839,0.666666666666667,0.809090909090909,0.545454545454545,0.95,0.454545454545455,0.05,10.9090909090909,0.478468899521531
"563",0.1605,3.63304021271866,0.838709677419355,0.407218346435333,0.736842105263158,0.811904761904762,0.7,0.904761904761905,0.3,0.0952380952380952,7.35,0.331578947368421
"564",0.243,4.12808685334856,0.806451612903226,0.394864535638489,0.625,0.77445652173913,0.625,0.869565217391304,0.375,0.130434782608696,4.79166666666667,0.43125
"565",0.309,5.34191991742009,0.903225806451613,0.331869425689346,0.842105263157895,0.90952380952381,0.8,0.952380952380952,0.2,0.0476190476190477,16.8,0.21
"566",0.79,8.62328674966121,0.903225806451613,0.390905927711087,0.823529411764706,0.843434343434343,0.777777777777778,0.954545454545455,0.222222222222222,0.0454545454545454,17.1111111111111,0.232804232804233
"567",0.608,8.64235090919807,0.967741935483871,0.26594003056803,0.952380952380952,0.981818181818182,0.909090909090909,1,0.0909090909090909,0,Inf,0.0909090909090909
"568",0.309,4.95253852297952,0.870967741935484,0.338643041056013,0.8,0.921717171717172,0.888888888888889,0.863636363636364,0.111111111111111,0.136363636363636,6.51851851851852,0.128654970760234
"569",0.13,2.64472799123551,0.806451612903226,0.410124151853379,0.75,0.864285714285714,0.9,0.761904761904762,0.1,0.238095238095238,3.78,0.13125
"570",0.113,2.35581941512099,0.709677419354839,0.422442828741688,0.64,0.820707070707071,0.888888888888889,0.636363636363636,0.111111111111111,0.363636363636364,2.44444444444444,0.174603174603175
"571",0.142,2.84660205283664,0.741935483870968,0.445012410073783,0.636363636363636,0.833333333333333,0.777777777777778,0.727272727272727,0.222222222222222,0.272727272727273,2.85185185185185,0.305555555555556
"572",0.1245,2.64399340493568,0.806451612903226,0.392883579926352,0.785714285714286,0.890350877192982,0.916666666666667,0.736842105263158,0.0833333333333334,0.263157894736842,3.48333333333333,0.113095238095238
"573",0.3115,4.95781853785724,0.870967741935484,0.346682970099165,0.714285714285714,0.854166666666667,0.714285714285714,0.916666666666667,0.285714285714286,0.0833333333333334,8.57142857142857,0.311688311688312
"574",0.4105,6.65924191070316,0.870967741935484,0.346440371337816,0.818181818181818,0.925438596491228,0.75,0.947368421052632,0.25,0.0526315789473685,14.25,0.263888888888889
"575",0.312,4.62625626557683,0.838709677419355,0.366529640753814,0.705882352941177,0.87202380952381,0.857142857142857,0.833333333333333,0.142857142857143,0.166666666666667,5.14285714285714,0.171428571428571
"576",0.631,8.8750678739745,0.935483870967742,0.281089935760357,0.875,0.94949494949495,0.777777777777778,1,0.222222222222222,0,Inf,0.222222222222222
"577",0.2475,4.20669174052401,0.741935483870968,0.474481794814989,0.636363636363636,0.752380952380952,0.7,0.761904761904762,0.3,0.238095238095238,2.94,0.39375
"578",0.2465,4.17734577673921,0.838709677419355,0.3754990742857,0.705882352941177,0.858695652173913,0.75,0.869565217391304,0.25,0.130434782608696,5.75,0.2875
"579",0.617,7.3392024530863,0.935483870967742,0.287040602985281,0.875,0.976190476190476,1,0.916666666666667,0,0.0833333333333334,12,0
"580",0.1965,4.12780465905034,0.903225806451613,0.375997797448036,0.903225806451613,0.939583333333333,0.875,0.933333333333333,0.125,0.0666666666666667,13.125,0.133928571428571
"581",0.579,7.24152318848378,0.870967741935484,0.34432201392999,0.714285714285714,0.869047619047619,0.714285714285714,0.916666666666667,0.285714285714286,0.0833333333333334,8.57142857142857,0.311688311688312
"582",0.251,4.20627294592621,0.903225806451613,0.325787641072266,0.857142857142857,0.942857142857143,0.9,0.904761904761905,0.1,0.0952380952380952,9.45,0.110526315789474
"583",0.394,5.74930468799986,0.806451612903226,0.413358277121216,0.727272727272727,0.840909090909091,0.727272727272727,0.85,0.272727272727273,0.15,4.84848484848485,0.320855614973262
"584",0.838,9.20062825035773,0.903225806451613,0.377947752272226,0.769230769230769,0.863095238095238,0.714285714285714,0.958333333333333,0.285714285714286,0.0416666666666666,17.1428571428572,0.298136645962733
"585",0.2385,4.17919715310458,0.774193548387097,0.416338319695359,0.740740740740741,0.831818181818182,0.909090909090909,0.7,0.0909090909090909,0.3,3.03030303030303,0.12987012987013
"586",0.736,8.29032340964016,0.870967741935484,0.3550163837328,0.75,0.902173913043478,0.75,0.91304347826087,0.25,0.0869565217391305,8.62499999999999,0.273809523809524
"587",0.5915,7.34338861913861,0.935483870967742,0.310845360185453,0.833333333333333,0.913333333333333,0.833333333333333,0.96,0.166666666666667,0.04,20.8333333333333,0.173611111111111
"588",0.3325,5.02948562174368,0.903225806451613,0.3127672407223,0.857142857142857,0.944444444444444,1,0.863636363636364,0,0.136363636363636,7.33333333333333,0
"589",0.238,3.96983237376196,0.870967741935484,0.3295397288294,0.8,0.934343434343434,0.888888888888889,0.863636363636364,0.111111111111111,0.136363636363636,6.51851851851852,0.128654970760234
"590",0.122,2.6491867692007,0.806451612903226,0.384315364192546,0.727272727272727,0.842857142857143,0.8,0.80952380952381,0.2,0.19047619047619,4.2,0.247058823529412
"591",0.329,5.33869929479915,0.903225806451613,0.312557476014866,0.8,0.923913043478261,0.75,0.956521739130435,0.25,0.0434782608695652,17.25,0.261363636363636
"592",0.112,2.3082739211738,0.806451612903226,0.42039738694597,0.785714285714286,0.853070175438596,0.916666666666667,0.736842105263158,0.0833333333333334,0.263157894736842,3.48333333333333,0.113095238095238
"593",0.072,2.35124521104802,0.645161290322581,0.53306594692881,0.666666666666667,0.719298245614035,0.916666666666667,0.473684210526316,0.0833333333333334,0.526315789473684,1.74166666666667,0.175925925925926
"594",0.207,4.20429242542452,0.838709677419355,0.384329410876591,0.736842105263158,0.847619047619048,0.7,0.904761904761905,0.3,0.0952380952380952,7.35,0.331578947368421
"595",0.379,5.74985936220382,1,0.251899248713341,1,1,1,1,0,0,Inf,0
"596",0.1145,2.64264460010171,0.806451612903226,0.423663427827824,0.769230769230769,0.872727272727273,0.909090909090909,0.75,0.0909090909090909,0.25,3.63636363636364,0.121212121212121
"597",0.205,3.98404829443667,0.709677419354839,0.465247965094038,0.666666666666667,0.74780701754386,0.75,0.684210526315789,0.25,0.315789473684211,2.375,0.365384615384615
"598",0.312,4.629804586185,0.838709677419355,0.359512078811488,0.761904761904762,0.904040404040404,0.888888888888889,0.818181818181818,0.111111111111111,0.181818181818182,4.88888888888889,0.135802469135803
"599",0.439,6.36217699254114,0.903225806451613,0.322370545376136,0.8,0.915760869565217,0.75,0.956521739130435,0.25,0.0434782608695652,17.25,0.261363636363636
"600",0.483,7.05505075906234,0.903225806451613,0.307747773908749,0.823529411764706,0.916666666666667,0.777777777777778,0.954545454545455,0.222222222222222,0.0454545454545454,17.1111111111111,0.232804232804233
"601",0.2495,4.12802687714883,0.774193548387097,0.353976660756046,0.740740740740741,0.888636363636364,0.909090909090909,0.7,0.0909090909090909,0.3,3.03030303030303,0.12987012987013
"602",0.133,2.87541159264822,0.870967741935484,0.40308809386673,0.846153846153846,0.899122807017544,0.916666666666667,0.842105263157895,0.0833333333333334,0.157894736842105,5.80555555555555,0.0989583333333334
"603",0.4455,5.27390418908674,0.741935483870968,0.461663035294094,0.5,0.68452380952381,0.571428571428571,0.791666666666667,0.428571428571429,0.208333333333333,2.74285714285714,0.541353383458647
"604",0.2175,3.60265062155141,0.903225806451613,0.278679972183347,0.869565217391304,0.954545454545455,0.909090909090909,0.9,0.0909090909090909,0.1,9.09090909090909,0.101010101010101
"605",0.128,2.34841657762694,0.774193548387097,0.384468689350616,0.695652173913043,0.853260869565217,1,0.695652173913043,0,0.304347826086957,3.28571428571429,0
"606",0.181,2.85248771867403,0.903225806451613,0.274695530190051,0.857142857142857,0.96969696969697,1,0.863636363636364,0,0.136363636363636,7.33333333333333,0
"607",0.854,10.2742729221361,0.903225806451613,0.369861004703044,0.666666666666667,0.783333333333333,0.5,1,0.5,0,Inf,0.5
"608",0.5885,8.34597959112612,0.903225806451613,0.295158481965989,0.8,0.934343434343434,0.666666666666667,1,0.333333333333333,0,Inf,0.333333333333333
"609",0.609,6.64366148343211,0.838709677419355,0.372939748486589,0.705882352941177,0.892857142857143,0.857142857142857,0.833333333333333,0.142857142857143,0.166666666666667,5.14285714285714,0.171428571428571
"610",0.31,5.55117431445363,0.838709677419355,0.39065812585277,0.761904761904762,0.859090909090909,0.727272727272727,0.9,0.272727272727273,0.1,7.27272727272727,0.303030303030303
"611",0.2265,3.92415572583625,0.838709677419355,0.355100614403436,0.761904761904762,0.857142857142857,0.8,0.857142857142857,0.2,0.142857142857143,5.6,0.233333333333333
"612",0.173,2.70688027332287,0.870967741935484,0.305918562842508,0.777777777777778,0.946428571428571,1,0.833333333333333,0,0.166666666666667,6,0
"613",0.3195,5.02522827899591,0.903225806451613,0.31840783894681,0.727272727272727,0.896666666666667,0.666666666666667,0.96,0.333333333333333,0.04,16.6666666666667,0.347222222222222
"614",0.271,5.0258145558536,0.870967741935484,0.376225815625067,0.8,0.875,0.727272727272727,0.95,0.272727272727273,0.05,14.5454545454545,0.287081339712919
"615",0.171,2.71206749316207,0.935483870967742,0.289476287599491,0.909090909090909,0.980952380952381,1,0.904761904761905,0,0.0952380952380952,10.5,0
"616",0.2245,4.12944421736033,0.806451612903226,0.392888431945493,0.666666666666667,0.823232323232323,0.666666666666667,0.863636363636364,0.333333333333333,0.136363636363636,4.88888888888889,0.385964912280702
"617",0.067,1.82880700293351,0.580645161290323,0.453468986086452,0.551724137931034,0.671717171717172,0.888888888888889,0.454545454545455,0.111111111111111,0.545454545454545,1.62962962962963,0.244444444444445
"618",0.311,5.5546419330203,0.870967741935484,0.354014948754353,0.8,0.886363636363636,0.727272727272727,0.95,0.272727272727273,0.05,14.5454545454545,0.287081339712919
"619",0.37,5.74989347443156,0.870967741935484,0.38309921385743,0.8,0.838095238095238,0.8,0.904761904761905,0.2,0.0952380952380952,8.4,0.221052631578947
"620",0.279,4.20123440520613,0.903225806451613,0.320438181010923,0.823529411764706,0.946428571428571,1,0.875,0,0.125,8,0
"621",0.5775,7.69695020779278,0.935483870967742,0.296006650919857,0.8,0.873333333333333,0.666666666666667,1,0.333333333333333,0,Inf,0.333333333333333
"622",0.438,6.91650885141217,0.870967741935484,0.347322502869715,0.833333333333333,0.905982905982906,0.769230769230769,0.944444444444444,0.230769230769231,0.0555555555555556,13.8461538461538,0.244343891402715
"623",0.147,2.70314240578128,0.741935483870968,0.425465339496729,0.636363636363636,0.807065217391304,0.875,0.695652173913043,0.125,0.304347826086957,2.875,0.1796875
"624",0.2475,3.92161331324692,0.967741935483871,0.274917146226123,0.933333333333333,0.994047619047619,1,0.958333333333333,0,0.0416666666666666,24,0
"625",0.868,10.6866714280785,0.967741935483871,0.314586132010479,0.8,0.880952380952381,0.666666666666667,1,0.333333333333333,0,Inf,0.333333333333333
"626",0.1775,3.86721667563454,0.903225806451613,0.389233587168107,0.869565217391304,0.93640350877193,0.833333333333333,0.947368421052632,0.166666666666667,0.0526315789473685,15.8333333333333,0.175925925925926
"627",0.0755,1.8250452574398,0.580645161290323,0.464619921501351,0.628571428571429,0.729545454545454,1,0.35,0,0.65,1.53846153846154,0
"628",0.092,2.85122157489996,0.806451612903226,0.468206969407584,0.769230769230769,0.848290598290598,0.769230769230769,0.833333333333333,0.230769230769231,0.166666666666667,4.61538461538462,0.276923076923077
"629",0.1095,2.29520152725734,0.774193548387097,0.388323556083507,0.758620689655172,0.881578947368421,0.916666666666667,0.684210526315789,0.0833333333333334,0.315789473684211,2.90277777777778,0.121794871794872
"630",0.1985,3.92132362472735,0.806451612903226,0.383218020254058,0.75,0.875,0.818181818181818,0.8,0.181818181818182,0.2,4.09090909090909,0.227272727272727
"631",0.5175,6.64442465680168,0.870967741935484,0.341590980294522,0.714285714285714,0.898809523809524,0.714285714285714,0.916666666666667,0.285714285714286,0.0833333333333334,8.57142857142857,0.311688311688312
"632",0.7135,8.63445499426821,0.870967741935484,0.368003504479042,0.714285714285714,0.869565217391304,0.625,0.956521739130435,0.375,0.0434782608695652,14.375,0.392045454545455
"633",0.6565,7.33615793650972,0.870967741935484,0.36276543149412,0.714285714285714,0.898809523809524,0.714285714285714,0.916666666666667,0.285714285714286,0.0833333333333334,8.57142857142857,0.311688311688312
"634",0.81,10.1360117749803,0.870967741935484,0.364530479170542,0.666666666666667,0.809782608695652,0.5,1,0.5,0,Inf,0.5
"635",0.693,8.63297568258376,0.935483870967742,0.312516028241226,0.857142857142857,0.932065217391304,0.75,1,0.25,0,Inf,0.25
"636",0.2925,4.63721074782294,0.838709677419355,0.390163944907878,0.782608695652174,0.881818181818182,0.818181818181818,0.85,0.181818181818182,0.15,5.45454545454545,0.213903743315508
"637",0.1285,2.80336146520835,0.806451612903226,0.392662701068976,0.625,0.763586956521739,0.625,0.869565217391304,0.375,0.130434782608696,4.79166666666667,0.43125
"638",0.4865,6.80250929290311,0.838709677419355,0.375424580959887,0.705882352941177,0.810606060606061,0.666666666666667,0.909090909090909,0.333333333333333,0.0909090909090909,7.33333333333333,0.366666666666667
"639",0.0985,2.06927513505581,0.806451612903226,0.406247582229247,0.8,0.885964912280702,1,0.684210526315789,0,0.315789473684211,3.16666666666667,0
"640",0.5265,6.49160049379683,0.870967741935484,0.3583806510521,0.777777777777778,0.888586956521739,0.875,0.869565217391304,0.125,0.130434782608696,6.70833333333333,0.14375
"641",0.138,2.87668421042855,0.774193548387097,0.40589598420788,0.695652173913043,0.833333333333333,0.8,0.761904761904762,0.2,0.238095238095238,3.36,0.2625
"642",0.1365,2.8806349547064,0.774193548387097,0.4158960998405,0.774193548387097,0.863247863247863,0.923076923076923,0.666666666666667,0.0769230769230769,0.333333333333333,2.76923076923077,0.115384615384615
"643",0.4305,6.67730103651737,0.870967741935484,0.349123166838097,0.666666666666667,0.85054347826087,0.5,1,0.5,0,Inf,0.5
"644",0.5315,7.04370232706952,0.903225806451613,0.306871218113145,0.727272727272727,0.926666666666667,0.666666666666667,0.96,0.333333333333333,0.04,16.6666666666667,0.347222222222222
"645",0.7735,8.8565306225039,0.903225806451613,0.336992785913577,0.769230769230769,0.857142857142857,0.714285714285714,0.958333333333333,0.285714285714286,0.0416666666666666,17.1428571428572,0.298136645962733
"646",0.1565,2.79504853077467,0.774193548387097,0.386652415088417,0.666666666666667,0.798913043478261,0.875,0.739130434782609,0.125,0.260869565217391,3.35416666666667,0.169117647058824
"647",0.314,5.5533692734448,0.935483870967742,0.337437328285925,0.9,0.943181818181818,0.818181818181818,1,0.181818181818182,0,Inf,0.181818181818182
"648",0.102,2.78828995133185,0.741935483870968,0.481082126397531,0.75,0.779166666666667,0.8,0.6875,0.2,0.3125,2.56,0.290909090909091
"649",0.7805,8.6203104265543,0.838709677419355,0.394072431920483,0.705882352941177,0.878787878787879,0.666666666666667,0.909090909090909,0.333333333333333,0.0909090909090909,7.33333333333333,0.366666666666667
"650",0.144,2.84609279029989,0.806451612903226,0.410828038318346,0.785714285714286,0.868421052631579,0.916666666666667,0.736842105263158,0.0833333333333334,0.263157894736842,3.48333333333333,0.113095238095238
"651",0.135,2.30524595290784,0.709677419354839,0.390343643392887,0.571428571428571,0.813333333333333,1,0.64,0,0.36,2.77777777777778,0
"652",0.355,5.74934747200602,0.903225806451613,0.337176070973441,0.823529411764706,0.911616161616162,0.777777777777778,0.954545454545455,0.222222222222222,0.0454545454545454,17.1111111111111,0.232804232804233
"653",0.119,2.73450958653386,0.774193548387097,0.434058700390337,0.740740740740741,0.820175438596491,0.833333333333333,0.736842105263158,0.166666666666667,0.263157894736842,3.16666666666667,0.226190476190476
"654",0.6675,8.63812428477817,0.903225806451613,0.321372719269431,0.769230769230769,0.915760869565217,0.625,1,0.375,0,Inf,0.375
"655",0.0885,2.25187368746824,0.774193548387097,0.441429180740193,0.740740740740741,0.861842105263158,0.833333333333333,0.736842105263158,0.166666666666667,0.263157894736842,3.16666666666667,0.226190476190476
"656",0.271,4.36405233292069,0.903225806451613,0.295804534507862,0.842105263157895,0.929292929292929,0.888888888888889,0.909090909090909,0.111111111111111,0.0909090909090909,9.77777777777777,0.122222222222222
"657",0.261,4.20136280525245,0.774193548387097,0.4111882052018,0.695652173913043,0.821428571428571,0.8,0.761904761904762,0.2,0.238095238095238,3.36,0.2625
"658",0.202,3.69572585055401,0.870967741935484,0.369720483879471,0.777777777777778,0.891304347826087,0.875,0.869565217391304,0.125,0.130434782608696,6.70833333333333,0.14375
"659",0.622,8.35186466167218,0.903225806451613,0.311542436013118,0.727272727272727,0.857142857142857,0.571428571428571,1,0.428571428571429,0,Inf,0.428571428571429
"660",0.4065,5.74801101493498,0.838709677419355,0.359747833143214,0.705882352941177,0.880434782608696,0.75,0.869565217391304,0.25,0.130434782608696,5.75,0.2875
"661",0.3545,5.33639044553729,0.870967741935484,0.366001684400508,0.777777777777778,0.891414141414141,0.777777777777778,0.909090909090909,0.222222222222222,0.0909090909090909,8.55555555555555,0.244444444444444
"662",0.142,2.29843104369641,0.709677419354839,0.377164441380377,0.526315789473684,0.830769230769231,1,0.653846153846154,0,0.346153846153846,2.88888888888889,0
"663",0.3285,5.55457979057967,0.838709677419355,0.352416328906092,0.761904761904762,0.886363636363636,0.727272727272727,0.9,0.272727272727273,0.1,7.27272727272727,0.303030303030303
"664",0.203,3.97385033043378,0.774193548387097,0.421944163855998,0.695652173913043,0.813636363636364,0.727272727272727,0.8,0.272727272727273,0.2,3.63636363636364,0.340909090909091
"665",0.5825,7.65919103369398,0.870967741935484,0.338826283147557,0.6,0.863333333333333,0.5,0.96,0.5,0.04,12.5,0.520833333333333
"666",0.9095,10.3743775549656,0.870967741935484,0.388075877832966,0.714285714285714,0.891304347826087,0.625,0.956521739130435,0.375,0.0434782608695652,14.375,0.392045454545455
"667",0.248,4.63727059629328,0.935483870967742,0.339874422898791,0.875,0.871212121212121,0.777777777777778,1,0.222222222222222,0,Inf,0.222222222222222
"668",0.2985,5.02845663472837,0.903225806451613,0.334495751758639,0.823529411764706,0.929292929292929,0.777777777777778,0.954545454545455,0.222222222222222,0.0454545454545454,17.1111111111111,0.232804232804233
"669",0.2025,4.1834238823599,0.774193548387097,0.437930710441803,0.695652173913043,0.765909090909091,0.727272727272727,0.8,0.272727272727273,0.2,3.63636363636364,0.340909090909091
"670",0.3095,5.03344955234159,0.870967741935484,0.329445705253234,0.8,0.921717171717172,0.888888888888889,0.863636363636364,0.111111111111111,0.136363636363636,6.51851851851852,0.128654970760234
"671",0.1305,2.59913256672739,0.838709677419355,0.387168407429381,0.827586206896552,0.912280701754386,1,0.736842105263158,0,0.263157894736842,3.8,0
"672",0.4545,6.49998120071356,0.903225806451613,0.320018984884374,0.8,0.877717391304348,0.75,0.956521739130435,0.25,0.0434782608695652,17.25,0.261363636363636
"673",0.4545,6.50085152623398,0.903225806451613,0.319944833044262,0.823529411764706,0.931818181818182,0.777777777777778,0.954545454545455,0.222222222222222,0.0454545454545454,17.1111111111111,0.232804232804233
"674",0.3335,4.96826004403688,0.806451612903226,0.386294193846474,0.666666666666667,0.845959595959596,0.666666666666667,0.863636363636364,0.333333333333333,0.136363636363636,4.88888888888889,0.385964912280702
"675",0.084,2.26431423233883,0.774193548387097,0.448128625593723,0.72,0.807142857142857,0.9,0.714285714285714,0.1,0.285714285714286,3.15,0.14
"676",0.1515,2.8546071272995,0.903225806451613,0.362833406639649,0.869565217391304,0.947619047619048,1,0.857142857142857,0,0.142857142857143,7,0
"677",0.33,5.7501079177824,0.870967741935484,0.345038695775069,0.8,0.888636363636364,0.727272727272727,0.95,0.272727272727273,0.05,14.5454545454545,0.287081339712919
"678",0.5475,7.2931037941246,0.870967741935484,0.332254525333799,0.666666666666667,0.836309523809524,0.571428571428571,0.958333333333333,0.428571428571429,0.0416666666666666,13.7142857142857,0.447204968944099
"679",0.2,3.88084005402392,0.838709677419355,0.406936433893764,0.736842105263158,0.853535353535353,0.777777777777778,0.863636363636364,0.222222222222222,0.136363636363636,5.7037037037037,0.257309941520468
"680",0.6255,8.32371690939316,0.903225806451613,0.340256303250293,0.8,0.825757575757576,0.666666666666667,1,0.333333333333333,0,Inf,0.333333333333333
"681",0.39,6.36226141571239,0.838709677419355,0.36991903638112,0.705882352941177,0.854761904761905,0.6,0.952380952380952,0.4,0.0476190476190477,12.6,0.42
"682",0.1015,2.07626463128888,0.645161290322581,0.404561497775527,0.645161290322581,0.807142857142857,1,0.476190476190476,0,0.523809523809524,1.90909090909091,0
"683",0.246,4.17614848176719,0.774193548387097,0.376863927186282,0.631578947368421,0.807065217391304,0.75,0.782608695652174,0.25,0.217391304347826,3.45,0.319444444444444
"684",0.19,4.20365324524596,0.806451612903226,0.44393382248468,0.727272727272727,0.788636363636364,0.727272727272727,0.85,0.272727272727273,0.15,4.84848484848485,0.320855614973262
"685",0.69,9.59875653519092,0.903225806451613,0.300561861748449,0.823529411764706,0.945238095238095,0.7,1,0.3,0,Inf,0.3
"686",0.192,3.9778554143004,0.870967741935484,0.383066167103509,0.818181818181818,0.910087719298246,0.75,0.947368421052632,0.25,0.0526315789473685,14.25,0.263888888888889
"687",0.1375,2.57724196485181,0.67741935483871,0.396689059437034,0.583333333333333,0.75,0.875,0.608695652173913,0.125,0.391304347826087,2.23611111111111,0.205357142857143
"688",0.066,1.9150736036986,0.612903225806452,0.489723267326483,0.538461538461538,0.654891304347826,0.875,0.521739130434783,0.125,0.478260869565217,1.82954545454545,0.239583333333333
"689",0.3875,5.75143786716865,0.903225806451613,0.291266503259032,0.8,0.929347826086957,0.75,0.956521739130435,0.25,0.0434782608695652,17.25,0.261363636363636
"690",0.617,7.34322460007167,0.935483870967742,0.298314982033493,0.8,0.969230769230769,0.8,0.961538461538462,0.2,0.0384615384615384,20.8,0.208
"691",0.136,2.57192089173863,0.838709677419355,0.3829802214236,0.814814814814815,0.904545454545455,1,0.75,0,0.25,4,0
"692",0.344,5.55019190024183,0.903225806451613,0.329545470803328,0.842105263157895,0.914285714285714,0.8,0.952380952380952,0.2,0.0476190476190477,16.8,0.21
"693",0.203,3.91623949249623,0.838709677419355,0.375233690491916,0.761904761904762,0.861904761904762,0.8,0.857142857142857,0.2,0.142857142857143,5.6,0.233333333333333
"694",0.135,2.64932937859857,0.774193548387097,0.395797582733156,0.758620689655172,0.868421052631579,0.916666666666667,0.684210526315789,0.0833333333333334,0.315789473684211,2.90277777777778,0.121794871794872
"695",0.543,7.69872480629872,0.935483870967742,0.303583615733244,0.888888888888889,0.916666666666667,0.8,1,0.2,0,Inf,0.2
"696",0.154,2.8764008092471,0.903225806451613,0.349272335007169,0.869565217391304,0.925,0.909090909090909,0.9,0.0909090909090909,0.1,9.09090909090909,0.101010101010101
"697",0.255,3.9691103205587,0.903225806451613,0.343968238928776,0.727272727272727,0.784615384615385,0.8,0.923076923076923,0.2,0.0769230769230769,10.4,0.216666666666667
"698",0.242,3.84508287955699,0.806451612903226,0.356223434408904,0.571428571428571,0.843333333333333,0.666666666666667,0.84,0.333333333333333,0.16,4.16666666666667,0.396825396825397
"699",0.992,12.926060614735,0.935483870967742,0.434542717830081,0.8,0.916666666666667,0.666666666666667,1,0.333333333333333,0,Inf,0.333333333333333
"700",0.329,5.02554140734601,0.806451612903226,0.415392442238214,0.727272727272727,0.804761904761905,0.8,0.80952380952381,0.2,0.19047619047619,4.2,0.247058823529412
"701",0.2225,4.20715832304734,0.870967741935484,0.347066032795946,0.833333333333333,0.901315789473684,0.833333333333333,0.894736842105263,0.166666666666667,0.105263157894737,7.91666666666667,0.186274509803922
"702",0.183,2.85131258211141,0.709677419354839,0.383313589317449,0.470588235294118,0.773076923076923,0.8,0.692307692307692,0.2,0.307692307692308,2.6,0.288888888888889
"703",0.3435,5.75192987010556,0.903225806451613,0.354367817224643,0.857142857142857,0.918181818181818,0.818181818181818,0.95,0.181818181818182,0.05,16.3636363636363,0.191387559808612
"704",0.3465,5.74902572185833,0.870967741935484,0.36008422701988,0.846153846153846,0.88034188034188,0.846153846153846,0.888888888888889,0.153846153846154,0.111111111111111,7.61538461538461,0.173076923076923
"705",0.1705,4.14680299351909,0.903225806451613,0.430841498977701,0.823529411764706,0.907142857142857,0.7,1,0.3,0,Inf,0.3
"706",0.2475,4.15601965424307,0.838709677419355,0.341240310213253,0.736842105263158,0.847826086956522,0.875,0.826086956521739,0.125,0.173913043478261,5.03125,0.151315789473684
"707",0.245,4.20027665565371,0.935483870967742,0.31339103580453,0.8,0.853333333333333,0.666666666666667,1,0.333333333333333,0,Inf,0.333333333333333
"708",0.2365,4.2054614155517,0.903225806451613,0.330121319155057,0.869565217391304,0.945454545454545,0.909090909090909,0.9,0.0909090909090909,0.1,9.09090909090909,0.101010101010101
"709",0.528,7.34564112445847,0.935483870967742,0.290839422391597,0.875,0.893939393939394,0.777777777777778,1,0.222222222222222,0,Inf,0.222222222222222
"710",0.129,2.84953622679363,0.774193548387097,0.420541857959185,0.758620689655172,0.844298245614035,0.916666666666667,0.684210526315789,0.0833333333333334,0.315789473684211,2.90277777777778,0.121794871794872
"711",0.792,8.87212735654402,0.903225806451613,0.360694044398643,0.727272727272727,0.86,0.666666666666667,0.96,0.333333333333333,0.04,16.6666666666667,0.347222222222222
"712",0.357,5.75130745843804,0.903225806451613,0.304816336674679,0.88,0.962719298245614,0.916666666666667,0.894736842105263,0.0833333333333334,0.105263157894737,8.70833333333333,0.0931372549019608
"713",0.272,4.63172502206042,0.870967741935484,0.376834683610344,0.75,0.853260869565217,0.75,0.91304347826087,0.25,0.0869565217391305,8.62499999999999,0.273809523809524
"714",0.106,2.22572980198067,0.806451612903226,0.421642386550917,0.823529411764706,0.852941176470588,1,0.647058823529412,0,0.352941176470588,2.83333333333333,0
"715",0.4395,6.94771595367415,0.903225806451613,0.324464357784394,0.842105263157895,0.922727272727273,0.727272727272727,1,0.272727272727273,0,Inf,0.272727272727273
"716",0.2445,3.92725760406017,0.806451612903226,0.346608803621702,0.727272727272727,0.886363636363636,0.888888888888889,0.772727272727273,0.111111111111111,0.227272727272727,3.91111111111111,0.143790849673203
"717",0.102,2.8498622293023,0.774193548387097,0.439791116793886,0.666666666666667,0.769047619047619,0.7,0.80952380952381,0.3,0.19047619047619,3.675,0.370588235294118
"718",0.4645,6.49964750847298,0.870967741935484,0.338382102005319,0.75,0.877717391304348,0.75,0.91304347826087,0.25,0.0869565217391305,8.62499999999999,0.273809523809524
"719",0.327,4.72013967304551,0.967741935483871,0.220908454097932,0.909090909090909,0.992307692307692,1,0.961538461538462,0,0.0384615384615384,26,0
"720",0.3905,5.02528957616133,0.741935483870968,0.427929145274514,0.555555555555556,0.773809523809524,0.714285714285714,0.75,0.285714285714286,0.25,2.85714285714286,0.380952380952381
"721",0.5165,6.49923110395632,0.903225806451613,0.327500348346507,0.769230769230769,0.92,0.833333333333333,0.92,0.166666666666667,0.08,10.4166666666667,0.181159420289855
"722",0.364,5.33884460819755,0.774193548387097,0.414720235682068,0.631578947368421,0.747474747474748,0.666666666666667,0.818181818181818,0.333333333333333,0.181818181818182,3.66666666666667,0.407407407407407
"723",0.7355,8.49663385191953,0.903225806451613,0.343769087097048,0.769230769230769,0.857142857142857,0.714285714285714,0.958333333333333,0.285714285714286,0.0416666666666666,17.1428571428572,0.298136645962733
"724",0.564,7.9677294559848,0.870967741935484,0.34938194743039,0.714285714285714,0.79040404040404,0.555555555555556,1,0.444444444444444,0,Inf,0.444444444444444
"725",0.258,4.62644530103948,0.935483870967742,0.319372598477284,0.909090909090909,0.972727272727273,0.909090909090909,0.95,0.0909090909090909,0.05,18.1818181818182,0.0956937799043063
"726",0.2975,4.19502235078897,0.870967741935484,0.320961478079735,0.75,0.926666666666667,1,0.84,0,0.16,6.25,0
"727",0.2155,3.9234796068786,0.903225806451613,0.363030687767489,0.857142857142857,0.923809523809524,0.9,0.904761904761905,0.1,0.0952380952380952,9.45,0.110526315789474
"728",0.2265,3.97701808031055,0.806451612903226,0.371990379636806,0.7,0.868686868686869,0.777777777777778,0.818181818181818,0.222222222222222,0.181818181818182,4.27777777777778,0.271604938271605
"729",0.525,7.05358496551844,0.774193548387097,0.42811097377893,0.666666666666667,0.802631578947368,0.583333333333333,0.894736842105263,0.416666666666667,0.105263157894737,5.54166666666667,0.465686274509804
"730",0.976,12.9325428444258,0.903225806451613,0.406191184759207,0.571428571428571,0.75,0.4,1,0.6,0,Inf,0.6
"731",0.6265,8.64434845825649,0.935483870967742,0.290238067662257,0.875,0.972222222222222,0.777777777777778,1,0.222222222222222,0,Inf,0.222222222222222
"732",0.1865,4.12630347621297,0.774193548387097,0.429097278603968,0.666666666666667,0.784090909090909,0.636363636363636,0.85,0.363636363636364,0.15,4.24242424242424,0.427807486631016
"733",0.2475,4.60972128312786,0.870967741935484,0.355689381932833,0.818181818181818,0.884090909090909,0.818181818181818,0.9,0.181818181818182,0.1,8.18181818181818,0.202020202020202
"734",0.211,3.62128101821183,0.870967741935484,0.327410328224851,0.833333333333333,0.938095238095238,1,0.80952380952381,0,0.19047619047619,5.25,0
"735",0.223,3.96820567579964,0.806451612903226,0.37988720937167,0.666666666666667,0.820652173913043,0.75,0.826086956521739,0.25,0.173913043478261,4.3125,0.302631578947368
"736",0.233,4.15217591828018,0.741935483870968,0.415784252397108,0.6,0.767676767676768,0.666666666666667,0.772727272727273,0.333333333333333,0.227272727272727,2.93333333333333,0.431372549019608
"737",0.1165,2.85054744739925,0.774193548387097,0.449939000279996,0.740740740740741,0.828947368421053,0.833333333333333,0.736842105263158,0.166666666666667,0.263157894736842,3.16666666666667,0.226190476190476
"738",0.2305,4.15576293440822,0.741935483870968,0.462799605225225,0.6,0.707070707070707,0.666666666666667,0.772727272727273,0.333333333333333,0.227272727272727,2.93333333333333,0.431372549019608
"739",0.859,10.036846841942,0.903225806451613,0.352334642903894,0.727272727272727,0.856666666666667,0.666666666666667,0.96,0.333333333333333,0.04,16.6666666666667,0.347222222222222
"740",0.619,8.3291115873402,0.935483870967742,0.263991580400714,0.888888888888889,0.974747474747475,0.888888888888889,0.954545454545455,0.111111111111111,0.0454545454545454,19.5555555555556,0.116402116402116
"741",0.0665,1.67808011033749,0.645161290322581,0.467303134792734,0.717948717948718,0.762605042016807,1,0.352941176470588,0,0.647058823529412,1.54545454545455,0
"742",0.06,1.8291529952867,0.774193548387097,0.451904587101398,0.787878787878788,0.873949579831933,0.928571428571429,0.647058823529412,0.0714285714285714,0.352941176470588,2.63095238095238,0.11038961038961
"743",0.3355,5.02175882123071,0.806451612903226,0.35371388850116,0.769230769230769,0.897727272727273,0.909090909090909,0.75,0.0909090909090909,0.25,3.63636363636364,0.121212121212121
"744",0.2435,4.18113152934965,0.870967741935484,0.310254601181456,0.8,0.928571428571429,0.8,0.904761904761905,0.2,0.0952380952380952,8.4,0.221052631578947
"745",0.3415,5.33722768487936,0.903225806451613,0.312048202377179,0.857142857142857,0.933333333333333,0.9,0.904761904761905,0.1,0.0952380952380952,9.45,0.110526315789474
"746",0.8275,10.3860052502361,0.935483870967742,0.312980794378701,0.75,0.784615384615385,0.6,1,0.4,0,Inf,0.4
"747",0.1655,2.80503000958848,0.741935483870968,0.403725219690231,0.636363636363636,0.81547619047619,1,0.666666666666667,0,0.333333333333333,3,0
"748",0.234,4.12713392855805,0.838709677419355,0.385872206652402,0.705882352941177,0.875,0.75,0.869565217391304,0.25,0.130434782608696,5.75,0.2875
"749",0.31,4.62276790540568,0.870967741935484,0.326180917558478,0.777777777777778,0.923913043478261,0.875,0.869565217391304,0.125,0.130434782608696,6.70833333333333,0.14375
"750",0.4885,7.05165207190885,0.870967741935484,0.343022126438072,0.777777777777778,0.9,0.7,0.952380952380952,0.3,0.0476190476190477,14.7,0.315
"751",0.124,2.84871732807361,0.806451612903226,0.41852986190718,0.7,0.785353535353535,0.777777777777778,0.818181818181818,0.222222222222222,0.181818181818182,4.27777777777778,0.271604938271605
"752",0.159,2.64709633077615,0.838709677419355,0.35248783420907,0.736842105263158,0.904761904761905,1,0.791666666666667,0,0.208333333333333,4.8,0
"753",0.225,4.14774118569153,0.774193548387097,0.376359846951726,0.631578947368421,0.777777777777778,0.666666666666667,0.818181818181818,0.333333333333333,0.181818181818182,3.66666666666667,0.407407407407407
"754",0.4075,5.7491355141428,0.806451612903226,0.365891904881386,0.571428571428571,0.803571428571429,0.571428571428571,0.875,0.428571428571429,0.125,4.57142857142857,0.489795918367347
"755",0.353,5.03101276156176,1,0.215900867435394,1,1,1,1,0,0,Inf,0
"756",0.2605,4.15381777959356,0.806451612903226,0.360462832380914,0.625,0.800595238095238,0.714285714285714,0.833333333333333,0.285714285714286,0.166666666666667,4.28571428571429,0.342857142857143
"757",0.1255,2.65163436357741,0.870967741935484,0.394514119288218,0.846153846153846,0.921052631578947,0.916666666666667,0.842105263157895,0.0833333333333334,0.157894736842105,5.80555555555555,0.0989583333333334
"758",0.1415,2.7562716437395,0.774193548387097,0.39858542900367,0.666666666666667,0.842391304347826,0.875,0.739130434782609,0.125,0.260869565217391,3.35416666666667,0.169117647058824
"759",0.566,7.3408992885911,0.870967741935484,0.371934424193547,0.777777777777778,0.835714285714286,0.7,0.952380952380952,0.3,0.0476190476190477,14.7,0.315
"760",0.541,6.9486203685528,0.903225806451613,0.32934318464613,0.8,0.892857142857143,0.857142857142857,0.916666666666667,0.142857142857143,0.0833333333333334,10.2857142857143,0.155844155844156
"761",0.428,6.48768381038137,0.838709677419355,0.359999836722935,0.8,0.891025641025641,0.769230769230769,0.888888888888889,0.230769230769231,0.111111111111111,6.92307692307692,0.259615384615385
"762",0.678,8.86937176896092,0.903225806451613,0.316726601078704,0.8,0.929292929292929,0.666666666666667,1,0.333333333333333,0,Inf,0.333333333333333
"763",0.296,4.60552280191764,0.870967741935484,0.339794189494331,0.818181818181818,0.878571428571429,0.9,0.857142857142857,0.1,0.142857142857143,6.3,0.116666666666667
"764",0.5155,6.94846269388107,0.935483870967742,0.284902126675912,0.833333333333333,0.953333333333333,0.833333333333333,0.96,0.166666666666667,0.04,20.8333333333333,0.173611111111111
"765",0.148,2.6454044376351,0.838709677419355,0.369787674541325,0.736842105263158,0.820652173913043,0.875,0.826086956521739,0.125,0.173913043478261,5.03125,0.151315789473684
"766",0.25,4.6378173458101,0.903225806451613,0.32490428892628,0.857142857142857,0.905701754385965,0.75,1,0.25,0,Inf,0.25
"767",0.2765,4.36020724103143,0.935483870967742,0.271502916036124,0.833333333333333,0.976666666666667,0.833333333333333,0.96,0.166666666666667,0.04,20.8333333333333,0.173611111111111
"768",0.2915,4.73495212742748,0.870967741935484,0.361024895549024,0.777777777777778,0.853535353535353,0.777777777777778,0.909090909090909,0.222222222222222,0.0909090909090909,8.55555555555555,0.244444444444444
"769",0.128,1.97217012970514,0.709677419354839,0.354430034287637,0.571428571428571,0.836666666666667,1,0.64,0,0.36,2.77777777777778,0
"770",0.2565,4.1505184392495,0.806451612903226,0.365064525861855,0.625,0.824404761904762,0.714285714285714,0.833333333333333,0.285714285714286,0.166666666666667,4.28571428571429,0.342857142857143
"771",0.399,6.1384092704126,0.870967741935484,0.338391917112172,0.8,0.922727272727273,0.727272727272727,0.95,0.272727272727273,0.05,14.5454545454545,0.287081339712919
"772",0.1295,2.82566364236374,0.806451612903226,0.39670238510099,0.75,0.85,0.818181818181818,0.8,0.181818181818182,0.2,4.09090909090909,0.227272727272727
"773",0.34,5.03035984737075,0.838709677419355,0.335155389213506,0.736842105263158,0.907608695652174,0.875,0.826086956521739,0.125,0.173913043478261,5.03125,0.151315789473684
"774",0.9625,12.9789157547116,0.870967741935484,0.393030172514463,0.6,0.800595238095238,0.428571428571429,1,0.571428571428571,0,Inf,0.571428571428571
"775",0.5385,7.34420514128975,0.935483870967742,0.29440321786517,0.875,0.909090909090909,0.777777777777778,1,0.222222222222222,0,Inf,0.222222222222222
"776",0.361,5.55297336369976,0.903225806451613,0.320486795801719,0.769230769230769,0.892857142857143,0.714285714285714,0.958333333333333,0.285714285714286,0.0416666666666666,17.1428571428572,0.298136645962733
"777",0.559,8.20956561659022,0.870967741935484,0.351597959535086,0.75,0.871428571428571,0.6,1,0.4,0,Inf,0.4
"778",0.592,7.69804387969318,0.870967741935484,0.33794469637878,0.714285714285714,0.885869565217391,0.625,0.956521739130435,0.375,0.0434782608695652,14.375,0.392045454545455
"779",0.5155,7.24960728807974,0.838709677419355,0.378045169660507,0.705882352941177,0.788095238095238,0.6,0.952380952380952,0.4,0.0476190476190477,12.6,0.42
"780",0.365,5.55504249182704,0.838709677419355,0.377599192480481,0.8,0.865384615384615,0.769230769230769,0.888888888888889,0.230769230769231,0.111111111111111,6.92307692307692,0.259615384615385
"781",0.228,4.14637148571394,0.806451612903226,0.398141294743137,0.666666666666667,0.828282828282828,0.666666666666667,0.863636363636364,0.333333333333333,0.136363636363636,4.88888888888889,0.385964912280702
"782",0.127,2.85862046393624,0.806451612903226,0.419887113767878,0.727272727272727,0.792857142857143,0.8,0.80952380952381,0.2,0.19047619047619,4.2,0.247058823529412
"783",0.311,4.95473415602751,0.806451612903226,0.4058541200362,0.727272727272727,0.845238095238095,0.8,0.80952380952381,0.2,0.19047619047619,4.2,0.247058823529412
"784",0.101,2.5059499606742,0.838709677419355,0.421079454167143,0.782608695652174,0.859523809523809,0.9,0.80952380952381,0.1,0.19047619047619,4.725,0.123529411764706
"785",0.146,2.64619683309521,0.774193548387097,0.387821628689275,0.588235294117647,0.823333333333333,0.833333333333333,0.76,0.166666666666667,0.24,3.47222222222222,0.219298245614035
"786",0.191,4.13182595447073,0.903225806451613,0.410923753101548,0.88,0.914473684210526,0.916666666666667,0.894736842105263,0.0833333333333334,0.105263157894737,8.70833333333333,0.0931372549019608
"787",0.094,1.99441371701408,0.774193548387097,0.409903623432047,0.758620689655172,0.868181818181818,1,0.65,0,0.35,2.85714285714286,0
"788",0.211,3.87794346393499,0.741935483870968,0.421210514525027,0.6,0.752525252525252,0.666666666666667,0.772727272727273,0.333333333333333,0.227272727272727,2.93333333333333,0.431372549019608
"789",0.272,4.20998909800512,0.903225806451613,0.325146622876564,0.869565217391304,0.938095238095238,1,0.857142857142857,0,0.142857142857143,7,0
"790",0.149,2.87153662120228,0.806451612903226,0.416070788487006,0.769230769230769,0.871428571428571,1,0.714285714285714,0,0.285714285714286,3.5,0
"791",0.177,2.84599949059701,0.838709677419355,0.315297676863781,0.782608695652174,0.929292929292929,1,0.772727272727273,0,0.227272727272727,4.4,0
"792",0.2165,3.86091932848409,0.935483870967742,0.310281413665899,0.909090909090909,0.972727272727273,0.909090909090909,0.95,0.0909090909090909,0.05,18.1818181818182,0.0956937799043063
"793",0.43,5.54858849985172,0.838709677419355,0.374771655441807,0.705882352941177,0.858695652173913,0.75,0.869565217391304,0.25,0.130434782608696,5.75,0.2875
"794",0.2555,4.18264589495468,0.903225806451613,0.332927931153704,0.8,0.863095238095238,0.857142857142857,0.916666666666667,0.142857142857143,0.0833333333333334,10.2857142857143,0.155844155844156
"795",0.4815,6.94538557640803,0.838709677419355,0.376935051576025,0.705882352941177,0.826190476190476,0.6,0.952380952380952,0.4,0.0476190476190477,12.6,0.42
"796",0.2145,3.87129711458353,0.870967741935484,0.369663404831079,0.8,0.9,0.8,0.904761904761905,0.2,0.0952380952380952,8.4,0.221052631578947
"797",0.308,5.33722692538827,0.903225806451613,0.330244026145011,0.842105263157895,0.94047619047619,0.8,0.952380952380952,0.2,0.0476190476190477,16.8,0.21
"798",0.048,2.086043654506,0.774193548387097,0.499331229918116,0.758620689655172,0.814102564102564,0.846153846153846,0.722222222222222,0.153846153846154,0.277777777777778,3.04615384615385,0.21301775147929
"799",0.3165,5.00106351010627,0.806451612903226,0.433991860079239,0.666666666666667,0.813131313131313,0.666666666666667,0.863636363636364,0.333333333333333,0.136363636363636,4.88888888888889,0.385964912280702
"800",0.5675,7.88234858219276,0.870967741935484,0.339662996565401,0.666666666666667,0.839673913043478,0.5,1,0.5,0,Inf,0.5
"801",0.079,1.82784028480319,0.67741935483871,0.43356397899863,0.705882352941177,0.800438596491228,1,0.473684210526316,0,0.526315789473684,1.9,0
"802",0.4495,5.5530623116943,0.838709677419355,0.372253856520904,0.545454545454545,0.833333333333333,0.75,0.851851851851852,0.25,0.148148148148148,5.0625,0.293478260869565
"803",0.2395,4.17609840960948,0.967741935483871,0.288321528057573,0.952380952380952,0.977272727272727,0.909090909090909,1,0.0909090909090909,0,Inf,0.0909090909090909
"804",0.282,4.95242204241,0.903225806451613,0.350204257914481,0.823529411764706,0.919191919191919,0.777777777777778,0.954545454545455,0.222222222222222,0.0454545454545454,17.1111111111111,0.232804232804233
"805",0.369,5.75387108471177,0.838709677419355,0.381682219481907,0.8,0.850877192982456,0.833333333333333,0.842105263157895,0.166666666666667,0.157894736842105,5.27777777777778,0.197916666666667
"806",0.1455,2.84983745138665,0.774193548387097,0.457615494463624,0.72,0.811904761904762,0.9,0.714285714285714,0.1,0.285714285714286,3.15,0.14
"807",0.879,10.3872312611385,0.903225806451613,0.353297664977301,0.666666666666667,0.819230769230769,0.6,0.961538461538462,0.4,0.0384615384615384,15.6,0.416
"808",0.5455,7.98191528025111,0.935483870967742,0.282169327955827,0.9,0.95,0.818181818181818,1,0.181818181818182,0,Inf,0.181818181818182
"809",0.2555,4.95222566476548,0.806451612903226,0.400624927788993,0.785714285714286,0.819327731092437,0.785714285714286,0.823529411764706,0.214285714285714,0.176470588235294,4.45238095238095,0.260204081632653
"810",0.8625,10.4677359696025,0.870967741935484,0.380592376692419,0.714285714285714,0.876262626262626,0.555555555555556,1,0.444444444444444,0,Inf,0.444444444444444
"811",0.8085,10.0547852611226,0.903225806451613,0.352493600365963,0.727272727272727,0.875,0.571428571428571,1,0.428571428571429,0,Inf,0.428571428571429
"812",0.407,6.17420138747706,0.870967741935484,0.33989698957085,0.75,0.901515151515151,0.666666666666667,0.954545454545455,0.333333333333333,0.0454545454545454,14.6666666666667,0.349206349206349
"813",0.1865,3.97794697017969,0.870967741935484,0.395702897752167,0.846153846153846,0.903361344537815,0.785714285714286,0.941176470588235,0.214285714285714,0.0588235294117647,13.3571428571429,0.227678571428571
"814",0.1345,2.24872215183545,0.838709677419355,0.356680967237633,0.782608695652174,0.904040404040404,1,0.772727272727273,0,0.227272727272727,4.4,0
"815",0.709,8.63230907412683,0.870967741935484,0.346639015187769,0.714285714285714,0.896739130434783,0.625,0.956521739130435,0.375,0.0434782608695652,14.375,0.392045454545455
"816",0.0625,1.82634875615888,0.67741935483871,0.450373751692055,0.6875,0.804824561403509,0.916666666666667,0.526315789473684,0.0833333333333334,0.473684210526316,1.93518518518518,0.158333333333333
"817",0.4805,6.79807720439411,0.903225806451613,0.301560747309797,0.769230769230769,0.901785714285714,0.714285714285714,0.958333333333333,0.285714285714286,0.0416666666666666,17.1428571428572,0.298136645962733
"818",0.3225,4.95258529929244,0.903225806451613,0.302617901037684,0.769230769230769,0.94,0.833333333333333,0.92,0.166666666666667,0.08,10.4166666666667,0.181159420289855
"819",0.2695,4.9563766401115,0.870967741935484,0.37478088114858,0.8,0.888636363636364,0.727272727272727,0.95,0.272727272727273,0.05,14.5454545454545,0.287081339712919
"820",0.1585,2.8514974332338,0.806451612903226,0.354830299750408,0.7,0.845108695652174,0.875,0.782608695652174,0.125,0.217391304347826,4.025,0.159722222222222
"821",0.4515,6.36055147051832,0.806451612903226,0.419810388580013,0.625,0.732323232323232,0.555555555555556,0.909090909090909,0.444444444444444,0.0909090909090909,6.11111111111111,0.488888888888889
"822",0.4495,5.74922676317437,0.806451612903226,0.381666013966817,0.5,0.746153846153846,0.6,0.846153846153846,0.4,0.153846153846154,3.9,0.472727272727273
"823",0.315,5.02697959065121,0.806451612903226,0.415664682110865,0.625,0.77445652173913,0.625,0.869565217391304,0.375,0.130434782608696,4.79166666666667,0.43125
"824",0.455,7.25134336028185,0.903225806451613,0.332218986157204,0.857142857142857,0.934210526315789,0.75,1,0.25,0,Inf,0.25
"825",0.259,4.17377054161896,0.870967741935484,0.332096027124452,0.75,0.898809523809524,0.857142857142857,0.875,0.142857142857143,0.125,6.85714285714286,0.163265306122449
"826",0.7065,8.6324584585952,0.806451612903226,0.423011861219741,0.727272727272727,0.80982905982906,0.615384615384615,0.944444444444444,0.384615384615385,0.0555555555555556,11.0769230769231,0.407239819004525
"827",0.073,1.95580197114841,0.709677419354839,0.465070171860051,0.608695652173913,0.758152173913043,0.875,0.652173913043478,0.125,0.347826086956522,2.515625,0.191666666666667
"828",0.0965,2.30687211332057,0.774193548387097,0.432978773601831,0.740740740740741,0.861363636363636,0.909090909090909,0.7,0.0909090909090909,0.3,3.03030303030303,0.12987012987013
"829",0.288,4.62109662051809,0.967741935483871,0.256950433231405,0.952380952380952,0.995238095238095,1,0.952380952380952,0,0.0476190476190477,21,0
"830",0.11,2.65625871727457,0.67741935483871,0.453011877871335,0.642857142857143,0.756818181818182,0.818181818181818,0.6,0.181818181818182,0.4,2.04545454545455,0.303030303030303
"831",0.157,2.84389864538187,0.806451612903226,0.363077914863751,0.727272727272727,0.878787878787879,0.888888888888889,0.772727272727273,0.111111111111111,0.227272727272727,3.91111111111111,0.143790849673203
"832",0.305,5.03118511701654,0.903225806451613,0.332002657210562,0.823529411764706,0.934782608695652,0.875,0.91304347826087,0.125,0.0869565217391305,10.0625,0.136904761904762
"833",0.303,4.60794228268136,0.838709677419355,0.367958891927553,0.666666666666667,0.851190476190476,0.714285714285714,0.875,0.285714285714286,0.125,5.71428571428571,0.326530612244898
"834",0.2165,4.15599505825304,0.838709677419355,0.378251386151767,0.8,0.881578947368421,0.833333333333333,0.842105263157895,0.166666666666667,0.157894736842105,5.27777777777778,0.197916666666667
"835",0.1455,2.60419969689022,0.741935483870968,0.401080396761778,0.692307692307692,0.838095238095238,0.9,0.666666666666667,0.1,0.333333333333333,2.7,0.15
"836",0.4685,6.65286768316113,0.838709677419355,0.360907269461074,0.705882352941177,0.856060606060606,0.666666666666667,0.909090909090909,0.333333333333333,0.0909090909090909,7.33333333333333,0.366666666666667
"837",0.781,10.0098286748679,0.903225806451613,0.33083458356386,0.666666666666667,0.856666666666667,0.5,1,0.5,0,Inf,0.5
"838",0.1455,2.85059605546732,0.838709677419355,0.373971348397951,0.8,0.872727272727273,0.909090909090909,0.8,0.0909090909090909,0.2,4.54545454545455,0.113636363636364
"839",0.4175,5.75147198067745,0.967741935483871,0.26928858827505,0.909090909090909,0.984615384615385,1,0.961538461538462,0,0.0384615384615384,26,0
"840",0.1145,2.3001485157624,0.741935483870968,0.406892778732714,0.692307692307692,0.823809523809524,0.9,0.666666666666667,0.1,0.333333333333333,2.7,0.15
"841",0.113,2.65089235950793,0.870967741935484,0.413257859335045,0.857142857142857,0.923076923076923,0.923076923076923,0.833333333333333,0.0769230769230769,0.166666666666667,5.53846153846154,0.0923076923076922
"842",0.2695,5.02378341301607,0.870967741935484,0.379239585120246,0.857142857142857,0.897058823529412,0.857142857142857,0.882352941176471,0.142857142857143,0.117647058823529,7.28571428571428,0.161904761904762
"843",0.6325,7.33486417078757,0.870967741935484,0.365422341455744,0.818181818181818,0.893181818181818,0.818181818181818,0.9,0.181818181818182,0.1,8.18181818181818,0.202020202020202
"844",0.369,4.60801488273335,0.741935483870968,0.459528263536254,0.5,0.756666666666667,0.666666666666667,0.76,0.333333333333333,0.24,2.77777777777778,0.43859649122807
"845",0.4215,6.65591788641839,0.903225806451613,0.307312636901829,0.869565217391304,0.949561403508772,0.833333333333333,0.947368421052632,0.166666666666667,0.0526315789473685,15.8333333333333,0.175925925925926
"846",0.861,9.5979243006014,0.903225806451613,0.374789423108031,0.727272727272727,0.92,0.666666666666667,0.96,0.333333333333333,0.04,16.6666666666667,0.347222222222222
"847",0.513,6.79055255037828,0.870967741935484,0.34725681410066,0.714285714285714,0.888586956521739,0.625,0.956521739130435,0.375,0.0434782608695652,14.375,0.392045454545455
"848",0.336,5.02892321828306,0.838709677419355,0.34562248420026,0.705882352941177,0.888586956521739,0.75,0.869565217391304,0.25,0.130434782608696,5.75,0.2875
"849",0.0895,2.26142414160917,0.838709677419355,0.442823816440316,0.827586206896552,0.886752136752137,0.923076923076923,0.777777777777778,0.0769230769230769,0.222222222222222,4.15384615384615,0.0989010989010988
"850",0.3605,5.97770686714839,0.903225806451613,0.31061852987051,0.869565217391304,0.947368421052632,0.833333333333333,0.947368421052632,0.166666666666667,0.0526315789473685,15.8333333333333,0.175925925925926
"851",0.086,2.86609980690802,0.806451612903226,0.4874976955713,0.785714285714286,0.867647058823529,0.785714285714286,0.823529411764706,0.214285714285714,0.176470588235294,4.45238095238095,0.260204081632653
"852",0.372,4.95216188511645,0.806451612903226,0.415322767411145,0.727272727272727,0.804761904761905,0.8,0.80952380952381,0.2,0.19047619047619,4.2,0.247058823529412
"853",0.4755,6.65783606617979,0.903225806451613,0.30231716383589,0.769230769230769,0.883928571428571,0.714285714285714,0.958333333333333,0.285714285714286,0.0416666666666666,17.1428571428572,0.298136645962733
"854",0.848,9.77593780320984,0.870967741935484,0.37335842810696,0.666666666666667,0.836309523809524,0.571428571428571,0.958333333333333,0.428571428571429,0.0416666666666666,13.7142857142857,0.447204968944099
"855",0.204,4.18035475256222,0.806451612903226,0.449024172080453,0.727272727272727,0.790909090909091,0.727272727272727,0.85,0.272727272727273,0.15,4.84848484848485,0.320855614973262
"856",0.1475,2.72782242566916,0.870967741935484,0.365649967609875,0.8,0.91304347826087,1,0.826086956521739,0,0.173913043478261,5.75,0
"857",0.152,2.64250445183092,0.870967741935484,0.346905425496473,0.777777777777778,0.910714285714286,1,0.833333333333333,0,0.166666666666667,6,0
"858",0.249,4.17930077699203,0.838709677419355,0.361187451956024,0.736842105263158,0.883152173913043,0.875,0.826086956521739,0.125,0.173913043478261,5.03125,0.151315789473684
"859",0.1335,2.79535428856168,0.709677419354839,0.425361414203864,0.689655172413793,0.797727272727273,0.909090909090909,0.6,0.0909090909090909,0.4,2.27272727272727,0.151515151515152
"860",0.263,3.92358116134943,0.935483870967742,0.265390131166945,0.888888888888889,0.978260869565217,1,0.91304347826087,0,0.0869565217391305,11.5,0
"861",0.1045,1.83079840182111,0.645161290322581,0.390458286197274,0.592592592592593,0.793478260869565,1,0.521739130434783,0,0.478260869565217,2.09090909090909,0
"862",0.1545,2.84371826161865,0.774193548387097,0.392215778180607,0.666666666666667,0.790760869565217,0.875,0.739130434782609,0.125,0.260869565217391,3.35416666666667,0.169117647058824
"863",0.5695,7.70087435910171,0.967741935483871,0.242837830388137,0.888888888888889,0.984615384615385,0.8,1,0.2,0,Inf,0.2
"864",0.123,2.64195440871006,0.838709677419355,0.394269361406337,0.736842105263158,0.835858585858586,0.777777777777778,0.863636363636364,0.222222222222222,0.136363636363636,5.7037037037037,0.257309941520468
"865",0.3825,5.02372934371941,0.838709677419355,0.368318763078189,0.782608695652174,0.9,0.9,0.80952380952381,0.1,0.19047619047619,4.725,0.123529411764706
"866",0.9225,10.3798900130326,0.870967741935484,0.399697828704905,0.777777777777778,0.895238095238095,0.7,0.952380952380952,0.3,0.0476190476190477,14.7,0.315
"867",0.2805,4.63427498971825,0.838709677419355,0.360995247987715,0.736842105263158,0.861111111111111,0.777777777777778,0.863636363636364,0.222222222222222,0.136363636363636,5.7037037037037,0.257309941520468
"868",0.312,5.55513725280898,0.903225806451613,0.346751037325953,0.8,0.909090909090909,0.666666666666667,1,0.333333333333333,0,Inf,0.333333333333333
"869",0.824,9.55427477799427,0.870967741935484,0.400207958120421,0.6,0.758928571428571,0.428571428571429,1,0.571428571428571,0,Inf,0.571428571428571
"870",0.296,4.95544018529576,0.806451612903226,0.39863508710906,0.7,0.84047619047619,0.7,0.857142857142857,0.3,0.142857142857143,4.9,0.35
"871",0.107,2.25182545856317,0.806451612903226,0.399412282175707,0.785714285714286,0.9,1,0.7,0,0.3,3.33333333333333,0
"872",0.4875,8.00865929991726,0.870967741935484,0.36738187344989,0.833333333333333,0.888655462184874,0.714285714285714,1,0.285714285714286,0,Inf,0.285714285714286
"873",0.1645,3.58847068190807,0.838709677419355,0.404537314024767,0.814814814814815,0.871794871794872,0.846153846153846,0.833333333333333,0.153846153846154,0.166666666666667,5.07692307692308,0.184615384615385
"874",0.207,4.09203627961929,0.838709677419355,0.413419557987633,0.8,0.875,0.833333333333333,0.842105263157895,0.166666666666667,0.157894736842105,5.27777777777778,0.197916666666667
"875",0.738,9.38902302213372,0.935483870967742,0.289140492179662,0.75,0.903846153846154,0.6,1,0.4,0,Inf,0.4
"876",0.81,10.3955663572699,0.903225806451613,0.338044169829856,0.769230769230769,0.89945652173913,0.625,1,0.375,0,Inf,0.375
"877",0.3095,4.62354639631222,0.903225806451613,0.280195175463593,0.842105263157895,0.967391304347826,1,0.869565217391304,0,0.130434782608696,7.66666666666667,0
"878",0.288,4.62875828186238,0.903225806451613,0.297966371574569,0.727272727272727,0.85,0.666666666666667,0.96,0.333333333333333,0.04,16.6666666666667,0.347222222222222
"879",0.5135,7.04397818967,0.903225806451613,0.309823682669636,0.842105263157895,0.904761904761905,0.8,0.952380952380952,0.2,0.0476190476190477,16.8,0.21
"880",0.1115,2.07206933565519,0.709677419354839,0.394959665448276,0.608695652173913,0.81547619047619,1,0.625,0,0.375,2.66666666666667,0
"881",0.1485,2.8792499195627,0.774193548387097,0.433194815348073,0.695652173913043,0.852380952380952,0.8,0.761904761904762,0.2,0.238095238095238,3.36,0.2625
"882",0.871,10.2631672103851,0.870967741935484,0.407512406710245,0.6,0.773809523809524,0.428571428571429,1,0.571428571428571,0,Inf,0.571428571428571
"883",0.2235,4.15227290582542,0.774193548387097,0.43010934351243,0.695652173913043,0.780952380952381,0.8,0.761904761904762,0.2,0.238095238095238,3.36,0.2625
"884",0.1225,2.29793012018478,0.709677419354839,0.389067750338461,0.689655172413793,0.828571428571429,1,0.571428571428571,0,0.428571428571429,2.33333333333333,0
"885",0.144,2.65852785898466,0.741935483870968,0.374355788925626,0.6,0.81547619047619,0.857142857142857,0.708333333333333,0.142857142857143,0.291666666666667,2.93877551020408,0.201680672268908
"886",0.2395,4.15264008457318,0.935483870967742,0.31618747049358,0.9,0.974747474747475,1,0.909090909090909,0,0.0909090909090909,11,0
"887",0.0985,2.64371110277528,0.709677419354839,0.453365533525785,0.64,0.759523809523809,0.8,0.666666666666667,0.2,0.333333333333333,2.4,0.3
"888",0.2675,4.15315605735811,0.774193548387097,0.377441415121784,0.533333333333333,0.776666666666667,0.666666666666667,0.8,0.333333333333333,0.2,3.33333333333333,0.416666666666667
"889",0.5465,7.34826637189178,0.935483870967742,0.300902413486229,0.888888888888889,0.929292929292929,0.888888888888889,0.954545454545455,0.111111111111111,0.0454545454545454,19.5555555555556,0.116402116402116
"890",0.2995,4.62787393887817,0.903225806451613,0.324086324759013,0.88,0.940909090909091,1,0.85,0,0.15,6.66666666666667,0
"891",0.3325,5.33916948543595,0.838709677419355,0.370304547291826,0.8,0.853070175438596,0.833333333333333,0.842105263157895,0.166666666666667,0.157894736842105,5.27777777777778,0.197916666666667
"892",0.234,3.60533229304207,0.838709677419355,0.3330547888965,0.736842105263158,0.904761904761905,1,0.791666666666667,0,0.208333333333333,4.8,0
"893",0.2545,4.84650663146942,0.838709677419355,0.366136963480661,0.8,0.903508771929824,0.833333333333333,0.842105263157895,0.166666666666667,0.157894736842105,5.27777777777778,0.197916666666667
"894",0.257,4.14546957346191,0.935483870967742,0.280091721008937,0.9,0.984848484848485,1,0.909090909090909,0,0.0909090909090909,11,0
"895",0.789,8.45669695877111,0.870967741935484,0.375766214690081,0.6,0.853846153846154,0.6,0.923076923076923,0.4,0.0769230769230769,7.80000000000001,0.433333333333333
"896",0.418,6.50686725595583,0.935483870967742,0.313661990440589,0.857142857142857,0.951086956521739,0.75,1,0.25,0,Inf,0.25
"897",0.234,4.20561206287337,0.903225806451613,0.332117922078155,0.8,0.940217391304348,0.75,0.956521739130435,0.25,0.0434782608695652,17.25,0.261363636363636
"898",0.2095,4.1520194382626,0.806451612903226,0.4235219224267,0.727272727272727,0.856818181818182,0.727272727272727,0.85,0.272727272727273,0.15,4.84848484848485,0.320855614973262
"899",0.4215,6.95300890181023,0.806451612903226,0.410986384502833,0.7,0.81140350877193,0.583333333333333,0.947368421052632,0.416666666666667,0.0526315789473685,11.0833333333333,0.439814814814815
"900",0.139,2.70400431787756,0.806451612903226,0.377480963507522,0.727272727272727,0.848484848484849,0.888888888888889,0.772727272727273,0.111111111111111,0.227272727272727,3.91111111111111,0.143790849673203
"901",0.1275,2.86074796330485,0.838709677419355,0.416790469483857,0.838709677419355,0.884453781512605,0.928571428571429,0.764705882352941,0.0714285714285714,0.235294117647059,3.94642857142857,0.0934065934065934
"902",0.426,6.67337215736522,0.838709677419355,0.347636688697454,0.8,0.903846153846154,0.769230769230769,0.888888888888889,0.230769230769231,0.111111111111111,6.92307692307692,0.259615384615385
"903",0.1625,2.87771440117788,0.774193548387097,0.370576021030387,0.72,0.869047619047619,0.9,0.714285714285714,0.1,0.285714285714286,3.15,0.14
"904",0.098,2.80924635343025,0.774193548387097,0.465979657222746,0.758620689655172,0.829059829059829,0.846153846153846,0.722222222222222,0.153846153846154,0.277777777777778,3.04615384615385,0.21301775147929
"905",0.2695,4.20091753399477,0.870967741935484,0.308525624363723,0.8,0.953804347826087,1,0.826086956521739,0,0.173913043478261,5.75,0
"906",0.1025,1.96794774143853,0.741935483870968,0.397502618254345,0.733333333333333,0.859090909090909,1,0.6,0,0.4,2.5,0
"907",0.3005,4.62560494385179,0.903225806451613,0.31550844235082,0.769230769230769,0.880952380952381,0.714285714285714,0.958333333333333,0.285714285714286,0.0416666666666666,17.1428571428572,0.298136645962733
"908",0.4485,6.50264619647929,0.903225806451613,0.318400554932337,0.842105263157895,0.919047619047619,0.8,0.952380952380952,0.2,0.0476190476190477,16.8,0.21
"909",0.1785,2.85073365195888,0.870967741935484,0.335286912328039,0.714285714285714,0.892307692307692,1,0.846153846153846,0,0.153846153846154,6.5,0
"910",0.702,8.76164805732489,0.935483870967742,0.301822428663398,0.75,0.884615384615385,0.6,1,0.4,0,Inf,0.4
"911",0.44,6.50014356049102,0.967741935483871,0.256552734436065,0.923076923076923,0.898809523809524,0.857142857142857,1,0.142857142857143,0,Inf,0.142857142857143
"912",0.126,2.30438492245487,0.903225806451613,0.351163431494275,0.896551724137931,0.97008547008547,1,0.833333333333333,0,0.166666666666667,6,0
"913",0.249,4.1243267926951,0.967741935483871,0.307419237564677,0.933333333333333,0.982142857142857,1,0.958333333333333,0,0.0416666666666666,24,0
"914",0.227,3.8687298705478,0.903225806451613,0.306926050344572,0.823529411764706,0.951086956521739,0.875,0.91304347826087,0.125,0.0869565217391305,10.0625,0.136904761904762
"915",0.2955,5.02214407939067,0.935483870967742,0.31038690669681,0.909090909090909,0.977272727272727,0.909090909090909,0.95,0.0909090909090909,0.05,18.1818181818182,0.0956937799043063
"916",0.071,1.83646964788057,0.741935483870968,0.482198736144058,0.789473684210526,0.8125,1,0.5,0,0.5,2,0
"917",0.704,8.4733746675504,0.870967741935484,0.354338013636446,0.75,0.861111111111111,0.666666666666667,0.954545454545455,0.333333333333333,0.0454545454545454,14.6666666666667,0.349206349206349
"918",0.2625,4.78670586474799,0.806451612903226,0.422644829309962,0.769230769230769,0.829059829059829,0.769230769230769,0.833333333333333,0.230769230769231,0.166666666666667,4.61538461538462,0.276923076923077
"919",0.1765,3.62627185943875,0.838709677419355,0.373611343738177,0.736842105263158,0.84047619047619,0.7,0.904761904761905,0.3,0.0952380952380952,7.35,0.331578947368421
"920",0.2455,4.20534548605051,0.838709677419355,0.373419104680416,0.545454545454545,0.743333333333333,0.5,0.92,0.5,0.08,6.25,0.543478260869565
"921",0.2835,4.62457797425933,0.935483870967742,0.319016405051201,0.875,0.951086956521739,0.875,0.956521739130435,0.125,0.0434782608695652,20.125,0.130681818181818
"922",0.312,4.62689246924871,0.870967741935484,0.336653747465514,0.8,0.878787878787879,0.888888888888889,0.863636363636364,0.111111111111111,0.136363636363636,6.51851851851852,0.128654970760234
"923",0.2255,3.8817678648735,0.838709677419355,0.343863386171282,0.666666666666667,0.833333333333333,0.714285714285714,0.875,0.285714285714286,0.125,5.71428571428571,0.326530612244898
"924",0.186,3.68201935331675,0.838709677419355,0.396105640462835,0.761904761904762,0.873809523809524,0.8,0.857142857142857,0.2,0.142857142857143,5.6,0.233333333333333
"925",0.972,12.7369643444966,0.903225806451613,0.388485554012078,0.666666666666667,0.866666666666667,0.5,1,0.5,0,Inf,0.5
"926",0.248,4.12063441354007,0.935483870967742,0.303942686021162,0.909090909090909,0.961904761904762,1,0.904761904761905,0,0.0952380952380952,10.5,0
"927",0.58,6.86397455649992,0.870967741935484,0.357511723465713,0.666666666666667,0.866666666666667,0.666666666666667,0.92,0.333333333333333,0.08,8.33333333333334,0.36231884057971
"928",0.1055,2.66535022961908,0.838709677419355,0.415154550842422,0.8,0.891025641025641,0.769230769230769,0.888888888888889,0.230769230769231,0.111111111111111,6.92307692307692,0.259615384615385
"929",0.199,3.57483348132492,0.903225806451613,0.316506968294868,0.869565217391304,0.918181818181818,0.909090909090909,0.9,0.0909090909090909,0.1,9.09090909090909,0.101010101010101
"930",0.1155,2.30359244034448,0.903225806451613,0.376810733049024,0.869565217391304,0.938636363636364,0.909090909090909,0.9,0.0909090909090909,0.1,9.09090909090909,0.101010101010101
"931",0.2725,4.9693373275044,0.774193548387097,0.441084707389462,0.631578947368421,0.75,0.6,0.857142857142857,0.4,0.142857142857143,4.2,0.466666666666667
"932",0.115,2.35933635442633,0.741935483870968,0.396768217649243,0.666666666666667,0.851010101010101,0.888888888888889,0.681818181818182,0.111111111111111,0.318181818181818,2.79365079365079,0.162962962962963
"933",0.1945,4.15190932105538,0.870967741935484,0.390875389035037,0.8,0.897727272727273,0.727272727272727,0.95,0.272727272727273,0.05,14.5454545454545,0.287081339712919
"934",0.386,5.33742180998893,0.806451612903226,0.379806238439659,0.7,0.838383838383838,0.777777777777778,0.818181818181818,0.222222222222222,0.181818181818182,4.27777777777778,0.271604938271605
"935",0.138,2.74856731666352,0.774193548387097,0.425630654977611,0.695652173913043,0.825757575757576,0.888888888888889,0.727272727272727,0.111111111111111,0.272727272727273,3.25925925925926,0.152777777777778
"936",0.1675,2.87937188594633,0.838709677419355,0.347003092462061,0.736842105263158,0.885869565217391,0.875,0.826086956521739,0.125,0.173913043478261,5.03125,0.151315789473684
"937",0.259,4.36384744755301,0.870967741935484,0.315646841569763,0.818181818181818,0.930952380952381,0.9,0.857142857142857,0.1,0.142857142857143,6.3,0.116666666666667
"938",0.334,5.55593854800383,0.838709677419355,0.387165232462296,0.705882352941177,0.820707070707071,0.666666666666667,0.909090909090909,0.333333333333333,0.0909090909090909,7.33333333333333,0.366666666666667
"939",0.335,4.92972543045998,0.903225806451613,0.292597365323718,0.8,0.94047619047619,0.857142857142857,0.916666666666667,0.142857142857143,0.0833333333333334,10.2857142857143,0.155844155844156
"940",0.097,2.45245655147003,0.774193548387097,0.457595720295623,0.740740740740741,0.811363636363636,0.909090909090909,0.7,0.0909090909090909,0.3,3.03030303030303,0.12987012987013
"941",0.311,4.95835537085873,0.838709677419355,0.363792045360764,0.615384615384615,0.824404761904762,0.571428571428571,0.916666666666667,0.428571428571429,0.0833333333333334,6.85714285714285,0.467532467532468
"942",0.2435,3.871709691007,0.903225806451613,0.307259548499421,0.823529411764706,0.932065217391304,0.875,0.91304347826087,0.125,0.0869565217391305,10.0625,0.136904761904762
"943",0.265,4.20400519514512,0.838709677419355,0.349033245250649,0.761904761904762,0.868686868686869,0.888888888888889,0.818181818181818,0.111111111111111,0.181818181818182,4.88888888888889,0.135802469135803
"944",0.4115,6.9530750760001,0.870967741935484,0.380623869911539,0.8,0.859649122807018,0.666666666666667,1,0.333333333333333,0,Inf,0.333333333333333
"945",0.247,4.15384027258844,0.774193548387097,0.417877132932424,0.631578947368421,0.709239130434783,0.75,0.782608695652174,0.25,0.217391304347826,3.45,0.319444444444444
"946",0.1985,4.15741220403532,0.870967741935484,0.380953203567157,0.777777777777778,0.857142857142857,0.7,0.952380952380952,0.3,0.0476190476190477,14.7,0.315
"947",0.0905,2.30019328342032,0.709677419354839,0.460646545284978,0.742857142857143,0.82563025210084,0.928571428571429,0.529411764705882,0.0714285714285714,0.470588235294118,1.97321428571429,0.134920634920635
"948",0.1205,2.45733732937953,0.838709677419355,0.392621835614683,0.814814814814815,0.894736842105263,0.916666666666667,0.789473684210526,0.0833333333333334,0.210526315789474,4.35416666666667,0.105555555555556
"949",0.108,2.29982112342341,0.838709677419355,0.39225786188297,0.814814814814815,0.890350877192982,0.916666666666667,0.789473684210526,0.0833333333333334,0.210526315789474,4.35416666666667,0.105555555555556
"950",0.5635,7.69775300109083,0.838709677419355,0.381888408790833,0.666666666666667,0.838383838383838,0.555555555555556,0.954545454545455,0.444444444444444,0.0454545454545454,12.2222222222222,0.465608465608466
"951",0.1275,2.7845787398347,0.838709677419355,0.393341602670084,0.8,0.901315789473684,0.833333333333333,0.842105263157895,0.166666666666667,0.157894736842105,5.27777777777778,0.197916666666667
"952",0.356,5.74550733660443,0.838709677419355,0.37282830170363,0.761904761904762,0.836363636363636,0.727272727272727,0.9,0.272727272727273,0.1,7.27272727272727,0.303030303030303
"953",0.5335,6.94298132091654,0.870967741935484,0.362861970307438,0.714285714285714,0.796195652173913,0.625,0.956521739130435,0.375,0.0434782608695652,14.375,0.392045454545455
"954",0.243,4.18533319341231,0.806451612903226,0.393909265530465,0.769230769230769,0.855263157894737,0.833333333333333,0.789473684210526,0.166666666666667,0.210526315789474,3.95833333333333,0.211111111111111
"955",0.3655,5.7538546902386,0.903225806451613,0.300827777395734,0.842105263157895,0.916666666666667,0.8,0.952380952380952,0.2,0.0476190476190477,16.8,0.21
"956",0.4435,6.6567608839107,0.870967741935484,0.359312244511722,0.8,0.881818181818182,0.727272727272727,0.95,0.272727272727273,0.05,14.5454545454545,0.287081339712919
"957",0.377,5.75359942031267,0.967741935483871,0.260546911669077,0.947368421052632,0.984848484848485,1,0.954545454545455,0,0.0454545454545454,22,0
"958",0.1885,4.13093543520459,0.838709677419355,0.417756262096848,0.827586206896552,0.903361344537815,0.857142857142857,0.823529411764706,0.142857142857143,0.176470588235294,4.85714285714286,0.173469387755102
"959",0.673,8.6380482132067,0.870967741935484,0.374070567794141,0.6,0.732142857142857,0.428571428571429,1,0.571428571428571,0,Inf,0.571428571428571
"960",0.1345,2.3478220209636,0.774193548387097,0.364319573969444,0.740740740740741,0.895238095238095,1,0.666666666666667,0,0.333333333333333,3,0
"961",0.325,5.02530487193358,0.870967741935484,0.362176958396341,0.777777777777778,0.898989898989899,0.777777777777778,0.909090909090909,0.222222222222222,0.0909090909090909,8.55555555555555,0.244444444444444
"962",0.268,4.12744027951878,0.838709677419355,0.336031621291019,0.736842105263158,0.89945652173913,0.875,0.826086956521739,0.125,0.173913043478261,5.03125,0.151315789473684
"963",0.5545,7.92997554085228,0.838709677419355,0.383218626660754,0.736842105263158,0.807017543859649,0.583333333333333,1,0.416666666666667,0,Inf,0.416666666666667
"964",0.644,7.65430043114889,0.806451612903226,0.426373870984826,0.666666666666667,0.807142857142857,0.6,0.904761904761905,0.4,0.0952380952380952,6.3,0.442105263157895
"965",0.258,4.3713472991225,0.838709677419355,0.361570617577977,0.761904761904762,0.873737373737374,0.888888888888889,0.818181818181818,0.111111111111111,0.181818181818182,4.88888888888889,0.135802469135803
"966",0.2495,3.86816238764424,0.806451612903226,0.351833064038923,0.727272727272727,0.901515151515151,0.888888888888889,0.772727272727273,0.111111111111111,0.227272727272727,3.91111111111111,0.143790849673203
"967",0.377,5.55287428455614,0.806451612903226,0.387390844483546,0.666666666666667,0.830808080808081,0.666666666666667,0.863636363636364,0.333333333333333,0.136363636363636,4.88888888888889,0.385964912280702
"968",0.1095,2.34982791882779,0.645161290322581,0.464916520103898,0.56,0.739130434782609,0.875,0.565217391304348,0.125,0.434782608695652,2.0125,0.221153846153846
"969",0.166,2.88164175971074,0.870967741935484,0.349661306345224,0.833333333333333,0.933333333333333,1,0.80952380952381,0,0.19047619047619,5.25,0
"970",0.7715,10.0634317802759,0.870967741935484,0.351836515710254,0.714285714285714,0.901515151515151,0.555555555555556,1,0.444444444444444,0,Inf,0.444444444444444
"971",0.1585,4.14827063830966,0.806451612903226,0.444388553890413,0.7,0.802631578947368,0.583333333333333,0.947368421052632,0.416666666666667,0.0526315789473685,11.0833333333333,0.439814814814815
"972",0.2505,4.38968960568865,0.774193548387097,0.387879483925838,0.631578947368421,0.78030303030303,0.666666666666667,0.818181818181818,0.333333333333333,0.181818181818182,3.66666666666667,0.407407407407407
"973",0.0935,2.30225306186698,0.67741935483871,0.45101335613106,0.642857142857143,0.768181818181818,0.818181818181818,0.6,0.181818181818182,0.4,2.04545454545455,0.303030303030303
"974",0.0925,2.35092314950198,0.774193548387097,0.405495553364059,0.774193548387097,0.857142857142857,0.857142857142857,0.705882352941177,0.142857142857143,0.294117647058823,2.91428571428571,0.202380952380952
"975",0.941,13.0029204359603,0.935483870967742,0.31817425988977,0.666666666666667,0.907407407407407,0.5,1,0.5,0,Inf,0.5
"976",0.147,2.87393359801658,0.838709677419355,0.356035567003731,0.782608695652174,0.879545454545455,0.818181818181818,0.85,0.181818181818182,0.15,5.45454545454545,0.213903743315508
"977",0.556,7.24761289859816,0.774193548387097,0.43882124253929,0.666666666666667,0.765350877192982,0.583333333333333,0.894736842105263,0.416666666666667,0.105263157894737,5.54166666666667,0.465686274509804
"978",0.075,1.82741477768259,0.741935483870968,0.436855088169241,0.733333333333333,0.825,1,0.6,0,0.4,2.5,0
"979",0.154,2.85185124689296,0.806451612903226,0.382079913559965,0.7,0.864130434782609,0.875,0.782608695652174,0.125,0.217391304347826,4.025,0.159722222222222
"980",0.0685,1.99820239629529,0.67741935483871,0.468201786511804,0.705882352941177,0.769230769230769,0.923076923076923,0.5,0.0769230769230769,0.5,1.84615384615385,0.153846153846154
"981",0.6465,8.32920697648796,0.967741935483871,0.261188156327504,0.8,0.833333333333333,0.666666666666667,1,0.333333333333333,0,Inf,0.333333333333333
"982",0.3545,5.74923055391838,0.838709677419355,0.366167908110074,0.666666666666667,0.803030303030303,0.555555555555556,0.954545454545455,0.444444444444444,0.0454545454545454,12.2222222222222,0.465608465608466
"983",0.6565,8.58512001393228,0.870967741935484,0.352349093703786,0.6,0.776785714285714,0.428571428571429,1,0.571428571428571,0,Inf,0.571428571428571
"984",0.198,3.61846158156451,0.838709677419355,0.374957528239283,0.736842105263158,0.797979797979798,0.777777777777778,0.863636363636364,0.222222222222222,0.136363636363636,5.7037037037037,0.257309941520468
"985",0.2695,4.63100774507847,0.870967741935484,0.340296033732721,0.75,0.839673913043478,0.75,0.91304347826087,0.25,0.0869565217391305,8.62499999999999,0.273809523809524
"986",0.1325,2.77932997125666,0.870967741935484,0.405754859846986,0.875,0.92436974789916,1,0.764705882352941,0,0.235294117647059,4.25,0
"987",0.1235,2.65305418640884,0.838709677419355,0.390231723223932,0.782608695652174,0.885714285714286,0.9,0.80952380952381,0.1,0.19047619047619,4.725,0.123529411764706
"988",0.354,5.02810517854359,0.870967741935484,0.331789779164037,0.8,0.929292929292929,0.888888888888889,0.863636363636364,0.111111111111111,0.136363636363636,6.51851851851852,0.128654970760234
"989",0.237,4.12445117660754,0.903225806451613,0.328279687796926,0.857142857142857,0.904761904761905,0.9,0.904761904761905,0.1,0.0952380952380952,9.45,0.110526315789474
"990",0.9675,10.376727600946,0.903225806451613,0.452656669988152,0.769230769230769,0.854166666666667,0.714285714285714,0.958333333333333,0.285714285714286,0.0416666666666666,17.1428571428572,0.298136645962733
"991",0.2775,4.2443725371566,0.870967741935484,0.300380065545561,0.8,0.945652173913043,1,0.826086956521739,0,0.173913043478261,5.75,0
"992",0.5975,6.94869801384622,0.903225806451613,0.324096458019005,0.727272727272727,0.938461538461538,0.8,0.923076923076923,0.2,0.0769230769230769,10.4,0.216666666666667
"993",0.196,4.20231444998261,0.870967741935484,0.396799587513336,0.75,0.909090909090909,0.666666666666667,0.954545454545455,0.333333333333333,0.0454545454545454,14.6666666666667,0.349206349206349
"994",0.1075,2.34252606898764,0.806451612903226,0.425265538649284,0.8,0.857456140350877,1,0.684210526315789,0,0.315789473684211,3.16666666666667,0
"995",0.328,5.27118890148815,0.870967741935484,0.322443881156029,0.777777777777778,0.904040404040404,0.777777777777778,0.909090909090909,0.222222222222222,0.0909090909090909,8.55555555555555,0.244444444444444
"996",0.945,10.4599543759334,0.903225806451613,0.419765377557042,0.666666666666667,0.861538461538462,0.6,0.961538461538462,0.4,0.0384615384615384,15.6,0.416
"997",0.455,6.95410586659693,0.935483870967742,0.289722984562566,0.888888888888889,0.976190476190476,0.8,1,0.2,0,Inf,0.2
"998",0.316,5.02747688467616,0.838709677419355,0.34354203369546,0.705882352941177,0.880434782608696,0.75,0.869565217391304,0.25,0.130434782608696,5.75,0.2875
"999",0.0685,1.82916146812608,0.548387096774194,0.459928929625137,0.533333333333333,0.651515151515151,0.888888888888889,0.409090909090909,0.111111111111111,0.590909090909091,1.5042735042735,0.271604938271605
"1000",0.1125,2.56126483775526,0.774193548387097,0.425831940608405,0.740740740740741,0.850877192982456,0.833333333333333,0.736842105263158,0.166666666666667,0.263157894736842,3.16666666666667,0.226190476190476
"1001",0.116,2.30102810564283,0.806451612903226,0.405875732356983,0.727272727272727,0.833333333333333,0.888888888888889,0.772727272727273,0.111111111111111,0.227272727272727,3.91111111111111,0.143790849673203
"1002",0.2515,4.12838177682082,0.806451612903226,0.346900893798249,0.625,0.845238095238095,0.714285714285714,0.833333333333333,0.285714285714286,0.166666666666667,4.28571428571429,0.342857142857143
"1003",0.2425,4.13144906800647,0.838709677419355,0.340925862193223,0.782608695652174,0.902380952380952,0.9,0.80952380952381,0.1,0.19047619047619,4.725,0.123529411764706
"1004",0.721,9.00248287659961,0.903225806451613,0.341188203335051,0.727272727272727,0.806547619047619,0.571428571428571,1,0.428571428571429,0,Inf,0.428571428571429
"1005",0.1165,2.84112587942355,0.741935483870968,0.433672123982932,0.692307692307692,0.81140350877193,0.75,0.736842105263158,0.25,0.263157894736842,2.85,0.339285714285714
"1006",0.415,5.2640316798147,0.838709677419355,0.357811029958914,0.736842105263158,0.880434782608696,0.875,0.826086956521739,0.125,0.173913043478261,5.03125,0.151315789473684
"1007",0.1305,2.64922234871487,0.67741935483871,0.424509531313076,0.444444444444444,0.663333333333333,0.666666666666667,0.68,0.333333333333333,0.32,2.08333333333333,0.490196078431373
"1008",0.05,1.8160879187129,0.645161290322581,0.48318516331428,0.645161290322581,0.731818181818182,0.909090909090909,0.5,0.0909090909090909,0.5,1.81818181818182,0.181818181818182
"1009",0.234,4.15602237929555,0.838709677419355,0.386246616010846,0.736842105263158,0.805555555555556,0.777777777777778,0.863636363636364,0.222222222222222,0.136363636363636,5.7037037037037,0.257309941520468
"1010",0.3135,4.87141784459321,0.870967741935484,0.315354435270012,0.666666666666667,0.846666666666667,0.666666666666667,0.92,0.333333333333333,0.08,8.33333333333334,0.36231884057971
"1011",0.314,4.95480241946737,0.870967741935484,0.322650712755722,0.777777777777778,0.881313131313131,0.777777777777778,0.909090909090909,0.222222222222222,0.0909090909090909,8.55555555555555,0.244444444444444
"1012",0.258,4.63256321951773,0.806451612903226,0.384498288494724,0.785714285714286,0.861111111111111,0.846153846153846,0.777777777777778,0.153846153846154,0.222222222222222,3.80769230769231,0.197802197802198
"1013",0.154,2.87632809302703,0.870967741935484,0.35855745817108,0.818181818181818,0.919047619047619,0.9,0.857142857142857,0.1,0.142857142857143,6.3,0.116666666666667
"1014",0.6015,7.24407843095713,0.838709677419355,0.35970914526317,0.705882352941177,0.891304347826087,0.75,0.869565217391304,0.25,0.130434782608696,5.75,0.2875
"1015",0.281,4.61074584286079,0.870967741935484,0.342281911412241,0.833333333333333,0.909090909090909,0.909090909090909,0.85,0.0909090909090909,0.15,6.06060606060606,0.106951871657754
"1016",0.323,5.55247125613033,0.903225806451613,0.337188853140197,0.823529411764706,0.883333333333333,0.7,1,0.3,0,Inf,0.3
"1017",0.217,3.8693409037063,0.838709677419355,0.346486905212424,0.782608695652174,0.914285714285714,0.9,0.80952380952381,0.1,0.19047619047619,4.725,0.123529411764706
"1018",0.325,5.02956010624959,0.806451612903226,0.399564980398708,0.7,0.804761904761905,0.7,0.857142857142857,0.3,0.142857142857143,4.9,0.35
"1019",0.108,2.65043713263918,0.774193548387097,0.414874449340873,0.72,0.828947368421053,0.75,0.789473684210526,0.25,0.210526315789474,3.5625,0.316666666666667
"1020",0.3135,5.02686826638983,0.870967741935484,0.336032532642494,0.714285714285714,0.886904761904762,0.714285714285714,0.916666666666667,0.285714285714286,0.0833333333333334,8.57142857142857,0.311688311688312
"1021",0.0995,2.29520934088734,0.903225806451613,0.420770376840048,0.896551724137931,0.97008547008547,1,0.833333333333333,0,0.166666666666667,6,0
"1022",0.115,2.59171294580805,0.774193548387097,0.413035813971298,0.72,0.823809523809524,0.9,0.714285714285714,0.1,0.285714285714286,3.15,0.14
"1023",0.138,2.64186585084716,0.741935483870968,0.385951003765737,0.692307692307692,0.852380952380952,0.9,0.666666666666667,0.1,0.333333333333333,2.7,0.15
"1024",0.16,2.75146010528252,0.935483870967742,0.317850113521818,0.916666666666667,0.977272727272727,1,0.9,0,0.1,10,0
"1025",0.3145,4.9513850284732,0.903225806451613,0.305400113242409,0.857142857142857,0.933333333333333,0.9,0.904761904761905,0.1,0.0952380952380952,9.45,0.110526315789474
"1026",0.119,2.64629045743178,0.870967741935484,0.422306908876389,0.846153846153846,0.886363636363636,1,0.8,0,0.2,5,0
"1027",0.229,4.17823564238708,0.870967741935484,0.349116389832879,0.714285714285714,0.880434782608696,0.625,0.956521739130435,0.375,0.0434782608695652,14.375,0.392045454545455
"1028",0.2265,3.69577308248541,0.903225806451613,0.315254997027723,0.823529411764706,0.896739130434783,0.875,0.91304347826087,0.125,0.0869565217391305,10.0625,0.136904761904762
"1029",0.276,4.15270735781376,0.870967741935484,0.323119896638334,0.8,0.929347826086957,1,0.826086956521739,0,0.173913043478261,5.75,0
"1030",0.2455,4.18241920883552,0.870967741935484,0.366716783565075,0.8,0.888888888888889,0.888888888888889,0.863636363636364,0.111111111111111,0.136363636363636,6.51851851851852,0.128654970760234
"1031",0.122,2.45145294027562,0.838709677419355,0.378455582589647,0.8,0.888636363636364,0.909090909090909,0.8,0.0909090909090909,0.2,4.54545454545455,0.113636363636364
"1032",0.285,4.4132446281009,0.838709677419355,0.350012820090963,0.761904761904762,0.858585858585859,0.888888888888889,0.818181818181818,0.111111111111111,0.181818181818182,4.88888888888889,0.135802469135803
"1033",0.571,6.49127547155018,0.838709677419355,0.382815314140895,0.705882352941177,0.861413043478261,0.75,0.869565217391304,0.25,0.130434782608696,5.75,0.2875
"1034",0.476,6.95191384759782,0.967741935483871,0.233942804413356,0.923076923076923,0.988095238095238,0.857142857142857,1,0.142857142857143,0,Inf,0.142857142857143
"1035",0.2995,5.02732182397114,0.870967741935484,0.349093936458939,0.777777777777778,0.919191919191919,0.777777777777778,0.909090909090909,0.222222222222222,0.0909090909090909,8.55555555555555,0.244444444444444
"1036",0.4435,5.02441427565959,0.741935483870968,0.45437966935664,0.428571428571429,0.715384615384615,0.6,0.769230769230769,0.4,0.230769230769231,2.6,0.52
"1037",0.475,5.74922197730543,0.870967741935484,0.359025775059259,0.714285714285714,0.886666666666667,0.833333333333333,0.88,0.166666666666667,0.12,6.94444444444444,0.189393939393939
"1038",0.082,2.30103614346107,0.774193548387097,0.445213160370946,0.774193548387097,0.852941176470588,0.857142857142857,0.705882352941177,0.142857142857143,0.294117647058823,2.91428571428571,0.202380952380952
"1039",0.573,7.27511344487238,0.806451612903226,0.403878735597315,0.666666666666667,0.80952380952381,0.6,0.904761904761905,0.4,0.0952380952380952,6.3,0.442105263157895
"1040",0.528,6.94487290642004,0.870967741935484,0.330222614963479,0.714285714285714,0.898809523809524,0.714285714285714,0.916666666666667,0.285714285714286,0.0833333333333334,8.57142857142857,0.311688311688312
"1041",0.1425,2.75105144775469,0.774193548387097,0.436488013010967,0.631578947368421,0.80952380952381,0.857142857142857,0.75,0.142857142857143,0.25,3.42857142857143,0.190476190476191
"1042",0.4385,6.49936278747079,0.967741935483871,0.251574107699251,0.947368421052632,0.994949494949495,1,0.954545454545455,0,0.0454545454545454,22,0
"1043",0.14,2.85165518185939,0.774193548387097,0.401927231358113,0.695652173913043,0.816666666666667,0.8,0.761904761904762,0.2,0.238095238095238,3.36,0.2625
"1044",0.134,2.6434241654315,0.806451612903226,0.398041863337784,0.785714285714286,0.879545454545455,1,0.7,0,0.3,3.33333333333333,0
"1045",0.1435,2.64851900904276,0.870967741935484,0.352178166862707,0.818181818181818,0.938095238095238,0.9,0.857142857142857,0.1,0.142857142857143,6.3,0.116666666666667
"1046",0.1205,2.34530921743761,0.838709677419355,0.361560676032556,0.8,0.897727272727273,0.909090909090909,0.8,0.0909090909090909,0.2,4.54545454545455,0.113636363636364
"1047",0.104,2.28031736731651,0.67741935483871,0.443664450516589,0.666666666666667,0.790909090909091,0.909090909090909,0.55,0.0909090909090909,0.45,2.02020202020202,0.165289256198347
"1048",0.347,4.95521688792058,0.838709677419355,0.375786581549643,0.736842105263158,0.835858585858586,0.777777777777778,0.863636363636364,0.222222222222222,0.136363636363636,5.7037037037037,0.257309941520468
"1049",0.128,2.57563550919762,0.709677419354839,0.420573818847529,0.608695652173913,0.782608695652174,0.875,0.652173913043478,0.125,0.347826086956522,2.515625,0.191666666666667
"1050",0.9295,10.6541682927585,0.935483870967742,0.393731432819421,0.666666666666667,0.893518518518518,0.5,1,0.5,0,Inf,0.5
"1051",0.526,6.94601487426492,0.935483870967742,0.28053939415608,0.833333333333333,0.966666666666667,0.833333333333333,0.96,0.166666666666667,0.04,20.8333333333333,0.173611111111111
"1052",0.2895,4.15380570250731,0.870967741935484,0.34045612317375,0.714285714285714,0.836666666666667,0.833333333333333,0.88,0.166666666666667,0.12,6.94444444444444,0.189393939393939
"1053",0.095,2.31108013329083,0.709677419354839,0.421033677471824,0.64,0.803030303030303,0.888888888888889,0.636363636363636,0.111111111111111,0.363636363636364,2.44444444444444,0.174603174603175
"1054",0.1175,2.30317880440595,0.870967741935484,0.382396283159441,0.857142857142857,0.921052631578947,1,0.789473684210526,0,0.210526315789474,4.75,0
"1055",0.0835,2.3047577436454,0.709677419354839,0.473439846554428,0.666666666666667,0.761363636363636,0.818181818181818,0.65,0.181818181818182,0.35,2.33766233766234,0.27972027972028
"1056",0.2235,3.91455651769796,0.838709677419355,0.345996079685259,0.782608695652174,0.885714285714286,0.9,0.80952380952381,0.1,0.19047619047619,4.725,0.123529411764706
"1057",0.2095,4.17694815528231,0.838709677419355,0.385131246243029,0.666666666666667,0.741847826086957,0.625,0.91304347826087,0.375,0.0869565217391305,7.1875,0.410714285714286
"1058",0.3915,5.55532720246865,0.838709677419355,0.349820462504087,0.736842105263158,0.898989898989899,0.777777777777778,0.863636363636364,0.222222222222222,0.136363636363636,5.7037037037037,0.257309941520468
"1059",0.868,10.6935571760548,0.935483870967742,0.338895946370967,0.666666666666667,0.819444444444444,0.5,1,0.5,0,Inf,0.5
"1060",0.0995,2.50248272013433,0.709677419354839,0.440144836447753,0.64,0.769047619047619,0.8,0.666666666666667,0.2,0.333333333333333,2.4,0.3
"1061",0.222,4.12419108724573,0.870967741935484,0.383177674513193,0.818181818181818,0.902380952380952,0.9,0.857142857142857,0.1,0.142857142857143,6.3,0.116666666666667
"1062",0.704,8.30023434359276,0.903225806451613,0.337290212943529,0.769230769230769,0.916666666666667,0.714285714285714,0.958333333333333,0.285714285714286,0.0416666666666666,17.1428571428572,0.298136645962733
"1063",0.1925,3.9709642525702,0.806451612903226,0.401815694952067,0.75,0.835526315789474,0.75,0.842105263157895,0.25,0.157894736842105,4.75,0.296875
"1064",0.285,5.02693493657194,0.870967741935484,0.353896821545814,0.75,0.838383838383838,0.666666666666667,0.954545454545455,0.333333333333333,0.0454545454545454,14.6666666666667,0.349206349206349
"1065",0.2475,3.87517780792549,0.838709677419355,0.373473921998369,0.761904761904762,0.906565656565657,0.888888888888889,0.818181818181818,0.111111111111111,0.181818181818182,4.88888888888889,0.135802469135803
"1066",0.4735,7.25540033736317,0.903225806451613,0.32162724708467,0.842105263157895,0.940909090909091,0.727272727272727,1,0.272727272727273,0,Inf,0.272727272727273
"1067",0.0965,1.82512561956172,0.645161290322581,0.434549976906315,0.620689655172414,0.79040404040404,1,0.5,0,0.5,2,0
"1068",0.442,6.3645782211821,0.838709677419355,0.38187787511745,0.761904761904762,0.859090909090909,0.727272727272727,0.9,0.272727272727273,0.1,7.27272727272727,0.303030303030303
"1069",0.113,2.76147144200513,0.774193548387097,0.434031790722285,0.774193548387097,0.855042016806723,0.857142857142857,0.705882352941177,0.142857142857143,0.294117647058823,2.91428571428571,0.202380952380952
"1070",0.2085,4.20566371122086,0.903225806451613,0.387423676500372,0.857142857142857,0.870454545454545,0.818181818181818,0.95,0.181818181818182,0.05,16.3636363636363,0.191387559808612
"1071",0.7675,9.55119300923876,0.903225806451613,0.350556394721801,0.8,0.893939393939394,0.666666666666667,1,0.333333333333333,0,Inf,0.333333333333333
"1072",0.4875,6.65383689609197,0.967741935483871,0.255434362588433,0.933333333333333,0.982142857142857,1,0.958333333333333,0,0.0416666666666666,24,0
"1073",0.1905,3.92176053910109,0.774193548387097,0.417930952470047,0.695652173913043,0.809090909090909,0.727272727272727,0.8,0.272727272727273,0.2,3.63636363636364,0.340909090909091
"1074",0.372,5.02575940961945,0.870967741935484,0.356082064392579,0.8,0.923913043478261,1,0.826086956521739,0,0.173913043478261,5.75,0
"1075",0.1785,2.82384328846366,0.903225806451613,0.294190575292941,0.842105263157895,0.967391304347826,1,0.869565217391304,0,0.130434782608696,7.66666666666667,0
"1076",0.094,2.35198525795648,0.838709677419355,0.442999832976603,0.827586206896552,0.871794871794872,0.923076923076923,0.777777777777778,0.0769230769230769,0.222222222222222,4.15384615384615,0.0989010989010988
"1077",0.2965,5.75206436872451,0.870967741935484,0.402990496101341,0.777777777777778,0.886363636363636,0.636363636363636,1,0.363636363636364,0,Inf,0.363636363636364
"1078",0.4265,6.9539484507324,0.935483870967742,0.331063253715127,0.888888888888889,0.90952380952381,0.8,1,0.2,0,Inf,0.2
"1079",0.095,2.74776959610671,0.741935483870968,0.446433762737052,0.714285714285714,0.797008547008547,0.769230769230769,0.722222222222222,0.230769230769231,0.277777777777778,2.76923076923077,0.319526627218935
"1080",0.306,4.60591700827583,0.870967741935484,0.349819049862899,0.714285714285714,0.886666666666667,0.833333333333333,0.88,0.166666666666667,0.12,6.94444444444444,0.189393939393939
"1081",0.431,6.36132333074149,0.838709677419355,0.377603118388735,0.705882352941177,0.755050505050505,0.666666666666667,0.909090909090909,0.333333333333333,0.0909090909090909,7.33333333333333,0.366666666666667
"1082",0.209,3.97345720886514,0.870967741935484,0.374037417971868,0.75,0.883152173913043,0.75,0.91304347826087,0.25,0.0869565217391305,8.62499999999999,0.273809523809524
"1083",0.4295,6.50113362387911,0.967741935483871,0.244029285842226,0.941176470588235,0.954545454545454,0.888888888888889,1,0.111111111111111,0,Inf,0.111111111111111
"1084",0.2115,4.1520967811728,0.870967741935484,0.379975582643404,0.818181818181818,0.893181818181818,0.818181818181818,0.9,0.181818181818182,0.1,8.18181818181818,0.202020202020202
"1085",0.324,5.02674255096361,0.806451612903226,0.363871783088856,0.75,0.884090909090909,0.818181818181818,0.8,0.181818181818182,0.2,4.09090909090909,0.227272727272727
"1086",0.494,6.95288133474125,0.870967741935484,0.344187620403187,0.8,0.873809523809524,0.8,0.904761904761905,0.2,0.0952380952380952,8.4,0.221052631578947
"1087",0.196,4.151374492653,0.806451612903226,0.412447986769324,0.75,0.855263157894737,0.75,0.842105263157895,0.25,0.157894736842105,4.75,0.296875
"1088",0.0865,2.26289818599777,0.774193548387097,0.427303045042763,0.758620689655172,0.856837606837607,0.846153846153846,0.722222222222222,0.153846153846154,0.277777777777778,3.04615384615385,0.21301775147929
"1089",0.264,4.1508213198688,0.870967741935484,0.330378851481603,0.8,0.929292929292929,0.888888888888889,0.863636363636364,0.111111111111111,0.136363636363636,6.51851851851852,0.128654970760234
"1090",0.1945,3.88266352014688,0.806451612903226,0.426276562528811,0.7,0.835714285714286,0.7,0.857142857142857,0.3,0.142857142857143,4.9,0.35
"1091",0.281,5.02930080536979,0.838709677419355,0.37971951222514,0.705882352941177,0.861904761904762,0.6,0.952380952380952,0.4,0.0476190476190477,12.6,0.42
"1092",0.132,2.6455469804246,0.774193548387097,0.379128949411214,0.695652173913043,0.856060606060606,0.888888888888889,0.727272727272727,0.111111111111111,0.272727272727273,3.25925925925926,0.152777777777778
"1093",0.299,5.0239792469557,0.870967741935484,0.339978950002029,0.818181818181818,0.925,0.818181818181818,0.9,0.181818181818182,0.1,8.18181818181818,0.202020202020202
"1094",0.1505,2.85087886184511,0.774193548387097,0.364953785848826,0.740740740740741,0.886363636363636,0.909090909090909,0.7,0.0909090909090909,0.3,3.03030303030303,0.12987012987013
"1095",0.957,10.4432612576392,0.903225806451613,0.427305546537635,0.666666666666667,0.838461538461538,0.6,0.961538461538462,0.4,0.0384615384615384,15.6,0.416
"1096",0.2095,3.49554680602148,0.838709677419355,0.33990899613061,0.761904761904762,0.914141414141414,0.888888888888889,0.818181818181818,0.111111111111111,0.181818181818182,4.88888888888889,0.135802469135803
"1097",0.5395,6.64444482391237,0.870967741935484,0.362770080618997,0.714285714285714,0.883928571428571,0.714285714285714,0.916666666666667,0.285714285714286,0.0833333333333334,8.57142857142857,0.311688311688312
"1098",0.7255,9.5942240305461,0.935483870967742,0.283678947335845,0.875,0.96969696969697,0.777777777777778,1,0.222222222222222,0,Inf,0.222222222222222
"1099",0.1915,3.87858991302197,0.774193548387097,0.4147463730485,0.695652173913043,0.813636363636364,0.727272727272727,0.8,0.272727272727273,0.2,3.63636363636364,0.340909090909091
"1100",0.4755,6.94468049532556,0.935483870967742,0.287705390636134,0.888888888888889,0.961904761904762,0.8,1,0.2,0,Inf,0.2
"1101",0.386,5.75015258105503,0.903225806451613,0.315957941774991,0.8,0.904891304347826,0.75,0.956521739130435,0.25,0.0434782608695652,17.25,0.261363636363636
"1102",0.2305,4.14941166478272,0.870967741935484,0.348198409637914,0.777777777777778,0.881313131313131,0.777777777777778,0.909090909090909,0.222222222222222,0.0909090909090909,8.55555555555555,0.244444444444444
"1103",0.256,4.42055668511834,0.838709677419355,0.367989615072825,0.705882352941177,0.866847826086957,0.75,0.869565217391304,0.25,0.130434782608696,5.75,0.2875
"1104",0.343,4.95230999052559,0.870967741935484,0.347464162291845,0.8,0.916666666666667,0.888888888888889,0.863636363636364,0.111111111111111,0.136363636363636,6.51851851851852,0.128654970760234
"1105",0.4195,6.95261881011096,0.935483870967742,0.300637842811333,0.909090909090909,0.93640350877193,0.833333333333333,1,0.166666666666667,0,Inf,0.166666666666667
"1106",0.5375,7.35069699041359,0.870967741935484,0.349467659022606,0.8,0.881818181818182,0.727272727272727,0.95,0.272727272727273,0.05,14.5454545454545,0.287081339712919
"1107",0.4325,5.75007714636898,0.870967741935484,0.335197772022668,0.75,0.93452380952381,0.857142857142857,0.875,0.142857142857143,0.125,6.85714285714286,0.163265306122449
"1108",0.5795,6.64430326098065,0.838709677419355,0.393463724430982,0.705882352941177,0.853260869565217,0.75,0.869565217391304,0.25,0.130434782608696,5.75,0.2875
"1109",0.138,2.65402449478939,0.870967741935484,0.352532230897255,0.8,0.924242424242424,0.888888888888889,0.863636363636364,0.111111111111111,0.136363636363636,6.51851851851852,0.128654970760234
"1110",0.191,4.14741642975297,0.870967741935484,0.389201572206617,0.833333333333333,0.927350427350427,0.769230769230769,0.944444444444444,0.230769230769231,0.0555555555555556,13.8461538461538,0.244343891402715
"1111",0.084,2.30480052913879,0.741935483870968,0.475303002597705,0.733333333333333,0.81359649122807,0.916666666666667,0.631578947368421,0.0833333333333334,0.368421052631579,2.48809523809524,0.131944444444445
"1112",0.269,4.95771246402552,0.774193548387097,0.412570873376867,0.695652173913043,0.786363636363636,0.727272727272727,0.8,0.272727272727273,0.2,3.63636363636364,0.340909090909091
"1113",0.1625,2.84620228653962,0.903225806451613,0.329646693150106,0.857142857142857,0.957142857142857,0.9,0.904761904761905,0.1,0.0952380952380952,9.45,0.110526315789474
"1114",0.222,3.91820778941329,0.903225806451613,0.331309344540226,0.857142857142857,0.952380952380952,0.9,0.904761904761905,0.1,0.0952380952380952,9.45,0.110526315789474
"1115",0.6075,7.33785315504367,0.935483870967742,0.313012986705161,0.75,0.944444444444444,0.75,0.962962962962963,0.25,0.0370370370370371,20.25,0.259615384615385
"1116",0.064,2.35380601280182,0.741935483870968,0.494157086298265,0.733333333333333,0.789915966386555,0.785714285714286,0.705882352941177,0.214285714285714,0.294117647058823,2.67142857142857,0.303571428571429
"1117",0.7795,8.62780722765585,0.903225806451613,0.344588090109855,0.823529411764706,0.929347826086957,0.875,0.91304347826087,0.125,0.0869565217391305,10.0625,0.136904761904762
"1118",0.1295,2.84624261272802,0.774193548387097,0.430154062892801,0.774193548387097,0.833333333333333,0.923076923076923,0.666666666666667,0.0769230769230769,0.333333333333333,2.76923076923077,0.115384615384615
"1119",0.3015,4.12748904422104,0.774193548387097,0.382687183479464,0.533333333333333,0.811538461538462,0.8,0.769230769230769,0.2,0.230769230769231,3.46666666666667,0.26
"1120",0.425,5.74761779777997,0.838709677419355,0.372690373422787,0.761904761904762,0.871212121212121,0.888888888888889,0.818181818181818,0.111111111111111,0.181818181818182,4.88888888888889,0.135802469135803
"1121",0.5795,7.69766178198459,1,0.247272050270776,1,1,1,1,0,0,Inf,0
"1122",0.2525,4.60396868371908,0.967741935483871,0.330383258367739,0.941176470588235,0.921717171717172,0.888888888888889,1,0.111111111111111,0,Inf,0.111111111111111
"1123",0.158,2.64465872729355,0.870967741935484,0.333131171847551,0.818181818181818,0.939393939393939,1,0.818181818181818,0,0.181818181818182,5.5,0
"1124",0.22,4.15205911320896,0.903225806451613,0.352102117081813,0.823529411764706,0.941919191919192,0.777777777777778,0.954545454545455,0.222222222222222,0.0454545454545454,17.1111111111111,0.232804232804233
"1125",0.144,2.80121062774498,0.774193548387097,0.378481758321211,0.740740740740741,0.859090909090909,0.909090909090909,0.7,0.0909090909090909,0.3,3.03030303030303,0.12987012987013
"1126",0.304,5.03147504427783,0.838709677419355,0.341804195314625,0.761904761904762,0.873809523809524,0.8,0.857142857142857,0.2,0.142857142857143,5.6,0.233333333333333
"1127",0.5635,6.93639093960754,0.903225806451613,0.31538944144611,0.842105263157895,0.94949494949495,0.888888888888889,0.909090909090909,0.111111111111111,0.0909090909090909,9.77777777777777,0.122222222222222
"1128",0.22,3.87366609372594,0.806451612903226,0.376942515702115,0.7,0.858585858585859,0.777777777777778,0.818181818181818,0.222222222222222,0.181818181818182,4.27777777777778,0.271604938271605
"1129",0.2065,4.42147257220944,0.838709677419355,0.412297200141173,0.8,0.888157894736842,0.833333333333333,0.842105263157895,0.166666666666667,0.157894736842105,5.27777777777778,0.197916666666667
"1130",0.2035,3.87423429176942,0.806451612903226,0.388015373891714,0.666666666666667,0.808080808080808,0.666666666666667,0.863636363636364,0.333333333333333,0.136363636363636,4.88888888888889,0.385964912280702
"1131",0.1445,2.87399734929798,0.741935483870968,0.400781034478886,0.666666666666667,0.802380952380952,0.8,0.714285714285714,0.2,0.285714285714286,2.8,0.28
"1132",0.1215,2.85269451268108,0.838709677419355,0.420363515740698,0.814814814814815,0.903846153846154,0.846153846153846,0.833333333333333,0.153846153846154,0.166666666666667,5.07692307692308,0.184615384615385
"1133",0.3105,5.75097876509166,0.806451612903226,0.436077554059072,0.7,0.778508771929824,0.583333333333333,0.947368421052632,0.416666666666667,0.0526315789473685,11.0833333333333,0.439814814814815
"1134",0.213,3.86785343288595,0.870967741935484,0.344033637785052,0.833333333333333,0.940909090909091,0.909090909090909,0.85,0.0909090909090909,0.15,6.06060606060606,0.106951871657754
"1135",0.553,7.24592284503255,0.935483870967742,0.281233068105908,0.833333333333333,0.966666666666667,0.833333333333333,0.96,0.166666666666667,0.04,20.8333333333333,0.173611111111111
"1136",0.49,6.94975508547394,0.935483870967742,0.288128582672786,0.875,0.96195652173913,0.875,0.956521739130435,0.125,0.0434782608695652,20.125,0.130681818181818
"1137",0.1935,3.80270884637113,0.806451612903226,0.379984974175705,0.7,0.864285714285714,0.7,0.857142857142857,0.3,0.142857142857143,4.9,0.35
"1138",0.225,3.92131581570502,0.935483870967742,0.333547038151951,0.857142857142857,0.922619047619048,0.857142857142857,0.958333333333333,0.142857142857143,0.0416666666666666,20.5714285714286,0.149068322981366
"1139",0.355,5.55622770179317,0.870967741935484,0.32793078763187,0.8,0.907142857142857,0.8,0.904761904761905,0.2,0.0952380952380952,8.4,0.221052631578947
"1140",0.2755,4.35621060074483,0.903225806451613,0.28774211948511,0.869565217391304,0.966666666666667,1,0.857142857142857,0,0.142857142857143,7,0
"1141",0.2185,3.7208380950123,0.774193548387097,0.441168723506501,0.666666666666667,0.785353535353535,0.777777777777778,0.772727272727273,0.222222222222222,0.227272727272727,3.42222222222222,0.287581699346405
"1142",0.118,2.34884630715605,0.709677419354839,0.393240020531909,0.571428571428571,0.770833333333333,0.857142857142857,0.666666666666667,0.142857142857143,0.333333333333333,2.57142857142857,0.214285714285714
"1143",0.095,2.0058848186774,0.774193548387097,0.406301079733769,0.695652173913043,0.861413043478261,1,0.695652173913043,0,0.304347826086957,3.28571428571429,0
"1144",0.2375,4.12492265473563,0.806451612903226,0.381232386166769,0.727272727272727,0.84047619047619,0.8,0.80952380952381,0.2,0.19047619047619,4.2,0.247058823529412
"1145",0.619,8.3252181188977,0.903225806451613,0.310987490032287,0.727272727272727,0.863095238095238,0.571428571428571,1,0.428571428571429,0,Inf,0.428571428571429
"1146",0.2125,3.92421330523536,0.935483870967742,0.337131714143833,0.916666666666667,0.951754385964912,0.916666666666667,0.947368421052632,0.0833333333333334,0.0526315789473685,17.4166666666667,0.087962962962963
"1147",0.687,9.0564278290714,0.903225806451613,0.312816787528847,0.727272727272727,0.87797619047619,0.571428571428571,1,0.428571428571429,0,Inf,0.428571428571429
"1148",0.4975,7.24870041736636,0.903225806451613,0.322309746265858,0.8,0.871212121212121,0.666666666666667,1,0.333333333333333,0,Inf,0.333333333333333
"1149",0.2055,4.63499222432126,0.870967741935484,0.417167423868597,0.846153846153846,0.859243697478992,0.785714285714286,0.941176470588235,0.214285714285714,0.0588235294117647,13.3571428571429,0.227678571428571
"1150",0.2405,4.20568882165069,0.838709677419355,0.36645750406242,0.705882352941177,0.864130434782609,0.75,0.869565217391304,0.25,0.130434782608696,5.75,0.2875
"1151",0.145,2.85272087231915,0.838709677419355,0.379522550047057,0.814814814814815,0.907894736842105,0.916666666666667,0.789473684210526,0.0833333333333334,0.210526315789474,4.35416666666667,0.105555555555556
"1152",0.258,4.6030627788851,0.903225806451613,0.318558183477078,0.88,0.969298245614035,0.916666666666667,0.894736842105263,0.0833333333333334,0.105263157894737,8.70833333333333,0.0931372549019608
"1153",0.2565,4.15839704146594,0.903225806451613,0.324815417047217,0.842105263157895,0.926767676767677,0.888888888888889,0.909090909090909,0.111111111111111,0.0909090909090909,9.77777777777777,0.122222222222222
"1154",0.17,2.85691498262435,0.838709677419355,0.332356624354474,0.736842105263158,0.921195652173913,0.875,0.826086956521739,0.125,0.173913043478261,5.03125,0.151315789473684
"1155",0.3005,4.63574505039749,0.806451612903226,0.40540746972948,0.666666666666667,0.739130434782609,0.75,0.826086956521739,0.25,0.173913043478261,4.3125,0.302631578947368
"1156",0.3375,5.03014787849218,0.806451612903226,0.360974765283086,0.666666666666667,0.828804347826087,0.75,0.826086956521739,0.25,0.173913043478261,4.3125,0.302631578947368
"1157",0.5165,6.94922552277132,0.903225806451613,0.336223208751887,0.8,0.91304347826087,0.75,0.956521739130435,0.25,0.0434782608695652,17.25,0.261363636363636
"1158",0.245,4.6313092614889,0.903225806451613,0.357727071320454,0.88,0.944444444444444,0.846153846153846,0.944444444444444,0.153846153846154,0.0555555555555556,15.2307692307692,0.16289592760181
"1159",0.1625,2.8717494093582,0.870967741935484,0.339822976436546,0.777777777777778,0.902173913043478,0.875,0.869565217391304,0.125,0.130434782608696,6.70833333333333,0.14375
"1160",0.128,2.25947896514216,0.903225806451613,0.346421975731889,0.869565217391304,0.961904761904762,1,0.857142857142857,0,0.142857142857143,7,0
"1161",0.427,6.94859265167086,0.870967741935484,0.367172425175869,0.75,0.842857142857143,0.6,1,0.4,0,Inf,0.4
"1162",0.3205,5.02721465403583,0.903225806451613,0.323753898903061,0.8,0.928571428571429,0.857142857142857,0.916666666666667,0.142857142857143,0.0833333333333334,10.2857142857143,0.155844155844156
"1163",0.317,5.03057301236358,0.774193548387097,0.381308983001947,0.631578947368421,0.792929292929293,0.666666666666667,0.818181818181818,0.333333333333333,0.181818181818182,3.66666666666667,0.407407407407407
"1164",0.2135,3.8673910062565,0.870967741935484,0.335573924211791,0.8,0.895238095238095,0.8,0.904761904761905,0.2,0.0952380952380952,8.4,0.221052631578947
"1165",0.296,5.02259306101165,0.806451612903226,0.378119599683001,0.571428571428571,0.758928571428571,0.571428571428571,0.875,0.428571428571429,0.125,4.57142857142857,0.489795918367347
"1166",0.303,4.95473416942386,0.741935483870968,0.480391938305089,0.636363636363636,0.709090909090909,0.636363636363636,0.8,0.363636363636364,0.2,3.18181818181818,0.454545454545455
"1167",0.28,4.95344834719419,0.903225806451613,0.348700777233745,0.823529411764706,0.896464646464646,0.777777777777778,0.954545454545455,0.222222222222222,0.0454545454545454,17.1111111111111,0.232804232804233
"1168",0.238,3.97089513240357,0.903225806451613,0.304093377421585,0.842105263157895,0.95959595959596,0.888888888888889,0.909090909090909,0.111111111111111,0.0909090909090909,9.77777777777777,0.122222222222222
"1169",0.257,4.19883330269059,0.870967741935484,0.334850221325397,0.75,0.848214285714286,0.857142857142857,0.875,0.142857142857143,0.125,6.85714285714286,0.163265306122449
"1170",0.3565,5.02684819497594,0.741935483870968,0.438234431865752,0.6,0.744949494949495,0.666666666666667,0.772727272727273,0.333333333333333,0.227272727272727,2.93333333333333,0.431372549019608
"1171",0.101,2.58146719559104,0.709677419354839,0.487264605268103,0.689655172413793,0.761363636363636,0.909090909090909,0.6,0.0909090909090909,0.4,2.27272727272727,0.151515151515152
"1172",0.2185,4.15073706315511,0.870967741935484,0.395021550959606,0.8,0.845238095238095,0.8,0.904761904761905,0.2,0.0952380952380952,8.4,0.221052631578947
"1173",0.1595,2.75122483117326,0.806451612903226,0.329703719658235,0.7,0.880434782608696,0.875,0.782608695652174,0.125,0.217391304347826,4.025,0.159722222222222
"1174",0.2135,3.92030527301764,0.870967741935484,0.335526974700339,0.8,0.911904761904762,0.8,0.904761904761905,0.2,0.0952380952380952,8.4,0.221052631578947
"1175",0.6995,8.51439561576952,0.903225806451613,0.325070728197143,0.769230769230769,0.883928571428571,0.714285714285714,0.958333333333333,0.285714285714286,0.0416666666666666,17.1428571428572,0.298136645962733
"1176",0.3805,5.55661951365568,0.838709677419355,0.356793969202126,0.705882352941177,0.880434782608696,0.75,0.869565217391304,0.25,0.130434782608696,5.75,0.2875
"1177",0.099,2.30264086646366,0.67741935483871,0.453429412625728,0.615384615384615,0.772727272727273,0.888888888888889,0.590909090909091,0.111111111111111,0.409090909090909,2.17283950617284,0.188034188034188
"1178",0.7755,7.22877054519627,0.806451612903226,0.45242746080447,0.571428571428571,0.736666666666667,0.666666666666667,0.84,0.333333333333333,0.16,4.16666666666667,0.396825396825397
"1179",0.9185,10.4637322073966,0.870967741935484,0.432498728366288,0.666666666666667,0.782608695652174,0.5,1,0.5,0,Inf,0.5
"1180",0.5195,6.95123333101675,0.903225806451613,0.343292547993375,0.8,0.83695652173913,0.75,0.956521739130435,0.25,0.0434782608695652,17.25,0.261363636363636
"1181",0.5495,6.87800871086587,0.903225806451613,0.309462967907865,0.823529411764706,0.9375,0.875,0.91304347826087,0.125,0.0869565217391305,10.0625,0.136904761904762
"1182",0.144,2.35117802000001,0.612903225806452,0.460057528602381,0.25,0.523809523809524,0.666666666666667,0.607142857142857,0.333333333333333,0.392857142857143,1.6969696969697,0.549019607843137
"1183",0.8595,10.6954435868381,0.967741935483871,0.303096664124565,0.8,0.94047619047619,0.666666666666667,1,0.333333333333333,0,Inf,0.333333333333333
"1184",0.1215,2.30002199437612,0.741935483870968,0.405783356362819,0.714285714285714,0.842857142857143,1,0.619047619047619,0,0.380952380952381,2.625,0
"1185",0.285,4.62708837232846,0.935483870967742,0.293835529774394,0.875,0.934782608695652,0.875,0.956521739130435,0.125,0.0434782608695652,20.125,0.130681818181818
"1186",0.754,9.52797928804722,0.870967741935484,0.35354161259678,0.6,0.714285714285714,0.428571428571429,1,0.571428571428571,0,Inf,0.571428571428571
"1187",0.158,2.85214166813846,0.838709677419355,0.341139991202021,0.761904761904762,0.914141414141414,0.888888888888889,0.818181818181818,0.111111111111111,0.181818181818182,4.88888888888889,0.135802469135803
"1188",0.306,4.93784856849427,0.806451612903226,0.380494053809401,0.666666666666667,0.845959595959596,0.666666666666667,0.863636363636364,0.333333333333333,0.136363636363636,4.88888888888889,0.385964912280702
"1189",0.507,6.65216914604956,0.903225806451613,0.334116932636526,0.727272727272727,0.866666666666667,0.666666666666667,0.96,0.333333333333333,0.04,16.6666666666667,0.347222222222222
"1190",0.4335,5.64771612784179,0.774193548387097,0.420758360239661,0.666666666666667,0.807142857142857,0.7,0.80952380952381,0.3,0.19047619047619,3.675,0.370588235294118
"1191",0.258,4.18012451938557,0.806451612903226,0.35950535074691,0.75,0.876190476190476,0.9,0.761904761904762,0.1,0.238095238095238,3.78,0.13125
"1192",0.723,8.63552734274395,0.935483870967742,0.338094531975727,0.666666666666667,0.731481481481482,0.5,1,0.5,0,Inf,0.5
"1193",0.183,3.93789069033486,0.774193548387097,0.418706567216925,0.695652173913043,0.785087719298246,0.666666666666667,0.842105263157895,0.333333333333333,0.157894736842105,4.22222222222222,0.395833333333333
"1194",0.108,1.95501510950018,0.741935483870968,0.365414777236279,0.692307692307692,0.873737373737374,1,0.636363636363636,0,0.363636363636364,2.75,0
"1195",0.2515,4.12762080462382,0.774193548387097,0.382375607708741,0.588235294117647,0.8125,0.714285714285714,0.791666666666667,0.285714285714286,0.208333333333333,3.42857142857143,0.360902255639098
"1196",0.2445,3.96571282626788,0.838709677419355,0.339077010229045,0.761904761904762,0.866161616161616,0.888888888888889,0.818181818181818,0.111111111111111,0.181818181818182,4.88888888888889,0.135802469135803
"1197",0.154,2.84602860462194,0.838709677419355,0.371864980710177,0.736842105263158,0.826086956521739,0.875,0.826086956521739,0.125,0.173913043478261,5.03125,0.151315789473684
"1198",0.149,2.84815392079271,0.903225806451613,0.358153327905473,0.857142857142857,0.892857142857143,0.9,0.904761904761905,0.1,0.0952380952380952,9.45,0.110526315789474
"1199",0.1315,2.65505932893146,0.709677419354839,0.437961744887412,0.64,0.792929292929293,0.888888888888889,0.636363636363636,0.111111111111111,0.363636363636364,2.44444444444444,0.174603174603175
"1200",0.2915,4.95962916174976,0.870967741935484,0.339652639326696,0.75,0.873737373737374,0.666666666666667,0.954545454545455,0.333333333333333,0.0454545454545454,14.6666666666667,0.349206349206349
"1201",0.238,3.92521276312487,0.903225806451613,0.309620126472463,0.823529411764706,0.945652173913043,0.875,0.91304347826087,0.125,0.0869565217391305,10.0625,0.136904761904762
"1202",0.1225,2.64692757282047,0.806451612903226,0.408000021870579,0.727272727272727,0.878787878787879,0.888888888888889,0.772727272727273,0.111111111111111,0.227272727272727,3.91111111111111,0.143790849673203
"1203",0.209,3.87304308977124,0.806451612903226,0.379525949514825,0.75,0.875,0.818181818181818,0.8,0.181818181818182,0.2,4.09090909090909,0.227272727272727
"1204",0.7265,7.69879090955724,0.870967741935484,0.39458997739436,0.666666666666667,0.78,0.666666666666667,0.92,0.333333333333333,0.08,8.33333333333334,0.36231884057971
"1205",0.232,4.61790047363869,0.774193548387097,0.437076145633103,0.72,0.800438596491228,0.75,0.789473684210526,0.25,0.210526315789474,3.5625,0.316666666666667
"1206",0.34,5.33213504559065,0.806451612903226,0.416896036124274,0.5,0.702380952380952,0.428571428571429,0.916666666666667,0.571428571428571,0.0833333333333334,5.14285714285714,0.623376623376623
"1207",0.904,10.3833367506196,0.903225806451613,0.399975374457193,0.823529411764706,0.857142857142857,0.7,1,0.3,0,Inf,0.3
"1208",0.366,5.75355286284619,0.903225806451613,0.321249685027567,0.769230769230769,0.877717391304348,0.625,1,0.375,0,Inf,0.375
"1209",0.198,3.75681887175443,0.838709677419355,0.361226727432814,0.761904761904762,0.89047619047619,0.8,0.857142857142857,0.2,0.142857142857143,5.6,0.233333333333333
"1210",0.2705,4.65092315520526,0.838709677419355,0.345836862051537,0.666666666666667,0.861413043478261,0.625,0.91304347826087,0.375,0.0869565217391305,7.1875,0.410714285714286
"1211",0.089,1.95388503628799,0.806451612903226,0.416416075780398,0.8,0.894736842105263,1,0.684210526315789,0,0.315789473684211,3.16666666666667,0
"1212",0.315,5.72863168963486,0.806451612903226,0.422354182025558,0.666666666666667,0.772727272727273,0.545454545454545,0.95,0.454545454545455,0.05,10.9090909090909,0.478468899521531
"1213",0.1145,2.64762629698249,0.838709677419355,0.411446669723878,0.782608695652174,0.89047619047619,0.9,0.80952380952381,0.1,0.19047619047619,4.725,0.123529411764706
"1214",0.1335,2.85072941984328,0.870967741935484,0.391281901933451,0.818181818181818,0.920454545454545,0.818181818181818,0.9,0.181818181818182,0.1,8.18181818181818,0.202020202020202
"1215",0.112,2.85577089242656,0.838709677419355,0.43380016749567,0.782608695652174,0.840909090909091,0.818181818181818,0.85,0.181818181818182,0.15,5.45454545454545,0.213903743315508
"1216",0.2965,4.41693986408816,0.838709677419355,0.353541386310656,0.736842105263158,0.885869565217391,0.875,0.826086956521739,0.125,0.173913043478261,5.03125,0.151315789473684
"1217",0.425,5.55239850138893,0.838709677419355,0.37758918034049,0.666666666666667,0.833333333333333,0.714285714285714,0.875,0.285714285714286,0.125,5.71428571428571,0.326530612244898
"1218",0.127,2.8748955955358,0.838709677419355,0.40682608045476,0.8,0.885964912280702,0.833333333333333,0.842105263157895,0.166666666666667,0.157894736842105,5.27777777777778,0.197916666666667
"1219",0.242,4.34077246288367,0.806451612903226,0.368778908526477,0.666666666666667,0.843434343434343,0.666666666666667,0.863636363636364,0.333333333333333,0.136363636363636,4.88888888888889,0.385964912280702
"1220",0.237,4.94794770256057,0.870967741935484,0.39961139466896,0.75,0.871428571428571,0.6,1,0.4,0,Inf,0.4
"1221",0.332,4.95196844472282,0.870967741935484,0.342297745173446,0.714285714285714,0.8,0.833333333333333,0.88,0.166666666666667,0.12,6.94444444444444,0.189393939393939
"1222",0.5785,7.24471278425276,0.903225806451613,0.325776093739343,0.823529411764706,0.891414141414141,0.777777777777778,0.954545454545455,0.222222222222222,0.0454545454545454,17.1111111111111,0.232804232804233
"1223",0.272,4.14954179079596,0.838709677419355,0.341264079108386,0.705882352941177,0.892857142857143,0.857142857142857,0.833333333333333,0.142857142857143,0.166666666666667,5.14285714285714,0.171428571428571
"1224",0.2755,4.13107045649808,0.870967741935484,0.315520036325357,0.818181818181818,0.944444444444444,1,0.818181818181818,0,0.181818181818182,5.5,0
"1225",0.342,5.02316429130315,0.806451612903226,0.390135076136513,0.75,0.872727272727273,0.818181818181818,0.8,0.181818181818182,0.2,4.09090909090909,0.227272727272727
"1226",0.1295,2.8564037490068,0.870967741935484,0.389992358284947,0.833333333333333,0.903508771929825,0.833333333333333,0.894736842105263,0.166666666666667,0.105263157894737,7.91666666666667,0.186274509803922
"1227",0.186,3.91971605493685,0.903225806451613,0.377950087276388,0.869565217391304,0.93859649122807,0.833333333333333,0.947368421052632,0.166666666666667,0.0526315789473685,15.8333333333333,0.175925925925926
"1228",0.1995,4.12804039765465,0.838709677419355,0.406972214036193,0.761904761904762,0.831818181818182,0.727272727272727,0.9,0.272727272727273,0.1,7.27272727272727,0.303030303030303
"1229",0.146,2.6467107660977,0.870967741935484,0.354878616185494,0.818181818181818,0.919191919191919,1,0.818181818181818,0,0.181818181818182,5.5,0
"1230",0.523,7.15674121372169,0.903225806451613,0.286832286477191,0.8,0.951086956521739,0.75,0.956521739130435,0.25,0.0434782608695652,17.25,0.261363636363636
"1231",0.648,8.63667851788924,0.870967741935484,0.348465027207649,0.714285714285714,0.851010101010101,0.555555555555556,1,0.444444444444444,0,Inf,0.444444444444444
"1232",0.229,3.96431384275337,0.838709677419355,0.335656252500184,0.736842105263158,0.877717391304348,0.875,0.826086956521739,0.125,0.173913043478261,5.03125,0.151315789473684
"1233",0.8135,9.54803300714958,0.935483870967742,0.321015845338216,0.857142857142857,0.970238095238095,0.857142857142857,0.958333333333333,0.142857142857143,0.0416666666666666,20.5714285714286,0.149068322981366
"1234",0.5935,7.61269025470163,0.838709677419355,0.387704038321552,0.705882352941177,0.792857142857143,0.6,0.952380952380952,0.4,0.0476190476190477,12.6,0.42
"1235",0.169,2.88098915007106,0.838709677419355,0.381970537444349,0.782608695652174,0.881313131313131,1,0.772727272727273,0,0.227272727272727,4.4,0
"1236",0.404,4.95073730489085,0.806451612903226,0.400499616477086,0.625,0.78,0.833333333333333,0.8,0.166666666666667,0.2,4.16666666666667,0.208333333333333
"1237",0.297,4.95051210492102,0.806451612903226,0.390807864153937,0.727272727272727,0.813636363636364,0.727272727272727,0.85,0.272727272727273,0.15,4.84848484848485,0.320855614973262
"1238",0.122,2.64835442961471,0.774193548387097,0.37958727337188,0.588235294117647,0.770833333333333,0.714285714285714,0.791666666666667,0.285714285714286,0.208333333333333,3.42857142857143,0.360902255639098
"1239",0.314,4.74601975023728,0.838709677419355,0.340833425509005,0.761904761904762,0.881313131313131,0.888888888888889,0.818181818181818,0.111111111111111,0.181818181818182,4.88888888888889,0.135802469135803
"1240",0.5965,7.69654501984399,0.838709677419355,0.392908626029651,0.666666666666667,0.838383838383838,0.555555555555556,0.954545454545455,0.444444444444444,0.0454545454545454,12.2222222222222,0.465608465608466
"1241",0.8345,10.3939358988978,0.870967741935484,0.369164531381011,0.6,0.702380952380952,0.428571428571429,1,0.571428571428571,0,Inf,0.571428571428571
"1242",0.1355,2.2975959560534,0.806451612903226,0.363135032101145,0.727272727272727,0.891304347826087,1,0.739130434782609,0,0.260869565217391,3.83333333333333,0
"1243",0.5715,7.70102820205113,0.903225806451613,0.325248658715649,0.769230769230769,0.91304347826087,0.625,1,0.375,0,Inf,0.375
"1244",0.2865,5.02668481127232,0.806451612903226,0.399060255437455,0.7,0.792857142857143,0.7,0.857142857142857,0.3,0.142857142857143,4.9,0.35
"1245",0.5325,7.51556628567937,0.838709677419355,0.362370671646141,0.705882352941177,0.80952380952381,0.6,0.952380952380952,0.4,0.0476190476190477,12.6,0.42
"1246",0.076,1.99284296279974,0.645161290322581,0.456057011870868,0.645161290322581,0.756818181818182,0.909090909090909,0.5,0.0909090909090909,0.5,1.81818181818182,0.181818181818182
"1247",0.2515,3.91675225277974,0.806451612903226,0.399527569522157,0.666666666666667,0.836309523809524,0.857142857142857,0.791666666666667,0.142857142857143,0.208333333333333,4.11428571428571,0.180451127819549
"1248",0.392,5.75104418973945,0.838709677419355,0.3497964127761,0.736842105263158,0.896464646464647,0.777777777777778,0.863636363636364,0.222222222222222,0.136363636363636,5.7037037037037,0.257309941520468
"1249",0.2555,5.02817039977576,0.870967741935484,0.364242246063231,0.846153846153846,0.873949579831933,0.785714285714286,0.941176470588235,0.214285714285714,0.0588235294117647,13.3571428571429,0.227678571428571
"1250",0.146,2.64911544278811,0.774193548387097,0.401641683598862,0.695652173913043,0.853260869565217,1,0.695652173913043,0,0.304347826086957,3.28571428571429,0
"1251",0.1535,2.85123448148275,0.806451612903226,0.382185925939647,0.727272727272727,0.853535353535353,0.888888888888889,0.772727272727273,0.111111111111111,0.227272727272727,3.91111111111111,0.143790849673203
"1252",0.7735,10.1524583766402,0.935483870967742,0.277563589013811,0.857142857142857,0.967391304347826,0.75,1,0.25,0,Inf,0.25
"1253",0.5045,6.94924156757306,0.935483870967742,0.297285324050128,0.857142857142857,0.952380952380952,0.857142857142857,0.958333333333333,0.142857142857143,0.0416666666666666,20.5714285714286,0.149068322981366
"1254",0.8585,10.1189463248971,0.870967741935484,0.373058383400556,0.777777777777778,0.878571428571429,0.7,0.952380952380952,0.3,0.0476190476190477,14.7,0.315
"1255",0.779,8.83933596572443,0.903225806451613,0.358489822419516,0.666666666666667,0.742307692307692,0.6,0.961538461538462,0.4,0.0384615384615384,15.6,0.416
"1256",0.46,6.65318980788149,0.870967741935484,0.362437834671766,0.777777777777778,0.904761904761905,0.7,0.952380952380952,0.3,0.0476190476190477,14.7,0.315
"1257",0.26,4.30108386715999,0.838709677419355,0.342215014721073,0.666666666666667,0.889880952380952,0.714285714285714,0.875,0.285714285714286,0.125,5.71428571428571,0.326530612244898
"1258",0.114,2.59552094336948,0.838709677419355,0.413023169457756,0.848484848484849,0.925,0.933333333333333,0.75,0.0666666666666667,0.25,3.73333333333333,0.0888888888888889
"1259",0.1575,2.82617609289469,0.870967741935484,0.355453371905255,0.75,0.845238095238095,0.857142857142857,0.875,0.142857142857143,0.125,6.85714285714286,0.163265306122449
"1260",0.0805,2.30034987413009,0.741935483870968,0.455593092371574,0.692307692307692,0.802272727272727,0.818181818181818,0.7,0.181818181818182,0.3,2.72727272727273,0.25974025974026
"1261",0.1655,2.84965203837561,0.806451612903226,0.350102684340277,0.727272727272727,0.856060606060606,0.888888888888889,0.772727272727273,0.111111111111111,0.227272727272727,3.91111111111111,0.143790849673203
"1262",0.2665,4.20530544666883,0.870967741935484,0.344847877128216,0.75,0.886904761904762,0.857142857142857,0.875,0.142857142857143,0.125,6.85714285714286,0.163265306122449
"1263",0.428,5.75134901446487,0.870967741935484,0.362770822225154,0.8,0.883838383838384,0.888888888888889,0.863636363636364,0.111111111111111,0.136363636363636,6.51851851851852,0.128654970760234
"1264",0.3025,5.55379521299488,0.838709677419355,0.399513253358152,0.736842105263158,0.809090909090909,0.636363636363636,0.95,0.363636363636364,0.05,12.7272727272727,0.382775119617225
"1265",0.5435,6.94997756114045,0.870967741935484,0.346419536334792,0.75,0.85054347826087,0.75,0.91304347826087,0.25,0.0869565217391305,8.62499999999999,0.273809523809524
"1266",0.259,3.87411380856092,0.838709677419355,0.38260770413715,0.666666666666667,0.883333333333333,0.833333333333333,0.84,0.166666666666667,0.16,5.20833333333333,0.198412698412698
"1267",0.113,2.46408021316387,0.709677419354839,0.44241399394972,0.689655172413793,0.793181818181818,0.909090909090909,0.6,0.0909090909090909,0.4,2.27272727272727,0.151515151515152
"1268",0.19,3.87475884397582,0.774193548387097,0.418565875993984,0.631578947368421,0.752525252525252,0.666666666666667,0.818181818181818,0.333333333333333,0.181818181818182,3.66666666666667,0.407407407407407
"1269",0.3195,4.96070776684565,0.903225806451613,0.317386769849815,0.8,0.877717391304348,0.75,0.956521739130435,0.25,0.0434782608695652,17.25,0.261363636363636
"1270",0.133,2.29623832412146,0.548387096774194,0.422365601186025,0.416666666666667,0.669230769230769,1,0.461538461538462,0,0.538461538461538,1.85714285714286,0
"1271",0.1065,2.29571505995931,0.838709677419355,0.405645053655984,0.8,0.9,1,0.761904761904762,0,0.238095238095238,4.2,0
"1272",0.066,1.81453170771837,0.774193548387097,0.450608193468029,0.774193548387097,0.861842105263158,1,0.631578947368421,0,0.368421052631579,2.71428571428571,0
"1273",0.1395,2.82713192917748,0.774193548387097,0.409088005209995,0.666666666666667,0.775252525252525,0.777777777777778,0.772727272727273,0.222222222222222,0.227272727272727,3.42222222222222,0.287581699346405
"1274",0.365,5.55472000083658,0.903225806451613,0.288829262032726,0.823529411764706,0.951086956521739,0.875,0.91304347826087,0.125,0.0869565217391305,10.0625,0.136904761904762
"1275",0.2155,4.12675063139101,0.870967741935484,0.366172822858113,0.8,0.895238095238095,0.8,0.904761904761905,0.2,0.0952380952380952,8.4,0.221052631578947
"1276",0.3535,5.55534211212678,0.838709677419355,0.357509013512008,0.666666666666667,0.785326086956522,0.625,0.91304347826087,0.375,0.0869565217391305,7.1875,0.410714285714286
"1277",0.2105,4.15219636915837,0.774193548387097,0.408972010563597,0.588235294117647,0.755050505050505,0.555555555555556,0.863636363636364,0.444444444444444,0.136363636363636,4.07407407407407,0.514619883040936
"1278",0.2305,3.87755759776459,0.870967741935484,0.322901113846136,0.75,0.926630434782609,0.75,0.91304347826087,0.25,0.0869565217391305,8.62499999999999,0.273809523809524
"1279",0.878,10.2514005110559,0.870967741935484,0.401766770193635,0.5,0.746666666666667,0.333333333333333,1,0.666666666666667,0,Inf,0.666666666666667
"1280",0.216,4.15083148590448,0.806451612903226,0.391808358352735,0.769230769230769,0.881578947368421,0.833333333333333,0.789473684210526,0.166666666666667,0.210526315789474,3.95833333333333,0.211111111111111
"1281",0.777,8.83752860347634,0.870967741935484,0.379284827459244,0.666666666666667,0.839285714285714,0.571428571428571,0.958333333333333,0.428571428571429,0.0416666666666666,13.7142857142857,0.447204968944099
"1282",0.0995,2.00270420594351,0.774193548387097,0.41634714575854,0.758620689655172,0.847727272727273,1,0.65,0,0.35,2.85714285714286,0
"1283",0.517,7.24737219588521,0.870967741935484,0.342663230595782,0.75,0.898989898989899,0.666666666666667,0.954545454545455,0.333333333333333,0.0454545454545454,14.6666666666667,0.349206349206349
"1284",0.1555,2.78186924730836,0.709677419354839,0.398212531978938,0.64,0.810606060606061,0.888888888888889,0.636363636363636,0.111111111111111,0.363636363636364,2.44444444444444,0.174603174603175
"1285",0.5225,7.52959015454846,0.870967741935484,0.33352776699189,0.75,0.904040404040404,0.666666666666667,0.954545454545455,0.333333333333333,0.0454545454545454,14.6666666666667,0.349206349206349
"1286",0.27,4.12604840636502,0.903225806451613,0.308817298957054,0.842105263157895,0.945652173913043,1,0.869565217391304,0,0.130434782608696,7.66666666666667,0
"1287",0.334,4.94998257854677,0.806451612903226,0.40625405991081,0.727272727272727,0.835714285714286,0.8,0.80952380952381,0.2,0.19047619047619,4.2,0.247058823529412
"1288",0.8955,10.4762913462857,0.870967741935484,0.377083959882581,0.777777777777778,0.885714285714286,0.7,0.952380952380952,0.3,0.0476190476190477,14.7,0.315
"1289",0.398,6.55817137507484,0.870967741935484,0.349704088629879,0.75,0.9,0.6,1,0.4,0,Inf,0.4
"1290",0.15,2.85273637997782,0.806451612903226,0.369602466165877,0.785714285714286,0.890350877192982,0.916666666666667,0.736842105263158,0.0833333333333334,0.263157894736842,3.48333333333333,0.113095238095238
"1291",0.3025,4.95636221417842,0.806451612903226,0.363416760891082,0.727272727272727,0.876190476190476,0.8,0.80952380952381,0.2,0.19047619047619,4.2,0.247058823529412
"1292",0.109,2.64394371105474,0.870967741935484,0.431746800722793,0.866666666666667,0.890756302521008,0.928571428571429,0.823529411764706,0.0714285714285714,0.176470588235294,5.26190476190476,0.086734693877551
"1293",0.7195,7.6993818776434,0.838709677419355,0.423359192556711,0.705882352941177,0.792929292929293,0.666666666666667,0.909090909090909,0.333333333333333,0.0909090909090909,7.33333333333333,0.366666666666667
"1294",0.137,2.6565630945143,0.741935483870968,0.401057546100513,0.733333333333333,0.85,1,0.6,0,0.4,2.5,0
"1295",0.1665,2.64848002137109,0.741935483870968,0.376257276510534,0.555555555555556,0.823333333333333,0.833333333333333,0.72,0.166666666666667,0.28,2.97619047619048,0.231481481481481
"1296",0.3995,6.17767991438003,0.903225806451613,0.292070471917365,0.869565217391304,0.915909090909091,0.909090909090909,0.9,0.0909090909090909,0.1,9.09090909090909,0.101010101010101
"1297",0.2575,4.12612290646492,0.870967741935484,0.339274232164601,0.75,0.892857142857143,0.857142857142857,0.875,0.142857142857143,0.125,6.85714285714286,0.163265306122449
"1298",0.234,4.15152976681239,0.741935483870968,0.451288371206531,0.714285714285714,0.796052631578947,0.833333333333333,0.684210526315789,0.166666666666667,0.315789473684211,2.63888888888889,0.243589743589744
"1299",0.389,5.33742481654419,0.806451612903226,0.400041915141901,0.666666666666667,0.83695652173913,0.75,0.826086956521739,0.25,0.173913043478261,4.3125,0.302631578947368
"1300",0.2835,4.99438313374567,0.870967741935484,0.350176894704017,0.666666666666667,0.860119047619048,0.571428571428571,0.958333333333333,0.428571428571429,0.0416666666666666,13.7142857142857,0.447204968944099
"1301",0.1075,2.34957777099483,0.67741935483871,0.41063246371779,0.583333333333333,0.747282608695652,0.875,0.608695652173913,0.125,0.391304347826087,2.23611111111111,0.205357142857143
"1302",0.2195,4.15641033774364,0.838709677419355,0.37725915957594,0.8,0.893181818181818,0.909090909090909,0.8,0.0909090909090909,0.2,4.54545454545455,0.113636363636364
"1303",0.152,2.59330525814705,0.838709677419355,0.349367208963451,0.761904761904762,0.910326086956522,1,0.782608695652174,0,0.217391304347826,4.6,0
"1304",0.97,10.6164067326508,0.870967741935484,0.445763921428781,0.75,0.888888888888889,0.666666666666667,0.954545454545455,0.333333333333333,0.0454545454545454,14.6666666666667,0.349206349206349
"1305",0.5255,6.94629390211809,0.870967741935484,0.340674605772241,0.818181818181818,0.881818181818182,0.818181818181818,0.9,0.181818181818182,0.1,8.18181818181818,0.202020202020202
"1306",0.5175,7.34773089353473,0.870967741935484,0.360170546641476,0.714285714285714,0.782828282828283,0.555555555555556,1,0.444444444444444,0,Inf,0.444444444444444
"1307",0.242,3.91689567060552,0.838709677419355,0.349757603578576,0.736842105263158,0.885869565217391,0.875,0.826086956521739,0.125,0.173913043478261,5.03125,0.151315789473684
"1308",0.288,4.62703343015951,0.870967741935484,0.333564437874268,0.8,0.909090909090909,0.888888888888889,0.863636363636364,0.111111111111111,0.136363636363636,6.51851851851852,0.128654970760234
"1309",0.1915,3.70195997952586,0.774193548387097,0.40335427106958,0.695652173913043,0.802380952380952,0.8,0.761904761904762,0.2,0.238095238095238,3.36,0.2625
"1310",0.2115,4.15239019960831,0.838709677419355,0.384710671442575,0.8,0.894736842105263,0.833333333333333,0.842105263157895,0.166666666666667,0.157894736842105,5.27777777777778,0.197916666666667
"1311",0.3195,5.03003000138394,0.935483870967742,0.299761413132235,0.875,0.96195652173913,0.875,0.956521739130435,0.125,0.0434782608695652,20.125,0.130681818181818
"1312",0.1655,2.87767869165744,0.741935483870968,0.405483999832116,0.636363636363636,0.831521739130435,0.875,0.695652173913043,0.125,0.304347826086957,2.875,0.1796875
"1313",0.379,5.55283283670639,1,0.218766423740217,1,1,1,1,0,0,Inf,0
"1314",0.225,4.61105466585939,0.774193548387097,0.421951566561055,0.666666666666667,0.804545454545455,0.636363636363636,0.85,0.363636363636364,0.15,4.24242424242424,0.427807486631016
"1315",0.961,10.4511650751404,0.870967741935484,0.456985874255671,0.666666666666667,0.80952380952381,0.571428571428571,0.958333333333333,0.428571428571429,0.0416666666666666,13.7142857142857,0.447204968944099
"1316",0.3785,5.33723541458784,0.903225806451613,0.305002530468393,0.769230769230769,0.926666666666667,0.833333333333333,0.92,0.166666666666667,0.08,10.4166666666667,0.181159420289855
"1317",0.324,5.55399934510668,1,0.281635895701481,1,1,1,1,0,0,Inf,0
"1318",0.612,8.32773050126746,0.903225806451613,0.310864899491842,0.727272727272727,0.910714285714286,0.571428571428571,1,0.428571428571429,0,Inf,0.428571428571429
"1319",0.044,1.83748787868909,0.645161290322581,0.521929798383331,0.685714285714286,0.771929824561403,1,0.421052631578947,0,0.578947368421053,1.72727272727273,0
"1320",0.0705,2.29439556997738,0.806451612903226,0.467888200129113,0.785714285714286,0.867647058823529,0.785714285714286,0.823529411764706,0.214285714285714,0.176470588235294,4.45238095238095,0.260204081632653
"1321",0.1615,2.85024491776212,0.774193548387097,0.366940391055594,0.72,0.878787878787879,1,0.681818181818182,0,0.318181818181818,3.14285714285714,0
"1322",0.3005,5.02561068747694,0.838709677419355,0.34606759299121,0.705882352941177,0.880434782608696,0.75,0.869565217391304,0.25,0.130434782608696,5.75,0.2875
"1323",0.225,4.20476712017263,0.838709677419355,0.378726797602307,0.782608695652174,0.895454545454545,0.818181818181818,0.85,0.181818181818182,0.15,5.45454545454545,0.213903743315508
"1324",0.326,5.02294841885796,0.903225806451613,0.312660401972261,0.857142857142857,0.911904761904762,0.9,0.904761904761905,0.1,0.0952380952380952,9.45,0.110526315789474
"1325",0.4615,6.94483585336451,0.935483870967742,0.303665962859932,0.875,0.934782608695652,0.875,0.956521739130435,0.125,0.0434782608695652,20.125,0.130681818181818
"1326",0.15,2.65704451827724,0.838709677419355,0.363416656067366,0.782608695652174,0.904040404040404,1,0.772727272727273,0,0.227272727272727,4.4,0
"1327",0.092,1.9793922223431,0.709677419354839,0.413475600269167,0.689655172413793,0.813636363636364,0.909090909090909,0.6,0.0909090909090909,0.4,2.27272727272727,0.151515151515152
"1328",0.5145,5.74848354987959,0.774193548387097,0.42844819627232,0.631578947368421,0.801630434782609,0.75,0.782608695652174,0.25,0.217391304347826,3.45,0.319444444444444
"1329",0.2785,4.62826340383115,0.870967741935484,0.35177391810898,0.833333333333333,0.881818181818182,0.909090909090909,0.85,0.0909090909090909,0.15,6.06060606060606,0.106951871657754
"1330",0.2295,3.868030963014,0.903225806451613,0.313027731160521,0.823529411764706,0.932065217391304,0.875,0.91304347826087,0.125,0.0869565217391305,10.0625,0.136904761904762
"1331",0.109,2.30455413198404,0.709677419354839,0.440504268694898,0.727272727272727,0.798245614035088,1,0.526315789473684,0,0.473684210526316,2.11111111111111,0
"1332",0.1565,3.92807682208456,0.838709677419355,0.453312825178161,0.782608695652174,0.859649122807018,0.75,0.894736842105263,0.25,0.105263157894737,7.125,0.279411764705882
"1333",0.1975,3.87057005883317,0.806451612903226,0.385573237832466,0.727272727272727,0.871428571428571,0.8,0.80952380952381,0.2,0.19047619047619,4.2,0.247058823529412
"1334",0.1795,2.80654766669352,0.838709677419355,0.325657225277202,0.736842105263158,0.922619047619048,1,0.791666666666667,0,0.208333333333333,4.8,0
"1335",0.5675,6.94814730963381,0.838709677419355,0.408080137746997,0.736842105263158,0.804761904761905,0.7,0.904761904761905,0.3,0.0952380952380952,7.35,0.331578947368421
"1336",0.213,4.15633369263088,0.967741935483871,0.360081778575106,0.952380952380952,0.968181818181818,0.909090909090909,1,0.0909090909090909,0,Inf,0.0909090909090909
"1337",0.1125,2.85657875606594,0.838709677419355,0.426075397129042,0.782608695652174,0.895454545454545,0.818181818181818,0.85,0.181818181818182,0.15,5.45454545454545,0.213903743315508
"1338",0.43,6.94745599103087,0.935483870967742,0.295840630493701,0.909090909090909,0.969298245614035,0.833333333333333,1,0.166666666666667,0,Inf,0.166666666666667
"1339",0.3045,4.15456368188525,0.774193548387097,0.421421442914711,0.631578947368421,0.836309523809524,0.857142857142857,0.75,0.142857142857143,0.25,3.42857142857143,0.190476190476191
"1340",0.272,4.60308995281202,0.935483870967742,0.298602172091917,0.888888888888889,0.974747474747475,0.888888888888889,0.954545454545455,0.111111111111111,0.0454545454545454,19.5555555555556,0.116402116402116
"1341",0.782,9.55055601097242,0.838709677419355,0.391723726760907,0.666666666666667,0.833333333333333,0.555555555555556,0.954545454545455,0.444444444444444,0.0454545454545454,12.2222222222222,0.465608465608466
"1342",0.5445,6.95055314530273,0.903225806451613,0.33123009566026,0.8,0.898809523809524,0.857142857142857,0.916666666666667,0.142857142857143,0.0833333333333334,10.2857142857143,0.155844155844156
"1343",0.33,5.03084967093586,0.903225806451613,0.355317309010504,0.842105263157895,0.906565656565657,0.888888888888889,0.909090909090909,0.111111111111111,0.0909090909090909,9.77777777777777,0.122222222222222
"1344",0.8065,10.0577122797953,0.903225806451613,0.330995100435709,0.666666666666667,0.816666666666667,0.5,1,0.5,0,Inf,0.5
"1345",0.154,2.82253028592143,0.838709677419355,0.412508254214006,0.8,0.888095238095238,1,0.761904761904762,0,0.238095238095238,4.2,0
"1346",0.114,2.29754196489896,0.709677419354839,0.379860568209538,0.571428571428571,0.777173913043478,0.75,0.695652173913043,0.25,0.304347826086957,2.46428571428571,0.359375
"1347",0.1825,3.91918923290366,0.870967741935484,0.387247614215548,0.8,0.897727272727273,0.727272727272727,0.95,0.272727272727273,0.05,14.5454545454545,0.287081339712919
"1348",0.169,3.85594993195958,0.774193548387097,0.46543881372453,0.666666666666667,0.754545454545455,0.636363636363636,0.85,0.363636363636364,0.15,4.24242424242424,0.427807486631016
"1349",0.271,5.02863610552277,0.806451612903226,0.406706767162148,0.727272727272727,0.838636363636364,0.727272727272727,0.85,0.272727272727273,0.15,4.84848484848485,0.320855614973262
"1350",0.217,4.20654262558016,0.838709677419355,0.39534106805896,0.782608695652174,0.875,0.818181818181818,0.85,0.181818181818182,0.15,5.45454545454545,0.213903743315508
"1351",0.1455,2.60158975027645,0.774193548387097,0.366333432856724,0.666666666666667,0.853260869565217,0.875,0.739130434782609,0.125,0.260869565217391,3.35416666666667,0.169117647058824
"1352",0.0815,1.81562135080596,0.67741935483871,0.435847333863923,0.615384615384615,0.782608695652174,1,0.565217391304348,0,0.434782608695652,2.3,0
"1353",0.1985,4.16055372463916,0.838709677419355,0.389716379105295,0.761904761904762,0.859090909090909,0.727272727272727,0.9,0.272727272727273,0.1,7.27272727272727,0.303030303030303
"1354",0.245,4.20820076268966,0.838709677419355,0.388698635377808,0.705882352941177,0.855978260869565,0.75,0.869565217391304,0.25,0.130434782608696,5.75,0.2875
"1355",0.2385,4.15213180338124,0.806451612903226,0.374007172895037,0.7,0.80050505050505,0.777777777777778,0.818181818181818,0.222222222222222,0.181818181818182,4.27777777777778,0.271604938271605
"1356",0.2325,4.20260319523026,0.870967741935484,0.359736201130374,0.833333333333333,0.859649122807018,0.833333333333333,0.894736842105263,0.166666666666667,0.105263157894737,7.91666666666667,0.186274509803922
"1357",0.106,2.25020286367545,0.741935483870968,0.438434821577424,0.714285714285714,0.834090909090909,0.909090909090909,0.65,0.0909090909090909,0.35,2.5974025974026,0.13986013986014
"1358",0.2395,4.12972502309556,0.806451612903226,0.3832327427055,0.7,0.835858585858586,0.777777777777778,0.818181818181818,0.222222222222222,0.181818181818182,4.27777777777778,0.271604938271605
"1359",0.268,4.60818349779041,0.903225806451613,0.316540790904764,0.823529411764706,0.911616161616162,0.777777777777778,0.954545454545455,0.222222222222222,0.0454545454545454,17.1111111111111,0.232804232804233
"1360",0.255,4.15412050256261,0.870967741935484,0.307876833937325,0.777777777777778,0.940217391304348,0.875,0.869565217391304,0.125,0.130434782608696,6.70833333333333,0.14375
"1361",0.7935,9.54698712835932,0.967741935483871,0.302573765584763,0.923076923076923,0.985119047619048,0.857142857142857,1,0.142857142857143,0,Inf,0.142857142857143
"1362",0.8275,10.4754544085469,0.935483870967742,0.315651620554214,0.857142857142857,0.91304347826087,0.75,1,0.25,0,Inf,0.25
"1363",0.1085,2.35929677178729,0.741935483870968,0.423280340012883,0.714285714285714,0.793181818181818,0.909090909090909,0.65,0.0909090909090909,0.35,2.5974025974026,0.13986013986014
"1364",0.459,6.76238066958701,0.935483870967742,0.282770728525714,0.833333333333333,0.922619047619048,0.714285714285714,1,0.285714285714286,0,Inf,0.285714285714286
"1365",0.5315,7.35265000749655,0.935483870967742,0.30409260737536,0.857142857142857,0.875,0.75,1,0.25,0,Inf,0.25
"1366",0.153,2.85452825793112,0.806451612903226,0.381952297169714,0.727272727272727,0.873737373737374,0.888888888888889,0.772727272727273,0.111111111111111,0.227272727272727,3.91111111111111,0.143790849673203
"1367",0.149,2.84925077545412,0.774193548387097,0.391826369957981,0.740740740740741,0.85,0.909090909090909,0.7,0.0909090909090909,0.3,3.03030303030303,0.12987012987013
"1368",0.557,6.94711254467179,0.838709677419355,0.381091729126628,0.615384615384615,0.723214285714286,0.571428571428571,0.916666666666667,0.428571428571429,0.0833333333333334,6.85714285714285,0.467532467532468
"1369",0.3375,4.94960478500251,0.870967741935484,0.328573337015439,0.777777777777778,0.915760869565217,0.875,0.869565217391304,0.125,0.130434782608696,6.70833333333333,0.14375
"1370",0.8455,10.3922575760712,0.903225806451613,0.344477927470108,0.8,0.848484848484849,0.666666666666667,1,0.333333333333333,0,Inf,0.333333333333333
"1371",0.546,6.78646813507138,0.838709677419355,0.374565433516386,0.615384615384615,0.833333333333333,0.571428571428571,0.916666666666667,0.428571428571429,0.0833333333333334,6.85714285714285,0.467532467532468
"1372",0.222,3.60328836681047,0.903225806451613,0.309615717849071,0.842105263157895,0.951086956521739,1,0.869565217391304,0,0.130434782608696,7.66666666666667,0
"1373",0.423,6.16704006605885,0.903225806451613,0.289409317301642,0.769230769230769,0.916666666666667,0.714285714285714,0.958333333333333,0.285714285714286,0.0416666666666666,17.1428571428572,0.298136645962733
"1374",0.2425,3.92557649478543,0.806451612903226,0.346326751382258,0.625,0.846666666666667,0.833333333333333,0.8,0.166666666666667,0.2,4.16666666666667,0.208333333333333
"1375",0.3055,4.61019164331632,0.774193548387097,0.396764237190708,0.695652173913043,0.843434343434343,0.888888888888889,0.727272727272727,0.111111111111111,0.272727272727273,3.25925925925926,0.152777777777778
"1376",0.1055,2.29836017010553,0.741935483870968,0.402704792369794,0.714285714285714,0.845454545454545,0.909090909090909,0.65,0.0909090909090909,0.35,2.5974025974026,0.13986013986014
"1377",0.1,2.25633375120753,0.838709677419355,0.431615991933406,0.814814814814815,0.886363636363636,1,0.75,0,0.25,4,0
"1378",0.1155,2.29737201126785,0.774193548387097,0.396486415161712,0.758620689655172,0.879545454545455,1,0.65,0,0.35,2.85714285714286,0
"1379",0.8155,10.4773086038928,0.903225806451613,0.337615853107579,0.769230769230769,0.845108695652174,0.625,1,0.375,0,Inf,0.375
"1380",0.135,2.58510215536475,0.870967741935484,0.361398983540469,0.846153846153846,0.940909090909091,1,0.8,0,0.2,5,0
"1381",0.3345,5.7486755557131,0.870967741935484,0.362745313309922,0.75,0.85,0.6,1,0.4,0,Inf,0.4
"1382",0.116,2.88065572847694,0.806451612903226,0.434985024854323,0.75,0.848684210526316,0.75,0.842105263157895,0.25,0.157894736842105,4.75,0.296875
"1383",0.4255,5.7502845965795,0.741935483870968,0.441841211582793,0.6,0.75,0.6,0.80952380952381,0.4,0.19047619047619,3.15,0.494117647058824
"1384",0.1475,2.8477486588466,0.870967741935484,0.369627047989991,0.857142857142857,0.929824561403509,1,0.789473684210526,0,0.210526315789474,4.75,0
"1385",0.1875,4.17819281325218,0.838709677419355,0.403010733988456,0.8,0.895299145299145,0.769230769230769,0.888888888888889,0.230769230769231,0.111111111111111,6.92307692307692,0.259615384615385
"1386",0.1465,2.51137469187439,0.774193548387097,0.383132497281973,0.695652173913043,0.858695652173913,1,0.695652173913043,0,0.304347826086957,3.28571428571429,0
"1387",0.195,3.87008296209425,0.870967741935484,0.391709731769506,0.857142857142857,0.893162393162393,0.923076923076923,0.833333333333333,0.0769230769230769,0.166666666666667,5.53846153846154,0.0923076923076922
"1388",0.335,5.75107579800935,0.838709677419355,0.36842452157318,0.736842105263158,0.876190476190476,0.7,0.904761904761905,0.3,0.0952380952380952,7.35,0.331578947368421
"1389",0.0995,2.30142635525235,0.741935483870968,0.432734343266988,0.692307692307692,0.8,0.9,0.666666666666667,0.1,0.333333333333333,2.7,0.15
"1390",0.309,5.02605255170824,0.806451612903226,0.39396998371009,0.75,0.859090909090909,0.818181818181818,0.8,0.181818181818182,0.2,4.09090909090909,0.227272727272727
"1391",0.2195,3.86970779174422,0.870967741935484,0.351108513296484,0.8,0.924242424242424,0.888888888888889,0.863636363636364,0.111111111111111,0.136363636363636,6.51851851851852,0.128654970760234
"1392",0.222,3.87147419901034,0.935483870967742,0.317554673192877,0.888888888888889,0.95959595959596,0.888888888888889,0.954545454545455,0.111111111111111,0.0454545454545454,19.5555555555556,0.116402116402116
"1393",0.228,4.41916320286221,0.838709677419355,0.373250100677486,0.8,0.87280701754386,0.833333333333333,0.842105263157895,0.166666666666667,0.157894736842105,5.27777777777778,0.197916666666667
"1394",0.2315,4.15384642137207,0.774193548387097,0.396615194050137,0.666666666666667,0.785353535353535,0.777777777777778,0.772727272727273,0.222222222222222,0.227272727272727,3.42222222222222,0.287581699346405
"1395",0.3765,5.33632767187189,0.838709677419355,0.363537138773557,0.705882352941177,0.853260869565217,0.75,0.869565217391304,0.25,0.130434782608696,5.75,0.2875
"1396",0.228,3.92876733538504,0.838709677419355,0.359828480332801,0.736842105263158,0.848484848484849,0.777777777777778,0.863636363636364,0.222222222222222,0.136363636363636,5.7037037037037,0.257309941520468
"1397",0.188,3.87748741229759,0.838709677419355,0.377114654938024,0.8,0.927631578947368,0.833333333333333,0.842105263157895,0.166666666666667,0.157894736842105,5.27777777777778,0.197916666666667
"1398",0.289,4.63303564954782,0.774193548387097,0.401824472479578,0.533333333333333,0.74702380952381,0.571428571428571,0.833333333333333,0.428571428571429,0.166666666666667,3.42857142857143,0.514285714285714
"1399",0.1185,2.64731397100672,0.741935483870968,0.414463973657252,0.714285714285714,0.790909090909091,0.909090909090909,0.65,0.0909090909090909,0.35,2.5974025974026,0.13986013986014
"1400",0.296,5.55126455957339,0.903225806451613,0.360150427779828,0.869565217391304,0.921052631578947,0.833333333333333,0.947368421052632,0.166666666666667,0.0526315789473685,15.8333333333333,0.175925925925926
"1401",0.398,5.33254186013673,0.903225806451613,0.305916405342604,0.842105263157895,0.945652173913043,1,0.869565217391304,0,0.130434782608696,7.66666666666667,0
"1402",0.14,2.87611182459734,0.774193548387097,0.396724727673606,0.740740740740741,0.846491228070175,0.833333333333333,0.736842105263158,0.166666666666667,0.263157894736842,3.16666666666667,0.226190476190476
"1403",0.335,5.03196480652925,0.967741935483871,0.229106851203257,0.941176470588235,0.994565217391304,1,0.956521739130435,0,0.0434782608695652,23,0
"1404",0.1045,2.25565801135598,0.67741935483871,0.456080431966705,0.642857142857143,0.757142857142857,0.9,0.571428571428571,0.1,0.428571428571429,2.1,0.175
"1405",0.6435,8.63978259238712,0.903225806451613,0.31698766775322,0.769230769230769,0.883152173913043,0.625,1,0.375,0,Inf,0.375
"1406",0.097,2.8468404397906,0.870967741935484,0.441662483805645,0.8,0.865909090909091,0.727272727272727,0.95,0.272727272727273,0.05,14.5454545454545,0.287081339712919
"1407",0.2985,4.15038732477277,0.870967741935484,0.331925928033842,0.714285714285714,0.915384615384615,1,0.846153846153846,0,0.153846153846154,6.5,0
"1408",0.066,1.83228737591357,0.580645161290323,0.466311077019021,0.628571428571429,0.730263157894737,0.916666666666667,0.368421052631579,0.0833333333333334,0.631578947368421,1.45138888888889,0.226190476190476
"1409",0.5645,7.70120448943692,0.903225806451613,0.325576994394342,0.727272727272727,0.895833333333333,0.571428571428571,1,0.428571428571429,0,Inf,0.428571428571429
"1410",0.7265,9.54771487642641,0.870967741935484,0.361580158631457,0.75,0.878571428571429,0.6,1,0.4,0,Inf,0.4
"1411",0.0775,1.81932323508764,0.741935483870968,0.417383459077567,0.777777777777778,0.871848739495798,1,0.529411764705882,0,0.470588235294118,2.125,0
"1412",0.7165,8.5526603336883,0.935483870967742,0.295566201323513,0.857142857142857,0.964285714285714,0.857142857142857,0.958333333333333,0.142857142857143,0.0416666666666666,20.5714285714286,0.149068322981366
"1413",0.1115,2.64500250725423,0.741935483870968,0.431395863420366,0.714285714285714,0.836363636363636,0.909090909090909,0.65,0.0909090909090909,0.35,2.5974025974026,0.13986013986014
"1414",0.1935,3.96994051353455,0.838709677419355,0.379269355138447,0.736842105263158,0.883333333333333,0.7,0.904761904761905,0.3,0.0952380952380952,7.35,0.331578947368421
"1415",0.3,5.02673484641546,0.935483870967742,0.32481965546462,0.875,0.891304347826087,0.875,0.956521739130435,0.125,0.0434782608695652,20.125,0.130681818181818
"1416",0.3795,5.75087988281526,0.838709677419355,0.355650080585442,0.761904761904762,0.85,0.727272727272727,0.9,0.272727272727273,0.1,7.27272727272727,0.303030303030303
"1417",0.13,2.8499139273508,0.806451612903226,0.390625853796208,0.7,0.815656565656566,0.777777777777778,0.818181818181818,0.222222222222222,0.181818181818182,4.27777777777778,0.271604938271605
"1418",0.409,6.29135595042415,0.870967741935484,0.342016637419783,0.75,0.886363636363636,0.666666666666667,0.954545454545455,0.333333333333333,0.0454545454545454,14.6666666666667,0.349206349206349
"1419",0.108,2.29646055632875,0.774193548387097,0.394388294385247,0.740740740740741,0.883333333333333,1,0.666666666666667,0,0.333333333333333,3,0
"1420",0.14,2.70647093677229,0.806451612903226,0.376674804509642,0.727272727272727,0.864285714285714,0.8,0.80952380952381,0.2,0.19047619047619,4.2,0.247058823529412
"1421",0.545,6.72508155385045,0.870967741935484,0.359065417631564,0.777777777777778,0.863636363636364,0.777777777777778,0.909090909090909,0.222222222222222,0.0909090909090909,8.55555555555555,0.244444444444444
"1422",0.7515,9.6043621316745,0.935483870967742,0.300601444084799,0.8,0.853333333333333,0.666666666666667,1,0.333333333333333,0,Inf,0.333333333333333
"1423",0.077,2.07382780869206,0.67741935483871,0.462550083951756,0.722222222222222,0.790598290598291,1,0.444444444444444,0,0.555555555555556,1.8,0
"1424",0.648,7.2440629032539,0.870967741935484,0.382360978897438,0.714285714285714,0.845238095238095,0.714285714285714,0.916666666666667,0.285714285714286,0.0833333333333334,8.57142857142857,0.311688311688312
"1425",0.257,4.12434148259517,0.806451612903226,0.38272793508698,0.625,0.845238095238095,0.714285714285714,0.833333333333333,0.285714285714286,0.166666666666667,4.28571428571429,0.342857142857143
"1426",0.2165,4.20354660236932,0.870967741935484,0.375504245908754,0.8,0.880952380952381,0.8,0.904761904761905,0.2,0.0952380952380952,8.4,0.221052631578947
"1427",0.159,2.85076149431407,0.806451612903226,0.385105187481163,0.727272727272727,0.888888888888889,0.888888888888889,0.772727272727273,0.111111111111111,0.227272727272727,3.91111111111111,0.143790849673203
"1428",0.1595,2.87391700878885,0.903225806451613,0.361279734669776,0.869565217391304,0.938095238095238,1,0.857142857142857,0,0.142857142857143,7,0
"1429",0.2205,3.91954695283712,0.935483870967742,0.328325930208448,0.909090909090909,0.971428571428571,1,0.904761904761905,0,0.0952380952380952,10.5,0
"1430",0.4505,5.74769160941349,0.806451612903226,0.393189325618351,0.727272727272727,0.857142857142857,0.8,0.80952380952381,0.2,0.19047619047619,4.2,0.247058823529412
"1431",0.4585,6.25540209195505,0.903225806451613,0.3001799831493,0.823529411764706,0.934782608695652,0.875,0.91304347826087,0.125,0.0869565217391305,10.0625,0.136904761904762
"1432",0.552,7.69778864695615,0.838709677419355,0.362218680646886,0.736842105263158,0.872727272727273,0.636363636363636,0.95,0.363636363636364,0.05,12.7272727272727,0.382775119617225
"1433",0.239,4.12578884366386,0.903225806451613,0.306366964351711,0.842105263157895,0.911616161616162,0.888888888888889,0.909090909090909,0.111111111111111,0.0909090909090909,9.77777777777777,0.122222222222222
"1434",0.2295,3.97284813154206,0.774193548387097,0.395765866600451,0.666666666666667,0.820707070707071,0.777777777777778,0.772727272727273,0.222222222222222,0.227272727272727,3.42222222222222,0.287581699346405
"1435",0.1095,2.80273798922819,0.806451612903226,0.440321020973793,0.769230769230769,0.824786324786325,0.769230769230769,0.833333333333333,0.230769230769231,0.166666666666667,4.61538461538462,0.276923076923077
"1436",0.199,4.10314353582324,0.741935483870968,0.455642952157515,0.666666666666667,0.75,0.727272727272727,0.75,0.272727272727273,0.25,2.90909090909091,0.363636363636364
"1437",0.4305,6.36048353337626,0.903225806451613,0.320104619551739,0.823529411764706,0.914141414141414,0.777777777777778,0.954545454545455,0.222222222222222,0.0454545454545454,17.1111111111111,0.232804232804233
"1438",0.2365,3.86678674098763,0.870967741935484,0.353202340114517,0.8,0.907608695652174,1,0.826086956521739,0,0.173913043478261,5.75,0
"1439",0.1355,2.65113699513613,0.806451612903226,0.371578797065098,0.785714285714286,0.879385964912281,0.916666666666667,0.736842105263158,0.0833333333333334,0.263157894736842,3.48333333333333,0.113095238095238
"1440",0.535,6.49234398920224,0.870967741935484,0.367567600156628,0.777777777777778,0.840909090909091,0.777777777777778,0.909090909090909,0.222222222222222,0.0909090909090909,8.55555555555555,0.244444444444444
"1441",0.3705,5.33724315338728,0.903225806451613,0.291583728515992,0.8,0.93452380952381,0.857142857142857,0.916666666666667,0.142857142857143,0.0833333333333334,10.2857142857143,0.155844155844156
"1442",0.5725,7.64080969912569,0.838709677419355,0.369009951230428,0.705882352941177,0.847619047619048,0.6,0.952380952380952,0.4,0.0476190476190477,12.6,0.42
"1443",0.23,4.20061003511164,0.935483870967742,0.331897142186734,0.857142857142857,0.940217391304348,0.75,1,0.25,0,Inf,0.25
"1444",0.519,7.34693668498476,0.935483870967742,0.276462433787501,0.833333333333333,0.919642857142857,0.714285714285714,1,0.285714285714286,0,Inf,0.285714285714286
"1445",0.7345,8.63489035064542,0.935483870967742,0.307173216667932,0.8,0.946153846153846,0.8,0.961538461538462,0.2,0.0384615384615384,20.8,0.208
"1446",0.2945,4.62943936679847,0.935483870967742,0.295259612120469,0.875,0.96195652173913,0.875,0.956521739130435,0.125,0.0434782608695652,20.125,0.130681818181818
"1447",0.1615,2.74966970235844,0.774193548387097,0.384703136323593,0.631578947368421,0.81547619047619,0.857142857142857,0.75,0.142857142857143,0.25,3.42857142857143,0.190476190476191
"1448",0.39,5.55532666345529,0.838709677419355,0.377061133092973,0.705882352941177,0.845959595959596,0.666666666666667,0.909090909090909,0.333333333333333,0.0909090909090909,7.33333333333333,0.366666666666667
"1449",0.158,2.84817358822566,0.806451612903226,0.371465226649774,0.727272727272727,0.861111111111111,0.888888888888889,0.772727272727273,0.111111111111111,0.227272727272727,3.91111111111111,0.143790849673203
"1450",0.105,2.29801420304977,0.774193548387097,0.409327145637224,0.758620689655172,0.835526315789474,0.916666666666667,0.684210526315789,0.0833333333333334,0.315789473684211,2.90277777777778,0.121794871794872
"1451",0.1435,2.6005835183996,0.870967741935484,0.364009015262431,0.833333333333333,0.928571428571429,1,0.80952380952381,0,0.19047619047619,5.25,0
"1452",0.326,5.02739547411699,0.838709677419355,0.350117511994403,0.705882352941177,0.883152173913043,0.75,0.869565217391304,0.25,0.130434782608696,5.75,0.2875
"1453",0.262,4.18306385854282,0.838709677419355,0.338930118436147,0.761904761904762,0.868686868686869,0.888888888888889,0.818181818181818,0.111111111111111,0.181818181818182,4.88888888888889,0.135802469135803
"1454",0.79,9.55217421367229,0.903225806451613,0.327825590706151,0.769230769230769,0.916666666666667,0.714285714285714,0.958333333333333,0.285714285714286,0.0416666666666666,17.1428571428572,0.298136645962733
"1455",0.218,4.21043361389464,0.870967741935484,0.363347774456362,0.714285714285714,0.842391304347826,0.625,0.956521739130435,0.375,0.0434782608695652,14.375,0.392045454545455
"1456",0.1555,2.8735815972699,0.806451612903226,0.373030392565606,0.75,0.885714285714286,0.9,0.761904761904762,0.1,0.238095238095238,3.78,0.13125
"1457",0.114,2.35035182609476,0.741935483870968,0.402126516423116,0.666666666666667,0.85054347826087,1,0.652173913043478,0,0.347826086956522,2.875,0
"1458",0.191,4.13410415631436,0.870967741935484,0.399486434658545,0.866666666666667,0.902083333333333,0.866666666666667,0.875,0.133333333333333,0.125,6.93333333333333,0.152380952380952
"1459",0.1355,2.58133769974706,0.806451612903226,0.381292644013853,0.75,0.886363636363636,1,0.727272727272727,0,0.272727272727273,3.66666666666667,0
"1460",0.919,10.8461352661885,0.935483870967742,0.361819628736055,0.75,0.938461538461538,0.6,1,0.4,0,Inf,0.4
"1461",0.494,6.9480916022656,0.870967741935484,0.355439894722118,0.75,0.893939393939394,0.666666666666667,0.954545454545455,0.333333333333333,0.0454545454545454,14.6666666666667,0.349206349206349
"1462",0.18,2.84906306027892,0.806451612903226,0.3485002145942,0.727272727272727,0.902173913043478,1,0.739130434782609,0,0.260869565217391,3.83333333333333,0
"1463",0.335,4.62274819707263,0.903225806451613,0.302286968032846,0.8,0.946666666666667,1,0.88,0,0.12,8.33333333333333,0
"1464",0.8825,9.78088469805234,0.870967741935484,0.399476891269963,0.75,0.904040404040404,0.666666666666667,0.954545454545455,0.333333333333333,0.0454545454545454,14.6666666666667,0.349206349206349
"1465",0.272,4.61216039759096,0.806451612903226,0.370998544296166,0.7,0.815656565656566,0.777777777777778,0.818181818181818,0.222222222222222,0.181818181818182,4.27777777777778,0.271604938271605
"1466",0.2435,4.15621620463607,0.774193548387097,0.398802311168418,0.740740740740741,0.847727272727273,0.909090909090909,0.7,0.0909090909090909,0.3,3.03030303030303,0.12987012987013
"1467",0.4455,6.9504908180339,0.903225806451613,0.330687237080907,0.842105263157895,0.911363636363636,0.727272727272727,1,0.272727272727273,0,Inf,0.272727272727273
"1468",0.3745,5.5510788617327,0.935483870967742,0.279919883798158,0.857142857142857,0.964285714285714,0.857142857142857,0.958333333333333,0.142857142857143,0.0416666666666666,20.5714285714286,0.149068322981366
"1469",0.4025,5.74975178003987,0.935483870967742,0.266457606742194,0.857142857142857,0.931547619047619,0.857142857142857,0.958333333333333,0.142857142857143,0.0416666666666666,20.5714285714286,0.149068322981366
"1470",0.221,4.13103576678208,0.806451612903226,0.423623717403526,0.75,0.818181818181818,0.818181818181818,0.8,0.181818181818182,0.2,4.09090909090909,0.227272727272727
"1471",0.2365,4.14816382028445,0.903225806451613,0.343965423780157,0.857142857142857,0.928571428571429,0.9,0.904761904761905,0.1,0.0952380952380952,9.45,0.110526315789474
"1472",0.1695,2.85148845926443,0.838709677419355,0.363497149409351,0.782608695652174,0.914141414141414,1,0.772727272727273,0,0.227272727272727,4.4,0
"1473",0.1845,3.92924081905756,0.838709677419355,0.395154678129257,0.782608695652174,0.87280701754386,0.75,0.894736842105263,0.25,0.105263157894737,7.125,0.279411764705882
"1474",0.1175,2.85345641790779,0.806451612903226,0.41840131523165,0.75,0.835526315789474,0.75,0.842105263157895,0.25,0.157894736842105,4.75,0.296875
"1475",0.776,8.84354081505826,0.870967741935484,0.36285315766187,0.714285714285714,0.883152173913043,0.625,0.956521739130435,0.375,0.0434782608695652,14.375,0.392045454545455
"1476",0.254,4.41890309957029,0.903225806451613,0.320383825453665,0.769230769230769,0.916666666666667,0.714285714285714,0.958333333333333,0.285714285714286,0.0416666666666666,17.1428571428572,0.298136645962733
"1477",0.8395,10.2870816661763,0.935483870967742,0.332528056893154,0.8,0.913333333333333,0.666666666666667,1,0.333333333333333,0,Inf,0.333333333333333
"1478",0.144,2.85748834048979,0.806451612903226,0.383633010169625,0.75,0.876190476190476,0.9,0.761904761904762,0.1,0.238095238095238,3.78,0.13125
"1479",0.2125,3.87127662499176,0.838709677419355,0.402077455079615,0.761904761904762,0.808080808080808,0.888888888888889,0.818181818181818,0.111111111111111,0.181818181818182,4.88888888888889,0.135802469135803
"1480",0.0905,2.30102984069704,0.806451612903226,0.46705623641274,0.785714285714286,0.818181818181818,1,0.7,0,0.3,3.33333333333333,0
"1481",0.2525,4.12388823415914,0.903225806451613,0.338402724105238,0.8,0.928571428571429,0.857142857142857,0.916666666666667,0.142857142857143,0.0833333333333334,10.2857142857143,0.155844155844156
"1482",0.16,2.85091085989668,0.806451612903226,0.365392917043152,0.769230769230769,0.9,1,0.714285714285714,0,0.285714285714286,3.5,0
"1483",0.279,5.02771152549493,0.903225806451613,0.343348085910001,0.857142857142857,0.902272727272727,0.818181818181818,0.95,0.181818181818182,0.05,16.3636363636363,0.191387559808612
"1484",0.1035,2.25367813301423,0.774193548387097,0.397720890560907,0.758620689655172,0.861842105263158,0.916666666666667,0.684210526315789,0.0833333333333334,0.315789473684211,2.90277777777778,0.121794871794872
"1485",0.241,4.63295639178157,0.935483870967742,0.346448378515387,0.888888888888889,0.933333333333333,0.8,1,0.2,0,Inf,0.2
"1486",0.8305,10.648051298877,0.935483870967742,0.294719111722042,0.875,0.946969696969697,0.777777777777778,1,0.222222222222222,0,Inf,0.222222222222222
"1487",0.0815,1.82854487728952,0.741935483870968,0.402385841738698,0.733333333333333,0.853070175438596,0.916666666666667,0.631578947368421,0.0833333333333334,0.368421052631579,2.48809523809524,0.131944444444445
"1488",0.2585,4.2050999270679,0.903225806451613,0.354915611569004,0.823529411764706,0.923913043478261,0.875,0.91304347826087,0.125,0.0869565217391305,10.0625,0.136904761904762
"1489",0.543,7.34516469848526,0.935483870967742,0.288951430912129,0.8,0.88,0.666666666666667,1,0.333333333333333,0,Inf,0.333333333333333
"1490",0.817,9.54598458856573,0.903225806451613,0.368717285177392,0.666666666666667,0.82,0.5,1,0.5,0,Inf,0.5
"1491",0.5925,7.69717817445888,0.903225806451613,0.320445590686996,0.823529411764706,0.934343434343434,0.777777777777778,0.954545454545455,0.222222222222222,0.0454545454545454,17.1111111111111,0.232804232804233
"1492",0.2545,4.37668134548086,0.903225806451613,0.326022231955136,0.8,0.896739130434783,0.75,0.956521739130435,0.25,0.0434782608695652,17.25,0.261363636363636
"1493",0.116,2.25024584599735,0.774193548387097,0.396520781537023,0.758620689655172,0.859090909090909,1,0.65,0,0.35,2.85714285714286,0
"1494",0.072,2.15654516125465,0.806451612903226,0.467735643442609,0.785714285714286,0.88034188034188,0.846153846153846,0.777777777777778,0.153846153846154,0.222222222222222,3.80769230769231,0.197802197802198
"1495",0.243,4.18199841110269,0.806451612903226,0.38944708192536,0.785714285714286,0.857456140350877,0.916666666666667,0.736842105263158,0.0833333333333334,0.263157894736842,3.48333333333333,0.113095238095238
"1496",0.1905,3.69948025555723,0.774193548387097,0.428810032497759,0.666666666666667,0.792857142857143,0.7,0.80952380952381,0.3,0.19047619047619,3.675,0.370588235294118
"1497",0.3005,4.95420362843173,0.870967741935484,0.367593438897069,0.75,0.847826086956522,0.75,0.91304347826087,0.25,0.0869565217391305,8.62499999999999,0.273809523809524
"1498",0.2765,4.37380246456674,0.870967741935484,0.370208713771729,0.8,0.858585858585859,0.888888888888889,0.863636363636364,0.111111111111111,0.136363636363636,6.51851851851852,0.128654970760234
"1499",0.2835,4.62710535504192,0.903225806451613,0.360163348646459,0.823529411764706,0.885869565217391,0.875,0.91304347826087,0.125,0.0869565217391305,10.0625,0.136904761904762
"1500",0.2965,4.69476847845652,0.903225806451613,0.278471562733015,0.842105263157895,0.94949494949495,0.888888888888889,0.909090909090909,0.111111111111111,0.0909090909090909,9.77777777777777,0.122222222222222
"1501",0.3005,4.60098086752923,0.903225806451613,0.30888361925828,0.842105263157895,0.951086956521739,1,0.869565217391304,0,0.130434782608696,7.66666666666667,0
"1502",0.82,10.2963274291678,0.935483870967742,0.312135990999289,0.666666666666667,0.87962962962963,0.5,1,0.5,0,Inf,0.5
"1503",0.495,6.95293023698626,0.903225806451613,0.311297499424276,0.8,0.883152173913043,0.75,0.956521739130435,0.25,0.0434782608695652,17.25,0.261363636363636
"1504",0.2995,4.37650191380199,0.870967741935484,0.360207564367166,0.777777777777778,0.918478260869565,0.875,0.869565217391304,0.125,0.130434782608696,6.70833333333333,0.14375
"1505",0.236,4.13211001804889,0.903225806451613,0.313983385934685,0.769230769230769,0.93452380952381,0.714285714285714,0.958333333333333,0.285714285714286,0.0416666666666666,17.1428571428572,0.298136645962733
"1506",0.5055,7.43924461163479,0.903225806451613,0.307799593086481,0.769230769230769,0.89945652173913,0.625,1,0.375,0,Inf,0.375
"1507",0.531,7.10429626045245,0.870967741935484,0.328923516967356,0.666666666666667,0.87797619047619,0.571428571428571,0.958333333333333,0.428571428571429,0.0416666666666666,13.7142857142857,0.447204968944099
"1508",0.347,5.55581604002377,0.870967741935484,0.366402026300432,0.666666666666667,0.875,0.571428571428571,0.958333333333333,0.428571428571429,0.0416666666666666,13.7142857142857,0.447204968944099
"1509",0.205,3.86874549815915,0.838709677419355,0.380480534647077,0.782608695652174,0.875,0.818181818181818,0.85,0.181818181818182,0.15,5.45454545454545,0.213903743315508
"1510",0.12,2.84809303473622,0.774193548387097,0.417353305005501,0.666666666666667,0.816666666666667,0.7,0.80952380952381,0.3,0.19047619047619,3.675,0.370588235294118
"1511",0.227,3.87279179055361,0.806451612903226,0.368794096146435,0.75,0.866666666666667,0.9,0.761904761904762,0.1,0.238095238095238,3.78,0.13125
"1512",0.081,1.82024260021868,0.741935483870968,0.418060976428475,0.764705882352941,0.837606837606838,1,0.555555555555556,0,0.444444444444444,2.25,0
"1513",0.1325,2.30479607513301,0.709677419354839,0.389212913173977,0.470588235294118,0.753846153846154,0.8,0.692307692307692,0.2,0.307692307692308,2.6,0.288888888888889
"1514",0.126,2.57781322889261,0.741935483870968,0.41126067047229,0.666666666666667,0.797979797979798,0.888888888888889,0.681818181818182,0.111111111111111,0.318181818181818,2.79365079365079,0.162962962962963
"1515",0.1005,2.4575954721586,0.774193548387097,0.44072333699617,0.740740740740741,0.845454545454545,0.909090909090909,0.7,0.0909090909090909,0.3,3.03030303030303,0.12987012987013
"1516",0.1645,4.20210629846728,0.838709677419355,0.432153878077514,0.705882352941177,0.829545454545455,0.545454545454545,1,0.454545454545455,0,Inf,0.454545454545455
"1517",0.216,3.92525210537727,0.741935483870968,0.459404912204176,0.636363636363636,0.754761904761905,0.7,0.761904761904762,0.3,0.238095238095238,2.94,0.39375
"1518",0.0995,2.30578631655922,0.774193548387097,0.441927195419833,0.758620689655172,0.831818181818182,1,0.65,0,0.35,2.85714285714286,0
"1519",0.1135,2.86071761799066,0.741935483870968,0.439383124295229,0.714285714285714,0.818376068376068,0.769230769230769,0.722222222222222,0.230769230769231,0.277777777777778,2.76923076923077,0.319526627218935
"1520",0.521,6.94792549177273,0.935483870967742,0.276983257615746,0.8,0.923076923076923,0.8,0.961538461538462,0.2,0.0384615384615384,20.8,0.208
"1521",0.112,2.30293894846621,0.741935483870968,0.421227792942249,0.692307692307692,0.814285714285714,0.9,0.666666666666667,0.1,0.333333333333333,2.7,0.15
"1522",0.4965,6.64888086269506,0.967741935483871,0.248044099618459,0.923076923076923,0.993333333333333,1,0.96,0,0.04,25,0
"1523",0.4485,5.75077595170987,0.838709677419355,0.369756091118831,0.666666666666667,0.845238095238095,0.714285714285714,0.875,0.285714285714286,0.125,5.71428571428571,0.326530612244898
"1524",0.1045,2.84534957839328,0.838709677419355,0.45138379420204,0.8,0.870614035087719,0.833333333333333,0.842105263157895,0.166666666666667,0.157894736842105,5.27777777777778,0.197916666666667
"1525",0.6045,7.24593650999301,0.838709677419355,0.39464381577756,0.705882352941177,0.823232323232323,0.666666666666667,0.909090909090909,0.333333333333333,0.0909090909090909,7.33333333333333,0.366666666666667
"1526",0.286,4.20568213405356,0.709677419354839,0.435284091419148,0.608695652173913,0.79040404040404,0.777777777777778,0.681818181818182,0.222222222222222,0.318181818181818,2.44444444444444,0.325925925925926
"1527",0.5645,7.24341447875229,0.935483870967742,0.291794935270334,0.833333333333333,0.953333333333333,0.833333333333333,0.96,0.166666666666667,0.04,20.8333333333333,0.173611111111111
"1528",0.2415,4.20569063317608,0.870967741935484,0.349901874339902,0.777777777777778,0.863636363636364,0.777777777777778,0.909090909090909,0.222222222222222,0.0909090909090909,8.55555555555555,0.244444444444444
"1529",0.548,7.24487564154158,0.935483870967742,0.296222140567766,0.888888888888889,0.931818181818182,0.888888888888889,0.954545454545455,0.111111111111111,0.0454545454545454,19.5555555555556,0.116402116402116
"1530",0.113,2.30027192993844,0.774193548387097,0.390754098105046,0.758620689655172,0.859649122807018,0.916666666666667,0.684210526315789,0.0833333333333334,0.315789473684211,2.90277777777778,0.121794871794872
"1531",0.2165,4.12942917882164,0.903225806451613,0.371892068404648,0.857142857142857,0.942857142857143,0.9,0.904761904761905,0.1,0.0952380952380952,9.45,0.110526315789474
"1532",0.1315,2.46481138205761,0.870967741935484,0.35723686493724,0.818181818181818,0.931818181818182,1,0.818181818181818,0,0.181818181818182,5.5,0
"1533",0.433,5.75036971983105,0.838709677419355,0.379379292991308,0.736842105263158,0.871212121212121,0.777777777777778,0.863636363636364,0.222222222222222,0.136363636363636,5.7037037037037,0.257309941520468
"1534",0.8045,10.5321022338735,0.903225806451613,0.306465183391672,0.8,0.934343434343434,0.666666666666667,1,0.333333333333333,0,Inf,0.333333333333333
"1535",0.235,4.15169901161237,0.935483870967742,0.334033659993107,0.888888888888889,0.929292929292929,0.888888888888889,0.954545454545455,0.111111111111111,0.0454545454545454,19.5555555555556,0.116402116402116
"1536",0.697,9.24306192535805,0.967741935483871,0.233975413570427,0.933333333333333,0.972826086956522,0.875,1,0.125,0,Inf,0.125
"1537",0.766,8.88927735696221,0.903225806451613,0.3371113806952,0.727272727272727,0.92,0.666666666666667,0.96,0.333333333333333,0.04,16.6666666666667,0.347222222222222
"1538",0.306,4.61175418367815,0.806451612903226,0.391622196521716,0.75,0.854761904761905,0.9,0.761904761904762,0.1,0.238095238095238,3.78,0.13125
"1539",0.2235,4.18135282251348,0.935483870967742,0.344299386026931,0.909090909090909,0.959090909090909,0.909090909090909,0.95,0.0909090909090909,0.05,18.1818181818182,0.0956937799043063
"1540",0.2655,4.15786140123693,0.870967741935484,0.332354162047959,0.818181818181818,0.931818181818182,1,0.818181818181818,0,0.181818181818182,5.5,0
"1541",0.2235,4.4094316008694,0.935483870967742,0.357651840972054,0.923076923076923,0.948717948717949,0.923076923076923,0.944444444444444,0.0769230769230769,0.0555555555555556,16.6153846153846,0.0814479638009049
"1542",0.11,2.78216950681207,0.838709677419355,0.443102015347246,0.814814814814815,0.884615384615385,0.846153846153846,0.833333333333333,0.153846153846154,0.166666666666667,5.07692307692308,0.184615384615385
"1543",0.1145,2.64995308893786,0.741935483870968,0.438038669620766,0.692307692307692,0.795238095238095,0.9,0.666666666666667,0.1,0.333333333333333,2.7,0.15
"1544",0.283,4.18277704335547,0.903225806451613,0.307484857177597,0.8,0.946666666666667,1,0.88,0,0.12,8.33333333333333,0
"1545",0.0995,1.82747513978754,0.806451612903226,0.385788090230987,0.8,0.912280701754386,1,0.684210526315789,0,0.315789473684211,3.16666666666667,0
"1546",0.242,4.60271707595482,0.935483870967742,0.333996037621925,0.9,0.931818181818182,0.818181818181818,1,0.181818181818182,0,Inf,0.181818181818182
"1547",0.297,5.02927322115311,0.806451612903226,0.384728905758826,0.666666666666667,0.80050505050505,0.666666666666667,0.863636363636364,0.333333333333333,0.136363636363636,4.88888888888889,0.385964912280702
"1548",0.3825,5.59991888621034,0.838709677419355,0.324631917059188,0.615384615384615,0.880952380952381,0.571428571428571,0.916666666666667,0.428571428571429,0.0833333333333334,6.85714285714285,0.467532467532468
"1549",0.12,2.64738687814475,0.806451612903226,0.387701819305995,0.7,0.845959595959596,0.777777777777778,0.818181818181818,0.222222222222222,0.181818181818182,4.27777777777778,0.271604938271605
"1550",0.2175,3.79491347923548,0.903225806451613,0.356627931589986,0.823529411764706,0.902173913043478,0.875,0.91304347826087,0.125,0.0869565217391305,10.0625,0.136904761904762
"1551",0.2445,4.61582446518501,0.870967741935484,0.35805175067321,0.777777777777778,0.904761904761905,0.7,0.952380952380952,0.3,0.0476190476190477,14.7,0.315
"1552",0.1695,2.84525693776551,0.806451612903226,0.382055424389233,0.666666666666667,0.853333333333333,1,0.76,0,0.24,4.16666666666667,0
"1553",0.8265,9.5941062390304,0.935483870967742,0.359440672823317,0.833333333333333,0.910714285714286,0.714285714285714,1,0.285714285714286,0,Inf,0.285714285714286
"1554",0.146,2.84785767881419,0.838709677419355,0.370879259366545,0.8,0.914473684210526,0.833333333333333,0.842105263157895,0.166666666666667,0.157894736842105,5.27777777777778,0.197916666666667
"1555",0.4675,7.2505177496991,0.870967741935484,0.327259849321249,0.818181818181818,0.927631578947368,0.75,0.947368421052632,0.25,0.0526315789473685,14.25,0.263888888888889
"1556",0.547,7.69861652497306,0.903225806451613,0.331030261789956,0.823529411764706,0.89047619047619,0.7,1,0.3,0,Inf,0.3
"1557",0.3975,6.50834469019375,0.935483870967742,0.306918309962182,0.9,0.931818181818182,0.818181818181818,1,0.181818181818182,0,Inf,0.181818181818182
"1558",0.2445,4.1809753455506,0.903225806451613,0.325033285899403,0.857142857142857,0.94047619047619,0.9,0.904761904761905,0.1,0.0952380952380952,9.45,0.110526315789474
"1559",0.574,7.24536842115697,0.870967741935484,0.347976576077158,0.75,0.872282608695652,0.75,0.91304347826087,0.25,0.0869565217391305,8.62499999999999,0.273809523809524
"1560",0.213,4.17996977763477,0.741935483870968,0.435946918829305,0.636363636363636,0.771428571428571,0.7,0.761904761904762,0.3,0.238095238095238,2.94,0.39375
"1561",0.1995,3.8731427110175,0.838709677419355,0.360320596783323,0.761904761904762,0.897619047619048,0.8,0.857142857142857,0.2,0.142857142857143,5.6,0.233333333333333
"1562",0.5145,6.95068783811004,0.870967741935484,0.341977935217195,0.833333333333333,0.934210526315789,0.833333333333333,0.894736842105263,0.166666666666667,0.105263157894737,7.91666666666667,0.186274509803922
"1563",0.0825,2.3501324364536,0.806451612903226,0.444425972124623,0.727272727272727,0.838095238095238,0.8,0.80952380952381,0.2,0.19047619047619,4.2,0.247058823529412
"1564",0.095,1.99604410146625,0.67741935483871,0.400270755946207,0.615384615384615,0.782828282828283,0.888888888888889,0.590909090909091,0.111111111111111,0.409090909090909,2.17283950617284,0.188034188034188
"1565",0.147,2.76028028877093,0.774193548387097,0.382279144122789,0.758620689655172,0.884090909090909,1,0.65,0,0.35,2.85714285714286,0
"1566",0.145,2.8679994315858,0.838709677419355,0.37600295141973,0.736842105263158,0.833333333333333,0.777777777777778,0.863636363636364,0.222222222222222,0.136363636363636,5.7037037037037,0.257309941520468
"1567",0.387,5.26683741964052,0.870967741935484,0.319143084890461,0.714285714285714,0.89,0.833333333333333,0.88,0.166666666666667,0.12,6.94444444444444,0.189393939393939
"1568",0.4275,5.75070690842388,0.838709677419355,0.346312065912759,0.615384615384615,0.82,0.666666666666667,0.88,0.333333333333333,0.12,5.55555555555556,0.378787878787879
"1569",0.2395,4.9602469267238,0.838709677419355,0.391501410794336,0.782608695652174,0.867521367521368,0.692307692307692,0.944444444444444,0.307692307692308,0.0555555555555556,12.4615384615385,0.32579185520362
"1570",0.3365,5.0253509462716,0.903225806451613,0.280837919445371,0.769230769230769,0.953333333333333,0.833333333333333,0.92,0.166666666666667,0.08,10.4166666666667,0.181159420289855
"1571",0.9425,9.59562955839624,0.838709677419355,0.465819668106299,0.615384615384615,0.6875,0.571428571428571,0.916666666666667,0.428571428571429,0.0833333333333334,6.85714285714285,0.467532467532468
"1572",0.2405,4.12231621830118,0.806451612903226,0.371396728856004,0.727272727272727,0.868686868686869,0.888888888888889,0.772727272727273,0.111111111111111,0.227272727272727,3.91111111111111,0.143790849673203
"1573",0.0905,1.83416144247976,0.709677419354839,0.447811379217921,0.742857142857143,0.807692307692308,1,0.5,0,0.5,2,0
"1574",0.536,7.67755765577494,0.903225806451613,0.31081939284533,0.727272727272727,0.87797619047619,0.571428571428571,1,0.428571428571429,0,Inf,0.428571428571429
"1575",0.096,1.82482665446259,0.645161290322581,0.425269634205247,0.592592592592593,0.798913043478261,1,0.521739130434783,0,0.478260869565217,2.09090909090909,0
"1576",0.5065,6.94920413073625,0.903225806451613,0.304200822742957,0.823529411764706,0.926630434782609,0.875,0.91304347826087,0.125,0.0869565217391305,10.0625,0.136904761904762
"1577",0.1595,2.87727798414821,0.709677419354839,0.419505592202085,0.608695652173913,0.793478260869565,0.875,0.652173913043478,0.125,0.347826086956522,2.515625,0.191666666666667
"1578",0.208,3.57567408543753,0.806451612903226,0.361942900969819,0.727272727272727,0.883838383838384,0.888888888888889,0.772727272727273,0.111111111111111,0.227272727272727,3.91111111111111,0.143790849673203
"1579",0.1095,2.64814652233612,0.774193548387097,0.422807925591485,0.72,0.828571428571429,0.9,0.714285714285714,0.1,0.285714285714286,3.15,0.14
"1580",0.276,4.62581574959655,0.870967741935484,0.336170165427788,0.75,0.855978260869565,0.75,0.91304347826087,0.25,0.0869565217391305,8.62499999999999,0.273809523809524
"1581",0.203,3.91482244438547,0.838709677419355,0.364164816263334,0.705882352941177,0.856060606060606,0.666666666666667,0.909090909090909,0.333333333333333,0.0909090909090909,7.33333333333333,0.366666666666667
"1582",0.3835,5.74604353054991,0.870967741935484,0.336492967295437,0.777777777777778,0.915760869565217,0.875,0.869565217391304,0.125,0.130434782608696,6.70833333333333,0.14375
"1583",0.418,6.36074223419488,0.935483870967742,0.272768598975279,0.888888888888889,0.972222222222222,0.888888888888889,0.954545454545455,0.111111111111111,0.0454545454545454,19.5555555555556,0.116402116402116
"1584",0.097,1.98162310132129,0.67741935483871,0.437631340114121,0.642857142857143,0.795454545454545,1,0.545454545454545,0,0.454545454545455,2.2,0
"1585",0.5545,6.49193095169237,0.903225806451613,0.326605499512749,0.823529411764706,0.93452380952381,1,0.875,0,0.125,8,0
"1586",0.24,4.12714169415476,0.870967741935484,0.35424390676764,0.8,0.871212121212121,0.888888888888889,0.863636363636364,0.111111111111111,0.136363636363636,6.51851851851852,0.128654970760234
"1587",0.7305,8.29029177784134,0.903225806451613,0.362447454547598,0.727272727272727,0.796666666666667,0.666666666666667,0.96,0.333333333333333,0.04,16.6666666666667,0.347222222222222
"1588",0.6005,7.8522289826982,0.967741935483871,0.251551094410112,0.857142857142857,0.925925925925926,0.75,1,0.25,0,Inf,0.25
"1589",0.3065,4.61780636102147,0.935483870967742,0.275036976701685,0.857142857142857,0.963333333333333,1,0.92,0,0.08,12.5,0
"1590",0.1675,3.75944547468767,0.870967741935484,0.393562460368323,0.833333333333333,0.882478632478632,0.769230769230769,0.944444444444444,0.230769230769231,0.0555555555555556,13.8461538461538,0.244343891402715
"1591",0.615,7.70194480456703,0.870967741935484,0.36520489799027,0.714285714285714,0.809782608695652,0.625,0.956521739130435,0.375,0.0434782608695652,14.375,0.392045454545455
"1592",0.281,4.9550627523495,0.806451612903226,0.417045066881845,0.75,0.842105263157895,0.75,0.842105263157895,0.25,0.157894736842105,4.75,0.296875
"1593",0.6625,8.63736013544283,0.903225806451613,0.348165139235814,0.769230769230769,0.801630434782609,0.625,1,0.375,0,Inf,0.375
"1594",0.3635,4.62446792688426,0.870967741935484,0.362303244468084,0.75,0.92,1,0.84,0,0.16,6.25,0
"1595",0.2535,4.24270777188749,0.774193548387097,0.370625520780665,0.666666666666667,0.835858585858586,0.777777777777778,0.772727272727273,0.222222222222222,0.227272727272727,3.42222222222222,0.287581699346405
"1596",0.5775,7.21295689546295,0.870967741935484,0.328268404727881,0.666666666666667,0.89,0.666666666666667,0.92,0.333333333333333,0.08,8.33333333333334,0.36231884057971
"1597",0.221,4.15899301107435,0.870967741935484,0.371889538364366,0.777777777777778,0.871212121212121,0.777777777777778,0.909090909090909,0.222222222222222,0.0909090909090909,8.55555555555555,0.244444444444444
"1598",0.3475,5.74989427779578,0.870967741935484,0.358164954736793,0.714285714285714,0.831521739130435,0.625,0.956521739130435,0.375,0.0434782608695652,14.375,0.392045454545455
"1599",0.1965,4.65217800818723,0.774193548387097,0.477406178221861,0.695652173913043,0.767543859649123,0.666666666666667,0.842105263157895,0.333333333333333,0.157894736842105,4.22222222222222,0.395833333333333
"1600",0.4575,6.95593560230146,0.903225806451613,0.323660915066678,0.857142857142857,0.879545454545455,0.818181818181818,0.95,0.181818181818182,0.05,16.3636363636363,0.191387559808612
"1601",0.299,4.95402404474912,0.838709677419355,0.352807324775219,0.615384615384615,0.767857142857143,0.571428571428571,0.916666666666667,0.428571428571429,0.0833333333333334,6.85714285714285,0.467532467532468
"1602",0.2875,4.14981825408976,0.774193548387097,0.373915255358623,0.588235294117647,0.853333333333333,0.833333333333333,0.76,0.166666666666667,0.24,3.47222222222222,0.219298245614035
"1603",0.179,3.92688323730207,0.838709677419355,0.39982834405942,0.761904761904762,0.888636363636364,0.727272727272727,0.9,0.272727272727273,0.1,7.27272727272727,0.303030303030303
"1604",0.105,2.2950651203207,0.645161290322581,0.444063333237487,0.645161290322581,0.75,0.909090909090909,0.5,0.0909090909090909,0.5,1.81818181818182,0.181818181818182
"1605",0.1545,2.80472679700723,0.774193548387097,0.392291274295676,0.774193548387097,0.87280701754386,1,0.631578947368421,0,0.368421052631579,2.71428571428571,0
"1606",0.5245,7.52996997133701,0.935483870967742,0.268297254596657,0.833333333333333,0.964285714285714,0.714285714285714,1,0.285714285714286,0,Inf,0.285714285714286
"1607",0.64,8.63969301569215,0.903225806451613,0.329905576383749,0.8,0.904040404040404,0.666666666666667,1,0.333333333333333,0,Inf,0.333333333333333
"1608",0.1025,2.65046671160472,0.806451612903226,0.422840353819059,0.727272727272727,0.864285714285714,0.8,0.80952380952381,0.2,0.19047619047619,4.2,0.247058823529412
"1609",0.16,2.83361785132633,0.870967741935484,0.329038869744832,0.818181818181818,0.921428571428571,0.9,0.857142857142857,0.1,0.142857142857143,6.3,0.116666666666667
"1610",0.1525,2.35245673821781,0.709677419354839,0.383249853016063,0.571428571428571,0.833333333333333,1,0.64,0,0.36,2.77777777777778,0
"1611",0.089,2.80360955034875,0.806451612903226,0.498861481063261,0.769230769230769,0.81359649122807,0.833333333333333,0.789473684210526,0.166666666666667,0.210526315789474,3.95833333333333,0.211111111111111
"1612",0.1505,2.57564401343773,0.709677419354839,0.381577950232325,0.64,0.831521739130435,1,0.608695652173913,0,0.391304347826087,2.55555555555556,0
"1613",0.557,7.24929844620028,0.903225806451613,0.308386287162413,0.842105263157895,0.946969696969697,0.888888888888889,0.909090909090909,0.111111111111111,0.0909090909090909,9.77777777777777,0.122222222222222
"1614",0.39,6.36491087055105,0.903225806451613,0.334333412838421,0.842105263157895,0.875,0.727272727272727,1,0.272727272727273,0,Inf,0.272727272727273
"1615",0.1455,2.4543838134238,0.870967741935484,0.341055855533475,0.846153846153846,0.95,1,0.8,0,0.2,5,0
"1616",0.529,7.04401987961876,0.870967741935484,0.351125000208892,0.666666666666667,0.842261904761905,0.571428571428571,0.958333333333333,0.428571428571429,0.0416666666666666,13.7142857142857,0.447204968944099
"1617",0.2395,4.61863530170018,0.838709677419355,0.368363991998061,0.761904761904762,0.863636363636364,0.727272727272727,0.9,0.272727272727273,0.1,7.27272727272727,0.303030303030303
"1618",0.549,6.95084831843822,0.806451612903226,0.414314398173265,0.7,0.813636363636364,0.636363636363636,0.9,0.363636363636364,0.1,6.36363636363637,0.404040404040404
"1619",0.2215,3.87187911419879,0.838709677419355,0.336309910098351,0.705882352941177,0.85054347826087,0.75,0.869565217391304,0.25,0.130434782608696,5.75,0.2875
"1620",0.169,3.87342908064771,0.870967741935484,0.404752274974008,0.818181818181818,0.883771929824561,0.75,0.947368421052632,0.25,0.0526315789473685,14.25,0.263888888888889
"1621",0.2455,5.02195615563833,0.870967741935484,0.397348856190586,0.846153846153846,0.880252100840336,0.785714285714286,0.941176470588235,0.214285714285714,0.0588235294117647,13.3571428571429,0.227678571428571
"1622",0.298,4.96291773396787,0.870967741935484,0.3487696919377,0.818181818181818,0.881818181818182,0.818181818181818,0.9,0.181818181818182,0.1,8.18181818181818,0.202020202020202
"1623",0.371,5.74618006212149,0.903225806451613,0.330170464922459,0.842105263157895,0.923809523809524,0.8,0.952380952380952,0.2,0.0476190476190477,16.8,0.21
"1624",0.1225,2.75121863385565,0.838709677419355,0.396835360740013,0.827586206896552,0.880252100840336,0.857142857142857,0.823529411764706,0.142857142857143,0.176470588235294,4.85714285714286,0.173469387755102
"1625",0.2375,4.15186836168424,0.774193548387097,0.421739129279208,0.72,0.813636363636364,0.818181818181818,0.75,0.181818181818182,0.25,3.27272727272727,0.242424242424242
"1626",0.533,5.74800430383622,0.806451612903226,0.407797759075664,0.625,0.833333333333333,0.833333333333333,0.8,0.166666666666667,0.2,4.16666666666667,0.208333333333333
"1627",0.9145,10.4562966015703,0.967741935483871,0.374431288904019,0.8,0.755952380952381,0.666666666666667,1,0.333333333333333,0,Inf,0.333333333333333
"1628",0.6705,8.30635568732978,0.838709677419355,0.385720195656119,0.666666666666667,0.78030303030303,0.555555555555556,0.954545454545455,0.444444444444444,0.0454545454545454,12.2222222222222,0.465608465608466
"1629",0.1175,2.65516733870538,0.774193548387097,0.423893082883,0.72,0.795238095238095,0.9,0.714285714285714,0.1,0.285714285714286,3.15,0.14
"1630",0.2085,4.20642150613893,0.806451612903226,0.389447413539837,0.8,0.880252100840336,0.857142857142857,0.764705882352941,0.142857142857143,0.235294117647059,3.64285714285714,0.186813186813187
"1631",0.131,2.84596552295422,0.903225806451613,0.415411648150755,0.896551724137931,0.957983193277311,0.928571428571429,0.882352941176471,0.0714285714285714,0.117647058823529,7.89285714285714,0.0809523809523809
"1632",0.4205,5.55133444223847,0.838709677419355,0.381861910729744,0.705882352941177,0.864130434782609,0.75,0.869565217391304,0.25,0.130434782608696,5.75,0.2875
"1633",0.4505,7.24907975051313,0.870967741935484,0.345060201248756,0.8,0.909090909090909,0.727272727272727,0.95,0.272727272727273,0.05,14.5454545454545,0.287081339712919
"1634",0.239,4.2000597319801,1,0.29570286062685,1,1,1,1,0,0,Inf,0
"1635",0.8845,11.4022250072656,0.935483870967742,0.308702479220269,0.833333333333333,0.872023809523809,0.714285714285714,1,0.285714285714286,0,Inf,0.285714285714286
"1636",0.1665,2.83229027993965,0.838709677419355,0.340536928811085,0.838709677419355,0.935897435897436,1,0.722222222222222,0,0.277777777777778,3.6,0
"1637",0.3125,5.02991209514959,0.870967741935484,0.343403495453492,0.75,0.89945652173913,0.75,0.91304347826087,0.25,0.0869565217391305,8.62499999999999,0.273809523809524
"1638",0.2415,4.14996615585352,0.806451612903226,0.381668810372412,0.769230769230769,0.872727272727273,0.909090909090909,0.75,0.0909090909090909,0.25,3.63636363636364,0.121212121212121
"1639",0.2365,3.86946006910759,0.870967741935484,0.367220823689975,0.8,0.907608695652174,1,0.826086956521739,0,0.173913043478261,5.75,0
"1640",0.16,2.59864302965188,0.903225806451613,0.311085229246245,0.869565217391304,0.959523809523809,1,0.857142857142857,0,0.142857142857143,7,0
"1641",0.478,6.95393250352101,0.870967741935484,0.356085712301362,0.8,0.870454545454545,0.727272727272727,0.95,0.272727272727273,0.05,14.5454545454545,0.287081339712919
"1642",0.212,3.9147070376544,0.903225806451613,0.33760762999594,0.823529411764706,0.916666666666667,0.777777777777778,0.954545454545455,0.222222222222222,0.0454545454545454,17.1111111111111,0.232804232804233
"1643",0.2235,4.39624543274907,0.774193548387097,0.43782014685721,0.740740740740741,0.801282051282051,0.769230769230769,0.777777777777778,0.230769230769231,0.222222222222222,3.46153846153846,0.296703296703297
"1644",0.346,5.26777088436542,0.967741935483871,0.248486147014347,0.909090909090909,0.973333333333333,0.833333333333333,1,0.166666666666667,0,Inf,0.166666666666667
"1645",0.2095,4.17864696735053,0.838709677419355,0.374528948729484,0.761904761904762,0.859090909090909,0.727272727272727,0.9,0.272727272727273,0.1,7.27272727272727,0.303030303030303
"1646",0.0925,1.81465045564853,0.741935483870968,0.404043148088036,0.666666666666667,0.834239130434783,1,0.652173913043478,0,0.347826086956522,2.875,0
"1647",0.1505,2.77651793174145,0.741935483870968,0.40330635501727,0.636363636363636,0.820652173913043,0.875,0.695652173913043,0.125,0.304347826086957,2.875,0.1796875
"1648",0.1295,2.60019709267175,0.741935483870968,0.416758629113728,0.733333333333333,0.840909090909091,1,0.6,0,0.4,2.5,0
"1649",0.12,2.6498230939992,0.774193548387097,0.420211834716413,0.740740740740741,0.836363636363636,0.909090909090909,0.7,0.0909090909090909,0.3,3.03030303030303,0.12987012987013
"1650",0.271,3.92652135648704,0.774193548387097,0.371705424589347,0.461538461538462,0.652777777777778,0.75,0.777777777777778,0.25,0.222222222222222,3.375,0.321428571428571
"1651",0.8605,10.4732896980657,0.903225806451613,0.323262554078639,0.8,0.940217391304348,0.75,0.956521739130435,0.25,0.0434782608695652,17.25,0.261363636363636
"1652",0.191,3.86749893431476,0.903225806451613,0.378631603042336,0.842105263157895,0.9,0.8,0.952380952380952,0.2,0.0476190476190477,16.8,0.21
"1653",0.239,3.91240563115607,0.903225806451613,0.319308395318232,0.8,0.946428571428571,0.857142857142857,0.916666666666667,0.142857142857143,0.0833333333333334,10.2857142857143,0.155844155844156
"1654",0.1235,2.35144127463546,0.806451612903226,0.364919472902852,0.769230769230769,0.9,1,0.714285714285714,0,0.285714285714286,3.5,0
"1655",0.4825,6.67049067218245,0.870967741935484,0.34959114307199,0.666666666666667,0.824404761904762,0.571428571428571,0.958333333333333,0.428571428571429,0.0416666666666666,13.7142857142857,0.447204968944099
"1656",0.408,6.6563191343428,0.903225806451613,0.329409885301876,0.842105263157895,0.911363636363636,0.727272727272727,1,0.272727272727273,0,Inf,0.272727272727273
"1657",0.605,7.34592320872509,0.935483870967742,0.301865146273788,0.8,0.953846153846154,0.8,0.961538461538462,0.2,0.0384615384615384,20.8,0.208
"1658",0.131,2.65596557010168,0.806451612903226,0.391830730715926,0.75,0.876262626262626,1,0.727272727272727,0,0.272727272727273,3.66666666666667,0
"1659",0.3575,5.33634623634825,0.870967741935484,0.353247002087532,0.777777777777778,0.909090909090909,0.777777777777778,0.909090909090909,0.222222222222222,0.0909090909090909,8.55555555555555,0.244444444444444
"1660",0.22,3.8684120100536,0.935483870967742,0.315770848174,0.888888888888889,0.97979797979798,0.888888888888889,0.954545454545455,0.111111111111111,0.0454545454545454,19.5555555555556,0.116402116402116
"1661",0.1505,2.68685350423447,0.806451612903226,0.407041172909349,0.727272727272727,0.847826086956522,1,0.739130434782609,0,0.260869565217391,3.83333333333333,0
"1662",0.32,5.75398395415795,0.903225806451613,0.343802546570503,0.857142857142857,0.931818181818182,0.818181818181818,0.95,0.181818181818182,0.05,16.3636363636363,0.191387559808612
"1663",0.2775,4.2072836217496,0.838709677419355,0.340999815583466,0.615384615384615,0.883333333333333,0.666666666666667,0.88,0.333333333333333,0.12,5.55555555555556,0.378787878787879
"1664",0.2715,4.13031268325044,0.870967741935484,0.285614272445855,0.75,0.94,1,0.84,0,0.16,6.25,0
"1665",0.5715,7.24459181426346,0.838709677419355,0.363311278315528,0.705882352941177,0.873737373737374,0.666666666666667,0.909090909090909,0.333333333333333,0.0909090909090909,7.33333333333333,0.366666666666667
"1666",0.239,3.92464846903923,0.838709677419355,0.344984290967268,0.736842105263158,0.891304347826087,0.875,0.826086956521739,0.125,0.173913043478261,5.03125,0.151315789473684
"1667",0.2465,4.12988560810884,0.838709677419355,0.336964192937588,0.736842105263158,0.894021739130435,0.875,0.826086956521739,0.125,0.173913043478261,5.03125,0.151315789473684
"1668",0.974,12.9557196709145,0.935483870967742,0.365518556173295,0.8,0.846666666666667,0.666666666666667,1,0.333333333333333,0,Inf,0.333333333333333
"1669",0.6385,7.33580097491794,0.838709677419355,0.391944329581508,0.666666666666667,0.820652173913043,0.625,0.91304347826087,0.375,0.0869565217391305,7.1875,0.410714285714286
"1670",0.9765,12.9636693626413,0.903225806451613,0.404506397933257,0.666666666666667,0.846666666666667,0.5,1,0.5,0,Inf,0.5
"1671",0.201,4.21029174015999,0.838709677419355,0.430404991207383,0.782608695652174,0.837719298245614,0.75,0.894736842105263,0.25,0.105263157894737,7.125,0.279411764705882
"1672",0.518,7.04741982522131,0.935483870967742,0.28952981250683,0.75,0.857692307692308,0.6,1,0.4,0,Inf,0.4
"1673",0.3075,5.02396424818276,0.870967741935484,0.328511383393084,0.818181818181818,0.929545454545455,0.818181818181818,0.9,0.181818181818182,0.1,8.18181818181818,0.202020202020202
"1674",0.102,2.64693064626909,0.709677419354839,0.470775212401527,0.709677419354839,0.777777777777778,0.846153846153846,0.611111111111111,0.153846153846154,0.388888888888889,2.17582417582418,0.251748251748252
"1675",0.108,2.30162090484958,0.806451612903226,0.391952805059152,0.727272727272727,0.871428571428571,0.8,0.80952380952381,0.2,0.19047619047619,4.2,0.247058823529412
"1676",0.061,1.92131021297788,0.645161290322581,0.501351206679019,0.645161290322581,0.720454545454545,0.909090909090909,0.5,0.0909090909090909,0.5,1.81818181818182,0.181818181818182
"1677",0.233,4.15348273258626,0.741935483870968,0.464166947768071,0.555555555555556,0.733695652173913,0.625,0.782608695652174,0.375,0.217391304347826,2.875,0.479166666666667
"1678",0.2215,3.85325735039371,0.806451612903226,0.35252581490149,0.666666666666667,0.823369565217391,0.75,0.826086956521739,0.25,0.173913043478261,4.3125,0.302631578947368
"1679",0.5035,6.94711665926983,0.967741935483871,0.256296561128541,0.941176470588235,0.994565217391304,1,0.956521739130435,0,0.0434782608695652,23,0
"1680",0.454,6.65059882464309,0.806451612903226,0.43476102650522,0.625,0.733333333333333,0.5,0.952380952380952,0.5,0.0476190476190477,10.5,0.525
"1681",0.7455,8.88489411494231,0.838709677419355,0.388470798385245,0.615384615384615,0.78804347826087,0.5,0.956521739130435,0.5,0.0434782608695652,11.5,0.522727272727273
"1682",0.3145,4.96030327936955,0.903225806451613,0.302934563523445,0.727272727272727,0.81,0.666666666666667,0.96,0.333333333333333,0.04,16.6666666666667,0.347222222222222
"1683",0.3145,5.02905167959224,0.774193548387097,0.407511663164758,0.695652173913043,0.823809523809524,0.8,0.761904761904762,0.2,0.238095238095238,3.36,0.2625
"1684",0.215,4.13004049794272,0.806451612903226,0.401615722749799,0.785714285714286,0.858974358974359,0.846153846153846,0.777777777777778,0.153846153846154,0.222222222222222,3.80769230769231,0.197802197802198
"1685",0.234,4.15237860954574,0.838709677419355,0.364240782761812,0.761904761904762,0.893939393939394,0.888888888888889,0.818181818181818,0.111111111111111,0.181818181818182,4.88888888888889,0.135802469135803
"1686",0.1895,4.11680117676269,0.806451612903226,0.411435583317846,0.666666666666667,0.814285714285714,0.6,0.904761904761905,0.4,0.0952380952380952,6.3,0.442105263157895
"1687",0.3995,5.74977276032942,0.838709677419355,0.366082585299364,0.782608695652174,0.895454545454545,0.818181818181818,0.85,0.181818181818182,0.15,5.45454545454545,0.213903743315508
"1688",0.2135,3.6665004121227,0.838709677419355,0.344281022514792,0.782608695652174,0.89047619047619,0.9,0.80952380952381,0.1,0.19047619047619,4.725,0.123529411764706
"1689",0.085,2.31437854058728,0.774193548387097,0.453476984314598,0.740740740740741,0.817982456140351,0.833333333333333,0.736842105263158,0.166666666666667,0.263157894736842,3.16666666666667,0.226190476190476
"1690",0.9795,12.7533462292192,0.935483870967742,0.391935336330389,0.666666666666667,0.898148148148148,0.5,1,0.5,0,Inf,0.5
"1691",0.3715,5.75348959933086,0.935483870967742,0.285031949065475,0.888888888888889,0.954545454545455,0.888888888888889,0.954545454545455,0.111111111111111,0.0454545454545454,19.5555555555556,0.116402116402116
"1692",0.093,2.25506472302101,0.774193548387097,0.405994164704637,0.740740740740741,0.870614035087719,0.833333333333333,0.736842105263158,0.166666666666667,0.263157894736842,3.16666666666667,0.226190476190476
"1693",0.117,2.30134287046905,0.709677419354839,0.410985612946157,0.666666666666667,0.821428571428571,0.9,0.619047619047619,0.1,0.380952380952381,2.3625,0.161538461538461
"1694",0.3365,5.74730129744641,0.870967741935484,0.360648983288658,0.75,0.891414141414141,0.666666666666667,0.954545454545455,0.333333333333333,0.0454545454545454,14.6666666666667,0.349206349206349
"1695",0.1025,2.64751694076218,0.838709677419355,0.447219869883249,0.814814814814815,0.881578947368421,0.916666666666667,0.789473684210526,0.0833333333333334,0.210526315789474,4.35416666666667,0.105555555555556
"1696",0.1345,2.80566777282296,0.741935483870968,0.421666866785092,0.6,0.796195652173913,0.75,0.739130434782609,0.25,0.260869565217391,2.875,0.338235294117647
"1697",0.974,10.7675598770205,0.903225806451613,0.489540475058423,0.571428571428571,0.703846153846154,0.4,1,0.6,0,Inf,0.6
"1698",0.1065,1.82167232234273,0.741935483870968,0.379527926029597,0.733333333333333,0.879545454545455,1,0.6,0,0.4,2.5,0
"1699",0.255,4.20414876688406,0.967741935483871,0.279102555759851,0.952380952380952,0.990476190476191,1,0.952380952380952,0,0.0476190476190477,21,0
"1700",0.3485,5.74914133825502,0.870967741935484,0.358234446978292,0.714285714285714,0.793478260869565,0.625,0.956521739130435,0.375,0.0434782608695652,14.375,0.392045454545455
"1701",0.158,2.84528201736621,0.741935483870968,0.380267029931382,0.6,0.80952380952381,0.857142857142857,0.708333333333333,0.142857142857143,0.291666666666667,2.93877551020408,0.201680672268908
"1702",0.2205,3.74221359543662,0.903225806451613,0.361321270146305,0.8,0.916666666666667,0.857142857142857,0.916666666666667,0.142857142857143,0.0833333333333334,10.2857142857143,0.155844155844156
"1703",0.1565,2.85011224829512,0.774193548387097,0.407635540437935,0.588235294117647,0.767857142857143,0.714285714285714,0.791666666666667,0.285714285714286,0.208333333333333,3.42857142857143,0.360902255639098
"1704",0.842,8.81243454622678,0.870967741935484,0.387269497510814,0.714285714285714,0.898809523809524,0.714285714285714,0.916666666666667,0.285714285714286,0.0833333333333334,8.57142857142857,0.311688311688312
"1705",0.0905,2.07299407627278,0.774193548387097,0.423432737850717,0.787878787878788,0.895299145299145,1,0.611111111111111,0,0.388888888888889,2.57142857142857,0
"1706",0.6885,7.89685331507848,0.806451612903226,0.41308317128355,0.666666666666667,0.842857142857143,0.6,0.904761904761905,0.4,0.0952380952380952,6.3,0.442105263157895
"1707",0.5835,7.46886338184613,0.903225806451613,0.313924702580978,0.727272727272727,0.823333333333333,0.666666666666667,0.96,0.333333333333333,0.04,16.6666666666667,0.347222222222222
"1708",0.274,4.95702629574425,0.838709677419355,0.379095946342612,0.761904761904762,0.845454545454545,0.727272727272727,0.9,0.272727272727273,0.1,7.27272727272727,0.303030303030303
"1709",0.106,1.95989721572712,0.709677419354839,0.384644725056589,0.666666666666667,0.835858585858586,1,0.590909090909091,0,0.409090909090909,2.44444444444444,0
"1710",0.3445,5.59445186599697,0.935483870967742,0.272301606806626,0.875,0.96969696969697,0.777777777777778,1,0.222222222222222,0,Inf,0.222222222222222
"1711",0.243,3.96924582217189,0.903225806451613,0.308170678993831,0.823529411764706,0.942934782608696,0.875,0.91304347826087,0.125,0.0869565217391305,10.0625,0.136904761904762
"1712",0.126,2.47009994677858,0.709677419354839,0.459009630893483,0.689655172413793,0.816666666666667,1,0.571428571428571,0,0.428571428571429,2.33333333333333,0
"1713",0.2075,3.92683767346788,0.806451612903226,0.388780547708039,0.727272727272727,0.838095238095238,0.8,0.80952380952381,0.2,0.19047619047619,4.2,0.247058823529412
"1714",0.8605,10.6413600120747,0.870967741935484,0.375584223260403,0.714285714285714,0.840909090909091,0.555555555555556,1,0.444444444444444,0,Inf,0.444444444444444
"1715",0.246,4.13039475397172,0.741935483870968,0.441879205401743,0.636363636363636,0.782828282828283,0.777777777777778,0.727272727272727,0.222222222222222,0.272727272727273,2.85185185185185,0.305555555555556
"1716",0.229,4.18485827703182,0.903225806451613,0.328051820585028,0.823529411764706,0.941919191919192,0.777777777777778,0.954545454545455,0.222222222222222,0.0454545454545454,17.1111111111111,0.232804232804233
"1717",0.106,2.07486887139385,0.709677419354839,0.401789349586782,0.666666666666667,0.820707070707071,1,0.590909090909091,0,0.409090909090909,2.44444444444444,0
"1718",0.9425,10.8055681436004,0.903225806451613,0.387897535913721,0.769230769230769,0.889880952380952,0.714285714285714,0.958333333333333,0.285714285714286,0.0416666666666666,17.1428571428572,0.298136645962733
"1719",0.177,2.8525608582085,0.903225806451613,0.29287132777252,0.888888888888889,0.973684210526316,1,0.842105263157895,0,0.157894736842105,6.33333333333333,0
"1720",0.2395,3.91912123021318,0.935483870967742,0.282377000699413,0.857142857142857,0.895833333333333,0.857142857142857,0.958333333333333,0.142857142857143,0.0416666666666666,20.5714285714286,0.149068322981366
"1721",0.881,10.879893082231,0.870967741935484,0.378473462531118,0.6,0.791666666666667,0.428571428571429,1,0.571428571428571,0,Inf,0.571428571428571
"1722",0.5055,6.64576670851319,0.870967741935484,0.350792966416763,0.75,0.855978260869565,0.75,0.91304347826087,0.25,0.0869565217391305,8.62499999999999,0.273809523809524
"1723",0.152,2.85459883605024,0.838709677419355,0.37194014986694,0.8,0.895454545454545,0.909090909090909,0.8,0.0909090909090909,0.2,4.54545454545455,0.113636363636364
"1724",0.145,2.65093684101055,0.774193548387097,0.387612222272735,0.695652173913043,0.866847826086957,1,0.695652173913043,0,0.304347826086957,3.28571428571429,0
"1725",0.0965,2.25580053284857,0.806451612903226,0.428695806366329,0.769230769230769,0.884090909090909,0.909090909090909,0.75,0.0909090909090909,0.25,3.63636363636364,0.121212121212121
"1726",0.608,7.24296851625673,0.806451612903226,0.390042691020213,0.625,0.801630434782609,0.625,0.869565217391304,0.375,0.130434782608696,4.79166666666667,0.43125
"1727",0.2735,4.72028019499347,0.903225806451613,0.339416514169081,0.8,0.89945652173913,0.75,0.956521739130435,0.25,0.0434782608695652,17.25,0.261363636363636
"1728",0.191,4.26460270079152,0.774193548387097,0.439215304479111,0.666666666666667,0.813636363636364,0.636363636363636,0.85,0.363636363636364,0.15,4.24242424242424,0.427807486631016
"1729",0.644,8.20100715303439,0.870967741935484,0.34943482799478,0.666666666666667,0.880952380952381,0.571428571428571,0.958333333333333,0.428571428571429,0.0416666666666666,13.7142857142857,0.447204968944099
"1730",0.2245,4.18556847436509,0.774193548387097,0.389609729884103,0.666666666666667,0.826190476190476,0.7,0.80952380952381,0.3,0.19047619047619,3.675,0.370588235294118
"1731",0.213,3.92103602728736,0.870967741935484,0.356171921327674,0.75,0.872282608695652,0.75,0.91304347826087,0.25,0.0869565217391305,8.62499999999999,0.273809523809524
"1732",0.2355,4.17320857589235,0.806451612903226,0.358206886054657,0.75,0.892857142857143,0.9,0.761904761904762,0.1,0.238095238095238,3.78,0.13125
"1733",0.3415,5.33168183536307,0.935483870967742,0.290341174633999,0.75,0.873076923076923,0.6,1,0.4,0,Inf,0.4
"1734",0.2835,4.14962226985866,0.935483870967742,0.28400163851242,0.875,0.970238095238095,1,0.916666666666667,0,0.0833333333333334,12,0
"1735",0.0785,2.35648444613299,0.806451612903226,0.458211373462901,0.75,0.840909090909091,0.818181818181818,0.8,0.181818181818182,0.2,4.09090909090909,0.227272727272727
"1736",0.6065,7.70203276480389,0.935483870967742,0.306772346051075,0.875,0.945652173913043,0.875,0.956521739130435,0.125,0.0434782608695652,20.125,0.130681818181818
"1737",0.14,2.84938403910968,0.806451612903226,0.409817010261296,0.8,0.876068376068376,0.923076923076923,0.722222222222222,0.0769230769230769,0.277777777777778,3.32307692307692,0.106508875739645
"1738",0.078,1.82438745539304,0.774193548387097,0.424607108434861,0.758620689655172,0.872727272727273,1,0.65,0,0.35,2.85714285714286,0
"1739",0.468,6.35467826803939,0.838709677419355,0.377956123104871,0.615384615384615,0.761904761904762,0.571428571428571,0.916666666666667,0.428571428571429,0.0833333333333334,6.85714285714285,0.467532467532468
"1740",0.216,3.96855073171624,0.870967741935484,0.358648466128014,0.8,0.885714285714286,0.8,0.904761904761905,0.2,0.0952380952380952,8.4,0.221052631578947
"1741",0.3295,5.02534793066443,0.903225806451613,0.295394964173464,0.823529411764706,0.940217391304348,0.875,0.91304347826087,0.125,0.0869565217391305,10.0625,0.136904761904762
"1742",0.1905,3.97194399375245,0.806451612903226,0.418820990381369,0.785714285714286,0.854700854700855,0.846153846153846,0.777777777777778,0.153846153846154,0.222222222222222,3.80769230769231,0.197802197802198
"1743",0.121,2.65021282368824,0.806451612903226,0.420731557282364,0.727272727272727,0.84047619047619,0.8,0.80952380952381,0.2,0.19047619047619,4.2,0.247058823529412
"1744",0.1615,2.87146329760961,0.838709677419355,0.353039492854975,0.761904761904762,0.886363636363636,0.888888888888889,0.818181818181818,0.111111111111111,0.181818181818182,4.88888888888889,0.135802469135803
"1745",0.5325,7.19357664161355,0.838709677419355,0.378015474250552,0.666666666666667,0.80050505050505,0.555555555555556,0.954545454545455,0.444444444444444,0.0454545454545454,12.2222222222222,0.465608465608466
"1746",0.068,1.82951602783171,0.741935483870968,0.472829791414838,0.8,0.825,1,0.466666666666667,0,0.533333333333333,1.875,0
"1747",0.2905,5.02256273830434,0.806451612903226,0.420519805894588,0.75,0.811363636363636,0.818181818181818,0.8,0.181818181818182,0.2,4.09090909090909,0.227272727272727
"1748",0.1975,3.93072901000918,0.870967741935484,0.36919850356664,0.777777777777778,0.864285714285714,0.7,0.952380952380952,0.3,0.0476190476190477,14.7,0.315
"1749",0.295,5.33734416452276,0.870967741935484,0.348933311479667,0.777777777777778,0.90952380952381,0.7,0.952380952380952,0.3,0.0476190476190477,14.7,0.315
"1750",0.26,4.60234500780802,0.935483870967742,0.315770215423674,0.909090909090909,0.940909090909091,0.909090909090909,0.95,0.0909090909090909,0.05,18.1818181818182,0.0956937799043063
"1751",0.24,4.15405821721464,0.870967741935484,0.359808505313995,0.777777777777778,0.904040404040404,0.777777777777778,0.909090909090909,0.222222222222222,0.0909090909090909,8.55555555555555,0.244444444444444
"1752",0.711,8.63161442891139,0.838709677419355,0.384976949373939,0.666666666666667,0.808080808080808,0.555555555555556,0.954545454545455,0.444444444444444,0.0454545454545454,12.2222222222222,0.465608465608466
"1753",0.2225,3.66606087782332,0.838709677419355,0.335245808428954,0.736842105263158,0.896739130434783,0.875,0.826086956521739,0.125,0.173913043478261,5.03125,0.151315789473684
"1754",0.103,2.30170024527615,0.612903225806452,0.442521838782001,0.454545454545455,0.672619047619048,0.714285714285714,0.583333333333333,0.285714285714286,0.416666666666667,1.71428571428571,0.489795918367347
"1755",0.2285,4.18673323437073,0.903225806451613,0.325925704318764,0.869565217391304,0.95,0.909090909090909,0.9,0.0909090909090909,0.1,9.09090909090909,0.101010101010101
"1756",0.063,1.78509339114938,0.580645161290323,0.489198648250233,0.606060606060606,0.693181818181818,0.909090909090909,0.4,0.0909090909090909,0.6,1.51515151515152,0.227272727272727
"1757",0.1085,2.45322503194592,0.838709677419355,0.397552457815813,0.814814814814815,0.918859649122807,0.916666666666667,0.789473684210526,0.0833333333333334,0.210526315789474,4.35416666666667,0.105555555555556
"1758",0.2015,3.86821590689017,0.741935483870968,0.388470391177359,0.636363636363636,0.778571428571429,0.7,0.761904761904762,0.3,0.238095238095238,2.94,0.39375
"1759",0.399,5.55067176835917,0.903225806451613,0.328748053596806,0.8,0.922619047619048,0.857142857142857,0.916666666666667,0.142857142857143,0.0833333333333334,10.2857142857143,0.155844155844156
"1760",0.195,3.86921759260813,0.870967741935484,0.377974756678609,0.833333333333333,0.87719298245614,0.833333333333333,0.894736842105263,0.166666666666667,0.105263157894737,7.91666666666667,0.186274509803922
"1761",0.259,3.86675039572246,0.903225806451613,0.306081866725602,0.857142857142857,0.939393939393939,1,0.863636363636364,0,0.136363636363636,7.33333333333333,0
"1762",0.535,6.94840469813274,0.870967741935484,0.366891257554725,0.8,0.883333333333333,0.8,0.904761904761905,0.2,0.0952380952380952,8.4,0.221052631578947
"1763",0.633,8.64246536929581,0.903225806451613,0.310103100496414,0.8,0.934343434343434,0.666666666666667,1,0.333333333333333,0,Inf,0.333333333333333
"1764",0.4555,6.8032442912045,0.967741935483871,0.256376661981718,0.941176470588235,0.974747474747475,0.888888888888889,1,0.111111111111111,0,Inf,0.111111111111111
"1765",0.1205,2.7867362680795,0.806451612903226,0.43099136892369,0.727272727272727,0.802380952380952,0.8,0.80952380952381,0.2,0.19047619047619,4.2,0.247058823529412
"1766",0.191,3.87363574659109,0.806451612903226,0.392323529616545,0.7,0.807142857142857,0.7,0.857142857142857,0.3,0.142857142857143,4.9,0.35
"1767",0.2885,4.96078910543152,0.903225806451613,0.320360041852694,0.823529411764706,0.886363636363636,0.777777777777778,0.954545454545455,0.222222222222222,0.0454545454545454,17.1111111111111,0.232804232804233
"1768",0.547,6.78272252599684,0.870967741935484,0.335829659986049,0.6,0.830769230769231,0.6,0.923076923076923,0.4,0.0769230769230769,7.80000000000001,0.433333333333333
"1769",0.0595,1.83139690660728,0.580645161290323,0.494265571476946,0.580645161290323,0.702380952380952,0.9,0.428571428571429,0.1,0.571428571428571,1.575,0.233333333333333
"1770",0.082,2.56875181959882,0.709677419354839,0.464621122186255,0.666666666666667,0.771929824561403,0.75,0.684210526315789,0.25,0.315789473684211,2.375,0.365384615384615
"1771",0.527,6.65160735919798,0.806451612903226,0.389686636352947,0.666666666666667,0.833333333333333,0.666666666666667,0.863636363636364,0.333333333333333,0.136363636363636,4.88888888888889,0.385964912280702
"1772",0.2835,4.20157357698184,0.838709677419355,0.345232347991827,0.666666666666667,0.866666666666667,0.833333333333333,0.84,0.166666666666667,0.16,5.20833333333333,0.198412698412698
"1773",0.149,2.65467925674814,0.774193548387097,0.342244865091929,0.461538461538462,0.746153846153846,0.6,0.807692307692308,0.4,0.192307692307692,3.12,0.495238095238095
"1774",0.625,7.70251720399914,0.903225806451613,0.338242748883772,0.727272727272727,0.836666666666667,0.666666666666667,0.96,0.333333333333333,0.04,16.6666666666667,0.347222222222222
"1775",0.69,9.35438552565044,0.967741935483871,0.247939466028858,0.923076923076923,0.988095238095238,0.857142857142857,1,0.142857142857143,0,Inf,0.142857142857143
"1776",0.76,8.96360102131093,0.935483870967742,0.306806662730228,0.833333333333333,0.946666666666667,0.833333333333333,0.96,0.166666666666667,0.04,20.8333333333333,0.173611111111111
"1777",0.1945,3.52462157513579,0.838709677419355,0.379962622792225,0.827586206896552,0.888157894736842,1,0.736842105263158,0,0.263157894736842,3.8,0
"1778",0.123,2.70809961630523,0.774193548387097,0.430120411642275,0.72,0.802380952380952,0.9,0.714285714285714,0.1,0.285714285714286,3.15,0.14
"1779",0.182,3.66815036422445,0.903225806451613,0.360949287381306,0.857142857142857,0.911363636363636,0.818181818181818,0.95,0.181818181818182,0.05,16.3636363636363,0.191387559808612
"1780",0.306,4.95223168864323,0.903225806451613,0.292363610343686,0.842105263157895,0.962121212121212,0.888888888888889,0.909090909090909,0.111111111111111,0.0909090909090909,9.77777777777777,0.122222222222222
"1781",0.456,6.35795064356526,0.903225806451613,0.311763680574101,0.769230769230769,0.854166666666667,0.714285714285714,0.958333333333333,0.285714285714286,0.0416666666666666,17.1428571428572,0.298136645962733
"1782",0.2195,4.42311026817686,0.870967741935484,0.378201360912836,0.8,0.854545454545454,0.727272727272727,0.95,0.272727272727273,0.05,14.5454545454545,0.287081339712919
"1783",0.385,5.02538903099299,0.806451612903226,0.368567260700612,0.625,0.86,0.833333333333333,0.8,0.166666666666667,0.2,4.16666666666667,0.208333333333333
"1784",0.103,2.30694569034352,0.709677419354839,0.415863196111418,0.64,0.788095238095238,0.8,0.666666666666667,0.2,0.333333333333333,2.4,0.3
"1785",0.422,5.75226460126682,0.806451612903226,0.390669753176299,0.666666666666667,0.820707070707071,0.666666666666667,0.863636363636364,0.333333333333333,0.136363636363636,4.88888888888889,0.385964912280702
"1786",0.395,5.75339647898497,0.903225806451613,0.298871533164065,0.8,0.91304347826087,0.75,0.956521739130435,0.25,0.0434782608695652,17.25,0.261363636363636
"1787",0.56,6.77992536458213,0.870967741935484,0.344411057298069,0.75,0.891304347826087,0.75,0.91304347826087,0.25,0.0869565217391305,8.62499999999999,0.273809523809524
"1788",0.167,3.87704334928058,0.774193548387097,0.450364347542883,0.758620689655172,0.813025210084034,0.785714285714286,0.764705882352941,0.214285714285714,0.235294117647059,3.33928571428571,0.28021978021978
"1789",0.3815,5.55254199152729,0.935483870967742,0.293434088332639,0.9,0.964646464646465,1,0.909090909090909,0,0.0909090909090909,11,0
"1790",0.115,2.35201242685628,0.67741935483871,0.408426319295558,0.642857142857143,0.795238095238095,0.9,0.571428571428571,0.1,0.428571428571429,2.1,0.175
"1791",0.209,3.91541344280399,0.838709677419355,0.365969064537558,0.782608695652174,0.872727272727273,0.818181818181818,0.85,0.181818181818182,0.15,5.45454545454545,0.213903743315508
"1792",0.2535,5.02360698719432,0.838709677419355,0.415000214872827,0.8,0.871794871794872,0.769230769230769,0.888888888888889,0.230769230769231,0.111111111111111,6.92307692307692,0.259615384615385
"1793",0.2,4.13505945448269,0.806451612903226,0.448185045985695,0.727272727272727,0.790909090909091,0.727272727272727,0.85,0.272727272727273,0.15,4.84848484848485,0.320855614973262
"1794",0.135,2.84940452999234,0.741935483870968,0.443260967227603,0.636363636363636,0.742424242424242,0.777777777777778,0.727272727272727,0.222222222222222,0.272727272727273,2.85185185185185,0.305555555555556
"1795",0.0935,2.34358617051921,0.709677419354839,0.440785228935661,0.666666666666667,0.788636363636364,0.818181818181818,0.65,0.181818181818182,0.35,2.33766233766234,0.27972027972028
"1796",0.2515,4.63825358590081,0.870967741935484,0.386028966053227,0.777777777777778,0.838095238095238,0.7,0.952380952380952,0.3,0.0476190476190477,14.7,0.315
"1797",0.328,5.43639931624193,0.903225806451613,0.306496706456896,0.857142857142857,0.945454545454545,0.818181818181818,0.95,0.181818181818182,0.05,16.3636363636363,0.191387559808612
"1798",0.244,3.87744419387669,0.838709677419355,0.354491287294276,0.761904761904762,0.909090909090909,0.888888888888889,0.818181818181818,0.111111111111111,0.181818181818182,4.88888888888889,0.135802469135803
"1799",0.1275,2.84435747186514,0.806451612903226,0.409102913737061,0.75,0.852272727272727,0.818181818181818,0.8,0.181818181818182,0.2,4.09090909090909,0.227272727272727
"1800",0.702,9.05227909329477,0.967741935483871,0.258323363991934,0.909090909090909,0.923333333333333,0.833333333333333,1,0.166666666666667,0,Inf,0.166666666666667
"1801",0.154,2.64235607169899,0.838709677419355,0.342410950450342,0.761904761904762,0.919191919191919,0.888888888888889,0.818181818181818,0.111111111111111,0.181818181818182,4.88888888888889,0.135802469135803
"1802",0.8415,10.3854656620033,0.903225806451613,0.340965152735114,0.769230769230769,0.842391304347826,0.625,1,0.375,0,Inf,0.375
"1803",0.1,2.25437325038293,0.612903225806452,0.43118913816669,0.625,0.740909090909091,0.909090909090909,0.45,0.0909090909090909,0.55,1.65289256198347,0.202020202020202
"1804",0.258,4.15544311846438,0.870967741935484,0.333174671201526,0.666666666666667,0.91,0.666666666666667,0.92,0.333333333333333,0.08,8.33333333333334,0.36231884057971
"1805",0.225,3.69017580287011,0.870967741935484,0.308074259031655,0.8,0.901515151515151,0.888888888888889,0.863636363636364,0.111111111111111,0.136363636363636,6.51851851851852,0.128654970760234
"1806",0.8425,10.3241427605681,0.903225806451613,0.351129098761973,0.727272727272727,0.830357142857143,0.571428571428571,1,0.428571428571429,0,Inf,0.428571428571429
"1807",0.6875,8.63337763460941,0.838709677419355,0.373552661927997,0.705882352941177,0.866666666666667,0.6,0.952380952380952,0.4,0.0476190476190477,12.6,0.42
"1808",0.45,6.50284460833782,0.870967741935484,0.339951466215937,0.714285714285714,0.875,0.625,0.956521739130435,0.375,0.0434782608695652,14.375,0.392045454545455
"1809",0.137,2.30781273683967,0.903225806451613,0.33761646285349,0.88,0.936363636363636,1,0.85,0,0.15,6.66666666666667,0
"1810",0.3745,5.75107264510686,0.903225806451613,0.331197732571228,0.857142857142857,0.904545454545455,0.818181818181818,0.95,0.181818181818182,0.05,16.3636363636363,0.191387559808612
"1811",0.884,10.4808760721991,0.903225806451613,0.349035805469352,0.666666666666667,0.876923076923077,0.6,0.961538461538462,0.4,0.0384615384615384,15.6,0.416
"1812",0.16,2.85676501858137,0.838709677419355,0.343981659136744,0.782608695652174,0.902380952380952,0.9,0.80952380952381,0.1,0.19047619047619,4.725,0.123529411764706
"1813",0.235,4.41186624540158,0.967741935483871,0.318878463930092,0.956521739130435,0.942982456140351,0.916666666666667,1,0.0833333333333334,0,Inf,0.0833333333333334
"1814",0.16,2.35787210964284,0.774193548387097,0.31316367342449,0.588235294117647,0.884615384615385,1,0.730769230769231,0,0.269230769230769,3.71428571428571,0
"1815",0.745,9.02431177952549,0.903225806451613,0.340147287015707,0.666666666666667,0.83,0.5,1,0.5,0,Inf,0.5
"1816",0.2665,4.1283460758373,0.838709677419355,0.355016543107815,0.705882352941177,0.891304347826087,0.75,0.869565217391304,0.25,0.130434782608696,5.75,0.2875
"1817",0.1725,3.87792616845711,0.806451612903226,0.428531374795974,0.769230769230769,0.829059829059829,0.769230769230769,0.833333333333333,0.230769230769231,0.166666666666667,4.61538461538462,0.276923076923077
"1818",0.5175,7.13682904171847,0.903225806451613,0.297640406118819,0.8,0.945652173913043,0.75,0.956521739130435,0.25,0.0434782608695652,17.25,0.261363636363636
"1819",0.2265,4.17962699727926,0.806451612903226,0.376709160354391,0.769230769230769,0.859649122807018,0.833333333333333,0.789473684210526,0.166666666666667,0.210526315789474,3.95833333333333,0.211111111111111
"1820",0.2815,4.95533625338379,0.806451612903226,0.393494108077598,0.666666666666667,0.835858585858586,0.666666666666667,0.863636363636364,0.333333333333333,0.136363636363636,4.88888888888889,0.385964912280702
"1821",0.4475,6.50399242799715,0.838709677419355,0.359472727456634,0.736842105263158,0.885714285714286,0.7,0.904761904761905,0.3,0.0952380952380952,7.35,0.331578947368421
"1822",0.2165,3.92545079925295,0.870967741935484,0.366656499256744,0.8,0.897619047619048,0.8,0.904761904761905,0.2,0.0952380952380952,8.4,0.221052631578947
"1823",0.6755,7.90452505898544,0.870967741935484,0.353839502820027,0.75,0.896739130434783,0.75,0.91304347826087,0.25,0.0869565217391305,8.62499999999999,0.273809523809524
"1824",0.672,6.9521936348146,0.903225806451613,0.371039326541376,0.769230769230769,0.923076923076923,1,0.884615384615385,0,0.115384615384615,8.66666666666666,0
"1825",0.2555,4.95357157605557,0.774193548387097,0.443854447699456,0.695652173913043,0.820175438596491,0.666666666666667,0.842105263157895,0.333333333333333,0.157894736842105,4.22222222222222,0.395833333333333
"1826",0.1935,4.15679862766965,0.806451612903226,0.435956202457957,0.769230769230769,0.793859649122807,0.833333333333333,0.789473684210526,0.166666666666667,0.210526315789474,3.95833333333333,0.211111111111111
"1827",0.168,2.77783250254134,0.838709677419355,0.330623403392216,0.782608695652174,0.919191919191919,1,0.772727272727273,0,0.227272727272727,4.4,0
"1828",0.0845,2.0816491538164,0.774193548387097,0.425910246926851,0.787878787878788,0.871794871794872,1,0.611111111111111,0,0.388888888888889,2.57142857142857,0
"1829",0.655,8.31839728644175,0.935483870967742,0.296615429712269,0.666666666666667,0.842592592592593,0.5,1,0.5,0,Inf,0.5
"1830",0.2265,4.15636536533468,0.741935483870968,0.445162741227043,0.6,0.742424242424242,0.666666666666667,0.772727272727273,0.333333333333333,0.227272727272727,2.93333333333333,0.431372549019608
"1831",0.658,8.61927129570395,0.838709677419355,0.38412466379546,0.615384615384615,0.78030303030303,0.444444444444444,1,0.555555555555556,0,Inf,0.555555555555556
"1832",0.123,2.29955230868414,0.741935483870968,0.400209538553027,0.692307692307692,0.868686868686869,1,0.636363636363636,0,0.363636363636364,2.75,0
"1833",0.129,2.84814203365609,0.838709677419355,0.391347137610711,0.705882352941177,0.834239130434783,0.75,0.869565217391304,0.25,0.130434782608696,5.75,0.2875
"1834",0.219,3.91217145694913,0.935483870967742,0.33211364274692,0.888888888888889,0.944444444444444,0.888888888888889,0.954545454545455,0.111111111111111,0.0454545454545454,19.5555555555556,0.116402116402116
"1835",0.332,5.74789796162919,0.838709677419355,0.397181948246962,0.666666666666667,0.755050505050505,0.555555555555556,0.954545454545455,0.444444444444444,0.0454545454545454,12.2222222222222,0.465608465608466
"1836",0.1825,2.82953944285829,0.870967741935484,0.306704544631863,0.818181818181818,0.94949494949495,1,0.818181818181818,0,0.181818181818182,5.5,0
"1837",0.684,9.54831096161159,0.935483870967742,0.297729771608627,0.875,0.921717171717172,0.777777777777778,1,0.222222222222222,0,Inf,0.222222222222222
"1838",0.3375,5.02782549235253,0.806451612903226,0.363240721824365,0.727272727272727,0.89047619047619,0.8,0.80952380952381,0.2,0.19047619047619,4.2,0.247058823529412
"1839",0.131,2.85052155038637,0.67741935483871,0.435171960531066,0.642857142857143,0.768181818181818,0.818181818181818,0.6,0.181818181818182,0.4,2.04545454545455,0.303030303030303
"1840",0.321,4.95238880968717,0.870967741935484,0.330732007239795,0.8,0.883838383838384,0.888888888888889,0.863636363636364,0.111111111111111,0.136363636363636,6.51851851851852,0.128654970760234
"1841",0.289,4.2682714812262,0.774193548387097,0.392592172584867,0.461538461538462,0.715384615384615,0.6,0.807692307692308,0.4,0.192307692307692,3.12,0.495238095238095
"1842",0.328,4.95770718743232,0.806451612903226,0.391245589533202,0.625,0.785326086956522,0.625,0.869565217391304,0.375,0.130434782608696,4.79166666666667,0.43125
"1843",0.664,7.62665975590468,0.838709677419355,0.379781970200348,0.666666666666667,0.815217391304348,0.625,0.91304347826087,0.375,0.0869565217391305,7.1875,0.410714285714286
"1844",0.197,3.96924547084947,0.870967741935484,0.373185432522473,0.833333333333333,0.912280701754386,0.833333333333333,0.894736842105263,0.166666666666667,0.105263157894737,7.91666666666667,0.186274509803922
"1845",0.189,3.92221450857429,0.741935483870968,0.443389368123251,0.692307692307692,0.789473684210526,0.75,0.736842105263158,0.25,0.263157894736842,2.85,0.339285714285714
"1846",0.2245,4.13316009168843,0.806451612903226,0.390144299374237,0.727272727272727,0.845238095238095,0.8,0.80952380952381,0.2,0.19047619047619,4.2,0.247058823529412
"1847",0.695,7.82235551292575,0.870967741935484,0.365353088935594,0.666666666666667,0.88,0.666666666666667,0.92,0.333333333333333,0.08,8.33333333333334,0.36231884057971
"1848",0.721,9.55053951099564,0.935483870967742,0.275316360795558,0.8,0.946666666666667,0.666666666666667,1,0.333333333333333,0,Inf,0.333333333333333
"1849",0.479,6.7594252535349,0.838709677419355,0.360140755407762,0.782608695652174,0.894736842105263,0.75,0.894736842105263,0.25,0.105263157894737,7.125,0.279411764705882
"1850",0.2575,4.17991797205139,0.903225806451613,0.338457847324371,0.857142857142857,0.929292929292929,1,0.863636363636364,0,0.136363636363636,7.33333333333333,0
"1851",0.109,2.84333703903657,0.774193548387097,0.474999706635903,0.740740740740741,0.776315789473684,0.833333333333333,0.736842105263158,0.166666666666667,0.263157894736842,3.16666666666667,0.226190476190476
"1852",0.259,4.20255115566246,0.806451612903226,0.361186573134847,0.7,0.833333333333333,0.777777777777778,0.818181818181818,0.222222222222222,0.181818181818182,4.27777777777778,0.271604938271605
"1853",0.515,7.24747474742358,0.870967741935484,0.347540707336317,0.714285714285714,0.877717391304348,0.625,0.956521739130435,0.375,0.0434782608695652,14.375,0.392045454545455
"1854",0.1495,2.78386308224091,0.838709677419355,0.387482421654663,0.736842105263158,0.875,0.875,0.826086956521739,0.125,0.173913043478261,5.03125,0.151315789473684
"1855",0.119,2.34869541996465,0.806451612903226,0.394254114917691,0.785714285714286,0.897727272727273,1,0.7,0,0.3,3.33333333333333,0
"1856",0.491,6.95116841932194,0.935483870967742,0.289861908367637,0.857142857142857,0.945652173913043,0.75,1,0.25,0,Inf,0.25
"1857",0.2975,4.93581994061809,0.903225806451613,0.334789406363208,0.88,0.899122807017544,0.916666666666667,0.894736842105263,0.0833333333333334,0.105263157894737,8.70833333333333,0.0931372549019608
"1858",0.8345,10.2909413219621,0.967741935483871,0.303631178471748,0.8,0.904761904761905,0.666666666666667,1,0.333333333333333,0,Inf,0.333333333333333
"1859",0.2535,4.20541391298716,0.870967741935484,0.313668663710546,0.8,0.926767676767677,0.888888888888889,0.863636363636364,0.111111111111111,0.136363636363636,6.51851851851852,0.128654970760234
"1860",0.547,7.7020102647479,0.870967741935484,0.353522706023364,0.75,0.857142857142857,0.6,1,0.4,0,Inf,0.4
"1861",0.308,4.6321102762011,0.806451612903226,0.381592438119722,0.769230769230769,0.881818181818182,0.909090909090909,0.75,0.0909090909090909,0.25,3.63636363636364,0.121212121212121
"1862",0.8455,10.3877424555882,0.870967741935484,0.384420370777069,0.75,0.814285714285714,0.6,1,0.4,0,Inf,0.4
"1863",0.417,5.55070771566171,0.870967741935484,0.368186909727932,0.75,0.839285714285714,0.857142857142857,0.875,0.142857142857143,0.125,6.85714285714286,0.163265306122449
"1864",0.114,2.59426249276663,0.709677419354839,0.41137321643822,0.608695652173913,0.772727272727273,0.777777777777778,0.681818181818182,0.222222222222222,0.318181818181818,2.44444444444444,0.325925925925926
"1865",0.072,1.83054284737082,0.709677419354839,0.453821065982055,0.742857142857143,0.82051282051282,1,0.5,0,0.5,2,0
"1866",0.6585,7.56207698470159,0.870967741935484,0.355241553680166,0.666666666666667,0.876666666666667,0.666666666666667,0.92,0.333333333333333,0.08,8.33333333333334,0.36231884057971
"1867",0.2875,4.95303510812512,0.838709677419355,0.354476695330763,0.736842105263158,0.863636363636364,0.777777777777778,0.863636363636364,0.222222222222222,0.136363636363636,5.7037037037037,0.257309941520468
"1868",0.0955,1.82220826230203,0.741935483870968,0.38710786509159,0.714285714285714,0.859523809523809,1,0.619047619047619,0,0.380952380952381,2.625,0
"1869",0.521,7.70017831801761,0.870967741935484,0.359214854164617,0.777777777777778,0.856818181818182,0.636363636363636,1,0.363636363636364,0,Inf,0.363636363636364
"1870",0.516,7.52645659749809,0.838709677419355,0.372989332006702,0.666666666666667,0.80952380952381,0.5,1,0.5,0,Inf,0.5
"1871",0.3735,5.55270149498116,0.935483870967742,0.296197185189425,0.857142857142857,0.964285714285714,0.857142857142857,0.958333333333333,0.142857142857143,0.0416666666666666,20.5714285714286,0.149068322981366
"1872",0.275,4.12621353452527,0.806451612903226,0.376132900073955,0.666666666666667,0.821428571428571,0.857142857142857,0.791666666666667,0.142857142857143,0.208333333333333,4.11428571428571,0.180451127819549
"1873",0.262,5.03248311014915,0.838709677419355,0.388664526890663,0.666666666666667,0.78030303030303,0.555555555555556,0.954545454545455,0.444444444444444,0.0454545454545454,12.2222222222222,0.465608465608466
"1874",0.29,5.02550564328909,0.870967741935484,0.350721459824622,0.714285714285714,0.864130434782609,0.625,0.956521739130435,0.375,0.0434782608695652,14.375,0.392045454545455
"1875",0.8435,9.55308977863112,0.935483870967742,0.342216076792112,0.8,0.915384615384615,0.8,0.961538461538462,0.2,0.0384615384615384,20.8,0.208
"1876",0.2215,3.87314540458056,0.838709677419355,0.394139602257855,0.736842105263158,0.869565217391304,0.875,0.826086956521739,0.125,0.173913043478261,5.03125,0.151315789473684
"1877",0.3345,5.26575930972118,0.903225806451613,0.289593976642594,0.8,0.940217391304348,0.75,0.956521739130435,0.25,0.0434782608695652,17.25,0.261363636363636
"1878",0.207,3.71848825761831,0.774193548387097,0.443764622634161,0.631578947368421,0.755434782608696,0.75,0.782608695652174,0.25,0.217391304347826,3.45,0.319444444444444
"1879",0.3815,6.18287640649843,0.903225806451613,0.333387837839952,0.8,0.823232323232323,0.666666666666667,1,0.333333333333333,0,Inf,0.333333333333333
"1880",0.133,2.61244573796208,0.903225806451613,0.398323762360572,0.903225806451613,0.953781512605042,1,0.823529411764706,0,0.176470588235294,5.66666666666667,0
"1881",0.2845,5.02549976909188,0.935483870967742,0.300335868853542,0.909090909090909,0.958333333333333,0.833333333333333,1,0.166666666666667,0,Inf,0.166666666666667
"1882",0.7315,9.5508413049376,0.838709677419355,0.402053038511097,0.705882352941177,0.802272727272727,0.545454545454545,1,0.454545454545455,0,Inf,0.454545454545455
"1883",0.3635,5.55524302305218,0.838709677419355,0.38196250152704,0.705882352941177,0.80050505050505,0.666666666666667,0.909090909090909,0.333333333333333,0.0909090909090909,7.33333333333333,0.366666666666667
"1884",0.2005,4.15105366838946,0.870967741935484,0.382316896914653,0.833333333333333,0.896929824561403,0.833333333333333,0.894736842105263,0.166666666666667,0.105263157894737,7.91666666666667,0.186274509803922
"1885",0.493,7.05294557337484,0.870967741935484,0.326769098519272,0.714285714285714,0.894021739130435,0.625,0.956521739130435,0.375,0.0434782608695652,14.375,0.392045454545455
"1886",0.6625,7.55080992749802,0.870967741935484,0.353677268952267,0.714285714285714,0.830357142857143,0.714285714285714,0.916666666666667,0.285714285714286,0.0833333333333334,8.57142857142857,0.311688311688312
"1887",0.101,2.31528649047795,0.806451612903226,0.400781601808007,0.75,0.904761904761905,0.9,0.761904761904762,0.1,0.238095238095238,3.78,0.13125
"1888",0.412,6.65056798302572,0.903225806451613,0.322231710593978,0.842105263157895,0.920454545454545,0.727272727272727,1,0.272727272727273,0,Inf,0.272727272727273
"1889",0.3075,4.95217128083859,0.806451612903226,0.382128213899128,0.666666666666667,0.785326086956522,0.75,0.826086956521739,0.25,0.173913043478261,4.3125,0.302631578947368
"1890",0.293,4.95825058033718,0.838709677419355,0.353775260122515,0.761904761904762,0.886363636363636,0.727272727272727,0.9,0.272727272727273,0.1,7.27272727272727,0.303030303030303
"1891",0.63,7.93568850432885,0.870967741935484,0.339493557160091,0.714285714285714,0.866847826086957,0.625,0.956521739130435,0.375,0.0434782608695652,14.375,0.392045454545455
"1892",0.3715,5.55205646582618,0.806451612903226,0.378509258509891,0.625,0.807065217391304,0.625,0.869565217391304,0.375,0.130434782608696,4.79166666666667,0.43125
"1893",0.254,4.94989847028803,0.903225806451613,0.375094666418461,0.857142857142857,0.95,0.818181818181818,0.95,0.181818181818182,0.05,16.3636363636363,0.191387559808612
"1894",0.2445,4.62484337163476,0.903225806451613,0.340450211406048,0.869565217391304,0.899122807017544,0.833333333333333,0.947368421052632,0.166666666666667,0.0526315789473685,15.8333333333333,0.175925925925926
"1895",0.2235,3.93061057420929,0.903225806451613,0.336187128099324,0.8,0.915760869565217,0.75,0.956521739130435,0.25,0.0434782608695652,17.25,0.261363636363636
"1896",0.616,7.69666282785546,0.903225806451613,0.331451061571796,0.769230769230769,0.895833333333333,0.714285714285714,0.958333333333333,0.285714285714286,0.0416666666666666,17.1428571428572,0.298136645962733
"1897",0.22,4.1328132430873,0.935483870967742,0.328687979649185,0.9,0.938636363636364,0.818181818181818,1,0.181818181818182,0,Inf,0.181818181818182
"1898",0.1285,2.65206730149832,0.838709677419355,0.379540447885579,0.761904761904762,0.891414141414141,0.888888888888889,0.818181818181818,0.111111111111111,0.181818181818182,4.88888888888889,0.135802469135803
"1899",0.681,8.63355002651535,0.903225806451613,0.350991341584607,0.823529411764706,0.85952380952381,0.7,1,0.3,0,Inf,0.3
"1900",0.403,6.17368339625509,0.967741935483871,0.260392099155317,0.947368421052632,0.966666666666667,0.9,1,0.1,0,Inf,0.1
"1901",0.2335,3.86802784211984,0.903225806451613,0.314548046892214,0.8,0.934523809523809,0.857142857142857,0.916666666666667,0.142857142857143,0.0833333333333334,10.2857142857143,0.155844155844156
"1902",0.038,1.78087653508766,0.774193548387097,0.534630921194205,0.82051282051282,0.842436974789916,0.941176470588235,0.571428571428571,0.0588235294117647,0.428571428571429,2.19607843137255,0.102941176470588
"1903",0.1195,2.65026185683436,0.806451612903226,0.415446505227764,0.785714285714286,0.857456140350877,0.916666666666667,0.736842105263158,0.0833333333333334,0.263157894736842,3.48333333333333,0.113095238095238
"1904",0.219,4.20056654328486,0.870967741935484,0.37792589581541,0.8,0.919047619047619,0.8,0.904761904761905,0.2,0.0952380952380952,8.4,0.221052631578947
"1905",0.0805,1.83079543668747,0.774193548387097,0.418759877295453,0.774193548387097,0.885964912280702,1,0.631578947368421,0,0.368421052631579,2.71428571428571,0
"1906",0.3155,5.33599699658176,0.935483870967742,0.316703981418922,0.875,0.901515151515151,0.777777777777778,1,0.222222222222222,0,Inf,0.222222222222222
"1907",0.2555,4.152058272126,0.870967741935484,0.333755775619035,0.818181818181818,0.924242424242424,1,0.818181818181818,0,0.181818181818182,5.5,0
"1908",0.6495,8.58726663138845,0.903225806451613,0.322425365643223,0.727272727272727,0.860119047619048,0.571428571428571,1,0.428571428571429,0,Inf,0.428571428571429
"1909",0.2395,4.15442813686641,0.935483870967742,0.333845210931323,0.909090909090909,0.957142857142857,1,0.904761904761905,0,0.0952380952380952,10.5,0
"1910",0.227,3.87152491320965,0.838709677419355,0.358883045676542,0.736842105263158,0.872282608695652,0.875,0.826086956521739,0.125,0.173913043478261,5.03125,0.151315789473684
"1911",0.1195,2.65194689501939,0.709677419354839,0.419807739184945,0.608695652173913,0.765151515151515,0.777777777777778,0.681818181818182,0.222222222222222,0.318181818181818,2.44444444444444,0.325925925925926
"1912",0.126,2.85391209857928,0.709677419354839,0.441880852798683,0.608695652173913,0.724747474747475,0.777777777777778,0.681818181818182,0.222222222222222,0.318181818181818,2.44444444444444,0.325925925925926
"1913",0.4635,7.05577147118629,0.870967741935484,0.35243480718639,0.777777777777778,0.863636363636364,0.636363636363636,1,0.363636363636364,0,Inf,0.363636363636364
"1914",0.211,3.93208619201034,0.806451612903226,0.397085016721041,0.75,0.840909090909091,0.818181818181818,0.8,0.181818181818182,0.2,4.09090909090909,0.227272727272727
"1915",0.3875,5.55199906694838,0.967741935483871,0.238996028603228,0.923076923076923,0.993333333333333,1,0.96,0,0.04,25,0
"1916",0.2785,4.63224337892695,0.838709677419355,0.365181818509072,0.736842105263158,0.840909090909091,0.777777777777778,0.863636363636364,0.222222222222222,0.136363636363636,5.7037037037037,0.257309941520468
"1917",0.257,4.53731106695802,0.774193548387097,0.439385593151266,0.666666666666667,0.783333333333333,0.7,0.80952380952381,0.3,0.19047619047619,3.675,0.370588235294118
"1918",0.14,2.82716034085978,0.838709677419355,0.387575198280431,0.8,0.890909090909091,0.909090909090909,0.8,0.0909090909090909,0.2,4.54545454545455,0.113636363636364
"1919",0.154,2.84904646747961,0.838709677419355,0.366088786759556,0.827586206896552,0.912280701754386,1,0.736842105263158,0,0.263157894736842,3.8,0
"1920",0.3365,5.74692548997506,0.838709677419355,0.385297669505586,0.705882352941177,0.823809523809524,0.6,0.952380952380952,0.4,0.0476190476190477,12.6,0.42
"1921",0.252,5.02525413329052,0.838709677419355,0.39943366210209,0.782608695652174,0.870614035087719,0.75,0.894736842105263,0.25,0.105263157894737,7.125,0.279411764705882
"1922",0.2305,3.79506785546514,0.774193548387097,0.352924853038549,0.666666666666667,0.858695652173913,0.875,0.739130434782609,0.125,0.260869565217391,3.35416666666667,0.169117647058824
"1923",0.2355,4.1292247003036,0.903225806451613,0.354397266717625,0.823529411764706,0.89945652173913,0.875,0.91304347826087,0.125,0.0869565217391305,10.0625,0.136904761904762
"1924",0.3815,5.33790649519954,0.774193548387097,0.441503333696201,0.695652173913043,0.795454545454545,0.727272727272727,0.8,0.272727272727273,0.2,3.63636363636364,0.340909090909091
"1925",0.5815,7.51320794558202,0.870967741935484,0.347977675703246,0.75,0.851010101010101,0.666666666666667,0.954545454545455,0.333333333333333,0.0454545454545454,14.6666666666667,0.349206349206349
"1926",0.3025,4.62553705423509,0.806451612903226,0.351221190822629,0.727272727272727,0.861111111111111,0.888888888888889,0.772727272727273,0.111111111111111,0.227272727272727,3.91111111111111,0.143790849673203
"1927",0.132,2.65717382414296,0.774193548387097,0.389356991346172,0.72,0.873809523809524,0.9,0.714285714285714,0.1,0.285714285714286,3.15,0.14
"1928",0.1105,2.75533718006009,0.741935483870968,0.439873448191837,0.6,0.734848484848485,0.666666666666667,0.772727272727273,0.333333333333333,0.227272727272727,2.93333333333333,0.431372549019608
"1929",0.17,3.91565225705826,0.806451612903226,0.42412515563247,0.75,0.837719298245614,0.75,0.842105263157895,0.25,0.157894736842105,4.75,0.296875
"1930",0.1215,2.34541532197149,0.838709677419355,0.365694782444311,0.782608695652174,0.914141414141414,1,0.772727272727273,0,0.227272727272727,4.4,0
"1931",0.257,4.15103287181133,0.903225806451613,0.310748322488617,0.8,0.898809523809524,0.857142857142857,0.916666666666667,0.142857142857143,0.0833333333333334,10.2857142857143,0.155844155844156
"1932",0.252,4.41340147981493,0.870967741935484,0.336067321857686,0.8,0.907142857142857,0.8,0.904761904761905,0.2,0.0952380952380952,8.4,0.221052631578947
"1933",0.295,4.60481218113968,0.838709677419355,0.342141146833537,0.761904761904762,0.906565656565657,0.888888888888889,0.818181818181818,0.111111111111111,0.181818181818182,4.88888888888889,0.135802469135803
"1934",0.1625,3.8788314501397,0.806451612903226,0.428849314616539,0.727272727272727,0.822727272727273,0.727272727272727,0.85,0.272727272727273,0.15,4.84848484848485,0.320855614973262
"1935",0.212,4.20657295140531,0.903225806451613,0.379113898878475,0.888888888888889,0.933760683760684,0.923076923076923,0.888888888888889,0.0769230769230769,0.111111111111111,8.3076923076923,0.0865384615384615
"1936",0.239,4.20288479152585,0.774193548387097,0.429985659558262,0.666666666666667,0.757142857142857,0.7,0.80952380952381,0.3,0.19047619047619,3.675,0.370588235294118
"1937",0.3125,5.35151218214393,0.774193548387097,0.41639276043019,0.666666666666667,0.786363636363636,0.636363636363636,0.85,0.363636363636364,0.15,4.24242424242424,0.427807486631016
"1938",0.1105,2.64980217857243,0.870967741935484,0.421614955113257,0.857142857142857,0.878205128205128,0.923076923076923,0.833333333333333,0.0769230769230769,0.166666666666667,5.53846153846154,0.0923076923076922
"1939",0.2345,4.61954878705576,0.838709677419355,0.409753356443048,0.705882352941177,0.830952380952381,0.6,0.952380952380952,0.4,0.0476190476190477,12.6,0.42
"1940",0.128,2.64371343213355,0.774193548387097,0.397780902678673,0.695652173913043,0.851010101010101,0.888888888888889,0.727272727272727,0.111111111111111,0.272727272727273,3.25925925925926,0.152777777777778
"1941",0.466,6.49906979464898,0.903225806451613,0.291889992626384,0.8,0.945652173913043,0.75,0.956521739130435,0.25,0.0434782608695652,17.25,0.261363636363636
"1942",0.0625,1.78043512253969,0.741935483870968,0.427767563115579,0.75,0.861111111111111,0.923076923076923,0.611111111111111,0.0769230769230769,0.388888888888889,2.37362637362637,0.125874125874126
"1943",0.118,2.65492249020928,0.806451612903226,0.422844823730901,0.785714285714286,0.842105263157895,0.916666666666667,0.736842105263158,0.0833333333333334,0.263157894736842,3.48333333333333,0.113095238095238
"1944",0.2675,4.20440821867459,0.838709677419355,0.36985020199892,0.705882352941177,0.833333333333333,0.857142857142857,0.833333333333333,0.142857142857143,0.166666666666667,5.14285714285714,0.171428571428571
"1945",0.139,2.34880075437959,0.741935483870968,0.377383076307041,0.636363636363636,0.857142857142857,1,0.666666666666667,0,0.333333333333333,3,0
"1946",0.2635,4.42236575895754,0.838709677419355,0.379144378917967,0.782608695652174,0.847727272727273,0.818181818181818,0.85,0.181818181818182,0.15,5.45454545454545,0.213903743315508
"1947",0.544,7.24568397152752,0.935483870967742,0.281946786720857,0.888888888888889,0.964646464646465,0.888888888888889,0.954545454545455,0.111111111111111,0.0454545454545454,19.5555555555556,0.116402116402116
"1948",0.4765,6.80624342321469,0.870967741935484,0.345553880384162,0.666666666666667,0.860119047619048,0.571428571428571,0.958333333333333,0.428571428571429,0.0416666666666666,13.7142857142857,0.447204968944099
"1949",0.2115,4.12613649332889,0.806451612903226,0.383727566525705,0.727272727272727,0.809090909090909,0.727272727272727,0.85,0.272727272727273,0.15,4.84848484848485,0.320855614973262
"1950",0.252,4.26811463722327,0.806451612903226,0.371742408707709,0.769230769230769,0.848684210526316,0.833333333333333,0.789473684210526,0.166666666666667,0.210526315789474,3.95833333333333,0.211111111111111
"1951",0.6385,8.61302945360255,0.903225806451613,0.301846643587218,0.727272727272727,0.886904761904762,0.571428571428571,1,0.428571428571429,0,Inf,0.428571428571429
"1952",0.1635,2.45692496780369,0.838709677419355,0.309457450331226,0.736842105263158,0.93452380952381,1,0.791666666666667,0,0.208333333333333,4.8,0
"1953",0.1035,2.34595465028973,0.741935483870968,0.396316023778937,0.636363636363636,0.818181818181818,0.777777777777778,0.727272727272727,0.222222222222222,0.272727272727273,2.85185185185185,0.305555555555556
"1954",0.1285,2.57003297018652,0.903225806451613,0.384335537645437,0.888888888888889,0.934210526315789,1,0.842105263157895,0,0.157894736842105,6.33333333333333,0
"1955",0.1345,2.30047991465251,0.774193548387097,0.380016023014267,0.695652173913043,0.853260869565217,1,0.695652173913043,0,0.304347826086957,3.28571428571429,0
"1956",0.137,2.646394551798,0.838709677419355,0.388207814396919,0.838709677419355,0.903846153846154,1,0.722222222222222,0,0.277777777777778,3.6,0
"1957",0.361,5.33858577274229,0.903225806451613,0.324147564779644,0.769230769230769,0.87797619047619,0.714285714285714,0.958333333333333,0.285714285714286,0.0416666666666666,17.1428571428572,0.298136645962733
"1958",0.9205,10.1302414196755,0.870967741935484,0.404309544826134,0.666666666666667,0.875,0.571428571428571,0.958333333333333,0.428571428571429,0.0416666666666666,13.7142857142857,0.447204968944099
"1959",0.1625,2.83161271027177,0.870967741935484,0.331300569563605,0.833333333333333,0.927272727272727,0.909090909090909,0.85,0.0909090909090909,0.15,6.06060606060606,0.106951871657754
"1960",0.074,1.82028833223536,0.67741935483871,0.466966237931064,0.722222222222222,0.794871794871795,1,0.444444444444444,0,0.555555555555556,1.8,0
"1961",0.631,8.64080287053663,0.967741935483871,0.260564828918886,0.941176470588235,0.98989898989899,0.888888888888889,1,0.111111111111111,0,Inf,0.111111111111111
"1962",0.13,2.30630066595205,0.709677419354839,0.385708602924907,0.608695652173913,0.842261904761905,1,0.625,0,0.375,2.66666666666667,0
"1963",0.2475,4.60364951521107,0.903225806451613,0.34283014937988,0.8,0.939393939393939,0.666666666666667,1,0.333333333333333,0,Inf,0.333333333333333
"1964",0.2865,4.15276564695225,0.870967741935484,0.334590479912492,0.8,0.929347826086957,1,0.826086956521739,0,0.173913043478261,5.75,0
"1965",0.2975,4.63448908274651,0.870967741935484,0.348699711051504,0.777777777777778,0.911616161616162,0.777777777777778,0.909090909090909,0.222222222222222,0.0909090909090909,8.55555555555555,0.244444444444444
"1966",0.207,4.17797329748624,0.838709677419355,0.394192831639485,0.782608695652174,0.844298245614035,0.75,0.894736842105263,0.25,0.105263157894737,7.125,0.279411764705882
"1967",0.4715,6.16195575045198,0.870967741935484,0.330895827136572,0.777777777777778,0.907608695652174,0.875,0.869565217391304,0.125,0.130434782608696,6.70833333333333,0.14375
"1968",0.8665,10.470697886926,0.870967741935484,0.387598022211919,0.714285714285714,0.823232323232323,0.555555555555556,1,0.444444444444444,0,Inf,0.444444444444444
"1969",0.6265,7.24066776452004,0.806451612903226,0.395880092584689,0.7,0.842857142857143,0.7,0.857142857142857,0.3,0.142857142857143,4.9,0.35
"1970",0.257,4.15070425896934,0.806451612903226,0.361099230074275,0.625,0.821428571428571,0.714285714285714,0.833333333333333,0.285714285714286,0.166666666666667,4.28571428571429,0.342857142857143
"1971",0.2885,4.60877159473558,0.870967741935484,0.336661612150164,0.818181818181818,0.919047619047619,0.9,0.857142857142857,0.1,0.142857142857143,6.3,0.116666666666667
"1972",0.4655,6.65314440964981,0.870967741935484,0.362083971306696,0.75,0.808080808080808,0.666666666666667,0.954545454545455,0.333333333333333,0.0454545454545454,14.6666666666667,0.349206349206349
"1973",0.906,11.3385356704156,0.903225806451613,0.358404316057344,0.769230769230769,0.85054347826087,0.625,1,0.375,0,Inf,0.375
"1974",0.2965,4.95452769269819,0.838709677419355,0.371170595261163,0.736842105263158,0.883838383838384,0.777777777777778,0.863636363636364,0.222222222222222,0.136363636363636,5.7037037037037,0.257309941520468
"1975",0.564,7.75613319015479,0.870967741935484,0.33855810221377,0.666666666666667,0.804347826086957,0.5,1,0.5,0,Inf,0.5
"1976",0.1525,2.82599641987115,0.774193548387097,0.406381167214492,0.72,0.84047619047619,0.9,0.714285714285714,0.1,0.285714285714286,3.15,0.14
"1977",0.5875,7.24386224603841,0.903225806451613,0.318581659302516,0.769230769230769,0.9,0.833333333333333,0.92,0.166666666666667,0.08,10.4166666666667,0.181159420289855
"1978",0.1515,2.65482293838788,0.774193548387097,0.365872375835291,0.695652173913043,0.878787878787879,0.888888888888889,0.727272727272727,0.111111111111111,0.272727272727273,3.25925925925926,0.152777777777778
"1979",0.1995,4.15196667982584,0.774193548387097,0.444768372618247,0.666666666666667,0.785714285714286,0.7,0.80952380952381,0.3,0.19047619047619,3.675,0.370588235294118
"1980",0.082,2.30063866961518,0.774193548387097,0.473069817266153,0.631578947368421,0.744565217391304,0.75,0.782608695652174,0.25,0.217391304347826,3.45,0.319444444444444
"1981",0.5115,7.34428284478286,0.903225806451613,0.304176218485605,0.769230769230769,0.923913043478261,0.625,1,0.375,0,Inf,0.375
"1982",0.256,4.20497489094162,0.774193548387097,0.380849823550554,0.695652173913043,0.838095238095238,0.8,0.761904761904762,0.2,0.238095238095238,3.36,0.2625
"1983",0.1305,2.6515960013247,0.870967741935484,0.3718111328541,0.777777777777778,0.888586956521739,0.875,0.869565217391304,0.125,0.130434782608696,6.70833333333333,0.14375
"1984",0.8725,10.641893529317,0.838709677419355,0.418791234952458,0.615384615384615,0.792929292929293,0.444444444444444,1,0.555555555555556,0,Inf,0.555555555555556
"1985",0.263,4.20366214183717,0.838709677419355,0.34886115236035,0.8,0.904761904761905,1,0.761904761904762,0,0.238095238095238,4.2,0
"1986",0.1615,2.65191909344724,0.935483870967742,0.311850582892241,0.888888888888889,0.972826086956522,1,0.91304347826087,0,0.0869565217391305,11.5,0
"1987",0.2095,3.87306952491134,0.870967741935484,0.356084487751049,0.818181818181818,0.928571428571429,0.9,0.857142857142857,0.1,0.142857142857143,6.3,0.116666666666667
"1988",0.286,4.18195970415268,0.838709677419355,0.354406831234325,0.782608695652174,0.916666666666667,0.9,0.80952380952381,0.1,0.19047619047619,4.725,0.123529411764706
"1989",0.2855,5.0256711093914,0.903225806451613,0.35389135837851,0.88,0.91025641025641,0.846153846153846,0.944444444444444,0.153846153846154,0.0555555555555556,15.2307692307692,0.16289592760181
"1990",0.213,3.87141643539409,0.806451612903226,0.363266739783145,0.571428571428571,0.761904761904762,0.571428571428571,0.875,0.428571428571429,0.125,4.57142857142857,0.489795918367347
"1991",0.6145,7.24584241595252,0.838709677419355,0.388586468224226,0.666666666666667,0.842391304347826,0.625,0.91304347826087,0.375,0.0869565217391305,7.1875,0.410714285714286
"1992",0.596,7.34419892587319,0.870967741935484,0.33651223234228,0.714285714285714,0.910714285714286,0.714285714285714,0.916666666666667,0.285714285714286,0.0833333333333334,8.57142857142857,0.311688311688312
"1993",0.3895,5.75164620276693,0.903225806451613,0.303625877708535,0.842105263157895,0.954545454545454,0.888888888888889,0.909090909090909,0.111111111111111,0.0909090909090909,9.77777777777777,0.122222222222222
"1994",0.162,3.74742568188699,0.838709677419355,0.431888093947394,0.827586206896552,0.852941176470588,0.857142857142857,0.823529411764706,0.142857142857143,0.176470588235294,4.85714285714286,0.173469387755102
"1995",0.2165,4.14903405127912,0.903225806451613,0.349822763728553,0.88,0.931623931623932,0.846153846153846,0.944444444444444,0.153846153846154,0.0555555555555556,15.2307692307692,0.16289592760181
"1996",0.8495,9.55185552977648,0.870967741935484,0.387708771084759,0.666666666666667,0.857142857142857,0.571428571428571,0.958333333333333,0.428571428571429,0.0416666666666666,13.7142857142857,0.447204968944099
"1997",0.1045,2.29454038076853,0.709677419354839,0.439659277662156,0.64,0.77020202020202,0.888888888888889,0.636363636363636,0.111111111111111,0.363636363636364,2.44444444444444,0.174603174603175
"1998",0.3265,5.03133545427295,0.806451612903226,0.390993786032666,0.727272727272727,0.861904761904762,0.8,0.80952380952381,0.2,0.19047619047619,4.2,0.247058823529412
"1999",0.0655,2.65356434006684,0.741935483870968,0.531923278034472,0.714285714285714,0.767094017094017,0.769230769230769,0.722222222222222,0.230769230769231,0.277777777777778,2.76923076923077,0.319526627218935
"2000",0.599,7.69646145763901,0.870967741935484,0.330695023734111,0.666666666666667,0.904761904761905,0.571428571428571,0.958333333333333,0.428571428571429,0.0416666666666666,13.7142857142857,0.447204968944099
"2001",0.1355,2.84866529734488,0.774193548387097,0.3732426068199,0.72,0.829545454545455,0.818181818181818,0.75,0.181818181818182,0.25,3.27272727272727,0.242424242424242
"2002",0.2345,4.12455566516509,0.838709677419355,0.352168347909863,0.761904761904762,0.897619047619048,0.8,0.857142857142857,0.2,0.142857142857143,5.6,0.233333333333333
"2003",0.1195,2.74588183676064,0.806451612903226,0.420253557154457,0.727272727272727,0.852380952380952,0.8,0.80952380952381,0.2,0.19047619047619,4.2,0.247058823529412
"2004",0.0445,1.35461089506004,0.612903225806452,0.488417084929794,0.625,0.752380952380952,1,0.428571428571429,0,0.571428571428571,1.75,0
"2005",0.1475,2.64172757669219,0.838709677419355,0.357814462491926,0.705882352941177,0.866071428571429,0.857142857142857,0.833333333333333,0.142857142857143,0.166666666666667,5.14285714285714,0.171428571428571
"2006",0.2555,3.92128006301378,0.870967741935484,0.326917876588918,0.8,0.923913043478261,1,0.826086956521739,0,0.173913043478261,5.75,0
"2007",0.6395,7.01381396176176,0.870967741935484,0.358015048097168,0.75,0.916666666666667,0.857142857142857,0.875,0.142857142857143,0.125,6.85714285714286,0.163265306122449
"2008",0.387,5.74621212670253,0.774193548387097,0.41698196323316,0.588235294117647,0.744949494949495,0.555555555555556,0.863636363636364,0.444444444444444,0.136363636363636,4.07407407407407,0.514619883040936
"2009",0.21,3.58959354644747,0.870967741935484,0.380772211214731,0.818181818181818,0.897619047619048,0.9,0.857142857142857,0.1,0.142857142857143,6.3,0.116666666666667
"2010",0.1435,2.65231536222606,0.806451612903226,0.366995470846697,0.769230769230769,0.90952380952381,1,0.714285714285714,0,0.285714285714286,3.5,0
"2011",0.1335,2.78348488635957,0.709677419354839,0.428110616620676,0.608695652173913,0.765151515151515,0.777777777777778,0.681818181818182,0.222222222222222,0.318181818181818,2.44444444444444,0.325925925925926
"2012",0.2375,3.64789360866632,0.935483870967742,0.269297991251885,0.888888888888889,0.983695652173913,1,0.91304347826087,0,0.0869565217391305,11.5,0
"2013",0.0865,2.31094782802127,0.774193548387097,0.422029924662731,0.72,0.825,0.818181818181818,0.75,0.181818181818182,0.25,3.27272727272727,0.242424242424242
"2014",0.5895,7.24547806620522,0.870967741935484,0.339398907430116,0.714285714285714,0.860119047619048,0.714285714285714,0.916666666666667,0.285714285714286,0.0833333333333334,8.57142857142857,0.311688311688312
"2015",0.379,5.55307500316764,0.903225806451613,0.290088313583751,0.823529411764706,0.921195652173913,0.875,0.91304347826087,0.125,0.0869565217391305,10.0625,0.136904761904762
"2016",0.4955,6.34638869002091,0.903225806451613,0.33374595450202,0.769230769230769,0.853333333333333,0.833333333333333,0.92,0.166666666666667,0.08,10.4166666666667,0.181159420289855
"2017",0.208,3.8804214040918,0.774193548387097,0.424048259298987,0.631578947368421,0.771739130434783,0.75,0.782608695652174,0.25,0.217391304347826,3.45,0.319444444444444
"2018",0.1305,2.29988472033331,0.67741935483871,0.391849812706733,0.583333333333333,0.800595238095238,1,0.583333333333333,0,0.416666666666667,2.4,0
"2019",0.1975,3.93653244016848,0.838709677419355,0.388616259564126,0.814814814814815,0.905982905982906,0.846153846153846,0.833333333333333,0.153846153846154,0.166666666666667,5.07692307692308,0.184615384615385
"2020",0.2915,4.63032682218827,0.870967741935484,0.334770396573139,0.8,0.939393939393939,0.888888888888889,0.863636363636364,0.111111111111111,0.136363636363636,6.51851851851852,0.128654970760234
"2021",0.627,8.32138177880489,0.967741935483871,0.266215857234519,0.923076923076923,0.898809523809524,0.857142857142857,1,0.142857142857143,0,Inf,0.142857142857143
"2022",0.812,9.55729063995563,0.870967741935484,0.36434663616737,0.75,0.924242424242424,0.666666666666667,0.954545454545455,0.333333333333333,0.0454545454545454,14.6666666666667,0.349206349206349
"2023",0.738,9.54622475682809,0.935483870967742,0.301767019196481,0.8,0.916666666666667,0.666666666666667,1,0.333333333333333,0,Inf,0.333333333333333
"2024",0.2535,4.14935196262792,0.935483870967742,0.288113401551618,0.9,0.974747474747475,1,0.909090909090909,0,0.0909090909090909,11,0
"2025",0.394,6.29125468611648,0.935483870967742,0.291794320695877,0.875,0.876262626262626,0.777777777777778,1,0.222222222222222,0,Inf,0.222222222222222
"2026",0.331,5.03105651051004,0.967741935483871,0.236148192437078,0.933333333333333,0.994047619047619,1,0.958333333333333,0,0.0416666666666666,24,0
"2027",0.735,8.63051553141814,0.935483870967742,0.301200233831698,0.833333333333333,0.96,0.833333333333333,0.96,0.166666666666667,0.04,20.8333333333333,0.173611111111111
"2028",0.4965,6.14939726666489,0.838709677419355,0.380021678953404,0.705882352941177,0.853260869565217,0.75,0.869565217391304,0.25,0.130434782608696,5.75,0.2875
"2029",0.1075,2.2978842948438,0.741935483870968,0.433282546774477,0.692307692307692,0.821428571428571,0.9,0.666666666666667,0.1,0.333333333333333,2.7,0.15
"2030",0.214,3.91855947616755,0.870967741935484,0.332229979232722,0.8,0.883333333333333,0.8,0.904761904761905,0.2,0.0952380952380952,8.4,0.221052631578947
"2031",0.2265,4.95809590138719,0.870967741935484,0.426488140487653,0.833333333333333,0.882478632478632,0.769230769230769,0.944444444444444,0.230769230769231,0.0555555555555556,13.8461538461538,0.244343891402715
"2032",0.4855,6.95346484498897,0.870967741935484,0.351640106195477,0.8,0.840909090909091,0.727272727272727,0.95,0.272727272727273,0.05,14.5454545454545,0.287081339712919
"2033",0.109,2.30030816482701,0.709677419354839,0.429272952705925,0.666666666666667,0.816666666666667,0.9,0.619047619047619,0.1,0.380952380952381,2.3625,0.161538461538461
"2034",0.1155,2.84322946258583,0.774193548387097,0.422704453094669,0.72,0.81359649122807,0.75,0.789473684210526,0.25,0.210526315789474,3.5625,0.316666666666667
"2035",0.234,4.15737853865872,0.935483870967742,0.33041367374711,0.888888888888889,0.926767676767677,0.888888888888889,0.954545454545455,0.111111111111111,0.0454545454545454,19.5555555555556,0.116402116402116
"2036",0.153,2.60470592689481,0.870967741935484,0.321387063859572,0.777777777777778,0.9375,0.875,0.869565217391304,0.125,0.130434782608696,6.70833333333333,0.14375
"2037",0.5615,6.93999497118006,0.903225806451613,0.320684442264997,0.727272727272727,0.907692307692308,0.8,0.923076923076923,0.2,0.0769230769230769,10.4,0.216666666666667
"2038",0.308,4.55158998482582,0.806451612903226,0.361257724278069,0.666666666666667,0.869047619047619,0.857142857142857,0.791666666666667,0.142857142857143,0.208333333333333,4.11428571428571,0.180451127819549
"2039",0.1245,2.60645524496408,0.838709677419355,0.404008061493354,0.838709677419355,0.905982905982906,1,0.722222222222222,0,0.277777777777778,3.6,0
"2040",0.2625,4.1495738028337,0.838709677419355,0.380514193662183,0.761904761904762,0.888888888888889,0.888888888888889,0.818181818181818,0.111111111111111,0.181818181818182,4.88888888888889,0.135802469135803
"2041",0.1995,3.62539362512454,0.774193548387097,0.404922456893899,0.695652173913043,0.828571428571429,0.8,0.761904761904762,0.2,0.238095238095238,3.36,0.2625
"2042",0.224,4.15529527476978,0.838709677419355,0.416002502934206,0.8,0.863636363636364,0.909090909090909,0.8,0.0909090909090909,0.2,4.54545454545455,0.113636363636364
"2043",0.1175,2.63597914727152,0.870967741935484,0.396905199813157,0.833333333333333,0.93640350877193,0.833333333333333,0.894736842105263,0.166666666666667,0.105263157894737,7.91666666666667,0.186274509803922
"2044",0.167,3.87057112204435,0.903225806451613,0.411681968160601,0.869565217391304,0.912280701754386,0.833333333333333,0.947368421052632,0.166666666666667,0.0526315789473685,15.8333333333333,0.175925925925926
"2045",0.3,4.15352817837261,0.806451612903226,0.356740931001738,0.727272727272727,0.904891304347826,1,0.739130434782609,0,0.260869565217391,3.83333333333333,0
"2046",0.59,7.34119627933663,0.903225806451613,0.307567650472307,0.769230769230769,0.923333333333333,0.833333333333333,0.92,0.166666666666667,0.08,10.4166666666667,0.181159420289855
"2047",0.272,4.18281306091027,0.903225806451613,0.308134022017309,0.769230769230769,0.926666666666667,0.833333333333333,0.92,0.166666666666667,0.08,10.4166666666667,0.181159420289855
"2048",0.2735,4.63205989825986,0.838709677419355,0.337992829566681,0.705882352941177,0.842391304347826,0.75,0.869565217391304,0.25,0.130434782608696,5.75,0.2875
"2049",0.816,9.55536628596173,0.870967741935484,0.363594194897686,0.75,0.868686868686869,0.666666666666667,0.954545454545455,0.333333333333333,0.0454545454545454,14.6666666666667,0.349206349206349
"2050",0.205,3.97889549993143,0.774193548387097,0.438793796639189,0.666666666666667,0.769047619047619,0.7,0.80952380952381,0.3,0.19047619047619,3.675,0.370588235294118
"2051",0.236,4.42422222339868,0.806451612903226,0.379193331505059,0.7,0.826190476190476,0.7,0.857142857142857,0.3,0.142857142857143,4.9,0.35
"2052",0.6705,8.30740440899992,0.903225806451613,0.313818588966226,0.727272727272727,0.92,0.666666666666667,0.96,0.333333333333333,0.04,16.6666666666667,0.347222222222222
"2053",0.118,2.46830255470061,0.774193548387097,0.411869706922827,0.695652173913043,0.833333333333333,0.888888888888889,0.727272727272727,0.111111111111111,0.272727272727273,3.25925925925926,0.152777777777778
"2054",0.2705,4.42432221888174,0.806451612903226,0.382495612708383,0.75,0.836363636363636,0.818181818181818,0.8,0.181818181818182,0.2,4.09090909090909,0.227272727272727
"2055",0.444,5.75016142424037,0.967741935483871,0.264805986679362,0.909090909090909,0.984615384615385,1,0.961538461538462,0,0.0384615384615384,26,0
"2056",0.1165,2.06804212428561,0.774193548387097,0.363618810120558,0.695652173913043,0.885869565217391,1,0.695652173913043,0,0.304347826086957,3.28571428571429,0
"2057",0.1115,2.64259285412135,0.709677419354839,0.460118981579669,0.571428571428571,0.730978260869565,0.75,0.695652173913043,0.25,0.304347826086957,2.46428571428571,0.359375
"2058",0.2055,3.92591900735887,0.838709677419355,0.366443742650781,0.761904761904762,0.861904761904762,0.8,0.857142857142857,0.2,0.142857142857143,5.6,0.233333333333333
"2059",0.122,2.75618091851281,0.774193548387097,0.461901989878247,0.758620689655172,0.809090909090909,1,0.65,0,0.35,2.85714285714286,0
"2060",0.589,8.23702694071726,0.903225806451613,0.314197798454349,0.8,0.906565656565657,0.666666666666667,1,0.333333333333333,0,Inf,0.333333333333333
"2061",0.152,2.85295248987868,0.903225806451613,0.34431744949521,0.842105263157895,0.939393939393939,0.888888888888889,0.909090909090909,0.111111111111111,0.0909090909090909,9.77777777777777,0.122222222222222
"2062",0.2595,4.12345071898022,0.935483870967742,0.265799422971847,0.888888888888889,0.97979797979798,0.888888888888889,0.954545454545455,0.111111111111111,0.0454545454545454,19.5555555555556,0.116402116402116
"2063",0.164,2.85347604501356,0.806451612903226,0.350181788323371,0.666666666666667,0.860119047619048,0.857142857142857,0.791666666666667,0.142857142857143,0.208333333333333,4.11428571428571,0.180451127819549
"2064",0.1205,2.65122761351793,0.741935483870968,0.436721130415133,0.733333333333333,0.820175438596491,0.916666666666667,0.631578947368421,0.0833333333333334,0.368421052631579,2.48809523809524,0.131944444444445
"2065",0.2145,3.97641492137983,0.774193548387097,0.387157733266027,0.72,0.836363636363636,0.818181818181818,0.75,0.181818181818182,0.25,3.27272727272727,0.242424242424242
"2066",0.8745,9.54814235311022,0.838709677419355,0.431437622025213,0.615384615384615,0.823369565217391,0.5,0.956521739130435,0.5,0.0434782608695652,11.5,0.522727272727273
"2067",0.2105,3.97276454640114,0.838709677419355,0.37989037229106,0.8,0.903508771929825,0.833333333333333,0.842105263157895,0.166666666666667,0.157894736842105,5.27777777777778,0.197916666666667
"2068",0.128,2.84485857760672,0.774193548387097,0.429556582869705,0.740740740740741,0.824561403508772,0.833333333333333,0.736842105263158,0.166666666666667,0.263157894736842,3.16666666666667,0.226190476190476
"2069",0.062,1.82246577113967,0.612903225806452,0.463043732933405,0.625,0.747727272727273,0.909090909090909,0.45,0.0909090909090909,0.55,1.65289256198347,0.202020202020202
"2070",0.737,8.62594172083383,0.870967741935484,0.384439601999902,0.714285714285714,0.815217391304348,0.625,0.956521739130435,0.375,0.0434782608695652,14.375,0.392045454545455
"2071",0.4815,7.25277482388086,0.903225806451613,0.316350710773577,0.823529411764706,0.90952380952381,0.7,1,0.3,0,Inf,0.3
"2072",0.9285,10.6186520102307,0.935483870967742,0.364836791632064,0.666666666666667,0.880952380952381,0.666666666666667,0.964285714285714,0.333333333333333,0.0357142857142857,18.6666666666667,0.345679012345679
"2073",0.243,4.11898626071199,0.806451612903226,0.378369699009806,0.666666666666667,0.853260869565217,0.75,0.826086956521739,0.25,0.173913043478261,4.3125,0.302631578947368
"2074",0.4615,6.90848230749881,0.870967741935484,0.35146594763427,0.8,0.906818181818182,0.727272727272727,0.95,0.272727272727273,0.05,14.5454545454545,0.287081339712919
"2075",0.531,6.64589096744,0.838709677419355,0.391634171113884,0.666666666666667,0.755434782608696,0.625,0.91304347826087,0.375,0.0869565217391305,7.1875,0.410714285714286
"2076",0.282,4.95561965254829,0.806451612903226,0.403734977171827,0.727272727272727,0.809090909090909,0.727272727272727,0.85,0.272727272727273,0.15,4.84848484848485,0.320855614973262
"2077",0.847,10.5052067006962,0.935483870967742,0.320594109020791,0.666666666666667,0.833333333333333,0.5,1,0.5,0,Inf,0.5
"2078",0.3535,4.7449418484499,0.838709677419355,0.367503119476092,0.761904761904762,0.904040404040404,0.888888888888889,0.818181818181818,0.111111111111111,0.181818181818182,4.88888888888889,0.135802469135803
"2079",0.4535,6.95065011433828,0.903225806451613,0.328575298439522,0.8,0.876262626262626,0.666666666666667,1,0.333333333333333,0,Inf,0.333333333333333
"2080",0.329,4.95352930688934,0.870967741935484,0.349928652053962,0.777777777777778,0.909090909090909,0.777777777777778,0.909090909090909,0.222222222222222,0.0909090909090909,8.55555555555555,0.244444444444444
"2081",0.465,6.94864386292515,0.870967741935484,0.349772039222327,0.714285714285714,0.873737373737374,0.555555555555556,1,0.444444444444444,0,Inf,0.444444444444444
"2082",0.2345,3.9151222054137,0.903225806451613,0.311104678934355,0.869565217391304,0.961904761904762,1,0.857142857142857,0,0.142857142857143,7,0
"2083",0.405,5.74756519576862,0.806451612903226,0.399521646442003,0.666666666666667,0.782828282828283,0.666666666666667,0.863636363636364,0.333333333333333,0.136363636363636,4.88888888888889,0.385964912280702
"2084",0.4685,7.25214391799707,0.935483870967742,0.319285578187205,0.909090909090909,0.892543859649123,0.833333333333333,1,0.166666666666667,0,Inf,0.166666666666667
"2085",0.484,6.64851171744448,0.870967741935484,0.344830931324325,0.75,0.875,0.75,0.91304347826087,0.25,0.0869565217391305,8.62499999999999,0.273809523809524
"2086",0.262,4.14944562310263,0.806451612903226,0.354734445587216,0.727272727272727,0.851010101010101,0.888888888888889,0.772727272727273,0.111111111111111,0.227272727272727,3.91111111111111,0.143790849673203
"2087",0.125,2.87606738208347,0.838709677419355,0.401069961309266,0.8,0.901315789473684,0.833333333333333,0.842105263157895,0.166666666666667,0.157894736842105,5.27777777777778,0.197916666666667
"2088",0.0825,2.29959788863245,0.645161290322581,0.478231431662788,0.56,0.69949494949495,0.777777777777778,0.590909090909091,0.222222222222222,0.409090909090909,1.90123456790123,0.376068376068376
"2089",0.103,2.31024838432326,0.709677419354839,0.432293355703737,0.64,0.795238095238095,0.8,0.666666666666667,0.2,0.333333333333333,2.4,0.3
"2090",0.6405,7.24378113260382,0.838709677419355,0.385489354032578,0.782608695652174,0.890909090909091,0.818181818181818,0.85,0.181818181818182,0.15,5.45454545454545,0.213903743315508
"2091",0.244,3.97517491485993,0.870967741935484,0.327633445885218,0.714285714285714,0.913333333333333,0.833333333333333,0.88,0.166666666666667,0.12,6.94444444444444,0.189393939393939
"2092",0.247,4.61617339358757,0.870967741935484,0.35850364616864,0.833333333333333,0.918859649122807,0.833333333333333,0.894736842105263,0.166666666666667,0.105263157894737,7.91666666666667,0.186274509803922
"2093",0.139,2.60535293277289,0.806451612903226,0.380661559694988,0.785714285714286,0.888157894736842,0.916666666666667,0.736842105263158,0.0833333333333334,0.263157894736842,3.48333333333333,0.113095238095238
"2094",0.6685,8.30866545359486,0.903225806451613,0.320892185242075,0.769230769230769,0.869047619047619,0.714285714285714,0.958333333333333,0.285714285714286,0.0416666666666666,17.1428571428572,0.298136645962733
"2095",0.135,2.77375194237709,0.870967741935484,0.389364644240875,0.833333333333333,0.913636363636364,0.909090909090909,0.85,0.0909090909090909,0.15,6.06060606060606,0.106951871657754
"2096",0.577,7.24169237269846,0.903225806451613,0.343829473105641,0.769230769230769,0.821428571428571,0.714285714285714,0.958333333333333,0.285714285714286,0.0416666666666666,17.1428571428572,0.298136645962733
"2097",0.1,2.68812774208064,0.741935483870968,0.47356301846208,0.777777777777778,0.820833333333333,0.933333333333333,0.5625,0.0666666666666667,0.4375,2.13333333333333,0.118518518518518
"2098",0.8295,10.6541666286655,0.903225806451613,0.322454572368225,0.727272727272727,0.880952380952381,0.571428571428571,1,0.428571428571429,0,Inf,0.428571428571429
"2099",0.3145,5.74995633888437,0.838709677419355,0.38793213549151,0.736842105263158,0.846491228070175,0.583333333333333,1,0.416666666666667,0,Inf,0.416666666666667
"2100",0.193,3.75409860938691,0.838709677419355,0.393858263647271,0.736842105263158,0.840909090909091,0.777777777777778,0.863636363636364,0.222222222222222,0.136363636363636,5.7037037037037,0.257309941520468
"2101",0.1115,2.30175688848229,0.774193548387097,0.419067221181509,0.758620689655172,0.845454545454545,1,0.65,0,0.35,2.85714285714286,0
"2102",0.475,6.6518787066521,0.903225806451613,0.314742324358057,0.727272727272727,0.87,0.666666666666667,0.96,0.333333333333333,0.04,16.6666666666667,0.347222222222222
"2103",0.8625,10.6413451386448,0.903225806451613,0.353805124452627,0.666666666666667,0.766666666666667,0.5,1,0.5,0,Inf,0.5
"2104",0.155,2.64300582295037,0.838709677419355,0.352177181925744,0.736842105263158,0.904761904761905,1,0.791666666666667,0,0.208333333333333,4.8,0
"2105",0.18,3.79936224819373,0.903225806451613,0.391217801389707,0.842105263157895,0.904761904761905,0.8,0.952380952380952,0.2,0.0476190476190477,16.8,0.21
"2106",0.132,2.35050139155156,0.870967741935484,0.355692302766639,0.818181818181818,0.929292929292929,1,0.818181818181818,0,0.181818181818182,5.5,0
"2107",0.276,4.60420537480276,0.903225806451613,0.31846973252598,0.842105263157895,0.888888888888889,0.888888888888889,0.909090909090909,0.111111111111111,0.0909090909090909,9.77777777777777,0.122222222222222
"2108",0.2985,4.59745486800056,0.935483870967742,0.287524173554373,0.9,0.954545454545455,1,0.909090909090909,0,0.0909090909090909,11,0
"2109",0.1875,4.1500929018493,0.870967741935484,0.405662964614935,0.833333333333333,0.893162393162393,0.769230769230769,0.944444444444444,0.230769230769231,0.0555555555555556,13.8461538461538,0.244343891402715
"2110",0.63,6.63894038921667,0.870967741935484,0.392028750488854,0.714285714285714,0.866666666666667,0.833333333333333,0.88,0.166666666666667,0.12,6.94444444444444,0.189393939393939
"2111",0.573,6.77618885145275,0.806451612903226,0.401993383656378,0.7,0.845238095238095,0.7,0.857142857142857,0.3,0.142857142857143,4.9,0.35
"2112",0.386,5.54957708357309,0.838709677419355,0.378266069230218,0.615384615384615,0.767857142857143,0.571428571428571,0.916666666666667,0.428571428571429,0.0833333333333334,6.85714285714285,0.467532467532468
"2113",0.496,6.6526331705414,0.870967741935484,0.332694324518575,0.75,0.858695652173913,0.75,0.91304347826087,0.25,0.0869565217391305,8.62499999999999,0.273809523809524
"2114",0.836,9.22822285348159,0.838709677419355,0.423339966817789,0.545454545454545,0.726190476190476,0.428571428571429,0.958333333333333,0.571428571428571,0.0416666666666666,10.2857142857143,0.596273291925466
"2115",0.072,2.34412003270177,0.774193548387097,0.494332791624257,0.787878787878788,0.817226890756303,0.928571428571429,0.647058823529412,0.0714285714285714,0.352941176470588,2.63095238095238,0.11038961038961
"2116",0.2775,4.95806583384794,0.838709677419355,0.38373161751009,0.761904761904762,0.85,0.727272727272727,0.9,0.272727272727273,0.1,7.27272727272727,0.303030303030303
"2117",0.8415,10.0474640902662,0.870967741935484,0.391995382211598,0.6,0.791666666666667,0.428571428571429,1,0.571428571428571,0,Inf,0.571428571428571
"2118",0.071,1.82784667272924,0.516129032258065,0.443004614216805,0.482758620689655,0.660326086956522,0.875,0.391304347826087,0.125,0.608695652173913,1.4375,0.319444444444444
"2119",0.4925,7.34839547342391,0.870967741935484,0.347147768581478,0.777777777777778,0.904761904761905,0.7,0.952380952380952,0.3,0.0476190476190477,14.7,0.315
"2120",0.2435,4.12515942348958,0.838709677419355,0.329493806180536,0.782608695652174,0.916666666666667,0.9,0.80952380952381,0.1,0.19047619047619,4.725,0.123529411764706
"2121",0.676,8.63385085295341,0.903225806451613,0.331884679692019,0.666666666666667,0.786666666666667,0.5,1,0.5,0,Inf,0.5
"2122",0.6335,7.69964935877578,0.935483870967742,0.304485259781799,0.857142857142857,0.958333333333333,0.857142857142857,0.958333333333333,0.142857142857143,0.0416666666666666,20.5714285714286,0.149068322981366
"2123",0.4405,6.65459999402328,0.903225806451613,0.314224476776733,0.823529411764706,0.906565656565657,0.777777777777778,0.954545454545455,0.222222222222222,0.0454545454545454,17.1111111111111,0.232804232804233
"2124",0.438,6.50486299441667,0.870967741935484,0.322807228648515,0.818181818181818,0.927272727272727,0.818181818181818,0.9,0.181818181818182,0.1,8.18181818181818,0.202020202020202
"2125",0.294,4.9530461568188,0.903225806451613,0.320277861452843,0.857142857142857,0.928571428571429,0.9,0.904761904761905,0.1,0.0952380952380952,9.45,0.110526315789474
"2126",0.3515,4.95546304225126,0.774193548387097,0.441799292762672,0.631578947368421,0.77020202020202,0.666666666666667,0.818181818181818,0.333333333333333,0.181818181818182,3.66666666666667,0.407407407407407
"2127",0.316,5.02464291223437,0.870967741935484,0.355226419310261,0.8,0.914141414141414,0.888888888888889,0.863636363636364,0.111111111111111,0.136363636363636,6.51851851851852,0.128654970760234
"2128",0.565,6.87553736928401,0.870967741935484,0.350033504954369,0.714285714285714,0.863095238095238,0.714285714285714,0.916666666666667,0.285714285714286,0.0833333333333334,8.57142857142857,0.311688311688312
"2129",0.273,4.95530777570845,0.806451612903226,0.39376238825764,0.7,0.827272727272727,0.636363636363636,0.9,0.363636363636364,0.1,6.36363636363637,0.404040404040404
"2130",0.1745,2.85143872102481,0.774193548387097,0.424075027865396,0.666666666666667,0.839285714285714,1,0.708333333333333,0,0.291666666666667,3.42857142857143,0
"2131",0.2865,4.62613484818735,0.903225806451613,0.318755633333541,0.842105263157895,0.926767676767677,0.888888888888889,0.909090909090909,0.111111111111111,0.0909090909090909,9.77777777777777,0.122222222222222
"2132",0.1645,2.85661905137352,0.806451612903226,0.374021759771585,0.7,0.869565217391304,0.875,0.782608695652174,0.125,0.217391304347826,4.025,0.159722222222222
"2133",0.3215,5.02790795243203,0.870967741935484,0.339877061346768,0.75,0.91304347826087,0.75,0.91304347826087,0.25,0.0869565217391305,8.62499999999999,0.273809523809524
"2134",0.2185,3.87341672408396,0.838709677419355,0.384794304684917,0.814814814814815,0.890350877192982,0.916666666666667,0.789473684210526,0.0833333333333334,0.210526315789474,4.35416666666667,0.105555555555556
"2135",0.563,6.94922684567933,0.935483870967742,0.308171926864615,0.833333333333333,0.946666666666667,0.833333333333333,0.96,0.166666666666667,0.04,20.8333333333333,0.173611111111111
"2136",0.1125,2.75324311368942,0.709677419354839,0.466292598343102,0.608695652173913,0.75,0.777777777777778,0.681818181818182,0.222222222222222,0.318181818181818,2.44444444444444,0.325925925925926
"2137",0.1295,2.68391469745967,0.806451612903226,0.395684130029051,0.823529411764706,0.894957983193277,1,0.647058823529412,0,0.352941176470588,2.83333333333333,0
"2138",0.8085,10.1369871104402,0.903225806451613,0.338167893189783,0.769230769230769,0.872282608695652,0.625,1,0.375,0,Inf,0.375
"2139",0.2335,4.15226847191517,0.838709677419355,0.376690473036251,0.736842105263158,0.888888888888889,0.777777777777778,0.863636363636364,0.222222222222222,0.136363636363636,5.7037037037037,0.257309941520468
"2140",0.5065,7.25221549250886,0.870967741935484,0.32821648000377,0.777777777777778,0.897619047619048,0.7,0.952380952380952,0.3,0.0476190476190477,14.7,0.315
"2141",0.293,5.02989663669672,0.838709677419355,0.422408691765248,0.736842105263158,0.804761904761905,0.7,0.904761904761905,0.3,0.0952380952380952,7.35,0.331578947368421
"2142",0.4475,6.54286053541771,0.838709677419355,0.381929942955732,0.666666666666667,0.795454545454545,0.555555555555556,0.954545454545455,0.444444444444444,0.0454545454545454,12.2222222222222,0.465608465608466
"2143",0.315,5.02749347994015,0.838709677419355,0.365178314275166,0.761904761904762,0.876190476190476,0.8,0.857142857142857,0.2,0.142857142857143,5.6,0.233333333333333
"2144",0.144,2.46580242523138,0.806451612903226,0.360125823093713,0.7,0.888586956521739,0.875,0.782608695652174,0.125,0.217391304347826,4.025,0.159722222222222
"2145",0.468,5.94543796142543,0.935483870967742,0.266117436005523,0.857142857142857,0.973333333333333,1,0.92,0,0.08,12.5,0
"2146",0.1045,1.83078962870691,0.806451612903226,0.373548500179152,0.8125,0.905982905982906,1,0.666666666666667,0,0.333333333333333,3,0
"2147",0.6445,7.80926466893458,0.870967741935484,0.359749359884741,0.714285714285714,0.779891304347826,0.625,0.956521739130435,0.375,0.0434782608695652,14.375,0.392045454545455
"2148",0.258,4.40293318298434,0.903225806451613,0.307438112267687,0.869565217391304,0.954545454545454,0.909090909090909,0.9,0.0909090909090909,0.1,9.09090909090909,0.101010101010101
"2149",0.139,2.85802164355245,0.806451612903226,0.389948196894472,0.727272727272727,0.864285714285714,0.8,0.80952380952381,0.2,0.19047619047619,4.2,0.247058823529412
"2150",0.27,5.02817380122941,0.870967741935484,0.378763535947689,0.818181818181818,0.895454545454546,0.818181818181818,0.9,0.181818181818182,0.1,8.18181818181818,0.202020202020202
"2151",0.2505,4.12993859483228,0.774193548387097,0.451397316054702,0.740740740740741,0.780701754385965,0.833333333333333,0.736842105263158,0.166666666666667,0.263157894736842,3.16666666666667,0.226190476190476
"2152",0.6125,7.42523381788317,0.870967741935484,0.350347931505251,0.75,0.83695652173913,0.75,0.91304347826087,0.25,0.0869565217391305,8.62499999999999,0.273809523809524
"2153",0.128,2.84529094854105,0.838709677419355,0.420081793320824,0.814814814814815,0.868421052631579,0.916666666666667,0.789473684210526,0.0833333333333334,0.210526315789474,4.35416666666667,0.105555555555556
"2154",0.284,4.36651495281774,0.838709677419355,0.324107641393005,0.705882352941177,0.886904761904762,0.857142857142857,0.833333333333333,0.142857142857143,0.166666666666667,5.14285714285714,0.171428571428571
"2155",0.6605,8.42835493041346,0.903225806451613,0.311452131269145,0.8,0.945652173913043,0.75,0.956521739130435,0.25,0.0434782608695652,17.25,0.261363636363636
"2156",0.159,2.88488335944724,0.903225806451613,0.336578699582918,0.857142857142857,0.907142857142857,0.9,0.904761904761905,0.1,0.0952380952380952,9.45,0.110526315789474
"2157",0.2295,3.91890412093688,0.903225806451613,0.327712061940678,0.823529411764706,0.9375,0.875,0.91304347826087,0.125,0.0869565217391305,10.0625,0.136904761904762
"2158",0.274,4.95470987543341,0.838709677419355,0.37261419396108,0.705882352941177,0.843434343434343,0.666666666666667,0.909090909090909,0.333333333333333,0.0909090909090909,7.33333333333333,0.366666666666667
"2159",0.2665,4.1517680909222,0.838709677419355,0.399255597387029,0.761904761904762,0.883838383838384,0.888888888888889,0.818181818181818,0.111111111111111,0.181818181818182,4.88888888888889,0.135802469135803
"2160",0.1115,2.84900692857551,0.870967741935484,0.422384216719609,0.857142857142857,0.913865546218487,0.857142857142857,0.882352941176471,0.142857142857143,0.117647058823529,7.28571428571428,0.161904761904762
"2161",0.087,2.8493977496983,0.838709677419355,0.496935515760788,0.848484848484849,0.8875,0.875,0.8,0.125,0.2,4.375,0.15625
"2162",0.2555,4.20626810326178,0.838709677419355,0.387011320894778,0.666666666666667,0.785714285714286,0.714285714285714,0.875,0.285714285714286,0.125,5.71428571428571,0.326530612244898
"2163",0.449,6.65080660425251,0.870967741935484,0.345521413717826,0.777777777777778,0.864285714285714,0.7,0.952380952380952,0.3,0.0476190476190477,14.7,0.315
"2164",0.6345,7.24259820155765,0.935483870967742,0.317835175913729,0.8,0.967592592592593,1,0.925925925925926,0,0.0740740740740741,13.5,0
"2165",0.199,3.93814587584429,0.806451612903226,0.425458851602666,0.769230769230769,0.842105263157895,0.833333333333333,0.789473684210526,0.166666666666667,0.210526315789474,3.95833333333333,0.211111111111111
"2166",0.1305,2.70601638705883,0.774193548387097,0.400201883058128,0.631578947368421,0.827380952380952,0.857142857142857,0.75,0.142857142857143,0.25,3.42857142857143,0.190476190476191
"2167",0.135,2.35348464584195,0.67741935483871,0.39864116445664,0.615384615384615,0.78804347826087,1,0.565217391304348,0,0.434782608695652,2.3,0
"2168",0.9315,11.3638804757207,0.870967741935484,0.411651490004686,0.714285714285714,0.845959595959596,0.555555555555556,1,0.444444444444444,0,Inf,0.444444444444444
"2169",0.1445,2.6557252257581,0.806451612903226,0.338768766724455,0.727272727272727,0.896464646464646,0.888888888888889,0.772727272727273,0.111111111111111,0.227272727272727,3.91111111111111,0.143790849673203
"2170",0.3235,4.95077158655743,0.838709677419355,0.356971080071864,0.761904761904762,0.904761904761905,0.8,0.857142857142857,0.2,0.142857142857143,5.6,0.233333333333333
"2171",0.2105,4.18062052312988,0.903225806451613,0.381845077070143,0.88,0.923245614035088,0.916666666666667,0.894736842105263,0.0833333333333334,0.105263157894737,8.70833333333333,0.0931372549019608
"2172",0.146,2.57441660288001,0.774193548387097,0.36337350783272,0.666666666666667,0.858695652173913,0.875,0.739130434782609,0.125,0.260869565217391,3.35416666666667,0.169117647058824
"2173",0.478,6.80435480870642,0.903225806451613,0.301518557838526,0.769230769230769,0.851190476190476,0.714285714285714,0.958333333333333,0.285714285714286,0.0416666666666666,17.1428571428572,0.298136645962733
"2174",0.221,4.15510980197742,0.838709677419355,0.407745636608613,0.827586206896552,0.861344537815126,0.857142857142857,0.823529411764706,0.142857142857143,0.176470588235294,4.85714285714286,0.173469387755102
"2175",0.122,2.64645707184167,0.806451612903226,0.403279299091783,0.769230769230769,0.854545454545454,0.909090909090909,0.75,0.0909090909090909,0.25,3.63636363636364,0.121212121212121
"2176",0.389,6.36434766010739,0.903225806451613,0.329238440509321,0.823529411764706,0.885714285714286,0.7,1,0.3,0,Inf,0.3
"2177",0.202,3.74170225382792,0.806451612903226,0.380879202188194,0.75,0.868181818181818,0.818181818181818,0.8,0.181818181818182,0.2,4.09090909090909,0.227272727272727
"2178",0.094,1.96201553903008,0.838709677419355,0.422826305254587,0.848484848484849,0.892857142857143,1,0.705882352941177,0,0.294117647058823,3.4,0
"2179",0.175,3.67481885952751,0.870967741935484,0.397462232230825,0.818181818181818,0.897727272727273,0.818181818181818,0.9,0.181818181818182,0.1,8.18181818181818,0.202020202020202
"2180",0.17,2.85358215675702,0.838709677419355,0.341045337480713,0.782608695652174,0.919191919191919,1,0.772727272727273,0,0.227272727272727,4.4,0
"2181",0.7635,9.60072371329766,0.870967741935484,0.36422644132578,0.714285714285714,0.856060606060606,0.555555555555556,1,0.444444444444444,0,Inf,0.444444444444444
"2182",0.8245,8.250368408936,0.806451612903226,0.463101449311765,0.5,0.723214285714286,0.428571428571429,0.916666666666667,0.571428571428571,0.0833333333333334,5.14285714285714,0.623376623376623
"2183",0.514,5.74899025775564,0.838709677419355,0.381180014475875,0.545454545454545,0.87962962962963,0.75,0.851851851851852,0.25,0.148148148148148,5.0625,0.293478260869565
"2184",0.2405,5.02717860757566,0.870967741935484,0.411034203251061,0.714285714285714,0.886363636363636,0.555555555555556,1,0.444444444444444,0,Inf,0.444444444444444
"2185",0.733,8.48498902722025,0.806451612903226,0.433506053638646,0.666666666666667,0.797727272727273,0.545454545454545,0.95,0.454545454545455,0.05,10.9090909090909,0.478468899521531
"2186",0.3605,5.55325177565595,0.838709677419355,0.360530567078426,0.666666666666667,0.815217391304348,0.625,0.91304347826087,0.375,0.0869565217391305,7.1875,0.410714285714286
"2187",0.434,5.87939490192389,0.967741935483871,0.229934129552618,0.909090909090909,0.992307692307692,1,0.961538461538462,0,0.0384615384615384,26,0
"2188",0.1205,2.57082433594093,0.806451612903226,0.423714942246411,0.8,0.854700854700855,0.923076923076923,0.722222222222222,0.0769230769230769,0.277777777777778,3.32307692307692,0.106508875739645
"2189",0.695,8.63361614358591,0.870967741935484,0.359457979979251,0.714285714285714,0.823369565217391,0.625,0.956521739130435,0.375,0.0434782608695652,14.375,0.392045454545455
"2190",0.754,9.59682900706687,0.967741935483871,0.284831385878954,0.888888888888889,0.907692307692308,0.8,1,0.2,0,Inf,0.2
"2191",0.236,3.97543209066124,0.774193548387097,0.424211235377059,0.695652173913043,0.816666666666667,0.8,0.761904761904762,0.2,0.238095238095238,3.36,0.2625
"2192",0.384,5.55601880630712,0.870967741935484,0.326072341681978,0.714285714285714,0.901785714285714,0.714285714285714,0.916666666666667,0.285714285714286,0.0833333333333334,8.57142857142857,0.311688311688312
"2193",0.1785,4.1226311984491,0.838709677419355,0.406830919367425,0.8,0.852941176470588,0.714285714285714,0.941176470588235,0.285714285714286,0.0588235294117647,12.1428571428571,0.303571428571429
"2194",0.2065,4.1276174718436,0.870967741935484,0.394722381904344,0.846153846153846,0.854700854700855,0.846153846153846,0.888888888888889,0.153846153846154,0.111111111111111,7.61538461538461,0.173076923076923
"2195",0.231,3.86869393867489,0.935483870967742,0.33458652923755,0.9,0.944444444444444,1,0.909090909090909,0,0.0909090909090909,11,0
"2196",0.1685,3.48768858952924,0.903225806451613,0.393993979981688,0.888888888888889,0.916666666666667,0.923076923076923,0.888888888888889,0.0769230769230769,0.111111111111111,8.3076923076923,0.0865384615384615
"2197",0.1125,2.65204222082983,0.838709677419355,0.407144623156105,0.782608695652174,0.888095238095238,0.9,0.80952380952381,0.1,0.19047619047619,4.725,0.123529411764706
"2198",0.2895,5.03034965232698,0.935483870967742,0.314757003606088,0.9,0.966666666666667,0.9,0.952380952380952,0.1,0.0476190476190477,18.9,0.105
"2199",0.3305,4.95353469811126,0.903225806451613,0.303866593222126,0.823529411764706,0.940217391304348,0.875,0.91304347826087,0.125,0.0869565217391305,10.0625,0.136904761904762
"2200",0.6645,7.33564960149535,0.838709677419355,0.390008547623185,0.761904761904762,0.857142857142857,0.8,0.857142857142857,0.2,0.142857142857143,5.6,0.233333333333333
"2201",0.4215,5.746985484035,0.903225806451613,0.325761369310592,0.666666666666667,0.842307692307692,0.6,0.961538461538462,0.4,0.0384615384615384,15.6,0.416
"2202",0.1365,2.85845499871456,0.838709677419355,0.374759421282686,0.827586206896552,0.931623931623932,0.923076923076923,0.777777777777778,0.0769230769230769,0.222222222222222,4.15384615384615,0.0989010989010988
"2203",0.706,8.63295193521226,0.903225806451613,0.33707619385016,0.8,0.918478260869565,0.75,0.956521739130435,0.25,0.0434782608695652,17.25,0.261363636363636
"2204",0.2425,4.15376963975794,0.774193548387097,0.393820260915298,0.72,0.827272727272727,0.818181818181818,0.75,0.181818181818182,0.25,3.27272727272727,0.242424242424242
"2205",0.538,7.24962906841244,0.935483870967742,0.292047098546126,0.8,0.906666666666667,0.666666666666667,1,0.333333333333333,0,Inf,0.333333333333333
"2206",0.1415,2.64699918921584,0.806451612903226,0.398873602640635,0.75,0.866161616161616,1,0.727272727272727,0,0.272727272727273,3.66666666666667,0
"2207",0.0995,2.65039089772162,0.806451612903226,0.456970328071782,0.769230769230769,0.850877192982456,0.833333333333333,0.789473684210526,0.166666666666667,0.210526315789474,3.95833333333333,0.211111111111111
"2208",0.728,8.29076456178483,0.870967741935484,0.360546999421599,0.777777777777778,0.873737373737374,0.777777777777778,0.909090909090909,0.222222222222222,0.0909090909090909,8.55555555555555,0.244444444444444
"2209",0.952,10.637262304623,0.903225806451613,0.415355558752951,0.666666666666667,0.734615384615385,0.6,0.961538461538462,0.4,0.0384615384615384,15.6,0.416
"2210",0.215,3.87841727952579,0.806451612903226,0.388456823900645,0.666666666666667,0.809782608695652,0.75,0.826086956521739,0.25,0.173913043478261,4.3125,0.302631578947368
"2211",0.228,4.20495163994673,0.806451612903226,0.388948988511824,0.727272727272727,0.870454545454545,0.727272727272727,0.85,0.272727272727273,0.15,4.84848484848485,0.320855614973262
"2212",0.3495,5.02846421824235,0.774193548387097,0.413682074405291,0.588235294117647,0.699404761904762,0.714285714285714,0.791666666666667,0.285714285714286,0.208333333333333,3.42857142857143,0.360902255639098
"2213",0.212,4.43442845800402,0.806451612903226,0.431732293444767,0.769230769230769,0.80982905982906,0.769230769230769,0.833333333333333,0.230769230769231,0.166666666666667,4.61538461538462,0.276923076923077
"2214",0.365,5.75041244696433,0.806451612903226,0.393634418403205,0.666666666666667,0.775252525252525,0.666666666666667,0.863636363636364,0.333333333333333,0.136363636363636,4.88888888888889,0.385964912280702
"2215",0.902,10.6759800414208,0.903225806451613,0.348565107783483,0.823529411764706,0.939393939393939,0.777777777777778,0.954545454545455,0.222222222222222,0.0454545454545454,17.1111111111111,0.232804232804233
"2216",0.2615,4.62543843848922,0.935483870967742,0.299503068467966,0.888888888888889,0.957142857142857,0.8,1,0.2,0,Inf,0.2
"2217",0.113,2.65097126630205,0.741935483870968,0.463399046298469,0.733333333333333,0.791666666666667,0.916666666666667,0.631578947368421,0.0833333333333334,0.368421052631579,2.48809523809524,0.131944444444445
"2218",0.265,4.60883133818186,0.870967741935484,0.356498336776199,0.8,0.904761904761905,0.8,0.904761904761905,0.2,0.0952380952380952,8.4,0.221052631578947
"2219",0.278,4.20749374723899,0.870967741935484,0.356963582147696,0.846153846153846,0.918181818181818,1,0.8,0,0.2,5,0
"2220",0.1385,2.45403870790438,0.903225806451613,0.320327914992334,0.88,0.970454545454545,1,0.85,0,0.15,6.66666666666667,0
"2221",0.1475,2.34256324861088,0.870967741935484,0.31940410494078,0.818181818181818,0.94949494949495,1,0.818181818181818,0,0.181818181818182,5.5,0
"2222",0.135,2.60587347511915,0.774193548387097,0.378313970090971,0.72,0.866666666666667,0.9,0.714285714285714,0.1,0.285714285714286,3.15,0.14
"2223",0.395,5.74913959700038,0.838709677419355,0.346089178418249,0.736842105263158,0.909090909090909,0.777777777777778,0.863636363636364,0.222222222222222,0.136363636363636,5.7037037037037,0.257309941520468
"2224",0.2745,4.63247422104793,0.838709677419355,0.358811258600043,0.8,0.904545454545455,0.909090909090909,0.8,0.0909090909090909,0.2,4.54545454545455,0.113636363636364
"2225",0.148,2.85937156410494,0.741935483870968,0.40839540580717,0.666666666666667,0.811904761904762,0.8,0.714285714285714,0.2,0.285714285714286,2.8,0.28
"2226",0.22,3.97159859218811,0.935483870967742,0.306797291559975,0.923076923076923,0.961538461538462,0.923076923076923,0.944444444444444,0.0769230769230769,0.0555555555555556,16.6153846153846,0.0814479638009049
"2227",0.529,7.03890117628743,0.935483870967742,0.280759174534022,0.857142857142857,0.94047619047619,0.857142857142857,0.958333333333333,0.142857142857143,0.0416666666666666,20.5714285714286,0.149068322981366
"2228",0.1145,2.87591636743896,0.741935483870968,0.446891288008749,0.636363636363636,0.754761904761905,0.7,0.761904761904762,0.3,0.238095238095238,2.94,0.39375
"2229",0.231,4.614422643685,0.870967741935484,0.370901075577334,0.833333333333333,0.93640350877193,0.833333333333333,0.894736842105263,0.166666666666667,0.105263157894737,7.91666666666667,0.186274509803922
"2230",0.442,6.49893981187135,0.903225806451613,0.312983229539676,0.8,0.910326086956522,0.75,0.956521739130435,0.25,0.0434782608695652,17.25,0.261363636363636
"2231",0.169,3.7502328958272,0.838709677419355,0.412708289020195,0.782608695652174,0.875,0.75,0.894736842105263,0.25,0.105263157894737,7.125,0.279411764705882
"2232",0.2195,3.8690367805796,0.838709677419355,0.359991905102104,0.736842105263158,0.906565656565657,0.777777777777778,0.863636363636364,0.222222222222222,0.136363636363636,5.7037037037037,0.257309941520468
"2233",0.2555,4.60922536644423,0.870967741935484,0.335285915333919,0.714285714285714,0.902173913043478,0.625,0.956521739130435,0.375,0.0434782608695652,14.375,0.392045454545455
"2234",0.2955,5.02207731402343,0.935483870967742,0.302127314293281,0.875,0.909090909090909,0.777777777777778,1,0.222222222222222,0,Inf,0.222222222222222
"2235",0.186,2.87899546412931,0.774193548387097,0.405158379937405,0.72,0.866161616161616,1,0.681818181818182,0,0.318181818181818,3.14285714285714,0
"2236",0.757,9.34813289502535,0.903225806451613,0.344839946328444,0.727272727272727,0.782738095238095,0.571428571428571,1,0.428571428571429,0,Inf,0.428571428571429
"2237",0.1965,3.69937307236,0.838709677419355,0.373564091541233,0.705882352941177,0.875,0.75,0.869565217391304,0.25,0.130434782608696,5.75,0.2875
"2238",0.626,8.60437482983653,0.903225806451613,0.30088757824765,0.769230769230769,0.929347826086957,0.625,1,0.375,0,Inf,0.375
"2239",0.166,2.87840850180378,0.774193548387097,0.382702241281229,0.631578947368421,0.821428571428571,0.857142857142857,0.75,0.142857142857143,0.25,3.42857142857143,0.190476190476191
"2240",0.188,3.97666504117119,0.774193548387097,0.432974272509262,0.695652173913043,0.815909090909091,0.727272727272727,0.8,0.272727272727273,0.2,3.63636363636364,0.340909090909091
"2241",0.555,7.89412134525267,0.903225806451613,0.309305510088995,0.769230769230769,0.907608695652174,0.625,1,0.375,0,Inf,0.375
"2242",0.22,4.38366165273456,0.806451612903226,0.392730323566499,0.727272727272727,0.868181818181818,0.727272727272727,0.85,0.272727272727273,0.15,4.84848484848485,0.320855614973262
"2243",0.2195,3.97548068391559,0.903225806451613,0.318593259537674,0.842105263157895,0.957142857142857,0.8,0.952380952380952,0.2,0.0476190476190477,16.8,0.21
"2244",0.528,6.49399024842913,0.903225806451613,0.335208102040721,0.842105263157895,0.888888888888889,0.888888888888889,0.909090909090909,0.111111111111111,0.0909090909090909,9.77777777777777,0.122222222222222
"2245",0.504,6.9546793365512,0.903225806451613,0.306952619290464,0.727272727272727,0.92,0.666666666666667,0.96,0.333333333333333,0.04,16.6666666666667,0.347222222222222
"2246",0.3,4.62516357788659,0.935483870967742,0.266076229334056,0.857142857142857,0.946428571428571,0.857142857142857,0.958333333333333,0.142857142857143,0.0416666666666666,20.5714285714286,0.149068322981366
"2247",0.2515,3.96832460852379,0.870967741935484,0.302217023073991,0.75,0.913690476190476,0.857142857142857,0.875,0.142857142857143,0.125,6.85714285714286,0.163265306122449
"2248",0.335,5.02473211685605,0.870967741935484,0.319138726291837,0.777777777777778,0.869565217391304,0.875,0.869565217391304,0.125,0.130434782608696,6.70833333333333,0.14375
"2249",0.3675,4.95628407271911,0.838709677419355,0.401209370510237,0.736842105263158,0.872282608695652,0.875,0.826086956521739,0.125,0.173913043478261,5.03125,0.151315789473684
"2250",0.287,4.95664594116063,0.870967741935484,0.367004883395188,0.818181818181818,0.895454545454545,0.818181818181818,0.9,0.181818181818182,0.1,8.18181818181818,0.202020202020202
"2251",0.1795,3.88232546364413,0.774193548387097,0.439969862707202,0.72,0.785087719298246,0.75,0.789473684210526,0.25,0.210526315789474,3.5625,0.316666666666667
"2252",0.3285,4.96578099373611,0.806451612903226,0.39981360532924,0.727272727272727,0.823809523809524,0.8,0.80952380952381,0.2,0.19047619047619,4.2,0.247058823529412
"2253",0.187,4.20519513338547,0.903225806451613,0.415793142951645,0.88,0.927350427350427,0.846153846153846,0.944444444444444,0.153846153846154,0.0555555555555556,15.2307692307692,0.16289592760181
"2254",0.3005,4.62649669318405,0.870967741935484,0.331253116838757,0.714285714285714,0.9,0.833333333333333,0.88,0.166666666666667,0.12,6.94444444444444,0.189393939393939
"2255",0.3345,4.92210120616646,0.806451612903226,0.404774727066915,0.666666666666667,0.828804347826087,0.75,0.826086956521739,0.25,0.173913043478261,4.3125,0.302631578947368
"2256",0.2975,5.02879854984045,0.870967741935484,0.348291164239343,0.8,0.919047619047619,0.8,0.904761904761905,0.2,0.0952380952380952,8.4,0.221052631578947
"2257",0.2335,4.40961437334189,0.870967741935484,0.377240171933816,0.846153846153846,0.907894736842105,0.916666666666667,0.842105263157895,0.0833333333333334,0.157894736842105,5.80555555555555,0.0989583333333334
"2258",0.1455,2.84885157404055,0.774193548387097,0.383556105919742,0.666666666666667,0.842391304347826,0.875,0.739130434782609,0.125,0.260869565217391,3.35416666666667,0.169117647058824
"2259",0.28,4.12917489131592,0.838709677419355,0.330865743525627,0.615384615384615,0.85,0.8,0.846153846153846,0.2,0.153846153846154,5.2,0.236363636363636
"2260",0.221,4.38775660705958,0.838709677419355,0.400032328711823,0.736842105263158,0.847619047619048,0.7,0.904761904761905,0.3,0.0952380952380952,7.35,0.331578947368421
"2261",0.5345,7.24722192029598,0.935483870967742,0.280173049991068,0.888888888888889,0.95959595959596,0.888888888888889,0.954545454545455,0.111111111111111,0.0454545454545454,19.5555555555556,0.116402116402116
"2262",0.1845,2.87111131164885,0.870967741935484,0.32378742409717,0.75,0.926666666666667,1,0.84,0,0.16,6.25,0
"2263",0.2615,4.20670447604272,0.838709677419355,0.338678945478947,0.736842105263158,0.858695652173913,0.875,0.826086956521739,0.125,0.173913043478261,5.03125,0.151315789473684
"2264",0.5925,7.77072088604472,0.870967741935484,0.338193069437272,0.75,0.886363636363636,0.666666666666667,0.954545454545455,0.333333333333333,0.0454545454545454,14.6666666666667,0.349206349206349
"2265",0.547,6.93886090552706,0.903225806451613,0.331702204194923,0.8,0.83695652173913,0.75,0.956521739130435,0.25,0.0434782608695652,17.25,0.261363636363636
"2266",0.2435,4.20082211754292,0.838709677419355,0.342649486426392,0.666666666666667,0.860119047619048,0.714285714285714,0.875,0.285714285714286,0.125,5.71428571428571,0.326530612244898
"2267",0.369,5.02216364835654,0.870967741935484,0.329263294461747,0.666666666666667,0.873076923076923,0.8,0.884615384615385,0.2,0.115384615384615,6.93333333333333,0.226086956521739
"2268",0.433,5.74967131920235,0.838709677419355,0.364453439216528,0.615384615384615,0.796666666666667,0.666666666666667,0.88,0.333333333333333,0.12,5.55555555555556,0.378787878787879
"2269",0.4605,5.75192764299358,0.870967741935484,0.325770224954268,0.6,0.837962962962963,0.75,0.888888888888889,0.25,0.111111111111111,6.75,0.28125
"2270",0.3615,5.75353035810865,0.903225806451613,0.317217774318653,0.769230769230769,0.902173913043478,0.625,1,0.375,0,Inf,0.375
"2271",0.235,4.15470005074423,0.870967741935484,0.375310133066256,0.818181818181818,0.895238095238095,0.9,0.857142857142857,0.1,0.142857142857143,6.3,0.116666666666667
"2272",0.425,7.16034990401102,0.806451612903226,0.417836298525376,0.666666666666667,0.787280701754386,0.5,1,0.5,0,Inf,0.5
"2273",0.4665,6.90502706135723,1,0.216264521794124,1,1,1,1,0,0,Inf,0
"2274",0.566,6.93815244417137,0.870967741935484,0.33751405774965,0.714285714285714,0.901785714285714,0.714285714285714,0.916666666666667,0.285714285714286,0.0833333333333334,8.57142857142857,0.311688311688312
"2275",0.19,3.73442963946394,0.935483870967742,0.362586745649314,0.916666666666667,0.958333333333333,0.916666666666667,0.947368421052632,0.0833333333333334,0.0526315789473685,17.4166666666667,0.087962962962963
"2276",0.304,4.20517657215632,0.774193548387097,0.439101494973387,0.695652173913043,0.858585858585859,0.888888888888889,0.727272727272727,0.111111111111111,0.272727272727273,3.25925925925926,0.152777777777778
"2277",0.0915,1.82161469607219,0.67741935483871,0.430464937887529,0.642857142857143,0.785353535353535,1,0.545454545454545,0,0.454545454545455,2.2,0
"2278",0.261,4.4204805817655,0.806451612903226,0.386734614323499,0.7,0.818181818181818,0.777777777777778,0.818181818181818,0.222222222222222,0.181818181818182,4.27777777777778,0.271604938271605
"2279",0.589,7.24558456739423,0.870967741935484,0.333448855584674,0.714285714285714,0.910714285714286,0.714285714285714,0.916666666666667,0.285714285714286,0.0833333333333334,8.57142857142857,0.311688311688312
"2280",0.2405,4.20499175119698,0.903225806451613,0.308147626732124,0.869565217391304,0.909090909090909,0.909090909090909,0.9,0.0909090909090909,0.1,9.09090909090909,0.101010101010101
"2281",0.3015,5.02544725466959,0.709677419354839,0.424104584277098,0.571428571428571,0.71969696969697,0.666666666666667,0.727272727272727,0.333333333333333,0.272727272727273,2.44444444444444,0.458333333333333
"2282",0.2825,4.62824726394956,0.903225806451613,0.301902921269597,0.842105263157895,0.941919191919192,0.888888888888889,0.909090909090909,0.111111111111111,0.0909090909090909,9.77777777777777,0.122222222222222
"2283",0.509,7.38803526180527,0.903225806451613,0.306003579443937,0.8,0.898989898989899,0.666666666666667,1,0.333333333333333,0,Inf,0.333333333333333
"2284",0.27,4.16919324463305,0.838709677419355,0.326833431169424,0.666666666666667,0.9,0.833333333333333,0.84,0.166666666666667,0.16,5.20833333333333,0.198412698412698
"2285",0.281,5.02599693080364,0.903225806451613,0.333449502436595,0.823529411764706,0.871428571428571,0.7,1,0.3,0,Inf,0.3
"2286",0.382,5.02810983056569,0.774193548387097,0.424729128979832,0.666666666666667,0.820707070707071,0.777777777777778,0.772727272727273,0.222222222222222,0.227272727272727,3.42222222222222,0.287581699346405
"2287",0.2485,4.13025463042653,0.870967741935484,0.336835449369741,0.8,0.911616161616162,0.888888888888889,0.863636363636364,0.111111111111111,0.136363636363636,6.51851851851852,0.128654970760234
"2288",0.252,3.9247739992484,0.806451612903226,0.345963239391013,0.625,0.853333333333333,0.833333333333333,0.8,0.166666666666667,0.2,4.16666666666667,0.208333333333333
"2289",0.2395,4.1850288292218,0.838709677419355,0.355313169240807,0.782608695652174,0.914285714285714,0.9,0.80952380952381,0.1,0.19047619047619,4.725,0.123529411764706
"2290",0.3165,4.62912093189762,0.935483870967742,0.275622616723308,0.875,0.958333333333333,1,0.916666666666667,0,0.0833333333333334,12,0
"2291",0.1505,2.77409751291908,0.838709677419355,0.354587127616805,0.666666666666667,0.854166666666667,0.714285714285714,0.875,0.285714285714286,0.125,5.71428571428571,0.326530612244898
"2292",0.0735,1.8183508013866,0.709677419354839,0.436247432268432,0.666666666666667,0.818181818181818,1,0.590909090909091,0,0.409090909090909,2.44444444444444,0
"2293",0.1495,2.85228120025632,0.645161290322581,0.493457661763438,0.352941176470588,0.576923076923077,0.6,0.653846153846154,0.4,0.346153846153846,1.73333333333333,0.611764705882353
"2294",0.213,4.18338511813685,0.870967741935484,0.381255377406124,0.8,0.861904761904762,0.8,0.904761904761905,0.2,0.0952380952380952,8.4,0.221052631578947
"2295",0.137,2.80351069000508,0.935483870967742,0.37133489058217,0.909090909090909,0.920454545454545,0.909090909090909,0.95,0.0909090909090909,0.05,18.1818181818182,0.0956937799043063
"2296",0.093,2.51994671096352,0.870967741935484,0.441135935004212,0.846153846153846,0.894736842105263,0.916666666666667,0.842105263157895,0.0833333333333334,0.157894736842105,5.80555555555555,0.0989583333333334
"2297",0.115,2.30927998733017,0.709677419354839,0.422802558005127,0.689655172413793,0.820454545454545,0.909090909090909,0.6,0.0909090909090909,0.4,2.27272727272727,0.151515151515152
"2298",0.2765,4.20403839825603,0.870967741935484,0.350753115227639,0.818181818181818,0.919047619047619,0.9,0.857142857142857,0.1,0.142857142857143,6.3,0.116666666666667
"2299",0.429,5.74588633858926,0.838709677419355,0.37955982408174,0.705882352941177,0.872282608695652,0.75,0.869565217391304,0.25,0.130434782608696,5.75,0.2875
"2300",0.252,4.12605109469782,0.870967741935484,0.341222209453498,0.833333333333333,0.923809523809524,1,0.80952380952381,0,0.19047619047619,5.25,0
"2301",0.314,5.02890376946355,0.870967741935484,0.368228999445024,0.75,0.847826086956522,0.75,0.91304347826087,0.25,0.0869565217391305,8.62499999999999,0.273809523809524
"2302",0.2365,3.91399189194508,0.806451612903226,0.355042446345456,0.625,0.830357142857143,0.714285714285714,0.833333333333333,0.285714285714286,0.166666666666667,4.28571428571429,0.342857142857143
"2303",0.7815,8.26897537909339,0.870967741935484,0.387290260480013,0.666666666666667,0.866666666666667,0.666666666666667,0.92,0.333333333333333,0.08,8.33333333333334,0.36231884057971
"2304",0.8555,10.2623149172601,0.838709677419355,0.413217852836104,0.615384615384615,0.782828282828283,0.444444444444444,1,0.555555555555556,0,Inf,0.555555555555556
"2305",0.303,4.9515376385296,0.935483870967742,0.30150127433248,0.888888888888889,0.941919191919192,0.888888888888889,0.954545454545455,0.111111111111111,0.0454545454545454,19.5555555555556,0.116402116402116
"2306",0.1385,2.66137818190222,0.838709677419355,0.370089249546551,0.814814814814815,0.914473684210526,0.916666666666667,0.789473684210526,0.0833333333333334,0.210526315789474,4.35416666666667,0.105555555555556
"2307",0.1485,2.85472466704443,0.870967741935484,0.364759551662171,0.833333333333333,0.943181818181818,0.909090909090909,0.85,0.0909090909090909,0.15,6.06060606060606,0.106951871657754
"2308",0.9375,12.7811595529656,0.903225806451613,0.340493122302964,0.666666666666667,0.86,0.5,1,0.5,0,Inf,0.5
"2309",0.1405,2.77729792061074,0.774193548387097,0.398504137473432,0.740740740740741,0.863636363636364,0.909090909090909,0.7,0.0909090909090909,0.3,3.03030303030303,0.12987012987013
"2310",0.2655,5.02224798401909,0.838709677419355,0.391236132041589,0.615384615384615,0.777173913043478,0.5,0.956521739130435,0.5,0.0434782608695652,11.5,0.522727272727273
"2311",0.278,4.69095192056191,0.967741935483871,0.272940307804513,0.947368421052632,0.990476190476191,0.9,1,0.1,0,Inf,0.1
"2312",0.1285,2.8486817496816,0.709677419354839,0.450925283797462,0.64,0.75,0.8,0.666666666666667,0.2,0.333333333333333,2.4,0.3
"2313",0.303,4.59829932607722,0.935483870967742,0.28831786648872,0.875,0.958333333333333,1,0.916666666666667,0,0.0833333333333334,12,0
"2314",0.2295,4.2040039602892,0.903225806451613,0.323185215461138,0.823529411764706,0.954545454545455,0.777777777777778,0.954545454545455,0.222222222222222,0.0454545454545454,17.1111111111111,0.232804232804233
"2315",0.3125,4.95254551241259,0.935483870967742,0.289994287310921,0.9,0.96969696969697,1,0.909090909090909,0,0.0909090909090909,11,0
"2316",0.3985,6.65612806336619,0.903225806451613,0.335586521749588,0.857142857142857,0.921052631578947,0.75,1,0.25,0,Inf,0.25
"2317",0.375,4.95621973459563,0.838709677419355,0.341909341544061,0.545454545454545,0.87037037037037,0.75,0.851851851851852,0.25,0.148148148148148,5.0625,0.293478260869565
"2318",0.612,7.47032410508779,0.903225806451613,0.300465460094286,0.823529411764706,0.945652173913043,0.875,0.91304347826087,0.125,0.0869565217391305,10.0625,0.136904761904762
"2319",0.2745,4.9666898214385,0.870967741935484,0.357357421887382,0.777777777777778,0.85952380952381,0.7,0.952380952380952,0.3,0.0476190476190477,14.7,0.315
"2320",0.601,6.92579331561898,0.838709677419355,0.381101814365006,0.705882352941177,0.847826086956522,0.75,0.869565217391304,0.25,0.130434782608696,5.75,0.2875
"2321",0.213,4.12601494413022,0.774193548387097,0.425125905941121,0.695652173913043,0.820454545454545,0.727272727272727,0.8,0.272727272727273,0.2,3.63636363636364,0.340909090909091
"2322",0.207,4.18042389803165,0.935483870967742,0.362079602331917,0.888888888888889,0.919047619047619,0.8,1,0.2,0,Inf,0.2
"2323",0.5335,7.04439012923217,0.903225806451613,0.3130731647095,0.769230769230769,0.928571428571429,0.714285714285714,0.958333333333333,0.285714285714286,0.0416666666666666,17.1428571428572,0.298136645962733
"2324",0.14,2.79427851571295,0.870967741935484,0.391580780829793,0.857142857142857,0.918859649122807,1,0.789473684210526,0,0.210526315789474,4.75,0
"2325",0.137,2.87604445491956,0.741935483870968,0.436190142790531,0.666666666666667,0.777777777777778,0.888888888888889,0.681818181818182,0.111111111111111,0.318181818181818,2.79365079365079,0.162962962962963
"2326",0.137,2.80625308335664,0.774193548387097,0.403589096122446,0.72,0.838095238095238,0.9,0.714285714285714,0.1,0.285714285714286,3.15,0.14
"2327",0.2355,3.74304578660823,0.806451612903226,0.366023791098959,0.75,0.895238095238095,0.9,0.761904761904762,0.1,0.238095238095238,3.78,0.13125
"2328",0.129,2.65625860550255,0.774193548387097,0.429573683381618,0.666666666666667,0.78030303030303,0.777777777777778,0.772727272727273,0.222222222222222,0.227272727272727,3.42222222222222,0.287581699346405
"2329",0.567,6.94932738501573,0.838709677419355,0.393491258138626,0.705882352941177,0.868686868686869,0.666666666666667,0.909090909090909,0.333333333333333,0.0909090909090909,7.33333333333333,0.366666666666667
"2330",0.353,5.55063441986067,0.806451612903226,0.411654354226558,0.7,0.834090909090909,0.636363636363636,0.9,0.363636363636364,0.1,6.36363636363637,0.404040404040404
"2331",0.475,6.90334070966933,0.838709677419355,0.366867046444502,0.736842105263158,0.875,0.636363636363636,0.95,0.363636363636364,0.05,12.7272727272727,0.382775119617225
"2332",0.1325,2.8732675849586,0.774193548387097,0.424754935661061,0.695652173913043,0.811904761904762,0.8,0.761904761904762,0.2,0.238095238095238,3.36,0.2625
"2333",0.2145,3.91463986092427,0.806451612903226,0.39607961664925,0.666666666666667,0.790760869565217,0.75,0.826086956521739,0.25,0.173913043478261,4.3125,0.302631578947368
"2334",0.421,6.50283396275034,0.935483870967742,0.308470385077474,0.857142857142857,0.923913043478261,0.75,1,0.25,0,Inf,0.25
"2335",0.4735,7.05595878248929,0.903225806451613,0.314770470114906,0.8,0.893939393939394,0.666666666666667,1,0.333333333333333,0,Inf,0.333333333333333
"2336",0.4505,5.75039751250035,0.838709677419355,0.372880209157573,0.782608695652174,0.888095238095238,0.9,0.80952380952381,0.1,0.19047619047619,4.725,0.123529411764706
"2337",0.049,1.83073195410178,0.645161290322581,0.505980828289617,0.645161290322581,0.738636363636364,0.909090909090909,0.5,0.0909090909090909,0.5,1.81818181818182,0.181818181818182
"2338",0.2345,3.9201963596955,0.967741935483871,0.291276443726638,0.952380952380952,0.980952380952381,1,0.952380952380952,0,0.0476190476190477,21,0
"2339",0.203,4.15781283032244,0.774193548387097,0.428810273638504,0.740740740740741,0.831140350877193,0.833333333333333,0.736842105263158,0.166666666666667,0.263157894736842,3.16666666666667,0.226190476190476
"2340",0.5315,7.24658421069848,0.838709677419355,0.36545363158543,0.705882352941177,0.830952380952381,0.6,0.952380952380952,0.4,0.0476190476190477,12.6,0.42
"2341",0.211,3.76357056216943,0.741935483870968,0.434533972779522,0.666666666666667,0.766666666666667,0.8,0.714285714285714,0.2,0.285714285714286,2.8,0.28
"2342",0.143,2.81894270568026,0.838709677419355,0.37700544505348,0.827586206896552,0.914529914529915,0.923076923076923,0.777777777777778,0.0769230769230769,0.222222222222222,4.15384615384615,0.0989010989010988
"2343",0.564,7.69998687978833,0.903225806451613,0.327460127995048,0.8,0.904040404040404,0.666666666666667,1,0.333333333333333,0,Inf,0.333333333333333
"2344",0.3425,5.02790092202478,0.741935483870968,0.418350660847094,0.6,0.707070707070707,0.666666666666667,0.772727272727273,0.333333333333333,0.227272727272727,2.93333333333333,0.431372549019608
"2345",0.2925,4.73217182381508,0.935483870967742,0.26145741359265,0.888888888888889,0.974747474747475,0.888888888888889,0.954545454545455,0.111111111111111,0.0454545454545454,19.5555555555556,0.116402116402116
"2346",0.623,8.64078920821052,0.903225806451613,0.314761086008939,0.842105263157895,0.940909090909091,0.727272727272727,1,0.272727272727273,0,Inf,0.272727272727273
"2347",0.491,7.25018257122506,0.838709677419355,0.376213380715191,0.705882352941177,0.864285714285714,0.6,0.952380952380952,0.4,0.0476190476190477,12.6,0.42
"2348",0.215,4.13346227963723,0.838709677419355,0.406553895677171,0.666666666666667,0.817934782608696,0.625,0.91304347826087,0.375,0.0869565217391305,7.1875,0.410714285714286
"2349",0.344,5.0279561560526,0.806451612903226,0.420789585241736,0.666666666666667,0.79040404040404,0.666666666666667,0.863636363636364,0.333333333333333,0.136363636363636,4.88888888888889,0.385964912280702
"2350",0.1245,2.56776918468859,0.935483870967742,0.362866346549657,0.9,0.954761904761905,0.9,0.952380952380952,0.1,0.0476190476190477,18.9,0.105
"2351",0.122,2.56871132516698,0.806451612903226,0.404240258725591,0.7,0.869565217391304,0.875,0.782608695652174,0.125,0.217391304347826,4.025,0.159722222222222
"2352",0.275,4.7185176745833,0.870967741935484,0.322496054100072,0.714285714285714,0.820652173913043,0.625,0.956521739130435,0.375,0.0434782608695652,14.375,0.392045454545455
"2353",0.226,4.15224423110557,0.838709677419355,0.369457108033753,0.761904761904762,0.880952380952381,0.8,0.857142857142857,0.2,0.142857142857143,5.6,0.233333333333333
"2354",0.3575,5.74904145297916,0.838709677419355,0.363049345362535,0.615384615384615,0.836309523809524,0.571428571428571,0.916666666666667,0.428571428571429,0.0833333333333334,6.85714285714285,0.467532467532468
"2355",0.6075,8.17822538170638,0.935483870967742,0.286261030213785,0.8,0.916666666666667,0.666666666666667,1,0.333333333333333,0,Inf,0.333333333333333
"2356",0.231,4.15394857823805,0.774193548387097,0.395057999354659,0.695652173913043,0.80952380952381,0.8,0.761904761904762,0.2,0.238095238095238,3.36,0.2625
"2357",0.0595,2.00728210903697,0.741935483870968,0.474183064951274,0.733333333333333,0.81140350877193,0.916666666666667,0.631578947368421,0.0833333333333334,0.368421052631579,2.48809523809524,0.131944444444445
"2358",0.34,4.60841713357085,0.838709677419355,0.383409685699639,0.666666666666667,0.853333333333333,0.833333333333333,0.84,0.166666666666667,0.16,5.20833333333333,0.198412698412698
"2359",0.245,4.20978208056083,0.903225806451613,0.326672534082489,0.769230769230769,0.800595238095238,0.714285714285714,0.958333333333333,0.285714285714286,0.0416666666666666,17.1428571428572,0.298136645962733
"2360",0.2355,5.02859918085003,0.838709677419355,0.418641408905704,0.8,0.89957264957265,0.769230769230769,0.888888888888889,0.230769230769231,0.111111111111111,6.92307692307692,0.259615384615385
"2361",0.155,2.75393096665922,0.838709677419355,0.360192688993646,0.736842105263158,0.885869565217391,0.875,0.826086956521739,0.125,0.173913043478261,5.03125,0.151315789473684
"2362",0.27,4.62598392390456,0.903225806451613,0.304135274316173,0.842105263157895,0.957142857142857,0.8,0.952380952380952,0.2,0.0476190476190477,16.8,0.21
"2363",0.638,7.00998206002575,0.838709677419355,0.385695377244205,0.736842105263158,0.888888888888889,0.777777777777778,0.863636363636364,0.222222222222222,0.136363636363636,5.7037037037037,0.257309941520468
"2364",0.778,8.26537584352049,0.838709677419355,0.417426107040816,0.705882352941177,0.792929292929293,0.666666666666667,0.909090909090909,0.333333333333333,0.0909090909090909,7.33333333333333,0.366666666666667
"2365",0.369,5.74917137232211,0.870967741935484,0.344128665046299,0.777777777777778,0.914141414141414,0.777777777777778,0.909090909090909,0.222222222222222,0.0909090909090909,8.55555555555555,0.244444444444444
"2366",0.123,2.24823332039492,0.741935483870968,0.378117525041662,0.636363636363636,0.807065217391304,0.875,0.695652173913043,0.125,0.304347826086957,2.875,0.1796875
"2367",0.501,6.57174761908432,0.806451612903226,0.405933288584158,0.666666666666667,0.757142857142857,0.6,0.904761904761905,0.4,0.0952380952380952,6.3,0.442105263157895
"2368",0.135,2.64458058160461,0.870967741935484,0.364925628215603,0.777777777777778,0.926630434782609,0.875,0.869565217391304,0.125,0.130434782608696,6.70833333333333,0.14375
"2369",0.2185,3.92064355203597,0.806451612903226,0.357693268992544,0.7,0.873737373737374,0.777777777777778,0.818181818181818,0.222222222222222,0.181818181818182,4.27777777777778,0.271604938271605
"2370",0.303,4.95743503926847,0.838709677419355,0.393793445622955,0.782608695652174,0.865909090909091,0.818181818181818,0.85,0.181818181818182,0.15,5.45454545454545,0.213903743315508
"2371",0.149,2.65148841374429,0.870967741935484,0.344113295652946,0.8,0.934343434343434,0.888888888888889,0.863636363636364,0.111111111111111,0.136363636363636,6.51851851851852,0.128654970760234
"2372",0.1795,3.71368804998478,0.806451612903226,0.415006662375939,0.7,0.857142857142857,0.7,0.857142857142857,0.3,0.142857142857143,4.9,0.35
"2373",0.3145,5.02329636886213,0.838709677419355,0.347421842794148,0.736842105263158,0.893939393939394,0.777777777777778,0.863636363636364,0.222222222222222,0.136363636363636,5.7037037037037,0.257309941520468
"2374",0.15,2.64950980086116,0.806451612903226,0.382466104661317,0.75,0.883838383838384,1,0.727272727272727,0,0.272727272727273,3.66666666666667,0
"2375",0.177,2.8494651144496,0.806451612903226,0.369873578436745,0.727272727272727,0.902173913043478,1,0.739130434782609,0,0.260869565217391,3.83333333333333,0
"2376",0.2,3.9311591801514,0.870967741935484,0.405948765699726,0.846153846153846,0.899122807017544,0.916666666666667,0.842105263157895,0.0833333333333334,0.157894736842105,5.80555555555555,0.0989583333333334
"2377",0.1125,2.64750001481784,0.774193548387097,0.411306438094626,0.695652173913043,0.84047619047619,0.8,0.761904761904762,0.2,0.238095238095238,3.36,0.2625
"2378",0.175,2.8710011468804,0.935483870967742,0.280910666187756,0.9,0.926190476190476,0.9,0.952380952380952,0.1,0.0476190476190477,18.9,0.105
"2379",0.295,5.02466100380336,0.838709677419355,0.383705423757474,0.666666666666667,0.809782608695652,0.625,0.91304347826087,0.375,0.0869565217391305,7.1875,0.410714285714286
"2380",0.229,3.7552222644429,0.903225806451613,0.314414264521292,0.842105263157895,0.883838383838384,0.888888888888889,0.909090909090909,0.111111111111111,0.0909090909090909,9.77777777777777,0.122222222222222
"2381",0.474,6.95254667267548,0.935483870967742,0.30256466429982,0.875,0.929292929292929,0.777777777777778,1,0.222222222222222,0,Inf,0.222222222222222
"2382",0.6725,8.08231257925543,0.838709677419355,0.379727067775903,0.666666666666667,0.853535353535353,0.555555555555556,0.954545454545455,0.444444444444444,0.0454545454545454,12.2222222222222,0.465608465608466
"2383",0.207,3.91524766281543,0.935483870967742,0.336806698728505,0.875,0.944444444444444,0.777777777777778,1,0.222222222222222,0,Inf,0.222222222222222
"2384",0.1015,2.30556572002559,0.709677419354839,0.421465519969422,0.709677419354839,0.839912280701754,0.916666666666667,0.578947368421053,0.0833333333333334,0.421052631578947,2.17708333333333,0.143939393939394
"2385",0.5435,6.94883215009013,0.838709677419355,0.383211651688937,0.705882352941177,0.856060606060606,0.666666666666667,0.909090909090909,0.333333333333333,0.0909090909090909,7.33333333333333,0.366666666666667
"2386",0.23,4.12428256323623,0.870967741935484,0.340432373414121,0.818181818181818,0.895238095238095,0.9,0.857142857142857,0.1,0.142857142857143,6.3,0.116666666666667
"2387",0.0905,2.64486580085698,0.838709677419355,0.433796870025224,0.736842105263158,0.84047619047619,0.7,0.904761904761905,0.3,0.0952380952380952,7.35,0.331578947368421
"2388",0.3835,6.17318979938477,0.903225806451613,0.30573093414397,0.857142857142857,0.934090909090909,0.818181818181818,0.95,0.181818181818182,0.05,16.3636363636363,0.191387559808612
"2389",0.1655,2.77623480024551,0.741935483870968,0.38167199744643,0.636363636363636,0.839285714285714,1,0.666666666666667,0,0.333333333333333,3,0
"2390",0.1185,2.25430254385346,0.806451612903226,0.393876342540808,0.75,0.883838383838384,1,0.727272727272727,0,0.272727272727273,3.66666666666667,0
"2391",0.818,9.55164380987134,0.870967741935484,0.380269134279462,0.818181818181818,0.890350877192982,0.75,0.947368421052632,0.25,0.0526315789473685,14.25,0.263888888888889
"2392",0.406,5.75141070651355,0.903225806451613,0.312632773352556,0.8,0.907738095238095,0.857142857142857,0.916666666666667,0.142857142857143,0.0833333333333334,10.2857142857143,0.155844155844156
"2393",0.5485,7.34224013185287,0.870967741935484,0.344915253309295,0.666666666666667,0.785714285714286,0.571428571428571,0.958333333333333,0.428571428571429,0.0416666666666666,13.7142857142857,0.447204968944099
"2394",0.387,5.74704294254223,0.870967741935484,0.353587325384438,0.714285714285714,0.824404761904762,0.714285714285714,0.916666666666667,0.285714285714286,0.0833333333333334,8.57142857142857,0.311688311688312
"2395",0.401,5.74877459113083,0.903225806451613,0.305962860808453,0.666666666666667,0.761538461538461,0.6,0.961538461538462,0.4,0.0384615384615384,15.6,0.416
"2396",0.1765,4.13295833952243,0.838709677419355,0.427120569818239,0.8,0.897435897435897,0.769230769230769,0.888888888888889,0.230769230769231,0.111111111111111,6.92307692307692,0.259615384615385
"2397",0.102,2.35099713424004,0.580645161290323,0.512042222848948,0.518518518518518,0.676630434782609,0.875,0.478260869565217,0.125,0.521739130434783,1.67708333333333,0.261363636363636
"2398",0.306,5.02930494902613,0.870967741935484,0.347968349013057,0.8,0.878571428571429,0.8,0.904761904761905,0.2,0.0952380952380952,8.4,0.221052631578947
"2399",0.585,7.24780238289012,0.903225806451613,0.314908112544996,0.769230769230769,0.846666666666667,0.833333333333333,0.92,0.166666666666667,0.08,10.4166666666667,0.181159420289855
"2400",0.5705,7.69800067558064,0.903225806451613,0.321116011137984,0.571428571428571,0.826923076923077,0.4,1,0.6,0,Inf,0.6
"2401",0.096,2.34211110062173,0.838709677419355,0.437538728920844,0.848484848484849,0.89375,0.933333333333333,0.75,0.0666666666666667,0.25,3.73333333333333,0.0888888888888889
"2402",0.275,4.95763987997768,0.806451612903226,0.410197409855301,0.625,0.78030303030303,0.555555555555556,0.909090909090909,0.444444444444444,0.0909090909090909,6.11111111111111,0.488888888888889
"2403",0.158,2.68824560055095,0.774193548387097,0.388774449750891,0.666666666666667,0.845238095238095,1,0.708333333333333,0,0.291666666666667,3.42857142857143,0
"2404",0.6455,8.8805857390302,0.935483870967742,0.296378520451461,0.888888888888889,0.938095238095238,0.8,1,0.2,0,Inf,0.2
"2405",0.316,4.95645377658848,0.870967741935484,0.357033311022041,0.777777777777778,0.875,0.875,0.869565217391304,0.125,0.130434782608696,6.70833333333333,0.14375
"2406",0.17,3.92758218019156,0.903225806451613,0.399487794809033,0.88,0.957983193277311,0.785714285714286,1,0.214285714285714,0,Inf,0.214285714285714
"2407",0.297,5.02883887835986,0.806451612903226,0.391711661193485,0.666666666666667,0.830808080808081,0.666666666666667,0.863636363636364,0.333333333333333,0.136363636363636,4.88888888888889,0.385964912280702
"2408",0.4565,5.74876528663171,0.903225806451613,0.326638158603753,0.8,0.869047619047619,0.857142857142857,0.916666666666667,0.142857142857143,0.0833333333333334,10.2857142857143,0.155844155844156
"2409",0.8835,10.6433898132803,0.903225806451613,0.365250180154131,0.727272727272727,0.883928571428571,0.571428571428571,1,0.428571428571429,0,Inf,0.428571428571429
"2410",0.2295,3.87001097824967,0.838709677419355,0.329873607239786,0.736842105263158,0.896739130434783,0.875,0.826086956521739,0.125,0.173913043478261,5.03125,0.151315789473684
"2411",0.318,4.20576137996023,0.774193548387097,0.347759389894244,0.588235294117647,0.888461538461538,1,0.730769230769231,0,0.269230769230769,3.71428571428571,0
"2412",0.717,7.86955612843131,0.870967741935484,0.371976492586812,0.666666666666667,0.826666666666667,0.666666666666667,0.92,0.333333333333333,0.08,8.33333333333334,0.36231884057971
"2413",0.2635,4.20173302045191,0.870967741935484,0.36166766045507,0.818181818181818,0.897619047619048,0.9,0.857142857142857,0.1,0.142857142857143,6.3,0.116666666666667
"2414",0.1465,2.64820555176723,0.774193548387097,0.375602260164154,0.666666666666667,0.815217391304348,0.875,0.739130434782609,0.125,0.260869565217391,3.35416666666667,0.169117647058824
"2415",0.0665,1.95269145662912,0.67741935483871,0.511209404728359,0.666666666666667,0.745238095238095,1,0.523809523809524,0,0.476190476190476,2.1,0
"2416",0.054,1.90815667645912,0.645161290322581,0.502396277258815,0.645161290322581,0.725,0.909090909090909,0.5,0.0909090909090909,0.5,1.81818181818182,0.181818181818182
"2417",0.296,4.63500021381203,0.838709677419355,0.385530987842295,0.8,0.868181818181818,0.909090909090909,0.8,0.0909090909090909,0.2,4.54545454545455,0.113636363636364
"2418",0.2195,4.18032863480735,0.903225806451613,0.368652738789266,0.869565217391304,0.936363636363636,0.909090909090909,0.9,0.0909090909090909,0.1,9.09090909090909,0.101010101010101
"2419",0.1105,2.29832382484523,0.838709677419355,0.400569484383065,0.782608695652174,0.878571428571429,0.9,0.80952380952381,0.1,0.19047619047619,4.725,0.123529411764706
"2420",0.1785,2.83097830954239,0.838709677419355,0.349031670277037,0.736842105263158,0.910714285714286,1,0.791666666666667,0,0.208333333333333,4.8,0
"2421",0.628,7.70083158015809,0.838709677419355,0.405472790751243,0.705882352941177,0.804761904761905,0.6,0.952380952380952,0.4,0.0476190476190477,12.6,0.42
"2422",0.328,5.27192572438638,0.903225806451613,0.305953679697759,0.842105263157895,0.944444444444444,0.888888888888889,0.909090909090909,0.111111111111111,0.0909090909090909,9.77777777777777,0.122222222222222
"2423",0.255,4.14899991196121,0.903225806451613,0.331419862060388,0.823529411764706,0.923913043478261,0.875,0.91304347826087,0.125,0.0869565217391305,10.0625,0.136904761904762
"2424",0.3785,5.74960284464256,0.838709677419355,0.386521549584816,0.705882352941177,0.858585858585859,0.666666666666667,0.909090909090909,0.333333333333333,0.0909090909090909,7.33333333333333,0.366666666666667
"2425",0.767,8.6207064101139,0.870967741935484,0.395705634642553,0.666666666666667,0.74702380952381,0.571428571428571,0.958333333333333,0.428571428571429,0.0416666666666666,13.7142857142857,0.447204968944099
"2426",0.265,4.61154651379382,0.838709677419355,0.356785173083006,0.736842105263158,0.893939393939394,0.777777777777778,0.863636363636364,0.222222222222222,0.136363636363636,5.7037037037037,0.257309941520468
"2427",0.2445,4.95391762943218,0.838709677419355,0.398731802173795,0.8,0.893162393162393,0.769230769230769,0.888888888888889,0.230769230769231,0.111111111111111,6.92307692307692,0.259615384615385
"2428",0.1235,2.30940541485093,0.935483870967742,0.332563925765791,0.888888888888889,0.939393939393939,0.888888888888889,0.954545454545455,0.111111111111111,0.0454545454545454,19.5555555555556,0.116402116402116
"2429",0.409,5.55545967684052,0.838709677419355,0.362630241862223,0.736842105263158,0.878787878787879,0.777777777777778,0.863636363636364,0.222222222222222,0.136363636363636,5.7037037037037,0.257309941520468
"2430",0.596,7.34419848133002,0.967741935483871,0.260481306293507,0.888888888888889,0.990740740740741,1,0.962962962962963,0,0.0370370370370371,27,0
"2431",0.3005,4.94831761642552,0.903225806451613,0.332684639572193,0.823529411764706,0.875,0.875,0.91304347826087,0.125,0.0869565217391305,10.0625,0.136904761904762
"2432",0.136,2.6045052547027,0.806451612903226,0.362173752986084,0.75,0.880952380952381,0.9,0.761904761904762,0.1,0.238095238095238,3.78,0.13125
"2433",0.6085,6.92950068851825,0.870967741935484,0.372068923709422,0.666666666666667,0.843333333333333,0.666666666666667,0.92,0.333333333333333,0.08,8.33333333333334,0.36231884057971
"2434",0.2085,3.9252356454875,0.774193548387097,0.40252298512244,0.666666666666667,0.782828282828283,0.777777777777778,0.772727272727273,0.222222222222222,0.227272727272727,3.42222222222222,0.287581699346405
"2435",0.252,4.20543848581277,0.870967741935484,0.370325450199579,0.833333333333333,0.895454545454545,0.909090909090909,0.85,0.0909090909090909,0.15,6.06060606060606,0.106951871657754
"2436",0.2265,4.1308113116841,0.903225806451613,0.342199717337456,0.842105263157895,0.939393939393939,0.888888888888889,0.909090909090909,0.111111111111111,0.0909090909090909,9.77777777777777,0.122222222222222
"2437",0.3215,4.61923432719203,0.935483870967742,0.269463165307357,0.875,0.976190476190476,1,0.916666666666667,0,0.0833333333333334,12,0
"2438",0.262,4.24222269073262,0.903225806451613,0.324155829158527,0.8,0.928571428571429,0.857142857142857,0.916666666666667,0.142857142857143,0.0833333333333334,10.2857142857143,0.155844155844156
"2439",0.2295,3.86767567487215,0.774193548387097,0.381805374969254,0.631578947368421,0.785326086956522,0.75,0.782608695652174,0.25,0.217391304347826,3.45,0.319444444444444
"2440",0.236,3.86512744419668,0.838709677419355,0.331141869753945,0.761904761904762,0.848484848484849,0.888888888888889,0.818181818181818,0.111111111111111,0.181818181818182,4.88888888888889,0.135802469135803
"2441",0.839,10.9003444965917,0.967741935483871,0.27036037213635,0.888888888888889,0.976923076923077,0.8,1,0.2,0,Inf,0.2
"2442",0.6885,8.98891297542047,0.935483870967742,0.2851474472292,0.8,0.896666666666667,0.666666666666667,1,0.333333333333333,0,Inf,0.333333333333333
"2443",0.0465,1.7851932421614,0.67741935483871,0.505327925252816,0.722222222222222,0.773109243697479,0.928571428571429,0.470588235294118,0.0714285714285714,0.529411764705882,1.75396825396825,0.151785714285714
"2444",0.137,2.92276008936362,0.709677419354839,0.435497735558709,0.666666666666667,0.781818181818182,0.818181818181818,0.65,0.181818181818182,0.35,2.33766233766234,0.27972027972028
"2445",0.2765,4.95756867746739,0.838709677419355,0.370720296488743,0.782608695652174,0.824561403508772,0.75,0.894736842105263,0.25,0.105263157894737,7.125,0.279411764705882
"2446",0.5465,6.78122084378658,0.870967741935484,0.350360477506979,0.666666666666667,0.853333333333333,0.666666666666667,0.92,0.333333333333333,0.08,8.33333333333334,0.36231884057971
"2447",0.1355,2.16070325029917,0.645161290322581,0.406626803083181,0.521739130434783,0.8,1,0.56,0,0.44,2.27272727272727,0
"2448",0.312,5.02417082171837,0.870967741935484,0.343813606411968,0.75,0.853260869565217,0.75,0.91304347826087,0.25,0.0869565217391305,8.62499999999999,0.273809523809524
"2449",0.3225,4.95564991454178,0.838709677419355,0.367134591572559,0.705882352941177,0.817934782608696,0.75,0.869565217391304,0.25,0.130434782608696,5.75,0.2875
"2450",0.3495,5.03085483123646,0.935483870967742,0.262056577017011,0.857142857142857,0.98,1,0.92,0,0.08,12.5,0
"2451",0.293,5.02963468508389,0.806451612903226,0.401439103521898,0.727272727272727,0.859090909090909,0.727272727272727,0.85,0.272727272727273,0.15,4.84848484848485,0.320855614973262
"2452",0.214,4.15436191966837,0.838709677419355,0.386780512250222,0.705882352941177,0.828282828282828,0.666666666666667,0.909090909090909,0.333333333333333,0.0909090909090909,7.33333333333333,0.366666666666667
"2453",0.425,6.36236112766882,0.935483870967742,0.287087913146099,0.833333333333333,0.892857142857143,0.714285714285714,1,0.285714285714286,0,Inf,0.285714285714286
"2454",0.255,4.28035208504489,0.774193548387097,0.3729517566422,0.666666666666667,0.858585858585859,0.777777777777778,0.772727272727273,0.222222222222222,0.227272727272727,3.42222222222222,0.287581699346405
"2455",0.448,6.91322574665015,0.935483870967742,0.274922998849578,0.875,0.96969696969697,0.777777777777778,1,0.222222222222222,0,Inf,0.222222222222222
"2456",0.134,2.57161289239547,0.67741935483871,0.425489945642936,0.583333333333333,0.779891304347826,0.875,0.608695652173913,0.125,0.391304347826087,2.23611111111111,0.205357142857143
"2457",0.2065,4.209681142135,0.903225806451613,0.372387778440765,0.869565217391304,0.934210526315789,0.833333333333333,0.947368421052632,0.166666666666667,0.0526315789473685,15.8333333333333,0.175925925925926
"2458",0.2955,5.02280538872217,0.870967741935484,0.343701527604113,0.75,0.864130434782609,0.75,0.91304347826087,0.25,0.0869565217391305,8.62499999999999,0.273809523809524
"2459",0.0575,1.82240873119381,0.67741935483871,0.478859932843486,0.6875,0.765350877192982,0.916666666666667,0.526315789473684,0.0833333333333334,0.473684210526316,1.93518518518518,0.158333333333333
"2460",0.1855,4.61036707983357,0.774193548387097,0.453511936296772,0.666666666666667,0.791666666666667,0.583333333333333,0.894736842105263,0.416666666666667,0.105263157894737,5.54166666666667,0.465686274509804
"2461",0.27,4.36338982995513,0.870967741935484,0.336037301057493,0.777777777777778,0.894021739130435,0.875,0.869565217391304,0.125,0.130434782608696,6.70833333333333,0.14375
"2462",0.164,2.87516009091869,0.838709677419355,0.343585995286204,0.8,0.922727272727273,0.909090909090909,0.8,0.0909090909090909,0.2,4.54545454545455,0.113636363636364
"2463",0.1275,2.59710284230623,0.774193548387097,0.390803254061459,0.740740740740741,0.881818181818182,0.909090909090909,0.7,0.0909090909090909,0.3,3.03030303030303,0.12987012987013
"2464",0.3005,5.27178075355397,0.838709677419355,0.390825772905874,0.814814814814815,0.852941176470588,0.785714285714286,0.882352941176471,0.214285714285714,0.117647058823529,6.67857142857143,0.242857142857143
"2465",0.2565,3.92101766470728,0.870967741935484,0.307236147430913,0.777777777777778,0.94047619047619,1,0.833333333333333,0,0.166666666666667,6,0
"2466",0.334,4.62225062020694,0.838709677419355,0.351650515783178,0.705882352941177,0.898809523809524,0.857142857142857,0.833333333333333,0.142857142857143,0.166666666666667,5.14285714285714,0.171428571428571
"2467",0.1595,2.87738678552335,0.774193548387097,0.38069630593217,0.72,0.835714285714286,0.9,0.714285714285714,0.1,0.285714285714286,3.15,0.14
"2468",0.2495,3.91895712557323,0.838709677419355,0.351199133910748,0.761904761904762,0.878787878787879,0.888888888888889,0.818181818181818,0.111111111111111,0.181818181818182,4.88888888888889,0.135802469135803
"2469",0.35,5.55424410664375,0.935483870967742,0.30745456547511,0.888888888888889,0.96969696969697,0.888888888888889,0.954545454545455,0.111111111111111,0.0454545454545454,19.5555555555556,0.116402116402116
"2470",0.091,2.29413353573591,0.806451612903226,0.422079460132412,0.769230769230769,0.825,0.909090909090909,0.75,0.0909090909090909,0.25,3.63636363636364,0.121212121212121
"2471",0.312,5.27441091298586,0.903225806451613,0.326359932914526,0.823529411764706,0.845959595959596,0.777777777777778,0.954545454545455,0.222222222222222,0.0454545454545454,17.1111111111111,0.232804232804233
"2472",0.141,2.75097782963825,0.806451612903226,0.405697360074326,0.785714285714286,0.866228070175439,0.916666666666667,0.736842105263158,0.0833333333333334,0.263157894736842,3.48333333333333,0.113095238095238
"2473",0.274,4.12715626163239,0.806451612903226,0.380585981515111,0.727272727272727,0.848484848484848,0.888888888888889,0.772727272727273,0.111111111111111,0.227272727272727,3.91111111111111,0.143790849673203
"2474",0.3015,5.02759915190695,0.903225806451613,0.314360562994064,0.823529411764706,0.929347826086957,0.875,0.91304347826087,0.125,0.0869565217391305,10.0625,0.136904761904762
"2475",0.455,6.65362655740123,0.870967741935484,0.360792992107092,0.75,0.828282828282828,0.666666666666667,0.954545454545455,0.333333333333333,0.0454545454545454,14.6666666666667,0.349206349206349
"2476",0.4705,5.75147565057843,0.806451612903226,0.398655377629383,0.7,0.823369565217391,0.875,0.782608695652174,0.125,0.217391304347826,4.025,0.159722222222222
"2477",0.139,2.85243495259441,0.806451612903226,0.411628517769264,0.769230769230769,0.863636363636364,0.909090909090909,0.75,0.0909090909090909,0.25,3.63636363636364,0.121212121212121
"2478",0.356,5.55101648903257,0.935483870967742,0.275930916398354,0.888888888888889,0.939393939393939,0.888888888888889,0.954545454545455,0.111111111111111,0.0454545454545454,19.5555555555556,0.116402116402116
"2479",0.3545,5.02978661337306,0.806451612903226,0.409679464453652,0.769230769230769,0.856818181818182,0.909090909090909,0.75,0.0909090909090909,0.25,3.63636363636364,0.121212121212121
"2480",0.2145,3.87552684806121,0.838709677419355,0.359288503217999,0.736842105263158,0.906565656565657,0.777777777777778,0.863636363636364,0.222222222222222,0.136363636363636,5.7037037037037,0.257309941520468
"2481",0.489,7.2506893038993,0.806451612903226,0.420087220698421,0.727272727272727,0.831196581196581,0.615384615384615,0.944444444444444,0.384615384615385,0.0555555555555556,11.0769230769231,0.407239819004525
"2482",0.3605,5.54956362835899,0.903225806451613,0.3181703612559,0.842105263157895,0.939393939393939,0.888888888888889,0.909090909090909,0.111111111111111,0.0909090909090909,9.77777777777777,0.122222222222222
"2483",0.384,5.33455034523374,0.838709677419355,0.364183483105701,0.666666666666667,0.821428571428571,0.714285714285714,0.875,0.285714285714286,0.125,5.71428571428571,0.326530612244898
"2484",0.4415,6.43143985167821,0.903225806451613,0.311568716957969,0.8,0.945652173913043,0.75,0.956521739130435,0.25,0.0434782608695652,17.25,0.261363636363636
"2485",0.1895,4.14881511017345,0.838709677419355,0.40942004914512,0.782608695652174,0.870614035087719,0.75,0.894736842105263,0.25,0.105263157894737,7.125,0.279411764705882
"2486",0.2225,4.15658585803917,0.741935483870968,0.425038928054214,0.692307692307692,0.793859649122807,0.75,0.736842105263158,0.25,0.263157894736842,2.85,0.339285714285714
"2487",0.2475,5.0248646400894,0.935483870967742,0.391386477178566,0.9,0.913636363636364,0.818181818181818,1,0.181818181818182,0,Inf,0.181818181818182
"2488",0.2545,4.60711710363998,0.870967741935484,0.365984119499738,0.8,0.90952380952381,0.8,0.904761904761905,0.2,0.0952380952380952,8.4,0.221052631578947
"2489",0.2095,4.17979834644287,0.870967741935484,0.384308888498562,0.8,0.9,0.8,0.904761904761905,0.2,0.0952380952380952,8.4,0.221052631578947
"2490",0.22,3.66037759690416,0.870967741935484,0.327729693733541,0.75,0.898809523809524,0.857142857142857,0.875,0.142857142857143,0.125,6.85714285714286,0.163265306122449
"2491",0.23,4.1557769093309,0.806451612903226,0.417685830016444,0.7,0.79040404040404,0.777777777777778,0.818181818181818,0.222222222222222,0.181818181818182,4.27777777777778,0.271604938271605
"2492",0.5165,6.64993189780682,0.774193548387097,0.432891980633239,0.695652173913043,0.780701754385965,0.666666666666667,0.842105263157895,0.333333333333333,0.157894736842105,4.22222222222222,0.395833333333333
"2493",0.461,6.94702020834382,0.903225806451613,0.333489325570414,0.857142857142857,0.872727272727273,0.818181818181818,0.95,0.181818181818182,0.05,16.3636363636363,0.191387559808612
"2494",0.0765,2.0756524536577,0.838709677419355,0.469085484865253,0.848484848484849,0.850840336134454,1,0.705882352941177,0,0.294117647058823,3.4,0
"2495",0.361,5.1590007462544,0.870967741935484,0.319413570944114,0.8,0.944444444444444,0.888888888888889,0.863636363636364,0.111111111111111,0.136363636363636,6.51851851851852,0.128654970760234
"2496",0.4435,5.55440415814907,0.870967741935484,0.353897804368206,0.75,0.898809523809524,0.857142857142857,0.875,0.142857142857143,0.125,6.85714285714286,0.163265306122449
"2497",0.139,2.77436892845025,0.741935483870968,0.403135037723582,0.636363636363636,0.820707070707071,0.777777777777778,0.727272727272727,0.222222222222222,0.272727272727273,2.85185185185185,0.305555555555556
"2498",0.2935,4.96907068020832,0.838709677419355,0.374224037413329,0.736842105263158,0.864285714285714,0.7,0.904761904761905,0.3,0.0952380952380952,7.35,0.331578947368421
"2499",0.258,3.96853876761003,0.838709677419355,0.348957495013304,0.666666666666667,0.866666666666667,0.833333333333333,0.84,0.166666666666667,0.16,5.20833333333333,0.198412698412698
"2500",0.1305,2.29927421876954,0.870967741935484,0.356968499752543,0.846153846153846,0.931818181818182,1,0.8,0,0.2,5,0
"2501",0.9775,13.4300046669011,0.935483870967742,0.365091229268,0.5,0.869047619047619,0.333333333333333,1,0.666666666666667,0,Inf,0.666666666666667
"2502",0.3015,5.02348621921273,0.838709677419355,0.360712146098822,0.736842105263158,0.818181818181818,0.777777777777778,0.863636363636364,0.222222222222222,0.136363636363636,5.7037037037037,0.257309941520468
"2503",0.3085,4.6301418506439,0.838709677419355,0.352275370204007,0.545454545454545,0.784615384615385,0.6,0.884615384615385,0.4,0.115384615384615,5.2,0.452173913043478
"2504",0.142,2.82792650998335,0.774193548387097,0.403262359820187,0.72,0.847727272727273,0.818181818181818,0.75,0.181818181818182,0.25,3.27272727272727,0.242424242424242
"2505",0.4555,6.50095787171195,0.935483870967742,0.256801914035462,0.9,0.984848484848485,1,0.909090909090909,0,0.0909090909090909,11,0
"2506",0.321,5.34171009745159,0.903225806451613,0.325067880936233,0.823529411764706,0.934343434343434,0.777777777777778,0.954545454545455,0.222222222222222,0.0454545454545454,17.1111111111111,0.232804232804233
"2507",0.233,4.20554334018811,0.741935483870968,0.454749157187915,0.636363636363636,0.727272727272727,0.777777777777778,0.727272727272727,0.222222222222222,0.272727272727273,2.85185185185185,0.305555555555556
"2508",0.284,4.6093423669677,0.935483870967742,0.300933128507686,0.875,0.956521739130435,0.875,0.956521739130435,0.125,0.0434782608695652,20.125,0.130681818181818
"2509",0.3405,5.55289359420232,0.870967741935484,0.360997355053329,0.75,0.840909090909091,0.666666666666667,0.954545454545455,0.333333333333333,0.0454545454545454,14.6666666666667,0.349206349206349
"2510",0.276,4.17954605478322,0.903225806451613,0.342252044766229,0.769230769230769,0.893333333333333,0.833333333333333,0.92,0.166666666666667,0.08,10.4166666666667,0.181159420289855
"2511",0.135,2.35369182869497,0.645161290322581,0.406386757616265,0.476190476190476,0.703333333333333,0.833333333333333,0.6,0.166666666666667,0.4,2.08333333333333,0.277777777777778
"2512",0.1375,2.84976507851803,0.774193548387097,0.425620823199185,0.72,0.819047619047619,0.9,0.714285714285714,0.1,0.285714285714286,3.15,0.14
"2513",0.15,2.85311357883464,0.903225806451613,0.365392065237824,0.869565217391304,0.938095238095238,1,0.857142857142857,0,0.142857142857143,7,0
"2514",0.253,4.20372510756932,0.838709677419355,0.36546878974908,0.666666666666667,0.857142857142857,0.714285714285714,0.875,0.285714285714286,0.125,5.71428571428571,0.326530612244898
"2515",0.2925,4.95511134713908,0.838709677419355,0.364121205867488,0.736842105263158,0.858585858585859,0.777777777777778,0.863636363636364,0.222222222222222,0.136363636363636,5.7037037037037,0.257309941520468
"2516",0.9535,10.3744571980256,0.870967741935484,0.43127559852014,0.714285714285714,0.826086956521739,0.625,0.956521739130435,0.375,0.0434782608695652,14.375,0.392045454545455
"2517",0.234,4.15391507466408,0.903225806451613,0.317802721776827,0.823529411764706,0.944444444444444,0.777777777777778,0.954545454545455,0.222222222222222,0.0454545454545454,17.1111111111111,0.232804232804233
"2518",0.1655,2.84473744855551,0.870967741935484,0.357158629811962,0.714285714285714,0.86,0.833333333333333,0.88,0.166666666666667,0.12,6.94444444444444,0.189393939393939
"2519",0.3095,4.95389599405,0.806451612903226,0.381228724513284,0.666666666666667,0.815656565656566,0.666666666666667,0.863636363636364,0.333333333333333,0.136363636363636,4.88888888888889,0.385964912280702
"2520",0.7945,8.96168300384039,0.870967741935484,0.383327056439888,0.5,0.669230769230769,0.4,0.961538461538462,0.6,0.0384615384615384,10.4,0.624
"2521",0.225,3.92723623193962,0.870967741935484,0.353677889837704,0.818181818181818,0.919047619047619,0.9,0.857142857142857,0.1,0.142857142857143,6.3,0.116666666666667
"2522",0.542,7.97905891696889,0.870967741935484,0.34148129466763,0.714285714285714,0.896464646464646,0.555555555555556,1,0.444444444444444,0,Inf,0.444444444444444
"2523",0.096,2.75327212571055,0.838709677419355,0.456622095047152,0.838709677419355,0.8625,0.866666666666667,0.8125,0.133333333333333,0.1875,4.62222222222222,0.164102564102564
"2524",0.5135,7.25132715226039,0.935483870967742,0.273142781895566,0.888888888888889,0.974747474747475,0.888888888888889,0.954545454545455,0.111111111111111,0.0454545454545454,19.5555555555556,0.116402116402116
"2525",0.198,4.20393920209613,0.870967741935484,0.414456405470029,0.833333333333333,0.857456140350877,0.833333333333333,0.894736842105263,0.166666666666667,0.105263157894737,7.91666666666667,0.186274509803922
"2526",0.239,4.14683264288897,0.806451612903226,0.417214123952158,0.666666666666667,0.813131313131313,0.666666666666667,0.863636363636364,0.333333333333333,0.136363636363636,4.88888888888889,0.385964912280702
"2527",0.2475,4.61176267694279,0.870967741935484,0.362064652792592,0.8,0.914285714285714,0.8,0.904761904761905,0.2,0.0952380952380952,8.4,0.221052631578947
"2528",0.236,4.1503155227271,0.870967741935484,0.345659371930815,0.8,0.90952380952381,0.8,0.904761904761905,0.2,0.0952380952380952,8.4,0.221052631578947
"2529",0.194,3.918269418482,0.806451612903226,0.417896574725681,0.727272727272727,0.811904761904762,0.8,0.80952380952381,0.2,0.19047619047619,4.2,0.247058823529412
"2530",0.259,4.23855899155215,0.935483870967742,0.297819528117437,0.857142857142857,0.964285714285714,0.857142857142857,0.958333333333333,0.142857142857143,0.0416666666666666,20.5714285714286,0.149068322981366
"2531",0.444,7.25088843227402,0.838709677419355,0.386159582385918,0.761904761904762,0.856837606837607,0.615384615384615,1,0.384615384615385,0,Inf,0.384615384615385
"2532",0.4805,6.49769939908912,0.838709677419355,0.36275967545915,0.705882352941177,0.871212121212121,0.666666666666667,0.909090909090909,0.333333333333333,0.0909090909090909,7.33333333333333,0.366666666666667
"2533",0.2045,4.20033371497581,0.870967741935484,0.376431610075114,0.75,0.845959595959596,0.666666666666667,0.954545454545455,0.333333333333333,0.0454545454545454,14.6666666666667,0.349206349206349
"2534",0.113,2.84408278397963,0.709677419354839,0.442191881553634,0.608695652173913,0.742857142857143,0.7,0.714285714285714,0.3,0.285714285714286,2.45,0.42
"2535",0.331,5.02314046812447,0.806451612903226,0.391297262118368,0.75,0.833333333333333,0.9,0.761904761904762,0.1,0.238095238095238,3.78,0.13125
"2536",0.3215,5.33919320083382,0.870967741935484,0.337228911496832,0.777777777777778,0.866666666666667,0.7,0.952380952380952,0.3,0.0476190476190477,14.7,0.315
"2537",0.4465,6.95005749841682,0.838709677419355,0.380413633208986,0.761904761904762,0.87280701754386,0.666666666666667,0.947368421052632,0.333333333333333,0.0526315789473685,12.6666666666667,0.351851851851852
"2538",0.117,2.86791177396895,0.774193548387097,0.43529480829704,0.740740740740741,0.807017543859649,0.833333333333333,0.736842105263158,0.166666666666667,0.263157894736842,3.16666666666667,0.226190476190476
"2539",0.9545,10.3613516639071,0.870967741935484,0.45373071049226,0.714285714285714,0.766304347826087,0.625,0.956521739130435,0.375,0.0434782608695652,14.375,0.392045454545455
"2540",0.6015,7.44875501866686,0.903225806451613,0.31526576048191,0.666666666666667,0.873076923076923,0.6,0.961538461538462,0.4,0.0384615384615384,15.6,0.416
"2541",0.4645,6.9356814995769,0.903225806451613,0.313453549946787,0.8,0.881313131313131,0.666666666666667,1,0.333333333333333,0,Inf,0.333333333333333
"2542",0.1005,2.52498760717505,0.774193548387097,0.43854289981359,0.72,0.828571428571429,0.9,0.714285714285714,0.1,0.285714285714286,3.15,0.14
"2543",0.57,6.94862446484056,0.870967741935484,0.349785253642219,0.714285714285714,0.863095238095238,0.714285714285714,0.916666666666667,0.285714285714286,0.0833333333333334,8.57142857142857,0.311688311688312
"2544",0.2235,5.02841195270016,0.838709677419355,0.435249893792456,0.782608695652174,0.846153846153846,0.692307692307692,0.944444444444444,0.307692307692308,0.0555555555555556,12.4615384615385,0.32579185520362
"2545",0.1285,2.87431815671385,0.838709677419355,0.407950142888474,0.782608695652174,0.872727272727273,0.818181818181818,0.85,0.181818181818182,0.15,5.45454545454545,0.213903743315508
"2546",0.531,6.94859231953875,0.838709677419355,0.388427293041825,0.782608695652174,0.850877192982456,0.75,0.894736842105263,0.25,0.105263157894737,7.125,0.279411764705882
"2547",0.2695,4.20661450586536,0.903225806451613,0.340926570946349,0.869565217391304,0.928571428571428,1,0.857142857142857,0,0.142857142857143,7,0
"2548",0.296,4.40307614060843,0.870967741935484,0.317033180431603,0.75,0.883928571428571,0.857142857142857,0.875,0.142857142857143,0.125,6.85714285714286,0.163265306122449
"2549",0.131,2.58253925554614,0.903225806451613,0.38215381142831,0.896551724137931,0.952991452991453,1,0.833333333333333,0,0.166666666666667,6,0
"2550",0.638,7.70321374901493,0.870967741935484,0.370178837254574,0.666666666666667,0.779761904761905,0.571428571428571,0.958333333333333,0.428571428571429,0.0416666666666666,13.7142857142857,0.447204968944099
"2551",0.59,8.19195432999527,0.903225806451613,0.300356917757826,0.823529411764706,0.933333333333333,0.7,1,0.3,0,Inf,0.3
"2552",0.2315,4.02669064346062,0.806451612903226,0.386706798277095,0.666666666666667,0.85054347826087,0.75,0.826086956521739,0.25,0.173913043478261,4.3125,0.302631578947368
"2553",0.187,3.8030360860441,0.774193548387097,0.418406860566182,0.666666666666667,0.795238095238095,0.7,0.80952380952381,0.3,0.19047619047619,3.675,0.370588235294118
"2554",0.2645,4.17584709619711,0.870967741935484,0.330673348035307,0.666666666666667,0.846666666666667,0.666666666666667,0.92,0.333333333333333,0.08,8.33333333333334,0.36231884057971
"2555",0.2645,4.15013014128282,0.903225806451613,0.293153922475822,0.869565217391304,0.961904761904762,1,0.857142857142857,0,0.142857142857143,7,0
"2556",0.2665,3.91495730525218,0.838709677419355,0.349751754290447,0.666666666666667,0.893333333333333,0.833333333333333,0.84,0.166666666666667,0.16,5.20833333333333,0.198412698412698
"2557",0.266,4.62425496014556,0.903225806451613,0.324450802717943,0.88,0.905701754385965,0.916666666666667,0.894736842105263,0.0833333333333334,0.105263157894737,8.70833333333333,0.0931372549019608
"2558",0.2575,4.20480530288581,0.838709677419355,0.349441595351012,0.761904761904762,0.886363636363636,0.888888888888889,0.818181818181818,0.111111111111111,0.181818181818182,4.88888888888889,0.135802469135803
"2559",0.193,3.58916277646604,0.870967741935484,0.357436032310158,0.833333333333333,0.877272727272727,0.909090909090909,0.85,0.0909090909090909,0.15,6.06060606060606,0.106951871657754
"2560",0.755,9.55476924774164,0.935483870967742,0.313364925542832,0.833333333333333,0.919642857142857,0.714285714285714,1,0.285714285714286,0,Inf,0.285714285714286
"2561",0.337,4.95243026579391,0.935483870967742,0.273665146045203,0.857142857142857,0.973333333333333,1,0.92,0,0.08,12.5,0
"2562",0.181,4.15138323873983,0.870967741935484,0.414906108136509,0.75,0.85952380952381,0.6,1,0.4,0,Inf,0.4
"2563",0.2175,4.12969193383385,0.806451612903226,0.440877325844976,0.75,0.809090909090909,0.818181818181818,0.8,0.181818181818182,0.2,4.09090909090909,0.227272727272727
"2564",0.1265,2.64713364243112,0.774193548387097,0.400175187152883,0.758620689655172,0.855263157894737,0.916666666666667,0.684210526315789,0.0833333333333334,0.315789473684211,2.90277777777778,0.121794871794872
"2565",0.248,4.15165395434275,0.838709677419355,0.349823043230675,0.666666666666667,0.821428571428571,0.714285714285714,0.875,0.285714285714286,0.125,5.71428571428571,0.326530612244898
"2566",0.306,5.02685794877121,0.870967741935484,0.331116913772372,0.75,0.902173913043478,0.75,0.91304347826087,0.25,0.0869565217391305,8.62499999999999,0.273809523809524
"2567",0.1345,2.84736433766866,0.870967741935484,0.377693019906685,0.818181818181818,0.915909090909091,0.818181818181818,0.9,0.181818181818182,0.1,8.18181818181818,0.202020202020202
"2568",0.517,7.34605579189449,0.903225806451613,0.326695076958197,0.727272727272727,0.880952380952381,0.571428571428571,1,0.428571428571429,0,Inf,0.428571428571429
"2569",0.2795,5.02717342878691,0.870967741935484,0.360236459343461,0.75,0.838383838383838,0.666666666666667,0.954545454545455,0.333333333333333,0.0454545454545454,14.6666666666667,0.349206349206349
"2570",0.714,9.55010277580381,0.935483870967742,0.296162976595646,0.875,0.881313131313131,0.777777777777778,1,0.222222222222222,0,Inf,0.222222222222222
"2571",0.275,4.74350719684894,0.935483870967742,0.298949017273465,0.888888888888889,0.97979797979798,0.888888888888889,0.954545454545455,0.111111111111111,0.0454545454545454,19.5555555555556,0.116402116402116
"2572",0.157,2.85023954116733,0.838709677419355,0.369031715553053,0.8,0.907142857142857,1,0.761904761904762,0,0.238095238095238,4.2,0
"2573",0.1575,2.84717639098621,0.935483870967742,0.313596685234105,0.909090909090909,0.95,0.909090909090909,0.95,0.0909090909090909,0.05,18.1818181818182,0.0956937799043063
"2574",0.4635,6.1804811343908,0.935483870967742,0.281978941546804,0.888888888888889,0.945652173913043,1,0.91304347826087,0,0.0869565217391305,11.5,0
"2575",0.215,4.12347849641131,0.838709677419355,0.367580113991325,0.782608695652174,0.868181818181818,0.818181818181818,0.85,0.181818181818182,0.15,5.45454545454545,0.213903743315508
"2576",0.2555,4.15341807394625,0.838709677419355,0.32494616363231,0.736842105263158,0.907608695652174,0.875,0.826086956521739,0.125,0.173913043478261,5.03125,0.151315789473684
"2577",0.36,5.98542077496506,0.838709677419355,0.36578855701771,0.705882352941177,0.80952380952381,0.6,0.952380952380952,0.4,0.0476190476190477,12.6,0.42
"2578",0.273,4.40529913512325,0.903225806451613,0.298164688636106,0.8,0.875,0.857142857142857,0.916666666666667,0.142857142857143,0.0833333333333334,10.2857142857143,0.155844155844156
"2579",0.2315,3.91682346554463,0.903225806451613,0.302991505561462,0.8,0.888586956521739,0.75,0.956521739130435,0.25,0.0434782608695652,17.25,0.261363636363636
"2580",0.2005,3.61995855041677,0.838709677419355,0.380437907574206,0.736842105263158,0.809782608695652,0.875,0.826086956521739,0.125,0.173913043478261,5.03125,0.151315789473684
"2581",0.5625,6.64662695974707,0.806451612903226,0.413665015050436,0.625,0.807065217391304,0.625,0.869565217391304,0.375,0.130434782608696,4.79166666666667,0.43125
"2582",0.244,5.02416002934278,0.838709677419355,0.412263664448986,0.8,0.848290598290598,0.769230769230769,0.888888888888889,0.230769230769231,0.111111111111111,6.92307692307692,0.259615384615385
"2583",0.1665,3.97510920207151,0.838709677419355,0.427047801036953,0.8,0.86965811965812,0.769230769230769,0.888888888888889,0.230769230769231,0.111111111111111,6.92307692307692,0.259615384615385
"2584",0.116,2.606738435603,0.741935483870968,0.430345279896778,0.714285714285714,0.804545454545455,0.909090909090909,0.65,0.0909090909090909,0.35,2.5974025974026,0.13986013986014
"2585",0.149,2.59860414410666,0.741935483870968,0.384177898072807,0.692307692307692,0.833333333333333,1,0.636363636363636,0,0.363636363636364,2.75,0
"2586",0.1135,2.31022802448092,0.774193548387097,0.410330041652765,0.758620689655172,0.861363636363636,1,0.65,0,0.35,2.85714285714286,0
"2587",0.4115,6.50403677738727,0.838709677419355,0.38718720320718,0.705882352941177,0.80952380952381,0.6,0.952380952380952,0.4,0.0476190476190477,12.6,0.42
"2588",0.226,4.18335556565733,0.838709677419355,0.363471284020566,0.761904761904762,0.852380952380952,0.8,0.857142857142857,0.2,0.142857142857143,5.6,0.233333333333333
"2589",0.246,4.63588151694301,0.838709677419355,0.391668061794117,0.736842105263158,0.859523809523809,0.7,0.904761904761905,0.3,0.0952380952380952,7.35,0.331578947368421
"2590",0.299,4.96259397988299,0.870967741935484,0.343152373867169,0.777777777777778,0.853535353535353,0.777777777777778,0.909090909090909,0.222222222222222,0.0909090909090909,8.55555555555555,0.244444444444444
"2591",0.2665,4.6392133213919,0.774193548387097,0.42380849827974,0.631578947368421,0.787878787878788,0.666666666666667,0.818181818181818,0.333333333333333,0.181818181818182,3.66666666666667,0.407407407407407
"2592",0.6445,8.6388509254138,0.935483870967742,0.283041660493557,0.833333333333333,0.964285714285714,0.714285714285714,1,0.285714285714286,0,Inf,0.285714285714286
"2593",0.3625,5.55711772441369,0.935483870967742,0.305978293478049,0.9,0.952380952380952,0.9,0.952380952380952,0.1,0.0476190476190477,18.9,0.105
"2594",0.5065,6.21801477379983,0.903225806451613,0.313763648523449,0.727272727272727,0.9,0.8,0.923076923076923,0.2,0.0769230769230769,10.4,0.216666666666667
"2595",0.281,4.631705899856,0.838709677419355,0.355847496843474,0.782608695652174,0.884090909090909,0.818181818181818,0.85,0.181818181818182,0.15,5.45454545454545,0.213903743315508
"2596",0.9185,9.55350188336456,0.870967741935484,0.414714354661034,0.714285714285714,0.898809523809524,0.714285714285714,0.916666666666667,0.285714285714286,0.0833333333333334,8.57142857142857,0.311688311688312
"2597",0.2645,4.14799254440779,0.903225806451613,0.317245309711858,0.823529411764706,0.940217391304348,0.875,0.91304347826087,0.125,0.0869565217391305,10.0625,0.136904761904762
"2598",0.5735,6.94704640503076,0.903225806451613,0.325846391981129,0.769230769230769,0.933333333333333,0.833333333333333,0.92,0.166666666666667,0.08,10.4166666666667,0.181159420289855
"2599",0.1055,2.65988496994702,0.806451612903226,0.435073626470816,0.769230769230769,0.855263157894737,0.833333333333333,0.789473684210526,0.166666666666667,0.210526315789474,3.95833333333333,0.211111111111111
"2600",0.2795,4.12590991622226,0.806451612903226,0.394575985540171,0.727272727272727,0.855978260869565,1,0.739130434782609,0,0.260869565217391,3.83333333333333,0
"2601",0.745,10.0711574963343,0.903225806451613,0.313653495442795,0.8,0.916666666666667,0.666666666666667,1,0.333333333333333,0,Inf,0.333333333333333
"2602",0.138,2.61588245447797,0.741935483870968,0.411381099931573,0.6,0.791666666666667,0.857142857142857,0.708333333333333,0.142857142857143,0.291666666666667,2.93877551020408,0.201680672268908
"2603",0.8285,10.4263766694912,0.903225806451613,0.333951047187352,0.571428571428571,0.876923076923077,0.4,1,0.6,0,Inf,0.6
"2604",0.112,2.65403548691379,0.741935483870968,0.427201035709909,0.636363636363636,0.783333333333333,0.7,0.761904761904762,0.3,0.238095238095238,2.94,0.39375
"2605",0.4845,7.25425185677475,0.870967741935484,0.360530536595277,0.714285714285714,0.858585858585859,0.555555555555556,1,0.444444444444444,0,Inf,0.444444444444444
"2606",0.2505,4.12995745463855,0.903225806451613,0.324536756797877,0.8,0.854166666666667,0.857142857142857,0.916666666666667,0.142857142857143,0.0833333333333334,10.2857142857143,0.155844155844156
"2607",0.8455,10.3842875883595,0.870967741935484,0.382414034162629,0.714285714285714,0.863636363636364,0.555555555555556,1,0.444444444444444,0,Inf,0.444444444444444
"2608",0.5935,7.70294003347083,0.903225806451613,0.30704366076182,0.769230769230769,0.910714285714286,0.714285714285714,0.958333333333333,0.285714285714286,0.0416666666666666,17.1428571428572,0.298136645962733
"2609",0.9715,13.3800907054045,0.935483870967742,0.349358169613516,0.75,0.930769230769231,0.6,1,0.4,0,Inf,0.4
"2610",0.4775,6.80203065983994,0.903225806451613,0.320785841934673,0.571428571428571,0.842307692307692,0.4,1,0.6,0,Inf,0.6
"2611",0.19,4.15258706301105,0.838709677419355,0.398163847309373,0.814814814814815,0.909663865546218,0.785714285714286,0.882352941176471,0.214285714285714,0.117647058823529,6.67857142857143,0.242857142857143
"2612",0.251,4.38741403388935,0.838709677419355,0.366983735789848,0.761904761904762,0.89047619047619,0.8,0.857142857142857,0.2,0.142857142857143,5.6,0.233333333333333
"2613",0.12,2.29269375469308,0.67741935483871,0.372300098385325,0.5,0.72,0.833333333333333,0.64,0.166666666666667,0.36,2.31481481481481,0.260416666666667
"2614",0.159,2.65518614434387,0.774193548387097,0.335390146676935,0.631578947368421,0.851190476190476,0.857142857142857,0.75,0.142857142857143,0.25,3.42857142857143,0.190476190476191
"2615",0.2875,4.62080311506454,0.935483870967742,0.299011026842328,0.909090909090909,0.964285714285714,1,0.904761904761905,0,0.0952380952380952,10.5,0
"2616",0.2215,3.69153251317957,0.903225806451613,0.310928655056689,0.842105263157895,0.931818181818182,0.888888888888889,0.909090909090909,0.111111111111111,0.0909090909090909,9.77777777777777,0.122222222222222
"2617",0.212,4.15319030163414,0.741935483870968,0.422883212841416,0.636363636363636,0.747619047619048,0.7,0.761904761904762,0.3,0.238095238095238,2.94,0.39375
"2618",0.2905,4.75973288054837,0.806451612903226,0.42571942229558,0.7,0.828571428571429,0.7,0.857142857142857,0.3,0.142857142857143,4.9,0.35
"2619",0.391,5.74818049446166,0.838709677419355,0.400894291917995,0.736842105263158,0.797619047619048,0.7,0.904761904761905,0.3,0.0952380952380952,7.35,0.331578947368421
"2620",0.3635,4.95723484481705,0.838709677419355,0.349454586539612,0.736842105263158,0.915760869565217,0.875,0.826086956521739,0.125,0.173913043478261,5.03125,0.151315789473684
"2621",0.087,1.82035476040085,0.774193548387097,0.385511078687092,0.740740740740741,0.885714285714286,1,0.666666666666667,0,0.333333333333333,3,0
"2622",0.1225,2.65106562711261,0.774193548387097,0.406530666772966,0.787878787878788,0.857142857142857,0.928571428571429,0.647058823529412,0.0714285714285714,0.352941176470588,2.63095238095238,0.11038961038961
"2623",0.0995,2.25369989694453,0.774193548387097,0.394376427715368,0.740740740740741,0.859090909090909,0.909090909090909,0.7,0.0909090909090909,0.3,3.03030303030303,0.12987012987013
"2624",0.3295,5.55657400031479,0.838709677419355,0.377664294692492,0.705882352941177,0.830952380952381,0.6,0.952380952380952,0.4,0.0476190476190477,12.6,0.42
"2625",0.4175,5.3362147291916,0.903225806451613,0.332520824875493,0.823529411764706,0.922619047619048,1,0.875,0,0.125,8,0
"2626",0.2295,4.61492337253179,0.870967741935484,0.370348183712977,0.846153846153846,0.899159663865546,0.785714285714286,0.941176470588235,0.214285714285714,0.0588235294117647,13.3571428571429,0.227678571428571
"2627",0.218,3.92593190558917,0.870967741935484,0.351629364264753,0.8,0.906565656565657,0.888888888888889,0.863636363636364,0.111111111111111,0.136363636363636,6.51851851851852,0.128654970760234
"2628",0.109,2.35026575573214,0.67741935483871,0.43310615667347,0.642857142857143,0.780952380952381,0.9,0.571428571428571,0.1,0.428571428571429,2.1,0.175
"2629",0.2015,3.91976728692259,0.838709677419355,0.403548072243989,0.782608695652174,0.875,0.818181818181818,0.85,0.181818181818182,0.15,5.45454545454545,0.213903743315508
"2630",0.865,9.59924609469392,0.870967741935484,0.386291079233007,0.714285714285714,0.831521739130435,0.625,0.956521739130435,0.375,0.0434782608695652,14.375,0.392045454545455
"2631",0.2835,3.74921692462879,0.838709677419355,0.356605883081775,0.615384615384615,0.898148148148148,1,0.814814814814815,0,0.185185185185185,5.4,0
"2632",0.965,10.6105161374903,0.935483870967742,0.466901707694478,0.75,0.803846153846154,0.6,1,0.4,0,Inf,0.4
"2633",0.107,2.65279072460363,0.774193548387097,0.434034461906666,0.695652173913043,0.792857142857143,0.8,0.761904761904762,0.2,0.238095238095238,3.36,0.2625
"2634",0.677,8.64089782025947,0.935483870967742,0.298195289081023,0.833333333333333,0.94047619047619,0.714285714285714,1,0.285714285714286,0,Inf,0.285714285714286
"2635",0.1,1.97951723185204,0.806451612903226,0.406171193845766,0.8125,0.901709401709402,1,0.666666666666667,0,0.333333333333333,3,0
"2636",0.2305,3.91351296920253,0.838709677419355,0.347786488452393,0.782608695652174,0.904761904761905,0.9,0.80952380952381,0.1,0.19047619047619,4.725,0.123529411764706
"2637",0.179,3.67809363439757,0.903225806451613,0.374370450016786,0.857142857142857,0.918181818181818,0.818181818181818,0.95,0.181818181818182,0.05,16.3636363636363,0.191387559808612
"2638",0.107,2.64873064220925,0.774193548387097,0.465474567735011,0.740740740740741,0.780701754385965,0.833333333333333,0.736842105263158,0.166666666666667,0.263157894736842,3.16666666666667,0.226190476190476
"2639",0.223,3.91819054190136,0.774193548387097,0.399094882633296,0.631578947368421,0.798913043478261,0.75,0.782608695652174,0.25,0.217391304347826,3.45,0.319444444444444
"2640",0.4545,6.49648411289706,0.967741935483871,0.244785167953348,0.888888888888889,0.984615384615385,0.8,1,0.2,0,Inf,0.2
"2641",0.2165,4.12622685394482,0.870967741935484,0.380887439547622,0.8,0.883333333333333,0.8,0.904761904761905,0.2,0.0952380952380952,8.4,0.221052631578947
"2642",0.2445,4.19891564778415,0.838709677419355,0.354762470955323,0.705882352941177,0.885869565217391,0.75,0.869565217391304,0.25,0.130434782608696,5.75,0.2875
"2643",0.279,5.03181076869319,0.903225806451613,0.362273780678556,0.857142857142857,0.915909090909091,0.818181818181818,0.95,0.181818181818182,0.05,16.3636363636363,0.191387559808612
"2644",0.159,2.85079629344966,0.838709677419355,0.379992818481883,0.705882352941177,0.883928571428571,0.857142857142857,0.833333333333333,0.142857142857143,0.166666666666667,5.14285714285714,0.171428571428571
"2645",0.1205,2.8510014910625,0.774193548387097,0.424443230794846,0.72,0.843181818181818,0.818181818181818,0.75,0.181818181818182,0.25,3.27272727272727,0.242424242424242
"2646",0.2955,5.02726022172006,0.806451612903226,0.380655816782232,0.727272727272727,0.8,0.8,0.80952380952381,0.2,0.19047619047619,4.2,0.247058823529412
"2647",0.538,6.28418596862904,0.838709677419355,0.371567470853297,0.545454545454545,0.823076923076923,0.6,0.884615384615385,0.4,0.115384615384615,5.2,0.452173913043478
"2648",0.3595,5.55274965924877,0.838709677419355,0.351961475399595,0.814814814814815,0.905701754385965,0.916666666666667,0.789473684210526,0.0833333333333334,0.210526315789474,4.35416666666667,0.105555555555556
"2649",0.558,7.25040540215431,0.935483870967742,0.282179832527885,0.857142857142857,0.976190476190476,0.857142857142857,0.958333333333333,0.142857142857143,0.0416666666666666,20.5714285714286,0.149068322981366
"2650",0.2275,4.2429934815288,0.838709677419355,0.379920586385017,0.705882352941177,0.838383838383838,0.666666666666667,0.909090909090909,0.333333333333333,0.0909090909090909,7.33333333333333,0.366666666666667
"2651",0.259,4.15441175329178,0.870967741935484,0.319876735977951,0.777777777777778,0.872282608695652,0.875,0.869565217391304,0.125,0.130434782608696,6.70833333333333,0.14375
"2652",0.3285,5.34104141767177,0.903225806451613,0.325879386515693,0.823529411764706,0.876262626262626,0.777777777777778,0.954545454545455,0.222222222222222,0.0454545454545454,17.1111111111111,0.232804232804233
"2653",0.326,4.95194349175641,0.709677419354839,0.436082992213953,0.571428571428571,0.71969696969697,0.666666666666667,0.727272727272727,0.333333333333333,0.272727272727273,2.44444444444444,0.458333333333333
"2654",0.206,4.14925943553002,0.838709677419355,0.400565673595289,0.761904761904762,0.852380952380952,0.8,0.857142857142857,0.2,0.142857142857143,5.6,0.233333333333333
"2655",0.23,3.74847534777646,0.870967741935484,0.315030750418007,0.818181818181818,0.929292929292929,1,0.818181818181818,0,0.181818181818182,5.5,0
"2656",0.291,4.15067000878093,0.870967741935484,0.35590217753888,0.75,0.893333333333333,1,0.84,0,0.16,6.25,0
"2657",0.117,2.29485062816653,0.806451612903226,0.360486966005567,0.769230769230769,0.897727272727273,0.909090909090909,0.75,0.0909090909090909,0.25,3.63636363636364,0.121212121212121
"2658",0.4335,5.74994919833952,0.806451612903226,0.366478590753298,0.571428571428571,0.803333333333333,0.666666666666667,0.84,0.333333333333333,0.16,4.16666666666667,0.396825396825397
"2659",0.172,2.85661188497604,0.870967741935484,0.31593077231515,0.8,0.901515151515151,0.888888888888889,0.863636363636364,0.111111111111111,0.136363636363636,6.51851851851852,0.128654970760234
"2660",0.541,6.95000778090214,0.838709677419355,0.376788465229931,0.736842105263158,0.873809523809524,0.7,0.904761904761905,0.3,0.0952380952380952,7.35,0.331578947368421
"2661",0.502,6.95005306366782,0.903225806451613,0.303009175877719,0.769230769230769,0.910714285714286,0.714285714285714,0.958333333333333,0.285714285714286,0.0416666666666666,17.1428571428572,0.298136645962733
"2662",0.4665,6.76631633551079,0.870967741935484,0.332262301776581,0.714285714285714,0.880434782608696,0.625,0.956521739130435,0.375,0.0434782608695652,14.375,0.392045454545455
"2663",0.806,9.54984282937179,0.903225806451613,0.332974956188417,0.769230769230769,0.94047619047619,0.714285714285714,0.958333333333333,0.285714285714286,0.0416666666666666,17.1428571428572,0.298136645962733
"2664",0.175,4.1512261467579,0.774193548387097,0.467533580476465,0.72,0.809210526315789,0.75,0.789473684210526,0.25,0.210526315789474,3.5625,0.316666666666667
"2665",0.204,4.15291989894705,0.935483870967742,0.388118130122341,0.916666666666667,0.910087719298246,0.916666666666667,0.947368421052632,0.0833333333333334,0.0526315789473685,17.4166666666667,0.087962962962963
"2666",0.519,6.94576521971639,0.967741935483871,0.265977215896093,0.923076923076923,0.94047619047619,0.857142857142857,1,0.142857142857143,0,Inf,0.142857142857143
"2667",0.1135,2.65016756883758,0.806451612903226,0.398637924196059,0.769230769230769,0.833333333333333,0.833333333333333,0.789473684210526,0.166666666666667,0.210526315789474,3.95833333333333,0.211111111111111
"2668",0.107,2.30143870425105,0.774193548387097,0.399384862294074,0.740740740740741,0.852272727272727,0.909090909090909,0.7,0.0909090909090909,0.3,3.03030303030303,0.12987012987013
"2669",0.579,7.69569326387536,0.838709677419355,0.386573796878195,0.705882352941177,0.816666666666667,0.6,0.952380952380952,0.4,0.0476190476190477,12.6,0.42
"2670",0.2245,4.20343578929382,0.838709677419355,0.374009833959328,0.761904761904762,0.885714285714286,0.8,0.857142857142857,0.2,0.142857142857143,5.6,0.233333333333333
"2671",0.2445,4.20034300749707,0.870967741935484,0.358609098574387,0.714285714285714,0.8125,0.714285714285714,0.916666666666667,0.285714285714286,0.0833333333333334,8.57142857142857,0.311688311688312
"2672",0.76,8.84067298092263,0.870967741935484,0.369486460633513,0.666666666666667,0.851190476190476,0.571428571428571,0.958333333333333,0.428571428571429,0.0416666666666666,13.7142857142857,0.447204968944099
"2673",0.1465,2.56896709157925,0.838709677419355,0.370499932858218,0.8,0.9,1,0.761904761904762,0,0.238095238095238,4.2,0
"2674",0.1025,2.08606036562915,0.870967741935484,0.379574710233872,0.833333333333333,0.938095238095238,1,0.80952380952381,0,0.19047619047619,5.25,0
"2675",0.1335,2.2989174933562,0.838709677419355,0.35789435286533,0.782608695652174,0.919191919191919,1,0.772727272727273,0,0.227272727272727,4.4,0
"2676",0.2785,5.02824959658973,0.806451612903226,0.403602692493313,0.7,0.804545454545455,0.636363636363636,0.9,0.363636363636364,0.1,6.36363636363637,0.404040404040404
"2677",0.2905,4.12569566319829,0.774193548387097,0.388710994017043,0.631578947368421,0.806547619047619,0.857142857142857,0.75,0.142857142857143,0.25,3.42857142857143,0.190476190476191
"2678",0.2485,4.20317974853491,0.838709677419355,0.368834568227993,0.782608695652174,0.89047619047619,0.9,0.80952380952381,0.1,0.19047619047619,4.725,0.123529411764706
"2679",0.3685,4.95279471478807,0.903225806451613,0.317044617036994,0.842105263157895,0.951086956521739,1,0.869565217391304,0,0.130434782608696,7.66666666666667,0
"2680",0.839,10.0505657256458,0.935483870967742,0.33972652114408,0.8,0.906666666666667,0.666666666666667,1,0.333333333333333,0,Inf,0.333333333333333
"2681",0.4605,6.810134146198,0.870967741935484,0.342575469710612,0.714285714285714,0.868686868686869,0.555555555555556,1,0.444444444444444,0,Inf,0.444444444444444
"2682",0.218,3.79876348125077,0.806451612903226,0.376627622328731,0.75,0.863636363636364,0.818181818181818,0.8,0.181818181818182,0.2,4.09090909090909,0.227272727272727
"2683",0.179,4.13053295137266,0.838709677419355,0.428539372297532,0.761904761904762,0.881818181818182,0.727272727272727,0.9,0.272727272727273,0.1,7.27272727272727,0.303030303030303
"2684",0.117,2.84917507537258,0.709677419354839,0.474105070395636,0.709677419354839,0.777777777777778,0.846153846153846,0.611111111111111,0.153846153846154,0.388888888888889,2.17582417582418,0.251748251748252
"2685",0.092,2.60469661562534,0.741935483870968,0.4617295535279,0.714285714285714,0.817982456140351,0.833333333333333,0.684210526315789,0.166666666666667,0.315789473684211,2.63888888888889,0.243589743589744
"2686",0.0535,1.36236968433386,0.516129032258065,0.44800942172635,0.594594594594595,0.729545454545454,1,0.25,0,0.75,1.33333333333333,0
"2687",0.0815,2.00128687870245,0.741935483870968,0.429232445054663,0.692307692307692,0.802380952380952,0.9,0.666666666666667,0.1,0.333333333333333,2.7,0.15
"2688",0.227,4.20062017368964,0.870967741935484,0.355867407758504,0.846153846153846,0.925438596491228,0.916666666666667,0.842105263157895,0.0833333333333334,0.157894736842105,5.80555555555555,0.0989583333333334
"2689",0.2405,3.74067796592787,0.870967741935484,0.319140432358948,0.75,0.845238095238095,0.857142857142857,0.875,0.142857142857143,0.125,6.85714285714286,0.163265306122449
"2690",0.255,4.15415780659675,0.838709677419355,0.354482201595014,0.705882352941177,0.857142857142857,0.857142857142857,0.833333333333333,0.142857142857143,0.166666666666667,5.14285714285714,0.171428571428571
"2691",0.2275,4.17791891043202,0.870967741935484,0.34748950851819,0.833333333333333,0.923245614035088,0.833333333333333,0.894736842105263,0.166666666666667,0.105263157894737,7.91666666666667,0.186274509803922
"2692",0.277,4.60802815488638,0.903225806451613,0.319063672745384,0.769230769230769,0.922619047619048,0.714285714285714,0.958333333333333,0.285714285714286,0.0416666666666666,17.1428571428572,0.298136645962733
"2693",0.243,4.32050346251132,0.806451612903226,0.372742816436588,0.666666666666667,0.810606060606061,0.666666666666667,0.863636363636364,0.333333333333333,0.136363636363636,4.88888888888889,0.385964912280702
"2694",0.3015,4.71729460217629,0.870967741935484,0.362830347103655,0.8,0.888888888888889,0.888888888888889,0.863636363636364,0.111111111111111,0.136363636363636,6.51851851851852,0.128654970760234
"2695",0.3085,4.95127750854222,0.967741935483871,0.279211441203082,0.923076923076923,0.931547619047619,0.857142857142857,1,0.142857142857143,0,Inf,0.142857142857143
"2696",0.121,2.29898650055478,0.741935483870968,0.400491476018785,0.666666666666667,0.826086956521739,1,0.652173913043478,0,0.347826086956522,2.875,0
"2697",0.192,4.18274959847432,0.903225806451613,0.391702420280924,0.823529411764706,0.916666666666667,0.7,1,0.3,0,Inf,0.3
"2698",0.584,7.64717799437319,0.903225806451613,0.300800457268462,0.727272727272727,0.94,0.666666666666667,0.96,0.333333333333333,0.04,16.6666666666667,0.347222222222222
"2699",0.1845,3.87394505895711,0.838709677419355,0.406753823782751,0.736842105263158,0.871428571428571,0.7,0.904761904761905,0.3,0.0952380952380952,7.35,0.331578947368421
"2700",0.227,4.15704130487594,0.838709677419355,0.383724018808297,0.736842105263158,0.876262626262626,0.777777777777778,0.863636363636364,0.222222222222222,0.136363636363636,5.7037037037037,0.257309941520468
"2701",0.223,3.73441159903482,0.806451612903226,0.343367207344583,0.625,0.776785714285714,0.714285714285714,0.833333333333333,0.285714285714286,0.166666666666667,4.28571428571429,0.342857142857143
"2702",0.1755,3.86311533583517,0.774193548387097,0.424980325806893,0.666666666666667,0.811363636363636,0.636363636363636,0.85,0.363636363636364,0.15,4.24242424242424,0.427807486631016
"2703",0.2555,3.97225679634315,0.870967741935484,0.312281113101486,0.714285714285714,0.926666666666667,0.833333333333333,0.88,0.166666666666667,0.12,6.94444444444444,0.189393939393939
"2704",0.2835,4.35114612924656,0.935483870967742,0.267821765908648,0.875,0.976190476190476,1,0.916666666666667,0,0.0833333333333334,12,0
"2705",0.2595,4.37201648139529,0.870967741935484,0.321342056915571,0.777777777777778,0.911616161616162,0.777777777777778,0.909090909090909,0.222222222222222,0.0909090909090909,8.55555555555555,0.244444444444444
"2706",0.2305,3.9786709186692,0.838709677419355,0.4163180014141,0.705882352941177,0.864130434782609,0.75,0.869565217391304,0.25,0.130434782608696,5.75,0.2875
"2707",0.2595,4.95706425928925,0.838709677419355,0.372131716127835,0.8,0.885964912280702,0.833333333333333,0.842105263157895,0.166666666666667,0.157894736842105,5.27777777777778,0.197916666666667
"2708",0.319,5.0238400107004,0.838709677419355,0.344089407954425,0.8,0.909090909090909,0.909090909090909,0.8,0.0909090909090909,0.2,4.54545454545455,0.113636363636364
"2709",0.3805,5.26470981682329,0.870967741935484,0.341209486093659,0.777777777777778,0.866847826086957,0.875,0.869565217391304,0.125,0.130434782608696,6.70833333333333,0.14375
"2710",0.2925,3.92030382214219,0.741935483870968,0.404863857815481,0.428571428571429,0.703703703703704,0.75,0.740740740740741,0.25,0.259259259259259,2.89285714285714,0.3375
"2711",0.2365,4.15129843636374,0.838709677419355,0.358796460430825,0.761904761904762,0.888095238095238,0.8,0.857142857142857,0.2,0.142857142857143,5.6,0.233333333333333
"2712",0.8545,10.3206843308638,0.967741935483871,0.321648227455756,0.857142857142857,0.907407407407407,0.75,1,0.25,0,Inf,0.25
"2713",0.202,3.91836736323752,0.870967741935484,0.386006072494644,0.8,0.9,0.8,0.904761904761905,0.2,0.0952380952380952,8.4,0.221052631578947
"2714",0.14,2.85080117891465,0.774193548387097,0.38576489055163,0.695652173913043,0.847619047619048,0.8,0.761904761904762,0.2,0.238095238095238,3.36,0.2625
"2715",0.1265,2.79588364239999,0.774193548387097,0.418604345499943,0.695652173913043,0.811904761904762,0.8,0.761904761904762,0.2,0.238095238095238,3.36,0.2625
"2716",0.5455,7.69638252290478,0.935483870967742,0.283926630115595,0.857142857142857,0.96195652173913,0.75,1,0.25,0,Inf,0.25
"2717",0.1415,2.29563234230336,0.870967741935484,0.328357292964735,0.833333333333333,0.957142857142857,1,0.80952380952381,0,0.19047619047619,5.25,0
"2718",0.1565,3.9813654514593,0.774193548387097,0.471093732867854,0.758620689655172,0.817226890756303,0.785714285714286,0.764705882352941,0.214285714285714,0.235294117647059,3.33928571428571,0.28021978021978
"2719",0.3055,4.9556943708662,0.838709677419355,0.374252900216178,0.782608695652174,0.859090909090909,0.818181818181818,0.85,0.181818181818182,0.15,5.45454545454545,0.213903743315508
"2720",0.2125,3.92493261484484,0.870967741935484,0.361714444991291,0.75,0.853260869565217,0.75,0.91304347826087,0.25,0.0869565217391305,8.62499999999999,0.273809523809524
"2721",0.518,7.2513561235309,0.903225806451613,0.312452159535676,0.8,0.915760869565217,0.75,0.956521739130435,0.25,0.0434782608695652,17.25,0.261363636363636
"2722",0.641,8.63696278988124,0.870967741935484,0.350616337244512,0.714285714285714,0.888888888888889,0.555555555555556,1,0.444444444444444,0,Inf,0.444444444444444
"2723",0.192,3.70324832544832,0.838709677419355,0.368043245180156,0.761904761904762,0.895238095238095,0.8,0.857142857142857,0.2,0.142857142857143,5.6,0.233333333333333
"2724",0.141,3.65936588833441,0.741935483870968,0.468605176332444,0.666666666666667,0.772727272727273,0.727272727272727,0.75,0.272727272727273,0.25,2.90909090909091,0.363636363636364
"2725",0.16,2.65728293604637,0.806451612903226,0.353811248467665,0.769230769230769,0.90952380952381,1,0.714285714285714,0,0.285714285714286,3.5,0
"2726",0.225,4.18066087808327,0.806451612903226,0.427547326467114,0.727272727272727,0.833333333333333,0.8,0.80952380952381,0.2,0.19047619047619,4.2,0.247058823529412
"2727",0.1435,2.801758664242,0.903225806451613,0.365365064157098,0.88,0.914473684210526,0.916666666666667,0.894736842105263,0.0833333333333334,0.105263157894737,8.70833333333333,0.0931372549019608
"2728",0.243,4.19968869164813,0.870967741935484,0.340534104728823,0.75,0.869565217391304,0.75,0.91304347826087,0.25,0.0869565217391305,8.62499999999999,0.273809523809524
"2729",0.0805,2.42302802992602,0.741935483870968,0.487739136025983,0.692307692307692,0.768181818181818,0.818181818181818,0.7,0.181818181818182,0.3,2.72727272727273,0.25974025974026
"2730",0.7765,9.52720827354668,0.935483870967742,0.308843140097145,0.666666666666667,0.935185185185185,0.5,1,0.5,0,Inf,0.5
"2731",0.2135,4.20632794192422,0.870967741935484,0.358850514438783,0.8,0.859090909090909,0.727272727272727,0.95,0.272727272727273,0.05,14.5454545454545,0.287081339712919
"2732",0.279,4.36518124304076,0.870967741935484,0.320490206556816,0.777777777777778,0.929347826086957,0.875,0.869565217391304,0.125,0.130434782608696,6.70833333333333,0.14375
"2733",0.497,6.74702201101244,0.903225806451613,0.31211860687693,0.727272727272727,0.866666666666667,0.666666666666667,0.96,0.333333333333333,0.04,16.6666666666667,0.347222222222222
"2734",0.227,4.14824179704322,0.806451612903226,0.375881179711339,0.625,0.815217391304348,0.625,0.869565217391304,0.375,0.130434782608696,4.79166666666667,0.43125
"2735",0.246,5.01069756318757,0.806451612903226,0.412350348541547,0.727272727272727,0.857456140350877,0.666666666666667,0.894736842105263,0.333333333333333,0.105263157894737,6.33333333333333,0.372549019607843
"2736",0.2555,4.17391457048418,0.903225806451613,0.289793776781135,0.869565217391304,0.963636363636364,0.909090909090909,0.9,0.0909090909090909,0.1,9.09090909090909,0.101010101010101
"2737",0.2495,4.19994199694113,0.870967741935484,0.359215991548389,0.777777777777778,0.911616161616162,0.777777777777778,0.909090909090909,0.222222222222222,0.0909090909090909,8.55555555555555,0.244444444444444
"2738",0.267,4.15120012575594,0.903225806451613,0.32396021950886,0.869565217391304,0.947619047619048,1,0.857142857142857,0,0.142857142857143,7,0
"2739",0.324,4.75720317686686,0.838709677419355,0.376159588143418,0.761904761904762,0.833333333333333,0.888888888888889,0.818181818181818,0.111111111111111,0.181818181818182,4.88888888888889,0.135802469135803
"2740",0.7755,8.26253038851323,0.838709677419355,0.417881233714744,0.736842105263158,0.838095238095238,0.7,0.904761904761905,0.3,0.0952380952380952,7.35,0.331578947368421
"2741",0.2005,4.15008916515565,0.838709677419355,0.398350908336998,0.705882352941177,0.792929292929293,0.666666666666667,0.909090909090909,0.333333333333333,0.0909090909090909,7.33333333333333,0.366666666666667
"2742",0.097,2.65810536287968,0.870967741935484,0.449000411331567,0.833333333333333,0.87719298245614,0.833333333333333,0.894736842105263,0.166666666666667,0.105263157894737,7.91666666666667,0.186274509803922
"2743",0.192,3.75409259869813,0.838709677419355,0.362807861916656,0.814814814814815,0.895299145299145,0.846153846153846,0.833333333333333,0.153846153846154,0.166666666666667,5.07692307692308,0.184615384615385
"2744",0.345,4.95690123589025,0.903225806451613,0.29061256872486,0.842105263157895,0.967391304347826,1,0.869565217391304,0,0.130434782608696,7.66666666666667,0
"2745",0.4015,5.33350581192254,0.838709677419355,0.339408139110702,0.666666666666667,0.896666666666667,0.833333333333333,0.84,0.166666666666667,0.16,5.20833333333333,0.198412698412698
"2746",0.884,10.0317121381629,0.903225806451613,0.366261310327695,0.769230769230769,0.851190476190476,0.714285714285714,0.958333333333333,0.285714285714286,0.0416666666666666,17.1428571428572,0.298136645962733
"2747",0.1015,2.26018872296207,0.838709677419355,0.418100643774714,0.782608695652174,0.85,0.9,0.80952380952381,0.1,0.19047619047619,4.725,0.123529411764706
"2748",0.4765,6.95350263782565,0.870967741935484,0.350817230381187,0.8,0.895454545454546,0.727272727272727,0.95,0.272727272727273,0.05,14.5454545454545,0.287081339712919
"2749",0.174,2.84617757811942,0.806451612903226,0.353499018470342,0.75,0.909090909090909,1,0.727272727272727,0,0.272727272727273,3.66666666666667,0
"2750",0.14,2.84968744726057,0.903225806451613,0.362573430176817,0.842105263157895,0.935714285714286,0.8,0.952380952380952,0.2,0.0476190476190477,16.8,0.21
"2751",0.1105,2.34443834256864,0.870967741935484,0.383148945348533,0.818181818181818,0.902380952380952,0.9,0.857142857142857,0.1,0.142857142857143,6.3,0.116666666666667
"2752",0.0725,1.82265243855206,0.612903225806452,0.452178938954355,0.6,0.711904761904762,0.9,0.476190476190476,0.1,0.523809523809524,1.71818181818182,0.21
"2753",0.255,4.17723115333679,0.838709677419355,0.385272078856356,0.666666666666667,0.806547619047619,0.714285714285714,0.875,0.285714285714286,0.125,5.71428571428571,0.326530612244898
"2754",0.198,3.74328410975625,0.870967741935484,0.343524465261114,0.818181818181818,0.890909090909091,0.818181818181818,0.9,0.181818181818182,0.1,8.18181818181818,0.202020202020202
"2755",0.1195,2.79446738522801,0.806451612903226,0.427345095370478,0.75,0.859523809523809,0.9,0.761904761904762,0.1,0.238095238095238,3.78,0.13125
"2756",0.1565,2.87981051863514,0.774193548387097,0.422901501145645,0.666666666666667,0.828804347826087,0.875,0.739130434782609,0.125,0.260869565217391,3.35416666666667,0.169117647058824
"2757",0.4045,5.75058093655378,0.903225806451613,0.316980510108948,0.8,0.928571428571428,0.857142857142857,0.916666666666667,0.142857142857143,0.0833333333333334,10.2857142857143,0.155844155844156
"2758",0.164,2.85507728837077,0.870967741935484,0.349518561777871,0.818181818181818,0.929292929292929,1,0.818181818181818,0,0.181818181818182,5.5,0
"2759",0.1295,2.65513812827642,0.838709677419355,0.43377429871168,0.827586206896552,0.857456140350877,1,0.736842105263158,0,0.263157894736842,3.8,0
"2760",0.2505,4.41996693872662,0.774193548387097,0.392289410169809,0.588235294117647,0.796195652173913,0.625,0.826086956521739,0.375,0.173913043478261,3.59375,0.453947368421053
"2761",0.3615,4.95760480881898,0.838709677419355,0.358863214465616,0.444444444444444,0.763888888888889,0.5,0.888888888888889,0.5,0.111111111111111,4.5,0.5625
"2762",0.1385,2.75129631790064,0.741935483870968,0.406123281600305,0.636363636363636,0.785353535353535,0.777777777777778,0.727272727272727,0.222222222222222,0.272727272727273,2.85185185185185,0.305555555555556
"2763",0.126,2.85011305807316,0.806451612903226,0.423984516180019,0.75,0.864285714285714,0.9,0.761904761904762,0.1,0.238095238095238,3.78,0.13125
"2764",0.4135,6.81899369123683,0.870967741935484,0.359916142843263,0.777777777777778,0.884090909090909,0.636363636363636,1,0.363636363636364,0,Inf,0.363636363636364
"2765",0.3485,5.02659222002182,0.903225806451613,0.300288735923619,0.823529411764706,0.951086956521739,0.875,0.91304347826087,0.125,0.0869565217391305,10.0625,0.136904761904762
"2766",0.288,5.03028428037927,0.903225806451613,0.375891940853472,0.823529411764706,0.893939393939394,0.777777777777778,0.954545454545455,0.222222222222222,0.0454545454545454,17.1111111111111,0.232804232804233
"2767",0.1775,3.73699038779606,0.806451612903226,0.406988281569324,0.8,0.857142857142857,0.857142857142857,0.764705882352941,0.142857142857143,0.235294117647059,3.64285714285714,0.186813186813187
"2768",0.305,4.36135736767279,0.870967741935484,0.293039974930711,0.777777777777778,0.94047619047619,1,0.833333333333333,0,0.166666666666667,6,0
"2769",0.1555,2.84878181956678,0.806451612903226,0.367567305785098,0.785714285714286,0.904545454545455,1,0.7,0,0.3,3.33333333333333,0
"2770",0.3575,5.02975647083409,0.838709677419355,0.337966915942454,0.705882352941177,0.886904761904762,0.857142857142857,0.833333333333333,0.142857142857143,0.166666666666667,5.14285714285714,0.171428571428571
"2771",0.511,6.94916139275734,0.838709677419355,0.403321865885257,0.666666666666667,0.77020202020202,0.555555555555556,0.954545454545455,0.444444444444444,0.0454545454545454,12.2222222222222,0.465608465608466
"2772",0.1535,3.88979154864219,0.838709677419355,0.436844586538654,0.8,0.871848739495798,0.714285714285714,0.941176470588235,0.285714285714286,0.0588235294117647,12.1428571428571,0.303571428571429
"2773",0.455,6.76566943511122,0.935483870967742,0.268132067313868,0.857142857142857,0.915760869565217,0.75,1,0.25,0,Inf,0.25
"2774",0.4695,6.65244290136988,0.935483870967742,0.304172664098311,0.857142857142857,0.875,0.75,1,0.25,0,Inf,0.25
"2775",0.224,4.12937258552101,0.838709677419355,0.39614946332571,0.782608695652174,0.877272727272727,0.818181818181818,0.85,0.181818181818182,0.15,5.45454545454545,0.213903743315508
"2776",0.257,4.15021356170479,0.967741935483871,0.296196880894529,0.941176470588235,0.96195652173913,1,0.956521739130435,0,0.0434782608695652,23,0
"2777",0.166,2.8504729986702,0.806451612903226,0.365137286595411,0.75,0.888888888888889,1,0.727272727272727,0,0.272727272727273,3.66666666666667,0
"2778",0.075,1.81240846862726,0.645161290322581,0.439801181635123,0.666666666666667,0.802272727272727,1,0.45,0,0.55,1.81818181818182,0
"2779",0.1835,4.12553335976894,0.806451612903226,0.442892844160134,0.727272727272727,0.825,0.727272727272727,0.85,0.272727272727273,0.15,4.84848484848485,0.320855614973262
"2780",0.3525,5.02984416144946,0.709677419354839,0.529728065480303,0.608695652173913,0.681818181818182,0.636363636363636,0.75,0.363636363636364,0.25,2.54545454545455,0.484848484848485
"2781",0.104,2.49860868229237,0.741935483870968,0.43537786614991,0.692307692307692,0.792857142857143,0.9,0.666666666666667,0.1,0.333333333333333,2.7,0.15
"2782",0.826,10.3894107535297,0.903225806451613,0.325946059774156,0.823529411764706,0.947619047619048,0.7,1,0.3,0,Inf,0.3
"2783",0.2385,4.18618807243294,0.774193548387097,0.370271350655907,0.666666666666667,0.868686868686869,0.777777777777778,0.772727272727273,0.222222222222222,0.227272727272727,3.42222222222222,0.287581699346405
"2784",0.249,4.42226051985452,0.838709677419355,0.386512598027381,0.782608695652174,0.879545454545455,0.818181818181818,0.85,0.181818181818182,0.15,5.45454545454545,0.213903743315508
"2785",0.753,9.60134841260126,0.903225806451613,0.328641066597989,0.8,0.934343434343434,0.666666666666667,1,0.333333333333333,0,Inf,0.333333333333333
"2786",0.1115,2.34855201971453,0.774193548387097,0.402908242466103,0.695652173913043,0.808080808080808,0.888888888888889,0.727272727272727,0.111111111111111,0.272727272727273,3.25925925925926,0.152777777777778
"2787",0.3925,5.75074409410324,0.870967741935484,0.333131587484855,0.75,0.891304347826087,0.75,0.91304347826087,0.25,0.0869565217391305,8.62499999999999,0.273809523809524
"2788",0.4165,5.74999120288553,0.870967741935484,0.341414197471522,0.75,0.910714285714286,0.857142857142857,0.875,0.142857142857143,0.125,6.85714285714286,0.163265306122449
"2789",0.2715,4.15266509653314,0.870967741935484,0.333445233346262,0.8,0.924242424242424,0.888888888888889,0.863636363636364,0.111111111111111,0.136363636363636,6.51851851851852,0.128654970760234
"2790",0.392,6.50608686020704,0.935483870967742,0.283745946149103,0.909090909090909,0.979545454545454,0.909090909090909,0.95,0.0909090909090909,0.05,18.1818181818182,0.0956937799043063
"2791",0.299,4.95900539923131,0.806451612903226,0.37367593035165,0.785714285714286,0.883771929824561,0.916666666666667,0.736842105263158,0.0833333333333334,0.263157894736842,3.48333333333333,0.113095238095238
"2792",0.392,5.74572108844467,0.903225806451613,0.297618510622586,0.857142857142857,0.961904761904762,0.9,0.904761904761905,0.1,0.0952380952380952,9.45,0.110526315789474
"2793",0.294,5.02553561382386,0.838709677419355,0.374388692453985,0.761904761904762,0.876190476190476,0.8,0.857142857142857,0.2,0.142857142857143,5.6,0.233333333333333
"2794",0.3375,5.02919025228454,0.838709677419355,0.385234055967076,0.705882352941177,0.875,0.75,0.869565217391304,0.25,0.130434782608696,5.75,0.2875
"2795",0.139,2.84581832527086,0.870967741935484,0.377551559109577,0.8,0.861111111111111,0.888888888888889,0.863636363636364,0.111111111111111,0.136363636363636,6.51851851851852,0.128654970760234
"2796",0.1275,2.83792806351039,0.838709677419355,0.414384566472823,0.838709677419355,0.894957983193277,0.928571428571429,0.764705882352941,0.0714285714285714,0.235294117647059,3.94642857142857,0.0934065934065934
"2797",0.089,2.49812748725946,0.870967741935484,0.447085816477359,0.833333333333333,0.881578947368421,0.833333333333333,0.894736842105263,0.166666666666667,0.105263157894737,7.91666666666667,0.186274509803922
"2798",0.236,4.15428237904199,0.903225806451613,0.348459953991195,0.823529411764706,0.861413043478261,0.875,0.91304347826087,0.125,0.0869565217391305,10.0625,0.136904761904762
"2799",0.31,5.0286539929127,0.903225806451613,0.334999126343435,0.857142857142857,0.938095238095238,0.9,0.904761904761905,0.1,0.0952380952380952,9.45,0.110526315789474
"2800",0.0975,2.34734771661534,0.774193548387097,0.448391843132471,0.8,0.827083333333333,0.933333333333333,0.625,0.0666666666666667,0.375,2.48888888888889,0.106666666666667
"2801",0.2595,4.18208046503098,0.903225806451613,0.290262092305572,0.842105263157895,0.929292929292929,0.888888888888889,0.909090909090909,0.111111111111111,0.0909090909090909,9.77777777777777,0.122222222222222
"2802",0.229,3.86381517268974,0.870967741935484,0.352126652142304,0.833333333333333,0.90952380952381,1,0.80952380952381,0,0.19047619047619,5.25,0
"2803",0.13,2.60395216801612,0.806451612903226,0.396437975465908,0.769230769230769,0.845454545454545,0.909090909090909,0.75,0.0909090909090909,0.25,3.63636363636364,0.121212121212121
"2804",0.271,4.92972628641497,0.774193548387097,0.407466256627686,0.666666666666667,0.809090909090909,0.636363636363636,0.85,0.363636363636364,0.15,4.24242424242424,0.427807486631016
"2805",0.3795,5.119090411493,0.709677419354839,0.412123299539649,0.571428571428571,0.763586956521739,0.75,0.695652173913043,0.25,0.304347826086957,2.46428571428571,0.359375
"2806",0.2915,5.02574980122892,0.870967741935484,0.338422635045928,0.8,0.904761904761905,0.8,0.904761904761905,0.2,0.0952380952380952,8.4,0.221052631578947
"2807",0.277,4.63031843509014,0.903225806451613,0.31841543769351,0.727272727272727,0.896666666666667,0.666666666666667,0.96,0.333333333333333,0.04,16.6666666666667,0.347222222222222
"2808",0.317,5.02649036703298,0.903225806451613,0.327433600746212,0.857142857142857,0.942857142857143,0.9,0.904761904761905,0.1,0.0952380952380952,9.45,0.110526315789474
"2809",0.4445,6.95546022071278,0.903225806451613,0.316793764047845,0.823529411764706,0.930952380952381,0.7,1,0.3,0,Inf,0.3
"2810",0.278,5.34170651600368,0.838709677419355,0.389542764002489,0.736842105263158,0.827272727272727,0.636363636363636,0.95,0.363636363636364,0.05,12.7272727272727,0.382775119617225
"2811",0.3685,6.18257952013576,0.903225806451613,0.337437916929853,0.8,0.871212121212121,0.666666666666667,1,0.333333333333333,0,Inf,0.333333333333333
"2812",0.1785,2.85557832543526,0.806451612903226,0.351422087368209,0.7,0.886904761904762,1,0.75,0,0.25,4,0
"2813",0.737,9.54799456760834,0.870967741935484,0.352886778769919,0.75,0.907142857142857,0.6,1,0.4,0,Inf,0.4
"2814",0.3815,5.55810193353098,0.935483870967742,0.261566648169705,0.9,0.984848484848485,1,0.909090909090909,0,0.0909090909090909,11,0
"2815",0.925,10.6223858805355,0.903225806451613,0.382311381703091,0.727272727272727,0.886666666666667,0.666666666666667,0.96,0.333333333333333,0.04,16.6666666666667,0.347222222222222
"2816",0.1295,2.59630682918983,0.741935483870968,0.404850089060711,0.733333333333333,0.831140350877193,0.916666666666667,0.631578947368421,0.0833333333333334,0.368421052631579,2.48809523809524,0.131944444444445
"2817",0.159,2.56697198455014,0.838709677419355,0.308443353701885,0.761904761904762,0.929347826086957,1,0.782608695652174,0,0.217391304347826,4.6,0
"2818",0.2715,4.17877294409786,0.838709677419355,0.336668429104396,0.705882352941177,0.851190476190476,0.857142857142857,0.833333333333333,0.142857142857143,0.166666666666667,5.14285714285714,0.171428571428571
"2819",0.4995,6.95203423649706,0.870967741935484,0.339879198727154,0.714285714285714,0.858695652173913,0.625,0.956521739130435,0.375,0.0434782608695652,14.375,0.392045454545455
"2820",0.8165,8.81993454285199,0.838709677419355,0.408707681533809,0.736842105263158,0.861904761904762,0.7,0.904761904761905,0.3,0.0952380952380952,7.35,0.331578947368421
"2821",0.6395,6.639979382846,0.838709677419355,0.417405238826309,0.705882352941177,0.823369565217391,0.75,0.869565217391304,0.25,0.130434782608696,5.75,0.2875
"2822",0.1735,2.6512093025482,0.774193548387097,0.353549579862212,0.631578947368421,0.873333333333333,1,0.72,0,0.28,3.57142857142857,0
"2823",0.2395,3.92755571302064,0.903225806451613,0.310631376346691,0.823529411764706,0.940217391304348,0.875,0.91304347826087,0.125,0.0869565217391305,10.0625,0.136904761904762
"2824",0.2335,3.87243482065883,0.935483870967742,0.320026021336242,0.916666666666667,0.945454545454545,1,0.9,0,0.1,10,0
"2825",0.269,4.1504085069213,0.838709677419355,0.359157476607498,0.761904761904762,0.893939393939394,0.888888888888889,0.818181818181818,0.111111111111111,0.181818181818182,4.88888888888889,0.135802469135803
"2826",0.604,8.32969712707041,0.903225806451613,0.313649570445372,0.769230769230769,0.896739130434783,0.625,1,0.375,0,Inf,0.375
"2827",0.5165,6.65003969111377,0.903225806451613,0.311599505424871,0.823529411764706,0.945652173913043,0.875,0.91304347826087,0.125,0.0869565217391305,10.0625,0.136904761904762
"2828",0.0635,1.82919393786512,0.741935483870968,0.49090927775526,0.764705882352941,0.80982905982906,1,0.555555555555556,0,0.444444444444444,2.25,0
"2829",0.327,4.95261322683904,0.774193548387097,0.377776073347395,0.631578947368421,0.826086956521739,0.75,0.782608695652174,0.25,0.217391304347826,3.45,0.319444444444444
"2830",0.1345,2.60358612300133,0.741935483870968,0.411524111203681,0.714285714285714,0.845454545454545,0.909090909090909,0.65,0.0909090909090909,0.35,2.5974025974026,0.13986013986014
"2831",0.1275,2.85686502952778,0.709677419354839,0.444454209224296,0.64,0.754761904761905,0.8,0.666666666666667,0.2,0.333333333333333,2.4,0.3
"2832",0.225,4.20196752314895,0.838709677419355,0.383722687887376,0.761904761904762,0.828571428571429,0.8,0.857142857142857,0.2,0.142857142857143,5.6,0.233333333333333
"2833",0.58,7.43791430983558,0.870967741935484,0.340662388442392,0.75,0.825757575757576,0.666666666666667,0.954545454545455,0.333333333333333,0.0454545454545454,14.6666666666667,0.349206349206349
"2834",0.545,7.70091778838624,0.903225806451613,0.312902231642001,0.727272727272727,0.901785714285714,0.571428571428571,1,0.428571428571429,0,Inf,0.428571428571429
"2835",0.2765,4.61159857611961,0.903225806451613,0.341045262157445,0.869565217391304,0.940909090909091,0.909090909090909,0.9,0.0909090909090909,0.1,9.09090909090909,0.101010101010101
"2836",0.2735,3.91653578943022,0.838709677419355,0.367746047846349,0.782608695652174,0.904040404040404,1,0.772727272727273,0,0.227272727272727,4.4,0
"2837",0.283,5.02716170667698,0.870967741935484,0.36352342201686,0.75,0.848484848484849,0.666666666666667,0.954545454545455,0.333333333333333,0.0454545454545454,14.6666666666667,0.349206349206349
"2838",0.8365,10.387176458158,0.903225806451613,0.333830130414502,0.8,0.871212121212121,0.666666666666667,1,0.333333333333333,0,Inf,0.333333333333333
"2839",0.104,2.00265466185287,0.806451612903226,0.366416947075777,0.75,0.866666666666667,0.9,0.761904761904762,0.1,0.238095238095238,3.78,0.13125
"2840",0.247,4.37553867223559,0.838709677419355,0.377979012623202,0.814814814814815,0.883771929824561,0.916666666666667,0.789473684210526,0.0833333333333334,0.210526315789474,4.35416666666667,0.105555555555556
"2841",0.117,2.65256090325837,0.806451612903226,0.43256722365468,0.75,0.826190476190476,0.9,0.761904761904762,0.1,0.238095238095238,3.78,0.13125
"2842",0.7475,9.54644779390663,0.903225806451613,0.348766597038788,0.8,0.840909090909091,0.666666666666667,1,0.333333333333333,0,Inf,0.333333333333333
"2843",0.1435,2.64515357618182,0.838709677419355,0.375546568203614,0.782608695652174,0.90952380952381,0.9,0.80952380952381,0.1,0.19047619047619,4.725,0.123529411764706
"2844",0.2155,4.15368418679598,0.806451612903226,0.389120381765497,0.625,0.826086956521739,0.625,0.869565217391304,0.375,0.130434782608696,4.79166666666667,0.43125
"2845",0.247,4.15045736317237,0.806451612903226,0.406667161436227,0.75,0.847619047619048,0.9,0.761904761904762,0.1,0.238095238095238,3.78,0.13125
"2846",0.547,6.94833862105801,0.935483870967742,0.279165779204159,0.9,0.97979797979798,1,0.909090909090909,0,0.0909090909090909,11,0
"2847",0.3665,5.75129118061948,0.903225806451613,0.304678722238345,0.857142857142857,0.930952380952381,0.9,0.904761904761905,0.1,0.0952380952380952,9.45,0.110526315789474
"2848",0.1965,3.87177530267886,0.838709677419355,0.375002446861748,0.705882352941177,0.883838383838384,0.666666666666667,0.909090909090909,0.333333333333333,0.0909090909090909,7.33333333333333,0.366666666666667
"2849",0.5945,7.62412527350913,0.903225806451613,0.323712960314826,0.8,0.866847826086957,0.75,0.956521739130435,0.25,0.0434782608695652,17.25,0.261363636363636
"2850",0.554,7.70011039627887,0.903225806451613,0.314561847510544,0.842105263157895,0.938095238095238,0.8,0.952380952380952,0.2,0.0476190476190477,16.8,0.21
"2851",0.128,2.5625011561829,0.806451612903226,0.396804202483446,0.769230769230769,0.868181818181818,0.909090909090909,0.75,0.0909090909090909,0.25,3.63636363636364,0.121212121212121
"2852",0.1055,2.35716630537515,0.806451612903226,0.412151412597296,0.769230769230769,0.877272727272727,0.909090909090909,0.75,0.0909090909090909,0.25,3.63636363636364,0.121212121212121
"2853",0.863,9.60481280482702,0.903225806451613,0.377225662978786,0.769230769230769,0.922619047619048,0.714285714285714,0.958333333333333,0.285714285714286,0.0416666666666666,17.1428571428572,0.298136645962733
"2854",0.315,5.03098481664892,0.806451612903226,0.360353672216653,0.666666666666667,0.858695652173913,0.75,0.826086956521739,0.25,0.173913043478261,4.3125,0.302631578947368
"2855",0.1165,1.82086826217869,0.741935483870968,0.364895943094129,0.636363636363636,0.851190476190476,1,0.666666666666667,0,0.333333333333333,3,0
"2856",0.6655,8.87273747043286,0.967741935483871,0.260143953992019,0.941176470588235,0.98989898989899,0.888888888888889,1,0.111111111111111,0,Inf,0.111111111111111
"2857",0.501,5.75035418658791,0.741935483870968,0.469871391756361,0.555555555555556,0.682065217391304,0.625,0.782608695652174,0.375,0.217391304347826,2.875,0.479166666666667
"2858",0.246,3.87294027531778,0.838709677419355,0.342022304154219,0.736842105263158,0.885869565217391,0.875,0.826086956521739,0.125,0.173913043478261,5.03125,0.151315789473684
"2859",0.1655,2.87616334760472,0.806451612903226,0.360575591323289,0.727272727272727,0.891414141414141,0.888888888888889,0.772727272727273,0.111111111111111,0.227272727272727,3.91111111111111,0.143790849673203
"2860",0.3515,5.75242399505315,0.903225806451613,0.336934998084821,0.842105263157895,0.880952380952381,0.8,0.952380952380952,0.2,0.0476190476190477,16.8,0.21
"2861",0.0915,2.08149408410767,0.741935483870968,0.418749145123576,0.6,0.758928571428571,0.857142857142857,0.708333333333333,0.142857142857143,0.291666666666667,2.93877551020408,0.201680672268908
"2862",0.1185,2.8438530987965,0.838709677419355,0.412038396574836,0.814814814814815,0.901709401709402,0.846153846153846,0.833333333333333,0.153846153846154,0.166666666666667,5.07692307692308,0.184615384615385
"2863",0.731,9.59683771924361,0.903225806451613,0.330665358139598,0.823529411764706,0.842857142857143,0.7,1,0.3,0,Inf,0.3
"2864",0.2165,4.17569849025179,0.903225806451613,0.347659785773655,0.896551724137931,0.966386554621849,0.928571428571429,0.882352941176471,0.0714285714285714,0.117647058823529,7.89285714285714,0.0809523809523809
"2865",0.546,6.94420768433725,0.870967741935484,0.344183460310718,0.75,0.864130434782609,0.75,0.91304347826087,0.25,0.0869565217391305,8.62499999999999,0.273809523809524
"2866",0.1005,2.30741917662195,0.838709677419355,0.431778794927217,0.827586206896552,0.87280701754386,1,0.736842105263158,0,0.263157894736842,3.8,0
"2867",0.4785,7.34990453401519,0.870967741935484,0.348414047821727,0.75,0.892857142857143,0.6,1,0.4,0,Inf,0.4
"2868",0.126,2.59671562732252,0.838709677419355,0.390270141133686,0.8,0.879545454545455,0.909090909090909,0.8,0.0909090909090909,0.2,4.54545454545455,0.113636363636364
"2869",0.645,8.64196682602547,0.870967741935484,0.353772683194002,0.75,0.854761904761905,0.6,1,0.4,0,Inf,0.4
"2870",0.263,5.02732186821445,0.870967741935484,0.371393964825052,0.8,0.875,0.727272727272727,0.95,0.272727272727273,0.05,14.5454545454545,0.287081339712919
"2871",0.1085,2.50724423172617,0.741935483870968,0.457833621232573,0.666666666666667,0.785714285714286,0.8,0.714285714285714,0.2,0.285714285714286,2.8,0.28
"2872",0.265,4.41322501890242,0.935483870967742,0.325316063878345,0.875,0.945652173913043,0.875,0.956521739130435,0.125,0.0434782608695652,20.125,0.130681818181818
"2873",0.4475,6.81143445631883,0.903225806451613,0.315233108653161,0.769230769230769,0.929347826086957,0.625,1,0.375,0,Inf,0.375
"2874",0.327,5.02765353381193,0.806451612903226,0.365844964158816,0.75,0.881818181818182,0.818181818181818,0.8,0.181818181818182,0.2,4.09090909090909,0.227272727272727
"2875",0.427,6.91996977181741,0.935483870967742,0.297530957641082,0.9,0.943181818181818,0.818181818181818,1,0.181818181818182,0,Inf,0.181818181818182
"2876",0.124,2.85989636265679,0.774193548387097,0.429890053785317,0.695652173913043,0.80952380952381,0.8,0.761904761904762,0.2,0.238095238095238,3.36,0.2625
"2877",0.5005,6.94863243021638,0.903225806451613,0.309758890316971,0.842105263157895,0.929292929292929,0.888888888888889,0.909090909090909,0.111111111111111,0.0909090909090909,9.77777777777777,0.122222222222222
"2878",0.1965,4.15665177523211,0.903225806451613,0.387716609065014,0.857142857142857,0.895454545454545,0.818181818181818,0.95,0.181818181818182,0.05,16.3636363636363,0.191387559808612
"2879",0.4925,6.95244163153842,0.870967741935484,0.354676079413488,0.777777777777778,0.85952380952381,0.7,0.952380952380952,0.3,0.0476190476190477,14.7,0.315
"2880",0.2265,3.86742354993879,0.935483870967742,0.298769807141055,0.875,0.951086956521739,0.875,0.956521739130435,0.125,0.0434782608695652,20.125,0.130681818181818
"2881",0.126,2.65211292796568,0.774193548387097,0.401829516993459,0.758620689655172,0.866228070175439,0.916666666666667,0.684210526315789,0.0833333333333334,0.315789473684211,2.90277777777778,0.121794871794872
"2882",0.196,4.15238845914905,0.870967741935484,0.397155801349493,0.818181818181818,0.896929824561403,0.75,0.947368421052632,0.25,0.0526315789473685,14.25,0.263888888888889
"2883",0.1395,2.75528271368644,0.838709677419355,0.38515861932332,0.8,0.875,0.909090909090909,0.8,0.0909090909090909,0.2,4.54545454545455,0.113636363636364
"2884",0.1435,2.87317572065848,0.774193548387097,0.414416802315373,0.758620689655172,0.820175438596491,0.916666666666667,0.684210526315789,0.0833333333333334,0.315789473684211,2.90277777777778,0.121794871794872
"2885",0.343,5.02884745181241,0.838709677419355,0.383908443864091,0.705882352941177,0.828804347826087,0.75,0.869565217391304,0.25,0.130434782608696,5.75,0.2875
"2886",0.323,5.55304639716374,0.870967741935484,0.360922210084248,0.75,0.848484848484849,0.666666666666667,0.954545454545455,0.333333333333333,0.0454545454545454,14.6666666666667,0.349206349206349
"2887",0.698,7.90505869111066,0.903225806451613,0.348172903426932,0.4,0.738095238095238,0.333333333333333,0.964285714285714,0.666666666666667,0.0357142857142857,9.33333333333334,0.691358024691358
"2888",0.231,4.13219100074285,0.903225806451613,0.358310740980865,0.769230769230769,0.910714285714286,0.714285714285714,0.958333333333333,0.285714285714286,0.0416666666666666,17.1428571428572,0.298136645962733
"2889",0.3755,5.90236767297594,0.935483870967742,0.291979128663572,0.833333333333333,0.907738095238095,0.714285714285714,1,0.285714285714286,0,Inf,0.285714285714286
"2890",0.2345,4.15709112276314,0.806451612903226,0.400249871131019,0.75,0.875,0.818181818181818,0.8,0.181818181818182,0.2,4.09090909090909,0.227272727272727
"2891",0.541,7.34890516426776,0.903225806451613,0.325340464396476,0.769230769230769,0.875,0.714285714285714,0.958333333333333,0.285714285714286,0.0416666666666666,17.1428571428572,0.298136645962733
"2892",0.4165,5.74783055186226,0.838709677419355,0.360036785459944,0.736842105263158,0.853535353535353,0.777777777777778,0.863636363636364,0.222222222222222,0.136363636363636,5.7037037037037,0.257309941520468
"2893",0.4615,6.95516355968654,0.935483870967742,0.289864916532383,0.857142857142857,0.951086956521739,0.75,1,0.25,0,Inf,0.25
"2894",0.382,5.74909823128852,0.870967741935484,0.347673575995429,0.75,0.91304347826087,0.75,0.91304347826087,0.25,0.0869565217391305,8.62499999999999,0.273809523809524
"2895",0.199,3.92115561564079,0.806451612903226,0.380947871823467,0.75,0.872727272727273,0.818181818181818,0.8,0.181818181818182,0.2,4.09090909090909,0.227272727272727
"2896",0.2095,3.91357943816419,0.838709677419355,0.359190335308941,0.666666666666667,0.831521739130435,0.625,0.91304347826087,0.375,0.0869565217391305,7.1875,0.410714285714286
"2897",0.5225,6.94574770496723,0.903225806451613,0.305575394654485,0.727272727272727,0.92,0.666666666666667,0.96,0.333333333333333,0.04,16.6666666666667,0.347222222222222
"2898",0.635,8.59223425215673,0.903225806451613,0.310806494036688,0.769230769230769,0.872282608695652,0.625,1,0.375,0,Inf,0.375
"2899",0.236,4.14965067002261,0.774193548387097,0.392120917280703,0.588235294117647,0.779891304347826,0.625,0.826086956521739,0.375,0.173913043478261,3.59375,0.453947368421053
"2900",0.217,4.4212715203659,0.935483870967742,0.360074158786429,0.909090909090909,0.945175438596491,0.833333333333333,1,0.166666666666667,0,Inf,0.166666666666667
"2901",0.637,8.55593878680717,0.935483870967742,0.27683384603809,0.8,0.943333333333333,0.666666666666667,1,0.333333333333333,0,Inf,0.333333333333333
"2902",0.318,5.75013338730918,0.903225806451613,0.347637982203133,0.857142857142857,0.947368421052632,0.75,1,0.25,0,Inf,0.25
"2903",0.1345,2.294688783697,0.774193548387097,0.367116058982639,0.72,0.891414141414141,1,0.681818181818182,0,0.318181818181818,3.14285714285714,0
"2904",0.4635,6.94966228579945,0.870967741935484,0.359081473625171,0.714285714285714,0.810606060606061,0.555555555555556,1,0.444444444444444,0,Inf,0.444444444444444
"2905",0.221,4.95376845966702,0.870967741935484,0.424983932022198,0.777777777777778,0.845454545454545,0.636363636363636,1,0.363636363636364,0,Inf,0.363636363636364
"2906",0.1395,2.40395949796129,0.935483870967742,0.319206731822307,0.909090909090909,0.961904761904762,1,0.904761904761905,0,0.0952380952380952,10.5,0
"2907",0.22,3.86651756605384,0.838709677419355,0.350612864445898,0.782608695652174,0.90952380952381,0.9,0.80952380952381,0.1,0.19047619047619,4.725,0.123529411764706
"2908",0.1035,2.06654127672336,0.774193548387097,0.412890991868722,0.758620689655172,0.854545454545454,1,0.65,0,0.35,2.85714285714286,0
"2909",0.139,2.7590578018676,0.806451612903226,0.41736762075502,0.785714285714286,0.872727272727273,1,0.7,0,0.3,3.33333333333333,0
"2910",0.107,1.9821818579071,0.774193548387097,0.388678718517776,0.787878787878788,0.886752136752137,1,0.611111111111111,0,0.388888888888889,2.57142857142857,0
"2911",0.2945,4.39654410627917,0.935483870967742,0.258942483554349,0.857142857142857,0.97,1,0.92,0,0.08,12.5,0
"2912",0.699,9.34115333311454,0.935483870967742,0.263847704659736,0.833333333333333,0.970238095238095,0.714285714285714,1,0.285714285714286,0,Inf,0.285714285714286
"2913",0.102,2.85634722306792,0.774193548387097,0.465112814770119,0.72,0.81359649122807,0.75,0.789473684210526,0.25,0.210526315789474,3.5625,0.316666666666667
"2914",0.3235,5.26945194978967,0.870967741935484,0.354645425283429,0.75,0.891414141414141,0.666666666666667,0.954545454545455,0.333333333333333,0.0454545454545454,14.6666666666667,0.349206349206349
"2915",0.3385,4.95058376651677,0.870967741935484,0.3190241194852,0.818181818181818,0.944444444444444,1,0.818181818181818,0,0.181818181818182,5.5,0
"2916",0.25,4.20782937487891,0.870967741935484,0.336646096475354,0.714285714285714,0.901785714285714,0.714285714285714,0.916666666666667,0.285714285714286,0.0833333333333334,8.57142857142857,0.311688311688312
"2917",0.427,5.26241679190173,0.806451612903226,0.406050287846691,0.625,0.80952380952381,0.714285714285714,0.833333333333333,0.285714285714286,0.166666666666667,4.28571428571429,0.342857142857143
"2918",0.204,3.86979042298645,0.838709677419355,0.374820896213549,0.8,0.879385964912281,0.833333333333333,0.842105263157895,0.166666666666667,0.157894736842105,5.27777777777778,0.197916666666667
"2919",0.3555,5.02396827762986,0.870967741935484,0.366067484309617,0.666666666666667,0.843333333333333,0.666666666666667,0.92,0.333333333333333,0.08,8.33333333333334,0.36231884057971
"2920",0.294,4.96112396431577,0.870967741935484,0.331836093841336,0.833333333333333,0.929824561403509,0.833333333333333,0.894736842105263,0.166666666666667,0.105263157894737,7.91666666666667,0.186274509803922
"2921",0.223,4.20731897663129,0.838709677419355,0.373227509423171,0.782608695652174,0.879545454545455,0.818181818181818,0.85,0.181818181818182,0.15,5.45454545454545,0.213903743315508
"2922",0.1095,2.64442801414652,0.838709677419355,0.439103926462386,0.848484848484849,0.885416666666667,0.933333333333333,0.75,0.0666666666666667,0.25,3.73333333333333,0.0888888888888889
"2923",0.173,3.75371360485429,0.774193548387097,0.426586773154229,0.72,0.822368421052632,0.75,0.789473684210526,0.25,0.210526315789474,3.5625,0.316666666666667
"2924",0.2585,4.97404369460803,0.870967741935484,0.37124275572865,0.714285714285714,0.886363636363636,0.555555555555556,1,0.444444444444444,0,Inf,0.444444444444444
"2925",0.2465,4.17771740449941,0.838709677419355,0.37102755492287,0.736842105263158,0.893939393939394,0.777777777777778,0.863636363636364,0.222222222222222,0.136363636363636,5.7037037037037,0.257309941520468
"2926",0.1405,2.59611057885007,0.774193548387097,0.382350250316745,0.695652173913043,0.856060606060606,0.888888888888889,0.727272727272727,0.111111111111111,0.272727272727273,3.25925925925926,0.152777777777778
"2927",0.3395,5.02877773260114,0.870967741935484,0.338519986352555,0.714285714285714,0.875,0.714285714285714,0.916666666666667,0.285714285714286,0.0833333333333334,8.57142857142857,0.311688311688312
"2928",0.1935,3.96284311663953,0.774193548387097,0.426156068119247,0.666666666666667,0.802380952380952,0.7,0.80952380952381,0.3,0.19047619047619,3.675,0.370588235294118
"2929",0.2905,4.60104516232174,0.903225806451613,0.29759762646994,0.823529411764706,0.942934782608696,0.875,0.91304347826087,0.125,0.0869565217391305,10.0625,0.136904761904762
"2930",0.5825,7.70100793945291,0.870967741935484,0.349895381856705,0.75,0.843434343434343,0.666666666666667,0.954545454545455,0.333333333333333,0.0454545454545454,14.6666666666667,0.349206349206349
"2931",0.116,2.5787520835347,0.741935483870968,0.415703878393846,0.733333333333333,0.831140350877193,0.916666666666667,0.631578947368421,0.0833333333333334,0.368421052631579,2.48809523809524,0.131944444444445
"2932",0.359,5.75178415347016,0.806451612903226,0.386790500506784,0.75,0.850877192982456,0.75,0.842105263157895,0.25,0.157894736842105,4.75,0.296875
"2933",0.325,5.75079327489126,0.870967741935484,0.34769827461045,0.818181818181818,0.916666666666667,0.75,0.947368421052632,0.25,0.0526315789473685,14.25,0.263888888888889
"2934",0.53,7.24878594030218,0.838709677419355,0.371981035424107,0.761904761904762,0.848684210526316,0.666666666666667,0.947368421052632,0.333333333333333,0.0526315789473685,12.6666666666667,0.351851851851852
"2935",0.1205,2.31362174514703,0.774193548387097,0.368307248771109,0.72,0.883333333333333,0.9,0.714285714285714,0.1,0.285714285714286,3.15,0.14
"2936",0.446,5.74801326250471,0.838709677419355,0.383867911874206,0.761904761904762,0.878787878787879,0.888888888888889,0.818181818181818,0.111111111111111,0.181818181818182,4.88888888888889,0.135802469135803
"2937",0.514,6.64820042853426,0.838709677419355,0.390303086072779,0.736842105263158,0.828571428571429,0.7,0.904761904761905,0.3,0.0952380952380952,7.35,0.331578947368421
"2938",0.3535,5.55668120164555,0.903225806451613,0.311879016969578,0.823529411764706,0.881313131313131,0.777777777777778,0.954545454545455,0.222222222222222,0.0454545454545454,17.1111111111111,0.232804232804233
"2939",0.12,2.87698544222569,0.838709677419355,0.396733114192063,0.782608695652174,0.866228070175439,0.75,0.894736842105263,0.25,0.105263157894737,7.125,0.279411764705882
"2940",0.3475,5.02700634980905,0.870967741935484,0.345860885450494,0.714285714285714,0.880952380952381,0.714285714285714,0.916666666666667,0.285714285714286,0.0833333333333334,8.57142857142857,0.311688311688312
"2941",0.7715,8.84135016962256,0.870967741935484,0.379861835295581,0.666666666666667,0.845238095238095,0.571428571428571,0.958333333333333,0.428571428571429,0.0416666666666666,13.7142857142857,0.447204968944099
"2942",0.4675,6.95598697806514,0.838709677419355,0.386182959270539,0.761904761904762,0.844298245614035,0.666666666666667,0.947368421052632,0.333333333333333,0.0526315789473685,12.6666666666667,0.351851851851852
"2943",0.212,3.97484555837364,0.903225806451613,0.331664921709205,0.857142857142857,0.920454545454546,0.818181818181818,0.95,0.181818181818182,0.05,16.3636363636363,0.191387559808612
"2944",0.2295,4.17595196160654,0.903225806451613,0.336051453142639,0.823529411764706,0.893939393939394,0.777777777777778,0.954545454545455,0.222222222222222,0.0454545454545454,17.1111111111111,0.232804232804233
"2945",0.8325,8.77477679863961,0.870967741935484,0.406508740139447,0.666666666666667,0.803333333333333,0.666666666666667,0.92,0.333333333333333,0.08,8.33333333333334,0.36231884057971
"2946",0.5205,6.94457651361041,0.903225806451613,0.322212629912877,0.769230769230769,0.797619047619048,0.714285714285714,0.958333333333333,0.285714285714286,0.0416666666666666,17.1428571428572,0.298136645962733
"2947",0.681,8.91150339009094,0.870967741935484,0.334751867923232,0.714285714285714,0.891414141414141,0.555555555555556,1,0.444444444444444,0,Inf,0.444444444444444
"2948",0.7265,9.54527486361002,0.838709677419355,0.388579076572751,0.705882352941177,0.815909090909091,0.545454545454545,1,0.454545454545455,0,Inf,0.454545454545455
"2949",0.8045,10.0528083233497,0.870967741935484,0.370601411173333,0.75,0.859523809523809,0.6,1,0.4,0,Inf,0.4
"2950",0.4325,6.48415190740211,0.935483870967742,0.286892283296249,0.888888888888889,0.914141414141414,0.888888888888889,0.954545454545455,0.111111111111111,0.0454545454545454,19.5555555555556,0.116402116402116
"2951",0.4295,6.65144703399894,0.870967741935484,0.345531861584367,0.777777777777778,0.892857142857143,0.7,0.952380952380952,0.3,0.0476190476190477,14.7,0.315
"2952",0.588,7.70280015116807,0.935483870967742,0.2829905568529,0.857142857142857,0.964285714285714,0.857142857142857,0.958333333333333,0.142857142857143,0.0416666666666666,20.5714285714286,0.149068322981366
"2953",0.49,6.95056852242783,0.774193548387097,0.455212228729301,0.666666666666667,0.717105263157895,0.583333333333333,0.894736842105263,0.416666666666667,0.105263157894737,5.54166666666667,0.465686274509804
"2954",0.5915,8.34270339123929,0.903225806451613,0.296682904854008,0.8,0.924242424242424,0.666666666666667,1,0.333333333333333,0,Inf,0.333333333333333
"2955",0.242,4.15111400001406,0.774193548387097,0.381870431090611,0.666666666666667,0.815656565656566,0.777777777777778,0.772727272727273,0.222222222222222,0.227272727272727,3.42222222222222,0.287581699346405
"2956",0.1375,2.76057289847329,0.806451612903226,0.392744766319352,0.8125,0.855042016806723,0.928571428571429,0.705882352941177,0.0714285714285714,0.294117647058823,3.15714285714286,0.101190476190476
"2957",0.5295,7.34642838539336,0.903225806451613,0.315928345267432,0.823529411764706,0.886363636363636,0.777777777777778,0.954545454545455,0.222222222222222,0.0454545454545454,17.1111111111111,0.232804232804233
"2958",0.3365,4.95481605441373,0.806451612903226,0.390332367096605,0.625,0.821428571428571,0.714285714285714,0.833333333333333,0.285714285714286,0.166666666666667,4.28571428571429,0.342857142857143
"2959",0.1735,3.86913562477962,0.903225806451613,0.388527145734352,0.842105263157895,0.954545454545455,0.727272727272727,1,0.272727272727273,0,Inf,0.272727272727273
"2960",0.1265,2.42008239277964,0.870967741935484,0.369143902265588,0.833333333333333,0.922727272727273,0.909090909090909,0.85,0.0909090909090909,0.15,6.06060606060606,0.106951871657754
"2961",0.5215,6.94991263897347,0.903225806451613,0.334611619972151,0.8,0.85054347826087,0.75,0.956521739130435,0.25,0.0434782608695652,17.25,0.261363636363636
"2962",0.2255,3.92454399690965,0.903225806451613,0.307185677617141,0.842105263157895,0.928571428571429,0.8,0.952380952380952,0.2,0.0476190476190477,16.8,0.21
"2963",0.2725,4.61776934510501,0.774193548387097,0.432275263655194,0.695652173913043,0.784090909090909,0.727272727272727,0.8,0.272727272727273,0.2,3.63636363636364,0.340909090909091
"2964",0.0615,1.82860471776784,0.612903225806452,0.469034762890966,0.625,0.720454545454545,0.909090909090909,0.45,0.0909090909090909,0.55,1.65289256198347,0.202020202020202
"2965",0.935,10.3737291877174,0.838709677419355,0.443595540777409,0.705882352941177,0.80952380952381,0.6,0.952380952380952,0.4,0.0476190476190477,12.6,0.42
"2966",0.1645,2.84786144845157,0.903225806451613,0.323586398193222,0.869565217391304,0.961904761904762,1,0.857142857142857,0,0.142857142857143,7,0
"2967",0.6535,7.2405991786693,0.838709677419355,0.402198778055611,0.615384615384615,0.806547619047619,0.571428571428571,0.916666666666667,0.428571428571429,0.0833333333333334,6.85714285714285,0.467532467532468
"2968",0.402,5.33303662694529,0.935483870967742,0.308398164993757,0.857142857142857,0.946666666666667,1,0.92,0,0.08,12.5,0
"2969",0.305,5.27196620859541,0.806451612903226,0.405442730496961,0.769230769230769,0.844017094017094,0.769230769230769,0.833333333333333,0.230769230769231,0.166666666666667,4.61538461538462,0.276923076923077
"2970",0.1265,2.64457880802162,0.935483870967742,0.378573130551135,0.916666666666667,0.93640350877193,0.916666666666667,0.947368421052632,0.0833333333333334,0.0526315789473685,17.4166666666667,0.087962962962963
"2971",0.0355,2.65369420037247,0.806451612903226,0.576607832432623,0.833333333333333,0.85042735042735,0.833333333333333,0.769230769230769,0.166666666666667,0.230769230769231,3.61111111111111,0.216666666666667
"2972",0.2415,4.15268231008269,0.903225806451613,0.325458951577373,0.823529411764706,0.940217391304348,0.875,0.91304347826087,0.125,0.0869565217391305,10.0625,0.136904761904762
"2973",0.279,5.02664986406516,0.870967741935484,0.352465538535654,0.8,0.888095238095238,0.8,0.904761904761905,0.2,0.0952380952380952,8.4,0.221052631578947
"2974",0.1425,2.58672483423778,0.741935483870968,0.377697898598355,0.714285714285714,0.859523809523809,1,0.619047619047619,0,0.380952380952381,2.625,0
"2975",0.159,2.85264572371825,0.870967741935484,0.344796340534031,0.777777777777778,0.869565217391304,0.875,0.869565217391304,0.125,0.130434782608696,6.70833333333333,0.14375
"2976",0.905,10.6635085549024,0.935483870967742,0.37761531198318,0.8,0.866666666666667,0.666666666666667,1,0.333333333333333,0,Inf,0.333333333333333
"2977",0.4,5.7509310463239,0.806451612903226,0.398538745914503,0.625,0.77445652173913,0.625,0.869565217391304,0.375,0.130434782608696,4.79166666666667,0.43125
"2978",0.5325,7.70005388084019,0.870967741935484,0.350279764135342,0.8,0.877272727272727,0.727272727272727,0.95,0.272727272727273,0.05,14.5454545454545,0.287081339712919
"2979",0.21,3.68967071043516,0.935483870967742,0.310778802461817,0.888888888888889,0.904040404040404,0.888888888888889,0.954545454545455,0.111111111111111,0.0454545454545454,19.5555555555556,0.116402116402116
"2980",0.224,3.92220381127072,0.838709677419355,0.40229872003461,0.705882352941177,0.858695652173913,0.75,0.869565217391304,0.25,0.130434782608696,5.75,0.2875
"2981",0.7445,9.5513930099052,0.870967741935484,0.369265784269791,0.666666666666667,0.8125,0.5,1,0.5,0,Inf,0.5
"2982",0.095,2.65110447896789,0.838709677419355,0.460820958590097,0.827586206896552,0.882478632478632,0.923076923076923,0.777777777777778,0.0769230769230769,0.222222222222222,4.15384615384615,0.0989010989010988
"2983",0.2955,5.34170618809505,0.870967741935484,0.36278933710759,0.818181818181818,0.916666666666667,0.75,0.947368421052632,0.25,0.0526315789473685,14.25,0.263888888888889
"2984",0.26,4.90498106634374,0.838709677419355,0.39403092381632,0.666666666666667,0.845108695652174,0.625,0.91304347826087,0.375,0.0869565217391305,7.1875,0.410714285714286
"2985",0.2865,5.03149800713308,0.870967741935484,0.331055602010929,0.846153846153846,0.901709401709402,0.846153846153846,0.888888888888889,0.153846153846154,0.111111111111111,7.61538461538461,0.173076923076923
"2986",0.0835,2.36102956060725,0.774193548387097,0.450725515579919,0.72,0.861904761904762,0.9,0.714285714285714,0.1,0.285714285714286,3.15,0.14
"2987",0.127,2.60983672801245,0.806451612903226,0.406523463755632,0.785714285714286,0.872727272727273,1,0.7,0,0.3,3.33333333333333,0
"2988",0.4965,7.55229205469034,0.870967741935484,0.339684325410339,0.714285714285714,0.873737373737374,0.555555555555556,1,0.444444444444444,0,Inf,0.444444444444444
"2989",0.6555,8.63421341641989,0.838709677419355,0.377681364902365,0.705882352941177,0.845238095238095,0.6,0.952380952380952,0.4,0.0476190476190477,12.6,0.42
"2990",0.2075,4.2008934780504,0.806451612903226,0.395584940505626,0.75,0.804824561403509,0.75,0.842105263157895,0.25,0.157894736842105,4.75,0.296875
"2991",0.4555,5.75042701953804,0.838709677419355,0.378161197326512,0.615384615384615,0.76,0.666666666666667,0.88,0.333333333333333,0.12,5.55555555555556,0.378787878787879
"2992",0.4505,5.96093610798479,0.870967741935484,0.340585280691634,0.666666666666667,0.793333333333333,0.666666666666667,0.92,0.333333333333333,0.08,8.33333333333334,0.36231884057971
"2993",0.3555,5.55335596190036,0.870967741935484,0.339630224459661,0.714285714285714,0.818452380952381,0.714285714285714,0.916666666666667,0.285714285714286,0.0833333333333334,8.57142857142857,0.311688311688312
"2994",0.386,5.75080857464942,0.838709677419355,0.373659498772428,0.705882352941177,0.863636363636364,0.666666666666667,0.909090909090909,0.333333333333333,0.0909090909090909,7.33333333333333,0.366666666666667
"2995",0.319,4.4105286798605,0.838709677419355,0.348144587578632,0.761904761904762,0.91304347826087,1,0.782608695652174,0,0.217391304347826,4.6,0
"2996",0.2785,4.20768545229108,0.774193548387097,0.438051397876594,0.588235294117647,0.803571428571429,0.714285714285714,0.791666666666667,0.285714285714286,0.208333333333333,3.42857142857143,0.360902255639098
"2997",0.336,4.95624621378718,0.838709677419355,0.376579264941132,0.615384615384615,0.8,0.666666666666667,0.88,0.333333333333333,0.12,5.55555555555556,0.378787878787879
"2998",0.236,4.15270451623198,0.903225806451613,0.329006091648,0.869565217391304,0.959090909090909,0.909090909090909,0.9,0.0909090909090909,0.1,9.09090909090909,0.101010101010101
"2999",0.1945,3.93190990776268,0.870967741935484,0.404748075480327,0.846153846153846,0.878205128205128,0.846153846153846,0.888888888888889,0.153846153846154,0.111111111111111,7.61538461538461,0.173076923076923
"3000",0.264,4.14740118373407,0.838709677419355,0.327922846368305,0.761904761904762,0.929292929292929,0.888888888888889,0.818181818181818,0.111111111111111,0.181818181818182,4.88888888888889,0.135802469135803
"3001",0.2935,4.9514542353904,0.870967741935484,0.350369916509932,0.75,0.843434343434343,0.666666666666667,0.954545454545455,0.333333333333333,0.0454545454545454,14.6666666666667,0.349206349206349
"3002",0.505,6.6296545643452,0.838709677419355,0.340216651128289,0.666666666666667,0.886904761904762,0.714285714285714,0.875,0.285714285714286,0.125,5.71428571428571,0.326530612244898
"3003",0.1865,3.92556380460197,0.838709677419355,0.400384755316179,0.736842105263158,0.816666666666667,0.7,0.904761904761905,0.3,0.0952380952380952,7.35,0.331578947368421
"3004",0.236,3.8760827144484,0.838709677419355,0.383332231375863,0.761904761904762,0.898989898989899,0.888888888888889,0.818181818181818,0.111111111111111,0.181818181818182,4.88888888888889,0.135802469135803
"3005",0.233,3.97303623299909,0.838709677419355,0.385289192510852,0.736842105263158,0.838383838383838,0.777777777777778,0.863636363636364,0.222222222222222,0.136363636363636,5.7037037037037,0.257309941520468
"3006",0.139,2.3040984897561,0.870967741935484,0.330457417612528,0.8,0.9375,1,0.826086956521739,0,0.173913043478261,5.75,0
"3007",0.416,5.75057049104156,0.903225806451613,0.317721681151545,0.823529411764706,0.923913043478261,0.875,0.91304347826087,0.125,0.0869565217391305,10.0625,0.136904761904762
"3008",0.079,2.4148158160584,0.806451612903226,0.466365283138996,0.785714285714286,0.871794871794872,0.846153846153846,0.777777777777778,0.153846153846154,0.222222222222222,3.80769230769231,0.197802197802198
"3009",0.147,2.87493488771379,0.806451612903226,0.380618992437438,0.769230769230769,0.890350877192982,0.833333333333333,0.789473684210526,0.166666666666667,0.210526315789474,3.95833333333333,0.211111111111111
"3010",0.1465,2.70399853976277,0.806451612903226,0.370313116424082,0.75,0.904040404040404,1,0.727272727272727,0,0.272727272727273,3.66666666666667,0
"3011",0.7545,8.48210611325214,0.870967741935484,0.381974597657793,0.714285714285714,0.869565217391304,0.625,0.956521739130435,0.375,0.0434782608695652,14.375,0.392045454545455
"3012",0.141,2.65472121369871,0.870967741935484,0.368119966239684,0.833333333333333,0.923809523809524,1,0.80952380952381,0,0.19047619047619,5.25,0
"3013",0.12,2.57606274188446,0.806451612903226,0.423066096247821,0.769230769230769,0.856818181818182,0.909090909090909,0.75,0.0909090909090909,0.25,3.63636363636364,0.121212121212121
"3014",0.2115,3.93176726393663,0.838709677419355,0.378637224239211,0.736842105263158,0.871212121212121,0.777777777777778,0.863636363636364,0.222222222222222,0.136363636363636,5.7037037037037,0.257309941520468
"3015",0.094,2.66184847277996,0.838709677419355,0.457386731283154,0.827586206896552,0.876050420168067,0.857142857142857,0.823529411764706,0.142857142857143,0.176470588235294,4.85714285714286,0.173469387755102
"3016",0.1105,2.6431517529875,0.838709677419355,0.420646205778859,0.8,0.890909090909091,0.909090909090909,0.8,0.0909090909090909,0.2,4.54545454545455,0.113636363636364
"3017",0.2535,5.02471972353356,0.806451612903226,0.409856520110015,0.7,0.811363636363636,0.636363636363636,0.9,0.363636363636364,0.1,6.36363636363637,0.404040404040404
"3018",0.3395,4.68492962208445,0.838709677419355,0.342262290694271,0.666666666666667,0.893333333333333,0.833333333333333,0.84,0.166666666666667,0.16,5.20833333333333,0.198412698412698
"3019",0.2825,4.18016862028334,0.806451612903226,0.403139379517128,0.666666666666667,0.823369565217391,0.75,0.826086956521739,0.25,0.173913043478261,4.3125,0.302631578947368
"3020",0.1715,2.85737806791861,0.67741935483871,0.396761638085637,0.583333333333333,0.785714285714286,1,0.583333333333333,0,0.416666666666667,2.4,0
"3021",0.2305,4.17671862539799,1,0.319324263567282,1,1,1,1,0,0,Inf,0
"3022",0.301,5.55694563447009,0.838709677419355,0.374764345638953,0.782608695652174,0.875,0.75,0.894736842105263,0.25,0.105263157894737,7.125,0.279411764705882
"3023",0.139,2.85122441885943,0.870967741935484,0.365673820039223,0.8,0.923809523809524,0.8,0.904761904761905,0.2,0.0952380952380952,8.4,0.221052631578947
"3024",0.144,2.87116594635244,0.806451612903226,0.400897508844919,0.785714285714286,0.864035087719298,0.916666666666667,0.736842105263158,0.0833333333333334,0.263157894736842,3.48333333333333,0.113095238095238
"3025",0.166,2.84206981708153,0.870967741935484,0.33324055968082,0.857142857142857,0.934210526315789,1,0.789473684210526,0,0.210526315789474,4.75,0
"3026",0.1995,4.12152598673519,0.870967741935484,0.386940880255594,0.857142857142857,0.918803418803419,0.923076923076923,0.833333333333333,0.0769230769230769,0.166666666666667,5.53846153846154,0.0923076923076922
"3027",0.1835,3.91360366179501,0.806451612903226,0.413257008226769,0.75,0.848684210526316,0.75,0.842105263157895,0.25,0.157894736842105,4.75,0.296875
"3028",0.5185,7.24966552450778,0.903225806451613,0.307320927012191,0.8,0.9375,0.75,0.956521739130435,0.25,0.0434782608695652,17.25,0.261363636363636
"3029",0.839,10.6934594054924,0.903225806451613,0.337945424459984,0.727272727272727,0.869047619047619,0.571428571428571,1,0.428571428571429,0,Inf,0.428571428571429
"3030",0.2895,4.62971175163674,0.870967741935484,0.333677807875156,0.777777777777778,0.902173913043478,0.875,0.869565217391304,0.125,0.130434782608696,6.70833333333333,0.14375
"3031",0.3345,4.95478805066597,0.838709677419355,0.347407630542037,0.782608695652174,0.90952380952381,0.9,0.80952380952381,0.1,0.19047619047619,4.725,0.123529411764706
"3032",0.6295,8.1562715190023,0.903225806451613,0.317864790712014,0.842105263157895,0.90952380952381,0.8,0.952380952380952,0.2,0.0476190476190477,16.8,0.21
"3033",0.1115,2.30994401224774,0.774193548387097,0.378034164682708,0.695652173913043,0.861111111111111,0.888888888888889,0.727272727272727,0.111111111111111,0.272727272727273,3.25925925925926,0.152777777777778
"3034",0.2205,3.92262747170504,0.870967741935484,0.333361699309348,0.777777777777778,0.906565656565657,0.777777777777778,0.909090909090909,0.222222222222222,0.0909090909090909,8.55555555555555,0.244444444444444
"3035",0.4955,7.25059060619627,0.935483870967742,0.285671500887791,0.857142857142857,0.904891304347826,0.75,1,0.25,0,Inf,0.25
"3036",0.1345,2.85986340815078,0.806451612903226,0.400506606258739,0.769230769230769,0.9,0.909090909090909,0.75,0.0909090909090909,0.25,3.63636363636364,0.121212121212121
"3037",0.4115,5.02746859344889,0.741935483870968,0.482301975707161,0.5,0.681547619047619,0.571428571428571,0.791666666666667,0.428571428571429,0.208333333333333,2.74285714285714,0.541353383458647
"3038",0.358,4.85844736743208,0.903225806451613,0.284982026065186,0.8,0.966666666666667,1,0.88,0,0.12,8.33333333333333,0
"3039",0.248,4.15314929924202,0.838709677419355,0.348178172227209,0.761904761904762,0.909090909090909,0.888888888888889,0.818181818181818,0.111111111111111,0.181818181818182,4.88888888888889,0.135802469135803
"3040",0.2445,4.1502212635474,0.870967741935484,0.348511031641145,0.818181818181818,0.907142857142857,0.9,0.857142857142857,0.1,0.142857142857143,6.3,0.116666666666667
"3041",0.293,4.95061142282285,0.935483870967742,0.324136208512702,0.909090909090909,0.945454545454545,0.909090909090909,0.95,0.0909090909090909,0.05,18.1818181818182,0.0956937799043063
"3042",0.198,3.87685855435985,0.806451612903226,0.400287096059007,0.75,0.827272727272727,0.818181818181818,0.8,0.181818181818182,0.2,4.09090909090909,0.227272727272727
"3043",0.362,5.02762276982244,0.806451612903226,0.378147085859951,0.666666666666667,0.854166666666667,0.857142857142857,0.791666666666667,0.142857142857143,0.208333333333333,4.11428571428571,0.180451127819549
"3044",0.587,7.69789188063931,0.870967741935484,0.365489298679523,0.777777777777778,0.883333333333333,0.7,0.952380952380952,0.3,0.0476190476190477,14.7,0.315
"3045",0.42,5.58400961698883,0.838709677419355,0.362736596055261,0.666666666666667,0.833333333333333,0.714285714285714,0.875,0.285714285714286,0.125,5.71428571428571,0.326530612244898
"3046",0.2125,4.12825372147921,0.806451612903226,0.379433305731645,0.7,0.85,0.7,0.857142857142857,0.3,0.142857142857143,4.9,0.35
"3047",0.219,4.20386791267996,0.838709677419355,0.368878371955176,0.814814814814815,0.916666666666667,0.846153846153846,0.833333333333333,0.153846153846154,0.166666666666667,5.07692307692308,0.184615384615385
"3048",0.0735,1.99259081852864,0.806451612903226,0.454127699273196,0.8,0.883771929824561,1,0.684210526315789,0,0.315789473684211,3.16666666666667,0
"3049",0.2885,4.95676583341841,0.870967741935484,0.336229315698398,0.8,0.914285714285714,0.8,0.904761904761905,0.2,0.0952380952380952,8.4,0.221052631578947
"3050",0.15,2.75726408132553,0.806451612903226,0.40549294810565,0.7,0.864130434782609,0.875,0.782608695652174,0.125,0.217391304347826,4.025,0.159722222222222
"3051",0.3675,5.74974480882516,0.903225806451613,0.344633827261977,0.857142857142857,0.909090909090909,0.818181818181818,0.95,0.181818181818182,0.05,16.3636363636363,0.191387559808612
"3052",0.8165,9.55063346206077,0.903225806451613,0.343065661851833,0.727272727272727,0.92,0.666666666666667,0.96,0.333333333333333,0.04,16.6666666666667,0.347222222222222
"3053",0.4905,6.79725872030063,0.967741935483871,0.253851281744485,0.857142857142857,0.962962962962963,0.75,1,0.25,0,Inf,0.25
"3054",0.2505,4.09591318774095,0.741935483870968,0.414396712244006,0.666666666666667,0.807142857142857,0.8,0.714285714285714,0.2,0.285714285714286,2.8,0.28
"3055",0.2195,4.42637025548197,0.870967741935484,0.379042030306909,0.777777777777778,0.861904761904762,0.7,0.952380952380952,0.3,0.0476190476190477,14.7,0.315
"3056",0.109,2.65360886696449,0.774193548387097,0.468359967664961,0.72,0.816666666666667,0.9,0.714285714285714,0.1,0.285714285714286,3.15,0.14
"3057",0.103,2.30761305991043,0.806451612903226,0.405561676143346,0.8,0.905982905982906,0.923076923076923,0.722222222222222,0.0769230769230769,0.277777777777778,3.32307692307692,0.106508875739645
"3058",0.415,5.97546172957602,0.806451612903226,0.423080155994313,0.625,0.717171717171717,0.555555555555556,0.909090909090909,0.444444444444444,0.0909090909090909,6.11111111111111,0.488888888888889
"3059",0.1395,2.65292551031386,0.709677419354839,0.40919227633259,0.608695652173913,0.785326086956522,0.875,0.652173913043478,0.125,0.347826086956522,2.515625,0.191666666666667
"3060",0.1885,3.70515615553949,0.838709677419355,0.392466116822044,0.761904761904762,0.89047619047619,0.8,0.857142857142857,0.2,0.142857142857143,5.6,0.233333333333333
"3061",0.1795,4.12723346593255,0.870967741935484,0.414656480203227,0.818181818181818,0.905701754385965,0.75,0.947368421052632,0.25,0.0526315789473685,14.25,0.263888888888889
"3062",0.613,6.92573696971757,0.806451612903226,0.425609849843274,0.75,0.828947368421053,0.75,0.842105263157895,0.25,0.157894736842105,4.75,0.296875
"3063",0.825,10.1297467252524,0.870967741935484,0.381655403542789,0.666666666666667,0.820652173913043,0.5,1,0.5,0,Inf,0.5
"3064",0.6755,7.69901484420391,0.870967741935484,0.359202554847058,0.75,0.907608695652174,0.75,0.91304347826087,0.25,0.0869565217391305,8.62499999999999,0.273809523809524
"3065",0.4925,6.64723767578087,0.870967741935484,0.332975267174918,0.777777777777778,0.898989898989899,0.777777777777778,0.909090909090909,0.222222222222222,0.0909090909090909,8.55555555555555,0.244444444444444
"3066",0.1515,2.64787936330239,0.806451612903226,0.371551778737549,0.727272727272727,0.880434782608696,1,0.739130434782609,0,0.260869565217391,3.83333333333333,0
"3067",0.2845,4.14651209274271,0.903225806451613,0.313272623436919,0.857142857142857,0.954545454545455,1,0.863636363636364,0,0.136363636363636,7.33333333333333,0
"3068",0.7865,8.62528647436804,0.870967741935484,0.385158128842562,0.666666666666667,0.846666666666667,0.666666666666667,0.92,0.333333333333333,0.08,8.33333333333334,0.36231884057971
"3069",0.624,8.55558661364016,0.903225806451613,0.310766560225959,0.8,0.924242424242424,0.666666666666667,1,0.333333333333333,0,Inf,0.333333333333333
"3070",0.273,4.63025330338654,0.806451612903226,0.373455850980963,0.625,0.78804347826087,0.625,0.869565217391304,0.375,0.130434782608696,4.79166666666667,0.43125
"3071",0.1775,2.8514598324593,0.838709677419355,0.348645772580277,0.736842105263158,0.916666666666667,1,0.791666666666667,0,0.208333333333333,4.8,0
"3072",0.123,2.65577121756963,0.741935483870968,0.433466210295266,0.714285714285714,0.825,0.909090909090909,0.65,0.0909090909090909,0.35,2.5974025974026,0.13986013986014
"3073",0.183,4.15041872606962,0.774193548387097,0.434716563970559,0.740740740740741,0.80982905982906,0.769230769230769,0.777777777777778,0.230769230769231,0.222222222222222,3.46153846153846,0.296703296703297
"3074",0.3115,4.9552797396423,0.806451612903226,0.34639861423437,0.75,0.888095238095238,0.9,0.761904761904762,0.1,0.238095238095238,3.78,0.13125
"3075",0.5835,8.14059190721139,0.870967741935484,0.342713085611095,0.666666666666667,0.883152173913043,0.5,1,0.5,0,Inf,0.5
"3076",0.0745,1.83347739592716,0.709677419354839,0.446080549080161,0.689655172413793,0.802272727272727,0.909090909090909,0.6,0.0909090909090909,0.4,2.27272727272727,0.151515151515152
"3077",0.205,3.92064156404879,0.838709677419355,0.364068551954351,0.736842105263158,0.833333333333333,0.777777777777778,0.863636363636364,0.222222222222222,0.136363636363636,5.7037037037037,0.257309941520468
"3078",0.5355,7.50829727508814,0.838709677419355,0.376405030392122,0.761904761904762,0.857456140350877,0.666666666666667,0.947368421052632,0.333333333333333,0.0526315789473685,12.6666666666667,0.351851851851852
"3079",0.878,10.680626437429,0.903225806451613,0.362047021690358,0.666666666666667,0.873333333333333,0.5,1,0.5,0,Inf,0.5
"3080",0.224,3.91340796272084,0.870967741935484,0.330440839095648,0.818181818181818,0.934090909090909,0.818181818181818,0.9,0.181818181818182,0.1,8.18181818181818,0.202020202020202
"3081",0.278,4.1309553633059,0.806451612903226,0.343984024417125,0.75,0.909090909090909,1,0.727272727272727,0,0.272727272727273,3.66666666666667,0
"3082",0.064,1.82618690634203,0.645161290322581,0.501235775770882,0.685714285714286,0.722222222222222,0.923076923076923,0.444444444444444,0.0769230769230769,0.555555555555556,1.66153846153846,0.173076923076923
"3083",0.3815,5.26201769465188,0.870967741935484,0.342459279105514,0.8,0.909090909090909,0.888888888888889,0.863636363636364,0.111111111111111,0.136363636363636,6.51851851851852,0.128654970760234
"3084",0.297,5.02792977631859,0.903225806451613,0.33209291587554,0.869565217391304,0.95,0.909090909090909,0.9,0.0909090909090909,0.1,9.09090909090909,0.101010101010101
"3085",0.1885,2.87010460796897,0.870967741935484,0.338002418974919,0.75,0.926666666666667,1,0.84,0,0.16,6.25,0
"3086",0.26,3.9703991881631,0.838709677419355,0.352459558442231,0.761904761904762,0.904040404040404,0.888888888888889,0.818181818181818,0.111111111111111,0.181818181818182,4.88888888888889,0.135802469135803
"3087",0.127,2.65389070552242,0.838709677419355,0.37927003992297,0.736842105263158,0.861111111111111,0.777777777777778,0.863636363636364,0.222222222222222,0.136363636363636,5.7037037037037,0.257309941520468
"3088",0.3245,4.61076921065814,0.806451612903226,0.388248385770232,0.571428571428571,0.79,0.666666666666667,0.84,0.333333333333333,0.16,4.16666666666667,0.396825396825397
"3089",0.1515,2.84908722187779,0.806451612903226,0.361544335524949,0.727272727272727,0.828571428571429,0.8,0.80952380952381,0.2,0.19047619047619,4.2,0.247058823529412
"3090",0.5135,7.25060239444879,0.903225806451613,0.312963121393381,0.727272727272727,0.907738095238095,0.571428571428571,1,0.428571428571429,0,Inf,0.428571428571429
"3091",0.696,8.14773194021303,0.967741935483871,0.281897527402014,0.909090909090909,0.992307692307692,1,0.961538461538462,0,0.0384615384615384,26,0
"3092",0.6635,8.67926837646068,1,0.226083017134563,1,1,1,1,0,0,Inf,0
"3093",0.1865,3.62052603542394,0.870967741935484,0.383467102652992,0.818181818181818,0.861904761904762,0.9,0.857142857142857,0.1,0.142857142857143,6.3,0.116666666666667
"3094",0.068,1.82711439400943,0.774193548387097,0.458062761386953,0.810810810810811,0.841666666666667,0.9375,0.6,0.0625,0.4,2.34375,0.104166666666667
"3095",0.3415,5.75014375690249,0.870967741935484,0.339726001908806,0.777777777777778,0.880952380952381,0.7,0.952380952380952,0.3,0.0476190476190477,14.7,0.315
"3096",0.612,8.32466489069571,0.903225806451613,0.326521329287426,0.8,0.840909090909091,0.666666666666667,1,0.333333333333333,0,Inf,0.333333333333333
"3097",0.0965,2.48452773294507,0.741935483870968,0.459780319753018,0.666666666666667,0.797619047619048,0.8,0.714285714285714,0.2,0.285714285714286,2.8,0.28
"3098",0.277,5.02646699099373,0.838709677419355,0.398955921598865,0.782608695652174,0.868421052631579,0.75,0.894736842105263,0.25,0.105263157894737,7.125,0.279411764705882
"3099",0.767,8.62092963214235,0.870967741935484,0.398718103905128,0.777777777777778,0.80952380952381,0.7,0.952380952380952,0.3,0.0476190476190477,14.7,0.315
"3100",0.107,2.58136615805045,0.838709677419355,0.417959026981829,0.782608695652174,0.885714285714286,0.9,0.80952380952381,0.1,0.19047619047619,4.725,0.123529411764706
"3101",0.453,6.47687175896658,0.870967741935484,0.3663439130593,0.714285714285714,0.793478260869565,0.625,0.956521739130435,0.375,0.0434782608695652,14.375,0.392045454545455
"3102",0.3205,5.5542608007841,0.870967741935484,0.353276022267468,0.777777777777778,0.861904761904762,0.7,0.952380952380952,0.3,0.0476190476190477,14.7,0.315
"3103",0.208,3.87023711224355,0.870967741935484,0.367775266425014,0.818181818181818,0.9,0.9,0.857142857142857,0.1,0.142857142857143,6.3,0.116666666666667
"3104",0.355,5.5508551568177,0.903225806451613,0.30566620071782,0.823529411764706,0.916666666666667,0.777777777777778,0.954545454545455,0.222222222222222,0.0454545454545454,17.1111111111111,0.232804232804233
"3105",0.2985,4.95859587359576,0.838709677419355,0.393170984391444,0.705882352941177,0.843434343434343,0.666666666666667,0.909090909090909,0.333333333333333,0.0909090909090909,7.33333333333333,0.366666666666667
"3106",0.3025,5.0227548693641,0.870967741935484,0.343988728490148,0.8,0.914285714285714,0.8,0.904761904761905,0.2,0.0952380952380952,8.4,0.221052631578947
"3107",0.258,4.15683386549501,0.741935483870968,0.434485096080027,0.666666666666667,0.778571428571429,0.8,0.714285714285714,0.2,0.285714285714286,2.8,0.28
"3108",0.114,2.29999124273463,0.806451612903226,0.394808895577304,0.769230769230769,0.9,0.909090909090909,0.75,0.0909090909090909,0.25,3.63636363636364,0.121212121212121
"3109",0.319,5.02858738134181,0.935483870967742,0.293804851928968,0.857142857142857,0.958333333333333,0.857142857142857,0.958333333333333,0.142857142857143,0.0416666666666666,20.5714285714286,0.149068322981366
"3110",0.279,4.15142375123477,0.903225806451613,0.298971031795571,0.842105263157895,0.956521739130435,1,0.869565217391304,0,0.130434782608696,7.66666666666667,0
"3111",0.549,7.24671003566416,0.870967741935484,0.338710996334215,0.6,0.846666666666667,0.5,0.96,0.5,0.04,12.5,0.520833333333333
"3112",0.573,7.7011020633153,0.935483870967742,0.272331769530295,0.875,0.978260869565217,0.875,0.956521739130435,0.125,0.0434782608695652,20.125,0.130681818181818
"3113",0.403,5.55314933393658,0.903225806451613,0.327804546008789,0.727272727272727,0.9,0.8,0.923076923076923,0.2,0.0769230769230769,10.4,0.216666666666667
"3114",0.2275,3.83708798025998,0.806451612903226,0.368171859468519,0.666666666666667,0.839673913043478,0.75,0.826086956521739,0.25,0.173913043478261,4.3125,0.302631578947368
"3115",0.2215,3.9258600705077,0.838709677419355,0.361907783227407,0.782608695652174,0.9,0.818181818181818,0.85,0.181818181818182,0.15,5.45454545454545,0.213903743315508
"3116",0.445,7.06186961464368,0.903225806451613,0.304819441609899,0.869565217391304,0.956140350877193,0.833333333333333,0.947368421052632,0.166666666666667,0.0526315789473685,15.8333333333333,0.175925925925926
"3117",0.1095,2.86834459592287,0.806451612903226,0.417835696011753,0.7,0.815909090909091,0.636363636363636,0.9,0.363636363636364,0.1,6.36363636363637,0.404040404040404
"3118",0.1165,2.84496004124378,0.903225806451613,0.424002565434789,0.896551724137931,0.92436974789916,0.928571428571429,0.882352941176471,0.0714285714285714,0.117647058823529,7.89285714285714,0.0809523809523809
"3119",0.156,2.80162879896663,0.709677419354839,0.400588777681322,0.64,0.826086956521739,1,0.608695652173913,0,0.391304347826087,2.55555555555556,0
"3120",0.7715,8.58539617691863,0.870967741935484,0.369697986301363,0.666666666666667,0.85,0.666666666666667,0.92,0.333333333333333,0.08,8.33333333333334,0.36231884057971
"3121",0.1465,2.85046524849464,0.870967741935484,0.364744028702288,0.818181818181818,0.90952380952381,0.9,0.857142857142857,0.1,0.142857142857143,6.3,0.116666666666667
"3122",0.076,1.95085332415222,0.645161290322581,0.465106573409545,0.666666666666667,0.774122807017544,0.916666666666667,0.473684210526316,0.0833333333333334,0.526315789473684,1.74166666666667,0.175925925925926
"3123",0.65,7.927823904599,0.903225806451613,0.328233635436101,0.727272727272727,0.913333333333333,0.666666666666667,0.96,0.333333333333333,0.04,16.6666666666667,0.347222222222222
"3124",0.1795,2.84489597174782,0.806451612903226,0.346390662703299,0.7,0.898809523809524,1,0.75,0,0.25,4,0
"3125",0.3115,5.02497976833759,0.935483870967742,0.291977823553403,0.875,0.96195652173913,0.875,0.956521739130435,0.125,0.0434782608695652,20.125,0.130681818181818
"3126",0.2515,4.1524571829362,0.774193548387097,0.435498198489386,0.588235294117647,0.769021739130435,0.625,0.826086956521739,0.375,0.173913043478261,3.59375,0.453947368421053
"3127",0.1155,2.34555134190236,0.774193548387097,0.429537952450794,0.740740740740741,0.845238095238095,1,0.666666666666667,0,0.333333333333333,3,0
"3128",0.2515,4.60264783539941,0.903225806451613,0.332822187633676,0.842105263157895,0.897619047619048,0.8,0.952380952380952,0.2,0.0476190476190477,16.8,0.21
"3129",0.537,6.94491878449505,0.903225806451613,0.304254640666904,0.8,0.916666666666667,0.857142857142857,0.916666666666667,0.142857142857143,0.0833333333333334,10.2857142857143,0.155844155844156
"3130",0.2245,4.18188441917753,0.774193548387097,0.460524148502498,0.695652173913043,0.764285714285714,0.8,0.761904761904762,0.2,0.238095238095238,3.36,0.2625
"3131",0.2445,4.13317450825472,0.838709677419355,0.377933410501275,0.782608695652174,0.878571428571429,0.9,0.80952380952381,0.1,0.19047619047619,4.725,0.123529411764706
"3132",0.1885,4.12738538084614,0.806451612903226,0.451712783875763,0.75,0.770454545454546,0.818181818181818,0.8,0.181818181818182,0.2,4.09090909090909,0.227272727272727
"3133",0.2605,4.95705141238978,0.838709677419355,0.38927199582148,0.782608695652174,0.890350877192982,0.75,0.894736842105263,0.25,0.105263157894737,7.125,0.279411764705882
"3134",0.1945,3.92088277387686,0.903225806451613,0.375984118980159,0.842105263157895,0.938095238095238,0.8,0.952380952380952,0.2,0.0476190476190477,16.8,0.21
"3135",0.5275,7.34775772587293,0.967741935483871,0.264542082282527,0.923076923076923,0.952380952380952,0.857142857142857,1,0.142857142857143,0,Inf,0.142857142857143
"3136",0.1005,2.30649073399821,0.67741935483871,0.44437849879082,0.736842105263158,0.804166666666667,0.933333333333333,0.4375,0.0666666666666667,0.5625,1.65925925925926,0.152380952380952
"3137",0.165,2.87590181769345,0.774193548387097,0.399177460865311,0.666666666666667,0.845108695652174,0.875,0.739130434782609,0.125,0.260869565217391,3.35416666666667,0.169117647058824
"3138",0.143,2.78915780673186,0.806451612903226,0.370897645390939,0.785714285714286,0.894736842105263,0.916666666666667,0.736842105263158,0.0833333333333334,0.263157894736842,3.48333333333333,0.113095238095238
"3139",0.3985,4.95035807104053,0.838709677419355,0.397630049023091,0.615384615384615,0.807692307692308,0.8,0.846153846153846,0.2,0.153846153846154,5.2,0.236363636363636
"3140",0.344,5.02765129520737,0.838709677419355,0.355668714621131,0.761904761904762,0.893939393939394,0.888888888888889,0.818181818181818,0.111111111111111,0.181818181818182,4.88888888888889,0.135802469135803
"3141",0.306,4.95061691374917,0.903225806451613,0.304123457890041,0.769230769230769,0.892857142857143,0.714285714285714,0.958333333333333,0.285714285714286,0.0416666666666666,17.1428571428572,0.298136645962733
"3142",0.1225,2.30121179947005,0.806451612903226,0.371913800841013,0.7,0.861413043478261,0.875,0.782608695652174,0.125,0.217391304347826,4.025,0.159722222222222
"3143",0.3215,4.94836022472658,0.903225806451613,0.309911210434643,0.823529411764706,0.945652173913043,0.875,0.91304347826087,0.125,0.0869565217391305,10.0625,0.136904761904762
"3144",0.5875,7.24923972670721,0.870967741935484,0.34264970975763,0.666666666666667,0.853333333333333,0.666666666666667,0.92,0.333333333333333,0.08,8.33333333333334,0.36231884057971
"3145",0.1165,2.64642187127376,0.806451612903226,0.422267466286316,0.8,0.865546218487395,0.857142857142857,0.764705882352941,0.142857142857143,0.235294117647059,3.64285714285714,0.186813186813187
"3146",0.3175,4.62939066246189,0.774193548387097,0.371289993372503,0.666666666666667,0.858695652173913,0.875,0.739130434782609,0.125,0.260869565217391,3.35416666666667,0.169117647058824
"3147",0.686,8.76221786260329,0.903225806451613,0.323402356233617,0.823529411764706,0.861904761904762,0.7,1,0.3,0,Inf,0.3
"3148",0.107,2.36412729417858,0.645161290322581,0.442543239695744,0.666666666666667,0.786363636363636,1,0.45,0,0.55,1.81818181818182,0
"3149",0.1375,2.86028421409123,0.903225806451613,0.394324725827942,0.857142857142857,0.928571428571429,0.9,0.904761904761905,0.1,0.0952380952380952,9.45,0.110526315789474
"3150",0.6935,8.87026001796203,1,0.241922252985941,1,1,1,1,0,0,Inf,0
"3151",0.23,4.39019541337539,0.838709677419355,0.379542620177345,0.705882352941177,0.840909090909091,0.666666666666667,0.909090909090909,0.333333333333333,0.0909090909090909,7.33333333333333,0.366666666666667
"3152",0.258,4.15155612138493,0.838709677419355,0.373444529505052,0.761904761904762,0.893939393939394,0.888888888888889,0.818181818181818,0.111111111111111,0.181818181818182,4.88888888888889,0.135802469135803
"3153",0.1825,3.93348922572013,0.838709677419355,0.390990113835209,0.8,0.86965811965812,0.769230769230769,0.888888888888889,0.230769230769231,0.111111111111111,6.92307692307692,0.259615384615385
"3154",0.083,1.82995971883459,0.612903225806452,0.464675757484335,0.647058823529412,0.729545454545454,1,0.4,0,0.6,1.66666666666667,0
"3155",0.578,7.24815351010235,0.838709677419355,0.359159431031392,0.705882352941177,0.888586956521739,0.75,0.869565217391304,0.25,0.130434782608696,5.75,0.2875
"3156",0.3185,5.03039231491976,0.806451612903226,0.402172126969555,0.7,0.828282828282828,0.777777777777778,0.818181818181818,0.222222222222222,0.181818181818182,4.27777777777778,0.271604938271605
"3157",0.3545,5.02890567163955,0.806451612903226,0.355158810746232,0.7,0.877717391304348,0.875,0.782608695652174,0.125,0.217391304347826,4.025,0.159722222222222
"3158",0.337,5.26639273435161,0.774193548387097,0.382384079841363,0.631578947368421,0.797979797979798,0.666666666666667,0.818181818181818,0.333333333333333,0.181818181818182,3.66666666666667,0.407407407407407
"3159",0.276,4.62971620656205,0.838709677419355,0.373598328617515,0.761904761904762,0.873809523809524,0.8,0.857142857142857,0.2,0.142857142857143,5.6,0.233333333333333
"3160",0.3235,4.13071570763682,0.806451612903226,0.404130978354515,0.75,0.904040404040404,1,0.727272727272727,0,0.272727272727273,3.66666666666667,0
"3161",0.1235,2.87591803883219,0.870967741935484,0.407645206116582,0.833333333333333,0.888157894736842,0.833333333333333,0.894736842105263,0.166666666666667,0.105263157894737,7.91666666666667,0.186274509803922
"3162",0.46,6.95706025609893,0.903225806451613,0.339303428590797,0.823529411764706,0.816666666666667,0.7,1,0.3,0,Inf,0.3
"3163",0.262,4.96759757847067,0.870967741935484,0.357029554456256,0.857142857142857,0.934873949579832,0.857142857142857,0.882352941176471,0.142857142857143,0.117647058823529,7.28571428571428,0.161904761904762
"3164",0.2455,4.15146694955607,0.870967741935484,0.3530708149829,0.777777777777778,0.885869565217391,0.875,0.869565217391304,0.125,0.130434782608696,6.70833333333333,0.14375
"3165",0.387,6.50797077223669,0.870967741935484,0.347271136148713,0.833333333333333,0.905982905982906,0.769230769230769,0.944444444444444,0.230769230769231,0.0555555555555556,13.8461538461538,0.244343891402715
"3166",0.233,4.13047132075014,0.774193548387097,0.387565766344159,0.695652173913043,0.842857142857143,0.8,0.761904761904762,0.2,0.238095238095238,3.36,0.2625
"3167",0.1645,4.2072259289792,0.774193548387097,0.454256109575955,0.631578947368421,0.763636363636364,0.545454545454545,0.9,0.454545454545455,0.1,5.45454545454546,0.505050505050505
"3168",0.7165,8.62899096753167,0.838709677419355,0.394266470198053,0.736842105263158,0.856818181818182,0.636363636363636,0.95,0.363636363636364,0.05,12.7272727272727,0.382775119617225
"3169",0.4915,7.09113907374406,0.806451612903226,0.408640876205555,0.666666666666667,0.811363636363636,0.545454545454545,0.95,0.454545454545455,0.05,10.9090909090909,0.478468899521531
"3170",0.2225,4.14527986837424,0.903225806451613,0.360458660426897,0.896551724137931,0.94017094017094,1,0.833333333333333,0,0.166666666666667,6,0
"3171",0.143,2.64418845063419,0.806451612903226,0.36426744609918,0.769230769230769,0.907142857142857,1,0.714285714285714,0,0.285714285714286,3.5,0
"3172",0.2555,4.20482702428059,0.838709677419355,0.364213812036416,0.736842105263158,0.866847826086957,0.875,0.826086956521739,0.125,0.173913043478261,5.03125,0.151315789473684
"3173",0.278,4.63072494003874,0.870967741935484,0.342538245743442,0.818181818181818,0.880952380952381,0.9,0.857142857142857,0.1,0.142857142857143,6.3,0.116666666666667
"3174",0.1595,2.85138789655004,0.838709677419355,0.362173014521243,0.782608695652174,0.85952380952381,0.9,0.80952380952381,0.1,0.19047619047619,4.725,0.123529411764706
"3175",0.234,3.93724689030619,0.806451612903226,0.361944240166793,0.666666666666667,0.853260869565217,0.75,0.826086956521739,0.25,0.173913043478261,4.3125,0.302631578947368
"3176",0.822,9.54735044309385,0.903225806451613,0.35127710783067,0.769230769230769,0.833333333333333,0.714285714285714,0.958333333333333,0.285714285714286,0.0416666666666666,17.1428571428572,0.298136645962733
"3177",0.3185,5.02770734177535,0.838709677419355,0.372946307561929,0.736842105263158,0.881313131313131,0.777777777777778,0.863636363636364,0.222222222222222,0.136363636363636,5.7037037037037,0.257309941520468
"3178",0.2925,4.95524523176982,0.838709677419355,0.359560551002497,0.736842105263158,0.873737373737374,0.777777777777778,0.863636363636364,0.222222222222222,0.136363636363636,5.7037037037037,0.257309941520468
"3179",0.0965,2.34523726156836,0.741935483870968,0.421507538413649,0.692307692307692,0.823809523809524,0.9,0.666666666666667,0.1,0.333333333333333,2.7,0.15
"3180",0.13,2.30053004699892,0.838709677419355,0.351169128590595,0.761904761904762,0.907608695652174,1,0.782608695652174,0,0.217391304347826,4.6,0
"3181",0.654,8.62989687664372,0.838709677419355,0.379724944936925,0.705882352941177,0.811363636363636,0.545454545454545,1,0.454545454545455,0,Inf,0.454545454545455
"3182",0.1535,2.64854867231867,0.838709677419355,0.342725125783257,0.761904761904762,0.91304347826087,1,0.782608695652174,0,0.217391304347826,4.6,0
"3183",0.361,5.26265804564109,0.903225806451613,0.284002965313319,0.823529411764706,0.951086956521739,0.875,0.91304347826087,0.125,0.0869565217391305,10.0625,0.136904761904762
"3184",0.2285,4.15365330025605,0.903225806451613,0.33823468517163,0.857142857142857,0.919047619047619,0.9,0.904761904761905,0.1,0.0952380952380952,9.45,0.110526315789474
"3185",0.449,6.36222586441188,0.838709677419355,0.362826219955349,0.615384615384615,0.824404761904762,0.571428571428571,0.916666666666667,0.428571428571429,0.0833333333333334,6.85714285714285,0.467532467532468
"3186",0.18,2.88165324249737,0.903225806451613,0.307108828750146,0.869565217391304,0.961904761904762,1,0.857142857142857,0,0.142857142857143,7,0
"3187",0.1015,2.07926013498759,0.67741935483871,0.413232779389794,0.615384615384615,0.782828282828283,0.888888888888889,0.590909090909091,0.111111111111111,0.409090909090909,2.17283950617284,0.188034188034188
"3188",0.081,2.30889104741819,0.741935483870968,0.461370327329383,0.692307692307692,0.813636363636364,0.818181818181818,0.7,0.181818181818182,0.3,2.72727272727273,0.25974025974026
"3189",0.5565,7.03303784137637,0.838709677419355,0.382255555651001,0.736842105263158,0.814285714285714,0.7,0.904761904761905,0.3,0.0952380952380952,7.35,0.331578947368421
"3190",0.2005,3.91822643026167,0.870967741935484,0.358053063542271,0.818181818181818,0.927272727272727,0.818181818181818,0.9,0.181818181818182,0.1,8.18181818181818,0.202020202020202
"3191",0.252,3.78237763292743,0.967741935483871,0.229661772287249,0.941176470588235,0.994565217391304,1,0.956521739130435,0,0.0434782608695652,23,0
"3192",0.3405,5.5583978511642,0.838709677419355,0.358984901609795,0.705882352941177,0.858585858585859,0.666666666666667,0.909090909090909,0.333333333333333,0.0909090909090909,7.33333333333333,0.366666666666667
"3193",0.3045,4.949646174271,0.870967741935484,0.325698523177876,0.75,0.866847826086957,0.75,0.91304347826087,0.25,0.0869565217391305,8.62499999999999,0.273809523809524
"3194",0.218,4.14792757598796,0.935483870967742,0.378273510259403,0.888888888888889,0.924242424242424,0.888888888888889,0.954545454545455,0.111111111111111,0.0454545454545454,19.5555555555556,0.116402116402116
"3195",0.1645,2.84782173404783,0.838709677419355,0.361073736341193,0.666666666666667,0.88,0.833333333333333,0.84,0.166666666666667,0.16,5.20833333333333,0.198412698412698
"3196",0.149,2.8730026795333,0.806451612903226,0.40877244568582,0.75,0.814285714285714,0.9,0.761904761904762,0.1,0.238095238095238,3.78,0.13125
"3197",0.242,4.12356683863162,0.870967741935484,0.336450999756855,0.777777777777778,0.866847826086957,0.875,0.869565217391304,0.125,0.130434782608696,6.70833333333333,0.14375
"3198",0.253,4.63773139319181,0.806451612903226,0.388797040801567,0.727272727272727,0.806818181818182,0.727272727272727,0.85,0.272727272727273,0.15,4.84848484848485,0.320855614973262
"3199",0.868,9.55072820374781,0.903225806451613,0.392764150995498,0.666666666666667,0.846153846153846,0.6,0.961538461538462,0.4,0.0384615384615384,15.6,0.416
"3200",0.069,2.34197382603734,0.806451612903226,0.457059301890805,0.8125,0.86875,0.8125,0.8,0.1875,0.2,4.0625,0.234375
"3201",0.1,2.46557121976405,0.806451612903226,0.439744911848149,0.8125,0.865546218487395,0.928571428571429,0.705882352941177,0.0714285714285714,0.294117647058823,3.15714285714286,0.101190476190476
"3202",0.2575,4.95771873533517,0.838709677419355,0.408944299691581,0.782608695652174,0.866228070175439,0.75,0.894736842105263,0.25,0.105263157894737,7.125,0.279411764705882
"3203",0.1185,2.51509823783915,0.67741935483871,0.441278743574225,0.583333333333333,0.6875,0.875,0.608695652173913,0.125,0.391304347826087,2.23611111111111,0.205357142857143
"3204",0.26,4.15161481072073,0.870967741935484,0.307928218497222,0.777777777777778,0.934782608695652,0.875,0.869565217391304,0.125,0.130434782608696,6.70833333333333,0.14375
"3205",0.1195,2.59550399402229,0.741935483870968,0.439031738812338,0.6,0.796195652173913,0.75,0.739130434782609,0.25,0.260869565217391,2.875,0.338235294117647
"3206",0.4385,6.65429138078892,0.967741935483871,0.260451878856146,0.947368421052632,0.947619047619048,0.9,1,0.1,0,Inf,0.1
"3207",0.3175,5.27294504617592,0.903225806451613,0.331029919435834,0.842105263157895,0.895238095238095,0.8,0.952380952380952,0.2,0.0476190476190477,16.8,0.21
"3208",0.1275,2.64471901472029,0.838709677419355,0.390378763595464,0.814814814814815,0.890350877192982,0.916666666666667,0.789473684210526,0.0833333333333334,0.210526315789474,4.35416666666667,0.105555555555556
"3209",0.1585,2.87854759981337,0.838709677419355,0.354524812387515,0.8,0.922727272727273,0.909090909090909,0.8,0.0909090909090909,0.2,4.54545454545455,0.113636363636364
"3210",0.2125,3.92760245800468,0.870967741935484,0.360065328476419,0.846153846153846,0.905701754385965,0.916666666666667,0.842105263157895,0.0833333333333334,0.157894736842105,5.80555555555555,0.0989583333333334
"3211",0.447,5.55195768514973,0.774193548387097,0.450084094028817,0.631578947368421,0.77020202020202,0.666666666666667,0.818181818181818,0.333333333333333,0.181818181818182,3.66666666666667,0.407407407407407
"3212",0.2995,4.93575076281404,0.903225806451613,0.315419019296105,0.842105263157895,0.919047619047619,0.8,0.952380952380952,0.2,0.0476190476190477,16.8,0.21
"3213",0.6135,6.75643603073746,0.806451612903226,0.415597530112019,0.666666666666667,0.838383838383838,0.666666666666667,0.863636363636364,0.333333333333333,0.136363636363636,4.88888888888889,0.385964912280702
"3214",0.1005,2.84858078862142,0.806451612903226,0.449015988433505,0.769230769230769,0.863247863247863,0.769230769230769,0.833333333333333,0.230769230769231,0.166666666666667,4.61538461538462,0.276923076923077
"3215",0.103,2.29586614428998,0.806451612903226,0.421259737627577,0.785714285714286,0.87280701754386,0.916666666666667,0.736842105263158,0.0833333333333334,0.263157894736842,3.48333333333333,0.113095238095238
"3216",0.931,10.6122518023146,0.870967741935484,0.447831433983119,0.6,0.758928571428571,0.428571428571429,1,0.571428571428571,0,Inf,0.571428571428571
"3217",0.2155,3.8638794402379,0.870967741935484,0.357574407002983,0.833333333333333,0.909090909090909,0.909090909090909,0.85,0.0909090909090909,0.15,6.06060606060606,0.106951871657754
"3218",0.2425,4.2035865151383,0.870967741935484,0.355714757338669,0.666666666666667,0.74,0.666666666666667,0.92,0.333333333333333,0.08,8.33333333333334,0.36231884057971
"3219",0.536,6.95052008112653,0.838709677419355,0.376185242625749,0.705882352941177,0.878787878787879,0.666666666666667,0.909090909090909,0.333333333333333,0.0909090909090909,7.33333333333333,0.366666666666667
"3220",0.3465,5.02332210846843,0.870967741935484,0.320980053150539,0.714285714285714,0.906666666666667,0.833333333333333,0.88,0.166666666666667,0.12,6.94444444444444,0.189393939393939
"3221",0.1345,2.30358938213128,0.838709677419355,0.348875807361344,0.736842105263158,0.907608695652174,0.875,0.826086956521739,0.125,0.173913043478261,5.03125,0.151315789473684
"3222",0.2655,4.4041011677601,0.870967741935484,0.325224225836278,0.777777777777778,0.932065217391304,0.875,0.869565217391304,0.125,0.130434782608696,6.70833333333333,0.14375
"3223",0.2315,4.20329947820764,0.806451612903226,0.375867154941799,0.727272727272727,0.845238095238095,0.8,0.80952380952381,0.2,0.19047619047619,4.2,0.247058823529412
"3224",0.7605,9.60027572411899,0.870967741935484,0.378214886640183,0.75,0.816666666666667,0.6,1,0.4,0,Inf,0.4
"3225",0.2195,4.1506495911786,0.870967741935484,0.375647785988878,0.777777777777778,0.810606060606061,0.777777777777778,0.909090909090909,0.222222222222222,0.0909090909090909,8.55555555555555,0.244444444444444
"3226",0.384,5.02589033037324,0.806451612903226,0.377679010288738,0.75,0.893939393939394,1,0.727272727272727,0,0.272727272727273,3.66666666666667,0
"3227",0.516,7.25479674383169,0.967741935483871,0.255014867640432,0.909090909090909,0.98,0.833333333333333,1,0.166666666666667,0,Inf,0.166666666666667
"3228",0.113,2.30751592680841,0.741935483870968,0.409948528146697,0.714285714285714,0.836363636363636,0.909090909090909,0.65,0.0909090909090909,0.35,2.5974025974026,0.13986013986014
"3229",0.2885,4.95289704883272,0.838709677419355,0.375371728104717,0.761904761904762,0.876190476190476,0.8,0.857142857142857,0.2,0.142857142857143,5.6,0.233333333333333
"3230",0.0975,1.81812889954201,0.709677419354839,0.398655915541911,0.666666666666667,0.830808080808081,1,0.590909090909091,0,0.409090909090909,2.44444444444444,0
"3231",0.771,8.92846249443639,0.903225806451613,0.336271109543319,0.823529411764706,0.924242424242424,0.777777777777778,0.954545454545455,0.222222222222222,0.0454545454545454,17.1111111111111,0.232804232804233
"3232",0.1595,2.7509599370505,0.903225806451613,0.333158424139822,0.857142857142857,0.944444444444444,1,0.863636363636364,0,0.136363636363636,7.33333333333333,0
"3233",0.489,6.94842888859243,0.903225806451613,0.299721080492502,0.769230769230769,0.94047619047619,0.714285714285714,0.958333333333333,0.285714285714286,0.0416666666666666,17.1428571428572,0.298136645962733
"3234",0.92,11.757786770583,0.935483870967742,0.339833519673536,0.666666666666667,0.888888888888889,0.5,1,0.5,0,Inf,0.5
"3235",0.145,2.78087707940405,0.903225806451613,0.363564231720852,0.842105263157895,0.939393939393939,0.888888888888889,0.909090909090909,0.111111111111111,0.0909090909090909,9.77777777777777,0.122222222222222
"3236",0.703,9.40932791626667,0.870967741935484,0.345961829745006,0.75,0.888095238095238,0.6,1,0.4,0,Inf,0.4
"3237",0.135,2.64906078172645,0.741935483870968,0.393245050381047,0.75,0.868421052631579,1,0.578947368421053,0,0.421052631578947,2.375,0
"3238",0.257,4.147035774312,0.838709677419355,0.342523632550401,0.736842105263158,0.907608695652174,0.875,0.826086956521739,0.125,0.173913043478261,5.03125,0.151315789473684
"3239",0.3815,5.55287373469495,0.903225806451613,0.325497652050603,0.727272727272727,0.81,0.666666666666667,0.96,0.333333333333333,0.04,16.6666666666667,0.347222222222222
"3240",0.2095,3.81145383674204,0.806451612903226,0.368160209596206,0.571428571428571,0.785714285714286,0.571428571428571,0.875,0.428571428571429,0.125,4.57142857142857,0.489795918367347
"3241",0.275,5.02910972736532,0.806451612903226,0.430157920089281,0.7,0.777272727272727,0.636363636363636,0.9,0.363636363636364,0.1,6.36363636363637,0.404040404040404
"3242",0.055,1.98649471466652,0.741935483870968,0.507512700484829,0.733333333333333,0.776315789473684,0.916666666666667,0.631578947368421,0.0833333333333334,0.368421052631579,2.48809523809524,0.131944444444445
"3243",0.8895,9.55283007891905,0.838709677419355,0.447111616288886,0.615384615384615,0.744565217391304,0.5,0.956521739130435,0.5,0.0434782608695652,11.5,0.522727272727273
"3244",0.254,4.41874569593425,0.838709677419355,0.382934518180025,0.705882352941177,0.864130434782609,0.75,0.869565217391304,0.25,0.130434782608696,5.75,0.2875
"3245",0.281,5.02507570946255,0.838709677419355,0.399713894588208,0.782608695652174,0.824561403508772,0.75,0.894736842105263,0.25,0.105263157894737,7.125,0.279411764705882
"3246",0.785,9.55102017454145,0.903225806451613,0.351737567502543,0.666666666666667,0.826666666666667,0.5,1,0.5,0,Inf,0.5
"3247",0.5365,6.95061156577159,0.838709677419355,0.37665517795858,0.736842105263158,0.873809523809524,0.7,0.904761904761905,0.3,0.0952380952380952,7.35,0.331578947368421
"3248",0.157,2.85146450091894,0.741935483870968,0.395735873281171,0.555555555555556,0.75,0.833333333333333,0.72,0.166666666666667,0.28,2.97619047619048,0.231481481481481
"3249",0.311,5.3427870985536,0.838709677419355,0.408244328403846,0.782608695652174,0.817982456140351,0.75,0.894736842105263,0.25,0.105263157894737,7.125,0.279411764705882
"3250",0.2265,4.15066793338166,0.838709677419355,0.393990168725361,0.782608695652174,0.876190476190476,0.9,0.80952380952381,0.1,0.19047619047619,4.725,0.123529411764706
"3251",0.3515,5.02731698750197,0.806451612903226,0.406383091672531,0.785714285714286,0.859649122807018,0.916666666666667,0.736842105263158,0.0833333333333334,0.263157894736842,3.48333333333333,0.113095238095238
"3252",0.266,4.18336095372289,0.774193548387097,0.407572566034099,0.631578947368421,0.793478260869565,0.75,0.782608695652174,0.25,0.217391304347826,3.45,0.319444444444444
"3253",0.397,6.17380751376526,0.870967741935484,0.336730264890999,0.777777777777778,0.861904761904762,0.7,0.952380952380952,0.3,0.0476190476190477,14.7,0.315
"3254",0.447,6.35747298118756,0.903225806451613,0.298701716935288,0.769230769230769,0.925595238095238,0.714285714285714,0.958333333333333,0.285714285714286,0.0416666666666666,17.1428571428572,0.298136645962733
"3255",0.7305,8.62953684404026,0.870967741935484,0.37337235608441,0.666666666666667,0.863095238095238,0.571428571428571,0.958333333333333,0.428571428571429,0.0416666666666666,13.7142857142857,0.447204968944099
"3256",0.7115,8.89992887273192,0.870967741935484,0.35901446203324,0.666666666666667,0.815217391304348,0.5,1,0.5,0,Inf,0.5
"3257",0.424,6.4856755537925,0.870967741935484,0.349334908594712,0.714285714285714,0.801630434782609,0.625,0.956521739130435,0.375,0.0434782608695652,14.375,0.392045454545455
"3258",0.0685,1.904624377598,0.645161290322581,0.459883699624872,0.645161290322581,0.781818181818182,0.909090909090909,0.5,0.0909090909090909,0.5,1.81818181818182,0.181818181818182
"3259",0.3555,5.26366837013344,0.935483870967742,0.29339333844895,0.857142857142857,0.958333333333333,0.857142857142857,0.958333333333333,0.142857142857143,0.0416666666666666,20.5714285714286,0.149068322981366
"3260",0.2155,3.9273004858242,0.870967741935484,0.384323067911256,0.777777777777778,0.876262626262626,0.777777777777778,0.909090909090909,0.222222222222222,0.0909090909090909,8.55555555555555,0.244444444444444
"3261",0.1175,2.88133689306635,0.903225806451613,0.414215352133066,0.869565217391304,0.894736842105263,0.833333333333333,0.947368421052632,0.166666666666667,0.0526315789473685,15.8333333333333,0.175925925925926
"3262",0.563,7.83609913292426,0.967741935483871,0.224915846297022,0.933333333333333,0.942934782608696,0.875,1,0.125,0,Inf,0.125
"3263",0.251,3.9179592252215,0.870967741935484,0.318887497912365,0.833333333333333,0.942857142857143,1,0.80952380952381,0,0.19047619047619,5.25,0
"3264",0.238,4.20171861153601,0.870967741935484,0.336545327197687,0.8,0.916666666666667,0.888888888888889,0.863636363636364,0.111111111111111,0.136363636363636,6.51851851851852,0.128654970760234
"3265",0.282,5.0246756365772,0.838709677419355,0.379830373100767,0.736842105263158,0.871428571428571,0.7,0.904761904761905,0.3,0.0952380952380952,7.35,0.331578947368421
"3266",0.1765,3.87968022980377,0.870967741935484,0.420810118389652,0.818181818181818,0.884090909090909,0.818181818181818,0.9,0.181818181818182,0.1,8.18181818181818,0.202020202020202
"3267",0.212,4.41765666931601,0.935483870967742,0.375877848631789,0.9,0.920454545454545,0.818181818181818,1,0.181818181818182,0,Inf,0.181818181818182
"3268",0.2565,4.26686950962303,0.806451612903226,0.390445572190376,0.666666666666667,0.815217391304348,0.75,0.826086956521739,0.25,0.173913043478261,4.3125,0.302631578947368
"3269",0.433,6.50408262408454,0.967741935483871,0.246307849556197,0.933333333333333,0.983695652173913,0.875,1,0.125,0,Inf,0.125
"3270",0.1585,3.92105749880162,0.870967741935484,0.436828326337029,0.818181818181818,0.894736842105263,0.75,0.947368421052632,0.25,0.0526315789473685,14.25,0.263888888888889
"3271",0.492,7.55651359519797,0.903225806451613,0.313266169826346,0.842105263157895,0.913636363636364,0.727272727272727,1,0.272727272727273,0,Inf,0.272727272727273
"3272",0.1345,2.35762280807801,0.903225806451613,0.33187259639398,0.823529411764706,0.885869565217391,0.875,0.91304347826087,0.125,0.0869565217391305,10.0625,0.136904761904762
"3273",0.1305,2.76122018905241,0.741935483870968,0.446943558877857,0.733333333333333,0.81140350877193,0.916666666666667,0.631578947368421,0.0833333333333334,0.368421052631579,2.48809523809524,0.131944444444445
"3274",0.523,7.25338189455989,1,0.23078368822769,1,1,1,1,0,0,Inf,0
"3275",0.2095,4.12926778862214,0.870967741935484,0.378609077055029,0.833333333333333,0.879385964912281,0.833333333333333,0.894736842105263,0.166666666666667,0.105263157894737,7.91666666666667,0.186274509803922
"3276",0.5785,7.9673338721545,0.870967741935484,0.334175058739052,0.75,0.868686868686869,0.666666666666667,0.954545454545455,0.333333333333333,0.0454545454545454,14.6666666666667,0.349206349206349
"3277",0.103,2.24777643852871,0.774193548387097,0.429995858182164,0.72,0.819047619047619,0.9,0.714285714285714,0.1,0.285714285714286,3.15,0.14
"3278",0.3205,5.02952759525875,0.870967741935484,0.323961590029985,0.714285714285714,0.839285714285714,0.714285714285714,0.916666666666667,0.285714285714286,0.0833333333333334,8.57142857142857,0.311688311688312
"3279",0.417,5.74863390905038,0.870967741935484,0.37094664660601,0.333333333333333,0.611111111111111,0.25,0.962962962962963,0.75,0.0370370370370371,6.74999999999999,0.778846153846154
"3280",0.2145,4.1997635104945,0.870967741935484,0.353614486152062,0.833333333333333,0.914473684210526,0.833333333333333,0.894736842105263,0.166666666666667,0.105263157894737,7.91666666666667,0.186274509803922
"3281",0.746,8.62861939740428,0.935483870967742,0.332091834240173,0.833333333333333,0.836666666666667,0.833333333333333,0.96,0.166666666666667,0.04,20.8333333333333,0.173611111111111
"3282",0.5155,7.34566613338551,0.870967741935484,0.346445801256711,0.777777777777778,0.878571428571429,0.7,0.952380952380952,0.3,0.0476190476190477,14.7,0.315
"3283",0.168,2.87912480738996,0.741935483870968,0.40674965766898,0.636363636363636,0.823369565217391,0.875,0.695652173913043,0.125,0.304347826086957,2.875,0.1796875
"3284",0.3405,4.95732152540689,0.903225806451613,0.295676055424685,0.769230769230769,0.933333333333333,0.833333333333333,0.92,0.166666666666667,0.08,10.4166666666667,0.181159420289855
"3285",0.282,4.62481946004046,0.903225806451613,0.307871420850064,0.857142857142857,0.914285714285714,0.9,0.904761904761905,0.1,0.0952380952380952,9.45,0.110526315789474
"3286",0.1545,2.85451135365213,0.838709677419355,0.363204223362182,0.705882352941177,0.883152173913043,0.75,0.869565217391304,0.25,0.130434782608696,5.75,0.2875
"3287",0.1145,2.84897881287092,0.774193548387097,0.426081338246033,0.758620689655172,0.837606837606838,0.846153846153846,0.722222222222222,0.153846153846154,0.277777777777778,3.04615384615385,0.21301775147929
"3288",0.176,2.87777756261778,0.935483870967742,0.306482392072585,0.916666666666667,0.952272727272727,1,0.9,0,0.1,10,0
"3289",0.5505,7.66535924232487,0.935483870967742,0.287968250681675,0.8,0.81,0.666666666666667,1,0.333333333333333,0,Inf,0.333333333333333
"3290",0.2615,4.12500984385933,0.838709677419355,0.315379281867925,0.761904761904762,0.926767676767677,0.888888888888889,0.818181818181818,0.111111111111111,0.181818181818182,4.88888888888889,0.135802469135803
"3291",0.259,4.15087733996414,0.806451612903226,0.362126713958161,0.7,0.861413043478261,0.875,0.782608695652174,0.125,0.217391304347826,4.025,0.159722222222222
"3292",0.858,10.0412525224191,0.903225806451613,0.334059547999605,0.769230769230769,0.94047619047619,0.714285714285714,0.958333333333333,0.285714285714286,0.0416666666666666,17.1428571428572,0.298136645962733
"3293",0.137,2.57798539338864,0.774193548387097,0.386792238981387,0.695652173913043,0.805555555555556,0.888888888888889,0.727272727272727,0.111111111111111,0.272727272727273,3.25925925925926,0.152777777777778
"3294",0.7495,8.62401863559271,0.903225806451613,0.358087823975442,0.666666666666667,0.842307692307692,0.6,0.961538461538462,0.4,0.0384615384615384,15.6,0.416
"3295",0.2225,3.97279050785811,0.838709677419355,0.348550300279554,0.736842105263158,0.883838383838384,0.777777777777778,0.863636363636364,0.222222222222222,0.136363636363636,5.7037037037037,0.257309941520468
"3296",0.1765,3.64687467957378,0.806451612903226,0.407807393493933,0.75,0.836363636363636,0.818181818181818,0.8,0.181818181818182,0.2,4.09090909090909,0.227272727272727
"3297",0.3055,4.95459853819459,0.870967741935484,0.3497076719621,0.777777777777778,0.873737373737374,0.777777777777778,0.909090909090909,0.222222222222222,0.0909090909090909,8.55555555555555,0.244444444444444
"3298",0.078,1.77609114491385,0.516129032258065,0.46189537720772,0.482758620689655,0.64945652173913,0.875,0.391304347826087,0.125,0.608695652173913,1.4375,0.319444444444444
"3299",0.309,5.02776966332164,0.838709677419355,0.37013504386484,0.736842105263158,0.857142857142857,0.7,0.904761904761905,0.3,0.0952380952380952,7.35,0.331578947368421
"3300",0.764,9.59937069923966,0.935483870967742,0.305274500531403,0.833333333333333,0.910714285714286,0.714285714285714,1,0.285714285714286,0,Inf,0.285714285714286
"3301",0.2295,3.9337220486339,0.806451612903226,0.390976411331705,0.7,0.843434343434343,0.777777777777778,0.818181818181818,0.222222222222222,0.181818181818182,4.27777777777778,0.271604938271605
"3302",0.133,2.34743297049253,0.838709677419355,0.370185661256934,0.827586206896552,0.910087719298246,1,0.736842105263158,0,0.263157894736842,3.8,0
"3303",0.7795,10.3360100572278,0.903225806451613,0.31201854789592,0.8,0.939393939393939,0.666666666666667,1,0.333333333333333,0,Inf,0.333333333333333
"3304",0.1495,2.4079690130469,0.741935483870968,0.371445718784767,0.636363636363636,0.842261904761905,1,0.666666666666667,0,0.333333333333333,3,0
"3305",0.988,12.7409015586943,0.967741935483871,0.425928394194826,0.857142857142857,0.861111111111111,0.75,1,0.25,0,Inf,0.25
"3306",0.232,3.92316515500603,0.903225806451613,0.314762698353975,0.823529411764706,0.951086956521739,0.875,0.91304347826087,0.125,0.0869565217391305,10.0625,0.136904761904762
"3307",0.2075,4.17903662866199,0.806451612903226,0.389368037624805,0.727272727272727,0.854545454545454,0.727272727272727,0.85,0.272727272727273,0.15,4.84848484848485,0.320855614973262
"3308",0.1075,2.35408712223345,0.741935483870968,0.420380361729067,0.733333333333333,0.801282051282051,0.846153846153846,0.666666666666667,0.153846153846154,0.333333333333333,2.53846153846154,0.230769230769231
"3309",0.1315,2.35410786913295,0.709677419354839,0.364007959549901,0.64,0.853260869565217,1,0.608695652173913,0,0.391304347826087,2.55555555555556,0
"3310",0.509,6.95419459455101,0.903225806451613,0.311464412287873,0.8,0.929347826086957,0.75,0.956521739130435,0.25,0.0434782608695652,17.25,0.261363636363636
"3311",0.5435,7.6702395811544,0.903225806451613,0.306673370228938,0.769230769230769,0.845108695652174,0.625,1,0.375,0,Inf,0.375
"3312",0.2825,4.62649745465232,0.903225806451613,0.32188454852529,0.8,0.854166666666667,0.857142857142857,0.916666666666667,0.142857142857143,0.0833333333333334,10.2857142857143,0.155844155844156
"3313",0.303,5.03203122308039,0.838709677419355,0.353004501468139,0.705882352941177,0.828282828282828,0.666666666666667,0.909090909090909,0.333333333333333,0.0909090909090909,7.33333333333333,0.366666666666667
"3314",0.26,5.02390473468506,0.838709677419355,0.394413714912592,0.8,0.888888888888889,0.769230769230769,0.888888888888889,0.230769230769231,0.111111111111111,6.92307692307692,0.259615384615385
"3315",0.152,2.65260129324168,0.838709677419355,0.333983638567517,0.761904761904762,0.868686868686869,0.888888888888889,0.818181818181818,0.111111111111111,0.181818181818182,4.88888888888889,0.135802469135803
"3316",0.415,6.81869453233911,0.870967741935484,0.359139537844569,0.777777777777778,0.890909090909091,0.636363636363636,1,0.363636363636364,0,Inf,0.363636363636364
"3317",0.0915,2.24860703886722,0.774193548387097,0.415164439775162,0.740740740740741,0.845454545454545,0.909090909090909,0.7,0.0909090909090909,0.3,3.03030303030303,0.12987012987013
"3318",0.524,6.79307380412425,0.935483870967742,0.270258407667258,0.857142857142857,0.983333333333333,1,0.92,0,0.08,12.5,0
"3319",0.3415,4.60303998281125,0.870967741935484,0.332897930067875,0.777777777777778,0.928571428571429,1,0.833333333333333,0,0.166666666666667,6,0
"3320",0.2175,4.20680996828393,0.903225806451613,0.357605037868133,0.842105263157895,0.938095238095238,0.8,0.952380952380952,0.2,0.0476190476190477,16.8,0.21
"3321",0.2445,4.63224944061869,0.903225806451613,0.353135760708403,0.842105263157895,0.930952380952381,0.8,0.952380952380952,0.2,0.0476190476190477,16.8,0.21
"3322",0.231,4.13067791023987,0.838709677419355,0.392718437226387,0.761904761904762,0.876262626262626,0.888888888888889,0.818181818181818,0.111111111111111,0.181818181818182,4.88888888888889,0.135802469135803
"3323",0.334,5.02945923908173,0.903225806451613,0.302700523769121,0.769230769230769,0.856666666666667,0.833333333333333,0.92,0.166666666666667,0.08,10.4166666666667,0.181159420289855
"3324",0.6595,8.58808006301519,0.935483870967742,0.288902516433845,0.8,0.926666666666667,0.666666666666667,1,0.333333333333333,0,Inf,0.333333333333333
"3325",0.365,5.55600924513745,0.838709677419355,0.332189380088174,0.736842105263158,0.881313131313131,0.777777777777778,0.863636363636364,0.222222222222222,0.136363636363636,5.7037037037037,0.257309941520468
"3326",0.132,2.8432822010091,0.774193548387097,0.420190657430407,0.695652173913043,0.821428571428571,0.8,0.761904761904762,0.2,0.238095238095238,3.36,0.2625
"3327",0.6945,9.54962116105446,0.870967741935484,0.361389142224129,0.818181818181818,0.916666666666667,0.692307692307692,1,0.307692307692308,0,Inf,0.307692307692308
"3328",0.123,2.69305399416051,0.870967741935484,0.388345179440588,0.846153846153846,0.912280701754386,0.916666666666667,0.842105263157895,0.0833333333333334,0.157894736842105,5.80555555555555,0.0989583333333334
"3329",0.1255,2.75668203156663,0.709677419354839,0.484489064000073,0.689655172413793,0.745454545454545,0.909090909090909,0.6,0.0909090909090909,0.4,2.27272727272727,0.151515151515152
"3330",0.197,4.19568210880257,0.741935483870968,0.439472404442097,0.666666666666667,0.769736842105263,0.666666666666667,0.789473684210526,0.333333333333333,0.210526315789474,3.16666666666667,0.422222222222222
"3331",0.216,3.52473100917496,0.903225806451613,0.300170666383952,0.823529411764706,0.926630434782609,0.875,0.91304347826087,0.125,0.0869565217391305,10.0625,0.136904761904762
"3332",0.294,4.95712177150456,0.774193548387097,0.446354836562032,0.631578947368421,0.757142857142857,0.6,0.857142857142857,0.4,0.142857142857143,4.2,0.466666666666667
"3333",0.1335,2.777744497666,0.806451612903226,0.394346485366458,0.7,0.848484848484849,0.777777777777778,0.818181818181818,0.222222222222222,0.181818181818182,4.27777777777778,0.271604938271605
"3334",0.4175,6.00851085699472,0.935483870967742,0.265006950630713,0.875,0.932065217391304,0.875,0.956521739130435,0.125,0.0434782608695652,20.125,0.130681818181818
"3335",0.2655,4.62683510563991,0.903225806451613,0.322482254510473,0.823529411764706,0.893939393939394,0.777777777777778,0.954545454545455,0.222222222222222,0.0454545454545454,17.1111111111111,0.232804232804233
"3336",0.204,4.20613984017039,0.806451612903226,0.437362130071372,0.666666666666667,0.792929292929293,0.666666666666667,0.863636363636364,0.333333333333333,0.136363636363636,4.88888888888889,0.385964912280702
"3337",0.311,4.95324373411127,0.870967741935484,0.339596058746238,0.75,0.896739130434783,0.75,0.91304347826087,0.25,0.0869565217391305,8.62499999999999,0.273809523809524
"3338",0.8905,10.3863940416627,0.870967741935484,0.413949665423046,0.6,0.755952380952381,0.428571428571429,1,0.571428571428571,0,Inf,0.571428571428571
"3339",0.531,6.63735466094889,0.774193548387097,0.423151818547251,0.695652173913043,0.817982456140351,0.666666666666667,0.842105263157895,0.333333333333333,0.157894736842105,4.22222222222222,0.395833333333333
"3340",0.1455,2.82071932612448,0.774193548387097,0.41232224483794,0.758620689655172,0.828947368421053,0.916666666666667,0.684210526315789,0.0833333333333334,0.315789473684211,2.90277777777778,0.121794871794872
"3341",0.09,2.35632769839984,0.709677419354839,0.478046755171783,0.666666666666667,0.79047619047619,0.9,0.619047619047619,0.1,0.380952380952381,2.3625,0.161538461538461
"3342",0.6745,8.63172315157763,0.870967741935484,0.349290532846844,0.777777777777778,0.885714285714286,0.7,0.952380952380952,0.3,0.0476190476190477,14.7,0.315
"3343",0.537,7.14504817025551,0.935483870967742,0.280092841251043,0.888888888888889,0.916666666666667,0.888888888888889,0.954545454545455,0.111111111111111,0.0454545454545454,19.5555555555556,0.116402116402116
"3344",0.2535,4.36998264321318,0.838709677419355,0.364311010622402,0.8,0.879545454545455,0.909090909090909,0.8,0.0909090909090909,0.2,4.54545454545455,0.113636363636364
"3345",0.125,2.53418752545945,0.806451612903226,0.403721199885825,0.769230769230769,0.875,0.909090909090909,0.75,0.0909090909090909,0.25,3.63636363636364,0.121212121212121
"3346",0.138,2.84379938108584,0.806451612903226,0.400953281008163,0.769230769230769,0.865909090909091,0.909090909090909,0.75,0.0909090909090909,0.25,3.63636363636364,0.121212121212121
"3347",0.0835,2.35358238510665,0.645161290322581,0.474425128258972,0.645161290322581,0.75,0.833333333333333,0.526315789473684,0.166666666666667,0.473684210526316,1.75925925925926,0.316666666666667
"3348",0.1605,3.97134436214135,0.870967741935484,0.425597043608005,0.875,0.913865546218487,0.823529411764706,0.928571428571429,0.176470588235294,0.0714285714285714,11.5294117647059,0.190045248868778
"3349",0.4555,6.95854973388112,0.870967741935484,0.353320575210919,0.75,0.814285714285714,0.6,1,0.4,0,Inf,0.4
"3350",0.207,4.15569072326011,0.838709677419355,0.384290077398007,0.782608695652174,0.904545454545455,0.818181818181818,0.85,0.181818181818182,0.15,5.45454545454545,0.213903743315508
"3351",0.237,4.13219185622478,0.870967741935484,0.341522413486552,0.75,0.842391304347826,0.75,0.91304347826087,0.25,0.0869565217391305,8.62499999999999,0.273809523809524
"3352",0.294,5.02313036912018,0.903225806451613,0.355399033194723,0.842105263157895,0.864285714285714,0.8,0.952380952380952,0.2,0.0476190476190477,16.8,0.21
"3353",0.2045,3.96976681448457,0.903225806451613,0.35543953765327,0.842105263157895,0.878571428571429,0.8,0.952380952380952,0.2,0.0476190476190477,16.8,0.21
"3354",0.2365,4.12523665719239,0.870967741935484,0.342275157819281,0.8,0.926190476190476,0.8,0.904761904761905,0.2,0.0952380952380952,8.4,0.221052631578947
"3355",0.343,4.94960362632471,0.838709677419355,0.336015925814037,0.705882352941177,0.821428571428571,0.857142857142857,0.833333333333333,0.142857142857143,0.166666666666667,5.14285714285714,0.171428571428571
"3356",0.612,7.24737895011434,0.870967741935484,0.36439696062014,0.666666666666667,0.76,0.666666666666667,0.92,0.333333333333333,0.08,8.33333333333334,0.36231884057971
"3357",0.139,2.84872424913497,0.741935483870968,0.423272953936943,0.75,0.801282051282051,0.923076923076923,0.611111111111111,0.0769230769230769,0.388888888888889,2.37362637362637,0.125874125874126
"3358",0.246,3.91810080096173,0.838709677419355,0.332476517086028,0.761904761904762,0.924242424242424,0.888888888888889,0.818181818181818,0.111111111111111,0.181818181818182,4.88888888888889,0.135802469135803
"3359",0.1345,2.75762773292186,0.741935483870968,0.400017131370903,0.714285714285714,0.834090909090909,0.909090909090909,0.65,0.0909090909090909,0.35,2.5974025974026,0.13986013986014
"3360",0.6175,8.64160166146154,0.903225806451613,0.323635732948993,0.842105263157895,0.886363636363636,0.727272727272727,1,0.272727272727273,0,Inf,0.272727272727273
"3361",0.2685,4.14693222239296,0.935483870967742,0.284656367273264,0.875,0.976190476190476,1,0.916666666666667,0,0.0833333333333334,12,0
"3362",0.2175,3.96680615501234,0.935483870967742,0.318992866811505,0.9,0.930952380952381,0.9,0.952380952380952,0.1,0.0476190476190477,18.9,0.105
"3363",0.416,6.16696010757149,0.935483870967742,0.286714614709579,0.875,0.918478260869565,0.875,0.956521739130435,0.125,0.0434782608695652,20.125,0.130681818181818
"3364",0.473,6.95210501810646,0.903225806451613,0.313652659082358,0.842105263157895,0.890476190476191,0.8,0.952380952380952,0.2,0.0476190476190477,16.8,0.21
"3365",0.256,4.15354624724604,0.838709677419355,0.334539442218746,0.761904761904762,0.919191919191919,0.888888888888889,0.818181818181818,0.111111111111111,0.181818181818182,4.88888888888889,0.135802469135803
"3366",0.0755,2.29670797712461,0.67741935483871,0.48429603226344,0.666666666666667,0.725877192982456,0.833333333333333,0.578947368421053,0.166666666666667,0.421052631578947,1.97916666666667,0.287878787878788
"3367",0.056,2.07806455829432,0.806451612903226,0.472967737983945,0.823529411764706,0.9,0.875,0.733333333333333,0.125,0.266666666666667,3.28125,0.170454545454545
"3368",0.284,3.97382626286893,0.774193548387097,0.448256410606285,0.72,0.847619047619048,0.9,0.714285714285714,0.1,0.285714285714286,3.15,0.14
"3369",0.2555,4.37550657827159,0.870967741935484,0.326542131621792,0.75,0.853260869565217,0.75,0.91304347826087,0.25,0.0869565217391305,8.62499999999999,0.273809523809524
"3370",0.4705,7.06154145609643,0.870967741935484,0.339186248006134,0.666666666666667,0.8125,0.5,1,0.5,0,Inf,0.5
"3371",0.158,2.67937627938163,0.806451612903226,0.357192990912812,0.75,0.888095238095238,0.9,0.761904761904762,0.1,0.238095238095238,3.78,0.13125
"3372",0.222,3.93605072523749,0.806451612903226,0.38246434554201,0.727272727272727,0.854761904761905,0.8,0.80952380952381,0.2,0.19047619047619,4.2,0.247058823529412
"3373",0.567,7.50266326656445,0.838709677419355,0.367832395193984,0.666666666666667,0.838383838383838,0.555555555555556,0.954545454545455,0.444444444444444,0.0454545454545454,12.2222222222222,0.465608465608466
"3374",0.338,5.74501729917255,0.838709677419355,0.388845705746353,0.782608695652174,0.837719298245614,0.75,0.894736842105263,0.25,0.105263157894737,7.125,0.279411764705882
"3375",0.185,3.86942239988575,0.870967741935484,0.379840101629998,0.846153846153846,0.888888888888889,0.846153846153846,0.888888888888889,0.153846153846154,0.111111111111111,7.61538461538461,0.173076923076923
"3376",0.3025,4.95238216567381,0.903225806451613,0.322184179846059,0.8,0.826086956521739,0.75,0.956521739130435,0.25,0.0434782608695652,17.25,0.261363636363636
"3377",0.519,6.95185060385765,0.870967741935484,0.335927706643316,0.8,0.928571428571429,0.8,0.904761904761905,0.2,0.0952380952380952,8.4,0.221052631578947
"3378",0.2185,3.86906458062286,0.838709677419355,0.348636327940992,0.761904761904762,0.878787878787879,0.888888888888889,0.818181818181818,0.111111111111111,0.181818181818182,4.88888888888889,0.135802469135803
"3379",0.151,2.867833684594,0.870967741935484,0.343375044233182,0.75,0.915760869565217,0.75,0.91304347826087,0.25,0.0869565217391305,8.62499999999999,0.273809523809524
"3380",0.214,4.15676583025236,0.838709677419355,0.382358463683087,0.814814814814815,0.912280701754386,0.916666666666667,0.789473684210526,0.0833333333333334,0.210526315789474,4.35416666666667,0.105555555555556
"3381",0.594,7.69950112194008,0.903225806451613,0.289589580511552,0.769230769230769,0.94047619047619,0.714285714285714,0.958333333333333,0.285714285714286,0.0416666666666666,17.1428571428572,0.298136645962733
"3382",0.738,8.28260993227581,0.806451612903226,0.426064044581522,0.666666666666667,0.819047619047619,0.6,0.904761904761905,0.4,0.0952380952380952,6.3,0.442105263157895
"3383",0.81,9.59918608835234,0.870967741935484,0.392494043113615,0.6,0.800595238095238,0.428571428571429,1,0.571428571428571,0,Inf,0.571428571428571
"3384",0.2095,3.73950819463347,0.774193548387097,0.392481839386659,0.740740740740741,0.827272727272727,0.909090909090909,0.7,0.0909090909090909,0.3,3.03030303030303,0.12987012987013
"3385",0.407,5.74877695693158,0.870967741935484,0.334519469652296,0.75,0.872282608695652,0.75,0.91304347826087,0.25,0.0869565217391305,8.62499999999999,0.273809523809524
"3386",0.131,2.85811613930931,0.774193548387097,0.407742979288072,0.72,0.820454545454545,0.818181818181818,0.75,0.181818181818182,0.25,3.27272727272727,0.242424242424242
"3387",0.206,4.15367500675532,0.774193548387097,0.3962420670721,0.695652173913043,0.815909090909091,0.727272727272727,0.8,0.272727272727273,0.2,3.63636363636364,0.340909090909091
"3388",0.0965,2.36113168500655,0.741935483870968,0.433894385538365,0.733333333333333,0.842105263157895,0.916666666666667,0.631578947368421,0.0833333333333334,0.368421052631579,2.48809523809524,0.131944444444445
"3389",0.2025,3.6700071770251,0.838709677419355,0.348852759086417,0.705882352941177,0.828804347826087,0.75,0.869565217391304,0.25,0.130434782608696,5.75,0.2875
"3390",0.1305,2.75616806527182,0.806451612903226,0.385951571705879,0.75,0.893181818181818,0.818181818181818,0.8,0.181818181818182,0.2,4.09090909090909,0.227272727272727
"3391",0.1255,2.85259323333479,0.741935483870968,0.425227381667432,0.692307692307692,0.790909090909091,0.818181818181818,0.7,0.181818181818182,0.3,2.72727272727273,0.25974025974026
"3392",0.363,5.26510791285297,0.903225806451613,0.292282553913533,0.8,0.93452380952381,0.857142857142857,0.916666666666667,0.142857142857143,0.0833333333333334,10.2857142857143,0.155844155844156
"3393",0.728,8.54887913332971,0.935483870967742,0.310163282201406,0.75,0.898148148148148,0.75,0.962962962962963,0.25,0.0370370370370371,20.25,0.259615384615385
"3394",0.2895,5.02368794516569,0.903225806451613,0.32761369405152,0.8,0.886363636363636,0.666666666666667,1,0.333333333333333,0,Inf,0.333333333333333
"3395",0.1675,3.73751280691569,0.903225806451613,0.405269261617415,0.857142857142857,0.952272727272727,0.818181818181818,0.95,0.181818181818182,0.05,16.3636363636363,0.191387559808612
"3396",0.176,2.85080762863947,0.806451612903226,0.360137671649338,0.727272727272727,0.885869565217391,1,0.739130434782609,0,0.260869565217391,3.83333333333333,0
"3397",0.249,4.12647118867935,0.903225806451613,0.31618887121312,0.769230769230769,0.863333333333333,0.833333333333333,0.92,0.166666666666667,0.08,10.4166666666667,0.181159420289855
"3398",0.49,5.74659150915317,0.903225806451613,0.329613284142807,0.769230769230769,0.946153846153846,1,0.884615384615385,0,0.115384615384615,8.66666666666666,0
"3399",0.1685,2.75094150467948,0.903225806451613,0.317968927208498,0.823529411764706,0.952380952380952,1,0.875,0,0.125,8,0
"3400",0.152,3.76676030565783,0.806451612903226,0.483806988060165,0.7,0.785714285714286,0.7,0.857142857142857,0.3,0.142857142857143,4.9,0.35
"3401",0.2395,4.18042274615406,0.903225806451613,0.334836345280328,0.857142857142857,0.933333333333333,0.9,0.904761904761905,0.1,0.0952380952380952,9.45,0.110526315789474
"3402",0.5385,6.64792889468757,0.903225806451613,0.310019296006094,0.769230769230769,0.946666666666667,0.833333333333333,0.92,0.166666666666667,0.08,10.4166666666667,0.181159420289855
"3403",0.259,4.20764373950385,0.838709677419355,0.353360385992286,0.615384615384615,0.84,0.666666666666667,0.88,0.333333333333333,0.12,5.55555555555556,0.378787878787879
"3404",0.1915,2.8721968809173,0.870967741935484,0.305617733247099,0.75,0.92,1,0.84,0,0.16,6.25,0
"3405",0.5545,6.4917376565897,0.870967741935484,0.352063268596455,0.8,0.924242424242424,0.888888888888889,0.863636363636364,0.111111111111111,0.136363636363636,6.51851851851852,0.128654970760234
"3406",0.178,3.86941578744107,0.903225806451613,0.401910518997815,0.888888888888889,0.909663865546218,0.857142857142857,0.941176470588235,0.142857142857143,0.0588235294117647,14.5714285714286,0.151785714285714
"3407",0.503,6.95197411924734,0.903225806451613,0.32072253261268,0.769230769230769,0.87797619047619,0.714285714285714,0.958333333333333,0.285714285714286,0.0416666666666666,17.1428571428572,0.298136645962733
"3408",0.7045,9.60066613327167,0.838709677419355,0.389409656696436,0.705882352941177,0.845454545454545,0.545454545454545,1,0.454545454545455,0,Inf,0.454545454545455
"3409",0.344,5.74669572189824,0.903225806451613,0.318129484861136,0.857142857142857,0.927272727272727,0.818181818181818,0.95,0.181818181818182,0.05,16.3636363636363,0.191387559808612
"3410",0.667,8.31349883266375,0.903225806451613,0.309412969193804,0.8,0.951086956521739,0.75,0.956521739130435,0.25,0.0434782608695652,17.25,0.261363636363636
"3411",0.5465,6.94149067850702,0.870967741935484,0.340753934716762,0.75,0.855978260869565,0.75,0.91304347826087,0.25,0.0869565217391305,8.62499999999999,0.273809523809524
"3412",0.678,8.63436640181172,0.967741935483871,0.27548803168573,0.909090909090909,0.973333333333333,0.833333333333333,1,0.166666666666667,0,Inf,0.166666666666667
"3413",0.461,6.49942376497055,0.903225806451613,0.307137498784997,0.8,0.91304347826087,0.75,0.956521739130435,0.25,0.0434782608695652,17.25,0.261363636363636
"3414",0.097,2.25293152679192,0.806451612903226,0.430358203408199,0.8,0.858974358974359,0.923076923076923,0.722222222222222,0.0769230769230769,0.277777777777778,3.32307692307692,0.106508875739645
"3415",0.571,7.69719766398912,0.870967741935484,0.359932578626395,0.8,0.852272727272727,0.727272727272727,0.95,0.272727272727273,0.05,14.5454545454545,0.287081339712919
"3416",0.492,6.57211306806487,0.935483870967742,0.26382101887055,0.875,0.940217391304348,0.875,0.956521739130435,0.125,0.0434782608695652,20.125,0.130681818181818
"3417",0.283,4.20603997982446,0.903225806451613,0.333918135612861,0.769230769230769,0.893333333333333,0.833333333333333,0.92,0.166666666666667,0.08,10.4166666666667,0.181159420289855
"3418",0.2845,4.202214811182,0.838709677419355,0.36964347294825,0.666666666666667,0.873333333333333,0.833333333333333,0.84,0.166666666666667,0.16,5.20833333333333,0.198412698412698
"3419",0.715,8.50580784353422,0.903225806451613,0.318697427309849,0.727272727272727,0.933333333333333,0.666666666666667,0.96,0.333333333333333,0.04,16.6666666666667,0.347222222222222
"3420",0.4865,6.9485198070904,0.903225806451613,0.33271974022008,0.769230769230769,0.853260869565217,0.625,1,0.375,0,Inf,0.375
"3421",0.513,6.94854024064967,0.870967741935484,0.330459069143909,0.777777777777778,0.881313131313131,0.777777777777778,0.909090909090909,0.222222222222222,0.0909090909090909,8.55555555555555,0.244444444444444
"3422",0.155,2.64756793080831,0.870967741935484,0.343478116282554,0.833333333333333,0.928571428571429,1,0.80952380952381,0,0.19047619047619,5.25,0
"3423",0.167,4.11596854788919,0.838709677419355,0.453558406361042,0.8,0.893162393162393,0.769230769230769,0.888888888888889,0.230769230769231,0.111111111111111,6.92307692307692,0.259615384615385
"3424",0.1155,2.65418832602809,0.774193548387097,0.407286192134296,0.666666666666667,0.795454545454545,0.777777777777778,0.772727272727273,0.222222222222222,0.227272727272727,3.42222222222222,0.287581699346405
"3425",0.809,9.21922197070205,0.870967741935484,0.3794160568296,0.75,0.881313131313131,0.666666666666667,0.954545454545455,0.333333333333333,0.0454545454545454,14.6666666666667,0.349206349206349
"3426",0.7045,9.05434844187544,0.967741935483871,0.254439167187177,0.857142857142857,0.953703703703704,0.75,1,0.25,0,Inf,0.25
"3427",0.905,10.3935413423447,0.903225806451613,0.379455483451302,0.727272727272727,0.866666666666667,0.666666666666667,0.96,0.333333333333333,0.04,16.6666666666667,0.347222222222222
"3428",0.219,4.6199283976948,0.870967741935484,0.421172186003732,0.833333333333333,0.876068376068376,0.769230769230769,0.944444444444444,0.230769230769231,0.0555555555555556,13.8461538461538,0.244343891402715
"3429",0.248,4.42964485732152,0.838709677419355,0.369254081982334,0.666666666666667,0.78804347826087,0.625,0.91304347826087,0.375,0.0869565217391305,7.1875,0.410714285714286
"3430",0.118,2.3084966944167,0.741935483870968,0.41446117492061,0.733333333333333,0.831818181818182,1,0.6,0,0.4,2.5,0
"3431",0.552,7.34242635674031,0.870967741935484,0.330465345760996,0.777777777777778,0.914285714285714,0.7,0.952380952380952,0.3,0.0476190476190477,14.7,0.315
"3432",0.2625,4.12894226568493,0.870967741935484,0.305509877953295,0.777777777777778,0.904891304347826,0.875,0.869565217391304,0.125,0.130434782608696,6.70833333333333,0.14375
"3433",0.1325,2.58347432254875,0.870967741935484,0.369263113957135,0.846153846153846,0.943181818181818,1,0.8,0,0.2,5,0
"3434",0.746,9.54828496080806,0.903225806451613,0.32736017830829,0.727272727272727,0.898809523809524,0.571428571428571,1,0.428571428571429,0,Inf,0.428571428571429
"3435",0.287,4.62703682334224,0.967741935483871,0.276019113442526,0.909090909090909,0.886666666666667,0.833333333333333,1,0.166666666666667,0,Inf,0.166666666666667
"3436",0.1085,2.3020671949097,0.838709677419355,0.392410375305618,0.782608695652174,0.892857142857143,0.9,0.80952380952381,0.1,0.19047619047619,4.725,0.123529411764706
"3437",0.131,2.35417711323106,0.741935483870968,0.402305149356918,0.733333333333333,0.845454545454545,1,0.6,0,0.4,2.5,0
"3438",0.2335,4.20260479485984,0.838709677419355,0.378999097053748,0.666666666666667,0.78804347826087,0.625,0.91304347826087,0.375,0.0869565217391305,7.1875,0.410714285714286
"3439",0.2585,3.96506082330553,0.903225806451613,0.340932808730963,0.8,0.913333333333333,1,0.88,0,0.12,8.33333333333333,0
"3440",0.3095,5.02169763569079,0.935483870967742,0.305350164917581,0.833333333333333,0.94047619047619,0.714285714285714,1,0.285714285714286,0,Inf,0.285714285714286
"3441",0.3585,5.26825874757714,0.870967741935484,0.30727113384488,0.75,0.863095238095238,0.857142857142857,0.875,0.142857142857143,0.125,6.85714285714286,0.163265306122449
"3442",0.308,5.0268459287321,0.935483870967742,0.296127326959982,0.875,0.972826086956522,0.875,0.956521739130435,0.125,0.0434782608695652,20.125,0.130681818181818
"3443",0.378,5.74744671569367,0.870967741935484,0.323005620176507,0.777777777777778,0.845959595959596,0.777777777777778,0.909090909090909,0.222222222222222,0.0909090909090909,8.55555555555555,0.244444444444444
"3444",0.292,4.95554501716256,0.774193548387097,0.39501111866776,0.695652173913043,0.831818181818182,0.727272727272727,0.8,0.272727272727273,0.2,3.63636363636364,0.340909090909091
"3445",0.2875,4.15392368068427,0.774193548387097,0.416690759399338,0.666666666666667,0.817934782608696,0.875,0.739130434782609,0.125,0.260869565217391,3.35416666666667,0.169117647058824
"3446",0.4155,6.17851413631446,0.838709677419355,0.360845830876187,0.666666666666667,0.853260869565217,0.625,0.91304347826087,0.375,0.0869565217391305,7.1875,0.410714285714286
"3447",0.088,2.35029632931609,0.774193548387097,0.445883777892247,0.758620689655172,0.861111111111111,0.846153846153846,0.722222222222222,0.153846153846154,0.277777777777778,3.04615384615385,0.21301775147929
"3448",0.1065,2.34881455807808,0.741935483870968,0.439265620900568,0.714285714285714,0.828571428571429,1,0.619047619047619,0,0.380952380952381,2.625,0
"3449",0.6715,8.86609301766629,0.838709677419355,0.397414344978217,0.705882352941177,0.811363636363636,0.545454545454545,1,0.454545454545455,0,Inf,0.454545454545455
"3450",0.7365,9.54729633071109,0.903225806451613,0.342820087847502,0.823529411764706,0.895238095238095,0.7,1,0.3,0,Inf,0.3
"3451",0.2135,3.74815676335696,0.806451612903226,0.394058749798092,0.727272727272727,0.848484848484849,0.888888888888889,0.772727272727273,0.111111111111111,0.227272727272727,3.91111111111111,0.143790849673203
"3452",0.187,2.88042624068893,0.870967741935484,0.311506514225433,0.818181818181818,0.944444444444444,1,0.818181818181818,0,0.181818181818182,5.5,0
"3453",0.563,6.92113766278819,0.935483870967742,0.279877186916652,0.666666666666667,0.94047619047619,0.666666666666667,0.964285714285714,0.333333333333333,0.0357142857142857,18.6666666666667,0.345679012345679
"3454",0.1075,2.4623903069142,0.709677419354839,0.451113599455059,0.666666666666667,0.766666666666667,0.9,0.619047619047619,0.1,0.380952380952381,2.3625,0.161538461538461
"3455",0.86,10.6517697500526,0.903225806451613,0.351513600821148,0.666666666666667,0.87,0.5,1,0.5,0,Inf,0.5
"3456",0.0835,2.34694322214686,0.870967741935484,0.455673480584841,0.857142857142857,0.921052631578947,1,0.789473684210526,0,0.210526315789474,4.75,0
"3457",0.172,3.9225221705636,0.870967741935484,0.421936231739278,0.833333333333333,0.87719298245614,0.833333333333333,0.894736842105263,0.166666666666667,0.105263157894737,7.91666666666667,0.186274509803922
"3458",0.5335,7.43722585483754,0.870967741935484,0.330556669885171,0.777777777777778,0.89047619047619,0.7,0.952380952380952,0.3,0.0476190476190477,14.7,0.315
"3459",0.1075,2.84085609030762,0.741935483870968,0.457106832049527,0.714285714285714,0.820175438596491,0.833333333333333,0.684210526315789,0.166666666666667,0.315789473684211,2.63888888888889,0.243589743589744
"3460",0.3645,5.75292241032183,0.806451612903226,0.401106390693717,0.7,0.843181818181818,0.636363636363636,0.9,0.363636363636364,0.1,6.36363636363637,0.404040404040404
"3461",0.719,7.70174633587168,0.774193548387097,0.473576221452173,0.666666666666667,0.714912280701754,0.583333333333333,0.894736842105263,0.416666666666667,0.105263157894737,5.54166666666667,0.465686274509804
"3462",0.2425,4.14963934863517,0.870967741935484,0.359001812663356,0.75,0.891304347826087,0.75,0.91304347826087,0.25,0.0869565217391305,8.62499999999999,0.273809523809524
"3463",0.411,5.55537037732643,0.870967741935484,0.355813984220585,0.714285714285714,0.851190476190476,0.714285714285714,0.916666666666667,0.285714285714286,0.0833333333333334,8.57142857142857,0.311688311688312
"3464",0.0715,1.81579661268438,0.612903225806452,0.459697070002107,0.647058823529412,0.741228070175439,0.916666666666667,0.421052631578947,0.0833333333333334,0.578947368421053,1.58333333333333,0.197916666666667
"3465",0.2815,5.02605028407624,0.870967741935484,0.358450520145689,0.777777777777778,0.90952380952381,0.7,0.952380952380952,0.3,0.0476190476190477,14.7,0.315
"3466",0.0765,1.82803004131917,0.645161290322581,0.469128215521889,0.645161290322581,0.8,1,0.476190476190476,0,0.523809523809524,1.90909090909091,0
"3467",0.278,4.15485036379707,0.903225806451613,0.293046062800192,0.8,0.953333333333333,1,0.88,0,0.12,8.33333333333333,0
"3468",0.349,5.75142080240317,0.870967741935484,0.354601200091538,0.777777777777778,0.895238095238095,0.7,0.952380952380952,0.3,0.0476190476190477,14.7,0.315
"3469",0.2095,4.13763664311482,0.741935483870968,0.400281181918845,0.6,0.761904761904762,0.6,0.80952380952381,0.4,0.19047619047619,3.15,0.494117647058824
"3470",0.119,2.84766308154071,0.709677419354839,0.471572290093486,0.608695652173913,0.719047619047619,0.7,0.714285714285714,0.3,0.285714285714286,2.45,0.42
"3471",0.2295,3.93255925468865,0.741935483870968,0.397912517622078,0.692307692307692,0.829545454545454,0.818181818181818,0.7,0.181818181818182,0.3,2.72727272727273,0.25974025974026
"3472",0.503,7.25175989256549,0.870967741935484,0.345018779366509,0.714285714285714,0.858695652173913,0.625,0.956521739130435,0.375,0.0434782608695652,14.375,0.392045454545455
"3473",0.3835,5.02705834679222,0.838709677419355,0.3569740260415,0.666666666666667,0.866666666666667,0.833333333333333,0.84,0.166666666666667,0.16,5.20833333333333,0.198412698412698
"3474",0.2625,3.96512028819767,0.935483870967742,0.264118015976231,0.833333333333333,0.933333333333333,0.833333333333333,0.96,0.166666666666667,0.04,20.8333333333333,0.173611111111111
"3475",0.214,4.15455201416573,0.774193548387097,0.405494810431399,0.533333333333333,0.741847826086957,0.5,0.869565217391304,0.5,0.130434782608696,3.83333333333333,0.575
"3476",0.1515,2.86679756719284,0.935483870967742,0.371238839509976,0.923076923076923,0.973684210526316,1,0.894736842105263,0,0.105263157894737,9.5,0
"3477",0.222,4.12779889246173,0.806451612903226,0.420454175377911,0.75,0.831818181818182,0.818181818181818,0.8,0.181818181818182,0.2,4.09090909090909,0.227272727272727
"3478",0.1495,2.85061869360721,0.903225806451613,0.369812642015222,0.88,0.931818181818182,1,0.85,0,0.15,6.66666666666667,0
"3479",0.2355,3.96488870486122,0.806451612903226,0.346020037302553,0.75,0.880952380952381,0.9,0.761904761904762,0.1,0.238095238095238,3.78,0.13125
"3480",0.2375,4.17995216906406,0.838709677419355,0.347027798029786,0.736842105263158,0.878787878787879,0.777777777777778,0.863636363636364,0.222222222222222,0.136363636363636,5.7037037037037,0.257309941520468
"3481",0.249,4.15419506235485,0.838709677419355,0.329613727473261,0.782608695652174,0.928571428571429,0.9,0.80952380952381,0.1,0.19047619047619,4.725,0.123529411764706
"3482",0.35,5.33784478836925,0.870967741935484,0.334482541242437,0.75,0.847826086956522,0.75,0.91304347826087,0.25,0.0869565217391305,8.62499999999999,0.273809523809524
"3483",0.2645,4.26272704380098,0.838709677419355,0.330361806134842,0.666666666666667,0.845238095238095,0.714285714285714,0.875,0.285714285714286,0.125,5.71428571428571,0.326530612244898
"3484",0.4995,6.95325964870509,0.935483870967742,0.287434337528596,0.857142857142857,0.961309523809524,0.857142857142857,0.958333333333333,0.142857142857143,0.0416666666666666,20.5714285714286,0.149068322981366
"3485",0.522,6.945364234008,0.838709677419355,0.373268125231813,0.761904761904762,0.861363636363636,0.727272727272727,0.9,0.272727272727273,0.1,7.27272727272727,0.303030303030303
"3486",0.142,2.75217150411904,0.741935483870968,0.394909438290844,0.733333333333333,0.846491228070175,0.916666666666667,0.631578947368421,0.0833333333333334,0.368421052631579,2.48809523809524,0.131944444444445
"3487",0.958,12.9734474551713,0.935483870967742,0.332440897712069,0.833333333333333,0.928571428571428,0.714285714285714,1,0.285714285714286,0,Inf,0.285714285714286
"3488",0.49,6.94977617919101,0.903225806451613,0.331417903794777,0.8,0.875,0.75,0.956521739130435,0.25,0.0434782608695652,17.25,0.261363636363636
"3489",0.227,4.20155670092496,0.774193548387097,0.45503597325184,0.666666666666667,0.766666666666667,0.7,0.80952380952381,0.3,0.19047619047619,3.675,0.370588235294118
"3490",0.5345,7.34860688628367,1,0.2428821326042,1,1,1,1,0,0,Inf,0
"3491",0.5565,7.70014657919164,0.935483870967742,0.274693360352039,0.875,0.956521739130435,0.875,0.956521739130435,0.125,0.0434782608695652,20.125,0.130681818181818
"3492",0.1805,3.68709875004866,0.870967741935484,0.400384689568081,0.8,0.861904761904762,0.8,0.904761904761905,0.2,0.0952380952380952,8.4,0.221052631578947
"3493",0.346,5.33874844034285,0.935483870967742,0.278515765490894,0.888888888888889,0.96969696969697,0.888888888888889,0.954545454545455,0.111111111111111,0.0454545454545454,19.5555555555556,0.116402116402116
"3494",0.161,2.73122885571187,0.903225806451613,0.316352102599446,0.869565217391304,0.961904761904762,1,0.857142857142857,0,0.142857142857143,7,0
"3495",0.5635,7.26110175335914,0.838709677419355,0.355911729248132,0.666666666666667,0.885869565217391,0.625,0.91304347826087,0.375,0.0869565217391305,7.1875,0.410714285714286
"3496",0.7465,9.59866159887179,0.903225806451613,0.321085275254839,0.769230769230769,0.91304347826087,0.625,1,0.375,0,Inf,0.375
"3497",0.8735,10.0403680942737,0.935483870967742,0.340646280683647,0.833333333333333,0.9,0.833333333333333,0.96,0.166666666666667,0.04,20.8333333333333,0.173611111111111
"3498",0.554,7.24890788673212,0.935483870967742,0.288163046503713,0.857142857142857,0.964285714285714,0.857142857142857,0.958333333333333,0.142857142857143,0.0416666666666666,20.5714285714286,0.149068322981366
"3499",0.174,3.79462425631678,0.870967741935484,0.38437978656503,0.833333333333333,0.933760683760684,0.769230769230769,0.944444444444444,0.230769230769231,0.0555555555555556,13.8461538461538,0.244343891402715
"3500",0.5025,7.24752207801141,0.935483870967742,0.278202736136742,0.9,0.921428571428571,0.9,0.952380952380952,0.1,0.0476190476190477,18.9,0.105
"3501",0.181,3.88714798356607,0.709677419354839,0.497812577035471,0.666666666666667,0.728070175438597,0.75,0.684210526315789,0.25,0.315789473684211,2.375,0.365384615384615
"3502",0.209,3.91680133593217,0.806451612903226,0.392973513394773,0.7,0.828282828282828,0.777777777777778,0.818181818181818,0.222222222222222,0.181818181818182,4.27777777777778,0.271604938271605
"3503",0.228,4.19848397239225,0.870967741935484,0.350569562694617,0.666666666666667,0.848214285714286,0.571428571428571,0.958333333333333,0.428571428571429,0.0416666666666666,13.7142857142857,0.447204968944099
"3504",0.0765,2.31015124726328,0.870967741935484,0.453071309217344,0.833333333333333,0.949561403508772,0.833333333333333,0.894736842105263,0.166666666666667,0.105263157894737,7.91666666666667,0.186274509803922
"3505",0.1875,3.8735921770907,0.806451612903226,0.404278820572146,0.75,0.846491228070175,0.75,0.842105263157895,0.25,0.157894736842105,4.75,0.296875
"3506",0.494,7.2495660547962,0.903225806451613,0.313514308437265,0.769230769230769,0.923913043478261,0.625,1,0.375,0,Inf,0.375
"3507",0.126,2.84787413156459,0.838709677419355,0.40464579389765,0.782608695652174,0.865909090909091,0.818181818181818,0.85,0.181818181818182,0.15,5.45454545454545,0.213903743315508
"3508",0.5175,7.04569218347527,0.870967741935484,0.333959293665295,0.714285714285714,0.883152173913043,0.625,0.956521739130435,0.375,0.0434782608695652,14.375,0.392045454545455
"3509",0.511,6.94775692807334,0.935483870967742,0.301214132007037,0.833333333333333,0.913333333333333,0.833333333333333,0.96,0.166666666666667,0.04,20.8333333333333,0.173611111111111
"3510",0.3825,5.55309004535686,0.870967741935484,0.344674330907986,0.818181818181818,0.916666666666667,0.9,0.857142857142857,0.1,0.142857142857143,6.3,0.116666666666667
"3511",0.2655,4.64022619334783,0.838709677419355,0.401650017927064,0.8,0.842105263157895,0.833333333333333,0.842105263157895,0.166666666666667,0.157894736842105,5.27777777777778,0.197916666666667
"3512",0.2225,3.92649494484414,0.838709677419355,0.360078179383439,0.761904761904762,0.85952380952381,0.8,0.857142857142857,0.2,0.142857142857143,5.6,0.233333333333333
"3513",0.136,2.59883999384645,0.741935483870968,0.374224936293255,0.714285714285714,0.820454545454545,0.909090909090909,0.65,0.0909090909090909,0.35,2.5974025974026,0.13986013986014
"3514",0.2365,3.73752034320786,0.870967741935484,0.334066298071563,0.714285714285714,0.87,0.833333333333333,0.88,0.166666666666667,0.12,6.94444444444444,0.189393939393939
"3515",0.494,7.40682778538775,0.935483870967742,0.274150763796426,0.857142857142857,0.945652173913043,0.75,1,0.25,0,Inf,0.25
"3516",0.37,5.02412691160148,0.870967741935484,0.362998106395703,0.75,0.895833333333333,0.857142857142857,0.875,0.142857142857143,0.125,6.85714285714286,0.163265306122449
"3517",0.0955,2.29969089082536,0.806451612903226,0.433249217787082,0.769230769230769,0.888636363636364,0.909090909090909,0.75,0.0909090909090909,0.25,3.63636363636364,0.121212121212121
"3518",0.2075,4.12393391538802,0.870967741935484,0.368426148016228,0.818181818181818,0.922727272727273,0.818181818181818,0.9,0.181818181818182,0.1,8.18181818181818,0.202020202020202
"3519",0.628,7.93563972304696,0.838709677419355,0.389910168409849,0.736842105263158,0.845454545454545,0.636363636363636,0.95,0.363636363636364,0.05,12.7272727272727,0.382775119617225
"3520",0.452,6.65151465109534,0.903225806451613,0.31175114079323,0.823529411764706,0.944444444444444,0.777777777777778,0.954545454545455,0.222222222222222,0.0454545454545454,17.1111111111111,0.232804232804233
"3521",0.4285,6.50539464448606,0.935483870967742,0.298018454406689,0.857142857142857,0.934782608695652,0.75,1,0.25,0,Inf,0.25
"3522",0.282,4.95215725913089,0.870967741935484,0.367729925418174,0.777777777777778,0.901515151515151,0.777777777777778,0.909090909090909,0.222222222222222,0.0909090909090909,8.55555555555555,0.244444444444444
"3523",0.1125,2.00066942482476,0.806451612903226,0.363533728141237,0.785714285714286,0.909090909090909,1,0.7,0,0.3,3.33333333333333,0
"3524",0.443,5.02751431140789,0.774193548387097,0.422467172142782,0.631578947368421,0.860119047619048,0.857142857142857,0.75,0.142857142857143,0.25,3.42857142857143,0.190476190476191
"3525",0.074,1.94659239949922,0.774193548387097,0.445485613564721,0.774193548387097,0.818376068376068,0.923076923076923,0.666666666666667,0.0769230769230769,0.333333333333333,2.76923076923077,0.115384615384615
"3526",0.2085,4.20885776590374,0.838709677419355,0.394666798271557,0.736842105263158,0.854761904761905,0.7,0.904761904761905,0.3,0.0952380952380952,7.35,0.331578947368421
"3527",0.662,8.92254852917827,0.967741935483871,0.254968206184808,0.933333333333333,0.915760869565217,0.875,1,0.125,0,Inf,0.125
"3528",0.2455,4.15316410669627,0.903225806451613,0.318280124538713,0.823529411764706,0.934782608695652,0.875,0.91304347826087,0.125,0.0869565217391305,10.0625,0.136904761904762
"3529",0.1725,2.6485200104249,0.741935483870968,0.368597446605717,0.636363636363636,0.87202380952381,1,0.666666666666667,0,0.333333333333333,3,0
"3530",0.2835,4.42144315082025,0.774193548387097,0.383382860505033,0.666666666666667,0.820707070707071,0.777777777777778,0.772727272727273,0.222222222222222,0.227272727272727,3.42222222222222,0.287581699346405
"3531",0.2475,4.63074785326163,0.870967741935484,0.352014507176255,0.777777777777778,0.847619047619048,0.7,0.952380952380952,0.3,0.0476190476190477,14.7,0.315
"3532",0.4545,6.649940701831,0.903225806451613,0.308102982160606,0.8,0.940217391304348,0.75,0.956521739130435,0.25,0.0434782608695652,17.25,0.261363636363636
"3533",0.1165,2.34369228930102,0.774193548387097,0.393071472478065,0.740740740740741,0.871428571428571,1,0.666666666666667,0,0.333333333333333,3,0
"3534",0.2835,4.9557914624643,0.838709677419355,0.352421363548053,0.782608695652174,0.893181818181818,0.818181818181818,0.85,0.181818181818182,0.15,5.45454545454545,0.213903743315508
"3535",0.1165,2.64812080312289,0.870967741935484,0.407440179849001,0.866666666666667,0.928571428571429,0.928571428571429,0.823529411764706,0.0714285714285714,0.176470588235294,5.26190476190476,0.086734693877551
"3536",0.2305,4.40244042559707,0.806451612903226,0.425526561136611,0.7,0.776190476190476,0.7,0.857142857142857,0.3,0.142857142857143,4.9,0.35
"3537",0.235,4.95775802123975,0.838709677419355,0.414680810274897,0.8,0.884615384615385,0.769230769230769,0.888888888888889,0.230769230769231,0.111111111111111,6.92307692307692,0.259615384615385
"3538",0.0935,2.29779650460489,0.806451612903226,0.420120216099853,0.823529411764706,0.879166666666667,0.933333333333333,0.6875,0.0666666666666667,0.3125,2.98666666666667,0.0969696969696969
"3539",0.0745,1.81707361262904,0.67741935483871,0.424787746106609,0.666666666666667,0.802380952380952,1,0.523809523809524,0,0.476190476190476,2.1,0
"3540",0.6075,8.64527707352231,0.903225806451613,0.316182123420716,0.8,0.914141414141414,0.666666666666667,1,0.333333333333333,0,Inf,0.333333333333333
"3541",0.2615,4.60679350825061,0.870967741935484,0.339408714480933,0.75,0.89945652173913,0.75,0.91304347826087,0.25,0.0869565217391305,8.62499999999999,0.273809523809524
"3542",0.101,2.7488248493933,0.67741935483871,0.487272462439355,0.583333333333333,0.696969696969697,0.777777777777778,0.636363636363636,0.222222222222222,0.363636363636364,2.13888888888889,0.349206349206349
"3543",0.233,4.18329435088429,0.870967741935484,0.346499055707532,0.833333333333333,0.936363636363636,0.909090909090909,0.85,0.0909090909090909,0.15,6.06060606060606,0.106951871657754
"3544",0.621,8.16358562129129,0.903225806451613,0.308927864192047,0.842105263157895,0.916666666666667,0.8,0.952380952380952,0.2,0.0476190476190477,16.8,0.21
"3545",0.6465,8.6379635449838,0.903225806451613,0.3152989537199,0.769230769230769,0.902173913043478,0.625,1,0.375,0,Inf,0.375
"3546",0.4815,6.65219840701651,0.838709677419355,0.347656102897691,0.761904761904762,0.907142857142857,0.8,0.857142857142857,0.2,0.142857142857143,5.6,0.233333333333333
"3547",0.1835,3.87728262482987,0.774193548387097,0.40369728825603,0.666666666666667,0.757142857142857,0.7,0.80952380952381,0.3,0.19047619047619,3.675,0.370588235294118
"3548",0.1455,2.60336358786185,0.741935483870968,0.419836150273977,0.6,0.842261904761905,0.857142857142857,0.708333333333333,0.142857142857143,0.291666666666667,2.93877551020408,0.201680672268908
"3549",0.0735,1.82593313468731,0.67741935483871,0.441068658270455,0.666666666666667,0.795238095238095,1,0.523809523809524,0,0.476190476190476,2.1,0
"3550",0.1025,2.74746791039796,0.774193548387097,0.461759650982199,0.758620689655172,0.805555555555556,0.846153846153846,0.722222222222222,0.153846153846154,0.277777777777778,3.04615384615385,0.21301775147929
"3551",0.388,5.55001656730422,0.870967741935484,0.350641647935844,0.75,0.91304347826087,0.75,0.91304347826087,0.25,0.0869565217391305,8.62499999999999,0.273809523809524
"3552",0.301,5.02826596279203,0.935483870967742,0.318337695674857,0.9,0.938095238095238,0.9,0.952380952380952,0.1,0.0476190476190477,18.9,0.105
"3553",0.119,2.65310953790766,0.774193548387097,0.425459084587174,0.740740740740741,0.831818181818182,0.909090909090909,0.7,0.0909090909090909,0.3,3.03030303030303,0.12987012987013
"3554",0.6865,8.90046532869392,0.838709677419355,0.398497979372475,0.615384615384615,0.765151515151515,0.444444444444444,1,0.555555555555556,0,Inf,0.555555555555556
"3555",0.2205,4.1552424379963,0.870967741935484,0.379088561345696,0.8,0.871428571428571,0.8,0.904761904761905,0.2,0.0952380952380952,8.4,0.221052631578947
"3556",0.9275,10.6541038496621,0.870967741935484,0.408674014024603,0.6,0.763333333333333,0.5,0.96,0.5,0.04,12.5,0.520833333333333
"3557",0.2295,4.14994183974337,0.774193548387097,0.418239532352296,0.695652173913043,0.804761904761905,0.8,0.761904761904762,0.2,0.238095238095238,3.36,0.2625
"3558",0.5485,6.93800035465012,0.903225806451613,0.296310106441072,0.8,0.943452380952381,0.857142857142857,0.916666666666667,0.142857142857143,0.0833333333333334,10.2857142857143,0.155844155844156
"3559",0.128,2.30938479964289,0.741935483870968,0.380788361026639,0.692307692307692,0.853535353535354,1,0.636363636363636,0,0.363636363636364,2.75,0
"3560",0.286,4.95146055848775,0.903225806451613,0.312371455873122,0.842105263157895,0.952380952380952,0.8,0.952380952380952,0.2,0.0476190476190477,16.8,0.21
"3561",0.7525,9.54436168201435,0.903225806451613,0.326028436170115,0.769230769230769,0.907608695652174,0.625,1,0.375,0,Inf,0.375
"3562",0.337,5.74757052255056,0.903225806451613,0.34351606451524,0.869565217391304,0.947368421052632,0.833333333333333,0.947368421052632,0.166666666666667,0.0526315789473685,15.8333333333333,0.175925925925926
"3563",0.317,5.26674367380589,0.967741935483871,0.280445036715446,0.933333333333333,0.983695652173913,0.875,1,0.125,0,Inf,0.125
"3564",0.196,3.66299318549158,0.870967741935484,0.347552421777999,0.846153846153846,0.93640350877193,0.916666666666667,0.842105263157895,0.0833333333333334,0.157894736842105,5.80555555555555,0.0989583333333334
"3565",0.7405,6.95241198955621,0.838709677419355,0.431577571458435,0.705882352941177,0.880952380952381,0.857142857142857,0.833333333333333,0.142857142857143,0.166666666666667,5.14285714285714,0.171428571428571
"3566",0.4955,5.74983014008591,0.838709677419355,0.381877046516046,0.705882352941177,0.87797619047619,0.857142857142857,0.833333333333333,0.142857142857143,0.166666666666667,5.14285714285714,0.171428571428571
"3567",0.3155,5.02349494133342,0.806451612903226,0.411570406699748,0.7,0.842857142857143,0.7,0.857142857142857,0.3,0.142857142857143,4.9,0.35
"3568",0.5395,7.91413174972994,0.903225806451613,0.300802357087753,0.8,0.929292929292929,0.666666666666667,1,0.333333333333333,0,Inf,0.333333333333333
"3569",0.1375,2.57726615936277,0.806451612903226,0.385849239695529,0.769230769230769,0.884090909090909,0.909090909090909,0.75,0.0909090909090909,0.25,3.63636363636364,0.121212121212121
"3570",0.1155,2.30470997203992,0.645161290322581,0.418931990080639,0.521739130434783,0.74702380952381,0.857142857142857,0.583333333333333,0.142857142857143,0.416666666666667,2.05714285714286,0.244897959183674
"3571",0.493,6.95416383541644,0.838709677419355,0.351851072677562,0.736842105263158,0.89047619047619,0.7,0.904761904761905,0.3,0.0952380952380952,7.35,0.331578947368421
"3572",0.2505,4.12575981205648,0.806451612903226,0.361143121530729,0.75,0.866666666666667,0.9,0.761904761904762,0.1,0.238095238095238,3.78,0.13125
"3573",0.484,7.25173623423243,0.935483870967742,0.294437045511793,0.875,0.944444444444444,0.777777777777778,1,0.222222222222222,0,Inf,0.222222222222222
"3574",0.247,4.1509750101481,0.806451612903226,0.40894061896794,0.7,0.818181818181818,0.777777777777778,0.818181818181818,0.222222222222222,0.181818181818182,4.27777777777778,0.271604938271605
"3575",0.146,2.64713985754726,0.774193548387097,0.362102936606321,0.695652173913043,0.830808080808081,0.888888888888889,0.727272727272727,0.111111111111111,0.272727272727273,3.25925925925926,0.152777777777778
"3576",0.4995,7.05218554150952,0.870967741935484,0.330973854141543,0.714285714285714,0.883152173913043,0.625,0.956521739130435,0.375,0.0434782608695652,14.375,0.392045454545455
"3577",0.604,6.50581441096312,0.838709677419355,0.389604533068415,0.666666666666667,0.836309523809524,0.714285714285714,0.875,0.285714285714286,0.125,5.71428571428571,0.326530612244898
"3578",0.19,3.91295276327566,0.870967741935484,0.391581216799124,0.833333333333333,0.905701754385965,0.833333333333333,0.894736842105263,0.166666666666667,0.105263157894737,7.91666666666667,0.186274509803922
"3579",0.4895,6.65356817929796,0.935483870967742,0.28539411602711,0.888888888888889,0.95959595959596,0.888888888888889,0.954545454545455,0.111111111111111,0.0454545454545454,19.5555555555556,0.116402116402116
"3580",0.141,2.59615542456305,0.806451612903226,0.362208046209253,0.75,0.904040404040404,1,0.727272727272727,0,0.272727272727273,3.66666666666667,0
"3581",0.1195,2.64535796617105,0.870967741935484,0.405984445630031,0.833333333333333,0.897727272727273,0.909090909090909,0.85,0.0909090909090909,0.15,6.06060606060606,0.106951871657754
"3582",0.831,10.2967796250165,0.935483870967742,0.316384671029246,0.75,0.946153846153846,0.6,1,0.4,0,Inf,0.4
"3583",0.9805,12.7640920917487,0.903225806451613,0.413821640462134,0.727272727272727,0.81547619047619,0.571428571428571,1,0.428571428571429,0,Inf,0.428571428571429
"3584",0.092,2.34829707948692,0.806451612903226,0.440746976968505,0.785714285714286,0.837719298245614,0.916666666666667,0.736842105263158,0.0833333333333334,0.263157894736842,3.48333333333333,0.113095238095238
"3585",0.813,10.3011532257421,0.903225806451613,0.331102779330235,0.769230769230769,0.872282608695652,0.625,1,0.375,0,Inf,0.375
"3586",0.1665,2.84671690508073,0.806451612903226,0.357906695033903,0.7,0.880434782608696,0.875,0.782608695652174,0.125,0.217391304347826,4.025,0.159722222222222
"3587",0.066,2.30673037865034,0.774193548387097,0.511796623735365,0.787878787878788,0.80672268907563,0.928571428571429,0.647058823529412,0.0714285714285714,0.352941176470588,2.63095238095238,0.11038961038961
"3588",0.9635,12.7516594641911,0.935483870967742,0.363783701353802,0.75,0.803846153846154,0.6,1,0.4,0,Inf,0.4
"3589",0.759,9.57094949534403,0.870967741935484,0.357990291521156,0.666666666666667,0.823369565217391,0.5,1,0.5,0,Inf,0.5
"3590",0.482,6.95562388213483,0.967741935483871,0.255347359332523,0.923076923076923,0.952380952380952,0.857142857142857,1,0.142857142857143,0,Inf,0.142857142857143
"3591",0.1495,2.85454519160138,0.806451612903226,0.387906107664345,0.75,0.883333333333333,0.9,0.761904761904762,0.1,0.238095238095238,3.78,0.13125
"3592",0.351,5.55526739766454,0.806451612903226,0.390021705219287,0.7,0.816666666666667,0.7,0.857142857142857,0.3,0.142857142857143,4.9,0.35
"3593",0.8325,9.55058296515906,0.870967741935484,0.375280527869361,0.714285714285714,0.902173913043478,0.625,0.956521739130435,0.375,0.0434782608695652,14.375,0.392045454545455
"3594",0.1995,3.75303768161111,0.806451612903226,0.408562266091397,0.727272727272727,0.823809523809524,0.8,0.80952380952381,0.2,0.19047619047619,4.2,0.247058823529412
"3595",0.326,5.02976397298868,0.935483870967742,0.285309812390194,0.857142857142857,0.958333333333333,0.857142857142857,0.958333333333333,0.142857142857143,0.0416666666666666,20.5714285714286,0.149068322981366
"3596",0.8235,9.59964639338184,0.935483870967742,0.311635919446149,0.833333333333333,0.966666666666667,0.833333333333333,0.96,0.166666666666667,0.04,20.8333333333333,0.173611111111111
"3597",0.2765,4.14750664531074,0.806451612903226,0.339266301103088,0.625,0.873333333333333,0.833333333333333,0.8,0.166666666666667,0.2,4.16666666666667,0.208333333333333
"3598",0.3595,5.75289161527514,0.903225806451613,0.319301831004266,0.842105263157895,0.942857142857143,0.8,0.952380952380952,0.2,0.0476190476190477,16.8,0.21
"3599",0.5655,7.24819398748761,0.838709677419355,0.372332415286429,0.736842105263158,0.847619047619048,0.7,0.904761904761905,0.3,0.0952380952380952,7.35,0.331578947368421
"3600",0.5505,6.64776890845161,0.774193548387097,0.445576949642582,0.631578947368421,0.764285714285714,0.6,0.857142857142857,0.4,0.142857142857143,4.2,0.466666666666667
"3601",0.098,2.60014855948611,0.903225806451613,0.449501419246437,0.88,0.964912280701754,0.916666666666667,0.894736842105263,0.0833333333333334,0.105263157894737,8.70833333333333,0.0931372549019608
"3602",0.155,2.8074067030944,0.870967741935484,0.362390707804518,0.777777777777778,0.910714285714286,1,0.833333333333333,0,0.166666666666667,6,0
"3603",0.234,4.12976414847212,0.903225806451613,0.331109913268571,0.842105263157895,0.914141414141414,0.888888888888889,0.909090909090909,0.111111111111111,0.0909090909090909,9.77777777777777,0.122222222222222
"3604",0.14,2.84841191649509,0.774193548387097,0.436324561763302,0.666666666666667,0.809782608695652,0.875,0.739130434782609,0.125,0.260869565217391,3.35416666666667,0.169117647058824
"3605",0.342,5.33510420041279,0.935483870967742,0.27760869667027,0.833333333333333,0.916666666666667,0.714285714285714,1,0.285714285714286,0,Inf,0.285714285714286
"3606",0.2385,4.15153902289372,0.870967741935484,0.36053772760221,0.8,0.890476190476191,0.8,0.904761904761905,0.2,0.0952380952380952,8.4,0.221052631578947
"3607",0.138,2.8562011595593,0.838709677419355,0.390335803005066,0.782608695652174,0.868181818181818,0.818181818181818,0.85,0.181818181818182,0.15,5.45454545454545,0.213903743315508
"3608",0.1405,2.64798264490702,0.741935483870968,0.396586887884627,0.636363636363636,0.815217391304348,0.875,0.695652173913043,0.125,0.304347826086957,2.875,0.1796875
"3609",0.6465,7.33491387863886,0.870967741935484,0.373906488123224,0.6,0.776923076923077,0.6,0.923076923076923,0.4,0.0769230769230769,7.80000000000001,0.433333333333333
"3610",0.3965,6.17590143641179,0.870967741935484,0.331079563427273,0.818181818181818,0.931818181818182,0.818181818181818,0.9,0.181818181818182,0.1,8.18181818181818,0.202020202020202
"3611",0.217,4.12686563514549,0.870967741935484,0.347582411893827,0.833333333333333,0.925438596491228,0.833333333333333,0.894736842105263,0.166666666666667,0.105263157894737,7.91666666666667,0.186274509803922
"3612",0.2745,4.62969262291883,0.838709677419355,0.385221173742578,0.736842105263158,0.873737373737374,0.777777777777778,0.863636363636364,0.222222222222222,0.136363636363636,5.7037037037037,0.257309941520468
"3613",0.1165,2.65607619876336,0.806451612903226,0.450310252595262,0.7,0.823369565217391,0.875,0.782608695652174,0.125,0.217391304347826,4.025,0.159722222222222
"3614",0.1275,2.5932640949259,0.806451612903226,0.377858267073373,0.785714285714286,0.918859649122807,0.916666666666667,0.736842105263158,0.0833333333333334,0.263157894736842,3.48333333333333,0.113095238095238
"3615",0.5795,8.3320280943982,0.870967741935484,0.341593948682926,0.75,0.895238095238095,0.6,1,0.4,0,Inf,0.4
"3616",0.4355,5.75044248985414,0.806451612903226,0.399636231622747,0.625,0.809782608695652,0.625,0.869565217391304,0.375,0.130434782608696,4.79166666666667,0.43125
"3617",0.5815,7.24301551162566,0.838709677419355,0.387602954130937,0.705882352941177,0.838383838383838,0.666666666666667,0.909090909090909,0.333333333333333,0.0909090909090909,7.33333333333333,0.366666666666667
"3618",0.1775,2.87261467756803,0.870967741935484,0.322395051992769,0.777777777777778,0.94047619047619,1,0.833333333333333,0,0.166666666666667,6,0
"3619",0.2205,3.91562242773388,0.903225806451613,0.351469776055336,0.842105263157895,0.924242424242424,0.888888888888889,0.909090909090909,0.111111111111111,0.0909090909090909,9.77777777777777,0.122222222222222
"3620",0.365,5.07508418311635,0.774193548387097,0.40093037700689,0.666666666666667,0.838383838383838,0.777777777777778,0.772727272727273,0.222222222222222,0.227272727272727,3.42222222222222,0.287581699346405
"3621",0.1295,2.46340948339006,0.838709677419355,0.386589593120452,0.761904761904762,0.866161616161616,0.888888888888889,0.818181818181818,0.111111111111111,0.181818181818182,4.88888888888889,0.135802469135803
"3622",0.072,1.82449127027858,0.709677419354839,0.443110950862954,0.64,0.766304347826087,1,0.608695652173913,0,0.391304347826087,2.55555555555556,0
"3623",0.3885,5.75031566931676,0.903225806451613,0.287001487566453,0.823529411764706,0.934782608695652,0.875,0.91304347826087,0.125,0.0869565217391305,10.0625,0.136904761904762
"3624",0.7295,7.69830169716804,0.935483870967742,0.344428678192958,0.857142857142857,0.96,1,0.92,0,0.08,12.5,0
"3625",0.3045,4.95756992316249,0.903225806451613,0.289447774839167,0.823529411764706,0.939393939393939,0.777777777777778,0.954545454545455,0.222222222222222,0.0454545454545454,17.1111111111111,0.232804232804233
"3626",0.5125,6.79128678847678,0.838709677419355,0.375860517154814,0.736842105263158,0.838095238095238,0.7,0.904761904761905,0.3,0.0952380952380952,7.35,0.331578947368421
"3627",0.5445,7.24827384611265,0.903225806451613,0.320575906434442,0.666666666666667,0.88,0.5,1,0.5,0,Inf,0.5
"3628",0.088,2.34601042437444,0.806451612903226,0.440367904270011,0.8,0.912393162393162,0.923076923076923,0.722222222222222,0.0769230769230769,0.277777777777778,3.32307692307692,0.106508875739645
"3629",0.9015,10.0973881853018,0.838709677419355,0.431262165480539,0.545454545454545,0.735119047619048,0.428571428571429,0.958333333333333,0.571428571428571,0.0416666666666666,10.2857142857143,0.596273291925466
"3630",0.2585,3.90896134343215,0.838709677419355,0.330320300592757,0.666666666666667,0.9,0.833333333333333,0.84,0.166666666666667,0.16,5.20833333333333,0.198412698412698
"3631",0.281,4.15463982946907,0.774193548387097,0.381886654997001,0.666666666666667,0.85054347826087,0.875,0.739130434782609,0.125,0.260869565217391,3.35416666666667,0.169117647058824
"3632",0.107,2.50633967741169,0.741935483870968,0.427172650942218,0.75,0.837606837606838,0.923076923076923,0.611111111111111,0.0769230769230769,0.388888888888889,2.37362637362637,0.125874125874126
"3633",0.6715,7.54384298317678,0.903225806451613,0.334494720873098,0.769230769230769,0.893333333333333,0.833333333333333,0.92,0.166666666666667,0.08,10.4166666666667,0.181159420289855
"3634",0.113,2.30399153083315,0.806451612903226,0.413343758519432,0.785714285714286,0.865909090909091,1,0.7,0,0.3,3.33333333333333,0
"3635",0.1305,2.65040105872215,0.838709677419355,0.384127349449894,0.782608695652174,0.906818181818182,0.818181818181818,0.85,0.181818181818182,0.15,5.45454545454545,0.213903743315508
"3636",0.3925,5.74484590308519,0.935483870967742,0.294397170558116,0.857142857142857,0.9375,0.857142857142857,0.958333333333333,0.142857142857143,0.0416666666666666,20.5714285714286,0.149068322981366
"3637",0.0975,2.35381783541198,0.806451612903226,0.435582916475252,0.785714285714286,0.87719298245614,0.916666666666667,0.736842105263158,0.0833333333333334,0.263157894736842,3.48333333333333,0.113095238095238
"3638",0.487,6.94738282226493,0.903225806451613,0.306103768019824,0.8,0.940217391304348,0.75,0.956521739130435,0.25,0.0434782608695652,17.25,0.261363636363636
"3639",0.2595,4.71781787926787,0.870967741935484,0.357809191821439,0.818181818181818,0.927272727272727,0.818181818181818,0.9,0.181818181818182,0.1,8.18181818181818,0.202020202020202
"3640",0.3005,4.95166651176039,0.870967741935484,0.359696807115458,0.75,0.891304347826087,0.75,0.91304347826087,0.25,0.0869565217391305,8.62499999999999,0.273809523809524
"3641",0.2175,3.86984633737106,0.903225806451613,0.358441269831144,0.857142857142857,0.928571428571429,0.9,0.904761904761905,0.1,0.0952380952380952,9.45,0.110526315789474
"3642",0.238,4.14807179252399,0.870967741935484,0.33667657653058,0.777777777777778,0.914141414141414,0.777777777777778,0.909090909090909,0.222222222222222,0.0909090909090909,8.55555555555555,0.244444444444444
"3643",0.5835,7.96432265758093,0.967741935483871,0.252035409066459,0.941176470588235,0.94949494949495,0.888888888888889,1,0.111111111111111,0,Inf,0.111111111111111
"3644",0.5035,7.69579299946776,0.935483870967742,0.306722557291378,0.9,0.929545454545455,0.818181818181818,1,0.181818181818182,0,Inf,0.181818181818182
"3645",0.589,7.70226319855545,0.870967741935484,0.345266584314516,0.75,0.898989898989899,0.666666666666667,0.954545454545455,0.333333333333333,0.0454545454545454,14.6666666666667,0.349206349206349
"3646",0.4565,6.91271996582071,0.838709677419355,0.388493518381693,0.705882352941177,0.823809523809524,0.6,0.952380952380952,0.4,0.0476190476190477,12.6,0.42
"3647",0.1365,2.65415955123911,0.806451612903226,0.409529789459652,0.666666666666667,0.800595238095238,0.857142857142857,0.791666666666667,0.142857142857143,0.208333333333333,4.11428571428571,0.180451127819549
"3648",0.1585,2.84901640002603,0.838709677419355,0.38506562098575,0.8,0.880952380952381,1,0.761904761904762,0,0.238095238095238,4.2,0
"3649",0.272,3.92237968928044,0.870967741935484,0.33163363575631,0.8,0.934782608695652,1,0.826086956521739,0,0.173913043478261,5.75,0
"3650",0.1485,2.64744555991094,0.806451612903226,0.398808547422945,0.7,0.863095238095238,1,0.75,0,0.25,4,0
"3651",0.148,2.8056003162339,0.741935483870968,0.389947653168458,0.733333333333333,0.863636363636364,1,0.6,0,0.4,2.5,0
"3652",0.2735,4.9016619574581,0.903225806451613,0.336265178438768,0.8,0.911616161616162,0.666666666666667,1,0.333333333333333,0,Inf,0.333333333333333
"3653",0.43,6.27147336289373,0.935483870967742,0.287100323715019,0.8,0.903333333333333,0.666666666666667,1,0.333333333333333,0,Inf,0.333333333333333
"3654",0.342,5.33953954906583,0.838709677419355,0.378908873653596,0.666666666666667,0.855978260869565,0.625,0.91304347826087,0.375,0.0869565217391305,7.1875,0.410714285714286
"3655",0.277,4.93774409845712,0.838709677419355,0.372388921534844,0.8,0.888157894736842,0.833333333333333,0.842105263157895,0.166666666666667,0.157894736842105,5.27777777777778,0.197916666666667
"3656",0.1215,2.64770858125529,0.774193548387097,0.410999015699279,0.774193548387097,0.87719298245614,1,0.631578947368421,0,0.368421052631579,2.71428571428571,0
"3657",0.521,6.94817086402075,0.838709677419355,0.390373884314272,0.736842105263158,0.802380952380952,0.7,0.904761904761905,0.3,0.0952380952380952,7.35,0.331578947368421
"3658",0.2315,4.15570589965857,0.806451612903226,0.382285636346418,0.8,0.852941176470588,0.857142857142857,0.764705882352941,0.142857142857143,0.235294117647059,3.64285714285714,0.186813186813187
"3659",0.9055,10.0144402671065,0.870967741935484,0.414281224177734,0.6,0.79,0.5,0.96,0.5,0.04,12.5,0.520833333333333
"3660",0.241,4.21011975877785,0.806451612903226,0.37818022466192,0.7,0.833333333333333,0.777777777777778,0.818181818181818,0.222222222222222,0.181818181818182,4.27777777777778,0.271604938271605
"3661",0.2945,5.02465240130482,0.967741935483871,0.312019131192375,0.941176470588235,0.98989898989899,0.888888888888889,1,0.111111111111111,0,Inf,0.111111111111111
"3662",0.703,8.63078361208984,0.838709677419355,0.385487239301352,0.705882352941177,0.85,0.6,0.952380952380952,0.4,0.0476190476190477,12.6,0.42
"3663",0.2315,4.44245425929544,0.806451612903226,0.434436001507015,0.75,0.826754385964912,0.75,0.842105263157895,0.25,0.157894736842105,4.75,0.296875
"3664",0.6075,6.95123596462097,0.903225806451613,0.348837996178919,0.769230769230769,0.906666666666667,0.833333333333333,0.92,0.166666666666667,0.08,10.4166666666667,0.181159420289855
"3665",0.269,4.6262380741767,0.870967741935484,0.332741920171522,0.75,0.907608695652174,0.75,0.91304347826087,0.25,0.0869565217391305,8.62499999999999,0.273809523809524
"3666",0.1285,2.64893378179191,0.709677419354839,0.442406170839702,0.608695652173913,0.779891304347826,0.875,0.652173913043478,0.125,0.347826086956522,2.515625,0.191666666666667
"3667",0.279,4.20647147068265,0.838709677419355,0.336678633786414,0.666666666666667,0.883333333333333,0.833333333333333,0.84,0.166666666666667,0.16,5.20833333333333,0.198412698412698
"3668",0.268,4.15164322855182,0.774193548387097,0.420437256995977,0.695652173913043,0.842857142857143,0.8,0.761904761904762,0.2,0.238095238095238,3.36,0.2625
"3669",0.1535,2.87212502673377,0.774193548387097,0.405449887689055,0.666666666666667,0.818181818181818,0.777777777777778,0.772727272727273,0.222222222222222,0.227272727272727,3.42222222222222,0.287581699346405
"3670",0.4055,5.74904270233745,0.870967741935484,0.340737026108176,0.714285714285714,0.883928571428571,0.714285714285714,0.916666666666667,0.285714285714286,0.0833333333333334,8.57142857142857,0.311688311688312
"3671",0.268,4.96109223876451,0.903225806451613,0.352094005906074,0.857142857142857,0.906818181818182,0.818181818181818,0.95,0.181818181818182,0.05,16.3636363636363,0.191387559808612
"3672",0.072,1.83367854450198,0.741935483870968,0.437723939211423,0.714285714285714,0.834090909090909,0.909090909090909,0.65,0.0909090909090909,0.35,2.5974025974026,0.13986013986014
"3673",0.2125,3.80244549384498,0.838709677419355,0.354698890515227,0.736842105263158,0.835858585858586,0.777777777777778,0.863636363636364,0.222222222222222,0.136363636363636,5.7037037037037,0.257309941520468
"3674",0.463,7.34669838012298,0.903225806451613,0.330126947468532,0.842105263157895,0.909090909090909,0.727272727272727,1,0.272727272727273,0,Inf,0.272727272727273
"3675",0.816,9.54981135348097,0.935483870967742,0.35590872972002,0.857142857142857,0.896739130434783,0.75,1,0.25,0,Inf,0.25
"3676",0.516,6.94945867143225,0.903225806451613,0.34312080158314,0.823529411764706,0.868686868686869,0.777777777777778,0.954545454545455,0.222222222222222,0.0454545454545454,17.1111111111111,0.232804232804233
"3677",0.0415,1.31666607026013,0.483870967741935,0.501188091916259,0.555555555555556,0.69047619047619,1,0.238095238095238,0,0.761904761904762,1.3125,0
"3678",0.3155,4.1809897519014,0.838709677419355,0.398007330427611,0.615384615384615,0.846153846153846,0.8,0.846153846153846,0.2,0.153846153846154,5.2,0.236363636363636
"3679",0.3405,5.74702174443595,0.870967741935484,0.349915953371278,0.818181818181818,0.853070175438597,0.75,0.947368421052632,0.25,0.0526315789473685,14.25,0.263888888888889
"3680",0.1245,2.76071824102617,0.838709677419355,0.411077682694662,0.8,0.888636363636364,0.909090909090909,0.8,0.0909090909090909,0.2,4.54545454545455,0.113636363636364
"3681",0.28,5.15736259978398,0.806451612903226,0.402225846699493,0.666666666666667,0.816666666666667,0.6,0.904761904761905,0.4,0.0952380952380952,6.3,0.442105263157895
"3682",0.5985,7.24524219198153,0.870967741935484,0.350017531297526,0.777777777777778,0.909090909090909,0.777777777777778,0.909090909090909,0.222222222222222,0.0909090909090909,8.55555555555555,0.244444444444444
"3683",0.2685,4.9584862116993,0.806451612903226,0.401949897161575,0.7,0.809090909090909,0.636363636363636,0.9,0.363636363636364,0.1,6.36363636363637,0.404040404040404
"3684",0.3535,5.33130732030093,0.903225806451613,0.302774895932336,0.823529411764706,0.940217391304348,0.875,0.91304347826087,0.125,0.0869565217391305,10.0625,0.136904761904762
"3685",0.6995,8.23864113647883,0.903225806451613,0.328321197647758,0.666666666666667,0.861538461538462,0.6,0.961538461538462,0.4,0.0384615384615384,15.6,0.416
"3686",0.128,2.79969069691801,0.709677419354839,0.421773796196564,0.526315789473684,0.71195652173913,0.625,0.739130434782609,0.375,0.260869565217391,2.39583333333333,0.507352941176471
"3687",0.5875,8.19116834991194,0.903225806451613,0.311360333680431,0.727272727272727,0.889880952380952,0.571428571428571,1,0.428571428571429,0,Inf,0.428571428571429
"3688",0.245,4.18325507015621,0.935483870967742,0.31158148885736,0.857142857142857,0.964285714285714,0.857142857142857,0.958333333333333,0.142857142857143,0.0416666666666666,20.5714285714286,0.149068322981366
"3689",0.5335,7.24962882658472,0.870967741935484,0.33410770012629,0.8,0.911904761904762,0.8,0.904761904761905,0.2,0.0952380952380952,8.4,0.221052631578947
"3690",0.2505,4.60345649612615,0.870967741935484,0.348265991776464,0.833333333333333,0.940909090909091,0.909090909090909,0.85,0.0909090909090909,0.15,6.06060606060606,0.106951871657754
"3691",0.5425,6.98682276928955,0.806451612903226,0.398348730343573,0.666666666666667,0.838095238095238,0.6,0.904761904761905,0.4,0.0952380952380952,6.3,0.442105263157895
"3692",0.1265,2.35012454406295,0.774193548387097,0.374069356903805,0.695652173913043,0.871212121212121,0.888888888888889,0.727272727272727,0.111111111111111,0.272727272727273,3.25925925925926,0.152777777777778
"3693",0.1405,2.59585395772604,0.741935483870968,0.371074849280726,0.6,0.824404761904762,0.857142857142857,0.708333333333333,0.142857142857143,0.291666666666667,2.93877551020408,0.201680672268908
"3694",0.4885,6.9566791165058,0.870967741935484,0.335222994533833,0.75,0.868686868686869,0.666666666666667,0.954545454545455,0.333333333333333,0.0454545454545454,14.6666666666667,0.349206349206349
"3695",0.1445,2.60027217638278,0.838709677419355,0.370910526199324,0.782608695652174,0.898989898989899,1,0.772727272727273,0,0.227272727272727,4.4,0
"3696",0.166,2.84959614466402,0.870967741935484,0.341490380275123,0.818181818181818,0.919191919191919,1,0.818181818181818,0,0.181818181818182,5.5,0
"3697",0.265,5.0294015877514,0.870967741935484,0.372873275913146,0.818181818181818,0.9,0.818181818181818,0.9,0.181818181818182,0.1,8.18181818181818,0.202020202020202
"3698",0.319,4.62368485711008,0.870967741935484,0.350351187532955,0.666666666666667,0.876923076923077,0.8,0.884615384615385,0.2,0.115384615384615,6.93333333333333,0.226086956521739
"3699",0.2275,4.12908307318816,0.774193548387097,0.416115745230326,0.72,0.811363636363636,0.818181818181818,0.75,0.181818181818182,0.25,3.27272727272727,0.242424242424242
"3700",0.473,7.42938746669308,0.903225806451613,0.325314177806392,0.842105263157895,0.838636363636364,0.727272727272727,1,0.272727272727273,0,Inf,0.272727272727273
"3701",0.5545,6.64771925706996,0.870967741935484,0.3531319658607,0.5,0.828703703703704,0.5,0.925925925925926,0.5,0.0740740740740741,6.75,0.54
"3702",0.2405,4.14769133623751,0.838709677419355,0.363463638874333,0.782608695652174,0.885714285714286,0.9,0.80952380952381,0.1,0.19047619047619,4.725,0.123529411764706
"3703",0.066,2.34460989148347,0.806451612903226,0.497065466291116,0.785714285714286,0.798245614035088,0.916666666666667,0.736842105263158,0.0833333333333334,0.263157894736842,3.48333333333333,0.113095238095238
"3704",0.0885,1.81879803783567,0.580645161290323,0.444287982450174,0.518518518518518,0.720238095238095,1,0.458333333333333,0,0.541666666666667,1.84615384615385,0
"3705",0.5985,7.70350449333198,0.903225806451613,0.3240267893014,0.769230769230769,0.863095238095238,0.714285714285714,0.958333333333333,0.285714285714286,0.0416666666666666,17.1428571428572,0.298136645962733
"3706",0.7015,8.92235846861979,0.935483870967742,0.292862297596091,0.75,0.823076923076923,0.6,1,0.4,0,Inf,0.4
"3707",0.34,5.55492231255186,0.870967741935484,0.352849038834757,0.777777777777778,0.89047619047619,0.7,0.952380952380952,0.3,0.0476190476190477,14.7,0.315
"3708",0.7615,9.59797996866564,0.903225806451613,0.337929075396697,0.769230769230769,0.880434782608696,0.625,1,0.375,0,Inf,0.375
"3709",0.2815,4.17313483475871,0.903225806451613,0.267884394360551,0.769230769230769,0.961538461538462,1,0.884615384615385,0,0.115384615384615,8.66666666666666,0
"3710",0.4175,5.75353019159164,0.838709677419355,0.353371545165006,0.736842105263158,0.904040404040404,0.777777777777778,0.863636363636364,0.222222222222222,0.136363636363636,5.7037037037037,0.257309941520468
"3711",0.2445,4.94311545923963,0.774193548387097,0.450481789241868,0.666666666666667,0.771929824561403,0.583333333333333,0.894736842105263,0.416666666666667,0.105263157894737,5.54166666666667,0.465686274509804
"3712",0.566,6.95213081596101,0.838709677419355,0.381180927220413,0.545454545454545,0.743333333333333,0.5,0.92,0.5,0.08,6.25,0.543478260869565
"3713",0.3335,5.26361620965481,0.903225806451613,0.320507540409243,0.823529411764706,0.901515151515151,0.777777777777778,0.954545454545455,0.222222222222222,0.0454545454545454,17.1111111111111,0.232804232804233
"3714",0.43,6.50735848415621,0.903225806451613,0.32192384852774,0.727272727272727,0.860119047619048,0.571428571428571,1,0.428571428571429,0,Inf,0.428571428571429
"3715",0.1295,2.6085984839908,0.870967741935484,0.366275742311439,0.833333333333333,0.929545454545455,0.909090909090909,0.85,0.0909090909090909,0.15,6.06060606060606,0.106951871657754
"3716",0.2545,4.12949671055843,0.774193548387097,0.399973276718945,0.72,0.842857142857143,0.9,0.714285714285714,0.1,0.285714285714286,3.15,0.14
"3717",0.815,10.2674152783843,0.903225806451613,0.322578376031592,0.666666666666667,0.913333333333333,0.5,1,0.5,0,Inf,0.5
"3718",0.1915,4.03819374972721,0.806451612903226,0.41081439101492,0.666666666666667,0.830808080808081,0.666666666666667,0.863636363636364,0.333333333333333,0.136363636363636,4.88888888888889,0.385964912280702
"3719",0.659,8.31340505914521,0.903225806451613,0.339510044002866,0.571428571428571,0.703846153846154,0.4,1,0.6,0,Inf,0.6
"3720",0.621,7.24370868366979,0.838709677419355,0.389122373385866,0.736842105263158,0.845238095238095,0.7,0.904761904761905,0.3,0.0952380952380952,7.35,0.331578947368421
"3721",0.061,1.82883595601171,0.548387096774194,0.475109843468241,0.5,0.654891304347826,0.875,0.434782608695652,0.125,0.565217391304348,1.54807692307692,0.2875
"3722",0.1385,2.65137586150241,0.838709677419355,0.344619515650978,0.736842105263158,0.904891304347826,0.875,0.826086956521739,0.125,0.173913043478261,5.03125,0.151315789473684
"3723",0.2195,3.73585380396396,0.806451612903226,0.377508246386734,0.785714285714286,0.890350877192982,0.916666666666667,0.736842105263158,0.0833333333333334,0.263157894736842,3.48333333333333,0.113095238095238
"3724",0.249,4.19967573621059,0.870967741935484,0.335329882433778,0.8,0.904040404040404,0.888888888888889,0.863636363636364,0.111111111111111,0.136363636363636,6.51851851851852,0.128654970760234
"3725",0.223,4.12587582840098,0.838709677419355,0.347676821335163,0.782608695652174,0.9,0.818181818181818,0.85,0.181818181818182,0.15,5.45454545454545,0.213903743315508
"3726",0.0945,2.06731658351163,0.838709677419355,0.407272268062184,0.8,0.897727272727273,0.909090909090909,0.8,0.0909090909090909,0.2,4.54545454545455,0.113636363636364
"3727",0.526,7.2465426018276,0.903225806451613,0.326466261158919,0.869565217391304,0.916666666666667,0.833333333333333,0.947368421052632,0.166666666666667,0.0526315789473685,15.8333333333333,0.175925925925926
"3728",0.1225,2.57364400865842,0.838709677419355,0.383295804333638,0.782608695652174,0.897619047619048,0.9,0.80952380952381,0.1,0.19047619047619,4.725,0.123529411764706
"3729",0.3755,4.95412027798219,0.903225806451613,0.328257506106862,0.571428571428571,0.81547619047619,0.666666666666667,0.928571428571429,0.333333333333333,0.0714285714285714,9.33333333333334,0.358974358974359
"3730",0.4375,6.65501092086009,0.870967741935484,0.348925995989968,0.75,0.876262626262626,0.666666666666667,0.954545454545455,0.333333333333333,0.0454545454545454,14.6666666666667,0.349206349206349
"3731",0.482,6.65272986566598,0.935483870967742,0.272802876147556,0.857142857142857,0.970238095238095,0.857142857142857,0.958333333333333,0.142857142857143,0.0416666666666666,20.5714285714286,0.149068322981366
"3732",0.0735,2.30208077734198,0.612903225806452,0.511637002753525,0.625,0.684210526315789,0.833333333333333,0.473684210526316,0.166666666666667,0.526315789473684,1.58333333333333,0.351851851851852
"3733",0.377,5.55073347051771,0.870967741935484,0.326688346836975,0.714285714285714,0.904761904761905,0.714285714285714,0.916666666666667,0.285714285714286,0.0833333333333334,8.57142857142857,0.311688311688312
"3734",0.748,8.63308526643092,0.903225806451613,0.34144801117976,0.727272727272727,0.913333333333333,0.666666666666667,0.96,0.333333333333333,0.04,16.6666666666667,0.347222222222222
"3735",0.1105,2.34909028069255,0.903225806451613,0.389629039090559,0.842105263157895,0.931818181818182,0.888888888888889,0.909090909090909,0.111111111111111,0.0909090909090909,9.77777777777777,0.122222222222222
"3736",0.4405,5.33266997353087,0.838709677419355,0.387729336724917,0.736842105263158,0.864130434782609,0.875,0.826086956521739,0.125,0.173913043478261,5.03125,0.151315789473684
"3737",0.16,2.80708656242498,0.838709677419355,0.353687917191311,0.705882352941177,0.886904761904762,0.857142857142857,0.833333333333333,0.142857142857143,0.166666666666667,5.14285714285714,0.171428571428571
"3738",0.6675,8.63388349998277,0.903225806451613,0.308326107112538,0.857142857142857,0.945454545454545,0.818181818181818,0.95,0.181818181818182,0.05,16.3636363636363,0.191387559808612
"3739",0.248,4.38521174920819,0.838709677419355,0.370271584865729,0.736842105263158,0.843434343434343,0.777777777777778,0.863636363636364,0.222222222222222,0.136363636363636,5.7037037037037,0.257309941520468
"3740",0.393,5.33274182152087,0.806451612903226,0.375919801273539,0.571428571428571,0.76,0.666666666666667,0.84,0.333333333333333,0.16,4.16666666666667,0.396825396825397
"3741",0.089,2.17190921734887,0.774193548387097,0.488323130239027,0.787878787878788,0.807692307692308,1,0.611111111111111,0,0.388888888888889,2.57142857142857,0
"3742",0.1925,4.12298561491555,0.838709677419355,0.41568194334604,0.814814814814815,0.878205128205128,0.846153846153846,0.833333333333333,0.153846153846154,0.166666666666667,5.07692307692308,0.184615384615385
"3743",0.4155,5.74920356147659,0.838709677419355,0.36517788924456,0.705882352941177,0.872282608695652,0.75,0.869565217391304,0.25,0.130434782608696,5.75,0.2875
"3744",0.2385,3.92785682641043,0.838709677419355,0.365305839190423,0.736842105263158,0.885869565217391,0.875,0.826086956521739,0.125,0.173913043478261,5.03125,0.151315789473684
"3745",0.293,4.62567599034791,0.903225806451613,0.313869528487664,0.823529411764706,0.923913043478261,0.875,0.91304347826087,0.125,0.0869565217391305,10.0625,0.136904761904762
"3746",0.14,2.6489671011246,0.870967741935484,0.363686799122285,0.833333333333333,0.938095238095238,1,0.80952380952381,0,0.19047619047619,5.25,0
"3747",0.7285,8.50164736511233,0.903225806451613,0.324119436925103,0.769230769230769,0.916666666666667,0.714285714285714,0.958333333333333,0.285714285714286,0.0416666666666666,17.1428571428572,0.298136645962733
"3748",0.2285,3.92293630141521,0.741935483870968,0.433877833663872,0.692307692307692,0.815909090909091,0.818181818181818,0.7,0.181818181818182,0.3,2.72727272727273,0.25974025974026
"3749",0.145,2.59829574171758,0.870967741935484,0.360990681082203,0.833333333333333,0.923809523809524,1,0.80952380952381,0,0.19047619047619,5.25,0
"3750",0.2095,4.36683793864116,0.806451612903226,0.416300665312552,0.666666666666667,0.804761904761905,0.6,0.904761904761905,0.4,0.0952380952380952,6.3,0.442105263157895
"3751",0.218,3.92457955247954,0.870967741935484,0.34457843901044,0.777777777777778,0.898989898989899,0.777777777777778,0.909090909090909,0.222222222222222,0.0909090909090909,8.55555555555555,0.244444444444444
"3752",0.1495,2.65003018134146,0.806451612903226,0.386289055062234,0.727272727272727,0.880434782608696,1,0.739130434782609,0,0.260869565217391,3.83333333333333,0
"3753",0.5175,6.79280316788028,0.935483870967742,0.299337621211177,0.9,0.939393939393939,1,0.909090909090909,0,0.0909090909090909,11,0
"3754",0.2475,3.86750531469377,0.838709677419355,0.343297829112182,0.666666666666667,0.9,0.833333333333333,0.84,0.166666666666667,0.16,5.20833333333333,0.198412698412698
"3755",0.394,5.75205566997398,0.903225806451613,0.322274231379297,0.842105263157895,0.916666666666667,0.888888888888889,0.909090909090909,0.111111111111111,0.0909090909090909,9.77777777777777,0.122222222222222
"3756",0.244,4.96138594805648,0.774193548387097,0.419483020065627,0.631578947368421,0.756818181818182,0.545454545454545,0.9,0.454545454545455,0.1,5.45454545454546,0.505050505050505
"3757",0.2515,5.54119245203716,0.806451612903226,0.462709193935543,0.75,0.834033613445378,0.642857142857143,0.941176470588235,0.357142857142857,0.0588235294117647,10.9285714285714,0.379464285714286
"3758",0.2465,4.1268097398829,0.774193548387097,0.375692828154477,0.588235294117647,0.794642857142857,0.714285714285714,0.791666666666667,0.285714285714286,0.208333333333333,3.42857142857143,0.360902255639098
"3759",0.0975,2.3480765311717,0.774193548387097,0.427843348830013,0.774193548387097,0.86965811965812,0.923076923076923,0.666666666666667,0.0769230769230769,0.333333333333333,2.76923076923077,0.115384615384615
"3760",0.5495,7.24341911901376,0.903225806451613,0.336663260372914,0.8,0.891304347826087,0.75,0.956521739130435,0.25,0.0434782608695652,17.25,0.261363636363636
"3761",0.461,7.05798880821501,0.903225806451613,0.300087542503868,0.823529411764706,0.942857142857143,0.7,1,0.3,0,Inf,0.3
"3762",0.4695,7.25560735018309,0.903225806451613,0.326104728471262,0.823529411764706,0.919047619047619,0.7,1,0.3,0,Inf,0.3
"3763",0.2385,3.93321912222057,0.774193548387097,0.403600557349477,0.631578947368421,0.801630434782609,0.75,0.782608695652174,0.25,0.217391304347826,3.45,0.319444444444444
"3764",0.2775,4.2345482363911,0.935483870967742,0.277843073211215,0.833333333333333,0.91,0.833333333333333,0.96,0.166666666666667,0.04,20.8333333333333,0.173611111111111
"3765",0.8655,9.33058911654556,0.935483870967742,0.367509670422046,0.8,0.838461538461538,0.8,0.961538461538462,0.2,0.0384615384615384,20.8,0.208
"3766",0.527,7.35095882471249,0.903225806451613,0.304105390883315,0.8,0.934782608695652,0.75,0.956521739130435,0.25,0.0434782608695652,17.25,0.261363636363636
"3767",0.585,6.33294890964822,0.806451612903226,0.417232149983367,0.625,0.818452380952381,0.714285714285714,0.833333333333333,0.285714285714286,0.166666666666667,4.28571428571429,0.342857142857143
"3768",0.2625,4.3664531987615,0.903225806451613,0.300652561347508,0.842105263157895,0.946969696969697,0.888888888888889,0.909090909090909,0.111111111111111,0.0909090909090909,9.77777777777777,0.122222222222222
"3769",0.1375,2.87731135274517,0.806451612903226,0.408249766484138,0.75,0.809090909090909,0.818181818181818,0.8,0.181818181818182,0.2,4.09090909090909,0.227272727272727
"3770",0.283,4.95482110170636,0.935483870967742,0.314818365728373,0.9,0.956818181818182,0.818181818181818,1,0.181818181818182,0,Inf,0.181818181818182
"3771",0.612,8.33035545749886,0.870967741935484,0.354044943815368,0.714285714285714,0.830808080808081,0.555555555555556,1,0.444444444444444,0,Inf,0.444444444444444
"3772",0.217,4.11721508310972,0.806451612903226,0.372771385022603,0.666666666666667,0.848484848484849,0.666666666666667,0.863636363636364,0.333333333333333,0.136363636363636,4.88888888888889,0.385964912280702
"3773",0.274,4.03115629992537,0.806451612903226,0.384022103369668,0.666666666666667,0.875,0.857142857142857,0.791666666666667,0.142857142857143,0.208333333333333,4.11428571428571,0.180451127819549
"3774",0.5715,7.24557545929917,0.870967741935484,0.346926498478464,0.8,0.919047619047619,0.8,0.904761904761905,0.2,0.0952380952380952,8.4,0.221052631578947
"3775",0.295,4.62792793566247,0.903225806451613,0.310497589160474,0.823529411764706,0.9375,0.875,0.91304347826087,0.125,0.0869565217391305,10.0625,0.136904761904762
"3776",0.593,7.24436210806564,0.903225806451613,0.31414951572908,0.769230769230769,0.926666666666667,0.833333333333333,0.92,0.166666666666667,0.08,10.4166666666667,0.181159420289855
"3777",0.0885,2.06642159485446,0.741935483870968,0.446064457825991,0.75,0.831140350877193,1,0.578947368421053,0,0.421052631578947,2.375,0
"3778",0.4265,6.54881384721651,0.838709677419355,0.377882574122175,0.666666666666667,0.840909090909091,0.555555555555556,0.954545454545455,0.444444444444444,0.0454545454545454,12.2222222222222,0.465608465608466
"3779",0.1405,2.85409824259333,0.741935483870968,0.433908737641341,0.5,0.686666666666667,0.666666666666667,0.76,0.333333333333333,0.24,2.77777777777778,0.43859649122807
"3780",0.3305,5.02722604898957,0.903225806451613,0.320982773778012,0.8,0.907608695652174,0.75,0.956521739130435,0.25,0.0434782608695652,17.25,0.261363636363636
"3781",0.4215,5.74588361062681,0.903225806451613,0.336009849080437,0.869565217391304,0.925,0.909090909090909,0.9,0.0909090909090909,0.1,9.09090909090909,0.101010101010101
"3782",0.287,4.15540437243477,0.870967741935484,0.338549191634051,0.777777777777778,0.904761904761905,1,0.833333333333333,0,0.166666666666667,6,0
"3783",0.269,4.12978922705017,0.903225806451613,0.285444519535407,0.727272727272727,0.85,0.8,0.923076923076923,0.2,0.0769230769230769,10.4,0.216666666666667
"3784",0.299,4.95445818162541,0.903225806451613,0.349213778671852,0.823529411764706,0.851010101010101,0.777777777777778,0.954545454545455,0.222222222222222,0.0454545454545454,17.1111111111111,0.232804232804233
"3785",0.639,8.54532641724022,0.870967741935484,0.359011405618034,0.75,0.816666666666667,0.6,1,0.4,0,Inf,0.4
"3786",0.129,2.60735743362603,0.774193548387097,0.385831041263891,0.695652173913043,0.848484848484849,0.888888888888889,0.727272727272727,0.111111111111111,0.272727272727273,3.25925925925926,0.152777777777778
"3787",0.647,7.95059499025763,0.870967741935484,0.34685020602641,0.6,0.79,0.5,0.96,0.5,0.04,12.5,0.520833333333333
"3788",0.1015,1.9968699366177,0.67741935483871,0.416591394858016,0.642857142857143,0.795454545454545,1,0.545454545454545,0,0.454545454545455,2.2,0
"3789",0.4825,6.79768327192846,0.870967741935484,0.330107412443918,0.8,0.923809523809524,0.8,0.904761904761905,0.2,0.0952380952380952,8.4,0.221052631578947
"3790",0.1115,2.58368345725043,0.870967741935484,0.410929255917984,0.833333333333333,0.875,0.909090909090909,0.85,0.0909090909090909,0.15,6.06060606060606,0.106951871657754
"3791",0.7205,9.31551306233631,0.903225806451613,0.32245956687223,0.769230769230769,0.904891304347826,0.625,1,0.375,0,Inf,0.375
"3792",0.092,2.34779548666456,0.870967741935484,0.424846559834471,0.857142857142857,0.909663865546218,0.857142857142857,0.882352941176471,0.142857142857143,0.117647058823529,7.28571428571428,0.161904761904762
"3793",0.574,7.34372493305351,0.903225806451613,0.326378183517463,0.727272727272727,0.896666666666667,0.666666666666667,0.96,0.333333333333333,0.04,16.6666666666667,0.347222222222222
"3794",0.1165,2.75159603539327,0.806451612903226,0.422431486810846,0.75,0.875,0.818181818181818,0.8,0.181818181818182,0.2,4.09090909090909,0.227272727272727
"3795",0.4465,6.65123833492106,0.870967741935484,0.349193987696649,0.6,0.821428571428571,0.428571428571429,1,0.571428571428571,0,Inf,0.571428571428571
"3796",0.1265,2.3043251993716,0.806451612903226,0.371059237145867,0.75,0.888888888888889,1,0.727272727272727,0,0.272727272727273,3.66666666666667,0
"3797",0.6525,8.87043595345696,0.903225806451613,0.321488355092438,0.769230769230769,0.872282608695652,0.625,1,0.375,0,Inf,0.375
"3798",0.482,6.95141488678987,0.903225806451613,0.318827486319737,0.8,0.885869565217391,0.75,0.956521739130435,0.25,0.0434782608695652,17.25,0.261363636363636
"3799",0.1865,4.1846147904315,0.903225806451613,0.385805807951429,0.888888888888889,0.9375,0.8,1,0.2,0,Inf,0.2
"3800",0.4265,5.02790738266749,0.774193548387097,0.406668465564694,0.588235294117647,0.846666666666667,0.833333333333333,0.76,0.166666666666667,0.24,3.47222222222222,0.219298245614035
"3801",0.258,4.195369735184,0.806451612903226,0.374720437502452,0.666666666666667,0.809782608695652,0.75,0.826086956521739,0.25,0.173913043478261,4.3125,0.302631578947368
"3802",0.117,2.34554756123317,0.806451612903226,0.399562133754162,0.75,0.880952380952381,0.9,0.761904761904762,0.1,0.238095238095238,3.78,0.13125
"3803",0.893,10.1622208055576,0.903225806451613,0.359907440396315,0.666666666666667,0.923076923076923,0.6,0.961538461538462,0.4,0.0384615384615384,15.6,0.416
"3804",0.1515,3.6841187458069,0.806451612903226,0.442158965103919,0.769230769230769,0.822649572649573,0.769230769230769,0.833333333333333,0.230769230769231,0.166666666666667,4.61538461538462,0.276923076923077
"3805",0.124,2.65245163659423,0.774193548387097,0.4007733590029,0.740740740740741,0.875,0.909090909090909,0.7,0.0909090909090909,0.3,3.03030303030303,0.12987012987013
"3806",0.26,4.20460432558241,0.935483870967742,0.316650864177047,0.857142857142857,0.93452380952381,0.857142857142857,0.958333333333333,0.142857142857143,0.0416666666666666,20.5714285714286,0.149068322981366
"3807",0.3635,5.75286387592251,0.774193548387097,0.405941963179009,0.631578947368421,0.776190476190476,0.6,0.857142857142857,0.4,0.142857142857143,4.2,0.466666666666667
"3808",0.8765,8.60786228083706,0.806451612903226,0.451338090855593,0.5,0.76,0.5,0.88,0.5,0.12,4.16666666666667,0.568181818181818
"3809",0.218,3.97668052120017,0.838709677419355,0.362162119878484,0.782608695652174,0.904545454545455,0.818181818181818,0.85,0.181818181818182,0.15,5.45454545454545,0.213903743315508
"3810",0.2865,4.62441230598791,0.903225806451613,0.30819380741109,0.823529411764706,0.923913043478261,0.875,0.91304347826087,0.125,0.0869565217391305,10.0625,0.136904761904762
"3811",0.2225,4.13007571686802,0.838709677419355,0.372075015737225,0.736842105263158,0.833333333333333,0.777777777777778,0.863636363636364,0.222222222222222,0.136363636363636,5.7037037037037,0.257309941520468
"3812",0.204,4.12740555316403,0.838709677419355,0.37229910114368,0.782608695652174,0.912280701754386,0.75,0.894736842105263,0.25,0.105263157894737,7.125,0.279411764705882
"3813",0.298,5.02457814092061,0.838709677419355,0.368469773630015,0.761904761904762,0.845238095238095,0.8,0.857142857142857,0.2,0.142857142857143,5.6,0.233333333333333
"3814",0.2075,3.9272212231864,0.838709677419355,0.380520168469547,0.705882352941177,0.828282828282828,0.666666666666667,0.909090909090909,0.333333333333333,0.0909090909090909,7.33333333333333,0.366666666666667
"3815",0.1045,2.60151923875194,0.741935483870968,0.465978447428196,0.733333333333333,0.807017543859649,0.916666666666667,0.631578947368421,0.0833333333333334,0.368421052631579,2.48809523809524,0.131944444444445
"3816",0.3245,5.27220303384647,0.870967741935484,0.339403747999671,0.8,0.904761904761905,0.8,0.904761904761905,0.2,0.0952380952380952,8.4,0.221052631578947
"3817",0.1265,2.84424342941101,0.838709677419355,0.424837519945803,0.814814814814815,0.861842105263158,0.916666666666667,0.789473684210526,0.0833333333333334,0.210526315789474,4.35416666666667,0.105555555555556
"3818",0.1135,2.65173011072996,0.806451612903226,0.422727779817897,0.75,0.866666666666667,0.9,0.761904761904762,0.1,0.238095238095238,3.78,0.13125
"3819",0.3575,5.7489829993118,0.806451612903226,0.414225026444576,0.769230769230769,0.848290598290598,0.769230769230769,0.833333333333333,0.230769230769231,0.166666666666667,4.61538461538462,0.276923076923077
"3820",0.942,10.2476033464814,0.870967741935484,0.43407569926948,0.666666666666667,0.875,0.571428571428571,0.958333333333333,0.428571428571429,0.0416666666666666,13.7142857142857,0.447204968944099
"3821",0.2635,4.20281190657203,0.741935483870968,0.404550546892941,0.6,0.793478260869565,0.75,0.739130434782609,0.25,0.260869565217391,2.875,0.338235294117647
"3822",0.3605,5.61656597088374,0.870967741935484,0.325653937121111,0.8,0.90952380952381,0.8,0.904761904761905,0.2,0.0952380952380952,8.4,0.221052631578947
"3823",0.5495,7.24786315236373,0.935483870967742,0.295688927440243,0.875,0.926630434782609,0.875,0.956521739130435,0.125,0.0434782608695652,20.125,0.130681818181818
"3824",0.105,2.65935892454363,0.67741935483871,0.458825603776253,0.583333333333333,0.737373737373737,0.777777777777778,0.636363636363636,0.222222222222222,0.363636363636364,2.13888888888889,0.349206349206349
"3825",0.2575,4.96100829177446,0.806451612903226,0.404083590731995,0.727272727272727,0.802631578947368,0.666666666666667,0.894736842105263,0.333333333333333,0.105263157894737,6.33333333333333,0.372549019607843
"3826",0.4955,6.94886852869527,0.870967741935484,0.337946250239138,0.8,0.9,0.727272727272727,0.95,0.272727272727273,0.05,14.5454545454545,0.287081339712919
"3827",0.2135,4.20497306281891,0.838709677419355,0.37491972251773,0.814814814814815,0.895299145299145,0.846153846153846,0.833333333333333,0.153846153846154,0.166666666666667,5.07692307692308,0.184615384615385
"3828",0.4665,6.65306521619546,0.870967741935484,0.326588532957652,0.75,0.919191919191919,0.666666666666667,0.954545454545455,0.333333333333333,0.0454545454545454,14.6666666666667,0.349206349206349
"3829",0.2705,4.14130523941008,0.838709677419355,0.349606380153248,0.666666666666667,0.893333333333333,0.833333333333333,0.84,0.166666666666667,0.16,5.20833333333333,0.198412698412698
"3830",0.516,7.62245995490075,0.870967741935484,0.335387598296207,0.714285714285714,0.881313131313131,0.555555555555556,1,0.444444444444444,0,Inf,0.444444444444444
"3831",0.5405,7.98654097934882,0.903225806451613,0.316888095660029,0.842105263157895,0.909090909090909,0.727272727272727,1,0.272727272727273,0,Inf,0.272727272727273
"3832",0.243,4.12554608711072,0.838709677419355,0.357638160917698,0.8,0.9,0.909090909090909,0.8,0.0909090909090909,0.2,4.54545454545455,0.113636363636364
"3833",0.163,2.75405738546809,0.870967741935484,0.326185225613437,0.846153846153846,0.936363636363636,1,0.8,0,0.2,5,0
"3834",0.516,6.9468911315831,0.935483870967742,0.305914477252565,0.888888888888889,0.95959595959596,0.888888888888889,0.954545454545455,0.111111111111111,0.0454545454545454,19.5555555555556,0.116402116402116
"3835",0.2565,4.18331296761875,0.838709677419355,0.332320342636656,0.761904761904762,0.914141414141414,0.888888888888889,0.818181818181818,0.111111111111111,0.181818181818182,4.88888888888889,0.135802469135803
"3836",0.171,2.69816441826881,0.870967741935484,0.307780247846437,0.8,0.948369565217391,1,0.826086956521739,0,0.173913043478261,5.75,0
"3837",0.8195,9.55002501686337,0.935483870967742,0.317792431217236,0.833333333333333,0.926666666666667,0.833333333333333,0.96,0.166666666666667,0.04,20.8333333333333,0.173611111111111
"3838",0.6455,7.69978195062387,0.870967741935484,0.347203509705126,0.75,0.877717391304348,0.75,0.91304347826087,0.25,0.0869565217391305,8.62499999999999,0.273809523809524
"3839",0.394,5.7463215810771,0.838709677419355,0.344097154242108,0.736842105263158,0.896464646464646,0.777777777777778,0.863636363636364,0.222222222222222,0.136363636363636,5.7037037037037,0.257309941520468
"3840",0.091,2.30825002230488,0.806451612903226,0.429508087177613,0.8,0.854700854700855,0.923076923076923,0.722222222222222,0.0769230769230769,0.277777777777778,3.32307692307692,0.106508875739645
"3841",0.1845,2.8727451630608,0.838709677419355,0.323928797503714,0.761904761904762,0.923913043478261,1,0.782608695652174,0,0.217391304347826,4.6,0
"3842",0.097,2.01151629981637,0.806451612903226,0.395244789268638,0.785714285714286,0.902272727272727,1,0.7,0,0.3,3.33333333333333,0
"3843",0.106,2.29905761750427,0.741935483870968,0.401458290115604,0.714285714285714,0.845454545454545,0.909090909090909,0.65,0.0909090909090909,0.35,2.5974025974026,0.13986013986014
"3844",0.277,5.03048160556369,0.838709677419355,0.381408042937615,0.761904761904762,0.875,0.727272727272727,0.9,0.272727272727273,0.1,7.27272727272727,0.303030303030303
"3845",0.3515,5.49599782385642,0.870967741935484,0.349062922670482,0.8,0.923809523809524,0.8,0.904761904761905,0.2,0.0952380952380952,8.4,0.221052631578947
"3846",0.208,3.93940007414897,0.741935483870968,0.417582513529513,0.666666666666667,0.813636363636364,0.727272727272727,0.75,0.272727272727273,0.25,2.90909090909091,0.363636363636364
"3847",0.213,4.39031934116033,0.838709677419355,0.391654199804086,0.782608695652174,0.896929824561403,0.75,0.894736842105263,0.25,0.105263157894737,7.125,0.279411764705882
"3848",0.108,2.34411436002179,0.709677419354839,0.431745769313988,0.608695652173913,0.79040404040404,0.777777777777778,0.681818181818182,0.222222222222222,0.318181818181818,2.44444444444444,0.325925925925926
"3849",0.3505,5.16605146577071,0.838709677419355,0.336886792179411,0.666666666666667,0.892857142857143,0.714285714285714,0.875,0.285714285714286,0.125,5.71428571428571,0.326530612244898
"3850",0.663,7.70286032642618,0.903225806451613,0.341485849629181,0.727272727272727,0.903333333333333,0.666666666666667,0.96,0.333333333333333,0.04,16.6666666666667,0.347222222222222
"3851",0.498,7.35245399101126,0.903225806451613,0.296181508094225,0.823529411764706,0.939393939393939,0.777777777777778,0.954545454545455,0.222222222222222,0.0454545454545454,17.1111111111111,0.232804232804233
"3852",0.11,2.64780621863674,0.870967741935484,0.404528423620132,0.866666666666667,0.947916666666667,0.866666666666667,0.875,0.133333333333333,0.125,6.93333333333333,0.152380952380952
"3853",0.2475,4.15609900075043,0.870967741935484,0.356846765933818,0.75,0.918478260869565,0.75,0.91304347826087,0.25,0.0869565217391305,8.62499999999999,0.273809523809524
"3854",0.618,7.93080535301179,0.838709677419355,0.373281048381802,0.666666666666667,0.820707070707071,0.555555555555556,0.954545454545455,0.444444444444444,0.0454545454545454,12.2222222222222,0.465608465608466
"3855",0.42,5.89453851777954,0.870967741935484,0.336400772437876,0.714285714285714,0.836309523809524,0.714285714285714,0.916666666666667,0.285714285714286,0.0833333333333334,8.57142857142857,0.311688311688312
"3856",0.238,3.75665967347392,0.838709677419355,0.355388872506725,0.761904761904762,0.902173913043478,1,0.782608695652174,0,0.217391304347826,4.6,0
"3857",0.3445,4.95183536603063,0.774193548387097,0.407808949947816,0.72,0.854545454545454,0.818181818181818,0.75,0.181818181818182,0.25,3.27272727272727,0.242424242424242
"3858",0.243,4.38733751767714,0.838709677419355,0.372163721796155,0.761904761904762,0.818181818181818,0.727272727272727,0.9,0.272727272727273,0.1,7.27272727272727,0.303030303030303
"3859",0.128,2.45338493435349,0.903225806451613,0.355639558670727,0.869565217391304,0.897727272727273,0.909090909090909,0.9,0.0909090909090909,0.1,9.09090909090909,0.101010101010101
"3860",0.428,6.96214956342111,0.838709677419355,0.377772939185058,0.736842105263158,0.868181818181818,0.636363636363636,0.95,0.363636363636364,0.05,12.7272727272727,0.382775119617225
"3861",0.6475,8.64283655694574,0.967741935483871,0.271514170242362,0.941176470588235,0.96969696969697,0.888888888888889,1,0.111111111111111,0,Inf,0.111111111111111
"3862",0.097,1.77649456142932,0.67741935483871,0.421028303119751,0.642857142857143,0.838383838383838,1,0.545454545454545,0,0.454545454545455,2.2,0
"3863",0.353,5.06346775873797,0.806451612903226,0.356725059595295,0.666666666666667,0.863095238095238,0.857142857142857,0.791666666666667,0.142857142857143,0.208333333333333,4.11428571428571,0.180451127819549
"3864",0.5295,6.95200396881867,0.870967741935484,0.353970683116245,0.777777777777778,0.848484848484849,0.777777777777778,0.909090909090909,0.222222222222222,0.0909090909090909,8.55555555555555,0.244444444444444
"3865",0.3125,4.95301527000596,0.870967741935484,0.333642064643985,0.75,0.853260869565217,0.75,0.91304347826087,0.25,0.0869565217391305,8.62499999999999,0.273809523809524
"3866",0.255,4.14667101494613,0.838709677419355,0.360793207698974,0.666666666666667,0.87797619047619,0.714285714285714,0.875,0.285714285714286,0.125,5.71428571428571,0.326530612244898
"3867",0.21,4.19956630856786,0.870967741935484,0.377700017485812,0.714285714285714,0.83695652173913,0.625,0.956521739130435,0.375,0.0434782608695652,14.375,0.392045454545455
"3868",0.2825,4.20241689741901,0.903225806451613,0.310567344867188,0.857142857142857,0.94949494949495,1,0.863636363636364,0,0.136363636363636,7.33333333333333,0
"3869",0.263,4.15469157482962,0.838709677419355,0.33645252927845,0.814814814814815,0.925,1,0.75,0,0.25,4,0
"3870",0.15,2.85045102305077,0.774193548387097,0.392229844378247,0.695652173913043,0.843434343434343,0.888888888888889,0.727272727272727,0.111111111111111,0.272727272727273,3.25925925925926,0.152777777777778
"3871",0.161,2.65450677428639,0.838709677419355,0.320364426605703,0.782608695652174,0.939393939393939,1,0.772727272727273,0,0.227272727272727,4.4,0
"3872",0.2515,4.40690973568433,0.903225806451613,0.323734878773115,0.842105263157895,0.94949494949495,0.888888888888889,0.909090909090909,0.111111111111111,0.0909090909090909,9.77777777777777,0.122222222222222
"3873",0.8625,10.37338781066,0.935483870967742,0.318311769149086,0.8,0.963333333333333,0.666666666666667,1,0.333333333333333,0,Inf,0.333333333333333
"3874",0.6745,8.63538877013599,0.870967741935484,0.361839158966064,0.6,0.8125,0.428571428571429,1,0.571428571428571,0,Inf,0.571428571428571
"3875",0.245,4.17660259583433,0.935483870967742,0.300780170240797,0.888888888888889,0.934343434343434,0.888888888888889,0.954545454545455,0.111111111111111,0.0454545454545454,19.5555555555556,0.116402116402116
"3876",0.248,4.295230467215,0.806451612903226,0.390936879651705,0.666666666666667,0.842391304347826,0.75,0.826086956521739,0.25,0.173913043478261,4.3125,0.302631578947368
"3877",0.2075,4.13354559619147,0.774193548387097,0.436157750515288,0.631578947368421,0.777777777777778,0.666666666666667,0.818181818181818,0.333333333333333,0.181818181818182,3.66666666666667,0.407407407407407
"3878",0.698,8.23817841091125,0.838709677419355,0.391162990200137,0.666666666666667,0.820707070707071,0.555555555555556,0.954545454545455,0.444444444444444,0.0454545454545454,12.2222222222222,0.465608465608466
"3879",0.4665,6.94653242907107,0.838709677419355,0.390522352329935,0.736842105263158,0.838636363636364,0.636363636363636,0.95,0.363636363636364,0.05,12.7272727272727,0.382775119617225
"3880",0.162,2.85270458977382,0.903225806451613,0.322388888995466,0.842105263157895,0.926767676767677,0.888888888888889,0.909090909090909,0.111111111111111,0.0909090909090909,9.77777777777777,0.122222222222222
"3881",0.145,2.72826215519074,0.774193548387097,0.407375775428627,0.588235294117647,0.786666666666667,0.833333333333333,0.76,0.166666666666667,0.24,3.47222222222222,0.219298245614035
"3882",0.611,8.32439146196264,0.967741935483871,0.243860644244646,0.933333333333333,0.989130434782609,0.875,1,0.125,0,Inf,0.125
"3883",0.1165,2.30239082682596,0.806451612903226,0.402661753364479,0.8125,0.884615384615385,1,0.666666666666667,0,0.333333333333333,3,0
"3884",0.257,3.91617433389447,0.903225806451613,0.295862639614318,0.842105263157895,0.96195652173913,1,0.869565217391304,0,0.130434782608696,7.66666666666667,0
"3885",0.3385,5.02791286628148,0.967741935483871,0.255365799602657,0.941176470588235,0.989130434782609,1,0.956521739130435,0,0.0434782608695652,23,0
"3886",0.5535,7.7001018966495,0.903225806451613,0.325187867355524,0.769230769230769,0.880434782608696,0.625,1,0.375,0,Inf,0.375
"3887",0.147,2.64629375347899,0.903225806451613,0.36187336279205,0.869565217391304,0.938095238095238,1,0.857142857142857,0,0.142857142857143,7,0
"3888",0.1735,2.87343905042886,0.838709677419355,0.37696192737465,0.705882352941177,0.892857142857143,0.857142857142857,0.833333333333333,0.142857142857143,0.166666666666667,5.14285714285714,0.171428571428571
"3889",0.2415,3.86503348640979,0.935483870967742,0.281947351678227,0.857142857142857,0.943452380952381,0.857142857142857,0.958333333333333,0.142857142857143,0.0416666666666666,20.5714285714286,0.149068322981366
"3890",0.2155,3.92303276972714,0.903225806451613,0.332592809910679,0.869565217391304,0.910087719298246,0.833333333333333,0.947368421052632,0.166666666666667,0.0526315789473685,15.8333333333333,0.175925925925926
"3891",0.479,5.93582181877856,0.903225806451613,0.327689977444421,0.769230769230769,0.86,0.833333333333333,0.92,0.166666666666667,0.08,10.4166666666667,0.181159420289855
"3892",0.191,3.87425903295301,0.870967741935484,0.374359829850191,0.8,0.916666666666667,0.8,0.904761904761905,0.2,0.0952380952380952,8.4,0.221052631578947
"3893",0.4925,6.65045894469718,0.838709677419355,0.36890873305546,0.705882352941177,0.863636363636364,0.666666666666667,0.909090909090909,0.333333333333333,0.0909090909090909,7.33333333333333,0.366666666666667
"3894",0.261,4.18172995074988,0.806451612903226,0.360064192330121,0.666666666666667,0.875,0.75,0.826086956521739,0.25,0.173913043478261,4.3125,0.302631578947368
"3895",0.149,2.65232961306961,0.67741935483871,0.391626160977765,0.615384615384615,0.804347826086957,1,0.565217391304348,0,0.434782608695652,2.3,0
"3896",0.0735,1.77786104098181,0.645161290322581,0.421329756597754,0.645161290322581,0.8,1,0.476190476190476,0,0.523809523809524,1.90909090909091,0
"3897",0.1135,2.25263391728015,0.774193548387097,0.375917721123209,0.72,0.873737373737374,1,0.681818181818182,0,0.318181818181818,3.14285714285714,0
"3898",0.383,6.34447833013417,0.903225806451613,0.317296063249621,0.823529411764706,0.907142857142857,0.7,1,0.3,0,Inf,0.3
"3899",0.1405,2.85351868439918,0.838709677419355,0.367321698366539,0.761904761904762,0.897619047619048,0.8,0.857142857142857,0.2,0.142857142857143,5.6,0.233333333333333
"3900",0.122,2.29832699263077,0.838709677419355,0.364386599331934,0.782608695652174,0.914285714285714,0.9,0.80952380952381,0.1,0.19047619047619,4.725,0.123529411764706
"3901",0.313,5.02656675450916,0.870967741935484,0.321028550821651,0.833333333333333,0.918181818181818,0.909090909090909,0.85,0.0909090909090909,0.15,6.06060606060606,0.106951871657754
"3902",0.1485,2.87359486188243,0.741935483870968,0.417325630554183,0.636363636363636,0.762626262626263,0.777777777777778,0.727272727272727,0.222222222222222,0.272727272727273,2.85185185185185,0.305555555555556
"3903",0.2345,4.15081943300989,0.870967741935484,0.363285357200939,0.777777777777778,0.853535353535353,0.777777777777778,0.909090909090909,0.222222222222222,0.0909090909090909,8.55555555555555,0.244444444444444
"3904",0.245,4.1786292524692,0.838709677419355,0.389848841549793,0.705882352941177,0.855978260869565,0.75,0.869565217391304,0.25,0.130434782608696,5.75,0.2875
"3905",0.5785,7.64349902101177,0.903225806451613,0.301001837644982,0.8,0.923913043478261,0.75,0.956521739130435,0.25,0.0434782608695652,17.25,0.261363636363636
"3906",0.257,4.18275026791132,0.903225806451613,0.310732564640321,0.823529411764706,0.915760869565217,0.875,0.91304347826087,0.125,0.0869565217391305,10.0625,0.136904761904762
"3907",0.138,2.64249700639646,0.806451612903226,0.375848392826847,0.727272727272727,0.888888888888889,0.888888888888889,0.772727272727273,0.111111111111111,0.227272727272727,3.91111111111111,0.143790849673203
"3908",0.1415,2.67817199056859,0.709677419354839,0.402263944879784,0.666666666666667,0.835858585858586,1,0.590909090909091,0,0.409090909090909,2.44444444444444,0
"3909",0.377,5.74503776630443,0.806451612903226,0.37357638458622,0.769230769230769,0.881578947368421,0.833333333333333,0.789473684210526,0.166666666666667,0.210526315789474,3.95833333333333,0.211111111111111
"3910",0.512,6.53969755029072,0.903225806451613,0.314402943615522,0.8,0.916666666666667,0.857142857142857,0.916666666666667,0.142857142857143,0.0833333333333334,10.2857142857143,0.155844155844156
"3911",0.175,3.61941154766843,0.774193548387097,0.421399834701086,0.758620689655172,0.83974358974359,0.846153846153846,0.722222222222222,0.153846153846154,0.277777777777778,3.04615384615385,0.21301775147929
"3912",0.0725,1.94975329946988,0.645161290322581,0.444009560788388,0.645161290322581,0.781818181818182,0.909090909090909,0.5,0.0909090909090909,0.5,1.81818181818182,0.181818181818182
"3913",0.118,2.68502431202745,0.741935483870968,0.456142232273624,0.714285714285714,0.789473684210526,0.833333333333333,0.684210526315789,0.166666666666667,0.315789473684211,2.63888888888889,0.243589743589744
"3914",0.2215,3.93033615159813,0.838709677419355,0.380467482327001,0.705882352941177,0.823369565217391,0.75,0.869565217391304,0.25,0.130434782608696,5.75,0.2875
"3915",0.4305,6.6501561774607,0.967741935483871,0.261164722026832,0.933333333333333,0.918478260869565,0.875,1,0.125,0,Inf,0.125
"3916",0.273,4.63720960695712,0.806451612903226,0.379543580475608,0.625,0.809782608695652,0.625,0.869565217391304,0.375,0.130434782608696,4.79166666666667,0.43125
"3917",0.3235,4.95486917599144,0.806451612903226,0.393634617759339,0.75,0.861904761904762,0.9,0.761904761904762,0.1,0.238095238095238,3.78,0.13125
"3918",0.2605,4.18565004175662,0.774193548387097,0.394145682571894,0.533333333333333,0.713333333333333,0.666666666666667,0.8,0.333333333333333,0.2,3.33333333333333,0.416666666666667
"3919",0.601,6.95367440511095,0.838709677419355,0.394541937840154,0.615384615384615,0.821428571428571,0.571428571428571,0.916666666666667,0.428571428571429,0.0833333333333334,6.85714285714285,0.467532467532468
"3920",0.267,4.95484907976676,0.838709677419355,0.372887716796913,0.8,0.907894736842105,0.833333333333333,0.842105263157895,0.166666666666667,0.157894736842105,5.27777777777778,0.197916666666667
"3921",0.2455,4.13112736710347,0.903225806451613,0.314204409949799,0.823529411764706,0.942934782608696,0.875,0.91304347826087,0.125,0.0869565217391305,10.0625,0.136904761904762
"3922",0.4135,5.43284226151023,0.806451612903226,0.420240172969631,0.666666666666667,0.79040404040404,0.666666666666667,0.863636363636364,0.333333333333333,0.136363636363636,4.88888888888889,0.385964912280702
"3923",0.2695,4.95501826225762,0.838709677419355,0.371506456281118,0.705882352941177,0.838383838383838,0.666666666666667,0.909090909090909,0.333333333333333,0.0909090909090909,7.33333333333333,0.366666666666667
"3924",0.0855,2.01481096891992,0.741935483870968,0.42591278688377,0.75,0.87719298245614,1,0.578947368421053,0,0.421052631578947,2.375,0
"3925",0.332,5.91880160030786,0.935483870967742,0.323544713508693,0.909090909090909,0.940789473684211,0.833333333333333,1,0.166666666666667,0,Inf,0.166666666666667
"3926",0.11,2.64880157801812,0.838709677419355,0.426241804717694,0.814814814814815,0.866228070175439,0.916666666666667,0.789473684210526,0.0833333333333334,0.210526315789474,4.35416666666667,0.105555555555556
"3927",0.2755,4.1121617212775,0.806451612903226,0.383396862402103,0.571428571428571,0.826666666666667,0.666666666666667,0.84,0.333333333333333,0.16,4.16666666666667,0.396825396825397
"3928",0.3035,5.02811994912185,0.774193548387097,0.379939641134791,0.631578947368421,0.820707070707071,0.666666666666667,0.818181818181818,0.333333333333333,0.181818181818182,3.66666666666667,0.407407407407407
"3929",0.1485,2.65379695375215,0.709677419354839,0.457909240037375,0.64,0.828282828282828,0.888888888888889,0.636363636363636,0.111111111111111,0.363636363636364,2.44444444444444,0.174603174603175
"3930",0.584,8.0502154078487,0.838709677419355,0.379852905168076,0.666666666666667,0.811904761904762,0.5,1,0.5,0,Inf,0.5
"3931",0.1775,3.92453649462104,0.838709677419355,0.447436149290091,0.761904761904762,0.8,0.8,0.857142857142857,0.2,0.142857142857143,5.6,0.233333333333333
"3932",0.226,3.66091281847384,0.903225806451613,0.311267555514807,0.857142857142857,0.939393939393939,1,0.863636363636364,0,0.136363636363636,7.33333333333333,0
"3933",0.5875,7.7019106759177,0.903225806451613,0.314936675791207,0.769230769230769,0.913690476190476,0.714285714285714,0.958333333333333,0.285714285714286,0.0416666666666666,17.1428571428572,0.298136645962733
"3934",0.584,7.24850297241167,0.935483870967742,0.305548716322332,0.8,0.919230769230769,0.8,0.961538461538462,0.2,0.0384615384615384,20.8,0.208
"3935",0.203,3.92426999776891,0.838709677419355,0.365903105659369,0.782608695652174,0.893181818181818,0.818181818181818,0.85,0.181818181818182,0.15,5.45454545454545,0.213903743315508
"3936",0.2535,4.17890515521841,0.838709677419355,0.326886743920338,0.761904761904762,0.909090909090909,0.888888888888889,0.818181818181818,0.111111111111111,0.181818181818182,4.88888888888889,0.135802469135803
"3937",0.15,2.85672537993102,0.838709677419355,0.359472281179571,0.705882352941177,0.877717391304348,0.75,0.869565217391304,0.25,0.130434782608696,5.75,0.2875
"3938",0.148,2.7797750480189,0.774193548387097,0.365215769236277,0.631578947368421,0.793478260869565,0.75,0.782608695652174,0.25,0.217391304347826,3.45,0.319444444444444
"3939",0.5345,7.34444194695989,0.870967741935484,0.344500417107469,0.75,0.891414141414141,0.666666666666667,0.954545454545455,0.333333333333333,0.0454545454545454,14.6666666666667,0.349206349206349
"3940",0.345,5.55326683287622,0.967741935483871,0.300803943014058,0.952380952380952,0.976190476190476,1,0.952380952380952,0,0.0476190476190477,21,0
"3941",0.1815,4.12924342270117,0.838709677419355,0.414753854616685,0.782608695652174,0.859649122807018,0.75,0.894736842105263,0.25,0.105263157894737,7.125,0.279411764705882
"3942",0.135,2.57998235205533,0.838709677419355,0.387333189817257,0.761904761904762,0.885869565217391,1,0.782608695652174,0,0.217391304347826,4.6,0
"3943",0.1105,2.64885208774256,0.870967741935484,0.421766682600009,0.866666666666667,0.895833333333333,0.866666666666667,0.875,0.133333333333333,0.125,6.93333333333333,0.152380952380952
"3944",0.1015,2.41306504254166,0.741935483870968,0.443729250564592,0.733333333333333,0.802631578947368,0.916666666666667,0.631578947368421,0.0833333333333334,0.368421052631579,2.48809523809524,0.131944444444445
"3945",0.129,2.30536091449971,0.741935483870968,0.408348336832291,0.6,0.779761904761905,0.857142857142857,0.708333333333333,0.142857142857143,0.291666666666667,2.93877551020408,0.201680672268908
"3946",0.53,7.25068880483352,0.806451612903226,0.388654285263088,0.727272727272727,0.848684210526316,0.666666666666667,0.894736842105263,0.333333333333333,0.105263157894737,6.33333333333333,0.372549019607843
"3947",0.2345,4.12942556315483,0.870967741935484,0.34950715513376,0.818181818181818,0.919047619047619,0.9,0.857142857142857,0.1,0.142857142857143,6.3,0.116666666666667
"3948",0.2815,4.20550389288992,0.838709677419355,0.38254429924306,0.666666666666667,0.866666666666667,0.833333333333333,0.84,0.166666666666667,0.16,5.20833333333333,0.198412698412698
"3949",0.115,2.75080885379776,0.741935483870968,0.438193557610843,0.714285714285714,0.796052631578947,0.833333333333333,0.684210526315789,0.166666666666667,0.315789473684211,2.63888888888889,0.243589743589744
"3950",0.2115,4.15134843253696,0.806451612903226,0.405352660334369,0.7,0.828571428571429,0.7,0.857142857142857,0.3,0.142857142857143,4.9,0.35
"3951",0.2625,4.15006247615662,0.838709677419355,0.351485179355608,0.736842105263158,0.886904761904762,1,0.791666666666667,0,0.208333333333333,4.8,0
"3952",0.217,3.86566732935838,0.935483870967742,0.322083009318179,0.9,0.911904761904762,0.9,0.952380952380952,0.1,0.0476190476190477,18.9,0.105
"3953",0.581,7.34096853542807,0.967741935483871,0.269903123143067,0.947368421052632,0.98989898989899,1,0.954545454545455,0,0.0454545454545454,22,0
"3954",0.075,1.82490574859046,0.774193548387097,0.432576591093804,0.774193548387097,0.87280701754386,1,0.631578947368421,0,0.368421052631579,2.71428571428571,0
"3955",0.1115,2.75823320314808,0.806451612903226,0.430729950293002,0.75,0.836363636363636,0.818181818181818,0.8,0.181818181818182,0.2,4.09090909090909,0.227272727272727
"3956",0.2255,4.18087298381783,0.838709677419355,0.409562250115918,0.666666666666667,0.769021739130435,0.625,0.91304347826087,0.375,0.0869565217391305,7.1875,0.410714285714286
"3957",0.4145,6.36544342093379,0.870967741935484,0.33989344615906,0.75,0.843434343434343,0.666666666666667,0.954545454545455,0.333333333333333,0.0454545454545454,14.6666666666667,0.349206349206349
"3958",0.1985,3.92963681883074,0.838709677419355,0.365792911499963,0.736842105263158,0.84047619047619,0.7,0.904761904761905,0.3,0.0952380952380952,7.35,0.331578947368421
"3959",0.258,4.15042702078396,0.870967741935484,0.335381230696286,0.818181818181818,0.919191919191919,1,0.818181818181818,0,0.181818181818182,5.5,0
"3960",0.316,4.40314983562415,0.838709677419355,0.34062370402197,0.615384615384615,0.853846153846154,0.8,0.846153846153846,0.2,0.153846153846154,5.2,0.236363636363636
"3961",0.571,8.33688835821343,0.903225806451613,0.308125733449873,0.823529411764706,0.952380952380952,0.7,1,0.3,0,Inf,0.3
"3962",0.0905,1.82608391053676,0.741935483870968,0.403652241556178,0.733333333333333,0.85,1,0.6,0,0.4,2.5,0
"3963",0.1775,2.87233840989984,0.838709677419355,0.356671668350405,0.782608695652174,0.904040404040404,1,0.772727272727273,0,0.227272727272727,4.4,0
"3964",0.1835,2.86743299345904,0.838709677419355,0.316022243515844,0.8,0.938095238095238,1,0.761904761904762,0,0.238095238095238,4.2,0
"3965",0.607,8.32756872610292,0.967741935483871,0.236462167410371,0.941176470588235,0.98989898989899,0.888888888888889,1,0.111111111111111,0,Inf,0.111111111111111
"3966",0.423,6.50181716655321,0.935483870967742,0.294768893943065,0.888888888888889,0.961904761904762,0.8,1,0.2,0,Inf,0.2
"3967",0.122,2.75738014729425,0.838709677419355,0.407001339037339,0.761904761904762,0.852380952380952,0.8,0.857142857142857,0.2,0.142857142857143,5.6,0.233333333333333
"3968",0.1075,2.25800498877441,0.774193548387097,0.407821813211631,0.72,0.819047619047619,0.9,0.714285714285714,0.1,0.285714285714286,3.15,0.14
"3969",0.4905,5.74688120096773,0.838709677419355,0.38284289348592,0.666666666666667,0.823333333333333,0.833333333333333,0.84,0.166666666666667,0.16,5.20833333333333,0.198412698412698
"3970",0.133,2.56878899606569,0.903225806451613,0.359300692773307,0.869565217391304,0.895454545454545,0.909090909090909,0.9,0.0909090909090909,0.1,9.09090909090909,0.101010101010101
"3971",0.1615,3.9284207727375,0.806451612903226,0.449955757386333,0.75,0.807017543859649,0.75,0.842105263157895,0.25,0.157894736842105,4.75,0.296875
"3972",0.1355,2.64590494457599,0.870967741935484,0.388976623681696,0.846153846153846,0.913636363636364,1,0.8,0,0.2,5,0
"3973",0.4545,6.65217270745317,0.935483870967742,0.291161437536333,0.857142857142857,0.888586956521739,0.75,1,0.25,0,Inf,0.25
"3974",0.3025,4.96075676975169,0.903225806451613,0.340590772101728,0.842105263157895,0.909090909090909,0.888888888888889,0.909090909090909,0.111111111111111,0.0909090909090909,9.77777777777777,0.122222222222222
"3975",0.2515,4.14479510439663,0.903225806451613,0.337950636338286,0.842105263157895,0.923913043478261,1,0.869565217391304,0,0.130434782608696,7.66666666666667,0
"3976",0.2995,5.02887905033266,0.806451612903226,0.39330971285223,0.727272727272727,0.847727272727273,0.727272727272727,0.85,0.272727272727273,0.15,4.84848484848485,0.320855614973262
"3977",0.3495,5.55401044057712,0.903225806451613,0.302415530294353,0.8,0.915760869565217,0.75,0.956521739130435,0.25,0.0434782608695652,17.25,0.261363636363636
"3978",0.145,2.85338901907054,0.774193548387097,0.406689680098051,0.695652173913043,0.848484848484849,0.888888888888889,0.727272727272727,0.111111111111111,0.272727272727273,3.25925925925926,0.152777777777778
"3979",0.289,4.61617942017063,0.741935483870968,0.434303653242913,0.636363636363636,0.735714285714286,0.7,0.761904761904762,0.3,0.238095238095238,2.94,0.39375
"3980",0.2715,5.02910780467663,0.838709677419355,0.375933135218876,0.705882352941177,0.826190476190476,0.6,0.952380952380952,0.4,0.0476190476190477,12.6,0.42
"3981",0.108,2.85538431648523,0.774193548387097,0.452099083395943,0.72,0.81140350877193,0.75,0.789473684210526,0.25,0.210526315789474,3.5625,0.316666666666667
"3982",0.225,4.27163805180509,0.806451612903226,0.388532622219314,0.785714285714286,0.876068376068376,0.846153846153846,0.777777777777778,0.153846153846154,0.222222222222222,3.80769230769231,0.197802197802198
"3983",0.1375,2.85233468755701,0.774193548387097,0.410686124324682,0.695652173913043,0.814285714285714,0.8,0.761904761904762,0.2,0.238095238095238,3.36,0.2625
"3984",0.2165,4.15131328437912,0.838709677419355,0.385709067514691,0.761904761904762,0.89047619047619,0.8,0.857142857142857,0.2,0.142857142857143,5.6,0.233333333333333
"3985",0.2125,4.14897753576894,0.870967741935484,0.355690958437988,0.818181818181818,0.915909090909091,0.818181818181818,0.9,0.181818181818182,0.1,8.18181818181818,0.202020202020202
"3986",0.5805,7.64503269518462,0.935483870967742,0.267218253880318,0.833333333333333,0.966666666666667,0.833333333333333,0.96,0.166666666666667,0.04,20.8333333333333,0.173611111111111
"3987",0.4335,6.81296775874396,0.903225806451613,0.308777267786894,0.823529411764706,0.942857142857143,0.7,1,0.3,0,Inf,0.3
"3988",0.1995,3.75217003240615,0.903225806451613,0.348649756680272,0.823529411764706,0.924242424242424,0.777777777777778,0.954545454545455,0.222222222222222,0.0454545454545454,17.1111111111111,0.232804232804233
"3989",0.6725,9.07497772980885,0.903225806451613,0.312782778578609,0.8,0.876262626262626,0.666666666666667,1,0.333333333333333,0,Inf,0.333333333333333
"3990",0.2435,4.37530361223443,0.870967741935484,0.340999780566707,0.8,0.90952380952381,0.8,0.904761904761905,0.2,0.0952380952380952,8.4,0.221052631578947
"3991",0.2655,4.95433956558592,0.774193548387097,0.422405584238962,0.695652173913043,0.780701754385965,0.666666666666667,0.842105263157895,0.333333333333333,0.157894736842105,4.22222222222222,0.395833333333333
"3992",0.211,4.1810939971958,0.903225806451613,0.365825028872997,0.823529411764706,0.941919191919192,0.777777777777778,0.954545454545455,0.222222222222222,0.0454545454545454,17.1111111111111,0.232804232804233
"3993",0.2795,4.62243271046244,0.903225806451613,0.314518010409029,0.869565217391304,0.945454545454545,0.909090909090909,0.9,0.0909090909090909,0.1,9.09090909090909,0.101010101010101
"3994",0.074,2.61025390790256,0.741935483870968,0.466382824758686,0.636363636363636,0.797727272727273,0.636363636363636,0.8,0.363636363636364,0.2,3.18181818181818,0.454545454545455
"3995",0.462,6.95030748306665,0.935483870967742,0.296856431110478,0.875,0.919191919191919,0.777777777777778,1,0.222222222222222,0,Inf,0.222222222222222
"3996",0.344,5.34021592645388,0.806451612903226,0.374086735755527,0.727272727272727,0.835714285714286,0.8,0.80952380952381,0.2,0.19047619047619,4.2,0.247058823529412
"3997",0.148,2.85577181415533,0.870967741935484,0.392411771370216,0.818181818181818,0.888888888888889,1,0.818181818181818,0,0.181818181818182,5.5,0
"3998",0.6495,8.42190887331362,0.870967741935484,0.354284797632255,0.6,0.74702380952381,0.428571428571429,1,0.571428571428571,0,Inf,0.571428571428571
"3999",0.138,2.60216357087522,0.774193548387097,0.406765096000489,0.740740740740741,0.861904761904762,1,0.666666666666667,0,0.333333333333333,3,0
"4000",0.3805,5.02578490875304,0.774193548387097,0.424609932137803,0.588235294117647,0.80952380952381,0.714285714285714,0.791666666666667,0.285714285714286,0.208333333333333,3.42857142857143,0.360902255639098
"4001",0.7375,9.55217787596998,0.903225806451613,0.317420606757575,0.823529411764706,0.928571428571429,0.7,1,0.3,0,Inf,0.3
"4002",0.135,2.87624378332307,0.709677419354839,0.430059715346656,0.608695652173913,0.737373737373737,0.777777777777778,0.681818181818182,0.222222222222222,0.318181818181818,2.44444444444444,0.325925925925926
"4003",0.0925,2.34337111760525,0.806451612903226,0.450952315878838,0.8,0.824561403508772,1,0.684210526315789,0,0.315789473684211,3.16666666666667,0
"4004",0.267,5.02796565583589,0.870967741935484,0.377126926382558,0.846153846153846,0.897435897435897,0.846153846153846,0.888888888888889,0.153846153846154,0.111111111111111,7.61538461538461,0.173076923076923
"4005",0.419,6.20686484538376,0.870967741935484,0.336280713519557,0.666666666666667,0.782738095238095,0.571428571428571,0.958333333333333,0.428571428571429,0.0416666666666666,13.7142857142857,0.447204968944099
"4006",0.111,2.75608304844926,0.774193548387097,0.4203229314509,0.8,0.860416666666667,0.875,0.666666666666667,0.125,0.333333333333333,2.625,0.1875
"4007",0.2275,4.15457526565773,0.838709677419355,0.390802945883243,0.705882352941177,0.855978260869565,0.75,0.869565217391304,0.25,0.130434782608696,5.75,0.2875
"4008",0.4815,5.55198728072651,0.838709677419355,0.387847896006092,0.736842105263158,0.902173913043478,0.875,0.826086956521739,0.125,0.173913043478261,5.03125,0.151315789473684
"4009",0.282,4.14920098325131,0.806451612903226,0.391344030892056,0.7,0.83695652173913,0.875,0.782608695652174,0.125,0.217391304347826,4.025,0.159722222222222
"4010",0.49,6.94724452301551,0.870967741935484,0.342366301105731,0.777777777777778,0.89047619047619,0.7,0.952380952380952,0.3,0.0476190476190477,14.7,0.315
"4011",0.389,5.74770483273116,0.838709677419355,0.342728988328959,0.666666666666667,0.880952380952381,0.714285714285714,0.875,0.285714285714286,0.125,5.71428571428571,0.326530612244898
"4012",0.2875,4.95581474815461,0.870967741935484,0.347793254426396,0.818181818181818,0.923809523809524,0.9,0.857142857142857,0.1,0.142857142857143,6.3,0.116666666666667
"4013",0.445,5.74972817813388,0.903225806451613,0.316224587050732,0.727272727272727,0.865384615384615,0.8,0.923076923076923,0.2,0.0769230769230769,10.4,0.216666666666667
"4014",0.452,6.94991048523131,0.870967741935484,0.373362436896996,0.714285714285714,0.823232323232323,0.555555555555556,1,0.444444444444444,0,Inf,0.444444444444444
"4015",0.116,2.65836649889668,0.709677419354839,0.446847577927344,0.64,0.76010101010101,0.888888888888889,0.636363636363636,0.111111111111111,0.363636363636364,2.44444444444444,0.174603174603175
"4016",0.093,2.30174949857661,0.580645161290323,0.472989013263827,0.518518518518518,0.664141414141414,0.777777777777778,0.5,0.222222222222222,0.5,1.55555555555556,0.444444444444444
"4017",0.574,7.24383902139815,0.903225806451613,0.321337079667702,0.8,0.888586956521739,0.75,0.956521739130435,0.25,0.0434782608695652,17.25,0.261363636363636
"4018",0.826,9.60175825417795,0.903225806451613,0.38063644507615,0.727272727272727,0.827380952380952,0.571428571428571,1,0.428571428571429,0,Inf,0.428571428571429
"4019",0.1095,1.81970462309402,0.709677419354839,0.359499814153977,0.608695652173913,0.845238095238095,1,0.625,0,0.375,2.66666666666667,0
"4020",0.116,2.65379384783841,0.774193548387097,0.455099193331617,0.758620689655172,0.800438596491228,0.916666666666667,0.684210526315789,0.0833333333333334,0.315789473684211,2.90277777777778,0.121794871794872
"4021",0.351,5.74532188761448,0.935483870967742,0.279519928911993,0.9,0.923809523809524,0.9,0.952380952380952,0.1,0.0476190476190477,18.9,0.105
"4022",0.6,7.95068803841225,0.870967741935484,0.344579289158829,0.75,0.873737373737374,0.666666666666667,0.954545454545455,0.333333333333333,0.0454545454545454,14.6666666666667,0.349206349206349
"4023",0.288,4.36948265692013,0.870967741935484,0.335457328457563,0.857142857142857,0.921052631578947,1,0.789473684210526,0,0.210526315789474,4.75,0
"4024",0.2175,3.97605979229607,0.903225806451613,0.339878208065911,0.823529411764706,0.886363636363636,0.777777777777778,0.954545454545455,0.222222222222222,0.0454545454545454,17.1111111111111,0.232804232804233
"4025",0.2355,3.66501091015772,0.806451612903226,0.348231909717436,0.571428571428571,0.842307692307692,0.8,0.807692307692308,0.2,0.192307692307692,4.16,0.247619047619048
"4026",0.0675,2.50369496243204,0.741935483870968,0.508225851132162,0.764705882352941,0.802083333333333,0.866666666666667,0.625,0.133333333333333,0.375,2.31111111111111,0.213333333333333
"4027",0.4205,6.50707492494307,0.806451612903226,0.397797053340138,0.7,0.820454545454545,0.636363636363636,0.9,0.363636363636364,0.1,6.36363636363637,0.404040404040404
"4028",0.2545,4.19965722643769,0.806451612903226,0.385641728736465,0.7,0.813131313131313,0.777777777777778,0.818181818181818,0.222222222222222,0.181818181818182,4.27777777777778,0.271604938271605
"4029",0.5015,6.95281085278391,0.870967741935484,0.350376297050585,0.75,0.835858585858586,0.666666666666667,0.954545454545455,0.333333333333333,0.0454545454545454,14.6666666666667,0.349206349206349
"4030",0.2645,3.86919403059239,0.806451612903226,0.365134584950252,0.625,0.843333333333333,0.833333333333333,0.8,0.166666666666667,0.2,4.16666666666667,0.208333333333333
"4031",0.1955,4.12315880548536,0.838709677419355,0.396624994298754,0.782608695652174,0.879545454545455,0.818181818181818,0.85,0.181818181818182,0.15,5.45454545454545,0.213903743315508
"4032",0.414,6.65105161588094,0.903225806451613,0.330745538376998,0.842105263157895,0.928571428571429,0.8,0.952380952380952,0.2,0.0476190476190477,16.8,0.21
"4033",0.183,3.62814658751274,0.806451612903226,0.380226383796221,0.666666666666667,0.820707070707071,0.666666666666667,0.863636363636364,0.333333333333333,0.136363636363636,4.88888888888889,0.385964912280702
"4034",0.3765,5.75172420221657,0.806451612903226,0.399122099063468,0.625,0.79040404040404,0.555555555555556,0.909090909090909,0.444444444444444,0.0909090909090909,6.11111111111111,0.488888888888889
"4035",0.26,4.12945962350793,0.967741935483871,0.287031387596165,0.941176470588235,0.978260869565217,1,0.956521739130435,0,0.0434782608695652,23,0
"4036",0.24,4.95489789938899,0.870967741935484,0.392146517877285,0.833333333333333,0.901709401709402,0.769230769230769,0.944444444444444,0.230769230769231,0.0555555555555556,13.8461538461538,0.244343891402715
"4037",0.132,2.59767749099315,0.774193548387097,0.386423607222355,0.758620689655172,0.892543859649123,0.916666666666667,0.684210526315789,0.0833333333333334,0.315789473684211,2.90277777777778,0.121794871794872
"4038",0.4615,6.95249483296043,0.903225806451613,0.31605623511258,0.842105263157895,0.875,0.727272727272727,1,0.272727272727273,0,Inf,0.272727272727273
"4039",0.11,2.6521779854513,0.870967741935484,0.441311514819853,0.866666666666667,0.893162393162393,1,0.777777777777778,0,0.222222222222222,4.5,0
"4040",0.094,2.25255739734441,0.741935483870968,0.425903721501865,0.692307692307692,0.783333333333333,0.9,0.666666666666667,0.1,0.333333333333333,2.7,0.15
"4041",0.5,6.9523718292471,0.935483870967742,0.292650914004255,0.8,0.946666666666667,0.666666666666667,1,0.333333333333333,0,Inf,0.333333333333333
"4042",0.4375,5.02650654639816,0.741935483870968,0.470871133165678,0.666666666666667,0.795238095238095,0.8,0.714285714285714,0.2,0.285714285714286,2.8,0.28
"4043",0.156,2.57556329595367,0.838709677419355,0.340132752449953,0.761904761904762,0.923913043478261,1,0.782608695652174,0,0.217391304347826,4.6,0
"4044",0.199,3.98188419684517,0.806451612903226,0.440373246912456,0.727272727272727,0.85,0.727272727272727,0.85,0.272727272727273,0.15,4.84848484848485,0.320855614973262
"4045",0.2425,4.20603729120533,0.774193548387097,0.427936639518813,0.631578947368421,0.75,0.666666666666667,0.818181818181818,0.333333333333333,0.181818181818182,3.66666666666667,0.407407407407407
"4046",0.1675,3.89173728959052,0.806451612903226,0.4742293227119,0.75,0.809210526315789,0.75,0.842105263157895,0.25,0.157894736842105,4.75,0.296875
"4047",0.114,2.84486054330775,0.709677419354839,0.474656627025729,0.727272727272727,0.741596638655462,0.857142857142857,0.588235294117647,0.142857142857143,0.411764705882353,2.08163265306122,0.242857142857143
"4048",0.342,5.26947870765907,0.870967741935484,0.334160892280681,0.818181818181818,0.909090909090909,0.818181818181818,0.9,0.181818181818182,0.1,8.18181818181818,0.202020202020202
"4049",0.057,1.34890987951969,0.645161290322581,0.438124054987329,0.645161290322581,0.79047619047619,1,0.476190476190476,0,0.523809523809524,1.90909090909091,0
"4050",0.1105,2.65059316497987,0.806451612903226,0.439663116475677,0.823529411764706,0.9,0.933333333333333,0.6875,0.0666666666666667,0.3125,2.98666666666667,0.0969696969696969
"4051",0.39,5.88688874517525,0.967741935483871,0.242728112631223,0.952380952380952,0.985714285714286,1,0.952380952380952,0,0.0476190476190477,21,0
"4052",0.1245,2.65234079797284,0.741935483870968,0.443013020362217,0.733333333333333,0.800438596491228,0.916666666666667,0.631578947368421,0.0833333333333334,0.368421052631579,2.48809523809524,0.131944444444445
"4053",0.487,6.49500921969717,0.935483870967742,0.296376458401189,0.833333333333333,0.92,0.833333333333333,0.96,0.166666666666667,0.04,20.8333333333333,0.173611111111111
"4054",0.358,5.74939390392943,0.903225806451613,0.341605381291051,0.842105263157895,0.933333333333333,0.8,0.952380952380952,0.2,0.0476190476190477,16.8,0.21
"4055",0.5395,6.95401158981002,0.870967741935484,0.342540409559891,0.714285714285714,0.883928571428571,0.714285714285714,0.916666666666667,0.285714285714286,0.0833333333333334,8.57142857142857,0.311688311688312
"4056",0.299,4.95306689418657,0.870967741935484,0.335058173025566,0.777777777777778,0.906565656565657,0.777777777777778,0.909090909090909,0.222222222222222,0.0909090909090909,8.55555555555555,0.244444444444444
"4057",0.0895,1.82927347577908,0.741935483870968,0.422806094048011,0.714285714285714,0.852380952380952,1,0.619047619047619,0,0.380952380952381,2.625,0
"4058",0.288,4.63135005874856,0.935483870967742,0.293273067279973,0.833333333333333,0.836309523809524,0.714285714285714,1,0.285714285714286,0,Inf,0.285714285714286
"4059",0.1555,4.12247882283286,0.870967741935484,0.453726255610963,0.777777777777778,0.890909090909091,0.636363636363636,1,0.363636363636364,0,Inf,0.363636363636364
"4060",0.117,2.34563866415784,0.709677419354839,0.4370871685058,0.64,0.752525252525252,0.888888888888889,0.636363636363636,0.111111111111111,0.363636363636364,2.44444444444444,0.174603174603175
"4061",0.1355,2.60789336009298,0.806451612903226,0.36063265555487,0.75,0.865909090909091,0.818181818181818,0.8,0.181818181818182,0.2,4.09090909090909,0.227272727272727
"4062",0.1985,3.87511675450845,0.903225806451613,0.333445639850703,0.88,0.957264957264957,0.846153846153846,0.944444444444444,0.153846153846154,0.0555555555555556,15.2307692307692,0.16289592760181
"4063",0.5955,7.95795536922407,0.935483870967742,0.277571403342014,0.8,0.926666666666667,0.666666666666667,1,0.333333333333333,0,Inf,0.333333333333333
"4064",0.343,5.2651703297739,0.903225806451613,0.303687922674213,0.842105263157895,0.919191919191919,0.888888888888889,0.909090909090909,0.111111111111111,0.0909090909090909,9.77777777777777,0.122222222222222
"4065",0.6495,8.87497399698339,0.903225806451613,0.327039544843492,0.823529411764706,0.885714285714286,0.7,1,0.3,0,Inf,0.3
"4066",0.4005,5.55544177504749,0.903225806451613,0.315944477282763,0.769230769230769,0.92,0.833333333333333,0.92,0.166666666666667,0.08,10.4166666666667,0.181159420289855
"4067",0.276,3.96570840318624,0.838709677419355,0.319115015816625,0.545454545454545,0.87962962962963,0.75,0.851851851851852,0.25,0.148148148148148,5.0625,0.293478260869565
"4068",0.054,2.07354845705564,0.774193548387097,0.478499618609269,0.758620689655172,0.835470085470085,0.846153846153846,0.722222222222222,0.153846153846154,0.277777777777778,3.04615384615385,0.21301775147929
"4069",0.222,4.15251219474042,0.903225806451613,0.344445260268671,0.823529411764706,0.94949494949495,0.777777777777778,0.954545454545455,0.222222222222222,0.0454545454545454,17.1111111111111,0.232804232804233
"4070",0.2345,3.93396661870685,0.774193548387097,0.397068279855118,0.695652173913043,0.857142857142857,0.8,0.761904761904762,0.2,0.238095238095238,3.36,0.2625
"4071",0.2425,3.97142600553705,0.870967741935484,0.321855517728582,0.8,0.914141414141414,0.888888888888889,0.863636363636364,0.111111111111111,0.136363636363636,6.51851851851852,0.128654970760234
"4072",0.426,5.7507092357858,0.903225806451613,0.310129146547935,0.769230769230769,0.85,0.833333333333333,0.92,0.166666666666667,0.08,10.4166666666667,0.181159420289855
"4073",0.86,10.9852544005951,0.903225806451613,0.333760075807008,0.727272727272727,0.910714285714286,0.571428571428571,1,0.428571428571429,0,Inf,0.428571428571429
"4074",0.222,4.18576945142942,0.774193548387097,0.409760958127438,0.740740740740741,0.841880341880342,0.769230769230769,0.777777777777778,0.230769230769231,0.222222222222222,3.46153846153846,0.296703296703297
"4075",0.0945,2.08505090635368,0.709677419354839,0.424265878984257,0.666666666666667,0.818181818181818,1,0.590909090909091,0,0.409090909090909,2.44444444444444,0
"4076",0.847,10.4810160496294,0.903225806451613,0.350733326002846,0.8,0.888888888888889,0.666666666666667,1,0.333333333333333,0,Inf,0.333333333333333
"4077",0.2745,5.03004202501887,0.870967741935484,0.359987719611813,0.818181818181818,0.907894736842105,0.75,0.947368421052632,0.25,0.0526315789473685,14.25,0.263888888888889
"4078",0.458,6.80422373202927,0.870967741935484,0.33012780682945,0.75,0.861111111111111,0.666666666666667,0.954545454545455,0.333333333333333,0.0454545454545454,14.6666666666667,0.349206349206349
"4079",0.274,3.91714551912476,0.774193548387097,0.382824447006112,0.533333333333333,0.823076923076923,0.8,0.769230769230769,0.2,0.230769230769231,3.46666666666667,0.26
"4080",0.1005,2.35860376009719,0.806451612903226,0.421939813415127,0.769230769230769,0.861363636363636,0.909090909090909,0.75,0.0909090909090909,0.25,3.63636363636364,0.121212121212121
"4081",0.4455,6.6654484672747,0.903225806451613,0.299730876547424,0.823529411764706,0.914141414141414,0.777777777777778,0.954545454545455,0.222222222222222,0.0454545454545454,17.1111111111111,0.232804232804233
"4082",0.229,4.15622400472389,0.838709677419355,0.381376710073661,0.761904761904762,0.885714285714286,0.8,0.857142857142857,0.2,0.142857142857143,5.6,0.233333333333333
"4083",0.3915,5.26638432646164,0.806451612903226,0.384578350696809,0.75,0.833333333333333,0.9,0.761904761904762,0.1,0.238095238095238,3.78,0.13125
"4084",0.2955,5.02596584882043,0.903225806451613,0.31575919877456,0.823529411764706,0.931818181818182,0.777777777777778,0.954545454545455,0.222222222222222,0.0454545454545454,17.1111111111111,0.232804232804233
"4085",0.2735,4.15640882551226,0.806451612903226,0.38673511031307,0.625,0.770833333333333,0.714285714285714,0.833333333333333,0.285714285714286,0.166666666666667,4.28571428571429,0.342857142857143
"4086",0.1255,2.75729427248576,0.806451612903226,0.424650550178548,0.666666666666667,0.791666666666667,0.857142857142857,0.791666666666667,0.142857142857143,0.208333333333333,4.11428571428571,0.180451127819549
"4087",0.477,6.95139269208769,0.935483870967742,0.292271149283506,0.833333333333333,0.952380952380952,0.714285714285714,1,0.285714285714286,0,Inf,0.285714285714286
"4088",0.2895,5.34480191707792,0.774193548387097,0.425475268679321,0.695652173913043,0.826754385964912,0.666666666666667,0.842105263157895,0.333333333333333,0.157894736842105,4.22222222222222,0.395833333333333
"4089",0.4285,5.7534121741496,0.870967741935484,0.344802198210239,0.818181818181818,0.914285714285714,0.9,0.857142857142857,0.1,0.142857142857143,6.3,0.116666666666667
"4090",0.3085,5.02706733037412,0.903225806451613,0.344673538960436,0.857142857142857,0.907142857142857,0.9,0.904761904761905,0.1,0.0952380952380952,9.45,0.110526315789474
"4091",0.3865,5.02562121067499,0.806451612903226,0.40300685802323,0.625,0.785714285714286,0.714285714285714,0.833333333333333,0.285714285714286,0.166666666666667,4.28571428571429,0.342857142857143
"4092",0.239,4.14733203437046,0.870967741935484,0.336221851883012,0.818181818181818,0.916666666666667,0.9,0.857142857142857,0.1,0.142857142857143,6.3,0.116666666666667
"4093",0.382,5.55553931688804,0.838709677419355,0.381221381964152,0.615384615384615,0.764880952380952,0.571428571428571,0.916666666666667,0.428571428571429,0.0833333333333334,6.85714285714285,0.467532467532468
"4094",0.537,7.34479637604865,0.903225806451613,0.299893524960109,0.823529411764706,0.94949494949495,0.777777777777778,0.954545454545455,0.222222222222222,0.0454545454545454,17.1111111111111,0.232804232804233
"4095",0.2315,4.12810892550558,0.903225806451613,0.346318506868697,0.88,0.945454545454545,1,0.85,0,0.15,6.66666666666667,0
"4096",0.503,6.65081998838766,0.903225806451613,0.311205695300203,0.769230769230769,0.919642857142857,0.714285714285714,0.958333333333333,0.285714285714286,0.0416666666666666,17.1428571428572,0.298136645962733
"4097",0.4715,6.46862838106567,0.903225806451613,0.312413397182686,0.727272727272727,0.803333333333333,0.666666666666667,0.96,0.333333333333333,0.04,16.6666666666667,0.347222222222222
"4098",0.2655,4.27058447583483,0.806451612903226,0.366745607651122,0.666666666666667,0.817934782608696,0.75,0.826086956521739,0.25,0.173913043478261,4.3125,0.302631578947368
"4099",0.146,2.64443006803554,0.935483870967742,0.346101329084695,0.888888888888889,0.96195652173913,1,0.91304347826087,0,0.0869565217391305,11.5,0
"4100",0.2505,4.20638095612145,0.806451612903226,0.401438256695231,0.571428571428571,0.723214285714286,0.571428571428571,0.875,0.428571428571429,0.125,4.57142857142857,0.489795918367347
"4101",0.225,4.20545439824687,0.806451612903226,0.381464655440276,0.7,0.813131313131313,0.777777777777778,0.818181818181818,0.222222222222222,0.181818181818182,4.27777777777778,0.271604938271605
"4102",0.211,4.12579769507322,0.806451612903226,0.395719207389807,0.769230769230769,0.870614035087719,0.833333333333333,0.789473684210526,0.166666666666667,0.210526315789474,3.95833333333333,0.211111111111111
"4103",0.36,5.90204701649952,0.967741935483871,0.2748274280014,0.941176470588235,0.952020202020202,0.888888888888889,1,0.111111111111111,0,Inf,0.111111111111111
"4104",0.1715,2.82437474998524,0.870967741935484,0.327498813516136,0.857142857142857,0.951754385964912,1,0.789473684210526,0,0.210526315789474,4.75,0
"4105",0.458,6.95469549720133,0.935483870967742,0.295242396932788,0.888888888888889,0.919047619047619,0.8,1,0.2,0,Inf,0.2
"4106",0.1495,2.87854733614281,0.741935483870968,0.389850984852079,0.636363636363636,0.813131313131313,0.777777777777778,0.727272727272727,0.222222222222222,0.272727272727273,2.85185185185185,0.305555555555556
"4107",0.305,5.55649691967156,0.870967741935484,0.34555581599389,0.818181818181818,0.929824561403509,0.75,0.947368421052632,0.25,0.0526315789473685,14.25,0.263888888888889
"4108",0.22,4.12552473325983,0.903225806451613,0.367213610105578,0.869565217391304,0.940909090909091,0.909090909090909,0.9,0.0909090909090909,0.1,9.09090909090909,0.101010101010101
"4109",0.2275,4.19860936660442,0.838709677419355,0.373923423338101,0.782608695652174,0.886363636363636,0.818181818181818,0.85,0.181818181818182,0.15,5.45454545454545,0.213903743315508
"4110",0.2475,3.85327668973298,0.838709677419355,0.332211931933929,0.666666666666667,0.896666666666667,0.833333333333333,0.84,0.166666666666667,0.16,5.20833333333333,0.198412698412698
"4111",0.264,3.91962179361548,0.838709677419355,0.309732282099756,0.736842105263158,0.928571428571429,1,0.791666666666667,0,0.208333333333333,4.8,0
"4112",0.1,2.35388832165103,0.741935483870968,0.444862212564169,0.764705882352941,0.82563025210084,0.928571428571429,0.588235294117647,0.0714285714285714,0.411764705882353,2.25510204081633,0.121428571428571
"4113",0.167,2.76111370444959,0.806451612903226,0.356662995979422,0.625,0.883333333333333,0.833333333333333,0.8,0.166666666666667,0.2,4.16666666666667,0.208333333333333
"4114",0.2625,3.92190990680574,0.935483870967742,0.25989133346609,0.857142857142857,0.973333333333333,1,0.92,0,0.08,12.5,0
"4115",0.2635,4.6343736824348,0.838709677419355,0.38149150955745,0.736842105263158,0.79047619047619,0.7,0.904761904761905,0.3,0.0952380952380952,7.35,0.331578947368421
"4116",0.256,4.22570402562811,0.967741935483871,0.277849065430307,0.956521739130435,0.981818181818182,1,0.95,0,0.05,20,0
"4117",0.237,4.15143546300771,0.838709677419355,0.359766891453823,0.761904761904762,0.890476190476191,0.8,0.857142857142857,0.2,0.142857142857143,5.6,0.233333333333333
"4118",0.184,3.97545688706764,0.774193548387097,0.418479821892614,0.666666666666667,0.775,0.636363636363636,0.85,0.363636363636364,0.15,4.24242424242424,0.427807486631016
"4119",0.572,8.19941190677658,0.903225806451613,0.298186353911919,0.823529411764706,0.938095238095238,0.7,1,0.3,0,Inf,0.3
"4120",0.4275,5.73213349590502,0.870967741935484,0.330473736363694,0.666666666666667,0.9,0.666666666666667,0.92,0.333333333333333,0.08,8.33333333333334,0.36231884057971
"4121",0.151,2.757950376551,0.870967741935484,0.35761290754391,0.833333333333333,0.928571428571429,1,0.80952380952381,0,0.19047619047619,5.25,0
"4122",0.3235,5.02794666387887,0.838709677419355,0.34373513550671,0.736842105263158,0.855978260869565,0.875,0.826086956521739,0.125,0.173913043478261,5.03125,0.151315789473684
"4123",0.8205,10.3881974880771,0.903225806451613,0.351089529263817,0.823529411764706,0.904761904761905,0.7,1,0.3,0,Inf,0.3
"4124",0.2355,3.87750456169545,0.774193548387097,0.404029458187108,0.72,0.838095238095238,0.9,0.714285714285714,0.1,0.285714285714286,3.15,0.14
"4125",0.1085,2.35940364307449,0.870967741935484,0.394499274287492,0.857142857142857,0.920940170940171,0.923076923076923,0.833333333333333,0.0769230769230769,0.166666666666667,5.53846153846154,0.0923076923076922
"4126",0.295,5.03063006142662,0.870967741935484,0.367907317619501,0.714285714285714,0.847826086956522,0.625,0.956521739130435,0.375,0.0434782608695652,14.375,0.392045454545455
"4127",0.4475,6.65084533726112,0.935483870967742,0.28497679285001,0.875,0.944444444444444,0.777777777777778,1,0.222222222222222,0,Inf,0.222222222222222
"4128",0.141,2.80903329960042,0.806451612903226,0.372054169740929,0.727272727272727,0.893939393939394,0.888888888888889,0.772727272727273,0.111111111111111,0.227272727272727,3.91111111111111,0.143790849673203
"4129",0.3135,4.70511585357168,0.870967741935484,0.323203222282367,0.8,0.919191919191919,0.888888888888889,0.863636363636364,0.111111111111111,0.136363636363636,6.51851851851852,0.128654970760234
"4130",0.6795,8.80074783830729,0.838709677419355,0.383083825924814,0.666666666666667,0.8,0.5,1,0.5,0,Inf,0.5
"4131",0.225,3.97293057309216,0.935483870967742,0.324054042591215,0.875,0.934782608695652,0.875,0.956521739130435,0.125,0.0434782608695652,20.125,0.130681818181818
"4132",0.0745,2.30390184506786,0.645161290322581,0.524432307751527,0.645161290322581,0.731818181818182,0.909090909090909,0.5,0.0909090909090909,0.5,1.81818181818182,0.181818181818182
"4133",0.2145,4.15814254520854,0.870967741935484,0.369991197939975,0.818181818181818,0.938095238095238,0.9,0.857142857142857,0.1,0.142857142857143,6.3,0.116666666666667
"4134",0.2655,4.17681986539223,0.838709677419355,0.34037289919116,0.705882352941177,0.866071428571428,0.857142857142857,0.833333333333333,0.142857142857143,0.166666666666667,5.14285714285714,0.171428571428571
"4135",0.5175,7.24726714183405,0.903225806451613,0.306456818052741,0.769230769230769,0.869565217391304,0.625,1,0.375,0,Inf,0.375
"4136",0.2055,4.13361493307278,0.870967741935484,0.38200578280529,0.833333333333333,0.885964912280702,0.833333333333333,0.894736842105263,0.166666666666667,0.105263157894737,7.91666666666667,0.186274509803922
"4137",0.153,2.78464032231879,0.806451612903226,0.3792341198298,0.727272727272727,0.853535353535353,0.888888888888889,0.772727272727273,0.111111111111111,0.227272727272727,3.91111111111111,0.143790849673203
"4138",0.259,4.60636064561121,0.870967741935484,0.333537129266475,0.818181818181818,0.931818181818182,0.818181818181818,0.9,0.181818181818182,0.1,8.18181818181818,0.202020202020202
"4139",0.1335,2.65558864727305,0.870967741935484,0.377363624986364,0.833333333333333,0.931818181818182,0.909090909090909,0.85,0.0909090909090909,0.15,6.06060606060606,0.106951871657754
"4140",0.095,2.26392672954642,0.838709677419355,0.43647878013355,0.736842105263158,0.875,0.875,0.826086956521739,0.125,0.173913043478261,5.03125,0.151315789473684
"4141",0.5465,6.94453672383537,0.870967741935484,0.343539816783546,0.777777777777778,0.904040404040404,0.777777777777778,0.909090909090909,0.222222222222222,0.0909090909090909,8.55555555555555,0.244444444444444
"4142",0.3015,4.94936167029698,0.838709677419355,0.368004535526259,0.666666666666667,0.847826086956522,0.625,0.91304347826087,0.375,0.0869565217391305,7.1875,0.410714285714286
"4143",0.3235,5.55066488269122,0.903225806451613,0.318334039035113,0.842105263157895,0.961904761904762,0.8,0.952380952380952,0.2,0.0476190476190477,16.8,0.21
"4144",0.486,6.79618326716987,0.903225806451613,0.319111959154697,0.8,0.883152173913043,0.75,0.956521739130435,0.25,0.0434782608695652,17.25,0.261363636363636
"4145",0.1055,2.64916588026325,0.774193548387097,0.430732042840192,0.758620689655172,0.855263157894737,0.916666666666667,0.684210526315789,0.0833333333333334,0.315789473684211,2.90277777777778,0.121794871794872
"4146",0.1015,2.64779833850398,0.774193548387097,0.417572018822967,0.72,0.811363636363636,0.818181818181818,0.75,0.181818181818182,0.25,3.27272727272727,0.242424242424242
"4147",0.2485,4.20665472418142,0.838709677419355,0.378207689525075,0.761904761904762,0.858585858585859,0.888888888888889,0.818181818181818,0.111111111111111,0.181818181818182,4.88888888888889,0.135802469135803
"4148",0.1305,2.74526168239953,0.870967741935484,0.381786413367247,0.875,0.927083333333333,0.933333333333333,0.8125,0.0666666666666667,0.1875,4.97777777777778,0.082051282051282
"4149",0.133,2.85095018687505,0.806451612903226,0.384867405574153,0.727272727272727,0.876190476190476,0.8,0.80952380952381,0.2,0.19047619047619,4.2,0.247058823529412
"4150",0.035,1.81293490019043,0.580645161290323,0.5324650421903,0.580645161290323,0.69047619047619,0.9,0.428571428571429,0.1,0.571428571428571,1.575,0.233333333333333
"4151",0.88,10.9532852625437,0.935483870967742,0.322886663802414,0.75,0.9,0.6,1,0.4,0,Inf,0.4
"4152",0.1945,4.64600875764742,0.838709677419355,0.431449060921817,0.736842105263158,0.848684210526316,0.583333333333333,1,0.416666666666667,0,Inf,0.416666666666667
"4153",0.1405,2.60348079521273,0.870967741935484,0.352916059503115,0.833333333333333,0.906818181818182,0.909090909090909,0.85,0.0909090909090909,0.15,6.06060606060606,0.106951871657754
"4154",0.279,4.63875594371606,0.838709677419355,0.391738891278732,0.705882352941177,0.833333333333333,0.666666666666667,0.909090909090909,0.333333333333333,0.0909090909090909,7.33333333333333,0.366666666666667
"4155",0.6305,7.33710794993415,0.838709677419355,0.396511910812655,0.666666666666667,0.801630434782609,0.625,0.91304347826087,0.375,0.0869565217391305,7.1875,0.410714285714286
"4156",0.1975,3.91587563204861,0.806451612903226,0.408603557808942,0.666666666666667,0.808080808080808,0.666666666666667,0.863636363636364,0.333333333333333,0.136363636363636,4.88888888888889,0.385964912280702
"4157",0.1965,4.20517773193858,0.806451612903226,0.447785237651337,0.727272727272727,0.804545454545455,0.727272727272727,0.85,0.272727272727273,0.15,4.84848484848485,0.320855614973262
"4158",0.3105,5.02813717373073,0.903225806451613,0.318013330685083,0.823529411764706,0.954545454545455,0.777777777777778,0.954545454545455,0.222222222222222,0.0454545454545454,17.1111111111111,0.232804232804233
"4159",0.25,3.9258024515732,0.806451612903226,0.386910774458024,0.666666666666667,0.842261904761905,0.857142857142857,0.791666666666667,0.142857142857143,0.208333333333333,4.11428571428571,0.180451127819549
"4160",0.1905,3.92013164594033,0.903225806451613,0.373860958101887,0.88,0.94017094017094,0.846153846153846,0.944444444444444,0.153846153846154,0.0555555555555556,15.2307692307692,0.16289592760181
"4161",0.113,2.58091526786212,0.774193548387097,0.440863697499545,0.758620689655172,0.837719298245614,0.916666666666667,0.684210526315789,0.0833333333333334,0.315789473684211,2.90277777777778,0.121794871794872
"4162",0.326,4.92884557452118,0.903225806451613,0.277941615486,0.823529411764706,0.951086956521739,0.875,0.91304347826087,0.125,0.0869565217391305,10.0625,0.136904761904762
"4163",0.0845,2.63962502801425,0.741935483870968,0.491139538763648,0.714285714285714,0.782894736842105,0.833333333333333,0.684210526315789,0.166666666666667,0.315789473684211,2.63888888888889,0.243589743589744
"4164",0.314,5.02828716209356,0.967741935483871,0.244888974786751,0.956521739130435,0.995454545454545,1,0.95,0,0.05,20,0
"4165",0.3295,4.95376031783964,0.838709677419355,0.356720642133427,0.705882352941177,0.885869565217391,0.75,0.869565217391304,0.25,0.130434782608696,5.75,0.2875
"4166",0.503,7.54447725409953,0.870967741935484,0.340624705848197,0.75,0.85,0.6,1,0.4,0,Inf,0.4
"4167",0.1375,2.58345858402042,0.774193548387097,0.419609175609104,0.695652173913043,0.866161616161616,0.888888888888889,0.727272727272727,0.111111111111111,0.272727272727273,3.25925925925926,0.152777777777778
"4168",0.2455,4.17916183075775,0.870967741935484,0.342370675278991,0.8,0.861111111111111,0.888888888888889,0.863636363636364,0.111111111111111,0.136363636363636,6.51851851851852,0.128654970760234
"4169",0.3285,5.34157657682619,0.838709677419355,0.371369323851581,0.782608695652174,0.870454545454545,0.818181818181818,0.85,0.181818181818182,0.15,5.45454545454545,0.213903743315508
"4170",0.172,2.85202693737018,0.774193548387097,0.354817516413193,0.631578947368421,0.839285714285714,0.857142857142857,0.75,0.142857142857143,0.25,3.42857142857143,0.190476190476191
"4171",0.8555,10.2660422075898,0.870967741935484,0.388813828770577,0.6,0.836309523809524,0.428571428571429,1,0.571428571428571,0,Inf,0.571428571428571
"4172",0.53,7.25083108103711,0.935483870967742,0.297285940900461,0.8,0.843333333333333,0.666666666666667,1,0.333333333333333,0,Inf,0.333333333333333
"4173",0.6565,8.9257211865989,0.935483870967742,0.269965483764907,0.875,0.972222222222222,0.777777777777778,1,0.222222222222222,0,Inf,0.222222222222222
"4174",0.4885,6.64932769567267,0.967741935483871,0.243667370511952,0.909090909090909,0.992307692307692,1,0.961538461538462,0,0.0384615384615384,26,0
"4175",0.22,3.78795683896961,0.903225806451613,0.309757447230111,0.842105263157895,0.964646464646465,0.888888888888889,0.909090909090909,0.111111111111111,0.0909090909090909,9.77777777777777,0.122222222222222
"4176",0.6005,8.1428500507059,0.935483870967742,0.270671875858621,0.833333333333333,0.93452380952381,0.714285714285714,1,0.285714285714286,0,Inf,0.285714285714286
"4177",0.109,2.7069639140135,0.709677419354839,0.448267448867493,0.608695652173913,0.742857142857143,0.7,0.714285714285714,0.3,0.285714285714286,2.45,0.42
"4178",0.2725,4.17446303661118,0.903225806451613,0.298568150784113,0.823529411764706,0.952380952380952,1,0.875,0,0.125,8,0
"4179",0.249,4.1526782562934,0.806451612903226,0.378327905785905,0.785714285714286,0.888157894736842,0.916666666666667,0.736842105263158,0.0833333333333334,0.263157894736842,3.48333333333333,0.113095238095238
"4180",0.591,8.6423367003082,0.903225806451613,0.319188115396723,0.842105263157895,0.925,0.727272727272727,1,0.272727272727273,0,Inf,0.272727272727273
"4181",0.4845,5.02484790302453,0.774193548387097,0.440565775741329,0.461538461538462,0.768518518518518,0.75,0.777777777777778,0.25,0.222222222222222,3.375,0.321428571428571
"4182",0.3835,5.74613354236092,0.870967741935484,0.32881740309375,0.8,0.934343434343434,0.888888888888889,0.863636363636364,0.111111111111111,0.136363636363636,6.51851851851852,0.128654970760234
"4183",0.262,5.03019623734374,0.903225806451613,0.367518897689911,0.842105263157895,0.945454545454545,0.727272727272727,1,0.272727272727273,0,Inf,0.272727272727273
"4184",0.2085,4.17239536456598,0.903225806451613,0.364648563237965,0.8,0.931818181818182,0.666666666666667,1,0.333333333333333,0,Inf,0.333333333333333
"4185",0.2715,5.02503727561604,0.806451612903226,0.429539296374432,0.769230769230769,0.811965811965812,0.769230769230769,0.833333333333333,0.230769230769231,0.166666666666667,4.61538461538462,0.276923076923077
"4186",0.1145,2.34454506492296,0.774193548387097,0.404367087417694,0.758620689655172,0.870454545454545,1,0.65,0,0.35,2.85714285714286,0
"4187",0.119,2.4573676893944,0.870967741935484,0.394431390200464,0.833333333333333,0.923809523809524,1,0.80952380952381,0,0.19047619047619,5.25,0
"4188",0.3465,5.7510710656434,0.935483870967742,0.306297751380493,0.9,0.947727272727273,0.818181818181818,1,0.181818181818182,0,Inf,0.181818181818182
"4189",0.271,5.02789758668724,0.870967741935484,0.366965227533487,0.818181818181818,0.918181818181818,0.818181818181818,0.9,0.181818181818182,0.1,8.18181818181818,0.202020202020202
"4190",0.268,4.15074649726844,0.870967741935484,0.329413056273741,0.777777777777778,0.916666666666667,1,0.833333333333333,0,0.166666666666667,6,0
"4191",0.5915,6.77141200588024,0.838709677419355,0.3780801159317,0.736842105263158,0.868686868686869,0.777777777777778,0.863636363636364,0.222222222222222,0.136363636363636,5.7037037037037,0.257309941520468
"4192",0.2225,4.17076585740975,0.774193548387097,0.397769595989071,0.695652173913043,0.825,0.727272727272727,0.8,0.272727272727273,0.2,3.63636363636364,0.340909090909091
"4193",0.5675,7.34279378264222,0.870967741935484,0.359377687135016,0.777777777777778,0.880952380952381,0.7,0.952380952380952,0.3,0.0476190476190477,14.7,0.315
"4194",0.336,5.75231259754615,0.838709677419355,0.396459041351401,0.736842105263158,0.811363636363636,0.636363636363636,0.95,0.363636363636364,0.05,12.7272727272727,0.382775119617225
"4195",0.226,4.1833350891583,0.935483870967742,0.35818270724358,0.888888888888889,0.954545454545455,0.888888888888889,0.954545454545455,0.111111111111111,0.0454545454545454,19.5555555555556,0.116402116402116
"4196",0.43,5.75291238139642,0.903225806451613,0.297751039566836,0.823529411764706,0.958333333333333,1,0.875,0,0.125,8,0
"4197",0.5825,7.69773949866371,0.903225806451613,0.317868591511189,0.727272727272727,0.823333333333333,0.666666666666667,0.96,0.333333333333333,0.04,16.6666666666667,0.347222222222222
"4198",0.674,9.0698944353233,0.870967741935484,0.338589804929311,0.714285714285714,0.888888888888889,0.555555555555556,1,0.444444444444444,0,Inf,0.444444444444444
"4199",0.4935,6.94566933560632,0.967741935483871,0.243394071874124,0.909090909090909,0.98,0.833333333333333,1,0.166666666666667,0,Inf,0.166666666666667
"4200",0.274,4.17842640678854,0.806451612903226,0.342140612154782,0.666666666666667,0.869047619047619,0.857142857142857,0.791666666666667,0.142857142857143,0.208333333333333,4.11428571428571,0.180451127819549
"4201",0.456,6.65051549846116,0.935483870967742,0.271720284604656,0.888888888888889,0.974747474747475,0.888888888888889,0.954545454545455,0.111111111111111,0.0454545454545454,19.5555555555556,0.116402116402116
"4202",0.5095,6.79482424362638,0.806451612903226,0.397203977690428,0.666666666666667,0.821428571428571,0.6,0.904761904761905,0.4,0.0952380952380952,6.3,0.442105263157895
"4203",0.2515,4.15485330047088,0.741935483870968,0.405041465233528,0.636363636363636,0.785353535353535,0.777777777777778,0.727272727272727,0.222222222222222,0.272727272727273,2.85185185185185,0.305555555555556
"4204",0.1745,3.97479723781315,0.870967741935484,0.394908020784533,0.846153846153846,0.894957983193277,0.785714285714286,0.941176470588235,0.214285714285714,0.0588235294117647,13.3571428571429,0.227678571428571
"4205",0.225,3.87437372447385,0.806451612903226,0.371145036329972,0.7,0.883838383838384,0.777777777777778,0.818181818181818,0.222222222222222,0.181818181818182,4.27777777777778,0.271604938271605
"4206",0.6495,8.64259578765291,0.903225806451613,0.307731977129787,0.769230769230769,0.91304347826087,0.625,1,0.375,0,Inf,0.375
"4207",0.1095,2.83888534580367,0.838709677419355,0.435638839588516,0.782608695652174,0.843181818181818,0.818181818181818,0.85,0.181818181818182,0.15,5.45454545454545,0.213903743315508
"4208",0.2315,3.53353038255637,0.774193548387097,0.357153392118982,0.631578947368421,0.857142857142857,0.857142857142857,0.75,0.142857142857143,0.25,3.42857142857143,0.190476190476191
"4209",0.543,6.9403672228854,0.935483870967742,0.302628496157206,0.857142857142857,0.916666666666667,0.857142857142857,0.958333333333333,0.142857142857143,0.0416666666666666,20.5714285714286,0.149068322981366
"4210",0.1275,2.51174870393185,0.774193548387097,0.426208365040528,0.695652173913043,0.831521739130435,1,0.695652173913043,0,0.304347826086957,3.28571428571429,0
"4211",0.2465,3.97633423970174,0.774193548387097,0.38137682905142,0.631578947368421,0.793478260869565,0.75,0.782608695652174,0.25,0.217391304347826,3.45,0.319444444444444
"4212",0.2475,4.20897770277292,0.903225806451613,0.326440878743215,0.842105263157895,0.878787878787879,0.888888888888889,0.909090909090909,0.111111111111111,0.0909090909090909,9.77777777777777,0.122222222222222
"4213",0.1785,3.61289614450602,0.838709677419355,0.385594122044352,0.761904761904762,0.888095238095238,0.8,0.857142857142857,0.2,0.142857142857143,5.6,0.233333333333333
"4214",0.2345,4.13003455868015,0.774193548387097,0.443262372429268,0.588235294117647,0.769021739130435,0.625,0.826086956521739,0.375,0.173913043478261,3.59375,0.453947368421053
"4215",0.4455,5.74981036889572,0.838709677419355,0.343883711412678,0.761904761904762,0.924242424242424,0.888888888888889,0.818181818181818,0.111111111111111,0.181818181818182,4.88888888888889,0.135802469135803
"4216",0.115,2.30029881511971,0.774193548387097,0.40116713466329,0.774193548387097,0.883771929824561,1,0.631578947368421,0,0.368421052631579,2.71428571428571,0
"4217",0.3945,5.26446305154924,0.903225806451613,0.316051114173468,0.769230769230769,0.933333333333333,0.833333333333333,0.92,0.166666666666667,0.08,10.4166666666667,0.181159420289855
"4218",0.237,4.38428430781497,0.870967741935484,0.336236801392913,0.777777777777778,0.859523809523809,0.7,0.952380952380952,0.3,0.0476190476190477,14.7,0.315
"4219",0.6105,7.95214105173298,0.967741935483871,0.247629419212844,0.857142857142857,0.814814814814815,0.75,1,0.25,0,Inf,0.25
"4220",0.1345,2.56338931057836,0.774193548387097,0.410942168414975,0.774193548387097,0.850877192982456,1,0.631578947368421,0,0.368421052631579,2.71428571428571,0
"4221",0.254,4.15475949158169,0.838709677419355,0.362785780360415,0.705882352941177,0.875,0.857142857142857,0.833333333333333,0.142857142857143,0.166666666666667,5.14285714285714,0.171428571428571
"4222",0.2965,4.12926746462462,0.774193548387097,0.407674639360692,0.588235294117647,0.793333333333333,0.833333333333333,0.76,0.166666666666667,0.24,3.47222222222222,0.219298245614035
"4223",0.1315,2.71309476331168,0.870967741935484,0.366612017671933,0.846153846153846,0.935897435897436,0.846153846153846,0.888888888888889,0.153846153846154,0.111111111111111,7.61538461538461,0.173076923076923
"4224",0.2255,4.16924111591405,0.870967741935484,0.360088883278787,0.75,0.909090909090909,0.666666666666667,0.954545454545455,0.333333333333333,0.0454545454545454,14.6666666666667,0.349206349206349
"4225",0.1315,2.7360277211167,0.774193548387097,0.381918254982543,0.631578947368421,0.842391304347826,0.75,0.782608695652174,0.25,0.217391304347826,3.45,0.319444444444444
"4226",0.1545,2.59780375243714,0.838709677419355,0.32742279754478,0.666666666666667,0.83,0.833333333333333,0.84,0.166666666666667,0.16,5.20833333333333,0.198412698412698
"4227",0.216,3.86585157372482,0.870967741935484,0.362211027014965,0.8,0.919191919191919,0.888888888888889,0.863636363636364,0.111111111111111,0.136363636363636,6.51851851851852,0.128654970760234
"4228",0.086,2.06701489291983,0.774193548387097,0.442809493978968,0.8,0.847916666666667,0.933333333333333,0.625,0.0666666666666667,0.375,2.48888888888889,0.106666666666667
"4229",0.076,1.82394202599414,0.741935483870968,0.44211413871854,0.764705882352941,0.858974358974359,1,0.555555555555556,0,0.444444444444444,2.25,0
"4230",0.214,4.15643444375901,0.838709677419355,0.38103110308291,0.761904761904762,0.856818181818182,0.727272727272727,0.9,0.272727272727273,0.1,7.27272727272727,0.303030303030303
"4231",0.737,8.90720111968813,0.903225806451613,0.313709535509599,0.823529411764706,0.934343434343434,0.777777777777778,0.954545454545455,0.222222222222222,0.0454545454545454,17.1111111111111,0.232804232804233
"4232",0.4375,6.27461863274813,0.870967741935484,0.331472541182462,0.777777777777778,0.845959595959596,0.777777777777778,0.909090909090909,0.222222222222222,0.0909090909090909,8.55555555555555,0.244444444444444
"4233",0.3635,5.33803388540209,0.870967741935484,0.365736157487462,0.777777777777778,0.876262626262626,0.777777777777778,0.909090909090909,0.222222222222222,0.0909090909090909,8.55555555555555,0.244444444444444
"4234",0.1415,2.87516514543287,0.806451612903226,0.380345193306309,0.727272727272727,0.828571428571429,0.8,0.80952380952381,0.2,0.19047619047619,4.2,0.247058823529412
"4235",0.898,10.3821703405143,0.903225806451613,0.388458671851108,0.727272727272727,0.851190476190476,0.571428571428571,1,0.428571428571429,0,Inf,0.428571428571429
"4236",0.5195,6.95282369525488,0.903225806451613,0.351417498771585,0.8,0.902173913043478,0.75,0.956521739130435,0.25,0.0434782608695652,17.25,0.261363636363636
"4237",0.4165,6.48828756657795,0.903225806451613,0.31563874953372,0.727272727272727,0.892857142857143,0.571428571428571,1,0.428571428571429,0,Inf,0.428571428571429
"4238",0.4495,6.47046947219416,0.935483870967742,0.276218770813804,0.857142857142857,0.958333333333333,0.857142857142857,0.958333333333333,0.142857142857143,0.0416666666666666,20.5714285714286,0.149068322981366
"4239",0.1575,2.87371614261429,0.838709677419355,0.364565753081351,0.761904761904762,0.858585858585859,0.888888888888889,0.818181818181818,0.111111111111111,0.181818181818182,4.88888888888889,0.135802469135803
"4240",0.3335,5.55446226679272,0.806451612903226,0.411777812684418,0.625,0.755050505050505,0.555555555555556,0.909090909090909,0.444444444444444,0.0909090909090909,6.11111111111111,0.488888888888889
"4241",0.4235,6.28476622372061,0.870967741935484,0.333410651685587,0.8,0.890909090909091,0.727272727272727,0.95,0.272727272727273,0.05,14.5454545454545,0.287081339712919
"4242",0.1375,2.85498174414649,0.838709677419355,0.372626920414533,0.782608695652174,0.869047619047619,0.9,0.80952380952381,0.1,0.19047619047619,4.725,0.123529411764706
"4243",0.4105,5.55126614794273,0.935483870967742,0.302427080589527,0.875,0.946428571428571,1,0.916666666666667,0,0.0833333333333334,12,0
"4244",0.771,8.50007457861473,0.870967741935484,0.398608105230436,0.714285714285714,0.771739130434783,0.625,0.956521739130435,0.375,0.0434782608695652,14.375,0.392045454545455
"4245",0.39,5.26421211324739,0.774193548387097,0.396017863542075,0.631578947368421,0.83695652173913,0.75,0.782608695652174,0.25,0.217391304347826,3.45,0.319444444444444
"4246",0.243,4.1805468130124,0.903225806451613,0.348599404159909,0.823529411764706,0.869565217391304,0.875,0.91304347826087,0.125,0.0869565217391305,10.0625,0.136904761904762
"4247",0.2895,4.62830438044555,0.870967741935484,0.329531204699911,0.75,0.923913043478261,0.75,0.91304347826087,0.25,0.0869565217391305,8.62499999999999,0.273809523809524
"4248",0.132,2.84902701917024,0.838709677419355,0.374369364658485,0.782608695652174,0.915909090909091,0.818181818181818,0.85,0.181818181818182,0.15,5.45454545454545,0.213903743315508
"4249",0.639,7.24028123697086,0.870967741935484,0.336463286539754,0.75,0.9375,0.857142857142857,0.875,0.142857142857143,0.125,6.85714285714286,0.163265306122449
"4250",0.7365,9.12288323358213,0.870967741935484,0.371193071327068,0.666666666666667,0.769021739130435,0.5,1,0.5,0,Inf,0.5
"4251",0.126,2.59945926463323,0.806451612903226,0.378660832793287,0.75,0.869047619047619,0.9,0.761904761904762,0.1,0.238095238095238,3.78,0.13125
"4252",0.76,9.596027866792,0.870967741935484,0.37021624239186,0.714285714285714,0.843434343434343,0.555555555555556,1,0.444444444444444,0,Inf,0.444444444444444
"4253",0.1545,2.50971013898711,0.870967741935484,0.341613318267982,0.777777777777778,0.922619047619048,1,0.833333333333333,0,0.166666666666667,6,0
"4254",0.301,4.18190430816777,0.870967741935484,0.32219546810138,0.777777777777778,0.946428571428571,1,0.833333333333333,0,0.166666666666667,6,0
"4255",0.2535,4.19785624143746,0.903225806451613,0.308826878131793,0.823529411764706,0.915760869565217,0.875,0.91304347826087,0.125,0.0869565217391305,10.0625,0.136904761904762
"4256",0.177,2.85017458900207,0.774193548387097,0.39893878537521,0.631578947368421,0.866071428571429,0.857142857142857,0.75,0.142857142857143,0.25,3.42857142857143,0.190476190476191
"4257",0.848,10.3874568211588,0.935483870967742,0.325253229487376,0.857142857142857,0.932065217391304,0.75,1,0.25,0,Inf,0.25
"4258",0.25,4.20550367728047,0.774193548387097,0.422443771113864,0.631578947368421,0.785353535353535,0.666666666666667,0.818181818181818,0.333333333333333,0.181818181818182,3.66666666666667,0.407407407407407
"4259",0.261,4.9548076289282,0.903225806451613,0.383793946459442,0.869565217391304,0.892543859649123,0.833333333333333,0.947368421052632,0.166666666666667,0.0526315789473685,15.8333333333333,0.175925925925926
"4260",0.3245,4.95003471328977,0.903225806451613,0.316903429894767,0.8,0.928571428571429,0.857142857142857,0.916666666666667,0.142857142857143,0.0833333333333334,10.2857142857143,0.155844155844156
"4261",0.1975,4.23835006373548,0.774193548387097,0.422800831390673,0.666666666666667,0.804545454545455,0.636363636363636,0.85,0.363636363636364,0.15,4.24242424242424,0.427807486631016
"4262",0.154,2.88113989237326,0.806451612903226,0.401902145996807,0.666666666666667,0.827380952380952,0.857142857142857,0.791666666666667,0.142857142857143,0.208333333333333,4.11428571428571,0.180451127819549
"4263",0.497,7.69876104914756,0.838709677419355,0.39274145837632,0.736842105263158,0.826754385964912,0.583333333333333,1,0.416666666666667,0,Inf,0.416666666666667
"4264",0.2675,4.60928286644196,0.806451612903226,0.390715914059872,0.7,0.792929292929293,0.777777777777778,0.818181818181818,0.222222222222222,0.181818181818182,4.27777777777778,0.271604938271605
"4265",0.3595,5.26951323614563,0.806451612903226,0.383462767210858,0.7,0.820707070707071,0.777777777777778,0.818181818181818,0.222222222222222,0.181818181818182,4.27777777777778,0.271604938271605
"4266",0.2365,4.15342081667082,0.870967741935484,0.361608367643539,0.818181818181818,0.876190476190476,0.9,0.857142857142857,0.1,0.142857142857143,6.3,0.116666666666667
"4267",0.104,2.51022709684322,0.741935483870968,0.424948467322556,0.714285714285714,0.844298245614035,0.833333333333333,0.684210526315789,0.166666666666667,0.315789473684211,2.63888888888889,0.243589743589744
"4268",0.251,4.14881009300483,0.935483870967742,0.292425113507876,0.916666666666667,0.981818181818182,1,0.9,0,0.1,10,0
"4269",0.5215,6.34388063009597,0.774193548387097,0.41027537039159,0.695652173913043,0.836363636363636,0.727272727272727,0.8,0.272727272727273,0.2,3.63636363636364,0.340909090909091
"4270",0.851,10.4755205530125,0.806451612903226,0.444015387238942,0.666666666666667,0.754385964912281,0.5,1,0.5,0,Inf,0.5
"4271",0.1155,2.64464048722341,0.838709677419355,0.417892156794771,0.8,0.856818181818182,0.909090909090909,0.8,0.0909090909090909,0.2,4.54545454545455,0.113636363636364
"4272",0.157,2.84446569916909,0.774193548387097,0.370973501159822,0.695652173913043,0.848484848484849,0.888888888888889,0.727272727272727,0.111111111111111,0.272727272727273,3.25925925925926,0.152777777777778
"4273",0.823,10.1885351540277,0.967741935483871,0.295541023596775,0.8,0.952380952380952,0.666666666666667,1,0.333333333333333,0,Inf,0.333333333333333
"4274",0.156,2.84816280900295,0.935483870967742,0.349098714132976,0.916666666666667,0.963636363636364,1,0.9,0,0.1,10,0
"4275",0.456,6.96011425755261,0.903225806451613,0.328428009085547,0.8,0.883838383838384,0.666666666666667,1,0.333333333333333,0,Inf,0.333333333333333
"4276",0.1275,2.65425607844423,0.838709677419355,0.401512672649397,0.838709677419355,0.908119658119658,1,0.722222222222222,0,0.277777777777778,3.6,0
"4277",0.141,2.78538774785988,0.870967741935484,0.357947854289131,0.8,0.871428571428571,0.8,0.904761904761905,0.2,0.0952380952380952,8.4,0.221052631578947
"4278",0.865,10.4726884899629,0.903225806451613,0.369628160483453,0.571428571428571,0.8,0.4,1,0.6,0,Inf,0.6
"4279",0.236,4.15377209524259,0.903225806451613,0.329472858908987,0.842105263157895,0.954545454545455,0.888888888888889,0.909090909090909,0.111111111111111,0.0909090909090909,9.77777777777777,0.122222222222222
"4280",0.3265,5.34274613911242,0.806451612903226,0.393508821951254,0.571428571428571,0.771739130434783,0.5,0.91304347826087,0.5,0.0869565217391305,5.75,0.547619047619048
"4281",0.498,6.79745288108815,0.935483870967742,0.293418719690347,0.857142857142857,0.952380952380952,0.857142857142857,0.958333333333333,0.142857142857143,0.0416666666666666,20.5714285714286,0.149068322981366
"4282",0.2465,4.15258405290754,0.774193548387097,0.404408744669594,0.631578947368421,0.820652173913043,0.75,0.782608695652174,0.25,0.217391304347826,3.45,0.319444444444444
"4283",0.1025,2.07280083689676,0.645161290322581,0.422543968759854,0.620689655172414,0.773809523809524,0.9,0.523809523809524,0.1,0.476190476190476,1.89,0.190909090909091
"4284",0.096,2.34853027437035,0.806451612903226,0.422039547666294,0.769230769230769,0.872727272727273,0.909090909090909,0.75,0.0909090909090909,0.25,3.63636363636364,0.121212121212121
"4285",0.067,2.86389851801045,0.870967741935484,0.510175948767894,0.833333333333333,0.895299145299145,0.769230769230769,0.944444444444444,0.230769230769231,0.0555555555555556,13.8461538461538,0.244343891402715
"4286",0.0875,1.83331004227157,0.709677419354839,0.417381964091574,0.727272727272727,0.826754385964912,1,0.526315789473684,0,0.473684210526316,2.11111111111111,0
"4287",0.8515,9.54612529866331,0.838709677419355,0.414796583062799,0.736842105263158,0.854545454545454,0.636363636363636,0.95,0.363636363636364,0.05,12.7272727272727,0.382775119617225
"4288",0.287,4.62277443028401,0.903225806451613,0.312632343797766,0.769230769230769,0.933333333333333,0.833333333333333,0.92,0.166666666666667,0.08,10.4166666666667,0.181159420289855
"4289",0.607,7.33861246044429,0.838709677419355,0.369077673161526,0.761904761904762,0.890909090909091,0.727272727272727,0.9,0.272727272727273,0.1,7.27272727272727,0.303030303030303
"4290",0.14,2.87948805417651,0.838709677419355,0.380900873107151,0.705882352941177,0.853260869565217,0.75,0.869565217391304,0.25,0.130434782608696,5.75,0.2875
"4291",0.6465,7.9178187805096,0.870967741935484,0.348921747792073,0.666666666666667,0.81547619047619,0.571428571428571,0.958333333333333,0.428571428571429,0.0416666666666666,13.7142857142857,0.447204968944099
"4292",0.2095,4.15350600096027,0.870967741935484,0.41140813198026,0.833333333333333,0.883771929824561,0.833333333333333,0.894736842105263,0.166666666666667,0.105263157894737,7.91666666666667,0.186274509803922
"4293",0.1195,2.25101724217784,0.741935483870968,0.40146501053575,0.6,0.764880952380952,0.857142857142857,0.708333333333333,0.142857142857143,0.291666666666667,2.93877551020408,0.201680672268908
"4294",0.222,3.92861861244745,0.806451612903226,0.41631939696556,0.666666666666667,0.779891304347826,0.75,0.826086956521739,0.25,0.173913043478261,4.3125,0.302631578947368
"4295",0.5785,7.69849815829101,0.935483870967742,0.286177235776181,0.833333333333333,0.946428571428571,0.714285714285714,1,0.285714285714286,0,Inf,0.285714285714286
"4296",0.3065,5.03041200487857,0.838709677419355,0.369949441965523,0.782608695652174,0.859090909090909,0.818181818181818,0.85,0.181818181818182,0.15,5.45454545454545,0.213903743315508
"4297",0.132,2.35239268777411,0.806451612903226,0.352301742252433,0.7,0.877717391304348,0.875,0.782608695652174,0.125,0.217391304347826,4.025,0.159722222222222
"4298",0.3065,4.63518007173136,0.838709677419355,0.402943262282561,0.736842105263158,0.823232323232323,0.777777777777778,0.863636363636364,0.222222222222222,0.136363636363636,5.7037037037037,0.257309941520468
"4299",0.333,5.9900000143236,0.903225806451613,0.3410526131465,0.842105263157895,0.940909090909091,0.727272727272727,1,0.272727272727273,0,Inf,0.272727272727273
"4300",0.4875,6.79625162877973,0.935483870967742,0.275229304977956,0.857142857142857,0.928571428571428,0.857142857142857,0.958333333333333,0.142857142857143,0.0416666666666666,20.5714285714286,0.149068322981366
"4301",0.3055,5.02496791609213,0.903225806451613,0.319984093575051,0.823529411764706,0.951086956521739,0.875,0.91304347826087,0.125,0.0869565217391305,10.0625,0.136904761904762
"4302",0.808,10.3810206269939,0.903225806451613,0.337213567093494,0.823529411764706,0.876190476190476,0.7,1,0.3,0,Inf,0.3
"4303",0.288,4.95800358390053,0.806451612903226,0.376224205692046,0.666666666666667,0.79040404040404,0.666666666666667,0.863636363636364,0.333333333333333,0.136363636363636,4.88888888888889,0.385964912280702
"4304",0.7145,7.32593605606763,0.870967741935484,0.383067091889203,0.75,0.898809523809524,0.857142857142857,0.875,0.142857142857143,0.125,6.85714285714286,0.163265306122449
"4305",0.4705,7.05804835031824,0.903225806451613,0.317820012712313,0.769230769230769,0.902173913043478,0.625,1,0.375,0,Inf,0.375
"4306",0.1115,2.6538004500484,0.806451612903226,0.418104137245134,0.769230769230769,0.875,0.833333333333333,0.789473684210526,0.166666666666667,0.210526315789474,3.95833333333333,0.211111111111111
"4307",0.1305,2.60104394167884,0.774193548387097,0.4003227925574,0.774193548387097,0.879385964912281,1,0.631578947368421,0,0.368421052631579,2.71428571428571,0
"4308",0.6725,8.63387175161933,0.903225806451613,0.341039912608517,0.769230769230769,0.885869565217391,0.625,1,0.375,0,Inf,0.375
"4309",0.135,2.6476833741973,0.806451612903226,0.373967257012647,0.769230769230769,0.865909090909091,0.909090909090909,0.75,0.0909090909090909,0.25,3.63636363636364,0.121212121212121
"4310",0.2385,3.93300555063061,0.838709677419355,0.358321555945702,0.782608695652174,0.892857142857143,0.9,0.80952380952381,0.1,0.19047619047619,4.725,0.123529411764706
"4311",0.131,2.65589315129089,0.709677419354839,0.397565805880109,0.64,0.792857142857143,0.8,0.666666666666667,0.2,0.333333333333333,2.4,0.3
"4312",0.503,6.79307551616569,0.838709677419355,0.380547173386101,0.736842105263158,0.826190476190476,0.7,0.904761904761905,0.3,0.0952380952380952,7.35,0.331578947368421
"4313",0.1335,2.64499878723103,0.903225806451613,0.367256345759262,0.857142857142857,0.942857142857143,0.9,0.904761904761905,0.1,0.0952380952380952,9.45,0.110526315789474
"4314",0.813,10.1403347883863,0.935483870967742,0.318485475180222,0.8,0.826666666666667,0.666666666666667,1,0.333333333333333,0,Inf,0.333333333333333
"4315",0.22,3.87239450490519,0.774193548387097,0.388207419798909,0.695652173913043,0.833333333333333,0.888888888888889,0.727272727272727,0.111111111111111,0.272727272727273,3.25925925925926,0.152777777777778
"4316",0.1435,2.64693381440084,1,0.341540856460828,1,1,1,1,0,0,Inf,0
"4317",0.1245,2.29390175453245,0.870967741935484,0.366606961722814,0.833333333333333,0.928571428571429,1,0.80952380952381,0,0.19047619047619,5.25,0
"4318",0.211,4.20117288989877,0.935483870967742,0.348482655000161,0.909090909090909,0.907894736842105,0.833333333333333,1,0.166666666666667,0,Inf,0.166666666666667
"4319",0.275,4.24645226961858,0.870967741935484,0.326560809557714,0.714285714285714,0.87,0.833333333333333,0.88,0.166666666666667,0.12,6.94444444444444,0.189393939393939
"4320",0.107,2.84708860989977,0.741935483870968,0.468294072080863,0.692307692307692,0.779545454545455,0.818181818181818,0.7,0.181818181818182,0.3,2.72727272727273,0.25974025974026
"4321",0.3075,5.53299419314875,0.838709677419355,0.386008112684604,0.8,0.88034188034188,0.769230769230769,0.888888888888889,0.230769230769231,0.111111111111111,6.92307692307692,0.259615384615385
"4322",0.193,4.20570774808781,0.806451612903226,0.408474032900136,0.769230769230769,0.863247863247863,0.769230769230769,0.833333333333333,0.230769230769231,0.166666666666667,4.61538461538462,0.276923076923077
"4323",0.649,7.33548473823753,0.870967741935484,0.35740679569883,0.6,0.869230769230769,0.6,0.923076923076923,0.4,0.0769230769230769,7.80000000000001,0.433333333333333
"4324",0.246,4.15385032854587,0.838709677419355,0.373196484661369,0.736842105263158,0.883838383838384,0.777777777777778,0.863636363636364,0.222222222222222,0.136363636363636,5.7037037037037,0.257309941520468
"4325",0.2965,4.59902793713689,0.838709677419355,0.350850150570108,0.8,0.913636363636364,0.909090909090909,0.8,0.0909090909090909,0.2,4.54545454545455,0.113636363636364
"4326",0.152,2.84750916833626,0.774193548387097,0.399786879066098,0.666666666666667,0.826086956521739,0.875,0.739130434782609,0.125,0.260869565217391,3.35416666666667,0.169117647058824
"4327",0.248,4.20530830060874,0.806451612903226,0.389705362009779,0.75,0.861363636363636,0.818181818181818,0.8,0.181818181818182,0.2,4.09090909090909,0.227272727272727
"4328",0.143,2.87669296752219,0.806451612903226,0.402549496438675,0.666666666666667,0.866847826086957,0.75,0.826086956521739,0.25,0.173913043478261,4.3125,0.302631578947368
"4329",0.1455,3.87514580739748,0.838709677419355,0.446112785933354,0.761904761904762,0.890350877192982,0.666666666666667,0.947368421052632,0.333333333333333,0.0526315789473685,12.6666666666667,0.351851851851852
"4330",0.7995,10.3075788125469,0.903225806451613,0.323612870124681,0.8,0.911616161616162,0.666666666666667,1,0.333333333333333,0,Inf,0.333333333333333
"4331",0.2915,4.63166323983011,0.870967741935484,0.353544623515339,0.8,0.851010101010101,0.888888888888889,0.863636363636364,0.111111111111111,0.136363636363636,6.51851851851852,0.128654970760234
"4332",0.242,4.15465695459736,0.838709677419355,0.34931872636193,0.761904761904762,0.902380952380952,0.8,0.857142857142857,0.2,0.142857142857143,5.6,0.233333333333333
"4333",0.2255,4.14801218438427,0.870967741935484,0.37375052138397,0.8,0.876190476190476,0.8,0.904761904761905,0.2,0.0952380952380952,8.4,0.221052631578947
"4334",0.333,4.95513049520049,0.806451612903226,0.404192898800578,0.7,0.863636363636364,0.777777777777778,0.818181818181818,0.222222222222222,0.181818181818182,4.27777777777778,0.271604938271605
"4335",0.2435,4.15306444377861,0.903225806451613,0.332758755916239,0.842105263157895,0.944444444444444,0.888888888888889,0.909090909090909,0.111111111111111,0.0909090909090909,9.77777777777777,0.122222222222222
"4336",0.3395,5.75190958459328,0.903225806451613,0.318315196195713,0.823529411764706,0.952380952380952,0.7,1,0.3,0,Inf,0.3
"4337",0.3025,5.02061891040518,0.935483870967742,0.303569040564404,0.9,0.95952380952381,0.9,0.952380952380952,0.1,0.0476190476190477,18.9,0.105
"4338",0.2275,3.92981549339434,0.870967741935484,0.367069175279236,0.75,0.880434782608696,0.75,0.91304347826087,0.25,0.0869565217391305,8.62499999999999,0.273809523809524
"4339",0.4025,5.75419819487011,0.903225806451613,0.328250541042205,0.769230769230769,0.848214285714286,0.714285714285714,0.958333333333333,0.285714285714286,0.0416666666666666,17.1428571428572,0.298136645962733
"4340",0.557,7.24752248096663,0.870967741935484,0.359695325570232,0.6,0.82,0.5,0.96,0.5,0.04,12.5,0.520833333333333
"4341",0.1925,4.12910612630412,0.806451612903226,0.426525530097579,0.75,0.846491228070175,0.75,0.842105263157895,0.25,0.157894736842105,4.75,0.296875
"4342",0.1435,2.46663296805838,0.774193548387097,0.371678500393459,0.695652173913043,0.858695652173913,1,0.695652173913043,0,0.304347826086957,3.28571428571429,0
"4343",0.541,7.98331664839684,0.903225806451613,0.311682993032644,0.769230769230769,0.934782608695652,0.625,1,0.375,0,Inf,0.375
"4344",0.2285,4.17865892113056,0.935483870967742,0.321005309011975,0.875,0.934343434343434,0.777777777777778,1,0.222222222222222,0,Inf,0.222222222222222
"4345",0.267,5.02769499706667,0.935483870967742,0.361031069770921,0.909090909090909,0.913636363636364,0.909090909090909,0.95,0.0909090909090909,0.05,18.1818181818182,0.0956937799043063
"4346",0.6305,8.64109727284137,0.870967741935484,0.332292246586086,0.833333333333333,0.935897435897436,0.769230769230769,0.944444444444444,0.230769230769231,0.0555555555555556,13.8461538461538,0.244343891402715
"4347",0.4915,6.64811230877607,0.903225806451613,0.337887973397167,0.823529411764706,0.893939393939394,0.777777777777778,0.954545454545455,0.222222222222222,0.0454545454545454,17.1111111111111,0.232804232804233
"4348",0.16,2.64274930414866,0.870967741935484,0.330023965818966,0.833333333333333,0.930952380952381,1,0.80952380952381,0,0.19047619047619,5.25,0
"4349",0.248,3.91294166615682,0.838709677419355,0.342332627238874,0.705882352941177,0.886904761904762,0.857142857142857,0.833333333333333,0.142857142857143,0.166666666666667,5.14285714285714,0.171428571428571
"4350",0.2905,5.75168523012832,0.870967741935484,0.3933361393392,0.846153846153846,0.85,0.733333333333333,1,0.266666666666667,0,Inf,0.266666666666667
"4351",0.362,5.55586820058895,0.935483870967742,0.304117146525214,0.875,0.929347826086957,0.875,0.956521739130435,0.125,0.0434782608695652,20.125,0.130681818181818
"4352",0.1205,2.64805190697107,0.645161290322581,0.468242537122446,0.620689655172414,0.730952380952381,0.9,0.523809523809524,0.1,0.476190476190476,1.89,0.190909090909091
"4353",0.2705,4.37547999506547,0.774193548387097,0.350703681762571,0.666666666666667,0.864130434782609,0.875,0.739130434782609,0.125,0.260869565217391,3.35416666666667,0.169117647058824
"4354",0.3115,5.34450144471521,0.806451612903226,0.415326685077946,0.666666666666667,0.785714285714286,0.6,0.904761904761905,0.4,0.0952380952380952,6.3,0.442105263157895
"4355",0.5645,7.24600506371123,0.838709677419355,0.374792407067898,0.666666666666667,0.845108695652174,0.625,0.91304347826087,0.375,0.0869565217391305,7.1875,0.410714285714286
"4356",0.294,4.60614742204011,0.870967741935484,0.363031735896224,0.777777777777778,0.864130434782609,0.875,0.869565217391304,0.125,0.130434782608696,6.70833333333333,0.14375
"4357",0.086,2.0095319350198,0.806451612903226,0.416383301436969,0.769230769230769,0.865909090909091,0.909090909090909,0.75,0.0909090909090909,0.25,3.63636363636364,0.121212121212121
"4358",0.288,4.63078116218047,0.838709677419355,0.398045382137854,0.666666666666667,0.827380952380952,0.714285714285714,0.875,0.285714285714286,0.125,5.71428571428571,0.326530612244898
"4359",0.2675,4.15121390560646,0.903225806451613,0.324339915372905,0.842105263157895,0.934782608695652,1,0.869565217391304,0,0.130434782608696,7.66666666666667,0
"4360",0.395,5.89921096000295,0.903225806451613,0.308216472503344,0.823529411764706,0.924242424242424,0.777777777777778,0.954545454545455,0.222222222222222,0.0454545454545454,17.1111111111111,0.232804232804233
"4361",0.251,4.12504861295878,0.903225806451613,0.324862148746022,0.857142857142857,0.944444444444444,1,0.863636363636364,0,0.136363636363636,7.33333333333333,0
"4362",0.2845,5.03032882815291,0.838709677419355,0.401214478665083,0.8,0.861842105263158,0.833333333333333,0.842105263157895,0.166666666666667,0.157894736842105,5.27777777777778,0.197916666666667
"4363",0.3,4.63226388792224,0.741935483870968,0.41711170147961,0.555555555555556,0.741847826086957,0.625,0.782608695652174,0.375,0.217391304347826,2.875,0.479166666666667
"4364",0.3125,4.95464305699725,0.709677419354839,0.471679527049206,0.64,0.722727272727273,0.727272727272727,0.7,0.272727272727273,0.3,2.42424242424242,0.38961038961039
"4365",0.9355,10.836169588202,0.903225806451613,0.374557407601643,0.666666666666667,0.919230769230769,0.6,0.961538461538462,0.4,0.0384615384615384,15.6,0.416
"4366",0.1125,2.64872889465364,0.774193548387097,0.448610186124502,0.695652173913043,0.813131313131313,0.888888888888889,0.727272727272727,0.111111111111111,0.272727272727273,3.25925925925926,0.152777777777778
"4367",0.343,5.26437454276495,0.903225806451613,0.310902941546891,0.857142857142857,0.935714285714286,0.9,0.904761904761905,0.1,0.0952380952380952,9.45,0.110526315789474
"4368",0.1215,2.85039238110266,0.774193548387097,0.448503374754091,0.758620689655172,0.80982905982906,0.846153846153846,0.722222222222222,0.153846153846154,0.277777777777778,3.04615384615385,0.21301775147929
"4369",0.5395,7.34537932048919,0.870967741935484,0.330121722525615,0.777777777777778,0.90952380952381,0.7,0.952380952380952,0.3,0.0476190476190477,14.7,0.315
"4370",0.074,2.30130061309556,0.774193548387097,0.479395471757238,0.774193548387097,0.786324786324786,0.923076923076923,0.666666666666667,0.0769230769230769,0.333333333333333,2.76923076923077,0.115384615384615
"4371",0.3175,4.95478067567902,0.935483870967742,0.295618616335656,0.888888888888889,0.944444444444444,0.888888888888889,0.954545454545455,0.111111111111111,0.0454545454545454,19.5555555555556,0.116402116402116
"4372",0.2275,4.18051128781538,0.838709677419355,0.394418166054326,0.666666666666667,0.796195652173913,0.625,0.91304347826087,0.375,0.0869565217391305,7.1875,0.410714285714286
"4373",0.2615,4.42201928862711,0.806451612903226,0.362879687417178,0.727272727272727,0.847619047619048,0.8,0.80952380952381,0.2,0.19047619047619,4.2,0.247058823529412
"4374",0.538,6.65036819422301,0.870967741935484,0.355240484476471,0.777777777777778,0.868686868686869,0.777777777777778,0.909090909090909,0.222222222222222,0.0909090909090909,8.55555555555555,0.244444444444444
"4375",0.3015,4.95784755204581,0.838709677419355,0.392536515156722,0.666666666666667,0.842391304347826,0.625,0.91304347826087,0.375,0.0869565217391305,7.1875,0.410714285714286
"4376",0.222,3.9143919536379,0.838709677419355,0.358092180892932,0.782608695652174,0.914285714285714,0.9,0.80952380952381,0.1,0.19047619047619,4.725,0.123529411764706
"4377",0.189,3.80224476468797,0.838709677419355,0.397719392883706,0.8,0.859649122807018,0.833333333333333,0.842105263157895,0.166666666666667,0.157894736842105,5.27777777777778,0.197916666666667
"4378",0.548,7.2470305077524,0.838709677419355,0.358093353016432,0.736842105263158,0.854761904761905,0.7,0.904761904761905,0.3,0.0952380952380952,7.35,0.331578947368421
"4379",0.299,4.29510107059485,0.903225806451613,0.281316281146967,0.8,0.96,1,0.88,0,0.12,8.33333333333333,0
"4380",0.69,8.30637485372194,0.903225806451613,0.331590000993894,0.842105263157895,0.9,0.8,0.952380952380952,0.2,0.0476190476190477,16.8,0.21
"4381",0.2195,3.93114141499901,0.838709677419355,0.378313897202527,0.827586206896552,0.901709401709402,0.923076923076923,0.777777777777778,0.0769230769230769,0.222222222222222,4.15384615384615,0.0989010989010988
"4382",0.2115,4.20119056747961,0.870967741935484,0.358187944832212,0.846153846153846,0.918803418803419,0.846153846153846,0.888888888888889,0.153846153846154,0.111111111111111,7.61538461538461,0.173076923076923
"4383",0.473,6.8067462194442,0.838709677419355,0.364911014834039,0.666666666666667,0.797979797979798,0.555555555555556,0.954545454545455,0.444444444444444,0.0454545454545454,12.2222222222222,0.465608465608466
"4384",0.134,2.60140900024353,0.806451612903226,0.392192154630134,0.769230769230769,0.877272727272727,0.909090909090909,0.75,0.0909090909090909,0.25,3.63636363636364,0.121212121212121
"4385",0.2405,4.20177925879273,0.870967741935484,0.344784112522675,0.8,0.888095238095238,0.8,0.904761904761905,0.2,0.0952380952380952,8.4,0.221052631578947
"4386",0.7155,8.72120503659857,0.806451612903226,0.423617008029281,0.666666666666667,0.788636363636364,0.545454545454545,0.95,0.454545454545455,0.05,10.9090909090909,0.478468899521531
"4387",0.2805,4.17830722093285,0.967741935483871,0.246579961937121,0.933333333333333,0.991071428571429,1,0.958333333333333,0,0.0416666666666666,24,0
"4388",0.2195,4.12892089870831,0.838709677419355,0.412066039052499,0.736842105263158,0.863636363636364,0.777777777777778,0.863636363636364,0.222222222222222,0.136363636363636,5.7037037037037,0.257309941520468
"4389",0.41,5.75122842699817,0.903225806451613,0.290659439244653,0.857142857142857,0.964646464646465,1,0.863636363636364,0,0.136363636363636,7.33333333333333,0
"4390",0.0775,1.94655398219776,0.741935483870968,0.445642620955966,0.75,0.818376068376068,0.923076923076923,0.611111111111111,0.0769230769230769,0.388888888888889,2.37362637362637,0.125874125874126
"4391",0.224,4.18182501102649,0.870967741935484,0.37045330704647,0.777777777777778,0.919191919191919,0.777777777777778,0.909090909090909,0.222222222222222,0.0909090909090909,8.55555555555555,0.244444444444444
"4392",0.2105,4.17984323555766,0.838709677419355,0.365303294944641,0.736842105263158,0.854761904761905,0.7,0.904761904761905,0.3,0.0952380952380952,7.35,0.331578947368421
"4393",0.5015,7.34978776403107,0.870967741935484,0.346630921361117,0.714285714285714,0.883838383838384,0.555555555555556,1,0.444444444444444,0,Inf,0.444444444444444
"4394",0.1695,3.52926024545312,0.903225806451613,0.401421771308266,0.888888888888889,0.929824561403509,1,0.842105263157895,0,0.157894736842105,6.33333333333333,0
"4395",0.314,4.62384403223223,0.903225806451613,0.299697099525008,0.727272727272727,0.915384615384615,0.8,0.923076923076923,0.2,0.0769230769230769,10.4,0.216666666666667
"4396",0.207,3.86913284772481,0.838709677419355,0.340818648511528,0.761904761904762,0.866666666666667,0.8,0.857142857142857,0.2,0.142857142857143,5.6,0.233333333333333
"4397",0.125,2.65020543924063,0.774193548387097,0.382779973883808,0.695652173913043,0.84047619047619,0.8,0.761904761904762,0.2,0.238095238095238,3.36,0.2625
"4398",0.15,2.55452289180301,0.774193548387097,0.388350128354463,0.666666666666667,0.886904761904762,1,0.708333333333333,0,0.291666666666667,3.42857142857143,0
"4399",0.2505,4.12376852997263,0.806451612903226,0.359989101452086,0.727272727272727,0.858585858585859,0.888888888888889,0.772727272727273,0.111111111111111,0.227272727272727,3.91111111111111,0.143790849673203
"4400",0.322,5.02798053009145,0.838709677419355,0.33956254968221,0.666666666666667,0.845238095238095,0.714285714285714,0.875,0.285714285714286,0.125,5.71428571428571,0.326530612244898
"4401",0.752,8.27111719094984,0.806451612903226,0.432548525708514,0.75,0.807692307692308,0.692307692307692,0.888888888888889,0.307692307692308,0.111111111111111,6.23076923076923,0.346153846153846
"4402",0.2705,4.12554475847058,0.774193548387097,0.368676693675227,0.533333333333333,0.82,0.666666666666667,0.8,0.333333333333333,0.2,3.33333333333333,0.416666666666667
"4403",0.159,2.51589410737508,0.741935483870968,0.372619933029975,0.636363636363636,0.839285714285714,1,0.666666666666667,0,0.333333333333333,3,0
"4404",0.241,3.97625858842757,0.774193548387097,0.393280635935623,0.631578947368421,0.826086956521739,0.75,0.782608695652174,0.25,0.217391304347826,3.45,0.319444444444444
"4405",0.2655,4.9567318351999,0.806451612903226,0.419048031860212,0.75,0.81140350877193,0.75,0.842105263157895,0.25,0.157894736842105,4.75,0.296875
"4406",0.18,4.14467608798303,0.870967741935484,0.422520155990778,0.846153846153846,0.918803418803419,0.846153846153846,0.888888888888889,0.153846153846154,0.111111111111111,7.61538461538461,0.173076923076923
"4407",0.177,3.93154102788168,0.774193548387097,0.442134922596229,0.695652173913043,0.790909090909091,0.727272727272727,0.8,0.272727272727273,0.2,3.63636363636364,0.340909090909091
"4408",0.639,7.33802102543994,0.967741935483871,0.296393980414921,0.8,0.982758620689655,1,0.96551724137931,0,0.0344827586206896,29,0
"4409",0.2485,4.14737204608362,0.903225806451613,0.311824663121941,0.842105263157895,0.944444444444444,0.888888888888889,0.909090909090909,0.111111111111111,0.0909090909090909,9.77777777777777,0.122222222222222
"4410",0.2995,4.36190275311793,0.903225806451613,0.311533167723099,0.842105263157895,0.945652173913043,1,0.869565217391304,0,0.130434782608696,7.66666666666667,0
"4411",0.096,1.94611069727854,0.774193548387097,0.38641135079375,0.774193548387097,0.890350877192982,1,0.631578947368421,0,0.368421052631579,2.71428571428571,0
"4412",0.3245,5.34337159751278,0.935483870967742,0.31058391203815,0.888888888888889,0.914141414141414,0.888888888888889,0.954545454545455,0.111111111111111,0.0454545454545454,19.5555555555556,0.116402116402116
"4413",0.3275,5.34294995751054,0.870967741935484,0.331677154463549,0.666666666666667,0.773809523809524,0.571428571428571,0.958333333333333,0.428571428571429,0.0416666666666666,13.7142857142857,0.447204968944099
"4414",0.817,10.0513950773939,0.903225806451613,0.346836446913378,0.666666666666667,0.86,0.5,1,0.5,0,Inf,0.5
"4415",0.368,5.74930200645147,0.838709677419355,0.349097737229774,0.782608695652174,0.902272727272727,0.818181818181818,0.85,0.181818181818182,0.15,5.45454545454545,0.213903743315508
"4416",0.194,4.12404048312052,0.870967741935484,0.408871451388837,0.833333333333333,0.918859649122807,0.833333333333333,0.894736842105263,0.166666666666667,0.105263157894737,7.91666666666667,0.186274509803922
"4417",0.8725,10.1078398525976,0.838709677419355,0.399733011845176,0.705882352941177,0.833333333333333,0.6,0.952380952380952,0.4,0.0476190476190477,12.6,0.42
"4418",0.12,2.64141010282967,0.870967741935484,0.415787144561534,0.833333333333333,0.897727272727273,0.909090909090909,0.85,0.0909090909090909,0.15,6.06060606060606,0.106951871657754
"4419",0.2,3.91699098281181,0.709677419354839,0.430084534303644,0.608695652173913,0.75,0.7,0.714285714285714,0.3,0.285714285714286,2.45,0.42
"4420",0.2295,4.13207031681306,0.935483870967742,0.325430318373727,0.9,0.947619047619048,0.9,0.952380952380952,0.1,0.0476190476190477,18.9,0.105
"4421",0.246,4.17597043336947,0.870967741935484,0.35459695103782,0.75,0.861413043478261,0.75,0.91304347826087,0.25,0.0869565217391305,8.62499999999999,0.273809523809524
"4422",0.34,5.02687902756302,0.870967741935484,0.354724717918497,0.818181818181818,0.9,0.9,0.857142857142857,0.1,0.142857142857143,6.3,0.116666666666667
"4423",0.4195,6.81910111520107,0.903225806451613,0.343567540377636,0.842105263157895,0.890909090909091,0.727272727272727,1,0.272727272727273,0,Inf,0.272727272727273
"4424",0.208,4.12808626849649,0.774193548387097,0.387729850041861,0.695652173913043,0.843181818181818,0.727272727272727,0.8,0.272727272727273,0.2,3.63636363636364,0.340909090909091
"4425",0.0965,2.57341772061889,0.741935483870968,0.458852215873929,0.692307692307692,0.802272727272727,0.818181818181818,0.7,0.181818181818182,0.3,2.72727272727273,0.25974025974026
"4426",0.5605,7.69914196522161,0.935483870967742,0.291062240551223,0.8,0.863333333333333,0.666666666666667,1,0.333333333333333,0,Inf,0.333333333333333
"4427",0.206,4.14763447695726,0.806451612903226,0.399820872517231,0.769230769230769,0.846491228070175,0.833333333333333,0.789473684210526,0.166666666666667,0.210526315789474,3.95833333333333,0.211111111111111
"4428",0.356,5.55414020411313,0.903225806451613,0.297984431972052,0.769230769230769,0.94047619047619,0.714285714285714,0.958333333333333,0.285714285714286,0.0416666666666666,17.1428571428572,0.298136645962733
"4429",0.2925,4.18324096384837,0.838709677419355,0.340612168457296,0.761904761904762,0.907608695652174,1,0.782608695652174,0,0.217391304347826,4.6,0
"4430",0.1275,2.84538711740471,0.838709677419355,0.396038273740834,0.761904761904762,0.866666666666667,0.8,0.857142857142857,0.2,0.142857142857143,5.6,0.233333333333333
"4431",0.2845,4.95449428101055,0.935483870967742,0.319065552449608,0.9,0.973809523809524,0.9,0.952380952380952,0.1,0.0476190476190477,18.9,0.105
"4432",0.164,2.59400909616471,0.838709677419355,0.349131621217752,0.8,0.928571428571429,1,0.761904761904762,0,0.238095238095238,4.2,0
"4433",0.2395,4.42873962993728,0.838709677419355,0.392540181597931,0.736842105263158,0.864285714285714,0.7,0.904761904761905,0.3,0.0952380952380952,7.35,0.331578947368421
"4434",0.475,6.9555880352202,0.903225806451613,0.313875852336696,0.842105263157895,0.926190476190476,0.8,0.952380952380952,0.2,0.0476190476190477,16.8,0.21
"4435",0.5375,6.95347992827651,0.870967741935484,0.35137829416278,0.777777777777778,0.893939393939394,0.777777777777778,0.909090909090909,0.222222222222222,0.0909090909090909,8.55555555555555,0.244444444444444
"4436",0.13,2.50522928180057,0.806451612903226,0.367241838395938,0.769230769230769,0.886363636363636,0.909090909090909,0.75,0.0909090909090909,0.25,3.63636363636364,0.121212121212121
"4437",0.119,2.64839623294129,0.709677419354839,0.465903531899037,0.571428571428571,0.758152173913043,0.75,0.695652173913043,0.25,0.304347826086957,2.46428571428571,0.359375
"4438",0.505,6.79658254326765,0.903225806451613,0.317978279032784,0.727272727272727,0.86,0.666666666666667,0.96,0.333333333333333,0.04,16.6666666666667,0.347222222222222
"4439",0.1855,3.91735877793038,0.870967741935484,0.394158582325171,0.8,0.854761904761905,0.8,0.904761904761905,0.2,0.0952380952380952,8.4,0.221052631578947
"4440",0.24,3.87106215330067,0.838709677419355,0.341727730338637,0.736842105263158,0.89945652173913,0.875,0.826086956521739,0.125,0.173913043478261,5.03125,0.151315789473684
"4441",0.225,3.87462982675813,0.806451612903226,0.411004902637086,0.7,0.782828282828283,0.777777777777778,0.818181818181818,0.222222222222222,0.181818181818182,4.27777777777778,0.271604938271605
"4442",0.2825,4.71914748454541,0.870967741935484,0.35644583808456,0.714285714285714,0.860119047619048,0.714285714285714,0.916666666666667,0.285714285714286,0.0833333333333334,8.57142857142857,0.311688311688312
"4443",0.34,5.02561307668248,0.870967741935484,0.350487105178413,0.8,0.876262626262626,0.888888888888889,0.863636363636364,0.111111111111111,0.136363636363636,6.51851851851852,0.128654970760234
"4444",0.3855,5.7499648791235,0.903225806451613,0.315720378784343,0.769230769230769,0.87202380952381,0.714285714285714,0.958333333333333,0.285714285714286,0.0416666666666666,17.1428571428572,0.298136645962733
"4445",0.3085,5.54964733222585,0.935483870967742,0.333870096869333,0.9,0.968181818181818,0.818181818181818,1,0.181818181818182,0,Inf,0.181818181818182
"4446",0.702,8.91569228836839,0.967741935483871,0.272120401993126,0.888888888888889,0.976923076923077,0.8,1,0.2,0,Inf,0.2
"4447",0.118,2.41427649129059,0.806451612903226,0.396990798612143,0.8,0.890350877192982,1,0.684210526315789,0,0.315789473684211,3.16666666666667,0
"4448",0.844,9.59869716809392,0.870967741935484,0.387868066637767,0.714285714285714,0.831521739130435,0.625,0.956521739130435,0.375,0.0434782608695652,14.375,0.392045454545455
"4449",0.2105,3.79172211012537,0.967741935483871,0.312962821334056,0.941176470588235,0.987373737373737,0.888888888888889,1,0.111111111111111,0,Inf,0.111111111111111
"4450",0.24,4.24415673865585,0.870967741935484,0.324855491111373,0.8,0.935714285714286,0.8,0.904761904761905,0.2,0.0952380952380952,8.4,0.221052631578947
"4451",0.3215,5.03091014825098,0.838709677419355,0.357060508020999,0.705882352941177,0.869565217391304,0.75,0.869565217391304,0.25,0.130434782608696,5.75,0.2875
"4452",0.1465,2.87742025526731,0.741935483870968,0.420754009986684,0.636363636363636,0.797979797979798,0.777777777777778,0.727272727272727,0.222222222222222,0.272727272727273,2.85185185185185,0.305555555555556
"4453",0.152,2.82083854296012,0.806451612903226,0.371256405961883,0.75,0.885714285714286,0.9,0.761904761904762,0.1,0.238095238095238,3.78,0.13125
"4454",0.0875,2.08549062599978,0.774193548387097,0.434245746203957,0.758620689655172,0.859649122807018,0.916666666666667,0.684210526315789,0.0833333333333334,0.315789473684211,2.90277777777778,0.121794871794872
"4455",0.181,3.92930199293623,0.870967741935484,0.383275634218105,0.818181818181818,0.918859649122807,0.75,0.947368421052632,0.25,0.0526315789473685,14.25,0.263888888888889
"4456",0.24,4.20312041385212,0.935483870967742,0.343645531829514,0.9,0.919047619047619,0.9,0.952380952380952,0.1,0.0476190476190477,18.9,0.105
"4457",0.2015,4.15108811055817,0.774193548387097,0.419942694040592,0.695652173913043,0.811363636363636,0.727272727272727,0.8,0.272727272727273,0.2,3.63636363636364,0.340909090909091
"4458",0.4715,6.95587126151498,0.903225806451613,0.296497038702341,0.842105263157895,0.952380952380952,0.8,0.952380952380952,0.2,0.0476190476190477,16.8,0.21
"4459",0.902,10.4690104360981,0.935483870967742,0.332905779485683,0.8,0.961538461538462,0.8,0.961538461538462,0.2,0.0384615384615384,20.8,0.208
"4460",0.104,2.85089978595647,0.741935483870968,0.438209304542608,0.636363636363636,0.780952380952381,0.7,0.761904761904762,0.3,0.238095238095238,2.94,0.39375
"4461",0.216,3.79626374150951,0.935483870967742,0.309535455432819,0.8,0.95,0.666666666666667,1,0.333333333333333,0,Inf,0.333333333333333
"4462",0.2685,4.20551228647294,0.903225806451613,0.295923786331154,0.842105263157895,0.967391304347826,1,0.869565217391304,0,0.130434782608696,7.66666666666667,0
"4463",0.447,6.94743704376111,0.870967741935484,0.355380233276006,0.777777777777778,0.884090909090909,0.636363636363636,1,0.363636363636364,0,Inf,0.363636363636364
"4464",0.0925,1.81823120856427,0.580645161290323,0.430148018397905,0.48,0.736666666666667,1,0.48,0,0.52,1.92307692307692,0
"4465",0.25,4.17124364523737,0.903225806451613,0.309743829636592,0.823529411764706,0.956521739130435,0.875,0.91304347826087,0.125,0.0869565217391305,10.0625,0.136904761904762
"4466",0.5595,6.71367292391864,0.838709677419355,0.397529324152625,0.736842105263158,0.804761904761905,0.7,0.904761904761905,0.3,0.0952380952380952,7.35,0.331578947368421
"4467",0.393,5.75443910249459,0.870967741935484,0.337663909261138,0.846153846153846,0.894736842105263,0.916666666666667,0.842105263157895,0.0833333333333334,0.157894736842105,5.80555555555555,0.0989583333333334
"4468",0.554,7.24609216434898,0.838709677419355,0.376948651960943,0.705882352941177,0.856060606060606,0.666666666666667,0.909090909090909,0.333333333333333,0.0909090909090909,7.33333333333333,0.366666666666667
"4469",0.092,2.65430285152847,0.741935483870968,0.447255556765814,0.692307692307692,0.774122807017544,0.75,0.736842105263158,0.25,0.263157894736842,2.85,0.339285714285714
"4470",0.2405,4.18137278648536,0.967741935483871,0.296074372758828,0.947368421052632,0.957142857142857,0.9,1,0.1,0,Inf,0.1
"4471",0.1685,3.70562253181471,0.774193548387097,0.411638640324204,0.695652173913043,0.809090909090909,0.727272727272727,0.8,0.272727272727273,0.2,3.63636363636364,0.340909090909091
"4472",0.485,6.95569346265005,0.935483870967742,0.28846419106722,0.875,0.956521739130435,0.875,0.956521739130435,0.125,0.0434782608695652,20.125,0.130681818181818
"4473",0.142,2.64245936522911,0.774193548387097,0.369185328033506,0.72,0.876190476190476,0.9,0.714285714285714,0.1,0.285714285714286,3.15,0.14
"4474",0.141,2.68068454652262,0.870967741935484,0.353433694235124,0.8,0.942857142857143,0.8,0.904761904761905,0.2,0.0952380952380952,8.4,0.221052631578947
"4475",0.151,2.45663797336975,0.774193548387097,0.372124726677717,0.695652173913043,0.872282608695652,1,0.695652173913043,0,0.304347826086957,3.28571428571429,0
"4476",0.256,3.69845497343284,0.806451612903226,0.378105065995963,0.625,0.883333333333333,0.833333333333333,0.8,0.166666666666667,0.2,4.16666666666667,0.208333333333333
"4477",0.3415,4.86206797967899,0.806451612903226,0.385834007744784,0.666666666666667,0.858695652173913,0.75,0.826086956521739,0.25,0.173913043478261,4.3125,0.302631578947368
"4478",0.2505,5.02388444484394,0.870967741935484,0.425991535303822,0.8,0.872727272727273,0.727272727272727,0.95,0.272727272727273,0.05,14.5454545454545,0.287081339712919
"4479",0.1445,2.65634304835827,0.741935483870968,0.392400205630538,0.714285714285714,0.857142857142857,1,0.619047619047619,0,0.380952380952381,2.625,0
"4480",0.216,4.1255544573866,0.806451612903226,0.385417963419154,0.7,0.861904761904762,0.7,0.857142857142857,0.3,0.142857142857143,4.9,0.35
"4481",0.119,2.64563913602627,0.774193548387097,0.425540778017993,0.72,0.814285714285714,0.9,0.714285714285714,0.1,0.285714285714286,3.15,0.14
"4482",0.1795,2.85556365915486,0.774193548387097,0.352466539962158,0.588235294117647,0.823333333333333,0.833333333333333,0.76,0.166666666666667,0.24,3.47222222222222,0.219298245614035
"4483",0.3605,5.33972453977774,0.806451612903226,0.369217479066312,0.625,0.758152173913043,0.625,0.869565217391304,0.375,0.130434782608696,4.79166666666667,0.43125
"4484",0.1825,2.85079395166807,0.806451612903226,0.350450657711826,0.666666666666667,0.893333333333333,1,0.76,0,0.24,4.16666666666667,0
"4485",0.4965,6.95272377434437,0.870967741935484,0.35976702208424,0.75,0.866161616161616,0.666666666666667,0.954545454545455,0.333333333333333,0.0454545454545454,14.6666666666667,0.349206349206349
"4486",0.552,6.42081261812335,0.870967741935484,0.343608207253251,0.6,0.893518518518518,0.75,0.888888888888889,0.25,0.111111111111111,6.75,0.28125
"4487",0.229,3.91595766843419,0.903225806451613,0.350167709142267,0.769230769230769,0.92,0.833333333333333,0.92,0.166666666666667,0.08,10.4166666666667,0.181159420289855
"4488",0.524,6.94840993065445,0.870967741935484,0.364790879497509,0.75,0.830808080808081,0.666666666666667,0.954545454545455,0.333333333333333,0.0454545454545454,14.6666666666667,0.349206349206349
"4489",0.3065,4.95659080375374,0.838709677419355,0.401870429123852,0.782608695652174,0.859090909090909,0.818181818181818,0.85,0.181818181818182,0.15,5.45454545454545,0.213903743315508
"4490",0.154,2.85066305521835,0.838709677419355,0.418738982514631,0.814814814814815,0.881818181818182,1,0.75,0,0.25,4,0
"4491",0.8375,10.3881857352329,0.838709677419355,0.409623645120101,0.615384615384615,0.757575757575758,0.444444444444444,1,0.555555555555556,0,Inf,0.555555555555556
"4492",0.581,7.24506674650219,0.870967741935484,0.367821623259259,0.666666666666667,0.848214285714286,0.571428571428571,0.958333333333333,0.428571428571429,0.0416666666666666,13.7142857142857,0.447204968944099
"4493",0.563,7.22711818781884,0.870967741935484,0.35410202701396,0.666666666666667,0.854166666666667,0.571428571428571,0.958333333333333,0.428571428571429,0.0416666666666666,13.7142857142857,0.447204968944099
"4494",0.1095,2.66139016786401,0.903225806451613,0.419169150670927,0.869565217391304,0.943181818181818,0.909090909090909,0.9,0.0909090909090909,0.1,9.09090909090909,0.101010101010101
"4495",0.092,1.96274956022996,0.838709677419355,0.411672150275217,0.827586206896552,0.932017543859649,1,0.736842105263158,0,0.263157894736842,3.8,0
"4496",0.255,5.0277606410266,0.903225806451613,0.366500197384178,0.869565217391304,0.947368421052632,0.833333333333333,0.947368421052632,0.166666666666667,0.0526315789473685,15.8333333333333,0.175925925925926
"4497",0.515,6.94946297997916,0.838709677419355,0.384263936533379,0.615384615384615,0.782608695652174,0.5,0.956521739130435,0.5,0.0434782608695652,11.5,0.522727272727273
"4498",0.302,5.02033511353312,0.935483870967742,0.291141040554355,0.875,0.978260869565217,0.875,0.956521739130435,0.125,0.0434782608695652,20.125,0.130681818181818
"4499",0.15,2.6576872154711,0.774193548387097,0.38333767825768,0.740740740740741,0.883333333333333,1,0.666666666666667,0,0.333333333333333,3,0
"4500",0.341,5.02981168828666,0.838709677419355,0.355075815613117,0.666666666666667,0.797619047619048,0.714285714285714,0.875,0.285714285714286,0.125,5.71428571428571,0.326530612244898
"4501",0.8005,9.54819273336017,0.903225806451613,0.328875009145189,0.823529411764706,0.893939393939394,0.777777777777778,0.954545454545455,0.222222222222222,0.0454545454545454,17.1111111111111,0.232804232804233
"4502",0.2215,3.75478429656027,0.806451612903226,0.400955161485702,0.7,0.840909090909091,0.777777777777778,0.818181818181818,0.222222222222222,0.181818181818182,4.27777777777778,0.271604938271605
"4503",0.247,3.74494729702278,0.774193548387097,0.398799402801742,0.631578947368421,0.80952380952381,0.857142857142857,0.75,0.142857142857143,0.25,3.42857142857143,0.190476190476191
"4504",0.186,4.14715291641992,0.774193548387097,0.425832581223668,0.740740740740741,0.820512820512821,0.769230769230769,0.777777777777778,0.230769230769231,0.222222222222222,3.46153846153846,0.296703296703297
"4505",0.1385,2.35960063078869,0.774193548387097,0.360796986800611,0.666666666666667,0.851190476190476,1,0.708333333333333,0,0.291666666666667,3.42857142857143,0
"4506",0.4305,6.49413702403281,0.903225806451613,0.316754346194751,0.8,0.94949494949495,0.666666666666667,1,0.333333333333333,0,Inf,0.333333333333333
"4507",0.2015,3.91906361680187,0.838709677419355,0.375741187519396,0.782608695652174,0.863636363636364,0.818181818181818,0.85,0.181818181818182,0.15,5.45454545454545,0.213903743315508
"4508",0.8295,10.3869807662345,0.967741935483871,0.290778762536239,0.888888888888889,0.942307692307692,0.8,1,0.2,0,Inf,0.2
"4509",0.669,8.31276367193539,0.935483870967742,0.299049267946799,0.857142857142857,0.889880952380952,0.857142857142857,0.958333333333333,0.142857142857143,0.0416666666666666,20.5714285714286,0.149068322981366
"4510",0.363,5.0287194202828,0.741935483870968,0.388466950394522,0.555555555555556,0.791666666666667,0.714285714285714,0.75,0.285714285714286,0.25,2.85714285714286,0.380952380952381
"4511",0.1325,2.74756989430584,0.806451612903226,0.396432893211965,0.75,0.813636363636364,0.818181818181818,0.8,0.181818181818182,0.2,4.09090909090909,0.227272727272727
"4512",0.1135,2.8479823696858,0.774193548387097,0.425390686676996,0.72,0.822368421052632,0.75,0.789473684210526,0.25,0.210526315789474,3.5625,0.316666666666667
"4513",0.344,5.02911667827865,0.903225806451613,0.328646565877497,0.842105263157895,0.873737373737374,0.888888888888889,0.909090909090909,0.111111111111111,0.0909090909090909,9.77777777777777,0.122222222222222
"4514",0.279,4.41918875210542,0.870967741935484,0.333284215510474,0.714285714285714,0.854166666666667,0.714285714285714,0.916666666666667,0.285714285714286,0.0833333333333334,8.57142857142857,0.311688311688312
"4515",0.2615,4.15354501043453,0.806451612903226,0.390647884936412,0.625,0.779761904761905,0.714285714285714,0.833333333333333,0.285714285714286,0.166666666666667,4.28571428571429,0.342857142857143
"4516",0.157,2.84781100787022,0.838709677419355,0.365503083960105,0.782608695652174,0.904761904761905,0.9,0.80952380952381,0.1,0.19047619047619,4.725,0.123529411764706
"4517",0.51,7.25077691891115,0.870967741935484,0.36961177398154,0.75,0.826190476190476,0.6,1,0.4,0,Inf,0.4
"4518",0.221,3.91269094443613,0.935483870967742,0.313932994359341,0.888888888888889,0.954545454545454,0.888888888888889,0.954545454545455,0.111111111111111,0.0454545454545454,19.5555555555556,0.116402116402116
"4519",0.257,4.61605855351254,0.870967741935484,0.372626827789313,0.75,0.838383838383838,0.666666666666667,0.954545454545455,0.333333333333333,0.0454545454545454,14.6666666666667,0.349206349206349
"4520",0.4565,6.91390595309845,0.903225806451613,0.31416071077597,0.769230769230769,0.885869565217391,0.625,1,0.375,0,Inf,0.375
"4521",0.299,5.02584089511048,0.774193548387097,0.457565813214329,0.666666666666667,0.728571428571429,0.7,0.80952380952381,0.3,0.19047619047619,3.675,0.370588235294118
"4522",0.164,3.738686094454,0.870967741935484,0.400846080453029,0.75,0.919191919191919,0.666666666666667,0.954545454545455,0.333333333333333,0.0454545454545454,14.6666666666667,0.349206349206349
"4523",0.2425,3.97000939979796,0.935483870967742,0.308295157936659,0.875,0.958333333333333,1,0.916666666666667,0,0.0833333333333334,12,0
"4524",0.3675,5.55294486957991,0.838709677419355,0.372354773543097,0.666666666666667,0.733695652173913,0.625,0.91304347826087,0.375,0.0869565217391305,7.1875,0.410714285714286
"4525",0.2635,4.14454106049432,0.806451612903226,0.362504089913736,0.571428571428571,0.833333333333333,0.666666666666667,0.84,0.333333333333333,0.16,4.16666666666667,0.396825396825397
"4526",0.299,4.95505557952783,0.870967741935484,0.333822855855214,0.8,0.904761904761905,0.8,0.904761904761905,0.2,0.0952380952380952,8.4,0.221052631578947
"4527",0.607,6.92786009772324,0.870967741935484,0.354346458442683,0.714285714285714,0.916666666666667,0.714285714285714,0.916666666666667,0.285714285714286,0.0833333333333334,8.57142857142857,0.311688311688312
"4528",0.2565,3.91649183452306,0.774193548387097,0.384854344441906,0.631578947368421,0.788690476190476,0.857142857142857,0.75,0.142857142857143,0.25,3.42857142857143,0.190476190476191
"4529",0.274,4.62303110033195,0.870967741935484,0.344615116586679,0.818181818181818,0.923809523809524,0.9,0.857142857142857,0.1,0.142857142857143,6.3,0.116666666666667
"4530",0.4935,7.20235426266338,0.870967741935484,0.359304174598891,0.666666666666667,0.831521739130435,0.5,1,0.5,0,Inf,0.5
"4531",0.168,3.64993175643789,0.774193548387097,0.425413734350228,0.666666666666667,0.8,0.7,0.80952380952381,0.3,0.19047619047619,3.675,0.370588235294118
"4532",0.2905,4.74824083528699,0.903225806451613,0.300076566388846,0.88,0.921052631578947,0.916666666666667,0.894736842105263,0.0833333333333334,0.105263157894737,8.70833333333333,0.0931372549019608
"4533",0.2955,4.96492121683668,0.870967741935484,0.357236136680605,0.8,0.89047619047619,0.8,0.904761904761905,0.2,0.0952380952380952,8.4,0.221052631578947
"4534",0.2005,4.15405067044402,0.774193548387097,0.448493561139253,0.631578947368421,0.742424242424242,0.666666666666667,0.818181818181818,0.333333333333333,0.181818181818182,3.66666666666667,0.407407407407407
"4535",0.3065,4.95817618887985,0.774193548387097,0.396531902472163,0.695652173913043,0.838095238095238,0.8,0.761904761904762,0.2,0.238095238095238,3.36,0.2625
"4536",0.3185,4.96419129782763,0.838709677419355,0.381692682641862,0.705882352941177,0.823369565217391,0.75,0.869565217391304,0.25,0.130434782608696,5.75,0.2875
"4537",0.2185,3.61630303834469,0.870967741935484,0.321854651619689,0.75,0.928571428571429,0.857142857142857,0.875,0.142857142857143,0.125,6.85714285714286,0.163265306122449
"4538",0.297,5.74960278962222,0.870967741935484,0.389366242127837,0.818181818181818,0.890350877192982,0.75,0.947368421052632,0.25,0.0526315789473685,14.25,0.263888888888889
"4539",0.4105,5.98030797771602,0.967741935483871,0.229990149356219,0.933333333333333,0.982142857142857,1,0.958333333333333,0,0.0416666666666666,24,0
"4540",0.478,6.94726392082319,0.935483870967742,0.308530777443523,0.857142857142857,0.896739130434783,0.75,1,0.25,0,Inf,0.25
"4541",0.129,2.30270294905565,0.838709677419355,0.356020120124508,0.782608695652174,0.919191919191919,1,0.772727272727273,0,0.227272727272727,4.4,0
"4542",0.588,7.69645072497491,0.870967741935484,0.357476663837633,0.777777777777778,0.861904761904762,0.7,0.952380952380952,0.3,0.0476190476190477,14.7,0.315
"4543",0.0835,2.06600634439128,0.67741935483871,0.441066668528197,0.642857142857143,0.8,0.9,0.571428571428571,0.1,0.428571428571429,2.1,0.175
"4544",0.3215,5.26656886727608,0.935483870967742,0.297640438641135,0.888888888888889,0.944444444444444,0.888888888888889,0.954545454545455,0.111111111111111,0.0454545454545454,19.5555555555556,0.116402116402116
"4545",0.213,3.87074754253606,0.838709677419355,0.371541499997518,0.736842105263158,0.873737373737374,0.777777777777778,0.863636363636364,0.222222222222222,0.136363636363636,5.7037037037037,0.257309941520468
"4546",0.34,5.74998786166448,0.774193548387097,0.407667042794407,0.72,0.822368421052632,0.75,0.789473684210526,0.25,0.210526315789474,3.5625,0.316666666666667
"4547",0.135,2.87172311238691,0.774193548387097,0.449512691157423,0.666666666666667,0.793478260869565,0.875,0.739130434782609,0.125,0.260869565217391,3.35416666666667,0.169117647058824
"4548",0.5275,6.94916436606289,0.935483870967742,0.303957399180169,0.9,0.938095238095238,0.9,0.952380952380952,0.1,0.0476190476190477,18.9,0.105
"4549",0.2405,4.6331226281504,0.903225806451613,0.345715539702581,0.88,0.895299145299145,0.846153846153846,0.944444444444444,0.153846153846154,0.0555555555555556,15.2307692307692,0.16289592760181
"4550",0.378,5.74774457798738,0.903225806451613,0.339298472727637,0.823529411764706,0.896464646464647,0.777777777777778,0.954545454545455,0.222222222222222,0.0454545454545454,17.1111111111111,0.232804232804233
"4551",0.121,2.57848874169635,0.774193548387097,0.415651797988854,0.72,0.819047619047619,0.9,0.714285714285714,0.1,0.285714285714286,3.15,0.14
"4552",0.253,4.12836496582482,0.838709677419355,0.360457814613059,0.666666666666667,0.836309523809524,0.714285714285714,0.875,0.285714285714286,0.125,5.71428571428571,0.326530612244898
"4553",0.351,5.26406792155131,0.935483870967742,0.254825326888585,0.909090909090909,0.980952380952381,1,0.904761904761905,0,0.0952380952380952,10.5,0
"4554",0.2205,4.126195792736,0.870967741935484,0.363048949742385,0.846153846153846,0.934210526315789,0.916666666666667,0.842105263157895,0.0833333333333334,0.157894736842105,5.80555555555555,0.0989583333333334
"4555",0.112,2.65394322116687,0.774193548387097,0.418806445929945,0.695652173913043,0.821428571428571,0.8,0.761904761904762,0.2,0.238095238095238,3.36,0.2625
"4556",0.3155,5.02239951142528,0.806451612903226,0.382923436804598,0.75,0.820454545454546,0.818181818181818,0.8,0.181818181818182,0.2,4.09090909090909,0.227272727272727
"4557",0.2515,4.18037137607143,0.838709677419355,0.368789365081932,0.666666666666667,0.842261904761905,0.714285714285714,0.875,0.285714285714286,0.125,5.71428571428571,0.326530612244898
"4558",0.4035,5.75297039765403,0.903225806451613,0.294665467658219,0.823529411764706,0.964673913043478,0.875,0.91304347826087,0.125,0.0869565217391305,10.0625,0.136904761904762
"4559",0.34,5.02945178860153,0.838709677419355,0.338979900374034,0.761904761904762,0.906565656565657,0.888888888888889,0.818181818181818,0.111111111111111,0.181818181818182,4.88888888888889,0.135802469135803
"4560",0.113,2.41444749013624,0.774193548387097,0.420416679346252,0.787878787878788,0.858974358974359,1,0.611111111111111,0,0.388888888888889,2.57142857142857,0
"4561",0.147,2.87695910064045,0.838709677419355,0.371385164910542,0.761904761904762,0.873809523809524,0.8,0.857142857142857,0.2,0.142857142857143,5.6,0.233333333333333
"4562",0.2595,4.3612280539095,0.903225806451613,0.29610463422179,0.857142857142857,0.914285714285714,0.9,0.904761904761905,0.1,0.0952380952380952,9.45,0.110526315789474
"4563",0.369,5.75253874416561,0.903225806451613,0.318168917566937,0.842105263157895,0.935714285714286,0.8,0.952380952380952,0.2,0.0476190476190477,16.8,0.21
"4564",0.2835,4.95828564641513,0.903225806451613,0.359320200530707,0.857142857142857,0.925,0.818181818181818,0.95,0.181818181818182,0.05,16.3636363636363,0.191387559808612
"4565",0.4925,7.25415710872131,0.870967741935484,0.350509252574278,0.777777777777778,0.836363636363636,0.636363636363636,1,0.363636363636364,0,Inf,0.363636363636364
"4566",0.2505,4.61367293866393,0.903225806451613,0.331658457186431,0.842105263157895,0.904761904761905,0.8,0.952380952380952,0.2,0.0476190476190477,16.8,0.21
"4567",0.115,2.30468206400139,0.709677419354839,0.404123989462712,0.608695652173913,0.807065217391304,0.875,0.652173913043478,0.125,0.347826086956522,2.515625,0.191666666666667
"4568",0.3315,5.02503495433897,0.903225806451613,0.30409548127106,0.842105263157895,0.96195652173913,1,0.869565217391304,0,0.130434782608696,7.66666666666667,0
"4569",0.4625,5.94651985210462,0.870967741935484,0.340897134966768,0.818181818181818,0.888095238095238,0.9,0.857142857142857,0.1,0.142857142857143,6.3,0.116666666666667
"4570",0.203,3.97948083073189,0.838709677419355,0.375165148242055,0.8,0.859649122807018,0.833333333333333,0.842105263157895,0.166666666666667,0.157894736842105,5.27777777777778,0.197916666666667
"4571",0.3915,5.55240262816993,0.838709677419355,0.381266199635645,0.705882352941177,0.863636363636364,0.666666666666667,0.909090909090909,0.333333333333333,0.0909090909090909,7.33333333333333,0.366666666666667
"4572",0.1635,4.12925741915884,0.806451612903226,0.449622952004207,0.769230769230769,0.831932773109244,0.714285714285714,0.882352941176471,0.285714285714286,0.117647058823529,6.07142857142857,0.323809523809524
"4573",0.12,2.87884162989777,0.806451612903226,0.421877247758659,0.727272727272727,0.815909090909091,0.727272727272727,0.85,0.272727272727273,0.15,4.84848484848485,0.320855614973262
"4574",0.54,6.72939329233918,0.870967741935484,0.338679611277334,0.666666666666667,0.83,0.666666666666667,0.92,0.333333333333333,0.08,8.33333333333334,0.36231884057971
"4575",0.2265,4.131335155065,0.903225806451613,0.340978943300475,0.88,0.934210526315789,0.916666666666667,0.894736842105263,0.0833333333333334,0.105263157894737,8.70833333333333,0.0931372549019608
"4576",0.209,3.73967023619698,0.870967741935484,0.367035845856462,0.8,0.904040404040404,0.888888888888889,0.863636363636364,0.111111111111111,0.136363636363636,6.51851851851852,0.128654970760234
"4577",0.2765,4.64194615465358,0.806451612903226,0.403212126449246,0.7,0.845238095238095,0.7,0.857142857142857,0.3,0.142857142857143,4.9,0.35
"4578",0.4495,6.35613805923602,0.967741935483871,0.242832175605881,0.909090909090909,0.986666666666667,0.833333333333333,1,0.166666666666667,0,Inf,0.166666666666667
"4579",0.687,8.63679759900765,0.935483870967742,0.314346957691332,0.833333333333333,0.901785714285714,0.714285714285714,1,0.285714285714286,0,Inf,0.285714285714286
"4580",0.268,5.0251430155881,0.903225806451613,0.34186872731502,0.869565217391304,0.929824561403509,0.833333333333333,0.947368421052632,0.166666666666667,0.0526315789473685,15.8333333333333,0.175925925925926
"4581",0.6455,7.78444851210201,0.838709677419355,0.391988192041849,0.615384615384615,0.744565217391304,0.5,0.956521739130435,0.5,0.0434782608695652,11.5,0.522727272727273
"4582",0.899,10.8549758813077,0.903225806451613,0.372298605009732,0.571428571428571,0.765384615384615,0.4,1,0.6,0,Inf,0.6
"4583",0.3955,5.75207988627389,0.903225806451613,0.322203433875261,0.8,0.904761904761905,0.857142857142857,0.916666666666667,0.142857142857143,0.0833333333333334,10.2857142857143,0.155844155844156
"4584",0.65,7.9275212446767,0.903225806451613,0.327801228772424,0.666666666666667,0.826923076923077,0.6,0.961538461538462,0.4,0.0384615384615384,15.6,0.416
"4585",0.1985,4.15778937109149,0.870967741935484,0.377777831700911,0.818181818181818,0.921052631578947,0.75,0.947368421052632,0.25,0.0526315789473685,14.25,0.263888888888889
"4586",0.2845,5.03016553840709,0.838709677419355,0.384824918194015,0.736842105263158,0.870454545454545,0.636363636363636,0.95,0.363636363636364,0.05,12.7272727272727,0.382775119617225
"4587",0.256,5.02398394712321,0.838709677419355,0.419061304247193,0.8,0.865384615384615,0.769230769230769,0.888888888888889,0.230769230769231,0.111111111111111,6.92307692307692,0.259615384615385
"4588",0.0865,1.95230781004414,0.741935483870968,0.427722168351932,0.75,0.824561403508772,1,0.578947368421053,0,0.421052631578947,2.375,0
"4589",0.666,8.53079827411435,0.870967741935484,0.346688622042282,0.666666666666667,0.851190476190476,0.571428571428571,0.958333333333333,0.428571428571429,0.0416666666666666,13.7142857142857,0.447204968944099
"4590",0.2965,5.74563236901702,0.838709677419355,0.411411113008561,0.761904761904762,0.822368421052632,0.666666666666667,0.947368421052632,0.333333333333333,0.0526315789473685,12.6666666666667,0.351851851851852
"4591",0.8105,10.4799844842074,0.935483870967742,0.291599040599768,0.833333333333333,0.946428571428571,0.714285714285714,1,0.285714285714286,0,Inf,0.285714285714286
"4592",0.489,7.25163292336295,0.838709677419355,0.362956776502551,0.705882352941177,0.859523809523809,0.6,0.952380952380952,0.4,0.0476190476190477,12.6,0.42
"4593",0.6355,8.64199935224663,0.870967741935484,0.348775239698926,0.714285714285714,0.876262626262626,0.555555555555556,1,0.444444444444444,0,Inf,0.444444444444444
"4594",0.271,4.18515323922715,0.838709677419355,0.32938466168571,0.705882352941177,0.898809523809524,0.857142857142857,0.833333333333333,0.142857142857143,0.166666666666667,5.14285714285714,0.171428571428571
"4595",0.3845,5.75429679021156,0.903225806451613,0.297023768914588,0.842105263157895,0.954545454545455,0.888888888888889,0.909090909090909,0.111111111111111,0.0909090909090909,9.77777777777777,0.122222222222222
"4596",0.629,8.32546005418236,0.870967741935484,0.347747792886928,0.777777777777778,0.902380952380952,0.7,0.952380952380952,0.3,0.0476190476190477,14.7,0.315
"4597",0.179,2.87471004668603,0.903225806451613,0.318834361016405,0.823529411764706,0.952380952380952,1,0.875,0,0.125,8,0
"4598",0.089,2.57327611485388,0.645161290322581,0.514615187998911,0.645161290322581,0.665909090909091,0.909090909090909,0.5,0.0909090909090909,0.5,1.81818181818182,0.181818181818182
"4599",0.355,5.03044518086837,0.903225806451613,0.325382236399131,0.823529411764706,0.93452380952381,1,0.875,0,0.125,8,0
"4600",0.3385,5.753100722486,0.806451612903226,0.43250982717044,0.666666666666667,0.766666666666667,0.6,0.904761904761905,0.4,0.0952380952380952,6.3,0.442105263157895
"4601",0.1665,2.77237473198476,0.870967741935484,0.324150559396812,0.846153846153846,0.945454545454545,1,0.8,0,0.2,5,0
"4602",0.2175,3.5134675259122,0.870967741935484,0.303365319829884,0.846153846153846,0.959090909090909,1,0.8,0,0.2,5,0
"4603",0.2385,3.92729151790806,0.806451612903226,0.379908526903144,0.75,0.845238095238095,0.9,0.761904761904762,0.1,0.238095238095238,3.78,0.13125
"4604",0.3175,5.02459891358738,0.806451612903226,0.374335861146033,0.785714285714286,0.884615384615385,0.846153846153846,0.777777777777778,0.153846153846154,0.222222222222222,3.80769230769231,0.197802197802198
"4605",0.1715,2.87103107915942,0.838709677419355,0.355182335036365,0.782608695652174,0.919191919191919,1,0.772727272727273,0,0.227272727272727,4.4,0
"4606",0.079,1.95977194142248,0.741935483870968,0.435069597594076,0.714285714285714,0.831818181818182,0.909090909090909,0.65,0.0909090909090909,0.35,2.5974025974026,0.13986013986014
"4607",0.369,5.27101363861586,0.838709677419355,0.37571893567777,0.814814814814815,0.859649122807018,0.916666666666667,0.789473684210526,0.0833333333333334,0.210526315789474,4.35416666666667,0.105555555555556
"4608",0.492,6.95544312836938,0.903225806451613,0.311885179433377,0.8,0.896739130434783,0.75,0.956521739130435,0.25,0.0434782608695652,17.25,0.261363636363636
"4609",0.073,1.82950510528445,0.645161290322581,0.453877836586626,0.666666666666667,0.771929824561403,0.916666666666667,0.473684210526316,0.0833333333333334,0.526315789473684,1.74166666666667,0.175925925925926
"4610",0.2705,4.35947053525088,0.935483870967742,0.267900639578186,0.875,0.907608695652174,0.875,0.956521739130435,0.125,0.0434782608695652,20.125,0.130681818181818
"4611",0.1165,2.30625085681434,0.774193548387097,0.379880934969516,0.740740740740741,0.883333333333333,1,0.666666666666667,0,0.333333333333333,3,0
"4612",0.1475,2.85270428619738,0.741935483870968,0.413379828064246,0.6,0.741847826086957,0.75,0.739130434782609,0.25,0.260869565217391,2.875,0.338235294117647
"4613",0.2725,5.02264348582238,0.870967741935484,0.350971594007681,0.8,0.909090909090909,0.727272727272727,0.95,0.272727272727273,0.05,14.5454545454545,0.287081339712919
"4614",0.4215,6.65387637918507,0.870967741935484,0.350333141755338,0.75,0.897619047619048,0.6,1,0.4,0,Inf,0.4
"4615",0.2295,4.18344544075891,0.838709677419355,0.358115628151238,0.8,0.918181818181818,0.909090909090909,0.8,0.0909090909090909,0.2,4.54545454545455,0.113636363636364
"4616",0.0975,2.29651488040146,0.774193548387097,0.435902193588186,0.72,0.821428571428571,0.9,0.714285714285714,0.1,0.285714285714286,3.15,0.14
"4617",0.269,3.96782768500484,0.967741935483871,0.225633792231234,0.933333333333333,0.994047619047619,1,0.958333333333333,0,0.0416666666666666,24,0
"4618",0.1535,2.64429229146116,0.903225806451613,0.321264969199891,0.869565217391304,0.966666666666667,1,0.857142857142857,0,0.142857142857143,7,0
"4619",0.3415,5.34073791914004,0.838709677419355,0.364924330487846,0.666666666666667,0.779891304347826,0.625,0.91304347826087,0.375,0.0869565217391305,7.1875,0.410714285714286
"4620",0.1505,2.86776552847164,0.806451612903226,0.366898721655131,0.666666666666667,0.883152173913043,0.75,0.826086956521739,0.25,0.173913043478261,4.3125,0.302631578947368
"4621",0.282,4.15378282589216,0.774193548387097,0.42941850609281,0.666666666666667,0.815217391304348,0.875,0.739130434782609,0.125,0.260869565217391,3.35416666666667,0.169117647058824
"4622",0.503,6.62469933927183,0.806451612903226,0.376254930979187,0.666666666666667,0.828282828282828,0.666666666666667,0.863636363636364,0.333333333333333,0.136363636363636,4.88888888888889,0.385964912280702
"4623",0.176,2.84695815481086,0.838709677419355,0.332186338671473,0.736842105263158,0.910714285714286,1,0.791666666666667,0,0.208333333333333,4.8,0
"4624",0.246,4.15336819343108,0.838709677419355,0.365230654635995,0.782608695652174,0.869047619047619,0.9,0.80952380952381,0.1,0.19047619047619,4.725,0.123529411764706
"4625",0.7915,9.60019218109089,0.903225806451613,0.322540466839117,0.769230769230769,0.913690476190476,0.714285714285714,0.958333333333333,0.285714285714286,0.0416666666666666,17.1428571428572,0.298136645962733
"4626",0.1325,2.29490493558297,0.903225806451613,0.361004282911819,0.869565217391304,0.947619047619048,1,0.857142857142857,0,0.142857142857143,7,0
"4627",0.319,4.95772036477056,0.870967741935484,0.324288316635418,0.818181818181818,0.930952380952381,0.9,0.857142857142857,0.1,0.142857142857143,6.3,0.116666666666667
"4628",0.1745,4.13119070033635,0.774193548387097,0.449360920023212,0.666666666666667,0.75,0.636363636363636,0.85,0.363636363636364,0.15,4.24242424242424,0.427807486631016
"4629",0.2115,3.92455177729203,0.838709677419355,0.38846859589231,0.827586206896552,0.884615384615385,0.923076923076923,0.777777777777778,0.0769230769230769,0.222222222222222,4.15384615384615,0.0989010989010988
"4630",0.191,3.80085152585326,0.838709677419355,0.373566422887499,0.761904761904762,0.885714285714286,0.8,0.857142857142857,0.2,0.142857142857143,5.6,0.233333333333333
"4631",0.341,4.9579768718922,0.935483870967742,0.271930116549361,0.875,0.976190476190476,1,0.916666666666667,0,0.0833333333333334,12,0
"4632",0.56,6.94137743337734,0.870967741935484,0.33825513597168,0.75,0.904891304347826,0.75,0.91304347826087,0.25,0.0869565217391305,8.62499999999999,0.273809523809524
"4633",0.5145,7.55128489469228,0.903225806451613,0.298871193177886,0.8,0.916666666666667,0.666666666666667,1,0.333333333333333,0,Inf,0.333333333333333
"4634",0.6605,8.58241166803677,0.903225806451613,0.32535351691737,0.769230769230769,0.847826086956522,0.625,1,0.375,0,Inf,0.375
"4635",0.2215,4.12608523725951,0.806451612903226,0.396719814535578,0.75,0.830952380952381,0.9,0.761904761904762,0.1,0.238095238095238,3.78,0.13125
"4636",0.246,4.09311835016227,0.903225806451613,0.309346959656523,0.666666666666667,0.823076923076923,0.6,0.961538461538462,0.4,0.0384615384615384,15.6,0.416
"4637",0.142,2.64867399521104,0.806451612903226,0.379125066210817,0.75,0.893939393939394,1,0.727272727272727,0,0.272727272727273,3.66666666666667,0
"4638",0.8945,10.098799365531,0.838709677419355,0.427385863577657,0.615384615384615,0.728260869565217,0.5,0.956521739130435,0.5,0.0434782608695652,11.5,0.522727272727273
"4639",0.1805,4.20553052500742,0.774193548387097,0.464874369755517,0.740740740740741,0.792735042735043,0.769230769230769,0.777777777777778,0.230769230769231,0.222222222222222,3.46153846153846,0.296703296703297
"4640",0.1245,2.60984896967341,0.709677419354839,0.421197118832794,0.608695652173913,0.767676767676768,0.777777777777778,0.681818181818182,0.222222222222222,0.318181818181818,2.44444444444444,0.325925925925926
"4641",0.126,2.3511202910736,0.806451612903226,0.373371890451329,0.75,0.888888888888889,1,0.727272727272727,0,0.272727272727273,3.66666666666667,0
"4642",0.261,4.95478065709871,0.870967741935484,0.374450951283521,0.818181818181818,0.897727272727273,0.818181818181818,0.9,0.181818181818182,0.1,8.18181818181818,0.202020202020202
"4643",0.2305,3.97092103925038,0.870967741935484,0.322463382523579,0.777777777777778,0.873737373737374,0.777777777777778,0.909090909090909,0.222222222222222,0.0909090909090909,8.55555555555555,0.244444444444444
"4644",0.1675,2.74994220769002,0.774193548387097,0.326262826637382,0.588235294117647,0.846666666666667,0.833333333333333,0.76,0.166666666666667,0.24,3.47222222222222,0.219298245614035
"4645",0.1395,2.82964420339753,0.838709677419355,0.412735472881665,0.827586206896552,0.881578947368421,1,0.736842105263158,0,0.263157894736842,3.8,0
"4646",0.377,4.95268659805333,0.870967741935484,0.358466014822925,0.777777777777778,0.916666666666667,1,0.833333333333333,0,0.166666666666667,6,0
"4647",0.1125,2.35400462146961,0.774193548387097,0.389795779117497,0.72,0.833333333333333,0.9,0.714285714285714,0.1,0.285714285714286,3.15,0.14
"4648",0.237,3.87081026965358,0.903225806451613,0.300010451569651,0.823529411764706,0.945652173913043,0.875,0.91304347826087,0.125,0.0869565217391305,10.0625,0.136904761904762
"4649",0.5155,6.95317442090221,0.903225806451613,0.351872301206182,0.823529411764706,0.893939393939394,0.777777777777778,0.954545454545455,0.222222222222222,0.0454545454545454,17.1111111111111,0.232804232804233
"4650",0.236,4.56168641843939,0.838709677419355,0.377178893542807,0.8,0.891025641025641,0.769230769230769,0.888888888888889,0.230769230769231,0.111111111111111,6.92307692307692,0.259615384615385
"4651",0.2565,4.62976340720151,0.870967741935484,0.358434423869975,0.818181818181818,0.911363636363636,0.818181818181818,0.9,0.181818181818182,0.1,8.18181818181818,0.202020202020202
"4652",0.2945,4.95699508782245,0.870967741935484,0.335869868999045,0.75,0.907608695652174,0.75,0.91304347826087,0.25,0.0869565217391305,8.62499999999999,0.273809523809524
"4653",0.325,5.75143644851429,0.903225806451613,0.340231646334503,0.88,0.905982905982906,0.846153846153846,0.944444444444444,0.153846153846154,0.0555555555555556,15.2307692307692,0.16289592760181
"4654",0.2305,4.15202221520462,0.935483870967742,0.351356490068934,0.888888888888889,0.916666666666667,0.888888888888889,0.954545454545455,0.111111111111111,0.0454545454545454,19.5555555555556,0.116402116402116
"4655",0.0665,2.65343115657974,0.741935483870968,0.509162027803215,0.692307692307692,0.767543859649123,0.75,0.736842105263158,0.25,0.263157894736842,2.85,0.339285714285714
"4656",0.626,8.55561408421443,0.870967741935484,0.352081285476663,0.714285714285714,0.833333333333333,0.555555555555556,1,0.444444444444444,0,Inf,0.444444444444444
"4657",0.783,9.54798167304843,0.903225806451613,0.321351295917265,0.842105263157895,0.907142857142857,0.8,0.952380952380952,0.2,0.0476190476190477,16.8,0.21
"4658",0.0795,2.30584666184608,0.67741935483871,0.491557671645378,0.642857142857143,0.772727272727273,0.818181818181818,0.6,0.181818181818182,0.4,2.04545454545455,0.303030303030303
"4659",0.3145,4.68720618597114,0.935483870967742,0.282136115100602,0.888888888888889,0.956521739130435,1,0.91304347826087,0,0.0869565217391305,11.5,0
"4660",0.2655,4.20302934002551,0.903225806451613,0.299513336763389,0.8,0.943452380952381,0.857142857142857,0.916666666666667,0.142857142857143,0.0833333333333334,10.2857142857143,0.155844155844156
"4661",0.3105,5.54852409832466,0.903225806451613,0.347721714279664,0.842105263157895,0.922727272727273,0.727272727272727,1,0.272727272727273,0,Inf,0.272727272727273
"4662",0.775,9.6001735481076,0.935483870967742,0.32013274779219,0.857142857142857,0.907608695652174,0.75,1,0.25,0,Inf,0.25
"4663",0.1635,2.86969377023785,0.838709677419355,0.346974672443601,0.761904761904762,0.909090909090909,0.888888888888889,0.818181818181818,0.111111111111111,0.181818181818182,4.88888888888889,0.135802469135803
"4664",0.3055,5.02487494827872,0.903225806451613,0.316473226872633,0.857142857142857,0.95,0.9,0.904761904761905,0.1,0.0952380952380952,9.45,0.110526315789474
"4665",0.239,4.15495079138617,0.838709677419355,0.344832854387507,0.736842105263158,0.878787878787879,0.777777777777778,0.863636363636364,0.222222222222222,0.136363636363636,5.7037037037037,0.257309941520468
"4666",0.2245,3.80073490632464,0.870967741935484,0.352445717616783,0.818181818181818,0.914285714285714,0.9,0.857142857142857,0.1,0.142857142857143,6.3,0.116666666666667
"4667",0.243,4.17896365177362,0.935483870967742,0.300893364731971,0.909090909090909,0.980952380952381,1,0.904761904761905,0,0.0952380952380952,10.5,0
"4668",0.592,7.34217353555269,0.935483870967742,0.314888739626392,0.833333333333333,0.906666666666667,0.833333333333333,0.96,0.166666666666667,0.04,20.8333333333333,0.173611111111111
"4669",0.7535,8.63047411787312,0.870967741935484,0.388736723434756,0.75,0.838383838383838,0.666666666666667,0.954545454545455,0.333333333333333,0.0454545454545454,14.6666666666667,0.349206349206349
"4670",0.1125,2.64294420428183,0.774193548387097,0.440104373005991,0.810810810810811,0.839583333333333,0.9375,0.6,0.0625,0.4,2.34375,0.104166666666667
"4671",0.1955,4.14594087607228,0.903225806451613,0.403865403063771,0.857142857142857,0.904545454545455,0.818181818181818,0.95,0.181818181818182,0.05,16.3636363636363,0.191387559808612
"4672",0.648,7.3358058911351,0.870967741935484,0.360929395074562,0.666666666666667,0.846666666666667,0.666666666666667,0.92,0.333333333333333,0.08,8.33333333333334,0.36231884057971
"4673",0.091,2.23141526445752,0.67741935483871,0.454119244732946,0.615384615384615,0.755050505050505,0.888888888888889,0.590909090909091,0.111111111111111,0.409090909090909,2.17283950617284,0.188034188034188
"4674",0.125,2.80387931951632,0.838709677419355,0.408554678371536,0.782608695652174,0.842857142857143,0.9,0.80952380952381,0.1,0.19047619047619,4.725,0.123529411764706
"4675",0.081,2.66124512181239,0.870967741935484,0.472304754126902,0.866666666666667,0.885416666666667,0.866666666666667,0.875,0.133333333333333,0.125,6.93333333333333,0.152380952380952
"4676",0.264,4.17557600938386,0.935483870967742,0.26692336441622,0.875,0.9375,0.875,0.956521739130435,0.125,0.0434782608695652,20.125,0.130681818181818
"4677",0.1515,2.84925973405126,0.870967741935484,0.351493910095107,0.866666666666667,0.944444444444444,1,0.777777777777778,0,0.222222222222222,4.5,0
"4678",0.1675,2.84928607124337,0.774193548387097,0.396600512305898,0.758620689655172,0.870454545454545,1,0.65,0,0.35,2.85714285714286,0
"4679",0.1525,2.87074522054316,0.806451612903226,0.364945917565625,0.7,0.871212121212121,0.777777777777778,0.818181818181818,0.222222222222222,0.181818181818182,4.27777777777778,0.271604938271605
"4680",0.376,5.55055608662493,0.870967741935484,0.329835918989261,0.8,0.895238095238095,0.8,0.904761904761905,0.2,0.0952380952380952,8.4,0.221052631578947
"4681",0.2965,4.95956655350338,0.870967741935484,0.359636737516977,0.75,0.845959595959596,0.666666666666667,0.954545454545455,0.333333333333333,0.0454545454545454,14.6666666666667,0.349206349206349
"4682",0.096,2.60812365848504,0.774193548387097,0.445138116956357,0.758620689655172,0.848290598290598,0.846153846153846,0.722222222222222,0.153846153846154,0.277777777777778,3.04615384615385,0.21301775147929
"4683",0.2965,5.02758270849779,0.838709677419355,0.358688746891319,0.736842105263158,0.835858585858586,0.777777777777778,0.863636363636364,0.222222222222222,0.136363636363636,5.7037037037037,0.257309941520468
"4684",0.109,2.46463245751483,0.838709677419355,0.427215404384852,0.827586206896552,0.916666666666667,0.923076923076923,0.777777777777778,0.0769230769230769,0.222222222222222,4.15384615384615,0.0989010989010988
"4685",0.381,5.55287813914579,0.870967741935484,0.347856542113526,0.75,0.877717391304348,0.75,0.91304347826087,0.25,0.0869565217391305,8.62499999999999,0.273809523809524
"4686",0.702,9.19518159770615,0.935483870967742,0.275548376284829,0.8,0.913333333333333,0.666666666666667,1,0.333333333333333,0,Inf,0.333333333333333
"4687",0.1305,2.70707323194675,0.774193548387097,0.407268204089783,0.72,0.820454545454545,0.818181818181818,0.75,0.181818181818182,0.25,3.27272727272727,0.242424242424242
"4688",0.205,4.05802004879197,0.741935483870968,0.437599353659399,0.666666666666667,0.8,0.727272727272727,0.75,0.272727272727273,0.25,2.90909090909091,0.363636363636364
"4689",0.1645,2.82583754115611,0.806451612903226,0.383968839428832,0.727272727272727,0.875,1,0.739130434782609,0,0.260869565217391,3.83333333333333,0
"4690",0.31,5.34039868399928,0.903225806451613,0.328441193377477,0.842105263157895,0.921428571428571,0.8,0.952380952380952,0.2,0.0476190476190477,16.8,0.21
"4691",0.795,10.1387266666149,0.903225806451613,0.325263153579675,0.666666666666667,0.816666666666667,0.5,1,0.5,0,Inf,0.5
"4692",0.777,8.87057746331504,0.838709677419355,0.401581313620945,0.705882352941177,0.826190476190476,0.6,0.952380952380952,0.4,0.0476190476190477,12.6,0.42
"4693",0.351,5.02593968837395,0.903225806451613,0.269767981636119,0.8,0.963333333333333,1,0.88,0,0.12,8.33333333333333,0
"4694",0.876,10.4722652708325,0.870967741935484,0.397012531324969,0.6,0.791666666666667,0.428571428571429,1,0.571428571428571,0,Inf,0.571428571428571
"4695",0.247,4.42077099399979,0.806451612903226,0.363063760772287,0.75,0.861363636363636,0.818181818181818,0.8,0.181818181818182,0.2,4.09090909090909,0.227272727272727
"4696",0.154,2.64636076923533,0.774193548387097,0.37911980942689,0.695652173913043,0.875,1,0.695652173913043,0,0.304347826086957,3.28571428571429,0
"4697",0.108,2.07538702280063,0.806451612903226,0.368406328235732,0.727272727272727,0.885869565217391,1,0.739130434782609,0,0.260869565217391,3.83333333333333,0
"4698",0.149,2.85843698560182,0.806451612903226,0.360974050935882,0.727272727272727,0.893939393939394,0.888888888888889,0.772727272727273,0.111111111111111,0.227272727272727,3.91111111111111,0.143790849673203
"4699",0.2595,4.18059459943493,0.838709677419355,0.354985648415447,0.761904761904762,0.866161616161616,0.888888888888889,0.818181818181818,0.111111111111111,0.181818181818182,4.88888888888889,0.135802469135803
"4700",0.15,2.64558419125134,0.774193548387097,0.377988806374254,0.695652173913043,0.869565217391304,1,0.695652173913043,0,0.304347826086957,3.28571428571429,0
"4701",0.128,2.59705794230369,0.806451612903226,0.394612748070816,0.785714285714286,0.884090909090909,1,0.7,0,0.3,3.33333333333333,0
"4702",0.2975,4.9546402166553,0.870967741935484,0.342887897713126,0.714285714285714,0.854166666666667,0.714285714285714,0.916666666666667,0.285714285714286,0.0833333333333334,8.57142857142857,0.311688311688312
"4703",0.184,4.1485270216277,0.806451612903226,0.423302467219251,0.769230769230769,0.856837606837607,0.769230769230769,0.833333333333333,0.230769230769231,0.166666666666667,4.61538461538462,0.276923076923077
"4704",0.1415,2.8534518368511,0.709677419354839,0.43413051334008,0.571428571428571,0.72554347826087,0.75,0.695652173913043,0.25,0.304347826086957,2.46428571428571,0.359375
"4705",0.366,5.75272537446106,0.838709677419355,0.351578843612247,0.666666666666667,0.847826086956522,0.625,0.91304347826087,0.375,0.0869565217391305,7.1875,0.410714285714286
"4706",0.171,2.85212855913884,0.838709677419355,0.331913912178917,0.736842105263158,0.89945652173913,0.875,0.826086956521739,0.125,0.173913043478261,5.03125,0.151315789473684
"4707",0.146,2.65324128000224,0.870967741935484,0.330012794912055,0.777777777777778,0.929347826086957,0.875,0.869565217391304,0.125,0.130434782608696,6.70833333333333,0.14375
"4708",0.228,3.87421846891913,0.838709677419355,0.347947816432528,0.666666666666667,0.842261904761905,0.714285714285714,0.875,0.285714285714286,0.125,5.71428571428571,0.326530612244898
"4709",0.4475,6.95965112020372,0.903225806451613,0.306756912370013,0.823529411764706,0.946969696969697,0.777777777777778,0.954545454545455,0.222222222222222,0.0454545454545454,17.1111111111111,0.232804232804233
"4710",0.3655,5.02645498216859,0.838709677419355,0.371378083101345,0.736842105263158,0.891304347826087,0.875,0.826086956521739,0.125,0.173913043478261,5.03125,0.151315789473684
"4711",0.2065,3.697650280118,0.806451612903226,0.381749550381813,0.769230769230769,0.879545454545455,0.909090909090909,0.75,0.0909090909090909,0.25,3.63636363636364,0.121212121212121
"4712",0.6125,8.64088875872871,0.870967741935484,0.354633055943555,0.777777777777778,0.902272727272727,0.636363636363636,1,0.363636363636364,0,Inf,0.363636363636364
"4713",0.2975,5.02824012428052,0.903225806451613,0.318131834712308,0.8,0.940217391304348,0.75,0.956521739130435,0.25,0.0434782608695652,17.25,0.261363636363636
"4714",0.186,3.97491783426544,0.870967741935484,0.401308106148766,0.846153846153846,0.920940170940171,0.846153846153846,0.888888888888889,0.153846153846154,0.111111111111111,7.61538461538461,0.173076923076923
"4715",0.152,2.64442135415087,0.774193548387097,0.355835540590433,0.72,0.891414141414141,1,0.681818181818182,0,0.318181818181818,3.14285714285714,0
"4716",0.063,1.78017963542153,0.774193548387097,0.47497592435878,0.8,0.850840336134454,1,0.588235294117647,0,0.411764705882353,2.42857142857143,0
"4717",0.3795,6.1780964710903,0.903225806451613,0.318774108663521,0.857142857142857,0.920454545454545,0.818181818181818,0.95,0.181818181818182,0.05,16.3636363636363,0.191387559808612
"4718",0.1365,2.50518427768073,0.774193548387097,0.382753821781036,0.631578947368421,0.818452380952381,0.857142857142857,0.75,0.142857142857143,0.25,3.42857142857143,0.190476190476191
"4719",0.1945,4.13142328024529,0.806451612903226,0.429160715548445,0.769230769230769,0.833333333333333,0.833333333333333,0.789473684210526,0.166666666666667,0.210526315789474,3.95833333333333,0.211111111111111
"4720",0.1185,2.84708022032783,0.709677419354839,0.429935985620421,0.689655172413793,0.780701754385965,0.833333333333333,0.631578947368421,0.166666666666667,0.368421052631579,2.26190476190476,0.263888888888889
"4721",0.281,4.40382597091713,0.967741935483871,0.257323272186155,0.941176470588235,0.994565217391304,1,0.956521739130435,0,0.0434782608695652,23,0
"4722",0.1555,3.62753552944994,0.774193548387097,0.44917436730411,0.774193548387097,0.810924369747899,0.857142857142857,0.705882352941177,0.142857142857143,0.294117647058823,2.91428571428571,0.202380952380952
"4723",0.135,2.4577878771994,0.838709677419355,0.357125801536002,0.782608695652174,0.914285714285714,0.9,0.80952380952381,0.1,0.19047619047619,4.725,0.123529411764706
"4724",0.1565,2.75046962042283,0.709677419354839,0.456195810132156,0.571428571428571,0.779761904761905,0.857142857142857,0.666666666666667,0.142857142857143,0.333333333333333,2.57142857142857,0.214285714285714
"4725",0.22,4.18075094229513,0.838709677419355,0.38490995151783,0.705882352941177,0.818181818181818,0.666666666666667,0.909090909090909,0.333333333333333,0.0909090909090909,7.33333333333333,0.366666666666667
"4726",0.317,4.98782549831606,0.806451612903226,0.402765375321384,0.666666666666667,0.830808080808081,0.666666666666667,0.863636363636364,0.333333333333333,0.136363636363636,4.88888888888889,0.385964912280702
"4727",0.289,4.37588506594105,0.870967741935484,0.343697571991563,0.75,0.889880952380952,0.857142857142857,0.875,0.142857142857143,0.125,6.85714285714286,0.163265306122449
"4728",0.1045,1.8232120440357,0.774193548387097,0.361517152004115,0.72,0.888888888888889,1,0.681818181818182,0,0.318181818181818,3.14285714285714,0
"4729",0.46,6.80941981937818,0.806451612903226,0.398784895435384,0.7,0.829545454545455,0.636363636363636,0.9,0.363636363636364,0.1,6.36363636363637,0.404040404040404
"4730",0.2485,4.15331146222666,0.903225806451613,0.324678355013625,0.823529411764706,0.921195652173913,0.875,0.91304347826087,0.125,0.0869565217391305,10.0625,0.136904761904762
"4731",0.1285,2.64750772332002,0.774193548387097,0.371249549137119,0.72,0.872727272727273,0.818181818181818,0.75,0.181818181818182,0.25,3.27272727272727,0.242424242424242
"4732",0.3255,5.2699735207095,0.870967741935484,0.342472665625805,0.666666666666667,0.806547619047619,0.571428571428571,0.958333333333333,0.428571428571429,0.0416666666666666,13.7142857142857,0.447204968944099
"4733",0.215,3.86901588906475,0.903225806451613,0.356070010399781,0.857142857142857,0.9,0.9,0.904761904761905,0.1,0.0952380952380952,9.45,0.110526315789474
"4734",0.844,10.1248220415383,0.903225806451613,0.365878298434439,0.823529411764706,0.871428571428571,0.7,1,0.3,0,Inf,0.3
"4735",0.514,5.66744125836205,0.870967741935484,0.365798284235833,0.666666666666667,0.925925925925926,1,0.851851851851852,0,0.148148148148148,6.75,0
"4736",0.496,6.9526640511983,0.870967741935484,0.342849223447148,0.714285714285714,0.883152173913043,0.625,0.956521739130435,0.375,0.0434782608695652,14.375,0.392045454545455
"4737",0.113,2.7516294260269,0.870967741935484,0.42755323089397,0.846153846153846,0.903508771929824,0.916666666666667,0.842105263157895,0.0833333333333334,0.157894736842105,5.80555555555555,0.0989583333333334
"4738",0.1585,2.64795615349995,0.774193548387097,0.400636972772235,0.631578947368421,0.854166666666667,0.857142857142857,0.75,0.142857142857143,0.25,3.42857142857143,0.190476190476191
"4739",0.2115,3.87483970304125,0.806451612903226,0.396564711361256,0.727272727272727,0.873809523809524,0.8,0.80952380952381,0.2,0.19047619047619,4.2,0.247058823529412
"4740",0.2785,4.20637522407557,0.870967741935484,0.335912821913849,0.777777777777778,0.91304347826087,0.875,0.869565217391304,0.125,0.130434782608696,6.70833333333333,0.14375
"4741",0.0955,2.64253328027942,0.806451612903226,0.438914370830978,0.75,0.838636363636364,0.818181818181818,0.8,0.181818181818182,0.2,4.09090909090909,0.227272727272727
"4742",0.285,5.03170893456845,0.838709677419355,0.399847230781882,0.705882352941177,0.838095238095238,0.6,0.952380952380952,0.4,0.0476190476190477,12.6,0.42
"4743",0.2275,4.15174997740389,0.870967741935484,0.364146676113059,0.846153846153846,0.921052631578947,0.916666666666667,0.842105263157895,0.0833333333333334,0.157894736842105,5.80555555555555,0.0989583333333334
"4744",0.295,5.33905679415667,0.870967741935484,0.368893088153659,0.8,0.886363636363636,0.727272727272727,0.95,0.272727272727273,0.05,14.5454545454545,0.287081339712919
"4745",0.218,4.20613597077366,0.774193548387097,0.453657569372825,0.695652173913043,0.795454545454545,0.727272727272727,0.8,0.272727272727273,0.2,3.63636363636364,0.340909090909091
"4746",0.5055,7.0460842095063,0.935483870967742,0.279576813446377,0.8,0.946666666666667,0.666666666666667,1,0.333333333333333,0,Inf,0.333333333333333
"4747",0.2295,4.18625384353345,0.838709677419355,0.411374614125845,0.736842105263158,0.818181818181818,0.777777777777778,0.863636363636364,0.222222222222222,0.136363636363636,5.7037037037037,0.257309941520468
"4748",0.538,7.67579488516747,0.935483870967742,0.277747837750227,0.857142857142857,0.951086956521739,0.75,1,0.25,0,Inf,0.25
"4749",0.233,4.3986455205635,0.806451612903226,0.402356249003024,0.7,0.830952380952381,0.7,0.857142857142857,0.3,0.142857142857143,4.9,0.35
"4750",0.101,2.25340516580506,0.741935483870968,0.422993544822569,0.714285714285714,0.829545454545454,0.909090909090909,0.65,0.0909090909090909,0.35,2.5974025974026,0.13986013986014
"4751",0.146,2.84808093405397,0.870967741935484,0.367445795156551,0.846153846153846,0.927272727272727,1,0.8,0,0.2,5,0
"4752",0.462,6.33755015140905,0.870967741935484,0.344704734441698,0.666666666666667,0.770833333333333,0.571428571428571,0.958333333333333,0.428571428571429,0.0416666666666666,13.7142857142857,0.447204968944099
"4753",0.342,5.74687732994568,0.935483870967742,0.325483780701472,0.875,0.94949494949495,0.777777777777778,1,0.222222222222222,0,Inf,0.222222222222222
"4754",0.2215,3.66845762285699,0.838709677419355,0.34897457079952,0.827586206896552,0.907894736842105,1,0.736842105263158,0,0.263157894736842,3.8,0
"4755",0.4015,6.5068049902074,0.870967741935484,0.361981727514163,0.75,0.84047619047619,0.6,1,0.4,0,Inf,0.4
"4756",0.3895,5.7535429459199,0.935483870967742,0.298858175380879,0.875,0.929347826086957,0.875,0.956521739130435,0.125,0.0434782608695652,20.125,0.130681818181818
"4757",0.2715,5.02534727671015,0.870967741935484,0.351830425057226,0.818181818181818,0.940909090909091,0.818181818181818,0.9,0.181818181818182,0.1,8.18181818181818,0.202020202020202
"4758",0.233,3.87220735486385,0.741935483870968,0.369038116292633,0.636363636363636,0.823232323232323,0.777777777777778,0.727272727272727,0.222222222222222,0.272727272727273,2.85185185185185,0.305555555555556
"4759",0.1885,3.96946006076447,0.838709677419355,0.40581742089214,0.761904761904762,0.879545454545455,0.727272727272727,0.9,0.272727272727273,0.1,7.27272727272727,0.303030303030303
"4760",0.174,4.1292382472864,0.806451612903226,0.463712799829554,0.727272727272727,0.815909090909091,0.727272727272727,0.85,0.272727272727273,0.15,4.84848484848485,0.320855614973262
"4761",0.3235,4.95330928664448,0.838709677419355,0.359390057836345,0.782608695652174,0.89047619047619,0.9,0.80952380952381,0.1,0.19047619047619,4.725,0.123529411764706
"4762",0.1965,4.12510997108735,0.903225806451613,0.402021588855812,0.857142857142857,0.927272727272727,0.818181818181818,0.95,0.181818181818182,0.05,16.3636363636363,0.191387559808612
"4763",0.1085,2.75051552124819,0.774193548387097,0.456747834238047,0.72,0.827272727272727,0.818181818181818,0.75,0.181818181818182,0.25,3.27272727272727,0.242424242424242
"4764",0.0985,2.84913434594934,0.838709677419355,0.466121234570576,0.782608695652174,0.839912280701754,0.75,0.894736842105263,0.25,0.105263157894737,7.125,0.279411764705882
"4765",0.299,5.0310147236659,0.870967741935484,0.356732806115856,0.8,0.897619047619048,0.8,0.904761904761905,0.2,0.0952380952380952,8.4,0.221052631578947
"4766",0.4355,5.6868300330395,0.838709677419355,0.365036117190895,0.666666666666667,0.830357142857143,0.714285714285714,0.875,0.285714285714286,0.125,5.71428571428571,0.326530612244898
"4767",0.536,7.24641815645973,0.903225806451613,0.313235869709527,0.842105263157895,0.923809523809524,0.8,0.952380952380952,0.2,0.0476190476190477,16.8,0.21
"4768",0.246,4.14844512582074,0.903225806451613,0.310106477521177,0.823529411764706,0.96195652173913,0.875,0.91304347826087,0.125,0.0869565217391305,10.0625,0.136904761904762
"4769",0.1795,3.92779633794154,0.838709677419355,0.415332495652561,0.782608695652174,0.895454545454546,0.818181818181818,0.85,0.181818181818182,0.15,5.45454545454545,0.213903743315508
"4770",0.7135,8.91085141197039,0.903225806451613,0.303761138623339,0.8,0.945652173913043,0.75,0.956521739130435,0.25,0.0434782608695652,17.25,0.261363636363636
"4771",0.186,3.88149900749184,0.806451612903226,0.400533604097548,0.7,0.816666666666667,0.7,0.857142857142857,0.3,0.142857142857143,4.9,0.35
"4772",0.2545,3.9213357111606,0.903225806451613,0.306267501845269,0.869565217391304,0.947619047619048,1,0.857142857142857,0,0.142857142857143,7,0
"4773",0.112,2.60155471600769,0.806451612903226,0.429733016768471,0.8,0.901709401709402,0.923076923076923,0.722222222222222,0.0769230769230769,0.277777777777778,3.32307692307692,0.106508875739645
"4774",0.484,7.22292475469486,0.870967741935484,0.328873776211845,0.8,0.904545454545455,0.727272727272727,0.95,0.272727272727273,0.05,14.5454545454545,0.287081339712919
"4775",0.2565,4.15110314960763,0.870967741935484,0.392144045347981,0.777777777777778,0.902173913043478,0.875,0.869565217391304,0.125,0.130434782608696,6.70833333333333,0.14375
"4776",0.0915,2.71088716437004,0.806451612903226,0.468171645516422,0.7,0.787878787878788,0.777777777777778,0.818181818181818,0.222222222222222,0.181818181818182,4.27777777777778,0.271604938271605
"4777",0.2365,4.12595080712202,0.838709677419355,0.362648707287713,0.761904761904762,0.85952380952381,0.8,0.857142857142857,0.2,0.142857142857143,5.6,0.233333333333333
"4778",0.085,1.95160255910095,0.709677419354839,0.415296728631355,0.727272727272727,0.82051282051282,0.923076923076923,0.555555555555556,0.0769230769230769,0.444444444444444,2.07692307692308,0.138461538461538
"4779",0.6025,8.33396217094442,0.903225806451613,0.311457470494515,0.769230769230769,0.907608695652174,0.625,1,0.375,0,Inf,0.375
"4780",0.6985,8.87609502098553,0.870967741935484,0.34380628606983,0.666666666666667,0.853260869565217,0.5,1,0.5,0,Inf,0.5
"4781",0.5305,6.95012370443382,0.903225806451613,0.324467476363071,0.8,0.896739130434783,0.75,0.956521739130435,0.25,0.0434782608695652,17.25,0.261363636363636
"4782",0.321,5.55929412062488,0.838709677419355,0.385079214141299,0.8,0.888888888888889,0.769230769230769,0.888888888888889,0.230769230769231,0.111111111111111,6.92307692307692,0.259615384615385
"4783",0.34,5.55211262736675,0.806451612903226,0.399674703679882,0.75,0.846491228070175,0.75,0.842105263157895,0.25,0.157894736842105,4.75,0.296875
"4784",0.098,2.65285305885962,0.903225806451613,0.434689570068313,0.903225806451613,0.897916666666667,0.875,0.933333333333333,0.125,0.0666666666666667,13.125,0.133928571428571
"4785",0.279,4.20275895119553,0.903225806451613,0.303152392152976,0.857142857142857,0.95959595959596,1,0.863636363636364,0,0.136363636363636,7.33333333333333,0
"4786",0.2445,4.20739557271451,0.870967741935484,0.34400428604701,0.714285714285714,0.895833333333333,0.714285714285714,0.916666666666667,0.285714285714286,0.0833333333333334,8.57142857142857,0.311688311688312
"4787",0.1035,2.85807597420929,0.838709677419355,0.447203084456677,0.736842105263158,0.835714285714286,0.7,0.904761904761905,0.3,0.0952380952380952,7.35,0.331578947368421
"4788",0.22,3.62322306414435,0.838709677419355,0.322812106744243,0.705882352941177,0.833333333333333,0.857142857142857,0.833333333333333,0.142857142857143,0.166666666666667,5.14285714285714,0.171428571428571
"4789",0.5245,6.95112711048323,0.967741935483871,0.265728208690025,0.909090909090909,0.943333333333333,0.833333333333333,1,0.166666666666667,0,Inf,0.166666666666667
"4790",0.1865,3.79931170132211,0.838709677419355,0.391836164689657,0.827586206896552,0.884615384615385,0.923076923076923,0.777777777777778,0.0769230769230769,0.222222222222222,4.15384615384615,0.0989010989010988
"4791",0.264,4.36898638025358,0.870967741935484,0.327046787144045,0.75,0.864130434782609,0.75,0.91304347826087,0.25,0.0869565217391305,8.62499999999999,0.273809523809524
"4792",0.236,4.15513810422983,0.935483870967742,0.310620753646841,0.888888888888889,0.974747474747475,0.888888888888889,0.954545454545455,0.111111111111111,0.0454545454545454,19.5555555555556,0.116402116402116
"4793",0.1125,2.65061287812303,0.838709677419355,0.447845973077222,0.827586206896552,0.861842105263158,1,0.736842105263158,0,0.263157894736842,3.8,0
"4794",0.203,3.91580493314037,0.838709677419355,0.385490025740688,0.705882352941177,0.818181818181818,0.666666666666667,0.909090909090909,0.333333333333333,0.0909090909090909,7.33333333333333,0.366666666666667
"4795",0.3245,4.95210921913974,0.967741935483871,0.247420302963471,0.941176470588235,0.994565217391304,1,0.956521739130435,0,0.0434782608695652,23,0
"4796",0.233,3.97648470712956,0.774193548387097,0.368447801001435,0.631578947368421,0.817934782608696,0.75,0.782608695652174,0.25,0.217391304347826,3.45,0.319444444444444
"4797",0.0675,2.30917641198322,0.774193548387097,0.488903856299855,0.787878787878788,0.822916666666667,0.866666666666667,0.6875,0.133333333333333,0.3125,2.77333333333333,0.193939393939394
"4798",0.7135,8.89955648589238,0.838709677419355,0.399186946541366,0.545454545454545,0.722826086956522,0.375,1,0.625,0,Inf,0.625
"4799",0.0735,1.82108986833617,0.709677419354839,0.455974948214,0.666666666666667,0.830808080808081,1,0.590909090909091,0,0.409090909090909,2.44444444444444,0
"4800",0.2135,3.9860334325685,0.806451612903226,0.437811021831454,0.666666666666667,0.782828282828283,0.666666666666667,0.863636363636364,0.333333333333333,0.136363636363636,4.88888888888889,0.385964912280702
"4801",0.242,4.6157974038518,0.838709677419355,0.391977533522266,0.782608695652174,0.824561403508772,0.75,0.894736842105263,0.25,0.105263157894737,7.125,0.279411764705882
"4802",0.2725,4.15273862712434,0.806451612903226,0.353350734031512,0.7,0.847826086956522,0.875,0.782608695652174,0.125,0.217391304347826,4.025,0.159722222222222
"4803",0.204,4.21203038105133,0.870967741935484,0.385832364419307,0.777777777777778,0.916666666666667,0.7,0.952380952380952,0.3,0.0476190476190477,14.7,0.315
"4804",0.2395,4.95929750352037,0.870967741935484,0.391677901523071,0.833333333333333,0.86965811965812,0.769230769230769,0.944444444444444,0.230769230769231,0.0555555555555556,13.8461538461538,0.244343891402715
"4805",0.4815,6.95210907630685,0.870967741935484,0.336128823165204,0.714285714285714,0.883152173913043,0.625,0.956521739130435,0.375,0.0434782608695652,14.375,0.392045454545455
"4806",0.1135,2.59693139565453,0.774193548387097,0.405884966830842,0.72,0.834090909090909,0.818181818181818,0.75,0.181818181818182,0.25,3.27272727272727,0.242424242424242
"4807",0.43,6.67162656604066,0.903225806451613,0.309655551582487,0.842105263157895,0.916666666666667,0.8,0.952380952380952,0.2,0.0476190476190477,16.8,0.21
"4808",0.499,6.94868292631111,0.903225806451613,0.313119365026661,0.8,0.902173913043478,0.75,0.956521739130435,0.25,0.0434782608695652,17.25,0.261363636363636
"4809",0.309,4.95093877567768,0.838709677419355,0.345173351633802,0.615384615384615,0.773809523809524,0.571428571428571,0.916666666666667,0.428571428571429,0.0833333333333334,6.85714285714285,0.467532467532468
"4810",0.3535,5.75003873571766,0.903225806451613,0.32815933294188,0.8,0.886363636363636,0.666666666666667,1,0.333333333333333,0,Inf,0.333333333333333
"4811",0.149,2.84985838407833,0.935483870967742,0.364199147034431,0.888888888888889,0.956521739130435,1,0.91304347826087,0,0.0869565217391305,11.5,0
"4812",0.2735,4.626927877186,0.903225806451613,0.308593230665644,0.842105263157895,0.954545454545455,0.888888888888889,0.909090909090909,0.111111111111111,0.0909090909090909,9.77777777777777,0.122222222222222
"4813",0.2405,3.73312185271795,0.903225806451613,0.307666824015849,0.769230769230769,0.913333333333333,0.833333333333333,0.92,0.166666666666667,0.08,10.4166666666667,0.181159420289855
"4814",0.0955,2.06660264337628,0.741935483870968,0.416011076591185,0.714285714285714,0.822727272727273,0.909090909090909,0.65,0.0909090909090909,0.35,2.5974025974026,0.13986013986014
"4815",0.107,2.64251437729608,0.838709677419355,0.46122634176052,0.782608695652174,0.852380952380952,0.9,0.80952380952381,0.1,0.19047619047619,4.725,0.123529411764706
"4816",0.271,4.95381879994588,0.838709677419355,0.371439219229737,0.761904761904762,0.822727272727273,0.727272727272727,0.9,0.272727272727273,0.1,7.27272727272727,0.303030303030303
"4817",0.2105,3.87020129572638,0.935483870967742,0.337725022714807,0.9,0.914285714285714,0.9,0.952380952380952,0.1,0.0476190476190477,18.9,0.105
"4818",0.098,2.00324955151975,0.67741935483871,0.427116217127856,0.583333333333333,0.797619047619048,1,0.583333333333333,0,0.416666666666667,2.4,0
"4819",0.2365,4.20283384131715,0.806451612903226,0.409106378562005,0.75,0.85,0.818181818181818,0.8,0.181818181818182,0.2,4.09090909090909,0.227272727272727
"4820",0.379,5.74634506429074,0.903225806451613,0.314224000845597,0.823529411764706,0.919191919191919,0.777777777777778,0.954545454545455,0.222222222222222,0.0454545454545454,17.1111111111111,0.232804232804233
"4821",0.102,2.00105919066949,0.709677419354839,0.400646002437382,0.709677419354839,0.856818181818182,1,0.55,0,0.45,2.22222222222222,0
"4822",0.3145,4.95101956667646,0.935483870967742,0.277722544000201,0.888888888888889,0.978260869565217,1,0.91304347826087,0,0.0869565217391305,11.5,0
"4823",0.5025,6.65470058947404,0.935483870967742,0.293020991375899,0.875,0.956521739130435,0.875,0.956521739130435,0.125,0.0434782608695652,20.125,0.130681818181818
"4824",0.2265,4.08439879143409,0.870967741935484,0.359717322134927,0.666666666666667,0.839285714285714,0.571428571428571,0.958333333333333,0.428571428571429,0.0416666666666666,13.7142857142857,0.447204968944099
"4825",0.359,5.74740026852107,0.870967741935484,0.364878496561023,0.777777777777778,0.892857142857143,0.7,0.952380952380952,0.3,0.0476190476190477,14.7,0.315
"4826",0.07,2.2251011697408,0.774193548387097,0.47157533994566,0.740740740740741,0.850877192982456,0.833333333333333,0.736842105263158,0.166666666666667,0.263157894736842,3.16666666666667,0.226190476190476
"4827",0.101,2.44917301475808,0.709677419354839,0.439714303837512,0.608695652173913,0.828282828282828,0.777777777777778,0.681818181818182,0.222222222222222,0.318181818181818,2.44444444444444,0.325925925925926
"4828",0.6365,8.51304734789733,0.870967741935484,0.340283033113117,0.666666666666667,0.885869565217391,0.5,1,0.5,0,Inf,0.5
"4829",0.7555,8.8474032977731,0.903225806451613,0.347977668676825,0.666666666666667,0.861538461538462,0.6,0.961538461538462,0.4,0.0384615384615384,15.6,0.416
"4830",0.4045,5.02692358504251,0.903225806451613,0.280314152567521,0.4,0.9,1,0.9,0,0.1,10,0
"4831",0.2665,3.86981461058307,0.806451612903226,0.348601950260082,0.727272727272727,0.904891304347826,1,0.739130434782609,0,0.260869565217391,3.83333333333333,0
"4832",0.323,5.55739374641707,0.903225806451613,0.320052553358846,0.869565217391304,0.894736842105263,0.833333333333333,0.947368421052632,0.166666666666667,0.0526315789473685,15.8333333333333,0.175925925925926
"4833",0.4525,6.35423618941944,0.935483870967742,0.267324927119035,0.8,0.961538461538462,0.8,0.961538461538462,0.2,0.0384615384615384,20.8,0.208
"4834",0.1705,2.84717227998317,0.838709677419355,0.344910952313818,0.761904761904762,0.921717171717172,0.888888888888889,0.818181818181818,0.111111111111111,0.181818181818182,4.88888888888889,0.135802469135803
"4835",0.3485,5.75319765025021,0.870967741935484,0.358140214573767,0.777777777777778,0.89047619047619,0.7,0.952380952380952,0.3,0.0476190476190477,14.7,0.315
"4836",0.1385,2.65179567355336,0.903225806451613,0.355536624154709,0.823529411764706,0.952380952380952,1,0.875,0,0.125,8,0
"4837",0.7345,7.23146507833684,0.806451612903226,0.454584590886874,0.7,0.807142857142857,0.7,0.857142857142857,0.3,0.142857142857143,4.9,0.35
"4838",0.2095,3.70859537262806,0.774193548387097,0.412708291254654,0.758620689655172,0.828947368421053,0.916666666666667,0.684210526315789,0.0833333333333334,0.315789473684211,2.90277777777778,0.121794871794872
"4839",0.766,8.62669797346003,0.903225806451613,0.337166842168804,0.823529411764706,0.929347826086957,0.875,0.91304347826087,0.125,0.0869565217391305,10.0625,0.136904761904762
"4840",0.214,3.92170093491974,0.870967741935484,0.344278976714038,0.833333333333333,0.93859649122807,0.833333333333333,0.894736842105263,0.166666666666667,0.105263157894737,7.91666666666667,0.186274509803922
"4841",0.201,4.12553177579761,0.870967741935484,0.383390137549835,0.833333333333333,0.925438596491228,0.833333333333333,0.894736842105263,0.166666666666667,0.105263157894737,7.91666666666667,0.186274509803922
"4842",0.5265,6.65143561802797,0.838709677419355,0.388683525671663,0.705882352941177,0.810606060606061,0.666666666666667,0.909090909090909,0.333333333333333,0.0909090909090909,7.33333333333333,0.366666666666667
"4843",0.454,6.9447827968928,0.903225806451613,0.339089396925581,0.823529411764706,0.857142857142857,0.7,1,0.3,0,Inf,0.3
"4844",0.169,2.85538250752541,0.903225806451613,0.337260829661384,0.842105263157895,0.940217391304348,1,0.869565217391304,0,0.130434782608696,7.66666666666667,0
"4845",0.2975,5.02544008617525,0.903225806451613,0.347458929532565,0.8,0.904891304347826,0.75,0.956521739130435,0.25,0.0434782608695652,17.25,0.261363636363636
"4846",0.2735,3.91074844806694,0.903225806451613,0.297600606868572,0.769230769230769,0.946153846153846,1,0.884615384615385,0,0.115384615384615,8.66666666666666,0
"4847",0.136,2.75032109720714,0.870967741935484,0.366321930177886,0.777777777777778,0.931818181818182,0.777777777777778,0.909090909090909,0.222222222222222,0.0909090909090909,8.55555555555555,0.244444444444444
"4848",0.1305,2.35150700378614,0.774193548387097,0.367789015272191,0.740740740740741,0.880952380952381,1,0.666666666666667,0,0.333333333333333,3,0
"4849",0.653,8.13797941703545,0.903225806451613,0.307578187105121,0.8,0.91304347826087,0.75,0.956521739130435,0.25,0.0434782608695652,17.25,0.261363636363636
"4850",0.5985,8.3307528809022,0.870967741935484,0.357892034244174,0.75,0.852380952380952,0.6,1,0.4,0,Inf,0.4
"4851",0.2545,3.92681328859213,0.838709677419355,0.35620585458239,0.782608695652174,0.869047619047619,0.9,0.80952380952381,0.1,0.19047619047619,4.725,0.123529411764706
"4852",0.1105,2.75545630855996,0.903225806451613,0.420892988108389,0.88,0.959401709401709,0.846153846153846,0.944444444444444,0.153846153846154,0.0555555555555556,15.2307692307692,0.16289592760181
"4853",0.132,2.8417623169414,0.774193548387097,0.432916868327793,0.72,0.823809523809524,0.9,0.714285714285714,0.1,0.285714285714286,3.15,0.14
"4854",0.221,3.97233960606606,0.903225806451613,0.34485483715694,0.769230769230769,0.848214285714286,0.714285714285714,0.958333333333333,0.285714285714286,0.0416666666666666,17.1428571428572,0.298136645962733
"4855",0.2285,3.60833732636779,0.903225806451613,0.339837411710927,0.8,0.913333333333333,1,0.88,0,0.12,8.33333333333333,0
"4856",0.2165,4.15408890535915,0.806451612903226,0.416798061916052,0.8,0.852564102564103,0.923076923076923,0.722222222222222,0.0769230769230769,0.277777777777778,3.32307692307692,0.106508875739645
"4857",0.858,10.3823248714608,0.870967741935484,0.372716680882801,0.714285714285714,0.888888888888889,0.555555555555556,1,0.444444444444444,0,Inf,0.444444444444444
"4858",0.1545,2.85113020419202,0.774193548387097,0.382347670146706,0.740740740740741,0.872727272727273,0.909090909090909,0.7,0.0909090909090909,0.3,3.03030303030303,0.12987012987013
"4859",0.2025,3.61525444350939,0.838709677419355,0.345890364696283,0.736842105263158,0.888888888888889,0.777777777777778,0.863636363636364,0.222222222222222,0.136363636363636,5.7037037037037,0.257309941520468
"4860",0.454,6.96014844767273,0.870967741935484,0.340500424644627,0.833333333333333,0.89957264957265,0.769230769230769,0.944444444444444,0.230769230769231,0.0555555555555556,13.8461538461538,0.244343891402715
"4861",0.1575,3.7551602953294,0.806451612903226,0.438262060377585,0.769230769230769,0.856837606837607,0.769230769230769,0.833333333333333,0.230769230769231,0.166666666666667,4.61538461538462,0.276923076923077
"4862",0.1575,2.84718047751907,0.806451612903226,0.36678430158947,0.727272727272727,0.891414141414141,0.888888888888889,0.772727272727273,0.111111111111111,0.227272727272727,3.91111111111111,0.143790849673203
"4863",0.2645,4.60971246674484,0.870967741935484,0.331359651478167,0.8,0.852380952380952,0.8,0.904761904761905,0.2,0.0952380952380952,8.4,0.221052631578947
"4864",0.2345,4.12369251340114,0.903225806451613,0.332671500271001,0.857142857142857,0.957142857142857,0.9,0.904761904761905,0.1,0.0952380952380952,9.45,0.110526315789474
"4865",0.3465,5.74489713552974,0.903225806451613,0.355849648105827,0.823529411764706,0.871212121212121,0.777777777777778,0.954545454545455,0.222222222222222,0.0454545454545454,17.1111111111111,0.232804232804233
"4866",0.339,5.55063834046625,0.870967741935484,0.339268886398435,0.818181818181818,0.927272727272727,0.818181818181818,0.9,0.181818181818182,0.1,8.18181818181818,0.202020202020202
"4867",0.324,5.55609316942187,0.935483870967742,0.322897055415196,0.909090909090909,0.959090909090909,0.909090909090909,0.95,0.0909090909090909,0.05,18.1818181818182,0.0956937799043063
"4868",0.655,8.31593216500994,0.838709677419355,0.378684305390623,0.705882352941177,0.85,0.6,0.952380952380952,0.4,0.0476190476190477,12.6,0.42
"4869",0.2695,4.61010825346957,0.903225806451613,0.307235702680806,0.869565217391304,0.95,0.909090909090909,0.9,0.0909090909090909,0.1,9.09090909090909,0.101010101010101
"4870",0.249,3.92210455753314,0.903225806451613,0.329421490911958,0.869565217391304,0.942857142857143,1,0.857142857142857,0,0.142857142857143,7,0
"4871",0.129,2.76030109908934,0.903225806451613,0.409443341536146,0.903225806451613,0.903361344537815,1,0.823529411764706,0,0.176470588235294,5.66666666666667,0
"4872",0.262,4.1785529136752,0.903225806451613,0.318824548096659,0.769230769230769,0.933333333333333,0.833333333333333,0.92,0.166666666666667,0.08,10.4166666666667,0.181159420289855
"4873",0.267,4.38243821436725,0.838709677419355,0.368199757093786,0.761904761904762,0.880952380952381,0.8,0.857142857142857,0.2,0.142857142857143,5.6,0.233333333333333
"4874",0.3675,5.74837541370462,0.903225806451613,0.313950411043918,0.8,0.869565217391304,0.75,0.956521739130435,0.25,0.0434782608695652,17.25,0.261363636363636
"4875",0.1325,2.29278853741301,0.870967741935484,0.349669339966555,0.818181818181818,0.944444444444444,1,0.818181818181818,0,0.181818181818182,5.5,0
"4876",0.282,4.60222705203557,0.935483870967742,0.289815802843796,0.875,0.942934782608696,0.875,0.956521739130435,0.125,0.0434782608695652,20.125,0.130681818181818
"4877",0.079,1.82191388630319,0.67741935483871,0.413072459907275,0.615384615384615,0.782828282828283,0.888888888888889,0.590909090909091,0.111111111111111,0.409090909090909,2.17283950617284,0.188034188034188
"4878",0.3445,5.75111924498143,0.806451612903226,0.40539388763138,0.7,0.816666666666667,0.7,0.857142857142857,0.3,0.142857142857143,4.9,0.35
"4879",0.25,4.20501336865519,0.903225806451613,0.316845622574774,0.823529411764706,0.873737373737374,0.777777777777778,0.954545454545455,0.222222222222222,0.0454545454545454,17.1111111111111,0.232804232804233
"4880",0.413,5.75398624258352,0.903225806451613,0.317658890910927,0.823529411764706,0.885869565217391,0.875,0.91304347826087,0.125,0.0869565217391305,10.0625,0.136904761904762
"4881",0.178,2.81982013517402,0.903225806451613,0.303079763119851,0.842105263157895,0.951086956521739,1,0.869565217391304,0,0.130434782608696,7.66666666666667,0
"4882",0.645,8.30660121997265,0.903225806451613,0.315174915155437,0.666666666666667,0.866666666666667,0.5,1,0.5,0,Inf,0.5
"4883",0.29,4.4042209155892,0.903225806451613,0.299102542443617,0.823529411764706,0.923913043478261,0.875,0.91304347826087,0.125,0.0869565217391305,10.0625,0.136904761904762
"4884",0.4385,6.57805109874494,0.903225806451613,0.297592306810155,0.823529411764706,0.941919191919192,0.777777777777778,0.954545454545455,0.222222222222222,0.0454545454545454,17.1111111111111,0.232804232804233
"4885",0.144,2.46446245624017,0.774193548387097,0.354178930490601,0.72,0.901515151515151,1,0.681818181818182,0,0.318181818181818,3.14285714285714,0
"4886",0.2365,3.7862329389272,0.903225806451613,0.300088716531352,0.857142857142857,0.952020202020202,1,0.863636363636364,0,0.136363636363636,7.33333333333333,0
"4887",0.3505,5.75083234289472,0.903225806451613,0.330163085572052,0.8,0.876262626262626,0.666666666666667,1,0.333333333333333,0,Inf,0.333333333333333
"4888",0.2785,3.96969595458442,0.838709677419355,0.352037834738644,0.736842105263158,0.907738095238095,1,0.791666666666667,0,0.208333333333333,4.8,0
"4889",0.0825,1.81571555930066,0.741935483870968,0.447858245501095,0.764705882352941,0.829059829059829,1,0.555555555555556,0,0.444444444444444,2.25,0
"4890",0.65,7.77028662437083,0.903225806451613,0.329226292350888,0.769230769230769,0.863095238095238,0.714285714285714,0.958333333333333,0.285714285714286,0.0416666666666666,17.1428571428572,0.298136645962733
"4891",0.4935,6.65158868660313,0.935483870967742,0.274926232095099,0.857142857142857,0.970238095238095,0.857142857142857,0.958333333333333,0.142857142857143,0.0416666666666666,20.5714285714286,0.149068322981366
"4892",0.695,9.05663614723124,0.903225806451613,0.302424681979857,0.666666666666667,0.81,0.5,1,0.5,0,Inf,0.5
"4893",0.1405,2.65607266192467,0.838709677419355,0.366783390822999,0.827586206896552,0.93859649122807,1,0.736842105263158,0,0.263157894736842,3.8,0
"4894",0.5125,6.95024863644496,0.870967741935484,0.346607332408496,0.75,0.873737373737374,0.666666666666667,0.954545454545455,0.333333333333333,0.0454545454545454,14.6666666666667,0.349206349206349
"4895",0.3455,5.33720002873242,0.903225806451613,0.314444999870256,0.857142857142857,0.928571428571429,0.9,0.904761904761905,0.1,0.0952380952380952,9.45,0.110526315789474
"4896",0.1045,2.30311806001811,0.806451612903226,0.41398732930169,0.8125,0.863247863247863,1,0.666666666666667,0,0.333333333333333,3,0
"4897",0.1265,2.84471310226002,0.838709677419355,0.388723114586429,0.782608695652174,0.881818181818182,0.818181818181818,0.85,0.181818181818182,0.15,5.45454545454545,0.213903743315508
"4898",0.679,8.63116805675152,0.870967741935484,0.351871063446748,0.6,0.830357142857143,0.428571428571429,1,0.571428571428571,0,Inf,0.571428571428571
"4899",0.3205,4.62772084057665,0.903225806451613,0.317855993645209,0.8,0.946428571428571,0.857142857142857,0.916666666666667,0.142857142857143,0.0833333333333334,10.2857142857143,0.155844155844156
"4900",0.3315,6.34738555985505,0.838709677419355,0.408235831625435,0.761904761904762,0.835470085470085,0.615384615384615,1,0.384615384615385,0,Inf,0.384615384615385
"4901",0.1165,2.65369085683706,0.709677419354839,0.440291829069766,0.727272727272727,0.82051282051282,0.923076923076923,0.555555555555556,0.0769230769230769,0.444444444444444,2.07692307692308,0.138461538461538
"4902",0.2285,4.12996356109588,0.870967741935484,0.377061910730788,0.818181818181818,0.885714285714286,0.9,0.857142857142857,0.1,0.142857142857143,6.3,0.116666666666667
"4903",0.2525,3.87229579573202,0.903225806451613,0.309792280570132,0.823529411764706,0.946428571428571,1,0.875,0,0.125,8,0
"4904",0.092,2.25950329063675,0.806451612903226,0.427068084634784,0.785714285714286,0.846491228070175,0.916666666666667,0.736842105263158,0.0833333333333334,0.263157894736842,3.48333333333333,0.113095238095238
"4905",0.337,5.33609895954429,0.806451612903226,0.37584081128738,0.75,0.87719298245614,0.75,0.842105263157895,0.25,0.157894736842105,4.75,0.296875
"4906",0.437,6.36179121747898,0.935483870967742,0.282012892533419,0.833333333333333,0.916666666666667,0.714285714285714,1,0.285714285714286,0,Inf,0.285714285714286
"4907",0.748,9.54993739175073,0.935483870967742,0.295136713952189,0.833333333333333,0.964285714285714,0.714285714285714,1,0.285714285714286,0,Inf,0.285714285714286
"4908",0.1445,2.45757844942963,0.806451612903226,0.361080707836831,0.769230769230769,0.9,1,0.714285714285714,0,0.285714285714286,3.5,0
"4909",0.3005,4.71726177054773,0.806451612903226,0.368491657065223,0.666666666666667,0.804347826086957,0.75,0.826086956521739,0.25,0.173913043478261,4.3125,0.302631578947368
"4910",0.4545,7.23776510325788,0.870967741935484,0.372744723433723,0.75,0.85952380952381,0.6,1,0.4,0,Inf,0.4
"4911",0.3145,4.95255555731678,0.903225806451613,0.321438710684552,0.842105263157895,0.929292929292929,0.888888888888889,0.909090909090909,0.111111111111111,0.0909090909090909,9.77777777777777,0.122222222222222
"4912",0.0775,1.81611623589286,0.741935483870968,0.414919167420167,0.714285714285714,0.852380952380952,1,0.619047619047619,0,0.380952380952381,2.625,0
"4913",0.254,4.20582375085742,0.967741935483871,0.300406655230158,0.933333333333333,0.982142857142857,1,0.958333333333333,0,0.0416666666666666,24,0
"4914",0.569,6.94602885800955,0.838709677419355,0.376606360113584,0.736842105263158,0.871212121212121,0.777777777777778,0.863636363636364,0.222222222222222,0.136363636363636,5.7037037037037,0.257309941520468
"4915",0.191,4.15178345466685,0.838709677419355,0.403341497445601,0.761904761904762,0.881818181818182,0.727272727272727,0.9,0.272727272727273,0.1,7.27272727272727,0.303030303030303
"4916",0.236,4.20287273556099,0.903225806451613,0.332127319142097,0.769230769230769,0.895833333333333,0.714285714285714,0.958333333333333,0.285714285714286,0.0416666666666666,17.1428571428572,0.298136645962733
"4917",0.486,6.95275632593718,0.903225806451613,0.313411842972235,0.769230769230769,0.861413043478261,0.625,1,0.375,0,Inf,0.375
"4918",0.136,2.29672347498027,0.806451612903226,0.33853197735453,0.7,0.892857142857143,1,0.75,0,0.25,4,0
"4919",0.466,6.94998737726761,0.870967741935484,0.326221872248958,0.75,0.858585858585859,0.666666666666667,0.954545454545455,0.333333333333333,0.0454545454545454,14.6666666666667,0.349206349206349
"4920",0.079,1.7790930003267,0.645161290322581,0.43439406927518,0.685714285714286,0.782894736842105,1,0.421052631578947,0,0.578947368421053,1.72727272727273,0
"4921",0.137,2.26024224194806,0.774193548387097,0.353892777176793,0.695652173913043,0.894021739130435,1,0.695652173913043,0,0.304347826086957,3.28571428571429,0
"4922",0.753,8.28743005733335,0.870967741935484,0.361306829735249,0.75,0.902173913043478,0.75,0.91304347826087,0.25,0.0869565217391305,8.62499999999999,0.273809523809524
"4923",0.628,8.54961140752253,0.935483870967742,0.282859209466471,0.833333333333333,0.892857142857143,0.714285714285714,1,0.285714285714286,0,Inf,0.285714285714286
"4924",0.725,7.69906591394776,0.838709677419355,0.422455996668941,0.736842105263158,0.804761904761905,0.7,0.904761904761905,0.3,0.0952380952380952,7.35,0.331578947368421
"4925",0.226,4.12446460728227,0.870967741935484,0.34776683284098,0.833333333333333,0.881818181818182,0.909090909090909,0.85,0.0909090909090909,0.15,6.06060606060606,0.106951871657754
"4926",0.1215,2.64045295224589,0.838709677419355,0.392453527939562,0.838709677419355,0.894957983193277,0.928571428571429,0.764705882352941,0.0714285714285714,0.235294117647059,3.94642857142857,0.0934065934065934
"4927",0.161,2.85200364345109,0.870967741935484,0.340164645218762,0.818181818181818,0.914285714285714,0.9,0.857142857142857,0.1,0.142857142857143,6.3,0.116666666666667
"4928",0.328,4.61878204267758,0.935483870967742,0.274836503145139,0.857142857142857,0.966666666666667,1,0.92,0,0.08,12.5,0
"4929",0.1075,2.41658752449309,0.774193548387097,0.415335938474173,0.72,0.831818181818182,0.818181818181818,0.75,0.181818181818182,0.25,3.27272727272727,0.242424242424242
"4930",0.312,5.02195727310104,0.870967741935484,0.328050219854649,0.833333333333333,0.925,0.909090909090909,0.85,0.0909090909090909,0.15,6.06060606060606,0.106951871657754
"4931",0.399,5.49184191989611,0.838709677419355,0.363300849550098,0.666666666666667,0.869047619047619,0.714285714285714,0.875,0.285714285714286,0.125,5.71428571428571,0.326530612244898
"4932",0.57,7.24731241079218,0.870967741935484,0.330642631492197,0.75,0.910326086956522,0.75,0.91304347826087,0.25,0.0869565217391305,8.62499999999999,0.273809523809524
"4933",0.245,4.15308707685664,0.806451612903226,0.400040331408135,0.666666666666667,0.842391304347826,0.75,0.826086956521739,0.25,0.173913043478261,4.3125,0.302631578947368
"4934",0.049,1.83220259912138,0.741935483870968,0.521860040359627,0.733333333333333,0.779545454545455,1,0.6,0,0.4,2.5,0
"4935",0.273,4.6367580089875,0.838709677419355,0.372120485295628,0.761904761904762,0.880952380952381,0.8,0.857142857142857,0.2,0.142857142857143,5.6,0.233333333333333
"4936",0.2505,4.42767780796523,0.838709677419355,0.371066041526486,0.705882352941177,0.873737373737374,0.666666666666667,0.909090909090909,0.333333333333333,0.0909090909090909,7.33333333333333,0.366666666666667
"4937",0.613,7.8275582580221,0.870967741935484,0.337048968817694,0.75,0.886363636363636,0.666666666666667,0.954545454545455,0.333333333333333,0.0454545454545454,14.6666666666667,0.349206349206349
"4938",0.217,3.91799202979443,0.870967741935484,0.351062728544065,0.8,0.902380952380952,0.8,0.904761904761905,0.2,0.0952380952380952,8.4,0.221052631578947
"4939",0.221,4.1259974834673,0.935483870967742,0.347412077233462,0.909090909090909,0.959090909090909,0.909090909090909,0.95,0.0909090909090909,0.05,18.1818181818182,0.0956937799043063
"4940",0.2215,3.60216454668036,0.903225806451613,0.307327372582066,0.857142857142857,0.944444444444444,1,0.863636363636364,0,0.136363636363636,7.33333333333333,0
"4941",0.4455,6.62169404655923,0.806451612903226,0.391139625084485,0.666666666666667,0.768181818181818,0.545454545454545,0.95,0.454545454545455,0.05,10.9090909090909,0.478468899521531
"4942",0.3555,5.55004818368784,0.935483870967742,0.275738986398718,0.888888888888889,0.974747474747475,0.888888888888889,0.954545454545455,0.111111111111111,0.0454545454545454,19.5555555555556,0.116402116402116
"4943",0.2425,4.15585717288673,0.903225806451613,0.336125773020554,0.842105263157895,0.909090909090909,0.888888888888889,0.909090909090909,0.111111111111111,0.0909090909090909,9.77777777777777,0.122222222222222
"4944",0.1465,2.87418919957789,0.774193548387097,0.3883061873949,0.72,0.815909090909091,0.818181818181818,0.75,0.181818181818182,0.25,3.27272727272727,0.242424242424242
"4945",0.592,7.96114969284804,0.903225806451613,0.300476928972117,0.769230769230769,0.919642857142857,0.714285714285714,0.958333333333333,0.285714285714286,0.0416666666666666,17.1428571428572,0.298136645962733
"4946",0.4055,6.65569190937951,0.870967741935484,0.366709839231499,0.777777777777778,0.834090909090909,0.636363636363636,1,0.363636363636364,0,Inf,0.363636363636364
"4947",0.227,4.15229695441882,0.870967741935484,0.352918158513225,0.777777777777778,0.893939393939394,0.777777777777778,0.909090909090909,0.222222222222222,0.0909090909090909,8.55555555555555,0.244444444444444
"4948",0.281,4.62770256970877,0.903225806451613,0.317174823841381,0.869565217391304,0.947619047619048,1,0.857142857142857,0,0.142857142857143,7,0
"4949",0.3315,5.554666021771,0.870967741935484,0.34070465362948,0.75,0.898989898989899,0.666666666666667,0.954545454545455,0.333333333333333,0.0454545454545454,14.6666666666667,0.349206349206349
"4950",0.094,2.30549237986633,0.774193548387097,0.448817627969433,0.740740740740741,0.834090909090909,0.909090909090909,0.7,0.0909090909090909,0.3,3.03030303030303,0.12987012987013
"4951",0.5795,7.64329669618117,0.870967741935484,0.371088464591195,0.666666666666667,0.8125,0.5,1,0.5,0,Inf,0.5
"4952",0.234,4.20423992157542,0.870967741935484,0.376813645033844,0.75,0.83695652173913,0.75,0.91304347826087,0.25,0.0869565217391305,8.62499999999999,0.273809523809524
"4953",0.2185,4.1825891905207,0.870967741935484,0.376875739552896,0.857142857142857,0.893162393162393,0.923076923076923,0.833333333333333,0.0769230769230769,0.166666666666667,5.53846153846154,0.0923076923076922
"4954",0.9575,10.3798835855461,0.935483870967742,0.417441222494854,0.8,0.823076923076923,0.8,0.961538461538462,0.2,0.0384615384615384,20.8,0.208
"4955",0.2855,4.63361720674056,0.838709677419355,0.348372995826095,0.8,0.909090909090909,0.909090909090909,0.8,0.0909090909090909,0.2,4.54545454545455,0.113636363636364
"4956",0.2945,5.03015807365035,0.935483870967742,0.31509857559962,0.857142857142857,0.929347826086957,0.75,1,0.25,0,Inf,0.25
"4957",0.2135,3.92065035161206,0.870967741935484,0.362619726592702,0.833333333333333,0.913636363636364,0.909090909090909,0.85,0.0909090909090909,0.15,6.06060606060606,0.106951871657754
"4958",0.462,6.64791370346449,0.935483870967742,0.264902446895856,0.875,0.951086956521739,0.875,0.956521739130435,0.125,0.0434782608695652,20.125,0.130681818181818
"4959",0.327,4.9594372184971,0.870967741935484,0.343253454778755,0.833333333333333,0.904545454545455,0.909090909090909,0.85,0.0909090909090909,0.15,6.06060606060606,0.106951871657754
"4960",0.7255,8.85341158451653,0.903225806451613,0.330510081366564,0.8,0.91304347826087,0.75,0.956521739130435,0.25,0.0434782608695652,17.25,0.261363636363636
"4961",0.149,2.87203106500424,0.870967741935484,0.356757767678441,0.857142857142857,0.905982905982906,0.923076923076923,0.833333333333333,0.0769230769230769,0.166666666666667,5.53846153846154,0.0923076923076922
"4962",0.3675,5.55547914203186,0.806451612903226,0.377820342867435,0.666666666666667,0.820707070707071,0.666666666666667,0.863636363636364,0.333333333333333,0.136363636363636,4.88888888888889,0.385964912280702
"4963",0.2315,4.33274442465932,0.838709677419355,0.365576710063281,0.666666666666667,0.845108695652174,0.625,0.91304347826087,0.375,0.0869565217391305,7.1875,0.410714285714286
"4964",0.311,4.95223780699976,0.838709677419355,0.345945731843538,0.705882352941177,0.888586956521739,0.75,0.869565217391304,0.25,0.130434782608696,5.75,0.2875
"4965",0.1295,2.60217012677774,0.806451612903226,0.396074532309488,0.8125,0.857142857142857,0.928571428571429,0.705882352941177,0.0714285714285714,0.294117647058823,3.15714285714286,0.101190476190476
"4966",0.2135,4.15444680274777,0.870967741935484,0.367940228088238,0.8,0.880952380952381,0.8,0.904761904761905,0.2,0.0952380952380952,8.4,0.221052631578947
"4967",0.3125,3.92331127960661,0.806451612903226,0.38679958525469,0.625,0.907692307692308,1,0.769230769230769,0,0.230769230769231,4.33333333333333,0
"4968",0.1185,2.88034091406406,0.741935483870968,0.439236569518227,0.636363636363636,0.780952380952381,0.7,0.761904761904762,0.3,0.238095238095238,2.94,0.39375
"4969",0.206,4.17161330656598,0.806451612903226,0.43689782651958,0.666666666666667,0.823232323232323,0.666666666666667,0.863636363636364,0.333333333333333,0.136363636363636,4.88888888888889,0.385964912280702
"4970",0.5075,6.49637547280854,0.935483870967742,0.292032012004107,0.75,0.935185185185185,0.75,0.962962962962963,0.25,0.0370370370370371,20.25,0.259615384615385
"4971",0.152,2.85558865887696,0.903225806451613,0.349843088533035,0.869565217391304,0.945454545454545,0.909090909090909,0.9,0.0909090909090909,0.1,9.09090909090909,0.101010101010101
"4972",0.203,4.18407131378925,0.903225806451613,0.37724831042564,0.842105263157895,0.914285714285714,0.8,0.952380952380952,0.2,0.0476190476190477,16.8,0.21
"4973",0.205,4.18711910909514,0.870967741935484,0.389819410907381,0.857142857142857,0.914529914529915,0.923076923076923,0.833333333333333,0.0769230769230769,0.166666666666667,5.53846153846154,0.0923076923076922
"4974",0.4745,6.75595226448077,0.935483870967742,0.282202266909475,0.75,0.907692307692308,0.6,1,0.4,0,Inf,0.4
"4975",0.3765,5.33983241889167,0.838709677419355,0.38574921713309,0.761904761904762,0.880952380952381,0.8,0.857142857142857,0.2,0.142857142857143,5.6,0.233333333333333
"4976",0.6005,7.69890104770839,0.903225806451613,0.318670791343414,0.823529411764706,0.929292929292929,0.777777777777778,0.954545454545455,0.222222222222222,0.0454545454545454,17.1111111111111,0.232804232804233
"4977",0.125,2.25774050011123,0.774193548387097,0.361650408876927,0.72,0.901515151515151,1,0.681818181818182,0,0.318181818181818,3.14285714285714,0
"4978",0.154,2.85501456454068,0.806451612903226,0.416747203083056,0.666666666666667,0.848214285714286,0.857142857142857,0.791666666666667,0.142857142857143,0.208333333333333,4.11428571428571,0.180451127819549
"4979",0.094,1.91138193742685,0.741935483870968,0.435596529978765,0.75,0.848684210526316,1,0.578947368421053,0,0.421052631578947,2.375,0
"4980",0.2655,4.20448910761994,0.806451612903226,0.348115274138367,0.75,0.9,0.9,0.761904761904762,0.1,0.238095238095238,3.78,0.13125
"4981",0.222,4.14760694008127,0.903225806451613,0.349411989689461,0.842105263157895,0.880952380952381,0.8,0.952380952380952,0.2,0.0476190476190477,16.8,0.21
"4982",0.2665,4.12811905383711,0.806451612903226,0.368003849839549,0.666666666666667,0.857142857142857,0.857142857142857,0.791666666666667,0.142857142857143,0.208333333333333,4.11428571428571,0.180451127819549
"4983",0.228,3.92155051045954,0.806451612903226,0.384252582956581,0.727272727272727,0.80952380952381,0.8,0.80952380952381,0.2,0.19047619047619,4.2,0.247058823529412
"4984",0.3185,4.62337009927125,0.806451612903226,0.324628949289284,0.625,0.87,0.833333333333333,0.8,0.166666666666667,0.2,4.16666666666667,0.208333333333333
"4985",0.779,9.55245120913504,0.903225806451613,0.345909258055377,0.8,0.904040404040404,0.666666666666667,1,0.333333333333333,0,Inf,0.333333333333333
"4986",0.245,4.12829307081699,0.870967741935484,0.344314420623625,0.8,0.898989898989899,0.888888888888889,0.863636363636364,0.111111111111111,0.136363636363636,6.51851851851852,0.128654970760234
"4987",0.196,4.1477817666463,0.903225806451613,0.390158415523671,0.842105263157895,0.921428571428571,0.8,0.952380952380952,0.2,0.0476190476190477,16.8,0.21
"4988",0.121,2.65339651680602,0.806451612903226,0.433681800503305,0.75,0.795238095238095,0.9,0.761904761904762,0.1,0.238095238095238,3.78,0.13125
"4989",0.261,5.02937953691011,0.838709677419355,0.391055944799896,0.814814814814815,0.888655462184874,0.785714285714286,0.882352941176471,0.214285714285714,0.117647058823529,6.67857142857143,0.242857142857143
"4990",0.1305,2.75358982743065,0.870967741935484,0.383660128899569,0.818181818181818,0.885714285714286,0.9,0.857142857142857,0.1,0.142857142857143,6.3,0.116666666666667
"4991",0.263,5.0253848334414,0.806451612903226,0.421436442079484,0.75,0.792735042735043,0.692307692307692,0.888888888888889,0.307692307692308,0.111111111111111,6.23076923076923,0.346153846153846
"4992",0.6165,7.60446193468636,0.838709677419355,0.384094196484643,0.666666666666667,0.810606060606061,0.555555555555556,0.954545454545455,0.444444444444444,0.0454545454545454,12.2222222222222,0.465608465608466
"4993",0.6425,8.64146051008035,0.870967741935484,0.353860035924345,0.75,0.89047619047619,0.6,1,0.4,0,Inf,0.4
"4994",0.58,8.64416260155678,0.870967741935484,0.346130875314115,0.818181818181818,0.905982905982906,0.692307692307692,1,0.307692307692308,0,Inf,0.307692307692308
"4995",0.494,6.80154148134912,0.903225806451613,0.310531790536473,0.8,0.864130434782609,0.75,0.956521739130435,0.25,0.0434782608695652,17.25,0.261363636363636
"4996",0.1195,1.99443157941615,0.774193548387097,0.332257526683292,0.695652173913043,0.888586956521739,1,0.695652173913043,0,0.304347826086957,3.28571428571429,0
"4997",0.298,5.02926089405154,0.870967741935484,0.344903932002614,0.75,0.838383838383838,0.666666666666667,0.954545454545455,0.333333333333333,0.0454545454545454,14.6666666666667,0.349206349206349
"4998",0.355,4.95096734540842,0.838709677419355,0.368594349755477,0.615384615384615,0.766666666666667,0.666666666666667,0.88,0.333333333333333,0.12,5.55555555555556,0.378787878787879
"4999",0.252,3.91515358195293,0.870967741935484,0.344618431495468,0.8,0.918478260869565,1,0.826086956521739,0,0.173913043478261,5.75,0
"5000",0.615,7.24474082625863,0.870967741935484,0.366189942446308,0.6,0.838461538461538,0.6,0.923076923076923,0.4,0.0769230769230769,7.80000000000001,0.433333333333333
